Name,Number of Babies,Rank
Matthew,360,1
Jack,349,2
Ryan,287,3
Adam,272,4
James,263,5
Joshua,238,6
Conor,211,7
Ben,200,8
Dylan,186,9
Daniel,173,10
Ethan,170,11
Thomas,164,12
Michael,152,13
Aaron,150,14
Nathan,149,15
Jamie,139,16
Luke,139,16
Sean,135,18
Andrew,120,19
Patrick,117,20
David,116,21
Benjamin,113,22
John,109,23
Mark,102,24
Callum,101,25
Peter,101,25
Christopher,97,27
Cameron,95,28
Oisin,93,29
William,91,30
Eoin,90,31
Jordan,89,32
Lewis,85,33
Jake,82,34
Joseph,82,34
Samuel,80,36
Niall,79,37
Shea,79,37
Kyle,77,39
Jonathan,76,40
Harry,74,41
Ross,74,41
Shane,74,41
Caolan,72,44
Ciaran,71,45
Connor,67,46
Scott,66,47
Ronan,59,48
Paul,58,49
Robert,57,50
Owen,55,51
Jason,54,52
Lee,54,52
Josh,53,54
Liam,53,54
Odhran,53,54
Stephen,53,54
Aidan,51,58
Oran,49,59
Alexander,48,60
Joel,47,61
Rory,47,61
Reece,46,63
Darragh,45,64
Ruairi,44,65
Rhys,43,66
Jay,42,67
Oliver,42,67
Eoghan,41,69
Tiernan,41,69
Curtis,40,71
Dean,40,71
Sam,40,71
Alex,39,74
Corey,38,75
Declan,38,75
Padraig,38,75
Tiarnan,38,75
Bradley,37,79
Brian,37,79
Tyler,37,79
Gary,33,82
Bailey,31,83
Brandon,30,84
Daire,30,84
Calum,29,86
Cormac,29,86
Jacob,29,86
Kevin,29,86
Anthony,28,90
Charlie,28,90
Aodhan,27,92
Craig,27,92
Jude,27,92
Tom,26,95
Conall,25,96
Gareth,25,96
Philip,25,96
Shay,25,96
Brendan,24,100
Martin,24,100
Max,24,100
Caleb,23,103
Gerard,23,103
Justin,23,103
Marc,23,103
Pearse,23,103
Stuart,23,103
Caoimhin,22,109
Cian,22,109
Ewan,22,109
Lorcan,22,109
Marcus,22,109
Richard,22,109
Steven,22,109
George,21,116
Kieran,21,116
Louis,21,116
Reuben,21,116
Taylor,21,116
Micheal,20,121
Timothy,20,121
Charles,19,123
Darren,19,123
Carter,18,125
Dara,18,125
Joe,18,125
Morgan,18,125
Tomas,18,125
Cathal,17,130
Edward,17,130
Fionn,17,130
Evan,16,133
Leo,16,133
Leon,16,133
Calvin,15,136
Conal,15,136
Finn,15,136
Gavin,15,136
Keelan,15,136
Karl,14,141
Robbie,14,141
Glenn,13,143
Henry,13,143
Isaac,13,143
Nicholas,13,143
Rian,13,143
Seamus,13,143
Colin,12,149
Finlay,12,149
Cole,11,151
Euan,11,151
Francis,11,151
Kurtis,11,151
Shaun,11,151
Barry,10,156
Christian,10,156
Colm,10,156
Conan,10,156
Darryl,10,156
Dillon,10,156
Enda,10,156
Kai,10,156
Logan,10,156
Toby,10,156
Zak,10,156
Alan,9,167
Caelan,9,167
Fergal,9,167
Fionntan,9,167
Hugh,9,167
Troy,9,167
Vincent,9,167
Zach,9,167
Damien,8,175
Danny,8,175
Dominic,8,175
Eamon,8,175
Harvey,8,175
Jackson,8,175
Kian,8,175
Mason,8,175
Stewart,8,175
Anton,7,184
Blake,7,184
Carson,7,184
Cody,7,184
Dale,7,184
Deaglan,7,184
Diarmuid,7,184
Donal,7,184
Eamonn,7,184
Emmet,7,184
Fintan,7,184
Ian,7,184
Kane,7,184
Lennon,7,184
Lucas,7,184
Neil,7,184
Riley,7,184
Sebastian,7,184
Zachary,7,184
Angus,6,203
Brooklyn,6,203
Cahir,6,203
Cain,6,203
Dan,6,203
Emmett,6,203
Eunan,6,203
Gregory,6,203
Jonathon,6,203
Luca,6,203
Maurice,6,203
Noah,6,203
Phillip,6,203
Pierce,6,203
Simon,6,203
Travis,6,203
Zack,6,203
Ahmed,5,220
Archie,5,220
Arran,5,220
Ashley,5,220
Bryan,5,220
Cathair,5,220
Conchor,5,220
Damian,5,220
Daryl,5,220
Fearghal,5,220
Hugo,5,220
Jerome,5,220
Mathew,5,220
Noel,5,220
Omar,5,220
Oscar,5,220
Raymond,5,220
Robin,5,220
Tony,5,220
Tristan,5,220
Zac,5,220
Aiden,4,241
Ali,4,241
Aran,4,241
Bobby,4,241
Brett,4,241
Chad,4,241
Ciaron,4,241
Cillian,4,241
Conleth,4,241
Daragh,4,241
Deon,4,241
Dermot,4,241
Dillan,4,241
Eli,4,241
Elliott,4,241
Eugene,4,241
Fiachra,4,241
Gabriel,4,241
Glen,4,241
Graham,4,241
Harrison,4,241
Jamie-Lee,4,241
Kealan,4,241
Kirk,4,241
Korben,4,241
Kurt,4,241
Luis,4,241
Malachy,4,241
Manus,4,241
Maximilian,4,241
Nathaniel,4,241
Pauric,4,241
Piaras,4,241
Rowan,4,241
Ruaidhri,4,241
Ruari,4,241
Saul,4,241
Trevor,4,241
Will,4,241
Alistair,3,280
Benn,3,280
Bernard,3,280
Billy,3,280
Brad,3,280
Brogan,3,280
Cal,3,280
Caoilte,3,280
Clarke,3,280
Dane,3,280
Denis,3,280
Denver,3,280
Dion,3,280
Drew,3,280
Eddie,3,280
Feidhlim,3,280
Fergus,3,280
Finbar,3,280
Garry,3,280
Jarlath,3,280
Jed,3,280
Johnathan,3,280
Josef,3,280
Kain,3,280
Keelin,3,280
Keith,3,280
Kelan,3,280
Kelvin,3,280
Kristian,3,280
Lawrence,3,280
Leighton,3,280
Louie,3,280
Luc,3,280
Mackenzie,3,280
Mitchell,3,280
Orrin,3,280
Padhraig,3,280
Peadar,3,280
Roan,3,280
Rohan,3,280
Stefan,3,280
Steve,3,280
Tim,3,280
Tyrone,3,280
Ultan,3,280
Warren,3,280
,,
