Name,Number of Babies,Rank
Jack,312,1
Matthew,280,2
Ryan,269,3
James,256,4
Daniel,225,5
Adam,216,6
Joshua,207,7
Callum,198,8
Ben,192,9
Ethan,184,10
Jamie,170,11
Conor,169,12
Luke,165,13
Thomas,165,13
Dylan,164,15
Sean,153,16
Michael,137,17
Aaron,131,18
Jake,125,19
Charlie,116,20
Calum,115,21
Harry,111,22
Lewis,104,23
Eoin,103,24
Patrick,103,24
Nathan,102,26
Shea,99,27
David,97,28
Oisin,95,29
Andrew,93,30
John,93,30
Joseph,93,30
Benjamin,92,33
William,92,33
Rory,81,35
Samuel,80,36
Corey,78,37
Reece,77,38
Odhran,76,39
Rhys,74,40
Ronan,74,40
Cameron,73,42
Christopher,73,42
Peter,72,44
Sam,70,45
Mark,69,46
Noah,67,47
Caolan,66,48
Scott,64,49
Darragh,62,50
Jay,62,50
Joel,62,50
Oliver,60,53
Kyle,58,54
Owen,56,55
Aidan,55,56
Carter,55,56
Tiernan,55,56
Ciaran,54,59
Jude,54,59
Jacob,53,61
Shane,53,61
Jonathan,52,63
Niall,52,63
Alex,51,65
Cormac,51,65
Alexander,50,67
Connor,50,67
Liam,50,67
Max,49,70
Oran,45,71
Paul,45,71
Ruairi,44,73
Robert,43,74
Tyler,43,74
Bradley,42,76
Josh,42,76
Caleb,40,78
Harvey,40,78
Lorcan,39,80
Stephen,38,81
Tom,38,81
Lee,37,83
Logan,37,83
Eoghan,35,85
Ross,35,85
Finn,34,87
Reuben,34,87
Tiarnan,33,89
Anthony,32,90
Bailey,32,90
Taylor,32,90
Fionn,31,93
Leo,31,93
Aodhan,30,95
Conall,30,95
Brandon,29,97
Jason,29,97
Padraig,29,97
Charles,28,100
Daire,28,100
Gerard,28,100
Kevin,28,100
Dara,27,104
Isaac,27,104
Caoimhin,26,106
Curtis,26,106
Euan,26,106
Ewan,26,106
Cillian,25,110
Pearse,25,110
Shay,25,110
Justin,24,113
Lucas,24,113
Steven,24,113
Ashton,23,116
Cian,23,116
Declan,23,116
George,23,116
Evan,22,120
Louis,22,120
Luca,22,120
Robbie,22,120
Alfie,21,124
Blake,21,124
Conan,21,124
Dean,21,124
Gareth,21,124
Gavin,21,124
Toby,21,124
Cody,19,131
Jordan,19,131
Kian,19,131
Leon,19,131
Marcus,19,131
Martin,19,131
Cathal,18,137
Christian,18,137
Darren,18,137
Edward,18,137
Jonah,18,137
Kai,18,137
Tristan,18,137
Conal,17,144
Archie,16,145
Brendan,16,145
Cole,16,145
Riley,16,145
Zach,16,145
Zachary,16,145
Zak,16,145
Bobby,15,152
Donal,15,152
Mason,15,152
Micheal,15,152
Philip,15,152
Finlay,14,157
Gary,14,157
Jayden,14,157
Kenzie,14,157
Kieran,14,157
Zack,14,157
Dillon,13,163
Fintan,13,163
Seamus,13,163
Shayne,13,163
Barry,12,167
Carson,12,167
Craig,12,167
Eamon,12,167
Francis,12,167
Harrison,12,167
Henry,12,167
Karl,12,167
Keelan,12,167
Kristian,12,167
Preston,12,167
Tomas,12,167
Troy,12,167
Brian,11,180
Calvin,11,180
Diarmuid,11,180
Harley,11,180
Marc,11,180
Oscar,11,180
Rian,11,180
Richard,11,180
Billy,10,188
Brooklyn,10,188
Danny,10,188
Gabriel,10,188
Jackson,10,188
Joe,10,188
Morgan,10,188
Nathaniel,10,188
Pierce,10,188
Rio,10,188
Timothy,10,188
Alan,9,199
Cahir,9,199
Conn,9,199
Cory,9,199
Elijah,9,199
Enda,9,199
Killian,9,199
Neil,9,199
Adrian,8,207
Casey,8,207
Emmet,8,207
Emmett,8,207
Fiontan,8,207
Hayden,8,207
Kurtis,8,207
Mackenzie,8,207
Malachy,8,207
Mckenzie,8,207
Saul,8,207
Senan,8,207
Seth,8,207
Stewart,8,207
Stuart,8,207
Travis,8,207
Anton,7,223
Bryn,7,223
Caelan,7,223
Cohen,7,223
Colm,7,223
Dominic,7,223
Frank,7,223
Glenn,7,223
Lukas,7,223
Nicholas,7,223
Rossa,7,223
Ruben,7,223
Se,7,223
Simon,7,223
Tobias,7,223
Carl,6,238
Cathair,6,238
Che,6,238
Daithi,6,238
Damian,6,238
Daryl,6,238
Dominik,6,238
Elliot,6,238
Freddie,6,238
Hugh,6,238
Kelan,6,238
Luis,6,238
Luka,6,238
Patryk,6,238
Pauric,6,238
Rowan,6,238
Shaun,6,238
Tony,6,238
Will,6,238
Ajay,5,257
Alec,5,257
Brogan,5,257
Cal,5,257
Charley,5,257
Colin,5,257
Deaglan,5,257
Eamonn,5,257
Eli,5,257
Eugene,5,257
Felix,5,257
Frankie,5,257
Glen,5,257
Jakub,5,257
Jenson,5,257
Johnny,5,257
Kacper,5,257
Laurence,5,257
Lochlann,5,257
Mitchell,5,257
Piaras,5,257
Robin,5,257
Sonny,5,257
Ty,5,257
Vincent,5,257
Aiden,4,282
Angus,4,282
Aodan,4,282
Aron,4,282
Bailie,4,282
Benedict,4,282
Bernard,4,282
Brodie,4,282
Caden,4,282
Cahal,4,282
Callan,4,282
Caolin,4,282
Cathaoir,4,282
Clarke,4,282
Conrad,4,282
Cooper,4,282
Darach,4,282
Daragh,4,282
Darryl,4,282
Dawson,4,282
Devon,4,282
Donncha,4,282
Elliott,4,282
Ellis,4,282
Eunan,4,282
Faolan,4,282
Fergal,4,282
Fergus,4,282
Flynn,4,282
Fraser,4,282
Frazer,4,282
Ian,4,282
Jia,4,282
Jimmy,4,282
Johnathan,4,282
Keith,4,282
Kelvin,4,282
Kiernan,4,282
Lennon,4,282
Levi,4,282
Louie,4,282
Mathew,4,282
Matt,4,282
Micah,4,282
Mohammed,4,282
Myles,4,282
Naoise,4,282
Noel,4,282
Peadar,4,282
Pearce,4,282
Pol,4,282
Roan,4,282
Rohan,4,282
Rudi,4,282
Sebastian,4,282
Stanley,4,282
Theo,4,282
Tighearnan,4,282
Zac,4,282
Alistair,3,341
Ashley,3,341
Austin,3,341
Barra,3,341
Blaine,3,341
Brady,3,341
Brody,3,341
Bryan,3,341
Byron,3,341
Caiden,3,341
Cailean,3,341
Cain,3,341
Caomhan,3,341
Cathan,3,341
Cayden,3,341
Ciarnan,3,341
Codie,3,341
Colby,3,341
Conaire,3,341
Cori,3,341
Criostoir,3,341
Damien,3,341
Dominykas,3,341
Donnchadh,3,341
Drew,3,341
Edmund,3,341
Eoghain,3,341
Eric,3,341
Fiachra,3,341
Finbar,3,341
Finley,3,341
Fionntan,3,341
Fynn,3,341
Gearoid,3,341
Grant,3,341
Ieuan,3,341
Jak,3,341
Jarlath,3,341
Joey,3,341
Johnnie,3,341
Jose,3,341
Kane,3,341
Kris,3,341
Leighton,3,341
Lincoln,3,341
Manus,3,341
Matas,3,341
Mateusz,3,341
Muhammad,3,341
Nikita,3,341
Omar,3,341
Ordhan,3,341
Padhraic,3,341
Pascal,3,341
Piotr,3,341
Quinn,3,341
Ralph,3,341
Raymond,3,341
Reese,3,341
Reilly,3,341
Riain,3,341
Ronin,3,341
Sean-paul,3,341
Spencer,3,341
Tadhg,3,341
Terence,3,341
Terry,3,341
Ultan,3,341
Wiktor,3,341
Zachariah,3,341
