Name,Number of Babies,Rank
Jack,349,1
Matthew,290,2
Daniel,268,3
James,266,4
Ryan,245,5
Adam,200,6
Charlie,178,7
Ethan,178,7
Thomas,174,9
Jamie,163,10
Dylan,162,11
Harry,162,11
Conor,161,13
Aaron,142,14
Callum,138,15
Joshua,135,16
Oliver,135,16
Sean,131,18
Ben,125,19
Luke,118,20
Jake,116,21
Michael,116,21
Lucas,114,23
Eoin,112,24
Nathan,108,25
Shea,108,25
Lewis,107,27
Oisin,102,28
Patrick,102,28
Noah,101,30
Alex,97,31
John,91,32
Jay,88,33
Rhys,88,33
Samuel,87,35
Ronan,86,36
Liam,80,37
Jayden,79,38
Joseph,79,38
William,75,40
Alexander,74,41
Darragh,72,42
Rory,71,43
David,70,44
Corey,69,45
Alfie,68,46
Jude,68,46
Eoghan,65,48
Benjamin,64,49
Cameron,64,49
Caleb,63,51
Jacob,63,51
Max,63,51
Andrew,62,54
Joel,62,54
Tyler,62,54
Aidan,61,57
Finn,61,57
Josh,60,59
Christopher,57,60
Aodhan,56,61
Ciaran,55,62
Isaac,55,62
Kyle,54,64
Odhran,54,64
Riley,52,66
Reuben,51,67
Cormac,50,68
Logan,49,69
Sam,49,69
Carter,47,71
Peter,46,72
Ruairi,46,72
Caolan,45,74
Mark,45,74
Shane,44,76
Tiernan,44,76
Fionn,42,78
Leo,42,78
Reece,42,78
Ross,42,78
Connor,41,82
Cillian,40,83
Niall,39,84
Owen,39,84
Dara,38,86
Stephen,38,86
Oran,37,88
Cody,36,89
Scott,36,89
Leon,35,91
Oscar,35,91
Evan,34,93
Lorcan,34,93
Mason,34,93
Shay,34,93
Tom,34,93
Charles,33,98
Robert,33,98
Cian,32,100
Kevin,32,100
Daire,31,102
Harvey,31,102
Paul,31,102
Tomas,31,102
Curtis,30,106
Jonathan,30,106
Taylor,30,106
Blake,28,109
Calum,28,109
Dean,27,111
Zak,27,111
Finlay,26,113
Bobby,25,114
Gabriel,25,114
Zach,25,114
Bailey,24,117
Conall,24,117
Padraig,24,117
Zac,24,117
Daithi,23,121
Jason,23,121
Justin,23,121
Toby,23,121
Anthony,22,125
Archie,22,125
Ashton,22,125
Cahir,22,125
Cole,22,125
Jackson,22,125
Jakub,22,125
Lee,22,125
Alan,21,133
Kai,21,133
Ollie,21,133
Henry,20,136
Kacper,20,136
Micheal,20,136
Theo,20,136
Caoimhin,19,140
Cayden,19,140
Conan,19,140
Euan,19,140
Louis,19,140
Pearse,19,140
Robbie,19,140
Zack,19,140
Bradley,18,148
Brandon,18,148
Conal,18,148
Gerard,18,148
Danny,17,152
Declan,17,152
Filip,17,152
George,17,152
Jordan,17,152
Marcus,17,152
Rian,17,152
Caiden,16,159
Calvin,16,159
Carson,16,159
Edward,16,159
Harrison,16,159
Jonah,16,159
Kian,16,159
Martin,16,159
Cathal,15,167
Che,15,167
Fintan,15,167
Richard,15,167
Seth,15,167
Adrian,14,172
Darren,14,172
Francis,14,172
Freddie,14,172
Kayden,14,172
Kenzie,14,172
Killian,14,172
Luca,14,172
Philip,14,172
Sebastian,14,172
Austin,13,182
Brendan,13,182
Brian,13,182
Christian,13,182
Dillon,13,182
Elijah,13,182
Joe,13,182
Senan,13,182
Zachary,13,182
Gareth,12,191
Hugh,12,191
Kieran,12,191
Seamus,12,191
Simon,12,191
Tadhg,12,191
Tiarnan,12,191
Travis,12,191
Tristan,12,191
Brodie,11,200
Dale,11,200
Donal,11,200
Eli,11,200
Harley,11,200
Hayden,11,200
Junior,11,200
Keelan,11,200
Kristian,11,200
Patryk,11,200
Will,11,200
Brody,10,211
Casey,10,211
Dawid,10,211
Dominic,10,211
Ewan,10,211
Felix,10,211
Lukas,10,211
Mateusz,10,211
Micah,10,211
Nathaniel,10,211
Nicholas,10,211
Rowan,10,211
Ruben,10,211
Billy,9,224
Colm,9,224
Eunan,9,224
Gary,9,224
Marc,9,224
Oskar,9,224
Steven,9,224
Troy,9,224
Aiden,8,232
Cory,8,232
Dawson,8,232
Emmet,8,232
Jan,8,232
Kaiden,8,232
Malachy,8,232
Mckenzie,8,232
Morgan,8,232
Peadar,8,232
Rio,8,232
Rossa,8,232
Saul,8,232
Shaun,8,232
Stefan,8,232
Anton,7,247
Craig,7,247
Damian,7,247
Damien,7,247
Eamon,7,247
Fiachra,7,247
Fraser,7,247
Jesse,7,247
Joey,7,247
Johnny,7,247
Karl,7,247
Louie,7,247
Olivier,7,247
Stuart,7,247
Szymon,7,247
Alfred,6,262
Ali,6,262
Barry,6,262
Caden,6,262
Caidan,6,262
Cain,6,262
Clarke,6,262
Colin,6,262
Cooper,6,262
Daryl,6,262
Dominik,6,262
Elliot,6,262
Emmett,6,262
Eryk,6,262
Finley,6,262
Frederick,6,262
Ian,6,262
Igor,6,262
Jenson,6,262
Kajus,6,262
Kaleb,6,262
Malachi,6,262
Miceal,6,262
Michal,6,262
Milo,6,262
Myles,6,262
Preston,6,262
Roan,6,262
Roman,6,262
Tony,6,262
Wojciech,6,262
Antoni,5,293
Arthur,5,293
Cathaoir,5,293
Codie,5,293
Corbin,5,293
Cruz,5,293
Daragh,5,293
Devon,5,293
Diarmuid,5,293
Enda,5,293
Erikas,5,293
Fionntan,5,293
Flynn,5,293
Frank,5,293
Frankie,5,293
Frazer,5,293
Gavin,5,293
Jarlath,5,293
Kane,5,293
Kealan,5,293
Krzysztof,5,293
Lennon,5,293
Matas,5,293
Mikolaj,5,293
Milosz,5,293
Muhammad,5,293
Neil,5,293
Nikodem,5,293
Noel,5,293
Pauric,5,293
Phelim,5,293
Pol,5,293
Raymond,5,293
Timothy,5,293
Tobias,5,293
Tommy,5,293
Aleksander,4,329
Angus,4,329
Aron,4,329
Aston,4,329
Beau,4,329
Benas,4,329
Bernard,4,329
Brogan,4,329
Cadhan,4,329
Cal,4,329
Caodhan,4,329
Cathair,4,329
Charley,4,329
Cohen,4,329
Colby,4,329
Connla,4,329
Dan,4,329
Danyl,4,329
Dexter,4,329
Donncha,4,329
Eamonn,4,329
Eddie,4,329
Elliott,4,329
Ellis,4,329
Finnen,4,329
Graham,4,329
Hubert,4,329
Jaden,4,329
Jaxon,4,329
Jaydan,4,329
Jaydon,4,329
Jensen,4,329
Kalum,4,329
Kalvin,4,329
Kamil,4,329
Keegan,4,329
Kurtis,4,329
Levi,4,329
Lochlann,4,329
Luis,4,329
Luka,4,329
Macauley,4,329
Mackenzie,4,329
Maddox,4,329
Makenzie,4,329
Marcel,4,329
Markus,4,329
Maxwell,4,329
Orin,4,329
Paddy,4,329
Pearce,4,329
Piotr,4,329
Robin,4,329
Rohan,4,329
Ryley,4,329
Sonny,4,329
Spencer,4,329
Ultan,4,329
Vaughn,4,329
Wiktor,4,329
Zakk,4,329
Abel,3,390
Aedan,3,390
Alec,3,390
Antony,3,390
Arjun,3,390
Ashley,3,390
Barra,3,390
Bartosz,3,390
Blair,3,390
Brooklyn,3,390
Bryan,3,390
Caelan,3,390
Cai,3,390
Caidin,3,390
Carlos,3,390
Cathan,3,390
Chris,3,390
Christy,3,390
Cianan,3,390
Conn,3,390
Coran,3,390
Cuan,3,390
Dante,3,390
Darach,3,390
Darryl,3,390
Domas,3,390
Dominykas,3,390
Donnacha,3,390
Eoghain,3,390
Eric,3,390
Fergus,3,390
Gregory,3,390
Harris,3,390
Hugo,3,390
Iarlaith,3,390
Ibrahim,3,390
Johnathan,3,390
Jonas,3,390
Kade,3,390
Kallum,3,390
Koby,3,390
Krystian,3,390
Kyran,3,390
Lincoln,3,390
Maciej,3,390
Maison,3,390
Maksymilian,3,390
Marco,3,390
Matt,3,390
Matteo,3,390
Naoise,3,390
Nataniel,3,390
Neilas,3,390
Olly,3,390
Oskaras,3,390
Padraic,3,390
Paidi,3,390
Paolo,3,390
Phillip,3,390
Pierce,3,390
Podraig,3,390
Quinn,3,390
Raphael,3,390
Ray,3,390
Reilly,3,390
Rioghan,3,390
Rocco,3,390
Ruadhan,3,390
Rudy,3,390
Rylee,3,390
Se,3,390
Sean-paul,3,390
Shayne,3,390
Tarlach,3,390
Theodore,3,390
Turlough,3,390
Vincent,3,390
Wyatt,3,390
Zachariah,3,390
Zane,3,390
