Name,Number of Babies,Rank
Jack,305,1
James,284,2
Matthew,238,3
Ethan,235,4
Daniel,231,5
Harry,228,6
Ryan,210,7
Charlie,207,8
Conor,171,9
Adam,161,10
Thomas,160,11
Jamie,156,12
Noah,155,13
Jake,152,14
Oliver,143,15
Joshua,141,16
Alfie,140,17
Riley,139,18
Dylan,132,19
Luke,112,20
Michael,112,20
Jacob,111,22
Ben,106,23
Callum,104,24
Oisin,96,25
Max,94,26
Patrick,93,27
Sean,93,27
Aaron,91,29
Joseph,91,29
Lucas,87,31
Jayden,85,32
Eoin,83,33
William,80,34
Alex,77,35
Finn,77,35
Rory,77,35
John,76,38
Nathan,76,38
Caleb,75,40
Isaac,75,40
Samuel,74,42
Aidan,73,43
Caolan,72,44
Mason,72,44
Tyler,71,46
Jay,70,47
Darragh,69,48
David,69,48
Lewis,69,48
Logan,68,51
Benjamin,67,52
Ronan,67,52
Jude,63,54
Shea,62,55
Corey,61,56
Leo,61,56
Alexander,59,58
Liam,59,58
Odhran,58,60
Ollie,58,60
Peter,57,62
Sam,57,62
Cormac,53,64
Kyle,53,64
Cillian,52,66
Rhys,52,66
Fionn,51,68
Oscar,51,68
Andrew,48,70
Christopher,48,70
Joel,48,70
Reuben,48,70
Aodhan,47,74
Ciaran,47,74
Connor,47,74
Zach,46,77
Robert,45,78
Tom,45,78
Carter,44,80
Lorcan,44,80
Leon,42,82
Eoghan,41,83
Kai,40,84
Niall,40,84
Owen,39,86
Dara,38,87
Padraig,37,88
Tiernan,37,88
Cody,34,90
Daithi,34,90
Josh,34,90
Mark,34,90
Calum,33,94
Shane,33,94
Cian,32,96
Reece,32,96
Daire,31,98
Conan,30,99
Seth,30,99
Conall,29,101
Danny,29,101
Filip,29,101
Henry,29,101
Jonathan,29,101
Oran,29,101
Zachary,29,101
Evan,28,108
George,28,108
Jonah,28,108
Blake,26,111
Cameron,26,111
Jakub,26,111
Shay,26,111
Micheal,25,115
Ross,25,115
Senan,25,115
Anthony,24,118
Ashton,24,118
Brandon,24,118
Caoimhin,24,118
Jackson,24,118
Kian,24,118
Archie,23,124
Bobby,23,124
Charles,23,124
Elijah,23,124
Harvey,23,124
Kaiden,23,124
Kayden,23,124
Olly,22,131
Ruairi,22,131
Sebastian,22,131
Taylor,22,131
Edward,21,135
Luca,21,135
Scott,21,135
Zack,21,135
Cahir,20,139
Eli,20,139
Martin,20,139
Zak,20,139
Caiden,19,143
Kevin,19,143
Paul,19,143
Stephen,19,143
Theo,19,143
Zac,19,143
Aiden,18,149
Finlay,18,149
Harley,18,149
Jaxon,18,149
Tomas,18,149
Tommy,18,149
Alan,17,155
Bradley,17,155
Cathal,17,155
Gerard,17,155
Joe,17,155
Pearse,17,155
Bailey,16,161
Cole,16,161
Ewan,16,161
Gabriel,16,161
Harrison,16,161
Jenson,16,161
Toby,16,161
Brody,15,168
Cayden,15,168
Christian,15,168
Cohen,15,168
Freddie,15,168
Louis,15,168
Micah,15,168
Tiarnan,15,168
Will,15,168
Conal,14,177
Jason,14,177
Kacper,14,177
Lukas,14,177
Marcus,14,177
Robbie,14,177
Caden,13,183
Calvin,13,183
Carson,13,183
Dean,13,183
Travis,13,183
Brian,12,188
Cooper,12,188
Curtis,12,188
Brendan,11,191
Brodie,11,191
Dillon,11,191
Hugh,11,191
Jaden,11,191
Jai,11,191
Jarlath,11,191
Jordan,11,191
Killian,11,191
Lee,11,191
Levi,11,191
Michal,11,191
Steven,11,191
Brooklyn,10,204
Dominic,10,204
Flynn,10,204
Keelan,10,204
Kieran,10,204
Louie,10,204
Nathaniel,10,204
Rian,10,204
Rio,10,204
Rowan,10,204
Ryley,10,204
Timothy,10,204
Tristan,10,204
Troy,10,204
Caodhan,9,218
Declan,9,218
Donncha,9,218
Elliot,9,218
Elliott,9,218
Emmett,9,218
Enzo,9,218
Hayden,9,218
Junior,9,218
Marc,9,218
Milo,9,218
Philip,9,218
Sonny,9,218
Adrian,8,231
Arthur,8,231
Austin,8,231
Damian,8,231
Dan,8,231
Dawid,8,231
Denis,8,231
Fintan,8,231
Francis,8,231
Jesse,8,231
Johnny,8,231
Kaleb,8,231
Kenzie,8,231
Tobias,8,231
Bartosz,7,245
Che,7,245
Colin,7,245
Colm,7,245
Dawson,7,245
Donal,7,245
Donnacha,7,245
Fabian,7,245
Fionntan,7,245
Marcel,7,245
Matas,7,245
Myles,7,245
Neil,7,245
Patryk,7,245
Preston,7,245
Seamus,7,245
Aleksander,6,261
Anton,6,261
Barry,6,261
Brogan,6,261
Caelan,6,261
Cain,6,261
Casey,6,261
Cruz,6,261
Daragh,6,261
Darren,6,261
Dexter,6,261
Dominik,6,261
Drew,6,261
Eamonn,6,261
Eunan,6,261
Fiachra,6,261
Finley,6,261
Gavin,6,261
Jensen,6,261
Karl,6,261
Karol,6,261
Mikolaj,6,261
Nicolas,6,261
Oskar,6,261
Richard,6,261
Ruben,6,261
Stefan,6,261
Szymon,6,261
Warren,6,261
Zachariah,6,261
Albert,5,291
Antoni,5,291
Antonio,5,291
Bentley,5,291
Billy,5,291
Caidan,5,291
Ellis,5,291
Euan,5,291
Kobi,5,291
Korey,5,291
Kurtis,5,291
Lennon,5,291
Lochlann,5,291
Mackenzie,5,291
Maksymilian,5,291
Marley,5,291
Morgan,5,291
Peadar,5,291
Saul,5,291
Shaun,5,291
Alistair,4,311
Cadhan,4,311
Cael,4,311
Cathair,4,311
Cathaoir,4,311
Cianan,4,311
Clark,4,311
Coby,4,311
Cory,4,311
Craig,4,311
Deaglan,4,311
Dermot,4,311
Diarmuid,4,311
Dovydas,4,311
Emmet,4,311
Fergus,4,311
Frankie,4,311
Frederick,4,311
Gareth,4,311
Gerald,4,311
Hugo,4,311
Jac,4,311
Jaiden,4,311
John-james,4,311
Jonas,4,311
Justin,4,311
Kade,4,311
Kaden,4,311
Kain,4,311
Kealan,4,311
Kristian,4,311
Krystian,4,311
Ksawery,4,311
Kurt,4,311
Kylan,4,311
Leyton,4,311
Lochlainn,4,311
Luc,4,311
Mateusz,4,311
Mathew,4,311
Matt,4,311
Maximilian,4,311
Mckenzie,4,311
Miceal,4,311
Nicholas,4,311
Nikodem,4,311
Noel,4,311
Nojus,4,311
Olivier,4,311
Oliwier,4,311
Otis,4,311
Paddy,4,311
Parker,4,311
Pauric,4,311
Pearce,4,311
Piotr,4,311
Quinn,4,311
Regan,4,311
Rylan,4,311
Rylee,4,311
Shayne,4,311
Stuart,4,311
Theodore,4,311
Tony,4,311
Aden,3,375
Arlo,3,375
Armin,3,375
Artur,3,375
Bailie,3,375
Blair,3,375
Breandan,3,375
Bryson,3,375
Cahal,3,375
Charley,3,375
Christy,3,375
Codi,3,375
Codie,3,375
Conleth,3,375
Connall,3,375
Conrad,3,375
Cuan,3,375
Dale,3,375
Damien,3,375
Danielius,3,375
Darryl,3,375
Denzel,3,375
Eamon,3,375
Eimantas,3,375
Elias,3,375
Eolann,3,375
Eric,3,375
Erikas,3,375
Felix,3,375
Finian,3,375
Fionan,3,375
Fionnbharr,3,375
Frank,3,375
Fraser,3,375
Gearoid,3,375
Gustas,3,375
Harris,3,375
Hughie,3,375
Hunter,3,375
Issac,3,375
Ivo,3,375
Izaac,3,375
Jeremy,3,375
Joey,3,375
Jon,3,375
Joris,3,375
Josiah,3,375
Kajus,3,375
Kayne,3,375
Keenan,3,375
Kieron,3,375
Kody,3,375
Kole,3,375
Kori,3,375
Kyran,3,375
Maison,3,375
Malachy,3,375
Mikey,3,375
Mohamed,3,375
Nataniel,3,375
Olaf,3,375
Pascal,3,375
Ralph,3,375
Robin,3,375
Rocco,3,375
Rohan,3,375
Rossa,3,375
Ruaidhri,3,375
Se,3,375
Simon,3,375
Spencer,3,375
Stevie,3,375
Tai,3,375
Terence,3,375
Vincent,3,375
Wyatt,3,375
Xander,3,375
