Name,Number of Babies,Rank
Jack,310,1
James,300,2
Daniel,251,3
Harry,232,4
Charlie,228,5
Ethan,215,6
Matthew,196,7
Ryan,185,8
Riley,184,9
Noah,171,10
Adam,159,11
Jacob,152,12
Joshua,151,13
Jake,141,14
Oliver,141,14
Thomas,141,14
Conor,140,17
Dylan,135,18
Alfie,130,19
Mason,112,20
Michael,110,21
Oisin,106,22
Aaron,105,23
Patrick,103,24
Tyler,103,24
Jamie,102,26
Lucas,94,27
Luke,92,28
Logan,91,29
Callum,89,30
Darragh,89,30
Max,85,32
Nathan,84,33
Shea,84,33
Caleb,83,35
Jude,83,35
Joseph,82,37
Ben,81,38
Corey,81,38
Ronan,77,40
Sean,76,41
William,73,42
Aidan,72,43
Liam,69,44
Rory,69,44
Samuel,69,44
Isaac,67,47
John,67,47
Alexander,66,49
Jayden,65,50
Leo,62,51
Odhran,60,52
David,59,53
Eoin,58,54
Ollie,58,54
Finn,57,56
Alex,56,57
Caolan,56,57
Reuben,56,57
Carter,55,60
Cillian,55,60
Bobby,54,62
Lewis,53,63
Benjamin,51,64
Oscar,51,64
Aodhan,50,66
Joel,49,67
Lorcan,49,67
Blake,48,69
Christopher,47,70
Fionn,47,70
Sam,47,70
Tom,47,70
Cameron,46,74
Niall,46,74
Ruairi,46,74
Zach,46,74
Rhys,45,78
Kyle,44,79
Mark,44,79
Danny,43,81
Evan,41,82
Kai,41,82
Josh,40,84
Eoghan,38,85
Jay,38,85
Peter,38,85
Daire,37,88
Reece,36,89
Tiernan,36,89
Cormac,35,91
Kayden,35,91
Olly,35,91
Henry,34,94
Leon,34,94
Robert,34,94
Ciaran,33,97
Connor,33,97
Andrew,32,99
Kaiden,32,99
Cody,31,101
Dara,31,101
George,31,101
Owen,31,101
Caiden,30,105
Archie,29,106
Shay,29,106
Tommy,29,106
Shane,28,109
Tomas,28,109
Zachary,28,109
Daithi,27,112
Jonah,27,112
Pearse,27,112
Cian,26,115
Conall,26,115
Seth,26,115
Carson,24,118
Freddie,24,118
Anthony,23,120
Cahir,23,120
Harvey,23,120
Luca,23,120
Stephen,23,120
Caoimhin,22,125
Conan,22,125
Elijah,22,125
Jackson,22,125
Kevin,22,125
Martin,22,125
Oran,22,125
Zac,22,125
Brody,21,133
Charles,21,133
Harley,21,133
Paul,21,133
Scott,21,133
Edward,20,138
Gerard,20,138
Jenson,20,138
Joe,20,138
Bradley,19,142
Marcus,19,142
Padraig,19,142
Taylor,19,142
Toby,19,142
Cathal,18,147
Finlay,18,147
Jason,18,147
Kian,18,147
Micheal,18,147
Rian,18,147
Robbie,18,147
Senan,18,147
Theo,18,147
Eli,17,156
Harrison,17,156
Hugh,17,156
Louis,17,156
Ross,17,156
Arthur,16,161
Austin,16,161
Cohen,16,161
Declan,16,161
Lukas,16,161
Tiarnan,16,161
Calvin,15,167
Christian,15,167
Flynn,15,167
Micah,15,167
Sebastian,15,167
Tristan,15,167
Zack,15,167
Calum,14,174
Cole,14,174
Cooper,14,174
Emmett,14,174
Ewan,14,174
Filip,14,174
Jonathan,14,174
Bailey,13,181
Brandon,13,181
Cayden,13,181
Curtis,13,181
Elliot,13,181
Aiden,12,186
Brodie,12,186
Fintan,12,186
Kacper,12,186
Seamus,12,186
Ashton,11,191
Brendan,11,191
Brian,11,191
Caden,11,191
Casey,11,191
Colton,11,191
Conal,11,191
Enda,11,191
Frankie,11,191
Gabriel,11,191
Hayden,11,191
Will,11,191
Zak,11,191
Alan,10,204
Cain,10,204
Dominic,10,204
Dominik,10,204
Finley,10,204
Jaxon,10,204
Jensen,10,204
Kajus,10,204
Lee,10,204
Nicholas,10,204
Oskar,10,204
Richard,10,204
Timothy,10,204
Adrian,9,217
Caidan,9,217
Dillon,9,217
Felix,9,217
Joey,9,217
Killian,9,217
Michal,9,217
Peadar,9,217
Philip,9,217
Rio,9,217
Ryley,9,217
Tobias,9,217
Tony,9,217
Travis,9,217
Brooklyn,8,231
Colm,8,231
Cruz,8,231
Dean,8,231
Jakub,8,231
Keagan,8,231
Levi,8,231
Louie,8,231
Milo,8,231
Myles,8,231
Nathaniel,8,231
Patryk,8,231
Preston,8,231
Rylee,8,231
Saul,8,231
Vincent,8,231
Anton,7,247
Brogan,7,247
Caodhan,7,247
Cory,7,247
Cuan,7,247
Daragh,7,247
Davin,7,247
Dawid,7,247
Emmet,7,247
Eunan,7,247
Igor,7,247
Johnny,7,247
Junior,7,247
Justin,7,247
Karl,7,247
Lennon,7,247
Luka,7,247
Malachy,7,247
Marcel,7,247
Morgan,7,247
Olivier,7,247
Ralph,7,247
Rylan,7,247
Simon,7,247
Stefan,7,247
Tadhg,7,247
Abel,6,273
Antoni,6,273
Bentley,6,273
Cathair,6,273
Charley,6,273
Che,6,273
Colin,6,273
Dan,6,273
Darcy,6,273
Darren,6,273
Daryl,6,273
Dexter,6,273
Donal,6,273
Drew,6,273
Eamon,6,273
Elliott,6,273
Euan,6,273
Fionntan,6,273
Francis,6,273
Fraser,6,273
Gareth,6,273
Hugo,6,273
Hunter,6,273
Ivan,6,273
Keelan,6,273
Kieran,6,273
Mairtin,6,273
Maison,6,273
Marc,6,273
Marley,6,273
Miceal,6,273
Neil,6,273
Nojus,6,273
Pearce,6,273
Rocco,6,273
Rowan,6,273
Ruben,6,273
Steven,6,273
Ali,5,311
Asher,5,311
Barry,5,311
Billy,5,311
Blaine,5,311
Cathaoir,5,311
Donnacha,5,311
Eric,5,311
Faolan,5,311
Fearghal,5,311
Finnian,5,311
Fletcher,5,311
Frank,5,311
Gary,5,311
Jan,5,311
Jarlath,5,311
Karol,5,311
Kobe,5,311
Kodi,5,311
Kristian,5,311
Leighton,5,311
Matt,5,311
Muhammad,5,311
Rhylan,5,311
Robin,5,311
Roman,5,311
Ruan,5,311
Ruari,5,311
Rudi,5,311
Rudy,5,311
Sonny,5,311
Szymon,5,311
Ted,5,311
Troy,5,311
Zachariah,5,311
Aedan,4,346
Arnas,4,346
Barra,4,346
Bernard,4,346
Cadan,4,346
Caelan,4,346
Caomhan,4,346
Chase,4,346
Chris,4,346
Craig,4,346
Deaglan,4,346
Dermot,4,346
Donncha,4,346
Donnchadh,4,346
Eryk,4,346
Eugene,4,346
Fabian,4,346
Fiachra,4,346
Finbar,4,346
Isaiah,4,346
Issac,4,346
Jaden,4,346
Jaiden,4,346
Jax,4,346
Jaxson,4,346
Jesse,4,346
Jonas,4,346
Jordan,4,346
Kain,4,346
Keegan,4,346
Kurtis,4,346
Layton,4,346
Luis,4,346
Mantas,4,346
Matas,4,346
Mateusz,4,346
Maxwell,4,346
Mckenzie,4,346
Nataniel,4,346
Nicolas,4,346
Noel,4,346
Oliwier,4,346
Pauric,4,346
Pawel,4,346
Piaras,4,346
Raymond,4,346
Regan,4,346
Roan,4,346
Rohan,4,346
Rokas,4,346
Rossa,4,346
Ruadhan,4,346
Se,4,346
Spencer,4,346
Terence,4,346
Ty,4,346
Yusuf,4,346
Alec,3,403
Aleksander,3,403
Alistair,3,403
Amir,3,403
Aodan,3,403
Arlo,3,403
Aston,3,403
Barney,3,403
Beau,3,403
Blair,3,403
Braxton,3,403
Brayden,3,403
Bryn,3,403
Cael,3,403
Cahan,3,403
Cailean,3,403
Carl,3,403
Cathan,3,403
Cein,3,403
Cianan,3,403
Codey,3,403
Codie,3,403
Cohan,3,403
Colum,3,403
Conchur,3,403
Conn,3,403
Connaire,3,403
Connlaodh,3,403
Coran,3,403
Damien,3,403
Danas,3,403
Darra,3,403
Darryl,3,403
Denis,3,403
Denver,3,403
Devin,3,403
Dovydas,3,403
Dualta,3,403
Eamonn,3,403
Eddie,3,403
Emilis,3,403
Enzo,3,403
Fergus,3,403
Fiontan,3,403
Frazer,3,403
Frederick,3,403
Ger,3,403
Glenn,3,403
Grayson,3,403
Gregory,3,403
Heath,3,403
Jakob,3,403
Jerome,3,403
Jim,3,403
John-james,3,403
Jokubas,3,403
Jonjo,3,403
Judah,3,403
Kade,3,403
Kaden,3,403
Kaelum,3,403
Kaleb,3,403
Kane,3,403
Kealan,3,403
Keane,3,403
Keenan,3,403
Kelan,3,403
Kevinas,3,403
Kieron,3,403
Kobi,3,403
Kody,3,403
Kris,3,403
Lennox,3,403
Lincoln,3,403
Lloyd,3,403
Lochlainn,3,403
Lochlan,3,403
Mani,3,403
Markus,3,403
Marshall,3,403
Mathew,3,403
Matteo,3,403
Mikolaj,3,403
Mohammed,3,403
Mylo,3,403
Naoise,3,403
Natan,3,403
Ned,3,403
Nikita,3,403
Parker,3,403
Phillip,3,403
Quinn,3,403
Reilly,3,403
Ronin,3,403
Rylie,3,403
Shaun,3,403
Shayne,3,403
Simas,3,403
Tajus,3,403
Terry,3,403
Tim,3,403
Timur,3,403
Tomasz,3,403
Tymon,3,403
Tymoteusz,3,403
Ultan,3,403
Victor,3,403
Zain,3,403
