Name,Number of Babies,Rank
Jack,293,1
James,285,2
Charlie,219,3
Harry,207,4
Daniel,201,5
Noah,188,6
Matthew,164,7
Ethan,160,8
Jacob,160,8
Oliver,150,10
Thomas,145,11
Adam,137,12
Ryan,135,13
Alfie,134,14
Joshua,131,15
Mason,131,15
Conor,130,17
Jake,124,18
Luke,118,19
Riley,117,20
Jamie,106,21
Joseph,99,22
Lucas,99,22
Michael,99,22
Oisin,99,22
Sean,96,26
Dylan,95,27
Max,94,28
Darragh,87,29
Leo,83,30
Patrick,83,30
Ben,82,32
Oscar,82,32
Logan,80,34
Ronan,80,34
William,79,36
Isaac,73,37
Nathan,68,38
Aaron,67,39
Finn,67,39
Jayden,67,39
Samuel,67,39
Shea,66,43
Alex,65,44
Caleb,65,44
Cillian,64,46
Jude,64,46
Alexander,63,48
John,62,49
Reuben,61,50
Callum,59,51
Fionn,58,52
Archie,57,53
Carter,57,53
Ollie,57,53
Tyler,56,56
Benjamin,55,57
Eoin,54,58
Bobby,53,59
Lewis,52,60
Odhran,51,61
Blake,49,62
Henry,49,62
Jay,49,62
Caolan,48,65
Tom,48,65
Joel,47,67
George,46,68
David,45,69
Mark,45,69
Aidan,44,71
Zach,44,71
Peter,43,73
Daithi,42,74
Rory,42,74
Connor,41,76
Liam,41,76
Niall,41,76
Sam,41,76
Jackson,40,80
Christopher,39,81
Lorcan,38,82
Dara,37,83
Kai,37,83
Kyle,37,83
Rhys,37,83
Seth,37,83
Andrew,36,88
Josh,36,88
Kayden,36,88
Robert,36,88
Theo,36,88
Aodhan,35,93
Eoghan,34,94
Jonah,34,94
Paul,34,94
Ciaran,33,97
Cormac,33,97
Leon,33,97
Ruairi,33,97
Conan,32,101
Finlay,30,102
Cian,29,103
Corey,29,103
Eli,29,103
Evan,29,103
Harvey,29,103
Danny,28,108
Edward,28,108
Tommy,28,108
Caiden,27,111
Cameron,27,111
Daire,27,111
Elijah,27,111
Joe,27,111
Tiernan,27,111
Zac,27,111
Conall,26,118
Harley,26,118
Jenson,24,120
Kaiden,24,120
Freddie,23,122
Harrison,23,122
Padraig,23,122
Zachary,23,122
Brody,22,126
Caoimhin,22,126
Cathal,22,126
Toby,22,126
Brian,21,130
Carson,21,130
Arthur,20,132
Cahir,20,132
Jakub,20,132
Jason,20,132
Micah,20,132
Shane,20,132
Anthony,19,138
Jaxon,19,138
Micheal,19,138
Scott,19,138
Sebastian,19,138
Stephen,19,138
Taylor,19,138
Tomas,19,138
Christian,18,146
Cody,18,146
Louis,18,146
Luca,18,146
Olly,18,146
Pearse,18,146
Senan,18,146
Cohen,17,153
Gabriel,17,153
Kacper,17,153
Kevin,17,153
Oran,17,153
Robbie,17,153
Shay,17,153
Tiarnan,17,153
Cole,16,161
Filip,16,161
Myles,16,161
Owen,16,161
Reece,16,161
Alan,15,166
Brodie,15,166
Jonathan,15,166
Travis,15,166
Will,15,166
Charles,14,171
Conal,14,171
Cooper,14,171
Frankie,14,171
Kian,14,171
Lee,14,171
Rian,14,171
Rowan,14,171
Zack,14,171
Brandon,13,180
Caden,13,180
Calum,13,180
Declan,13,180
Flynn,13,180
Gerard,13,180
Lukas,13,180
Marcus,13,180
Aiden,12,188
Austin,12,188
Bailey,12,188
Brogan,12,188
Conn,12,188
Donnacha,12,188
Euan,12,188
Fabian,12,188
Fintan,12,188
Joey,12,188
Levi,12,188
Preston,12,188
Ashton,11,200
Cain,11,200
Donal,11,200
Ewan,11,200
Gavin,11,200
Kieran,11,200
Oskar,11,200
Ross,11,200
Billy,10,208
Felix,10,208
Francis,10,208
Hugh,10,208
Hunter,10,208
Kye,10,208
Nathaniel,10,208
Rio,10,208
Sonny,10,208
Troy,10,208
Zak,10,208
Antoni,9,219
Brendan,9,219
Cayden,9,219
Curtis,9,219
Dominik,9,219
Elliot,9,219
Elliott,9,219
Jasper,9,219
Jensen,9,219
Jordan,9,219
Louie,9,219
Malachy,9,219
Maxwell,9,219
Richard,9,219
Robin,9,219
Rocco,9,219
Saul,9,219
Szymon,9,219
Bradley,8,237
Che,8,237
Justin,8,237
Leighton,8,237
Martin,8,237
Peadar,8,237
Timothy,8,237
Caodhan,7,244
Cathair,7,244
Dawson,7,244
Dean,7,244
Dominic,7,244
Donncha,7,244
Emmett,7,244
Fiachra,7,244
Finley,7,244
Fionnan,7,244
Hayden,7,244
Igor,7,244
Jaiden,7,244
Johnny,7,244
Josiah,7,244
Junior,7,244
Kaleb,7,244
Kamil,7,244
Keegan,7,244
Kobe,7,244
Lochlainn,7,244
Natan,7,244
Ruben,7,244
Rylee,7,244
Seamus,7,244
Ted,7,244
Tristan,7,244
Beau,6,271
Brooklyn,6,271
Caelan,6,271
Casey,6,271
Colton,6,271
Cory,6,271
Cruz,6,271
Damian,6,271
Daryl,6,271
Dexter,6,271
Emmet,6,271
Enda,6,271
Fionntan,6,271
Frank,6,271
Heath,6,271
Hugo,6,271
Jaden,6,271
Jai,6,271
Jaxson,6,271
Karol,6,271
Kobi,6,271
Marc,6,271
Marcel,6,271
Matas,6,271
Mikolaj,6,271
Milo,6,271
Morgan,6,271
Nicholas,6,271
Nikodem,6,271
Nojus,6,271
Ultan,6,271
Vincent,6,271
Adrian,5,303
Ayden,5,303
Barra,5,303
Bryan,5,303
Cathaoir,5,303
Coen,5,303
Colm,5,303
Conaire,5,303
Conrad,5,303
Danann,5,303
Dawid,5,303
Dillon,5,303
Drew,5,303
Eric,5,303
Frederick,5,303
Gareth,5,303
Jan,5,303
Jesse,5,303
Julian,5,303
Keelan,5,303
Kenzie,5,303
Kolton,5,303
Layton,5,303
Lennon,5,303
Lochlann,5,303
Nicolas,5,303
Noel,5,303
Olivier,5,303
Oliwier,5,303
Paidi,5,303
Parker,5,303
Pauric,5,303
Philip,5,303
Quinn,5,303
Rohan,5,303
Ryley,5,303
Shaun,5,303
Stefan,5,303
Tony,5,303
Wojciech,5,303
Aedan,4,343
Antonio,4,343
Aron,4,343
Asher,4,343
Barry,4,343
Cahan,4,343
Callan,4,343
Coby,4,343
Conleth,4,343
Connaire,4,343
Cuan,4,343
Darren,4,343
Darryl,4,343
Deaglan,4,343
Diarmuid,4,343
Eamon,4,343
Eamonn,4,343
Eddie,4,343
Ezra,4,343
Fearghal,4,343
Finbarr,4,343
Fraser,4,343
Glenn,4,343
Harper,4,343
Ian,4,343
Jakob,4,343
Jimmy,4,343
John-paul,4,343
Judah,4,343
Kaden,4,343
Kealan,4,343
Killian,4,343
Kody,4,343
Lachlan,4,343
Lincoln,4,343
Luis,4,343
Maciej,4,343
Mackenzie,4,343
Maddox,4,343
Malachi,4,343
Markuss,4,343
Marshall,4,343
Mohamed,4,343
Naoise,4,343
Seanan,4,343
Simon,4,343
Tajus,4,343
Tate,4,343
Teddy,4,343
Theodore,4,343
Tobias,4,343
Ty,4,343
Xavier,4,343
Zachariah,4,343
Zayn,4,343
Abel,3,398
Abraham,3,398
Aden,3,398
Ahmed,3,398
Alasdair,3,398
Alec,3,398
Alexandre,3,398
Alfred,3,398
Angus,3,398
Armandas,3,398
Ashley,3,398
Aston,3,398
Bailie,3,398
Boris,3,398
Bradan,3,398
Braxton,3,398
Caedan,3,398
Cael,3,398
Caidan,3,398
Cal,3,398
Calvin,3,398
Carraig,3,398
Codie,3,398
Colin,3,398
Connall,3,398
Connlaodh,3,398
Corin,3,398
Corrie,3,398
Craig,3,398
Daley,3,398
Damien,3,398
Dan,3,398
Danielis,3,398
Dante,3,398
Daragh,3,398
Deacon,3,398
Deon,3,398
Dermot,3,398
Dillan,3,398
Dion,3,398
Dominykas,3,398
Donovan,3,398
Eunan,3,398
Faolan,3,398
Fergal,3,398
Finnian,3,398
Franciszek,3,398
Gino,3,398
Harri,3,398
Henri,3,398
Hudson,3,398
Jace,3,398
Jared,3,398
Jax,3,398
Jethro,3,398
Kajus,3,398
Karl,3,398
Karter,3,398
Kason,3,398
Keaton,3,398
Kodie,3,398
Kolby,3,398
Kole,3,398
Korey,3,398
Krystian,3,398
Kylan,3,398
Larkin,3,398
Leonardo,3,398
Leyton,3,398
Lloyd,3,398
Lorenzo,3,398
Lucca,3,398
Markas,3,398
Mateusz,3,398
Matt,3,398
Maxim,3,398
Maximilian,3,398
Miles,3,398
Nevin,3,398
Omar,3,398
Paraic,3,398
Piaras,3,398
Rafael,3,398
Raymond,3,398
Reggie,3,398
Rex,3,398
Rogan,3,398
Ruadhan,3,398
Ruan,3,398
Rylie,3,398
Steven,3,398
Stuart,3,398
Teddie,3,398
Thom,3,398
Torin,3,398
Turlough,3,398
Warren,3,398
Wyatt,3,398
Xander,3,398
Yousef,3,398
Yusuf,3,398
Zakk,3,398
Zane,3,398
