Name,Number of Babies,Rank
James,300,1
Jack,261,2
Noah,225,3
Charlie,213,4
Daniel,188,5
Oliver,186,6
Matthew,168,7
Harry,166,8
Thomas,157,9
Jake,141,10
Ethan,139,11
Jacob,135,12
Alfie,132,13
Adam,124,14
Luke,120,15
Michael,117,16
Conor,115,17
Joshua,110,18
Oisin,109,19
Mason,108,20
Ryan,102,21
Logan,93,22
Max,93,22
Callum,90,24
Caleb,88,25
Cillian,88,25
Ollie,88,25
Leo,86,28
Patrick,85,29
Joseph,84,30
Darragh,83,31
Dylan,82,32
Shea,78,33
Ben,76,34
Jude,75,35
Lucas,75,35
Finn,74,37
Jamie,74,37
Ronan,74,37
Oscar,73,40
Sean,73,40
Isaac,72,42
Fionn,68,43
John,65,44
Reuben,65,44
Alexander,63,46
Eoin,62,47
Samuel,62,47
Odhran,60,49
William,60,49
Alex,59,51
Lewis,59,51
Nathan,59,51
Archie,58,54
George,58,54
Liam,58,54
Theo,58,54
Benjamin,57,58
Aaron,56,59
Riley,56,59
Bobby,55,61
Jayden,52,62
Jonah,51,63
Conan,50,64
David,50,64
Henry,50,64
Caolan,49,67
Cian,49,67
Cormac,49,67
Danny,49,67
Lorcan,48,71
Aodhan,47,72
Jaxon,47,72
Tom,47,72
Freddie,46,75
Jackson,46,75
Carter,45,77
Daithi,45,77
Kai,45,77
Rory,44,80
Seth,43,81
Tyler,41,82
Andrew,40,83
Harrison,39,84
Joel,39,84
Blake,38,86
Peter,37,87
Zachary,37,87
Aidan,35,89
Arthur,35,89
Tommy,34,91
Zach,34,91
Joe,33,93
Josh,33,93
Cody,32,95
Eli,32,95
Niall,32,95
Ciaran,31,98
Owen,31,98
Dara,30,100
Eoghan,30,100
Christopher,29,102
Connor,29,102
Daire,29,102
Elijah,29,102
Harvey,29,102
Jay,29,102
Mark,29,102
Rhys,29,102
Sam,29,102
Sebastian,29,102
Caiden,28,112
Luca,28,112
Robert,28,112
Corey,27,115
Kyle,27,115
Brody,26,117
Conall,26,117
Evan,26,117
Ruairi,26,117
Harley,25,121
Kaiden,25,121
Leon,25,121
Olly,25,121
Padraig,25,121
Cooper,24,126
Ezra,24,126
Kian,24,126
Calum,23,129
Edward,23,129
Jax,23,129
Stephen,23,129
Cameron,22,133
Caoimhin,22,133
Charles,22,133
Shane,22,133
Toby,22,133
Paul,21,138
Cohen,20,139
Jonathan,20,139
Kevin,20,139
Anthony,19,142
Hugh,19,142
Jason,19,142
Jenson,19,142
Kayden,19,142
Louie,19,142
Oran,19,142
Zac,19,142
Bailey,18,150
Cahir,18,150
Flynn,18,150
Gabriel,18,150
Parker,18,150
Tomas,18,150
Alan,17,156
Conal,17,156
Marcus,17,156
Austin,16,159
Caelan,16,159
Calvin,16,159
Carson,16,159
Micah,16,159
Micheal,16,159
Tiernan,16,159
Louis,15,166
Senan,15,166
Zack,15,166
Billy,14,169
Cathal,14,169
Cole,14,169
Enda,14,169
Finlay,14,169
Jakub,14,169
Reece,14,169
Robbie,14,169
Ross,14,169
Rossa,14,169
Dominic,13,179
Dominik,13,179
Hunter,13,179
Jaxson,13,179
Jordan,13,179
Killian,13,179
Rowan,13,179
Teddy,13,179
Christian,12,187
Donal,12,187
Elliott,12,187
Emmet,12,187
Filip,12,187
Finley,12,187
Frankie,12,187
Kacper,12,187
Levi,12,187
Martin,12,187
Pearse,12,187
Philip,12,187
Ruben,12,187
Will,12,187
Aiden,11,201
Dawson,11,201
Gerard,11,201
Harris,11,201
Joey,11,201
Johnny,11,201
Kieran,11,201
Nicholas,11,201
Shay,11,201
Tiarnan,11,201
Arlo,10,211
Curtis,10,211
Donnacha,10,211
Francis,10,211
Hayden,10,211
Jensen,10,211
Kaleb,10,211
Preston,10,211
Robin,10,211
Taylor,10,211
Theodore,10,211
Bradley,9,222
Cadan,9,222
Cain,9,222
Caodhan,9,222
Cathair,9,222
Daragh,9,222
Faolan,9,222
Keelan,9,222
Leighton,9,222
Marc,9,222
Myles,9,222
Nathaniel,9,222
Scott,9,222
Timothy,9,222
Tobias,9,222
Abel,8,237
Ashton,8,237
Brendan,8,237
Cathan,8,237
Cathaoir,8,237
Che,8,237
Conn,8,237
Declan,8,237
Ewan,8,237
Hugo,8,237
Jace,8,237
Jesse,8,237
John-James,8,237
Junior,8,237
Lennon,8,237
Lukas,8,237
Malachy,8,237
Miles,8,237
Oskar,8,237
Rian,8,237
Saul,8,237
Tony,8,237
Adrian,7,259
Bentley,7,259
Brian,7,259
Brogan,7,259
Brooklyn,7,259
Caden,7,259
Colton,7,259
Dan,7,259
Dexter,7,259
Elliot,7,259
Eric,7,259
Hudson,7,259
Jaden,7,259
Jan,7,259
Lee,7,259
Lochlann,7,259
Luka,7,259
Nico,7,259
Paddy,7,259
Paidi,7,259
Peadar,7,259
Quinn,7,259
Richard,7,259
Rogan,7,259
Simon,7,259
Sonny,7,259
Steven,7,259
Troy,7,259
Vincent,7,259
Angus,6,288
Bryan,6,288
Callan,6,288
Casey,6,288
Cayden,6,288
Darren,6,288
Dillon,6,288
Drew,6,288
Emmett,6,288
Felix,6,288
Fiachra,6,288
Fintan,6,288
Gary,6,288
Kade,6,288
Kane,6,288
Keegan,6,288
Kody,6,288
Lincoln,6,288
Marcel,6,288
Michal,6,288
Olivier,6,288
Rafael,6,288
Rio,6,288
Seamus,6,288
Tristan,6,288
Zachariah,6,288
Aj,5,314
Antoni,5,314
Barry,5,314
Braeden,5,314
Brodie,5,314
Colby,5,314
Colm,5,314
Connla,5,314
Conrad,5,314
Cuan,5,314
Donncha,5,314
Donnchadh,5,314
Ellis,5,314
Fabian,5,314
Frank,5,314
Kaden,5,314
Lennox,5,314
Maksymilian,5,314
Morgan,5,314
Muhammad,5,314
Odin,5,314
Ruadhan,5,314
Rudi,5,314
Se,5,314
Spencer,5,314
Stuart,5,314
Ted,5,314
Xander,5,314
Albie,4,342
Ali,4,342
Anton,4,342
Barra,4,342
Benas,4,342
Brandon,4,342
Brayden,4,342
Cadain,4,342
Ciarnan,4,342
Coen,4,342
Conchur,4,342
Conleth,4,342
Corbyn,4,342
Cruz,4,342
Culann,4,342
Darius,4,342
Davin,4,342
Dawid,4,342
Dermot,4,342
Desmond,4,342
Douglas,4,342
Eduard,4,342
Enzo,4,342
Erik,4,342
Euan,4,342
Finbar,4,342
Fionnbharr,4,342
Fionntan,4,342
Fletcher,4,342
Fraser,4,342
Frederick,4,342
Guy,4,342
Heath,4,342
Hubert,4,342
Ian,4,342
Iarlaith,4,342
Igor,4,342
Isaiah,4,342
Jai,4,342
Jaxx,4,342
Jerome,4,342
Jonas,4,342
Josiah,4,342
Justin,4,342
Justinas,4,342
Kain,4,342
Kajus,4,342
Karter,4,342
Koby,4,342
Kylan,4,342
Kyran,4,342
Lachlan,4,342
Lochlainn,4,342
Lochlan,4,342
Mylo,4,342
Natan,4,342
Nikodem,4,342
Noel,4,342
Oliwier,4,342
Patryk,4,342
Ralph,4,342
Reagan,4,342
Regan,4,342
Rohan,4,342
Roman,4,342
Rylee,4,342
Samson,4,342
Solomon,4,342
Stanley,4,342
Terence,4,342
Travis,4,342
Victor,4,342
Wyatt,4,342
Addison,3,415
Aironas,3,415
Alec,3,415
Andre,3,415
Antoin,3,415
Aodan,3,415
Arnas,3,415
Aston,3,415
Barney,3,415
Bernard,3,415
Bertie,3,415
Braxton,3,415
Bruno,3,415
Cabhan,3,415
Caedan,3,415
Cael,3,415
Cahal,3,415
Cai,3,415
Caidan,3,415
Carl,3,415
Cathain,3,415
Clark,3,415
Codie,3,415
Corin,3,415
Cory,3,415
Craig,3,415
Cristian,3,415
Dalton,3,415
Dean,3,415
Diego,3,415
Dubhaltach,3,415
Eden,3,415
Elias,3,415
Eunan,3,415
Fionnan,3,415
Franciszek,3,415
Frazer,3,415
Iarla,3,415
Jaiden,3,415
Jared,3,415
Jasper,3,415
Jayce,3,415
Jayson,3,415
Jed,3,415
Jett,3,415
Jun,3,415
Karl,3,415
Karson,3,415
Kason,3,415
Kodie,3,415
Kolton,3,415
Kris,3,415
Laughlin,3,415
Layton,3,415
Leonardo,3,415
Leyton,3,415
Loghan,3,415
Luan,3,415
Magnus,3,415
Malachi,3,415
Malcolm,3,415
Markus,3,415
Marshall,3,415
Matas,3,415
Miceal,3,415
Milo,3,415
Neitas,3,415
Pauric,3,415
Phoenix,3,415
Pierce,3,415
Ray,3,415
Reilly,3,415
Richie,3,415
Rocco,3,415
Rokas,3,415
Ronin,3,415
Rudy,3,415
Rylie,3,415
Sammy,3,415
Santiago,3,415
Shaun,3,415
Stefan,3,415
Tadhg,3,415
Theodor,3,415
Ty,3,415
Tymon,3,415
Wesley,3,415
Wojciech,3,415
Zak,3,415
Zander,3,415
Zayn,3,415
