Name,Number of Babies,Rank
Chloe,374,1
Rebecca,268,2
Emma,255,3
Caitlin,250,4
Megan,239,5
Amy,228,6
Lauren,227,7
Niamh,219,8
Sarah,218,9
Rachel,205,10
Hannah,202,11
Shannon,150,12
Katie,145,13
Courtney,138,14
Sophie,138,14
Aoife,131,16
Emily,128,17
Anna,127,18
Laura,121,19
Nicole,120,20
Jessica,109,21
Ciara,104,22
Olivia,99,23
Ellen,92,24
Aimee,90,25
Victoria,90,25
Erin,88,27
Lucy,88,27
Caoimhe,87,29
Catherine,82,30
Leah,77,31
Claire,72,32
Kirsty,70,33
Bethany,63,34
Rachael,63,34
Jade,60,36
Rebekah,59,37
Zoe,59,37
Aine,58,39
Orla,58,39
Holly,56,41
Danielle,55,42
Eimear,53,43
Georgia,53,43
Charlotte,50,45
Molly,50,45
Naomi,50,45
Cara,49,48
Morgan,49,48
Grace,48,50
Maria,46,51
Natasha,46,51
Zara,44,53
Chelsea,41,54
Beth,39,55
Alexandra,37,56
Kathryn,37,56
Lauryn,35,58
Maeve,35,58
Shauna,35,58
Cliodhna,34,61
Elizabeth,34,61
Tara,34,61
Eve,33,64
Gemma,33,64
Abbie,32,66
Aisling,32,66
Jodie,32,66
Roisin,32,66
Samantha,32,66
Louise,31,71
Annie,30,72
Bronagh,30,72
Clodagh,30,72
Mary,29,75
Stephanie,29,75
Robyn,28,77
Alice,27,78
Chantelle,27,78
Clare,27,78
Melissa,27,78
Abigail,26,82
Cora,26,82
Jennifer,26,82
Jordan,26,82
Brooke,25,86
Ellie,25,86
Katherine,25,86
Sara,25,86
Fiona,24,90
Lydia,24,90
Shania,24,90
Sinead,24,90
Taylor,24,90
Casey,23,95
Hollie,23,95
Kerry,23,95
Natalie,23,95
Rhiannon,23,95
Sasha,23,95
Amber,22,101
Nikita,22,101
Colleen,21,103
Christina,20,104
Kate,20,104
Lisa,20,104
Michaela,20,104
Paige,20,104
Demi,19,109
Jane,19,109
Kerri,19,109
Meabh,19,109
Orlagh,19,109
Alana,18,114
Dearbhla,18,114
Grainne,18,114
Orlaith,18,114
Toni,18,114
Andrea,17,119
Ella,17,119
Jenny,17,119
Leanne,17,119
Meghan,17,119
Ruth,17,119
Alisha,16,125
Carla,16,125
Jasmine,16,125
Katelyn,16,125
Michelle,16,125
Mollie,16,125
Nadia,16,125
Caitlyn,15,132
Eden,15,132
Eva,15,132
Helen,15,132
Jenna,15,132
Kirsten,15,132
Nicola,15,132
Saoirse,15,132
Sian,15,132
Alannah,14,141
Ashleigh,14,141
Emer,14,141
Katy,14,141
Lois,14,141
Aoibheann,13,146
Britney,13,146
Kathleen,13,146
Lara,13,146
Mairead,13,146
Nadine,13,146
Rhianna,13,146
Tori,13,146
Jemma,12,154
Joanna,12,154
Kelly,12,154
Margaret,12,154
Aislinn,11,158
Caroline,11,158
Christine,11,158
Clara,11,158
Eilis,11,158
Kaitlin,11,158
Kelsey,11,158
Leona,11,158
Shona,11,158
Abby,10,167
Bethan,10,167
Caitriona,10,167
Catriona,10,167
Cliona,10,167
Deborah,10,167
Fionnuala,10,167
Jasmin,10,167
Kellie,10,167
Nuala,10,167
Siobhan,10,167
Sorcha,10,167
Stacey,10,167
Yasmin,10,167
Alanna,9,181
Alex,9,181
Brittany,9,181
Cameron,9,181
Connie,9,181
Dervla,9,181
Imogen,9,181
India,9,181
Jill,9,181
Kaitlyn,9,181
Kerrie,9,181
Oonagh,9,181
Paula,9,181
Phoebe,9,181
Rose,9,181
Seana,9,181
Carly,8,197
Elisha,8,197
Enya,8,197
Hayley,8,197
Heather,8,197
Jamie,8,197
Joanne,8,197
Jodi,8,197
Justine,8,197
Melanie,8,197
Neve,8,197
Saskia,8,197
Shelby,8,197
Tia,8,197
Tiarna,8,197
Tiffany,8,197
Abbey,7,213
Alicia,7,213
Aoibhin,7,213
April,7,213
Eleanor,7,213
Gabrielle,7,213
Georgina,7,213
Jamie-Lee,7,213
Karen,7,213
Kayleigh,7,213
Serena,7,213
Suzanne,7,213
Tierna,7,213
Una,7,213
Aideen,6,227
Alison,6,227
Antonia,6,227
Aoibhinn,6,227
Brona,6,227
Chelsie,6,227
Claudia,6,227
Eadaoin,6,227
Edel,6,227
Eireann,6,227
Faith,6,227
Faye,6,227
Frances,6,227
Francesca,6,227
Jayne,6,227
Keeva,6,227
Kirstie,6,227
Lynsey,6,227
Maya,6,227
Meaghan,6,227
Naoise,6,227
Nina,6,227
Savannah,6,227
Sharon,6,227
Skye,6,227
Sophia,6,227
Summer,6,227
Susan,6,227
Susanna,6,227
Tanya,6,227
Tiegan,6,227
Adele,5,258
Brigid,5,258
Brogan,5,258
Brooklyn,5,258
Celine,5,258
Cerys,5,258
Chantel,5,258
Charley,5,258
Chelsey,5,258
Daisy,5,258
Dara,5,258
Darcy,5,258
Deirbhile,5,258
Donna,5,258
Hanna,5,258
Hope,5,258
Jacqueline,5,258
Julie,5,258
Kara,5,258
Katlyn,5,258
Kiera,5,258
Kim,5,258
Kimberley,5,258
Lana,5,258
Lesley,5,258
Lorna,5,258
Mia,5,258
Riona,5,258
Ruby,5,258
Saffron,5,258
Seanna,5,258
Teresa,5,258
Aileen,4,290
Alix,4,290
Angel,4,290
Ann,4,290
Anne,4,290
Ashley,4,290
Bernadette,4,290
Blanaid,4,290
Bobbi,4,290
Brianna,4,290
Brittney,4,290
Bronach,4,290
Caragh,4,290
Carrie,4,290
Daire,4,290
Dearbhail,4,290
Eimer,4,290
Eloise,4,290
Erinn,4,290
Harriet,4,290
Iona,4,290
Isabella,4,290
Isobel,4,290
Jana,4,290
Johanna,4,290
Jordyn,4,290
Joy,4,290
Judith,4,290
Karla,4,290
Katelin,4,290
Kayla,4,290
Keely,4,290
Laurie,4,290
Lucia,4,290
Madeleine,4,290
Maia,4,290
Martina,4,290
Moya,4,290
Natalya,4,290
Nikki,4,290
Rosemary,4,290
Rosie,4,290
Sacha,4,290
Sally,4,290
Sarah-Jane,4,290
Sarah-Louise,4,290
Shonagh,4,290
Simone,4,290
Siofra,4,290
Tammy,4,290
Teri,4,290
Terri,4,290
Ursula,4,290
Alyson,3,343
Amanda,3,343
Amelia,3,343
Amie,3,343
Amy-Leigh,3,343
Amy-Louise,3,343
Ana,3,343
Beatrice,3,343
Billie,3,343
Billie-Jo,3,343
Blaithin,3,343
Blathnaid,3,343
Bonnie,3,343
Brenna,3,343
Brid,3,343
Caoilfhionn,3,343
Carlie,3,343
Cathryn,3,343
Ceara,3,343
Chanelle,3,343
Charlee,3,343
Charlene,3,343
Ciarrai,3,343
Cieara,3,343
Corrina,3,343
Courteney,3,343
Danni,3,343
Debbie,3,343
Dionne,3,343
Eileen,3,343
Eimhear,3,343
Elle,3,343
Florence,3,343
Gabriella,3,343
Gillian,3,343
Helena,3,343
Janet,3,343
Jenni,3,343
Jillian,3,343
Jolene,3,343
Julia,3,343
Karis,3,343
Kaylee,3,343
Kerri-Anne,3,343
Kiah,3,343
Kimberly,3,343
Kristen,3,343
Kristin,3,343
Kristina,3,343
Larissa,3,343
Leia,3,343
Leigh,3,343
Leonie,3,343
Liberty,3,343
Lily,3,343
Linzi,3,343
Lisa-Marie,3,343
Lucinda,3,343
Lyndsey,3,343
Madison,3,343
Maebh,3,343
Marianne,3,343
Meadhbh,3,343
Mirren,3,343
Monique,3,343
Naomh,3,343
Nichola,3,343
Philippa,3,343
Rhian,3,343
Rionach,3,343
Roberta,3,343
Seanin,3,343
Shakira,3,343
Shanice,3,343
Shelley,3,343
Tamara,3,343
Tyler,3,343
Yazmin,3,343
