Name,Number of Babies,Rank
Chloe,285,1
Emma,242,2
Caitlin,228,3
Megan,227,4
Rebecca,226,5
Lauren,216,6
Niamh,215,7
Amy,213,8
Sarah,208,9
Hannah,204,10
Rachel,198,11
Anna,160,12
Katie,148,13
Shannon,141,14
Sophie,139,15
Jessica,121,16
Leah,118,17
Aoife,113,18
Courtney,113,18
Nicole,109,20
Ellen,107,21
Erin,105,22
Lucy,105,22
Laura,104,24
Aimee,90,25
Ciara,83,26
Victoria,81,27
Caoimhe,76,28
Emily,76,28
Aine,71,30
Catherine,67,31
Grace,66,32
Bethany,64,33
Holly,64,33
Orla,64,33
Eimear,63,36
Olivia,62,37
Charlotte,56,38
Naomi,56,38
Beth,54,40
Rebekah,54,40
Zoe,52,42
Georgia,51,43
Cara,50,44
Claire,49,45
Tara,49,45
Ellie,47,47
Jade,47,47
Molly,47,47
Rachael,47,47
Morgan,46,51
Cliodhna,42,52
Kathryn,42,52
Kirsty,42,52
Natasha,42,52
Shauna,41,56
Clodagh,38,57
Samantha,38,57
Chelsea,37,59
Abbie,36,60
Abigail,36,60
Zara,36,60
Alexandra,33,63
Robyn,33,63
Danielle,31,65
Elizabeth,31,65
Jodie,31,65
Bronagh,30,68
Maria,30,68
Sinead,30,68
Eve,29,71
Louise,29,71
Maeve,29,71
Alice,28,74
Clare,28,74
Shania,28,74
Rhiannon,27,77
Gemma,26,78
Lauryn,26,78
Brooke,25,80
Jane,25,80
Jennifer,25,80
Kate,25,80
Roisin,25,80
Cora,24,85
Ella,23,86
Lisa,23,86
Natalie,23,86
Lydia,22,89
Melissa,22,89
Orlagh,22,89
Eva,21,92
Grainne,21,92
Katelyn,21,92
Mollie,21,92
Nicola,21,92
Orlaith,21,92
Sian,21,92
Taylor,21,92
Aisling,20,100
Alana,20,100
Amber,20,100
Jordan,20,100
Mary,20,100
Ruth,20,100
Carla,19,106
Casey,19,106
Hollie,19,106
Jenna,19,106
Paige,19,106
Britney,18,111
Jasmine,18,111
Joanna,18,111
Kerry,18,111
Mia,18,111
Michelle,18,111
Nikita,18,111
Sasha,18,111
Alex,17,119
Caitlyn,17,119
Fiona,17,119
Jenny,17,119
Katherine,17,119
Margaret,17,119
Michaela,17,119
Sorcha,17,119
Alicia,16,127
Alisha,16,127
Aoibheann,16,127
Emer,16,127
Kelsey,16,127
Meabh,16,127
Cliona,15,133
Jemma,15,133
Alannah,14,135
Andrea,14,135
Chantelle,14,135
Clara,14,135
Dearbhla,14,135
Stephanie,14,135
Yasmin,14,135
Alanna,13,142
Colleen,13,142
Demi,13,142
Joanne,13,142
Kaitlyn,13,142
Kathleen,13,142
Kirsten,13,142
Sara,13,142
Tiarna,13,142
Annie,12,151
Helen,12,151
Jill,12,151
Lara,12,151
Nadine,12,151
Shona,12,151
Toni,12,151
Abby,11,158
Leanne,11,158
Nadia,11,158
Tierna,11,158
Aislinn,10,162
Ashleigh,10,162
Carly,10,162
Christina,10,162
Kara,10,162
Kayleigh,10,162
Phoebe,10,162
Saoirse,10,162
Bethan,9,170
Caroline,9,170
Catriona,9,170
Fionnuala,9,170
Jamie,9,170
Kaitlin,9,170
Karen,9,170
Kerri,9,170
Leona,9,170
Rhianna,9,170
Seana,9,170
Tegan,9,170
Tia,9,170
Una,9,170
Amie,8,184
Cerys,8,184
Eimhear,8,184
Eirinn,8,184
Elle,8,184
Faye,8,184
Heather,8,184
India,8,184
Jayne,8,184
Kerrie,8,184
Kiera,8,184
Roise,8,184
Rose,8,184
Antonia,7,197
Aoibhin,7,197
Brooklyn,7,197
Caragh,7,197
Claudia,7,197
Codie,7,197
Daisy,7,197
Darcy,7,197
Eden,7,197
Eilis,7,197
Eireann,7,197
Elisha,7,197
Faith,7,197
Francesca,7,197
Heidi,7,197
Isabella,7,197
Katy,7,197
Laoise,7,197
Leigh,7,197
Lois,7,197
Maia,7,197
Oonagh,7,197
Riona,7,197
Stacey,7,197
Alison,6,221
Amelia,6,221
Angel,6,221
Becky,6,221
Brittany,6,221
Charis,6,221
Christine,6,221
Dara,6,221
Dearbhail,6,221
Demi-Lee,6,221
Demi-Leigh,6,221
Gabrielle,6,221
Iona,6,221
Jamie-Lee,6,221
Julia,6,221
Julie,6,221
Katrina,6,221
Lorna,6,221
Melanie,6,221
Miriam,6,221
Nichola,6,221
Paula,6,221
Regan,6,221
Rosie,6,221
Ruby,6,221
Tamara,6,221
Teresa,6,221
Tori,6,221
Adele,5,249
Alexandria,5,249
Alix,5,249
Angela,5,249
Ann-Marie,5,249
Aoibh,5,249
Billie,5,249
Blaithin,5,249
Blathnaid,5,249
Brianna,5,249
Brigid,5,249
Cathy,5,249
Connie,5,249
Courteney,5,249
Dervla,5,249
Ebony,5,249
Eimer,5,249
Elise,5,249
Evie,5,249
Helena,5,249
Jacqueline,5,249
Keri,5,249
Kim,5,249
Kirstie,5,249
Lucie,5,249
Madison,5,249
Maebh,5,249
Mairead,5,249
Naoise,5,249
Patrice,5,249
Philippa,5,249
Ria,5,249
Shanice,5,249
Aimie,4,282
Aisha,4,282
Amanda,4,282
Amy-Louise,4,282
Anne-Marie,4,282
Aoibhinn,4,282
April,4,282
Ashley,4,282
Atlanta,4,282
Aveen,4,282
Bronwyn,4,282
Caelainn,4,282
Carrie,4,282
Charlene,4,282
Charley,4,282
Charlie,4,282
Cody,4,282
Darcey,4,282
Deborah,4,282
Deirbhile,4,282
Eleanor,4,282
Eloise,4,282
Emma-Louise,4,282
Enya,4,282
Frances,4,282
Gillian,4,282
Gina,4,282
Hanna,4,282
Hope,4,282
Imogen,4,282
Jodi,4,282
Jordyn,4,282
Josephine,4,282
Jude,4,282
Judith,4,282
Julie-Anne,4,282
Karla,4,282
Katharine,4,282
Kayla,4,282
Keeva,4,282
Kellie,4,282
Kyla,4,282
Leanna,4,282
Levi,4,282
Lily,4,282
Linzi,4,282
Lucia,4,282
Lyndsey,4,282
Martha,4,282
Meg,4,282
Patricia,4,282
Poppy,4,282
Rosemary,4,282
Saskia,4,282
Serena,4,282
Shannen,4,282
Shelley,4,282
Shonagh,4,282
Siofra,4,282
Sophia,4,282
Susan,4,282
Susanne,4,282
Suzanne,4,282
Tamzin,4,282
Tanisha,4,282
Abbey,3,347
Aideen,3,347
Aileen,3,347
Aishling,3,347
Annabelle,3,347
Aobh,3,347
Arianna,3,347
Ashton,3,347
Bailey,3,347
Bobbi,3,347
Brenda,3,347
Brenna,3,347
Bridget,3,347
Broghan,3,347
Cailin,3,347
Caiomhe,3,347
Caithlin,3,347
Caitriona,3,347
Callie,3,347
Caoilainn,3,347
Caoimhlin,3,347
Carmen,3,347
Celine,3,347
Chelsea-Lee,3,347
Cheyenne,3,347
Chloe-Louise,3,347
Claudine,3,347
Corrie,3,347
Darragh,3,347
Davina,3,347
Dayna,3,347
Edel,3,347
Elena,3,347
Emilia,3,347
Emma-Jayne,3,347
Erica,3,347
Eryn,3,347
Esther,3,347
Fianna,3,347
Finlay,3,347
Georgina,3,347
Geraldine,3,347
Hana,3,347
Jasmin,3,347
Jazmin,3,347
Justine,3,347
Keeley,3,347
Kelly,3,347
Kelsie,3,347
Kimberley,3,347
Klara,3,347
Kristen,3,347
Kyra,3,347
Leia,3,347
Leigha,3,347
Leila,3,347
Lynsey,3,347
Meadhbh,3,347
Meghan,3,347
Monica,3,347
Naoimh,3,347
Neve,3,347
Nikki,3,347
Nina,3,347
Nuala,3,347
Orfhlaith,3,347
Rachelle,3,347
Rhea,3,347
Rheanna,3,347
Rioghnach,3,347
Roma,3,347
Saffron,3,347
Sammy-Jo,3,347
Sarah-Louise,3,347
Savannah,3,347
Scarlett,3,347
Shantelle,3,347
Shauneen,3,347
Siobhan,3,347
Sofie,3,347
Sommer,3,347
Summer,3,347
Tammy,3,347
Tanya,3,347
Tess,3,347
Winnie,3,347
