Name,Number of Babies,Rank
Chloe,254,1
Caitlin,227,2
Katie,216,3
Megan,202,4
Sarah,191,5
Lauren,190,6
Amy,188,7
Emma,188,7
Hannah,184,9
Niamh,179,10
Rebecca,179,10
Rachel,170,12
Jessica,151,13
Sophie,148,14
Anna,141,15
Leah,140,16
Lucy,134,17
Ellie,131,18
Erin,128,19
Emily,124,20
Aoife,120,21
Ellen,112,22
Aimee,111,23
Molly,102,24
Holly,97,25
Laura,92,26
Nicole,91,27
Shannon,89,28
Caoimhe,85,29
Grace,79,30
Ciara,77,31
Eimear,75,32
Zoe,75,32
Cara,74,34
Courtney,70,35
Catherine,68,36
Bethany,64,37
Louise,61,38
Olivia,59,39
Zara,56,40
Orla,54,41
Rebekah,53,42
Charlotte,52,43
Jodie,52,43
Aine,51,45
Ella,51,45
Eve,50,47
Mia,50,47
Abigail,47,49
Beth,45,50
Hollie,45,50
Alexandra,44,52
Georgia,44,52
Victoria,43,54
Maria,42,55
Abbie,40,56
Alex,40,56
Claire,39,58
Kate,39,58
Natasha,39,58
Rachael,39,58
Morgan,38,62
Naomi,38,62
Jade,34,64
Jennifer,34,64
Aisling,33,66
Alice,33,66
Tara,33,66
Clodagh,32,69
Cliodhna,31,70
Elizabeth,31,70
Kirsty,29,72
Roisin,29,72
Shauna,29,72
Eva,28,75
Jenna,27,76
Kathryn,27,76
Alicia,26,78
Maeve,26,78
Melissa,26,78
Sara,26,78
Kerry,25,82
Lara,25,82
Mollie,25,82
Robyn,25,82
Chelsea,24,86
Orlaith,24,86
Mary,23,88
Samantha,23,88
Sinead,23,88
Alana,22,91
Bronagh,22,91
Emer,22,91
Katelyn,22,91
Meabh,22,91
Amber,21,96
Gemma,21,96
Katherine,21,96
Natalie,21,96
Abby,20,100
Annie,20,100
Lydia,20,100
Orlagh,20,100
Rhiannon,20,100
Stephanie,20,100
Clara,18,106
Danielle,18,106
Faye,18,106
Kirsten,18,106
Paige,18,106
Taylor,18,106
Elle,17,112
Hayley,17,112
Jasmine,17,112
Rhianna,17,112
Saoirse,17,112
Brooke,16,117
Caitlyn,16,117
Carla,16,117
Casey,16,117
Clare,16,117
Dearbhla,16,117
Fiona,16,117
Kaitlin,16,117
Kayleigh,16,117
Madison,16,117
Sian,16,117
Alanna,15,128
Cliona,15,128
Cora,15,128
Faith,15,128
Jordan,15,128
Kayla,15,128
Lois,15,128
Michaela,15,128
Nikita,15,128
Shakira,15,128
Gabrielle,14,138
Lauryn,14,138
Ruth,14,138
Sorcha,14,138
Alisha,13,142
Grainne,13,142
Jane,13,142
Joanna,13,142
Kaitlyn,13,142
Kelly,13,142
Toni,13,142
Aaliyah,12,149
Alannah,12,149
Chantelle,12,149
Colleen,12,149
Demi,12,149
Leona,12,149
Helen,11,155
Jenny,11,155
Karen,11,155
Kerri,11,155
Phoebe,11,155
Sophia,11,155
Yasmin,11,155
Ashleigh,10,162
Eden,10,162
Evie,10,162
Kacey,10,162
Kathleen,10,162
Katy,10,162
Kelsey,10,162
Lily,10,162
Margaret,10,162
Nadia,10,162
Sasha,10,162
Seana,10,162
Tegan,10,162
Tiarna,10,162
Andrea,9,176
Aoibhinn,9,176
Caragh,9,176
Cerys,9,176
Jamie-Lee,9,176
Lana,9,176
Nadine,9,176
Naoise,9,176
Rhea,9,176
Riona,9,176
Tamzin,9,176
Tierna,9,176
Abbey,8,188
Aoibh,8,188
Aoibheann,8,188
Carly,8,188
Charlene,8,188
Christina,8,188
Claudia,8,188
Daisy,8,188
Enya,8,188
Francesca,8,188
Jemma,8,188
Joanne,8,188
Julia,8,188
Kaci,8,188
Lisa,8,188
Meghan,8,188
Melanie,8,188
Millie,8,188
Mya,8,188
Nicola,8,188
Rose,8,188
Aideen,7,209
April,7,209
Brooklyn,7,209
Caroline,7,209
Carrie,7,209
Catriona,7,209
Charley,7,209
Eloise,7,209
Georgina,7,209
Jamie,7,209
Kara,7,209
Lucie,7,209
Mairead,7,209
Nia,7,209
Shona,7,209
Tori,7,209
Una,7,209
Aislinn,6,226
Annabel,6,226
Ava,6,226
Blaithin,6,226
Charlie,6,226
Cody,6,226
Dara,6,226
Deborah,6,226
Eleanor,6,226
Emma-Louise,6,226
Esther,6,226
Fionnuala,6,226
Imogen,6,226
Jayne,6,226
Jodi,6,226
Kerrie,6,226
Kiera,6,226
Leanne,6,226
Lucia,6,226
Maggie,6,226
Oonagh,6,226
Poppy,6,226
Rosie,6,226
Sarah-Jane,6,226
Siobhan,6,226
Stacey,6,226
Tia,6,226
Adele,5,253
Alison,5,253
Alyssa,5,253
Anne,5,253
Antonia,5,253
Ashley,5,253
Brogan,5,253
Cassie,5,253
Chantel,5,253
Codie,5,253
Connie,5,253
Darcy,5,253
Dawn,5,253
Deirbhile,5,253
Destiny,5,253
Eabha,5,253
Eireann,5,253
Elena,5,253
Freya,5,253
Hope,5,253
Jayde,5,253
Jolene,5,253
Josephine,5,253
Karla,5,253
Keely,5,253
Kyla,5,253
Kylie,5,253
Lia,5,253
Mackenzie,5,253
Mary-Kate,5,253
Nikki,5,253
Nuala,5,253
Susanna,5,253
Tamara,5,253
Aileen,4,287
Aimee-Louise,4,287
Aisha,4,287
Aisleen,4,287
Amelia,4,287
Amie,4,287
Ana,4,287
Angel,4,287
Angela,4,287
Asha,4,287
Becky,4,287
Blathnaid,4,287
Brianna,4,287
Brigid,4,287
Caelainn,4,287
Cailin,4,287
Caitriona,4,287
Carolyn,4,287
Cheyanne,4,287
Demi-Lee,4,287
Dervla,4,287
Eadaoin,4,287
Ebony,4,287
Eilis,4,287
Eimer,4,287
Elise,4,287
Hana,4,287
Heather,4,287
Heidi,4,287
Isabel,4,287
Jemima,4,287
Jill,4,287
Keeley,4,287
Kellie,4,287
Keri,4,287
Laoise,4,287
Leigh,4,287
Lyndsey,4,287
Meaghan,4,287
Meg,4,287
Michelle,4,287
Naomh,4,287
Nisha,4,287
Paula,4,287
Philippa,4,287
Renee,4,287
Ruby,4,287
Sacha,4,287
Sarah-Louise,4,287
Saskia,4,287
Shania,4,287
Shauneen,4,287
Tabitha,4,287
Tiffany,4,287
Abbi,3,341
Alanah,3,341
Alix,3,341
Alysha,3,341
Ami,3,341
Amy-Louise,3,341
Anya,3,341
Aoibhin,3,341
Breanna,3,341
Brenna,3,341
Bronwen,3,341
Cait,3,341
Caithlin,3,341
Cameron,3,341
Carley,3,341
Carragh,3,341
Cayla,3,341
Charis,3,341
Charlee,3,341
Ciarrai,3,341
Daire,3,341
Dani,3,341
Darcey,3,341
Davina,3,341
Dearbhail,3,341
Denise,3,341
Eibhlin,3,341
Eileen,3,341
Eilise,3,341
Eirinn,3,341
Emma-Jane,3,341
Erika,3,341
Erinn,3,341
Iona,3,341
Isabella,3,341
Joy,3,341
Julianna,3,341
Kaia,3,341
Kasey,3,341
Katelin,3,341
Katie-Lee,3,341
Keeva,3,341
Kieva,3,341
Kim,3,341
Kristin,3,341
Kym,3,341
Larissa,3,341
Lorna,3,341
Maddie,3,341
Madeleine,3,341
Madeline,3,341
Maia,3,341
Maisie,3,341
Mallaidh,3,341
Mariah,3,341
Martha,3,341
Martina,3,341
Maya,3,341
Natalia,3,341
Natalya,3,341
Nikkita,3,341
Nina,3,341
Orlaigh,3,341
Polly,3,341
Rheanna,3,341
Rosa,3,341
Rosemary,3,341
Saorlaith,3,341
Seanna,3,341
Serena,3,341
Shannan,3,341
Shonagh,3,341
Siofra,3,341
Susan,3,341
Suzanne,3,341
Tammy,3,341
Teagan,3,341
Teigan,3,341
Teresa,3,341
Therese,3,341
Tiernagh,3,341
