Name,Number of Babies,Rank
Emma,248,1
Katie,233,2
Chloe,209,3
Caitlin,205,4
Amy,185,5
Ellie,179,6
Rachel,174,7
Sarah,169,8
Megan,168,9
Hannah,166,10
Sophie,164,11
Aoife,161,12
Lucy,156,13
Niamh,147,14
Erin,145,15
Rebecca,145,15
Leah,138,17
Anna,135,18
Aimee,131,19
Lauren,130,20
Jessica,123,21
Holly,112,22
Molly,109,23
Emily,104,24
Caoimhe,83,25
Grace,82,26
Shannon,81,27
Ella,79,28
Ellen,78,29
Ciara,76,30
Nicole,74,31
Jodie,73,32
Olivia,72,33
Bethany,70,34
Cara,69,35
Zoe,66,36
Abbie,64,37
Courtney,64,37
Mia,59,39
Charlotte,57,40
Abigail,56,41
Eimear,55,42
Eve,55,42
Zara,55,42
Eva,51,45
Beth,50,46
Rebekah,49,47
Georgia,45,48
Morgan,44,49
Victoria,44,49
Aine,43,51
Laura,43,51
Catherine,41,53
Orla,40,54
Kate,39,55
Rachael,39,55
Louise,38,57
Naomi,37,58
Sinead,37,58
Katelyn,34,60
Kirsty,34,60
Abby,33,62
Natasha,33,62
Orlaith,33,62
Tara,33,62
Alex,32,66
Maria,32,66
Alexandra,30,68
Hollie,30,68
Mary,29,70
Alice,28,71
Brooke,28,71
Alicia,27,73
Cora,27,73
Lara,27,73
Amber,26,76
Cliodhna,26,76
Clodagh,26,76
Aisling,25,79
Jenna,25,79
Lily,25,79
Madison,25,79
Shauna,25,79
Annie,24,84
Kathryn,24,84
Meabh,24,84
Saoirse,24,84
Taylor,24,84
Claire,23,89
Elle,23,89
Kerry,23,89
Maeve,23,89
Sophia,23,89
Danielle,22,94
Gemma,22,94
Kaitlyn,22,94
Melissa,22,94
Bronagh,21,98
Clara,21,98
Katherine,21,98
Sara,21,98
Alanna,20,102
Nadine,20,102
Samantha,20,102
Alana,19,105
Mollie,19,105
Rhianna,19,105
Dearbhla,18,108
Emer,18,108
Jasmine,18,108
Kacey,18,108
Lydia,18,108
Nikita,18,108
Ava,17,114
Carla,17,114
Chantelle,17,114
Elizabeth,17,114
Grainne,17,114
Jennifer,17,114
Kirsten,17,114
Roisin,17,114
Chelsea,16,122
Nadia,16,122
Tia,16,122
Daisy,15,125
Kelsey,15,125
Nicola,15,125
Orlagh,15,125
Paige,15,125
Rhiannon,15,125
Sian,15,125
Demi,14,132
Gabrielle,14,132
Jade,14,132
Kerri,14,132
Maia,14,132
Ruth,14,132
Sasha,14,132
Aoibheann,13,139
Charlie,13,139
Faye,13,139
Isabella,13,139
Jane,13,139
Kayla,13,139
Tamzin,13,139
Tori,13,139
Elise,12,147
Faith,12,147
Jordan,12,147
Kelly,12,147
Lois,12,147
Natalie,12,147
Poppy,12,147
Robyn,12,147
Ruby,12,147
Alisha,11,156
Amelia,11,156
Casey,11,156
Christina,11,156
Kayleigh,11,156
Mya,11,156
Roise,11,156
Sorcha,11,156
Tierna,11,156
Toni,11,156
Alyssa,10,166
Cassie,10,166
Eden,10,166
Heather,10,166
Jenny,10,166
Jodi,10,166
Stephanie,10,166
Brianna,9,173
Clare,9,173
Codie,9,173
Evie,9,173
Fiona,9,173
Kaci,9,173
Kara,9,173
Katy,9,173
Lana,9,173
Lisa,9,173
Michaela,9,173
Shakira,9,173
Charley,8,185
Dervla,8,185
Fionnuala,8,185
Freya,8,185
Helen,8,185
Imogen,8,185
Jamie,8,185
Joanne,8,185
Kaitlin,8,185
Kathleen,8,185
Kerrie,8,185
Lucie,8,185
Michelle,8,185
Paula,8,185
Rhea,8,185
Serena,8,185
Yasmin,8,185
Abbi,7,202
Angel,7,202
Annabel,7,202
Antonia,7,202
Aoibhinn,7,202
Caragh,7,202
Carys,7,202
Cerys,7,202
Colleen,7,202
Connie,7,202
Dara,7,202
Eireann,7,202
Julia,7,202
Leona,7,202
Madeleine,7,202
Paris,7,202
Phoebe,7,202
Rosa,7,202
Rose,7,202
Shania,7,202
Shona,7,202
Tiarna,7,202
Aaliyah,6,224
Andrea,6,224
Anne,6,224
Brona,6,224
Cody,6,224
Darcy,6,224
Elisha,6,224
Enya,6,224
Hayley,6,224
Jasmin,6,224
Jemma,6,224
Jude,6,224
Julie,6,224
Karen,6,224
Kenzie,6,224
Kyra,6,224
Laoise,6,224
Margaret,6,224
Maya,6,224
Millie,6,224
Rosemary,6,224
Seana,6,224
Shanice,6,224
Tegan,6,224
Abbey,5,248
Aislinn,5,248
Alannah,5,248
Alexandria,5,248
Ally,5,248
Alysha,5,248
Ashleigh,5,248
Bethan,5,248
Caitlyn,5,248
Caroline,5,248
Catriona,5,248
Charlene,5,248
Claudia,5,248
Cliona,5,248
Eloise,5,248
Iona,5,248
Isabelle,5,248
Jayne,5,248
Jill,5,248
Kailey,5,248
Keely,5,248
Lauryn,5,248
Louisa,5,248
Mackenzie,5,248
Moya,5,248
Naoimh,5,248
Neve,5,248
Nina,5,248
Oonagh,5,248
Rosie,5,248
Shannagh,5,248
Stacey,5,248
Summer,5,248
Susanna,5,248
Suzanne,5,248
Tammy,5,248
Adele,4,284
Aoibhin,4,284
Blathnaid,4,284
Cadhla,4,284
Cameron,4,284
Charly,4,284
Cheyenne,4,284
Christine,4,284
Ciarrai,4,284
Dearbhaile,4,284
Deirbhile,4,284
Dionne,4,284
Eimhear,4,284
Eleanor,4,284
Emma-Louise,4,284
Erica,4,284
Erinn,4,284
Esther,4,284
Evelyn,4,284
Hanna,4,284
Jamie-Lee,4,284
Joanna,4,284
Jody,4,284
Jolene,4,284
Joy,4,284
Karla,4,284
Keeva,4,284
Keri,4,284
Kiera,4,284
Leanne,4,284
Leigh,4,284
Leigha,4,284
Letitia,4,284
Lucia,4,284
Mairead,4,284
Marie,4,284
Melanie,4,284
Patricia,4,284
Rioghnach,4,284
Roma,4,284
Saffron,4,284
Sarah-Louise,4,284
Shanna,4,284
Shannen,4,284
Siobhan,4,284
Skye,4,284
Susannah,4,284
Abi,3,331
Aideen,3,331
Alix,3,331
Ami,3,331
Amie,3,331
Amy-Leigh,3,331
Ann,3,331
Aoibhe,3,331
Arwen,3,331
Ashling,3,331
Atlanta,3,331
Blanaid,3,331
Bridget,3,331
Cailin,3,331
Cait,3,331
Caitilin,3,331
Carly,3,331
Carrie,3,331
Chanelle,3,331
Charis,3,331
Chloe-Louise,3,331
Daniella,3,331
Darcey,3,331
Deborah,3,331
Demi-Lee,3,331
Desiree,3,331
Eadaoin,3,331
Ebony,3,331
Eilis,3,331
Elaine,3,331
Ellie-Mae,3,331
Elsa,3,331
Emma-Jane,3,331
Esme,3,331
Farrah,3,331
Felicity,3,331
Francesca,3,331
Gabriella,3,331
Georgina,3,331
Gillian,3,331
Gracie,3,331
Hailie,3,331
Halle,3,331
Honor,3,331
Hope,3,331
India,3,331
Isabel,3,331
Jolie,3,331
Jorja,3,331
Judith,3,331
Julie-Anne,3,331
Katelin,3,331
Katie-Ann,3,331
Katie-Rose,3,331
Katlyn,3,331
Katrina,3,331
Kaytlin,3,331
Keela,3,331
Kirstin,3,331
Kyla,3,331
Lea,3,331
Lena,3,331
Leonie,3,331
Libby,3,331
Logan,3,331
Lori,3,331
Maddie,3,331
Madeline,3,331
Madelyn,3,331
Maisie,3,331
Malia,3,331
Martha,3,331
Meadhbh,3,331
Meg,3,331
Meghan,3,331
Miriam,3,331
Myah,3,331
Nikki,3,331
Nuala,3,331
Orna,3,331
Padraigin,3,331
Riley,3,331
Riona,3,331
Sally,3,331
Savannah,3,331
Scarlett,3,331
Sommer,3,331
Susan,3,331
Tanya,3,331
Therese,3,331
Tiana,3,331
Tina,3,331
Trinity,3,331
Una,3,331
Vanessa,3,331
Yazmin,3,331
Zahra,3,331
