Name,Number of Babies,Rank
Katie,297,1
Grace,231,2
Sophie,221,3
Emma,213,4
Ellie,194,5
Lucy,193,6
Sarah,171,7
Hannah,169,8
Jessica,164,9
Erin,159,10
Chloe,158,11
Niamh,151,12
Caitlin,149,13
Amy,143,14
Aoife,143,14
Leah,142,16
Emily,139,17
Rebecca,135,18
Aimee,131,19
Anna,130,20
Molly,117,21
Megan,115,22
Olivia,101,23
Cara,100,24
Ella,96,25
Mia,95,26
Rachel,89,27
Lauren,87,28
Holly,85,29
Abbie,81,30
Eva,80,31
Caoimhe,74,32
Eimear,70,33
Ciara,67,34
Zara,67,34
Eve,60,36
Madison,59,37
Nicole,58,38
Rhianna,58,38
Shannon,58,38
Abigail,57,41
Catherine,57,41
Laura,55,43
Zoe,55,43
Beth,54,45
Ellen,54,45
Ruby,54,45
Charlotte,52,48
Kate,44,49
Bethany,41,50
Courtney,40,51
Lily,38,52
Cora,37,53
Aine,36,54
Evie,36,54
Jasmine,35,56
Orla,35,56
Tara,35,56
Brooke,34,59
Sophia,34,59
Alex,33,61
Annie,33,61
Georgia,33,61
Hollie,33,61
Jodie,33,61
Lara,33,61
Orlaith,33,61
Cliodhna,32,68
Faith,32,68
Alisha,31,70
Amber,31,70
Clara,31,70
Clodagh,31,70
Kayleigh,31,70
Naomi,31,70
Paige,31,70
Alicia,30,77
Kayla,30,77
Maria,29,79
Alexandra,28,80
Ava,27,81
Mollie,27,81
Poppy,27,81
Mary,26,84
Saoirse,26,84
Mya,25,86
Natasha,25,86
Elizabeth,24,88
Louise,24,88
Lucie,24,88
Rachael,24,88
Rebekah,24,88
Abi,22,93
Alana,22,93
Isabella,22,93
Jenna,22,93
Kara,22,93
Casey,21,98
Katelyn,21,98
Meabh,21,98
Alice,20,101
Aoibheann,20,101
Charlie,20,101
Demi,20,101
Freya,20,101
Rose,20,101
Sienna,20,101
Taylor,20,101
Tia,20,101
Kathryn,19,110
Lois,19,110
Sinead,19,110
Tori,19,110
Amelia,18,114
Brianna,18,114
Chelsea,18,114
Elle,18,114
Kaitlyn,18,114
Kelsey,18,114
Victoria,18,114
Aisling,17,121
Carla,17,121
Claire,17,121
Faye,17,121
Lydia,17,121
Phoebe,17,121
Robyn,17,121
Roisin,17,121
Shauna,17,121
Bronagh,16,130
Eireann,16,130
Jorja,16,130
Keira,16,130
Lucia,16,130
Morgan,16,130
Rihanna,16,130
Alanna,15,137
Charley,15,137
Kaci,15,137
Maeve,15,137
Maya,15,137
Melissa,15,137
Rhiannon,15,137
Summer,15,137
Alyssa,14,145
Cassie,14,145
Dearbhla,14,145
Eabha,14,145
Gemma,14,145
Joanna,14,145
Julia,14,145
Kacey,14,145
Michaela,14,145
Scarlett,14,145
Caitlyn,13,154
Caragh,13,154
Daisy,13,154
Fiona,13,154
Kirsten,13,154
Samantha,13,154
Sasha,13,154
Clare,12,162
Darcy,12,162
Enya,12,162
Grainne,12,162
Jade,12,162
Jennifer,12,162
Kiera,12,162
Roise,12,162
Aaliyah,11,170
Abbi,11,170
Alannah,11,170
Carys,11,170
Danielle,11,170
Gabrielle,11,170
Hope,11,170
Jane,11,170
Katherine,11,170
Katy,11,170
Kirsty,11,170
Lisa,11,170
Rosie,11,170
Skye,11,170
Aoibhe,10,184
Ashleigh,10,184
Chantelle,10,184
Claudia,10,184
Dakota,10,184
Darcey,10,184
Georgina,10,184
Gracie,10,184
Hayley,10,184
Heidi,10,184
Imogen,10,184
Jodi,10,184
Maddison,10,184
Naoise,10,184
Natalie,10,184
Ruth,10,184
Sara,10,184
Serena,10,184
Teagan,10,184
Abby,9,203
Annabelle,9,203
Aoibh,9,203
Aoibhin,9,203
Carly,9,203
Connie,9,203
Francesca,9,203
Kaitlin,9,203
Keeley,9,203
Kyla,9,203
Lana,9,203
Maebh,9,203
Millie,9,203
Shania,9,203
Tegan,9,203
Tess,9,203
Aislinn,8,219
Blaithin,8,219
Colleen,8,219
Eden,8,219
Emer,8,219
Iona,8,219
Jemma,8,219
Kayley,8,219
Kelly,8,219
Laoise,8,219
Maia,8,219
Paris,8,219
Riona,8,219
Rosa,8,219
Samara,8,219
Sofia,8,219
Sorcha,8,219
Tamzin,8,219
Toni,8,219
Anne,7,238
Ashley,7,238
Brogan,7,238
Cody,7,238
Eimhear,7,238
Eloise,7,238
Emilija,7,238
Erinn,7,238
Farrah,7,238
Fionnuala,7,238
Halle,7,238
Isla,7,238
Jayne,7,238
Jenny,7,238
Karis,7,238
Kathleen,7,238
Kenzie,7,238
Kerri,7,238
Lola,7,238
Madeleine,7,238
Margaret,7,238
Oonagh,7,238
Rianna,7,238
Shona,7,238
Stephanie,7,238
Susannah,7,238
Una,7,238
Alexis,6,265
Andrea,6,265
Angel,6,265
Carrie,6,265
Cerys,6,265
Christina,6,265
Darcie,6,265
Ebony,6,265
Eleanor,6,265
Elise,6,265
Erica,6,265
Esther,6,265
Katie-leigh,6,265
Kerry,6,265
Kyra,6,265
Leona,6,265
Lexie,6,265
Libby,6,265
Lilly,6,265
Martha,6,265
Mary-kate,6,265
Michelle,6,265
Nicola,6,265
Nikita,6,265
Nina,6,265
Tianna,6,265
Tiarna,6,265
Tilly,6,265
Vanessa,6,265
Abbey,5,294
Amy-leigh,5,294
Anya,5,294
Brenna,5,294
Brooklyn,5,294
Cadhla,5,294
Callie,5,294
Cliona,5,294
Codie,5,294
Darci,5,294
Ella-rose,5,294
India,5,294
Jamie,5,294
Jessie,5,294
Judith,5,294
Karolina,5,294
Katie-rose,5,294
Keeva,5,294
Klara,5,294
Lauryn,5,294
Leigha,5,294
Maddie,5,294
Maggie,5,294
Mairead,5,294
Marissa,5,294
Meghan,5,294
Miya,5,294
Moya,5,294
Orlagh,5,294
Regan,5,294
Rhea,5,294
Ria,5,294
Sarah-jane,5,294
Savannah,5,294
Seana,5,294
Shakira,5,294
Shanice,5,294
Stacey,5,294
Alesha,4,332
Alexandria,4,332
Annabel,4,332
Aobh,4,332
Arabella,4,332
Arianna,4,332
Bethan,4,332
Blathnaid,4,332
Catriona,4,332
Ceallach,4,332
Charli,4,332
Ciarrai,4,332
Dervla,4,332
Eadaoin,4,332
Eilish,4,332
Elena,4,332
Eliza,4,332
Ellie-louise,4,332
Ellie-rose,4,332
Emilie,4,332
Emma-jane,4,332
Emma-louise,4,332
Gabriele,4,332
Heather,4,332
Isabel,4,332
Isabelle,4,332
Jamie-lee,4,332
Jill,4,332
Kaci-lee,4,332
Katelynn,4,332
Keely,4,332
Keisha,4,332
Kellie,4,332
Kimberley,4,332
Kodi,4,332
Lacey,4,332
Layla,4,332
Leann,4,332
Leanne,4,332
Maja,4,332
Melanie,4,332
Mischa,4,332
Natalia,4,332
Sadie,4,332
Sian,4,332
Sonia,4,332
Susan,4,332
Susanna,4,332
Tabitha,4,332
Tierna,4,332
Trinity,4,332
Yasmin,4,332
Abbie-lee,3,384
Adrianna,3,384
Aisha,3,384
Alix,3,384
Amelie,3,384
Amie,3,384
Amy-lee,3,384
Anais,3,384
Angelica,3,384
Ann,3,384
Aoibhinn,3,384
April,3,384
Asha,3,384
Ashlyn,3,384
Auguste,3,384
Austeja,3,384
Beatrice,3,384
Bernadette,3,384
Billie,3,384
Breanna,3,384
Bridget,3,384
Bridin,3,384
Brigid,3,384
Bryony,3,384
Cait,3,384
Caithlin,3,384
Candice,3,384
Ceili,3,384
Charlene,3,384
Chelsey,3,384
Claragh,3,384
Daria,3,384
Dawn,3,384
Demi-lee,3,384
Destiny,3,384
Edie,3,384
Eilis,3,384
Elisha,3,384
Ellie-may,3,384
Erika,3,384
Evelyn,3,384
Fay,3,384
Fianna,3,384
Frances,3,384
Hailie,3,384
Haley,3,384
Harriet,3,384
Helen,3,384
Helena,3,384
Iman,3,384
Jayla,3,384
Jean,3,384
Jennie,3,384
Joanne,3,384
Jody,3,384
Jordan,3,384
Joy,3,384
Juliette,3,384
Kadie,3,384
Kaelah,3,384
Karla,3,384
Katie-louise,3,384
Katrina,3,384
Kelis,3,384
Kelsie,3,384
Keri,3,384
Kezia,3,384
Kristen,3,384
Kristin,3,384
Kylie,3,384
Kym,3,384
Lea,3,384
Liana,3,384
Lillie,3,384
Lisa-marie,3,384
Louisa,3,384
Lyla,3,384
Macie,3,384
Mackenzie,3,384
Maire,3,384
Maisie,3,384
Makayla,3,384
Marie,3,384
Matilda,3,384
Maura,3,384
Maureen,3,384
Nadia,3,384
Nadine,3,384
Nell,3,384
Neve,3,384
Nia,3,384
Nikki,3,384
Oliwia,3,384
Rea,3,384
Reanna,3,384
Rhian,3,384
Rhianne,3,384
Rioghnach,3,384
Rionach,3,384
Sadhbh,3,384
Saffron,3,384
Saskia,3,384
Seren,3,384
Shana,3,384
Shanna,3,384
Sharon,3,384
Siobhan,3,384
Siomha,3,384
Sofie,3,384
Storm,3,384
Suzanne,3,384
Tamara,3,384
Teigan,3,384
Terri,3,384
Tessa,3,384
Tyana,3,384
Veronica,3,384
Zahra,3,384
