Name,Number of Babies,Rank
Emily,203,1
Grace,203,1
Sophie,194,3
Ella,189,4
Sophia,174,5
Lucy,171,6
Aoife,163,7
Amelia,159,8
Anna,158,9
Jessica,158,9
Eva,150,11
Ava,139,12
Katie,139,12
Erin,131,14
Olivia,129,15
Mia,127,16
Lily,123,17
Chloe,120,18
Emma,120,18
Ruby,113,20
Ellie,100,21
Cara,99,22
Hannah,99,22
Leah,99,22
Niamh,98,25
Molly,94,26
Isla,93,27
Holly,85,28
Sarah,84,29
Charlotte,81,30
Isabella,77,31
Annie,75,32
Evie,68,33
Georgia,66,34
Freya,65,35
Caoimhe,64,36
Poppy,63,37
Scarlett,63,37
Sienna,62,39
Amy,58,40
Lexi,58,40
Aimee,56,42
Caitlin,53,43
Abigail,52,44
Maisie,50,45
Megan,50,45
Zara,50,45
Faye,49,48
Alice,47,49
Bella,46,50
Hollie,46,50
Clara,44,52
Sofia,43,53
Lauren,41,54
Rachel,41,54
Faith,40,56
Rebecca,40,56
Abbie,39,58
Eimear,39,58
Mollie,39,58
Kate,38,61
Phoebe,37,62
Eve,36,63
Farrah,36,63
Mya,36,63
Zoe,36,63
Cora,35,67
Lola,35,67
Rose,35,67
Rosie,35,67
Clodagh,34,71
Amber,33,72
Brooke,33,72
Robyn,33,72
Kayla,32,75
Madison,32,75
Nicole,32,75
Summer,32,75
Alexandra,31,79
Eabha,31,79
Lacey,31,79
Beth,30,82
Catherine,29,83
Darcy,29,83
Julia,29,83
Elsie,28,86
Jasmine,28,86
Saoirse,28,86
Connie,27,89
Daisy,27,89
Ellen,27,89
Gracie,27,89
Lara,27,89
Meabh,27,89
Aine,26,95
Layla,26,95
Maria,26,95
Maya,26,95
Bethany,25,99
Cadhla,25,99
Ciara,25,99
Lexie,25,99
Alexis,23,103
Darcey,23,103
Willow,23,103
Elizabeth,22,106
Fiadh,22,106
Miley,22,106
Aoibhe,21,109
Eden,21,109
Orlaith,21,109
Laura,20,112
Lucia,20,112
Lydia,20,112
Tilly,20,112
Alicia,19,116
Cassie,19,116
Darcie,19,116
Emilia,19,116
Heidi,19,116
Naomi,19,116
Roise,19,116
Sara,19,116
Hanna,18,124
Orla,18,124
Paige,18,124
Penny,18,124
Rebekah,18,124
Aoibheann,17,129
Aoibhinn,17,129
Myla,17,129
Kelsey,16,132
Lana,16,132
Matilda,16,132
Annabel,15,135
Charley,15,135
Maeve,15,135
Pippa,15,135
Rosa,15,135
Victoria,15,135
Alana,14,141
Amelie,14,141
Grainne,14,141
Isabelle,14,141
Lilly,14,141
Maddison,14,141
Sadie,14,141
Tara,14,141
Taylor,14,141
Alanna,13,150
Annabelle,13,150
Carly,13,150
Casey,13,150
Cliodhna,13,150
Elena,13,150
Ella-rose,13,150
Eloise,13,150
Isobel,13,150
Katelyn,13,150
Lena,13,150
Maisy,13,150
Maja,13,150
Martha,13,150
Nikola,13,150
Rhea,13,150
Shannon,13,150
Aisling,12,167
Emeli,12,167
Gabriella,12,167
Ivy,12,167
Katherine,12,167
Macie,12,167
Maggie,12,167
Mary,12,167
Mila,12,167
Nina,12,167
Sorcha,12,167
Abby,11,178
Alesha,11,178
Alex,11,178
Darci,11,178
Eireann,11,178
Emilie,11,178
Erica,11,178
Francesca,11,178
Harper,11,178
Hope,11,178
Imogen,11,178
Indie,11,178
Jane,11,178
Jodie,11,178
Kacie,11,178
Keeva,11,178
Lila,11,178
Lyla,11,178
Millie,11,178
Thea,11,178
Tia,11,178
Abi,10,199
Alexa,10,199
Arya,10,199
Caragh,10,199
Claire,10,199
Courtney,10,199
Dakota,10,199
Eliza,10,199
Elsa,10,199
Jorja,10,199
Kara,10,199
Kyla,10,199
Lacie,10,199
Lillie,10,199
Lottie,10,199
Maddie,10,199
Roisin,10,199
Saorlaith,10,199
Teagan,10,199
Alyssa,9,218
Aria,9,218
Dearbhla,9,218
Elise,9,218
Enya,9,218
Hayley,9,218
Jessie,9,218
Kyra,9,218
Lois,9,218
Lucie,9,218
Maci,9,218
Maia,9,218
Natasha,9,218
Samantha,9,218
Savannah,9,218
Tess,9,218
Amelia-rose,8,234
Ana,8,234
Angel,8,234
Ayla,8,234
Bronagh,8,234
Caitlyn,8,234
Charlie,8,234
Gabrielle,8,234
Kayleigh,8,234
Leila,8,234
Macy,8,234
Melissa,8,234
Michaela,8,234
Natalia,8,234
Ria,8,234
Rihanna,8,234
Sinead,8,234
Siofra,8,234
Skye,8,234
Vanessa,8,234
Zuzanna,8,234
Aaliyah,7,255
Alannah,7,255
Alisha,7,255
Ava-rose,7,255
Avery,7,255
Bonnie,7,255
Brianna,7,255
Edith,7,255
Eimhear,7,255
Eleanor,7,255
Ellie-may,7,255
Emilee,7,255
Emmie,7,255
Fianna,7,255
Iona,7,255
Jade,7,255
Jennifer,7,255
Kaci,7,255
Kaitlin,7,255
Katy,7,255
Khloe,7,255
Leona,7,255
Nevaeh,7,255
Nora,7,255
Oliwia,7,255
Priya,7,255
Sally,7,255
Tierna,7,255
Tori,7,255
Aideen,6,284
Alicja,6,284
Aliyah,6,284
Allie,6,284
Anya,6,284
Aoibh,6,284
Arabella,6,284
Ariana,6,284
Autumn,6,284
Belle,6,284
Brooklyn,6,284
Callie,6,284
Carla,6,284
Carragh,6,284
Eirinn,6,284
Ella-mae,6,284
Ellie-mae,6,284
Emer,6,284
Eva-rose,6,284
Felicity,6,284
Fia,6,284
Florence,6,284
Gabriela,6,284
Hailey,6,284
Jenna,6,284
Kathleen,6,284
Laoise,6,284
Libby,6,284
Liliana,6,284
Lily-rose,6,284
Livia,6,284
Marnie,6,284
Michelle,6,284
Myah,6,284
Mylie,6,284
Philippa,6,284
Riona,6,284
Rionach,6,284
Ruth,6,284
Una,6,284
Vanesa,6,284
Yasmin,6,284
Zoey,6,284
Amanda,5,327
Amira,5,327
Arianna,5,327
Blathnaid,5,327
Bobbi,5,327
Brigid,5,327
Cali,5,327
Charis,5,327
Christina,5,327
Danielle,5,327
Ellie-rose,5,327
Emilija,5,327
Esther,5,327
Fiona,5,327
Gemma,5,327
Georgie,5,327
Halle,5,327
Josie,5,327
Karolina,5,327
Katie-leigh,5,327
Kaylee,5,327
Keira,5,327
Kornelia,5,327
Laila,5,327
Lily-mae,5,327
Macey,5,327
Madeleine,5,327
Madeline,5,327
Maebh,5,327
Mea,5,327
Morgan,5,327
Nancy,5,327
Naoise,5,327
Patricia,5,327
Piper,5,327
Pola,5,327
Rhia,5,327
Scarlet,5,327
Sian,5,327
Tiana,5,327
Tiarna,5,327
Tillie,5,327
Zofia,5,327
Ailish,4,370
Ailsa,4,370
Alayna,4,370
Annabella,4,370
Aoibhin,4,370
April,4,370
Austeja,4,370
Bailey,4,370
Billie,4,370
Cait,4,370
Caroline,4,370
Cayla,4,370
Chelsea,4,370
Claudia,4,370
Cliona,4,370
Cobhlaith,4,370
Colleen,4,370
Crystal,4,370
Demi,4,370
Devon,4,370
Elle,4,370
Emelia,4,370
Esme,4,370
Evangeline,4,370
Evelina,4,370
Farah,4,370
Gianna,4,370
Harley,4,370
Harriet,4,370
Hayleigh,4,370
Hazel,4,370
India,4,370
Isabel,4,370
Kaia,4,370
Kaitlyn,4,370
Kathryn,4,370
Katie-rose,4,370
Kerry,4,370
Kimberly,4,370
Kitty,4,370
Lea,4,370
Leigha,4,370
Lilah,4,370
Lily-anne,4,370
Lisa,4,370
Louise,4,370
Maire,4,370
Mairead,4,370
Milana,4,370
Miya,4,370
Muireann,4,370
Nell,4,370
Nia,4,370
Nicola,4,370
Nuala,4,370
Olive,4,370
Orlagh,4,370
Penelope,4,370
Pixie,4,370
Polly,4,370
Poppie,4,370
Radha,4,370
Rene,4,370
Saorla,4,370
Sasha,4,370
Shauna,4,370
Siun,4,370
Tegan,4,370
Tianna,4,370
Violet,4,370
Ada,3,440
Addison,3,440
Adrianna,3,440
Agne,3,440
Aida,3,440
Aleah,3,440
Aleesha,3,440
Alexandria,3,440
Aleyna,3,440
Alison,3,440
Amina,3,440
Amy-rose,3,440
Anastasia,3,440
Andrea,3,440
Andreja,3,440
Angela,3,440
Anna-rose,3,440
Annaliese,3,440
Ashley,3,440
Aurora,3,440
Ava-grace,3,440
Beatrice,3,440
Beau,3,440
Bella-rose,3,440
Bianca,3,440
Brannagh,3,440
Brogan,3,440
Casey-lee,3,440
Ceallach,3,440
Cheyenne,3,440
Coragh,3,440
Cuisle,3,440
Danica,3,440
Daniele,3,440
Demi-lee,3,440
Drew,3,440
Edie,3,440
Eibhlin,3,440
Eile,3,440
Eileen,3,440
Eilidh,3,440
Eilis,3,440
Einin,3,440
Ela,3,440
Elianna,3,440
Elisha,3,440
Ella-louise,3,440
Ella-may,3,440
Ema,3,440
Emily-grace,3,440
Emily-rose,3,440
Enna,3,440
Eva-grace,3,440
Evelyn,3,440
Frances,3,440
Frankie,3,440
Gabija,3,440
Helen,3,440
Helena,3,440
Indi,3,440
Jagoda,3,440
Joanna,3,440
Joanne,3,440
Josephine,3,440
Juliette,3,440
Kacey,3,440
Kaila,3,440
Kaitlynn,3,440
Kasey,3,440
Kassie,3,440
Katelynn,3,440
Kaya,3,440
Kelsi,3,440
Kelsie,3,440
Kiara,3,440
Kiera,3,440
Kimberley,3,440
Klara,3,440
Kourtney,3,440
Kristina,3,440
Krystal,3,440
Laci,3,440
Leanna,3,440
Leja,3,440
Lilia,3,440
Lilianna,3,440
Lilli,3,440
Lori,3,440
Lotti,3,440
Louisa,3,440
Luisa,3,440
Maisey,3,440
Maizie,3,440
Mariah,3,440
Marie,3,440
Marley,3,440
May,3,440
Mazie,3,440
Meghan,3,440
Meia,3,440
Melanie,3,440
Melanija,3,440
Mia-rose,3,440
Milly,3,440
Mylah,3,440
Naoimh,3,440
Nessa,3,440
Nikita,3,440
Oonagh,3,440
Orlaigh,3,440
Rebeka,3,440
Regan,3,440
Riley,3,440
Saerlaith,3,440
Seren,3,440
Shania,3,440
Shelby,3,440
Sofie,3,440
Sophia-grace,3,440
Stephanie,3,440
Susannah,3,440
Sylvie,3,440
Tabitha,3,440
Teresa,3,440
Tessa,3,440
Tiffany,3,440
Ugne,3,440
Whitney,3,440
Zarah,3,440
