Name,Number of Babies,Rank
Emily,261,1
Grace,189,2
Sophie,180,3
Amelia,175,4
Ella,172,5
Olivia,152,6
Anna,150,7
Lucy,149,8
Sophia,148,9
Eva,146,10
Lily,137,11
Aoife,132,12
Katie,126,13
Isla,123,14
Jessica,123,14
Ava,117,16
Hannah,117,16
Ellie,109,18
Emma,105,19
Molly,103,20
Niamh,103,20
Ruby,103,20
Mia,101,23
Erin,98,24
Sarah,97,25
Chloe,94,26
Leah,92,27
Evie,91,28
Cara,87,29
Holly,82,30
Scarlett,82,30
Poppy,81,32
Georgia,76,33
Annie,73,34
Charlotte,73,34
Sofia,64,36
Isabella,63,37
Sienna,62,38
Maisie,59,39
Amy,58,40
Caoimhe,58,40
Faith,57,42
Freya,56,43
Mollie,51,44
Zara,50,45
Abigail,49,46
Eimear,49,46
Bella,47,48
Brooke,47,48
Amber,46,50
Cora,45,51
Rebecca,45,51
Abbie,44,53
Megan,42,54
Caitlin,41,55
Rose,41,55
Hollie,40,57
Lexi,40,57
Phoebe,39,59
Aimee,38,60
Clara,38,60
Ellen,38,60
Kayla,37,63
Darcy,36,64
Eve,36,64
Alice,35,66
Farrah,35,66
Faye,35,66
Daisy,34,69
Layla,34,69
Lola,34,69
Mya,34,69
Orla,34,69
Clodagh,33,74
Willow,33,74
Zoe,33,74
Fiadh,31,77
Lauren,30,78
Meabh,30,78
Robyn,30,78
Aine,29,81
Annabelle,29,81
Maria,29,81
Aoibheann,28,84
Lucia,28,84
Elizabeth,27,86
Lara,27,86
Nicole,27,86
Aria,26,89
Darcey,26,89
Eabha,26,89
Madison,26,89
Rosie,26,89
Beth,25,94
Darcie,25,94
Lydia,25,94
Paige,25,94
Rachel,25,94
Bethany,24,99
Eliza,24,99
Heidi,24,99
Jasmine,24,99
Lacey,24,99
Laura,24,99
Tilly,24,99
Ciara,23,106
Connie,23,106
Emilia,23,106
Julia,23,106
Kate,23,106
Lucie,23,106
Penny,23,106
Saoirse,23,106
Thea,23,106
Victoria,23,106
Casey,22,116
Catherine,22,116
Rebekah,22,116
Eden,21,119
Lilly,21,119
Orlaith,21,119
Summer,21,119
Cadhla,20,123
Cassie,20,123
Elsie,20,123
Gracie,20,123
Maeve,20,123
Martha,20,123
Cliodhna,19,129
Harper,19,129
Mary,19,129
Myla,19,129
Nancy,19,129
Aoibhe,18,134
Sadie,18,134
Alexandra,17,136
Amelie,17,136
Aoibhinn,17,136
Lena,17,136
Naomi,17,136
Pippa,17,136
Alicia,16,142
Annabel,16,142
Mila,16,142
Millie,16,142
Saorlaith,16,142
Lana,15,147
Lexie,15,147
Maddie,15,147
Maya,15,147
Rosa,15,147
Ella-Rose,14,152
Imogen,14,152
Lillie,14,152
Roise,14,152
Alexa,13,156
Alexis,13,156
Alisha,13,156
Ariana,13,156
Caragh,13,156
Emilie,13,156
Esme,13,156
Evelyn,13,156
Fianna,13,156
Hanna,13,156
Katherine,13,156
Kayleigh,13,156
Maisy,13,156
Maja,13,156
Priya,13,156
Alanna,12,171
Bonnie,12,171
Eireann,12,171
Elsa,12,171
Hope,12,171
Matilda,12,171
Sara,12,171
Abby,11,178
Aoibh,11,178
Aoibhin,11,178
Carly,11,178
Dearbhla,11,178
Elena,11,178
Eloise,11,178
Lois,11,178
Lottie,11,178
Lyla,11,178
Maggie,11,178
Nadia,11,178
Taylor,11,178
Alannah,10,191
Dakota,10,191
Enya,10,191
Isobel,10,191
Kacie,10,191
Kara,10,191
Macie,10,191
Maddison,10,191
Nina,10,191
Roisin,10,191
Shannon,10,191
Skye,10,191
Violet,10,191
Zuzanna,10,191
Aisling,9,205
Alesha,9,205
Alex,9,205
Arianna,9,205
Emilija,9,205
Emily-Rose,9,205
Esther,9,205
Farah,9,205
Harriet,9,205
Ivy,9,205
Jessie,9,205
Jorja,9,205
Katelyn,9,205
Kelsey,9,205
Khloe,9,205
Kyla,9,205
Lily-Mae,9,205
Macey,9,205
Oliwia,9,205
Savannah,9,205
Tara,9,205
Tess,9,205
Tia,9,205
Yasmin,9,205
Aaliyah,8,229
Ana,8,229
April,8,229
Charley,8,229
Eirinn,8,229
Ellie-Mae,8,229
Emmie,8,229
Emmy,8,229
Isabel,8,229
Jodie,8,229
Kaitlyn,8,229
Kathryn,8,229
Michaela,8,229
Miley,8,229
Natalia,8,229
Penelope,8,229
Siofra,8,229
Valentina,8,229
Alba,7,247
Aleksandra,7,247
Alyssa,7,247
Amira,7,247
Bronagh,7,247
Caitlyn,7,247
Callie,7,247
Claudia,7,247
Ebony,7,247
Emelia,7,247
Francesca,7,247
Gemma,7,247
Hallie,7,247
Isabelle,7,247
Jade,7,247
Jane,7,247
Joanna,7,247
Kasey,7,247
Laila,7,247
Leila,7,247
Louise,7,247
Luna,7,247
Melissa,7,247
Milana,7,247
Natalie,7,247
Nikola,7,247
Quinn,7,247
Rhea,7,247
Rhia,7,247
Sinead,7,247
Tiana,7,247
Adrianna,6,278
Amelia-Rose,6,278
Arabella,6,278
Ava-Rose,6,278
Ayla,6,278
Belle,6,278
Christina,6,278
eadaoin,6,278
Edie,6,278
Edith,6,278
Eibhlin,6,278
Emer,6,278
Emme,6,278
Erika,6,278
Felicity,6,278
Gabriella,6,278
Gabrielle,6,278
Grainne,6,278
Iris,6,278
Izabella,6,278
Jennifer,6,278
Kaci,6,278
Katy,6,278
Kelsie,6,278
Kendall,6,278
Kyra,6,278
Lacie,6,278
Libby,6,278
Lily-Rose,6,278
Lori,6,278
Ria,6,278
Riona,6,278
Susanna,6,278
Teagan,6,278
Toni,6,278
Vanessa,6,278
Abi,5,314
Allie,5,314
Angel,5,314
Anya,5,314
Arya,5,314
Austeja,5,314
Autumn,5,314
Blaithin,5,314
Brooklyn,5,314
Caela,5,314
Charlie,5,314
Cliona,5,314
Colleen,5,314
eimhear,5,314
Elayna,5,314
Eleanor,5,314
Ellie-Rose,5,314
Fia,5,314
Florence,5,314
Frankie,5,314
Gabriela,5,314
Hayley,5,314
Honor,5,314
India,5,314
Jenna,5,314
Joni,5,314
Kacey,5,314
Keeva,5,314
Klara,5,314
Lila,5,314
Lilah,5,314
Lily-May,5,314
Louisa,5,314
Maci,5,314
Macy,5,314
Madeleine,5,314
Mairead,5,314
Morgan,5,314
Muireann,5,314
Myah,5,314
Natasha,5,314
Nevaeh,5,314
Nicola,5,314
Olive,5,314
Sadhbh,5,314
Seren,5,314
Skyla,5,314
Skyler,5,314
Tabitha,5,314
Tegan,5,314
Tillie,5,314
Alivia,4,365
Amy-Rose,4,365
Aoife-Rose,4,365
Asha,4,365
Aurora,4,365
Ayda,4,365
Beau,4,365
Bella-Rose,4,365
Betty,4,365
Carragh,4,365
Charli,4,365
Courtney,4,365
Darci,4,365
Daria,4,365
Demi,4,365
Eilish,4,365
Eimile,4,365
Elise,4,365
Elle,4,365
Ellie-May,4,365
Ema,4,365
Emilee,4,365
Fiona,4,365
Georgina,4,365
Goda,4,365
Hailey,4,365
Halle,4,365
Iona,4,365
Isobella,4,365
Jenny,4,365
Kaila,4,365
Kaitlin,4,365
Karina,4,365
Karla,4,365
Karolina,4,365
Keira,4,365
Kelly,4,365
Kendra,4,365
Klaudia,4,365
Kora,4,365
Lainey,4,365
Leona,4,365
Liliana,4,365
Lilianna,4,365
Lilly-Rose,4,365
Maia,4,365
Margaret,4,365
Marnie,4,365
Martyna,4,365
Mary-Jane,4,365
May,4,365
Nia,4,365
Nora,4,365
Oonagh,4,365
Orlagh,4,365
Paulina,4,365
Raya,4,365
Reeva,4,365
Regan,4,365
Riah,4,365
Robin,4,365
Saerlaith,4,365
Sarah-Jane,4,365
Seana,4,365
Serena,4,365
Shauna,4,365
Skylar,4,365
Stella,4,365
Talia,4,365
Tianna,4,365
Tiarna,4,365
Vanesa,4,365
Wiktoria,4,365
Zoey,4,365
Abaigh,3,439
Abbey,3,439
Aideen,3,439
Alana,3,439
Alaya,3,439
Alicja,3,439
Aliya,3,439
Aliyah,3,439
Alysha,3,439
Amalia,3,439
Amie,3,439
Anabelle,3,439
Angelina,3,439
Annalise,3,439
Anna-Rose,3,439
Antonia,3,439
Antonina,3,439
Ashley,3,439
Athena,3,439
Avery,3,439
Beatrice,3,439
Billie,3,439
Blanka,3,439
Blathnaid,3,439
Brea,3,439
Brianna,3,439
Cait,3,439
Cali,3,439
Carla,3,439
Cerys,3,439
Cianna,3,439
Claragh,3,439
Clare,3,439
Constance,3,439
Daisy-Mae,3,439
Delilah,3,439
Elija,3,439
Elyse,3,439
Emmeline,3,439
Esmae,3,439
Ewa,3,439
Fae,3,439
Florie,3,439
Freyja,3,439
Gabija,3,439
Hailie,3,439
Harmony,3,439
Ida,3,439
Indie,3,439
Isibeal,3,439
Jasmin,3,439
Jayla,3,439
Jayne,3,439
Jemima,3,439
Josephine,3,439
Josie,3,439
Kaja,3,439
Kathleen,3,439
Katie-Rose,3,439
Kiana,3,439
Kornelia,3,439
Leilani,3,439
Leja,3,439
Liepa,3,439
Lili,3,439
Lilyanna,3,439
Lola-Rose,3,439
Luka,3,439
Mabel,3,439
Maebh,3,439
Magdalena,3,439
Maisey,3,439
Marianne,3,439
Marie,3,439
Mary-Kate,3,439
Meadow,3,439
Meah,3,439
Melody,3,439
Mia-Rose,3,439
Minnie,3,439
Miriam,3,439
Moya,3,439
Myia,3,439
Nadine,3,439
Neasa,3,439
Norah,3,439
Olivia-Rose,3,439
Paula,3,439
Piper,3,439
Pixie,3,439
Raina,3,439
Raven,3,439
Roma,3,439
Samanta,3,439
Samara,3,439
Saorla,3,439
Shania,3,439
Siena,3,439
Sionainn,3,439
Stephanie,3,439
Teja,3,439
Tori,3,439
una,3,439
Zofia,3,439
