Name,Number of Babies,Rank
Emily,233,1
Ella,197,2
Grace,192,3
Sophie,179,4
Olivia,153,5
Anna,152,6
Amelia,149,7
Aoife,147,8
Lucy,146,9
Ava,141,10
Jessica,138,11
Sophia,135,12
Eva,132,13
Mia,124,14
Isla,121,15
Lily,121,15
Chloe,115,17
Ellie,114,18
Katie,106,19
Cara,104,20
Emma,104,20
Hannah,98,22
Niamh,89,23
Erin,87,24
Ruby,86,25
Evie,82,26
Annie,81,27
Freya,80,28
Isabella,78,29
Molly,76,30
Sarah,75,31
Poppy,74,32
Scarlett,74,32
Abigail,73,34
Charlotte,73,34
Leah,71,36
Clara,62,37
Holly,58,38
Caitlin,57,39
Caoimhe,55,40
Bella,53,41
Georgia,53,41
Maisie,52,43
Sofia,51,44
Phoebe,50,45
Zara,48,46
Mollie,46,47
Clodagh,45,48
Hollie,45,48
Amy,44,50
Aoibheann,44,50
Fiadh,43,52
Aria,42,53
Paige,42,53
Rosa,42,53
Sienna,42,53
Heidi,41,57
Rebecca,41,57
Amber,40,59
Lauren,40,59
Megan,40,59
Abbie,39,62
Rose,39,62
Alice,38,64
Daisy,38,64
Eimear,38,64
Faye,38,64
Mya,38,64
Aimee,37,69
Darcy,37,69
Layla,37,69
Cora,36,72
Meabh,36,72
Harper,35,74
Robyn,34,75
Rosie,34,75
Lexi,33,77
Rachel,33,77
Brooke,32,79
Maria,32,79
Annabelle,31,81
Beth,31,81
Eabha,31,81
Faith,31,81
Gracie,31,81
Kate,31,81
Zoe,31,81
Eve,29,88
Saoirse,29,88
Ellen,28,89
Orlaith,28,89
Cassie,27,92
Farrah,27,92
Lola,27,92
Orla,27,92
Willow,27,92
Julia,26,97
Naomi,26,97
Elizabeth,25,99
Kayla,25,99
Alexandra,24,101
Bethany,24,101
Ciara,24,101
Connie,24,101
Madison,24,101
Maya,24,101
Aoibhe,23,107
Fianna,23,107
Lydia,23,107
Imogen,22,110
Mila,22,110
Sadie,22,110
Catherine,21,113
Darcie,21,113
Martha,21,113
Aine,20,116
Ivy,20,116
Lacey,20,116
Mary,20,116
Nicole,20,116
Pippa,20,116
Roise,20,116
Aoibhinn,19,123
Jasmine,19,123
Lana,19,123
Skye,19,123
Thea,19,123
Tilly,19,123
Cadhla,18,129
Eireann,18,129
Emilia,18,129
Laura,18,129
Lilly,18,129
Myla,18,129
Penny,18,129
Cliodhna,17,136
Ella-Rose,17,136
Emilie,17,136
Lillie,17,136
Lucia,17,136
Maeve,17,136
Matilda,17,136
Victoria,17,136
Autumn,16,144
Ayla,16,144
Casey,16,144
Darcey,16,144
Eden,16,144
Esme,16,144
Evelyn,16,144
Florence,16,144
Harriet,16,144
Lara,16,144
Lena,16,144
Elena,15,155
Eliza,15,155
Elsie,15,155
Maja,15,155
Nina,15,155
Rebekah,15,155
Alexis,14,161
Alyssa,14,161
Lottie,14,161
Lyla,14,161
Nancy,14,161
Alexa,13,166
Amelie,13,166
Isabelle,13,166
Kyra,13,166
Maddison,13,166
Sara,13,166
Savannah,13,166
Summer,13,166
Violet,13,166
Alannah,12,175
Arianna,12,175
Bonnie,12,175
Dakota,12,175
Emer,12,175
Hope,12,175
Lexie,12,175
Lucie,12,175
Miley,12,175
Millie,12,175
Natalia,12,175
Roisin,12,175
Shannon,12,175
Aisling,11,188
Alicia,11,188
Lily-Rose,11,188
Maisy,11,188
Saorlaith,11,188
Taylor,11,188
Zuzanna,11,188
Aaliyah,10,195
Alex,10,195
Alicja,10,195
Dearbhla,10,195
Eleanor,10,195
Ellie-Mae,10,195
Isobel,10,195
Jane,10,195
Jorja,10,195
Khloe,10,195
Lacie,10,195
Liliana,10,195
Priya,10,195
Rhea,10,195
Amelia-Rose,9,209
Elsa,9,209
Esmee,9,209
Farah,9,209
Frankie,9,209
Jessie,9,209
Kara,9,209
Katherine,9,209
Macie,9,209
Maggie,9,209
Nevaeh,9,209
Orlagh,9,209
Reeva,9,209
Tara,9,209
Abi,8,223
Annabel,8,223
Aoibh,8,223
Ariana,8,223
Callie,8,223
Charlie,8,223
Cliona,8,223
Edith,8,223
Ellie-May,8,223
Emelia,8,223
Emmie,8,223
Enya,8,223
Gabriella,8,223
Grainne,8,223
Hayley,8,223
Jodie,8,223
Libby,8,223
Maci,8,223
Maia,8,223
Michaela,8,223
Naoise,8,223
Natalie,8,223
Quinn,8,223
Sorcha,8,223
Teagan,8,223
Alana,7,248
Alanna,7,248
Alivia,7,248
Ana,7,248
April,7,248
Arya,7,248
Aubree,7,248
Ava-Rose,7,248
Cait,7,248
Caragh,7,248
Carly,7,248
Eirinn,7,248
Erica,7,248
Francesca,7,248
Gabriela,7,248
Josie,7,248
Kayleigh,7,248
Maddie,7,248
Nia,7,248
Penelope,7,248
Stella,7,248
Alisha,6,269
Amira,6,269
Angel,6,269
Aoibhin,6,269
Blaithin,6,269
Brooklyn,6,269
Carla,6,269
Charley,6,269
Claudia,6,269
Courtney,6,269
Ebony,6,269
Elle,6,269
Emily-Rose,6,269
Fia,6,269
Georgie,6,269
Hailey,6,269
Hanna,6,269
Helena,6,269
Iona,6,269
Isabel,6,269
Jenna,6,269
Jennifer,6,269
Kaitlyn,6,269
Katelyn,6,269
Kiera,6,269
Kyla,6,269
Laoise,6,269
Leja,6,269
Lila,6,269
Lori,6,269
Macey,6,269
Madeleine,6,269
Melissa,6,269
Nadia,6,269
Nora,6,269
Rachael,6,269
Ruth,6,269
Sadhbh,6,269
Samantha,6,269
Sinead,6,269
Skyler,6,269
Tillie,6,269
Wiktoria,6,269
Aleksandra,5,312
Annalise,5,312
Antonina,5,312
Arabella,5,312
Ariah,5,312
Aurora,5,312
Beatrice,5,312
Claire,5,312
Dara,5,312
Darci,5,312
Diana,5,312
Eloise,5,312
Eva-Rose,5,312
Felicity,5,312
Jade,5,312
Joanne,5,312
Juliette,5,312
Kacey,5,312
Kaci,5,312
Kacie,5,312
Kaitlin,5,312
Kathleen,5,312
Kathryn,5,312
Kaylee,5,312
Lea,5,312
Leyla,5,312
Lilah,5,312
Lily-Mae,5,312
Lois,5,312
Louisa,5,312
Macy,5,312
Margaret,5,312
Mea,5,312
Mikayla,5,312
Oonagh,5,312
Piper,5,312
Saerlaith,5,312
Sally,5,312
Seren,5,312
Serena,5,312
Skylar,5,312
Tessa,5,312
Tori,5,312
Vanessa,5,312
Vivienne,5,312
Yasmin,5,312
Ada,4,358
Adele,4,358
Aislinn,4,358
Amirah,4,358
Anne,4,358
Ava-Grace,4,358
Ayda,4,358
Blathnaid,4,358
Bobbi,4,358
Brianna,4,358
Bronagh,4,358
Caitlyn,4,358
Caroline,4,358
Carrie,4,358
Eadaoin,4,358
Effie,4,358
Eimile,4,358
Eliana,4,358
Elise,4,358
Elisha,4,358
Ella-May,4,358
Ellie-Rose,4,358
Ellis,4,358
Ema,4,358
Eryn,4,358
Esther,4,358
Freyja,4,358
Georgina,4,358
Hazel,4,358
Isobella,4,358
Izabella,4,358
Jemima,4,358
Juliet,4,358
Juno,4,358
Kaya,4,358
Keira,4,358
Kelsie,4,358
Kerry,4,358
Khaleesi,4,358
Kristina,4,358
Leigha,4,358
Louise,4,358
Marley,4,358
Meah,4,358
Meghan,4,358
Melanie,4,358
Mia-Rose,4,358
Milana,4,358
Minnie,4,358
Mylie,4,358
Natasha,4,358
Polly,4,358
Pyper,4,358
Rebeka,4,358
Riley,4,358
Rionach,4,358
Scarlet,4,358
Sofie,4,358
Sofija,4,358
Susanna,4,358
Tess,4,358
Tia,4,358
Tiana,4,358
Una,4,358
Ursula,4,358
Vilte,4,358
Zara-Rose,4,358
Zofia,4,358
Abaigh,3,426
Abbey,3,426
Addison,3,426
Aibhlinn,3,426
Aisha,3,426
Alesha,3,426
Allie,3,426
Amelia-Lily,3,426
Anais,3,426
Anastazja,3,426
Annabella,3,426
Anna-Mae,3,426
Antonia,3,426
Avery,3,426
Ayva,3,426
Belle,3,426
Bernadette,3,426
Brona,3,426
Casey-Leigh,3,426
Christina,3,426
Clare,3,426
Corina,3,426
Cuisle,3,426
Deirbhile,3,426
Demi,3,426
Denise,3,426
Devon,3,426
Eibhleann,3,426
Eibhlin,3,426
Eileen,3,426
Eilis,3,426
Eimer,3,426
Eimhear,3,426
Elija,3,426
Ella-Jane,3,426
Emelie,3,426
Emilija,3,426
Emme,3,426
Emmy,3,426
Erika,3,426
Etain,3,426
Evanna,3,426
Evelina,3,426
Gabrielle,3,426
Hallie,3,426
Harley,3,426
Jacinta,3,426
Jamie,3,426
Jasmin,3,426
Jazmine,3,426
Jenny,3,426
Jersey,3,426
Joanna,3,426
Jorgia,3,426
Kacie-Leigh,3,426
Kaia,3,426
Karolina,3,426
Katie-Rose,3,426
Keela,3,426
Kelsey,3,426
Kirsten,3,426
Klaudia,3,426
Kyna,3,426
Larissa,3,426
Leila,3,426
Lexi-Rose,3,426
Lillie-Mae,3,426
Lilly-Rose,3,426
Lily-Ann,3,426
Lily-May,3,426
Luna,3,426
Madeline,3,426
Mairead,3,426
Marie,3,426
Marilyn,3,426
Mary-Kate,3,426
May,3,426
Mayah,3,426
Meadow,3,426
Milah,3,426
Molly-Rose,3,426
Moya,3,426
Myah,3,426
Naoimh,3,426
Neala,3,426
Neasa,3,426
Nicola,3,426
Nikola,3,426
Nola,3,426
Nuala,3,426
Nyla,3,426
Olivia-Rose,3,426
Pennie,3,426
Peyton,3,426
Pixie,3,426
Poppie,3,426
Raya,3,426
Regan,3,426
Rhia,3,426
Ria,3,426
Rioghnach,3,426
Romy,3,426
Rubi,3,426
Shania,3,426
Shauna,3,426
Sian,3,426
Skyla,3,426
Stevie,3,426
Suzanne,3,426
Tabitha,3,426
Talia,3,426
Tegan,3,426
Teja,3,426
Tierna,3,426
Tiffany,3,426
Valentina,3,426
Vivien,3,426
Weronika,3,426
Zoey,3,426
