1,Aalyssa
1,Aaren
2,Abbey
1,Abbie
3,Abby
2,Abeer
13,Abigail
1,Acacia
1,Ace
1,Acosia
1,Ada
1,Adaora
1,Adela
3,Adele
1,Adelina
1,Adeline
1,Adelita
1,Adelle
1,Adelyn
1,Adena
1,Adenike
1,Adeva
1,Adina
1,Adison
1,Adna
1,Adreana
2,Adria
5,Adriana
1,Adrianah
1,Adriane
2,Adrianna
2,Adrianne
1,Adriel
1,Adrielle
15,Adrienne
1,Aerylin
1,Affie
2,Aganetha
2,Agata
2,Agatha
1,Agnes
1,Ahlam
1,Ahmelyn
1,Ahsley
1,Aida
1,Aiden
2,Aileen
1,Ailish
9,Aimee
1,Aimee-Marie
8,Ainsley
2,Aisha
1,Aishe
4,Aislinn
1,Aislyn
1,Aiya
2,Aiyana
1,Akane
1,Akashia
1,Akeena
1,Akimana
1,Alahna
3,Alaina
35,Alana
2,Alanah
1,Alanda
1,Alandra
1,Alanis
29,Alanna
8,Alannah
1,Alarissa
1,Alashya
1,Alaura
1,Alayka
2,Alayna
2,Alaysha
2,Alberta
1,Alcina
1,Aldina
1,Aleah
1,Aleasha
2,Alecia
1,Alecia-Natasha
1,Aleea
2,Aleesha
1,Aleeshia
1,Aleeza
1,Aleia
1,Aleida
1,Aleisha
1,Aleksandra
1,Aleque
5,Alesha
1,Aleshia
1,Alessa
2,Alessandra
1,Alessia
1,Aleszandria
10,Alex
17,Alexa
1,Alexander
159,Alexandra
2,Alexandrea
21,Alexandria
1,Alexandrina
1,Alexandrine
5,Alexia
1,Alexie
22,Alexis
2,Alexsandra
1,Alexzandra
1,Aleysha
1,Alfaye
1,Alhena
4,Ali
6,Alia
1,Aliah
4,Alice
1,Alicea
1,Alicen
54,Alicia
1,Aliesha
1,Ali-Jourdan
7,Alina
1,Alise
1,Alisen
32,Alisha
1,Alishah
1,Alishea
1,Alishia
30,Alison
10,Alissa
1,Alivia
1,Alixandra
1,Alixandrea
4,Aliya
1,Aliyah
1,Allesson
1,Allicia
3,Allie
1,Allisa
1,Allisen
58,Allison
1,Allissa
1,Alliya
1,Allwyn
1,Ally
1,Allyce
1,Allycen
1,Allycia
1,Allysa
1,Allysha
12,Allyson
5,Allyssa
1,Allyx
1,Alondra
1,Alorah
1,Aly
1,Alyassa
8,Alycia
1,Alyn
2,Alysa
4,Alyse
26,Alysha
2,Alyshia
3,Alysia
5,Alyson
1,Alyss
130,Alyssa
1,Alyssa-Michelle
3,Alyssia
1,Alysson
1,Ama
1,Amabel
1,Amal
1,Amalia
1,Amalie
1,Aman
1,Amana
276,Amanda
1,Amandale
1,Amanda-Lee
1,Amanda-Lynn
1,Amandamay
2,Amanda-Rae
2,Amandeep
2,Amanjot
1,Amanpreet
1,Amany
1,Amara
1,Amara-Lynne
1,Amarie
107,Amber
1,Ambereen
1,Amberlee
1,Amber-Leigh
1,Amberley
3,Amberly
3,Amber-Lynn
1,Amber-lynn
2,Ameera
1,Amel
13,Amelia
1,Amgelina
4,Ami
1,Amica
6,Amie
1,Amiee
2,Amina
1,Aminder
4,Amira
1,Amnah
1,Amnit
1,Amollia
1,Amorette
1,Amrit
2,Amrita
115,Amy
1,Amy-Delee
1,An
4,Ana
1,Anabel
1,Anais
1,Analee
1,Analyssa
1,Anam
7,Anastasia
1,Anchal
1,Andaya
1,Andi
2,Andie
79,Andrea
1,Andreanne
1,Andree
3,Andria
1,Andriana
2,Aneesha
1,Anesha
11,Angel
54,Angela
1,Angelena
1,Angeli
3,Angelia
5,Angelica
2,Angelika
7,Angelina
3,Angeline
5,Angelique
1,Angella
1,Angelyne
2,Angie
1,Angielica
2,Anh
1,Aniesha
5,Anika
1,Aniko
1,Anisa
1,Anise
16,Anita
1,Anita-Rose
1,Anitha
1,Anjali
1,Anjiel
1,Anjoulee
1,Anmol
4,Ann
55,Anna
1,Annabella
1,Annah
1,Annaliese
3,Annalisa
5,Annalise
1,Annalyn
1,Annamarie
1,Anna-Marie
15,Anne
1,Annelies
1,Annelise
5,Anne-Marie
1,Anne-Sophie
1,Annessa
4,Annette
6,Annie
2,Annika
1,Annita
1,Ann-Maria
1,Ann-Marie
1,Annya
1,Anoop
1,Anouk
1,Antonette
3,Antonia
1,Antonietta
1,Antonya
1,Anuja
1,Anup
2,Anya
1,Aoife
1,Aool
1,Appolonia
28,April
1,April-Lynn
1,Apryl
2,Aquilla
1,Arcilla
2,Arden
1,Ardyn
4,Ariana
5,Arianna
3,Arianne
25,Ariel
7,Arielle
1,Aristea
1,Arlana
1,Arlee
1,Arlene
1,Arleta
1,Arlette
1,Arlina
1,Arora
1,Arpan
1,Arsema
1,Arti
2,Aryn
1,Arynn
1,Aryssa
1,Asa
1,Asaada
1,Asannie
1,Aseal
6,Asha
1,Ashawna
1,Ashely
1,Ashlea
1,Ashlea-Rae
12,Ashlee
1,Ashleen
23,Ashleigh
1,Ashleigh-Ann
325,Ashley
1,Ashley-Rae
1,Ashli
3,Ashlie
1,Ashlin
1,Ashllyn
4,Ashly
7,Ashlyn
1,Ashlynd
3,Ashlynn
1,Ashmita
2,Ashtin
8,Ashton
2,Ashtyn
1,Asia
1,Asimwe
1,Asli
3,Asmaa
1,Astarra
1,Atgiaq-Stacey
1,Athea
3,Athena
1,Athena-Lavinia
1,Athina
1,Atira
1,Atsuko
1,Attena
2,Aubree
1,Aubrey
1,Auburn
2,Audra
1,Audra-Lynn
4,Audrey
1,August
1,Aurelia
1,Auriana
1,Aurielle
5,Aurora
1,Aurya
1,Autavia
7,Autumn
5,Ava
1,Avanika
1,Aven
1,Averi
1,Averie
1,Averil
5,Avery
1,Avi
1,Avineet
2,Avneet
1,Avrea-Rose
1,Avril
1,Avry
1,Avy
5,Aya
1,Ayah
1,Ayden
1,Ayesha
8,Ayla
1,Ayla-Dawn
1,Ayla-Lynn
1,Aylissa
1,Aynsley
2,Ayrianna
2,Aysha
1,Aziza
2,Azra
1,Azza
38,Baby
8,Bailee
2,Baileigh
40,Bailey
2,Bailie
1,Baillie
1,Baily
1,Baleigh
1,Balpreet
1,Bambi
1,Bao
10,Barbara
1,Barbera
1,Barbie
1,Barbora
2,Barbra
1,Baroha
1,Basma
1,Bayan
1,Bayleigh
1,Bayley-Anne
1,Baylie
2,Beatrice
1,Becka
1,Becky
1,Becky-Ann
1,Becky-Sue
1,Bejean
6,Belinda
1,Bella
1,Bena
2,Bergen
1,Berkley
4,Bernadette
1,Bernadine
1,Berneta
3,Bernice
1,Bertha
1,Bertina
3,Beth
1,Bethani
1,Beth-Anne
17,Bethany
1,Bethea
1,Betsy
3,Betty
1,Betty-Anne
1,Bettyjean
1,Betzy
2,Beverley
2,Beverly
1,Bharbara
9,Bianca
1,Biancha
1,Bianka
1,Bijenthi
1,Billi
5,Billie
1,Bimanpreet
1,Blaire
1,Blake
1,Blaze
1,Blossom
2,Blythe
1,Bobbi
1,Bobbi-Anne
1,Bobbi-Dean
4,Bobbie
1,Bobbie-Jo
1,Bobby
1,Bobie
1,Bonita
6,Bonnie
1,Bonnie-Jane
1,Bradie
1,Bradlyn
1,Brady
1,Braedin
1,Braelyn
1,Braley
1,Brandele
17,Brandi
1,Brandie
1,Brandi-Leigh
9,Brandy
1,Bray
1,Braydi
1,Braylea
1,Brea
1,Breagh
1,Breah-Anne
1,Breana
1,Breanalee
1,Breanen
5,Breann
40,Breanna
34,Breanne
1,Breanne-Renaya
1,Breeana
1,Bree-Ann
1,Breeanna
1,Breigh-Ana
1,Breland
9,Brenda
17,Brenna
1,Breonna
1,Bret
1,Brettney
1,Bretton
1,Breyana
3,Bria
9,Briana
1,Briann
45,Brianna
25,Brianne
10,Bridget
1,Bridgette
1,Bridgitte
2,Brie
1,Brieal
1,Brieana
1,Brieann
2,Brieanne
1,Brielle
1,Brielley
1,Brier-Lynn
1,Brigette
1,Bright
2,Brigitte
1,Brin
2,Brina
1,Brit
1,Brita
1,Britaneigh
1,Britanny
1,Britany
1,Britnay
1,Britnee
11,Britney
4,Britni
2,Britny
1,Britt
1,Britta
1,Brittainy
1,Brittaney
5,Brittani
2,Brittanie
244,Brittany
1,Brittany-Rae
1,Britteny
1,Brittini
1,Brittnay
1,Brittnee
32,Brittney
5,Brittni
1,Brittnie
1,Brittny
1,Brodi
2,Brodie
4,Bronte
2,Bronti
4,Bronwyn
2,Brook
33,Brooke
13,Brooklyn
3,Brooklynn
1,Brooklynne
1,Brooks
2,Bryana
2,Bryann
4,Bryanna
3,Bryanne
1,Brylee
3,Bryn
1,Brynlee
1,Brynn
1,Brynne
1,Bryony
1,Bryttani
1,Bryttni
1,Brytton
1,Buffy
1,Buomkuoth
1,Burgandy
1,C.
1,Cadence
1,Caeli
1,Caelin
2,Cailea
1,Caileigh
2,Cailey
1,Cailie
1,Cailleigh
1,Cailley
3,Caitlan
63,Caitlin
2,Caitlind
30,Caitlyn
1,Caitlyne
2,Caitlynn
1,Caitria
1,Caitrin
1,Cala
1,Calais
3,Caleigh
1,Calisha
2,Calista
1,Calla
1,Callais
1,Callan
10,Callie
1,Calliea
1,Calli-Rae
2,Callista
2,Cally
1,Calsey
1,Calsi-Rae
1,Calsy
1,Calyssa
1,Camara
1,Cameo
2,Cameron
1,Camila
2,Camilla
12,Camille
1,Camisha
33,Candace
1,Candi
14,Candice
1,Capricia
19,Cara
1,Caralea
1,Caresse
5,Carina
1,Carinna
2,Carisa
24,Carissa
8,Carla
5,Carlee
1,Carleejean
1,Carleigh
1,Carlena
3,Carlene
17,Carley
5,Carli
1,Carli-Danielle
8,Carlie
1,Carling
42,Carly
1,Carly-Ann
1,Carly-Anne
2,Carlye
1,Carlyn
1,Carlynn
1,Carman
1,Carmanah
4,Carmela
32,Carmen
1,Carmilla
1,Carmin
3,Carol
1,Carolane
2,Carol-Anne
1,Carolena
2,Carolina
13,Caroline
21,Carolyn
2,Carolyne
1,Carolynn
1,Carolynne
1,Carra
1,Carri
10,Carrie
1,Carrione
2,Carrisa
2,Carson
1,Carter
1,Caryn
1,Carys
5,Casandra
1,Casara
14,Casey
1,Cashere
1,Casidy
1,Casie
1,Cassadi
2,Cassady
128,Cassandra
1,Cassandre
2,Cassaundra
1,Cassey
1,Casshawndra
1,Cassia
1,Cassianna
13,Cassidy
3,Cassie
1,Cassondra
1,Cassy
1,Castell
1,Catalina
1,Catarina
43,Catherine
1,Catheryn
1,Cathrine-Lee
3,Cathryn
3,Cathy
1,Catrin
3,Catrina
1,Caycee
2,Cayla
1,Caylee
2,Cayleigh
1,Caylene
2,Cayley
2,Caylyn
1,Caytlon
1,Cazandra
1,Ceanna
1,Ceanne
1,Cecile
2,Cecilia
1,Cecilie
1,Cecily
1,Ceit
1,Celee-Rae
5,Celeste
1,Celia
6,Celina
20,Celine
1,Celsa
1,Celsey
1,Celyna
1,Ceri
1,Cerro
1,Chadeigh
1,Chaislay
1,Chalayne
1,Chalee
3,Chalene
1,Chaley
1,Chalidh
1,Chalisse
1,Chalsea
2,Chalsey
1,Chalsie
1,Chalsy
2,Chance
1,Chancey
2,Chanda
1,Chandan
2,Chandelle
3,Chandler
3,Chandra
1,Chandra-Lee
8,Chanel
7,Chanelle
1,Chanese
1,Chanice
1,Chaniese
1,Chanisse
1,Channy
1,Chans
21,Chantal
2,Chantalle
1,Chantara
1,Chantayne
30,Chantel
5,Chantele
4,Chantell
34,Chantelle
1,Charece
1,Charelle
1,Charena
2,Charis
2,Charise
4,Charissa
1,Charity
2,Charla
1,Charlee
2,Charleen
10,Charlene
1,Charlette
1,Charli
2,Charlie
1,Charlileah
17,Charlotte
1,Charlynn
1,Charlynne
7,Charmaine
1,Charmaine-Marie
3,Charmayne
1,Charnele
2,Charnelle
1,Charrity
1,Charron
1,Chaselyne
1,Chasey
4,Chasity
1,Chasmine
1,Chassidy
1,Chastity
1,Chau
1,Chayla
1,Chaylah
1,Chayle
1,Chayleene
1,Chaylene
1,Chayne
1,Chealse
1,Chealsey
1,Cheanice
2,Chelan
1,Chelann
1,Chelbie
2,Chelby
1,Chelce
1,Chelcea
1,Chelcia
2,Chelcie
1,Chelesa
1,Chelsae
152,Chelsea
1,Chelsea-Ann
59,Chelsey
3,Chelsi
1,Chelsia
8,Chelsie
3,Chelsy
1,Cheneise
1,Chenise
2,Chenoa
2,Cher
2,Chera
1,Cheraine
1,Cheralyn
1,Cher-Ann
1,Cheraya
1,Cheredene
1,Cherelle
1,Cherice
3,Cherie
2,Cherilyn
1,Cherish
1,Cherisse
1,Cheroney
1,Cherry
9,Cheryl
1,Chevannah
1,Chevaun
1,Chevon
2,Cheyann
1,Chey-Ann
1,Cheyanna
20,Cheyanne
20,Cheyenne
2,Cheylene
1,Cheylynn
1,Chezeray
1,Chezerey
1,Chi
1,Chianne
2,Chiara
1,Chinyere
1,Chirsten
32,Chloe
1,Chloe-Lee
1,Chlorissa-Lenore
1,Chrisanne
1,Chrissa-Leigh
1,Chrissie
5,Christa
1,Christeen
2,Christel
1,Christelle
1,Christen
1,Christi
1,Christia
1,Christian
1,Christiana
1,Christianne
13,Christie
92,Christina
60,Christine
7,Christy
1,Christye
1,Chrysane
1,Chrysso
5,Chrystal
1,Chrystyl
2,Chyanne
1,Chylene
1,Chylise
1,Chylla
1,Chynna
1,Chyrisma
1,Ciana
4,Cianna
5,Ciara
1,Cienna
1,Ciera
1,Cieran
2,Cierra
1,Cindi
13,Cindy
1,Cinthia
1,Citra
26,Claire
1,Clamila
5,Clara
1,Clare
1,Clarice
5,Clarissa
2,Clarisse
5,Claudia
1,Claudine
1,Cleah
1,Cleopatra
1,Clintlynn
3,Cloe
1,Codie
2,Cody
13,Colby
17,Colleen
1,Collette
1,Cona
6,Connie
2,Connor
2,Constance
3,Cora
6,Coral
2,Coralee
1,Coraley
3,Coralie
1,Coralyn
1,Cordelia
1,Corey
2,Cori
2,Corina
1,Corinee
1,Corinn
4,Corinne
1,Corissa
1,Corneila
1,Corralynn
3,Corrie
4,Corrina
1,Corrine
1,Corrinna
1,Corryn
1,Cortlyne
3,Cortney
2,Cory
2,Corynne
4,Courtenay
1,Courtnay
138,Courtney
1,Courtney-Lyn
1,Cree
1,Creinda
3,Crista
6,Cristina
2,Cristine
48,Crystal
1,Crystalyn
2,Cybil
1,Cydnee
4,Cydney
1,Cydney-Jean
1,Cyla
1,Cylthia
1,Cyndel
1,Cyndi
1,Cyndy
1,Cynkletikya
12,Cynthia
1,Cyra
1,Cyrene
1,Daana
1,Daelle
1,Daelyn
1,Dahlia
1,Dahliea
1,Daisa
5,Daisy
1,Dakoda
22,Dakota
1,Dalanie
1,Dalaree
1,Dale
1,Daleen
1,Daleena
1,Dalena
1,Dalene
1,Dalia
8,Dallas
1,Dallian
1,Dallis
1,Daluara
1,Dalya
4,Dalyce
1,Dalyn
1,Dalyse
1,Damara
2,Damaris
42,Dana
5,Danae
1,Danai
1,Danala
1,Danea
2,Danelle
1,Danette
2,Dania
12,Danica
1,Danicka
3,Daniela
1,Daniele
4,Daniella
205,Danielle
11,Danika
1,Danilynn
1,Danise
1,Dannel
2,Danni
1,Danniel
1,Dannika
1,Danya
2,Danyelle
1,Daphne
1,Daphnie
1,Dara
1,Daralynn
1,Darashea
1,Darbi
1,Darbra
2,Darby
2,Darcelle
2,Darcey
4,Darci
5,Darcie
1,Daria
4,Darian
1,Darianne
1,Dariel
2,Darien
2,Darienne
2,Darilyn
2,Darion
2,Darla
2,Darlana
1,Darleen
5,Darlene
1,Darlon
1,Darolyn
2,Darrian
1,Darrilynn
2,Darrion
1,Daryian
3,Daryl
1,Darylina
1,Darylnn
1,Davina
1,Dawa
5,Dawn
1,Dawna
1,Dawnne
1,Daylan
1,Dayle
1,Daylene
15,Dayna
1,Daynia
1,Dayton
1,Deana
2,Deandra
32,Deanna
2,Deanne
1,Deannette
5,Debbie
6,Deborah
2,Debra
1,Debrah-Dawn
1,Debralene
2,December
1,Deema
1,Deena
1,Deepa
1,Deepika
1,Dehla
2,Deidra
4,Deidre
1,Deirdre
1,Deja
12,Delaney
1,Delaney-Jane
1,Delanie
1,Deleted
1,Delia
1,Delilah
1,Delray
5,Demi
1,Demitra
2,Dena
4,Denae
1,Deneika
1,Denielle
1,Denika
12,Denise
1,Deniz
1,Dennel
1,Denni
1,Denyse
1,Deona
1,Deonina
1,Depauli
1,Derian
1,Derrian
1,Derryl-Lynn
1,Desa-Rae
1,Deserae
1,Desi
7,Desirae
1,Desiray
26,Desiree
1,Dessiray
1,Destinai
1,Destiney
12,Destiny
1,Destiny-Jane
1,Desyre
1,Deva
2,Devan
1,Devany
1,Deven
2,Devin
1,Devinee
15,Devon
1,Devonee
1,Devony
4,Devyn
1,Devynn
1,Dezarae
1,Dezerae
3,Deziree
1,Dia
23,Diana
2,Diandra
4,Diane
2,Dianna
5,Dianne
1,Diedre
1,Dilsharn
1,Dimitra
3,Dina
2,Dinah
1,Dinaya
1,Dini
1,Dion
1,Diondra
1,Dionne
1,Dipavandeep
3,Dixie
1,Dj
1,Dnika
1,Domini
1,Dominica
13,Dominique
1,Dominque
1,Domnika
1,Dona
1,Donalda
2,Donella
3,Donna
1,Donna-Jo
2,Dora
2,Doreen
1,Dori
1,Dorota
1,Dorothea
3,Dorothy
1,Dourie
1,Dovelyn
1,Drake
1,Drea
1,Dreann
1,Drew
1,Dru
2,Drucilla
1,Dulcie
1,Dung
1,Duong
2,Dylan
1,Dymond
1,Dynia
1,Easha
3,Ebony
5,Echo
1,Edelaine
9,Eden
2,Edith
1,Edna
4,Eileen
1,Eilidh
1,Eiram
1,Ekjot
1,Ekjyot
1,Ekmal
1,Ekroop
12,Elaine
1,Elan
2,Elana
1,Elanore
3,Eleanor
1,Eleena
5,Elena
2,Eleni
1,Elenita
1,Elif
1,Elikplim
7,Elisa
8,Elisabeth
18,Elise
1,Elisea
3,Elisha
1,Elishava
1,Elishia
1,Elishya
4,Elissa
3,Eliza
105,Elizabeth
4,Ella
2,Elle
1,Elleisha
12,Ellen
2,Ellena
1,Elly
1,Ellyse
1,Elora
3,Elsa
1,Elsbeth
4,Elsie
1,Elvana
1,Elyana
1,Elycia
1,Elyn
5,Elyse
4,Elysia
2,Elyssa
1,Elysse
1,Elyssia
2,Ember
1,Emelia
2,Emerald
1,Emi
1,Emilee
1,Emilena
2,Emilia
8,Emilie
176,Emily
1,Emily-Anne
1,Emily-June
60,Emma
1,Emma-Jean
1,Emma-Joy
1,Emmalee
1,Emmaline
1,Emma-Mackenzie
1,Emma-Maria
1,Emmelia
1,Emmi
1,Emmily
2,Emmy
1,Ena
1,Endiah
1,Eniola
2,Epiphany
1,Erana
49,Erica
1,Ericka
40,Erika
1,Erikka
95,Erin
5,Erinn
1,Erja
1,Eryka
2,Eryn
1,Eslam
1,Esmeralda
1,Essi
1,Estela
2,Estelle
8,Esther
1,Esza
1,Ethil
1,Etoile
1,Etoro-Abasi
1,Eugenia
3,Eunice
13,Eva
1,Evagelia
1,Evalina
2,Evaline
1,Evan
1,Evandra
1,Evangelian
1,Evangeline
1,Evann
1,Evannia
2,Eve
6,Evelyn
1,Evelynn
1,Evertina
1,Evonne
1,Eydis
1,Fadwa
1,Fahryn
8,Faith
1,Faiza
3,Fallon
1,Falon
1,Falun
1,Falyn
3,Farah
1,Farell
1,Faridae
1,Farose
2,Farrah
1,Farrellynn
1,Farren
1,Faryn
1,Fatehia
1,Faten
8,Fatima
1,Fatin
1,Fatme
1,Faustine
1,Fawn
1,Faydra
1,Faye
1,Fayth
1,Feather
13,Felicia
5,Felicity
1,Felise
1,Ferial
1,Ferran
1,Ferris
1,Fidaa
1,Finola
5,Fiona
2,Fionnuala
1,Firuze
1,Fleur
1,Flora
2,Florence
1,Florencia
1,France
7,Frances
2,Francesca
1,Franchesca
5,Francine
1,Francis
1,Francisca
4,Frankie
1,Freda
1,Freedom
1,Freya
2,Gabriel
7,Gabriela
6,Gabriella
19,Gabrielle
1,Gagandeep
2,Gail
2,Gaileen
1,Garradine
1,Gates
2,Geena
1,Gelaine
1,Gelinda
1,Geminie
1,Gemmel
1,Gena
1,Genean
1,Geneisa
3,Geneva
5,Genevieve
1,Genevra
1,Genie
2,Genna
1,Genneah
10,Georgia
1,Georgina
1,Geraldine
1,Geralyn
1,Gerianne
2,Germaine
1,Gertrude
1,Getruda
1,Geuleana
1,Ghenwa
1,Gijsbertha
7,Gillian
7,Gina
2,Ginger
1,Giordana
1,Gisela
4,Giselle
1,Glecia
1,Glenda
1,Glennis
3,Gloria
1,Glynis
2,Glynnis
1,Goulestan
25,Grace
1,Grace-Ann
1,Gracia
1,Graciela
1,Gracy
1,Gunpreet
1,Guntash
1,Gurgina
1,Gurkirtan
1,Gurpreet
1,Gwen
1,Gwendolyn
1,Gwenivere
1,Haben
1,Habiba
1,Haeli
3,Hailee
44,Hailey
1,Hailey-Anne
2,Hailie
1,Hailly
1,Hailyn
1,Hala
1,Haleema
1,Haleigh
49,Haley
2,Halie
2,Hallie
1,Hamad
1,Hameda
2,Hana
1,Hanaa
1,Hanadi
1,Hanady
1,Hanan
1,Haneen
1,Hanh
9,Hanna
66,Hannah
1,Hanna-Kay
1,Haravneet
2,Harjinder
1,Harjivan
2,Harjot
1,Harjyot
1,Harlee
2,Harleen
1,Harleigh
1,Harley
1,Harman
1,Harmeet
1,Harminder
1,Harmony
1,Harpawanjeet
3,Harpreet
1,Harsimrat
1,Harsroop
1,Harvena
1,Hawley
1,Hayat
1,Haylea
5,Haylee
1,Hayleigh
45,Hayley
78,Heather
2,Heaven
2,Heba
2,Heena
24,Heidi
1,Heili
1,Heirra
12,Helen
5,Helena
2,Helene
1,Henna
1,Henriette
1,Hewan
1,Hilarie
10,Hilary
3,Hilda
13,Hillary
1,Hillire
1,Hoa
1,Hoai
1,Hoda
1,Hoi
1,Holli
2,Hollie
1,Holliston
40,Holly
1,Hona
1,Honey
3,Hong
1,Hoo
8,Hope
1,Hosna
1,Houda
2,Huda
1,Huenhi
1,Hui
1,Humaira
1,Humirah
1,Huong
1,Ida
1,Ida-Marie
2,Iesha
1,Ileana
1,Illisa
1,Ilse
1,Imogene
1,Indeanna
1,Indyana
1,Inez
1,Iniki
1,Inna
1,Iolani
2,Irene
1,Iris
1,Isabel
1,Isabela
1,Isabell
5,Isabella
4,Isabelle
1,Isis
1,Isolde
1,Israa
1,Isshveer
1,Italia
1,Iva
1,Ivy
3,Izabela
1,Jaala
1,Jaana
1,Jacalynn
1,Jace
3,Jacee
6,Jacey
1,Jacinda
2,Jacinta
1,Jackelyn
1,Jackelynn
1,Jacki
4,Jackie
1,Jacklyn
15,Jaclyn
1,Jaclyne
1,Jacquelin
39,Jacqueline
5,Jacquelyn
1,Jacquelyne
1,Jacquiline
8,Jacy
1,Jada
1,Jada-Lynn
35,Jade
1,Jade-Amythyst
1,Jadeen
2,Jaden
1,Jadene
1,Jadine
1,Jaeda
3,Jaelyn
1,Jaelynn
1,Jaemae
1,Jagdeep
1,Jagjot
1,Jaici
1,Jaida
1,Jaiden
10,Jaime
4,Jaimee
1,Jaimi
3,Jaimie
1,Jaleen
2,Jaleesa
2,Jalena
1,Jalene
1,Jalin
1,Jalisa
1,Jaliza
1,Jalyssa
1,Jameela
1,Jameli
4,Jami
40,Jamie
6,Jamie-Lee
1,Jamie-Leigh
1,Jamie-Liegh
2,Jamieson
1,Jamile
1,Jamilyn
1,Jamine
1,Jamye
5,Jana
3,Janae
1,Janai
1,Janaitascha
2,Janaya
1,Jandra
6,Jane
1,Janeen
2,Janel
2,Janell
52,Janelle
12,Janessa
6,Janet
1,Janetta
8,Janice
1,Janicebel
1,Janie
1,Janille
14,Janine
1,Janise
10,Janna
1,Jannalee
1,Jannel
2,Jannelle
1,Jannessa
1,Januaria
1,Japneet
1,Jaquelyn
1,Jaquelynn
1,Jaricho
1,Jarika
1,Jarita
1,Jarrelene
2,Jasdeep
1,Jaskarenpreet
1,Jaskarn
1,Jaskiran
1,Jaskirn
3,Jasleen
1,Jaslyn
1,Jaslynn
1,Jasman
3,Jasmeen
1,Jasmeena
2,Jasmeet
1,Jasmene
6,Jasmin
54,Jasmine
1,Jasmyne
2,Jaspreet
1,Jasprit
1,Jassie
1,Jasslyn
1,Jatinder
1,Jaurie
1,Jay-Ann
10,Jaycee
3,Jaycie
2,Jayd
1,Jayda
2,Jayde
1,Jaydeen
5,Jayden
1,Jaye
1,Jayelle
1,Jaylee
1,Jayleena
1,Jayleene
10,Jaylene
1,Jaylyn
1,Jaylynn
4,Jayme
1,Jaymee
1,Jayme-Lee
1,Jaymi
1,Jaymie
1,Jaymilyn
1,Jaymin
1,Jayne
1,Jaynee
1,Jazmin
5,Jazmine
1,Jazmyn
1,Jazz
1,Jazzmon
5,Jean
1,Jeana
1,Jeanean
1,Jeanele
1,Jeanelle
1,Jeanette
1,Jeanina
1,Jeanine
1,Jeanna
1,Jeannee
2,Jeannette
1,Jeannie
1,Jeannine
1,Jehan
1,Jelayne
1,Jeleena
2,Jelena
1,Jemiemah
1,Jemilea
1,Jemmah
9,Jena
2,Jenae
2,Jenah
2,Jenalee
1,Jena-Lee
1,Jenalyn
2,Jenan
1,Jenarae
1,Jenaya
2,Jenaye
11,Jenelle
1,Jenelle-Renee
7,Jenessa
1,Jenetta
1,Jenica
3,Jenifer
1,Jenine
5,Jenise
124,Jenna
1,Jenna-Grace
1,Jennah
1,Jennalee
1,Jennan
1,Jennaye
1,Jennel
1,Jennelle
1,Jennessa
1,Jenni
3,Jennica
4,Jennie
199,Jennifer
2,Jennine
18,Jenny
1,Jeraldine
1,Jeralyn
1,Jeramiah
2,Jeri
2,Jerika
1,Jerilyn
1,Jerimay
1,Jerrica
2,Jesica
1,Jesika
10,Jessa
2,Jessalyn
12,Jesse
1,Jessea
1,Jessecca
2,Jessee
1,Jesseline
1,Jesselle
1,Jesselyn
1,Jessey
3,Jessi
428,Jessica
1,Jessica-Alexandria
1,Jessica-Beth
1,Jessica-Elizabeth
1,Jessica-Hu
1,Jessica-Marie
1,Jessica-Rae
31,Jessie
1,Jessielynn
4,Jessika
2,Jesslyn
1,Jesslynn
3,Jessy
1,Jessyca
2,Jetta
1,Jevonia
1,Jewel
1,Jhana
1,Jhanelle
1,Jil
1,Jildana
1,Jiliane
13,Jill
1,Jillan
1,Jillana
43,Jillian
1,Jinelle
1,Jisteen
1,Jivan
1,Joan
2,Joann
14,Joanna
1,Joanna-Anna
22,Joanne
36,Jocelyn
1,Jocelyne
2,Jocelynn
2,Jocelynne
1,Jodey
15,Jodi
15,Jodie
4,Jody
1,Jody-Lynn
6,Joelle
1,Joey
1,Johana
4,Johanna
1,Johnena
1,Jolaine
1,Jolayna
1,Jolayne
3,Joleen
7,Jolene
1,Jolie
1,Jolisa
1,Jomana
1,Jonaka
1,Jonalynn
1,Jonel
1,Jonelle
1,Joni
1,Jonie
1,Jordache
45,Jordan
7,Jordana
3,Jordann
2,Jordanna
1,Jordanne
1,Jorddin
1,Jordhynn
1,Jordi
1,Jordin
1,Jordon
1,Jordonlee
12,Jordyn
1,Jordyn-Leigh
2,Jori
1,Joriel
1,Jori-Lynn
1,Jory
1,Josaphine
2,Joscelyn
7,Josee
2,Joselyn
1,Joselyne
9,Josephine
1,Josette
2,Josi
1,Josianne
8,Josie
1,Josielynne
1,Josilyn
1,Josipa
2,Joslyn
1,Josslynn
1,Jotika
1,Jourdan
2,Joy
6,Joyce
1,Joy-Young
5,Juanita
1,Jubillee
5,Judith
7,Judy
1,Julene
52,Julia
1,Julian
5,Juliana
1,Juliann
9,Julianna
9,Julianne
50,Julie
1,Julie-Ann
1,Julie-Anne
1,Julienne
2,Juliet
1,Julilla
1,Julissa
1,Jullien
1,Jumana
1,Junayna
2,June
1,Junia
1,Justeann
2,Justene
1,Justice
3,Justina
42,Justine
1,Justyna
1,Justyne
1,Juthdy
2,Kacey
1,Kachina
1,Kaci
5,Kacie
3,Kacy
1,Kadeja
1,Kadejha
1,Kadriye
1,Kady
2,Kaede
1,Kaedrin
1,Kaela
1,Kaeleigh
1,Kaeli
1,Kaelyn
1,Kaibei
1,Kaibree
1,Kaicea
7,Kaila
1,Kailani
1,Kaile
2,Kailee
2,Kaileigh
15,Kailey
1,Kailie
1,Kailin
1,Kailye
3,Kailyn
1,Kailynn
1,Kairn
2,Kaitlan
1,Kaitland
1,Kaitlee
45,Kaitlin
1,Kaitlind
113,Kaitlyn
1,Kaitlynd
1,Kaitlyne
13,Kaitlynn
1,Kaiyla
1,Kajia
1,Kala
1,Kalandra
1,Kalcy
1,Kalee
1,Kaleena
8,Kaleigh
1,Kaleigh-Rae
1,Kalen
1,Kalena
2,Kaley
4,Kali
1,Kali-Ann
3,Kalie
1,Kalin
2,Kalina
1,Kalinda
1,Kali-Rose
1,Kalisa
1,Kalissa
1,Kallen
1,Kalley
2,Kalli
5,Kallie
1,Kalsea
1,Kalsey
1,Kalsy
1,Kalya
1,Kalycia
6,Kalyn
2,Kalynn
1,Kalyssa
1,Kamahra
1,Ka-Man
1,Kami
2,Kamila
1,Kamle
4,Kandace
1,Kandi
3,Kandice
1,Kandis
1,Kandra
2,Kandyce
1,Kaneisha
1,Kanise
1,Kansas
2,Kar
31,Kara
1,Kara-Lee
2,Karalyn
1,Kararose
15,Karen
1,Karesia
1,Karessa
10,Kari
1,Kari-Ann
1,Karianne
1,Kari-Anne
1,Kari-Lynn
1,Karimah
3,Karin
10,Karina
1,Karine
1,Karis
5,Karisa
1,Karishma
14,Karissa
1,Karisse
9,Karla
1,Karlea
1,Karleah
25,Karlee
3,Karleen
3,Karleigh
1,Karlen
1,Karlene
5,Karley
1,Karley-Marie
13,Karli
5,Karlie
1,Karlin
11,Karly
1,Karlynn
4,Karmen
1,Karmin
1,Karolane
1,Karolina
1,Karra
2,Karrah
1,Karri
1,Karr-Lynn
1,Karrylynn
1,Kary
1,Karyn
5,Kasandra
1,Kasara-Lynn
1,Kasaundra
3,Kasey
1,Kasha
1,Kashara
1,Kashtin
1,Kasia
1,Kasondra
33,Kassandra
1,Kassaundra
1,Kassey-Fae
2,Kassia
1,Kassiani
5,Kassidy
1,Kassity
1,Kassondra-Delminda
1,Kassy
1,Katalina
1,Katarena
13,Katarina
1,Katarzyna
20,Kate
1,Katee-Ann
5,Katelin
76,Katelyn
2,Katelyne
18,Katelynn
6,Kate-Lynn
3,Katelynne
4,Katerina
1,Katey
7,Katharine
1,Katherin
2,Katherina
97,Katherine
1,Katherine-Ann
3,Katheryn
65,Kathleen
1,Kathleene
1,Kathlene
1,Kathlyn
1,Kathrin
1,Kathrina
3,Kathrine
44,Kathryn
1,Kathrynne
8,Kathy
1,Kathyrn
1,Kati
1,Katia
37,Katie
5,Katlin
7,Katlyn
1,Katlyne
1,Katlynn
1,Katrena
58,Katrina
1,Katrine
1,Katryna
1,Kattia
1,Kattrina
2,Katty
2,Katy
2,Katya
1,Kawapun
1,Kayana
2,Kayanna
1,Kayce
2,Kaycee
1,Kay-Cee
1,Kaydria
1,Kaye
205,Kayla
1,Kayla-Anne
1,Kayla-Dawn
1,Kaylah
2,Kaylan
1,Kayla-Sky
1,Kayle
5,Kaylea
39,Kaylee
2,Kayleen
6,Kayleigh
1,Kayleigha
1,Kayleigh-Anne
2,Kaylen
4,Kaylene
7,Kayley
1,Kayli
4,Kaylie
9,Kaylin
1,Kaylinne
1,Kaylon
1,Kaylum
2,Kaylyn
3,Kaylynn
1,Kayne
2,Kaysha
1,Kaysley
3,Kaytlin
5,Kaytlyn
1,Kaytlyne
4,Kaytlynn
1,Kayza
1,Keagan
1,Kealy
1,Ke'Andra
2,Keanna
1,Keara
1,Keelan
1,Keelee
1,Keeley
1,Keelie
1,Keelin
5,Keely
3,Keesha
1,Keeyah
1,Kehna
2,Keiara
1,Keicia
1,Keilah
4,Keira
1,Keirra
2,Keisha
2,Keisha-Lynn
1,Keitha
1,Kelby
1,Kelci
1,Kelcie
2,Keli
1,Kelii
1,Kelley
3,Kelli
1,Kelli-Ann
9,Kellie
1,Kellieka
61,Kelly
2,Kelly-Ann
1,Kelly-Anne
1,Kellyn
1,Kelsay
9,Kelsea
4,Kelsee
161,Kelsey
1,Kelsey-Ann
1,Kelsey-Anne
1,Kelsey-Lynn
1,Kelsha
7,Kelsi
13,Kelsie
5,Kelsy
1,Kelti
6,Keltie
1,Kelty
1,Kendal
5,Kendall
1,Kendel
1,Kendell
1,Kendice
57,Kendra
1,Kendra-Jo
1,Kendria
1,Kendy
1,Kenedy
1,Kenisha
4,Kenna
5,Kennedy
1,Kennysha
1,Kensey
1,Kenya
2,Kenysha
4,Kenzie
1,Kera
1,Keranpreet
2,Keri
2,Keri-Ann
1,Kerianne
1,Kerie
1,Keri-Lyn
1,Kerinsten
1,Keris
2,Kerissa
1,Keroli
1,Kerra
2,Kerri
1,Kerri-Ann
1,Kerrie
2,Kerrin
1,Kerrina
8,Kerry
1,Kerry-Lynn
1,Ker-Sandra
1,Kerstan-Lee
1,Kersten
1,Kerstin
1,Kesarea
1,Kesha
2,Kesia
1,Kessia
1,Ketti
1,Kettisha
1,Kevann
1,Kevie-Rae
1,Keylahr
1,Keyliegh
1,Keyna
1,Khalood
2,Khloe
1,Khrystle
1,Khushkiran
1,Kiah
2,Kiana
1,Kiani
1,Kianna
7,Kiara
1,Kiarra
1,Kiasandra
1,Kiayra
1,Kienan
8,Kiera
1,Kieran
1,Kiercy
2,Kierra
5,Kiersten
1,Kierta
3,Kiley
12,Kim
1,Kimber
5,Kimberlee
1,Kimber-Lee
31,Kimberley
76,Kimberly
1,Kimberly-Ann
1,Kimmi
1,Kina
1,Kinanti
1,Kindal
1,Kindra
1,Kinga
14,Kira
1,Kiran
1,Kiranjit
1,Kirbie
1,Kirby
1,Kiri
1,Kiriana
1,Kirianna
2,Kirndeep
1,Kirrah
1,Kirsta
60,Kirsten
1,Kirsten-Paige
4,Kirsti
6,Kirstie
1,Kirstie-Lee
9,Kirstin
8,Kirsty
4,Kirstyn
2,Kisha
1,Kit-Chor
1,Kitiara
2,Kitrina
1,Kjerstin
1,Kloee
1,Klyryssa
1,Kodie
1,Kolbi
2,Kolby
1,Kolina
1,Komal
1,Koral
1,Koree
2,Kori
1,Korissa
1,Korrin
1,Korrina
4,Kortney
1,Kortni
2,Kory
6,Kourtney
1,Kree
1,Krissandra
1,Krissy
37,Krista
4,Kristal
1,Kristalee
1,Kristeen
1,Kristeen-Anne
63,Kristen
9,Kristi
1,Kristian
1,Kristiann
7,Kristie
27,Kristin
42,Kristina
16,Kristine
19,Kristy
7,Kristyn
1,Krysia
7,Krysta
27,Krystal
1,Krysta-Leigh
1,Krystalyn
2,Krystan
1,Krysteena
1,Krystelle
1,Krysten
4,Krystin
1,Krystina
2,Krystle
1,Krystyna
2,Ksenia
1,Kumiko
1,Kurstin
1,Kurstyn
1,Kwamaa
1,Kyayaki
1,Kye-Leigh
1,Kyia
35,Kyla
1,Kylah
1,Kylan
2,Kyle
13,Kylee
1,Kyleen
2,Kyleigh
24,Kylie
1,Kylie-Noel
1,Kymber
1,Kymberley
1,Kymberlyn
1,Kyna
1,Kyndra
1,Kyndrilyn
12,Kyra
1,Kyre
1,Kyrie
1,Kyrin
6,Kyrsten
1,Kyrstyn
2,Kysha
29,Lacey
1,Lachelle
1,Lachlan
2,Lacie
1,Lacy
1,Laelle
1,Laetitia
1,Laial
1,Laiken
3,Laila
2,Laina
2,Laine
1,Lainey
2,Laken
1,Lakshmy
1,Lalita
1,Lama
7,Lana
1,Lanae
1,Lanaya
1,Landis
1,Lani
1,Lanielle
1,Lanna
6,Lara
1,Larae
2,Larah
1,Laraine
1,Laree
1,Laren
1,Laresa
1,Larisa
43,Larissa
1,Larkin
1,Larrissa
4,Laryssa
1,Lasha
1,Latanya
2,Latasha
1,Latia
1,Laticia
1,Latisa
3,Latisha
1,Latonia
1,Latoya
1,La-Toyya
1,Latysha
102,Laura
1,Laural
1,Lauralynn
8,Laurel
97,Lauren
1,Laurence
1,Laurie-May
1,Laurin
2,Laurisa
1,Laurissa
1,Laurren
1,Lauryl
2,Lauryn
1,Laverne
1,Lavona
1,Lawrie
1,Layal
1,Layla
1,Layna
2,Lea
66,Leah
1,Leahanne
1,Leahmay
1,Leana
4,Leandra
2,Leane
2,Leann
7,Leanna
17,Leanne
2,Lee
1,Leeanne
1,Lee-Anne
1,Leena
1,Leesa
1,Leeya
1,Leeza
1,Lefebvre
4,Leigh
3,Leigha
1,Leighton
1,Leirin
1,Leisha
1,Leiya
1,Lejla
1,Lelaina
1,Lemiah
7,Lena
2,Lenae
1,Lenaya
1,Lene
1,Lenea
1,Lenise
1,Lennea
5,Leona
1,Leonie
2,Leora
1,Leslee
5,Lesley
1,Lesli
16,Leslie
1,Leslie-Ann
1,Leslie-Anne
1,Letecia
5,Leticia
1,Letizia
1,Lexa
2,Lexi
1,Lexii
1,Lexxi
2,Leya
2,Li
1,Lia
1,Lian
2,Liana
1,Lianda
2,Liane
1,Lianna
4,Lianne
1,Li-Anne
1,Lidia
1,Lightening
4,Lilian
1,Liliana
1,Lilianne
3,Lillian
5,Lily
1,Lily-Mae
2,Lina
1,Linal
17,Linda
1,Lindi
70,Lindsay
52,Lindsey
2,Lindsie
3,Lindy
2,Linette
2,Linh
1,Linh-An
1,Linley
1,Linna
1,Linnae
13,Linnea
1,Linsey
1,Liora
77,Lisa
1,Lisanne
3,Lise
1,Liza
1,Loana
3,Logan
2,Lois
1,Lok
1,Lonnie
3,Lora
1,Loree
1,Loreena
1,Lorelle
1,Loren
1,Lorena
1,Loretta
12,Lori
1,Lori-Ann
1,Lorianne
1,Lorie
1,Lori-Lynn
1,Lorisa
1,Lorisia
2,Lorissa
3,Lorna
3,Lorraine
1,Lorrie
1,Louann
2,Louanne
4,Louisa
8,Louise
1,Louzann
1,Lovlin
1,Luanne
1,Luba
1,Lucia
1,Luci-Ann
1,Lucianna
2,Lucie
1,Lucila
1,Lucja
3,Lucy
1,Lucynda
1,Luela
4,Luisa
1,Luwam
1,Luz
17,Lydia
2,Lyla
1,Lynae
3,Lynda
1,Lyndie
7,Lyndsay
9,Lyndsey
1,Lyndsi
1,Lynelle
3,Lynette
3,Lynn
1,Lynnaea
6,Lynnea
1,Lynnette
1,Lynnsay
1,Lynnzi
2,Lynsey
2,Lynsie
1,Lyra
1,Maaike-Lee
1,Maami-Yehan
2,Mabel
1,Macaul
1,Macenzie
3,Macey
1,Mackenna
44,Mackenzie
1,Mackenzie-Anne
1,Mackenzy
1,Mackinzie
1,Macy
1,Madaleine
1,Madalene
1,Maddisen
15,Maddison
5,Madelaine
8,Madeleine
14,Madeline
1,Madelinn
1,Madelynn
1,Madge
1,Madina
1,Madinah
1,Madisan
4,Madisen
67,Madison
2,Madisson
1,Madonna
1,Mae
4,Maegan
1,Maeghan
1,Maelle
1,Maeriann
1,Maeve
5,Magdalena
1,Magdaline
12,Maggie
1,Mahala
1,Mahalia
1,Mahtab
1,Mai
1,Maija
3,Maja
4,Makayla
1,Makenzi
2,Makenzie
1,Makenzy
1,Makina
1,Makirah
1,Malak
1,Malarie
1,MaLaura
1,Maleah
1,Malena
1,Malerie
1,Malessa
1,Malina
1,Mallery
10,Mallory
1,Malora
1,Malorie
1,Malyka
1,Manal
1,Mandelle
5,Mandi
12,Mandy
2,Manisha
1,Manjinder
1,Mannat
1,Manon
5,Manpreet
1,Manraj
1,Manrup
2,Manveer
1,Marae
1,Maram
4,Maranda
1,Marcal
1,Marcee
2,Marcella
1,Marci
2,Marcia
1,Marcie
3,Maren
1,Maressa
1,Marfa
10,Margaret
2,Margareta
2,Margaretha
1,Margarita
1,Margaux
2,Margo
1,Marguerite
1,Mari
40,Maria
1,Maria-Apolonia
31,Mariah
1,Maria-Leigh
8,Mariam
4,Marian
1,Mariann
4,Marianne
46,Marie
2,Marie-Claude
1,Marie-Josee
1,Marieka
1,Marieke
1,Mariel
3,Marielle
1,Marie-Louise
1,Marie-Michele
1,Marika
2,Mariko
5,Marilyn
27,Marina
1,Marinda
1,Marinna
1,Marion
13,Marisa
1,Mariska
2,Marisol
45,Marissa
1,Marita
1,Maritza
1,Mariyah
1,Marizabel
1,Marjory
1,Markayla
1,Markea
1,Markella
4,Marla
1,Marlaina
1,Marlainna
1,Marlayna
6,Marlee
1,Marlene
4,Marley
1,Marliese
1,Marlina
1,Marlo
1,Marlyse
1,Marney
2,Marnie
1,Marquessa
1,Marriah
1,Marry
1,Marsadie
1,Marsha
8,Martha
3,Martika
5,Martina
1,Martine
1,Marvel
2,Marwa
1,Marwh
37,Mary
2,Maryam
1,Mary-Ellen
2,Mary-Jane
1,Mary-Jo
1,Marylane
1,Mary-Lou
3,Maryna
1,Maryssa
1,Masozi
1,Mataya
1,Matia
1,Matilda
1,Matison
1,Matraca
1,Matraica
1,Mattea
1,Maude
2,Maureen
1,Mawuena
1,Maxime
1,Maxine
2,May
5,Maya
3,Maysa
2,Maysoon
1,Mazi
1,Mckendra
3,Mckenna
2,Mckenzie
1,Mckenzy
1,Mckinnon
39,Meagan
19,Meaghan
1,Medeline
1,Medina
3,Meena
1,Meera
240,Megan
1,Megann
1,Meg-Ann
1,Meggan
1,Meggie
50,Meghan
1,Meghann
1,Megumi
1,Mehisney
1,Mei
1,Meiguin
1,Meira
1,Meireena
1,Melaine
1,Melana
1,Melani
50,Melanie
1,Melanna
1,Melany
1,Melena
1,Melenie
6,Melina
9,Melinda
5,Melisa
178,Melissa
1,Melissa-Dayle
2,Mellisa
5,Mellissa
1,Melodi
2,Melodie
5,Melody
1,Melony
1,Melva
1,Melvina
1,Memonah
1,Menaka
1,Meranda
7,Mercedes
1,Mercedez
1,Mercy
4,Meredith
1,Meriam
1,Meris
4,Merissa
1,Merri
1,Mersadi
1,Mersedeh
1,Mervat
1,Mervit
1,Meryl-Rae
1,Meyna
1,Mhairi
6,Mia
1,Mica
2,Micaela
1,Micaelan
2,Micah
2,Micayla
7,Michaela
1,Michaella
1,Michel
1,Michela
1,Michelangela
1,Michel-Anne
5,Michele
1,Micheline
184,Michelle
1,Michelle-Christiane
1,Michellita
1,Mickal
1,Mickenzie
1,Mickyla
1,Mihaela
2,Mika
8,Mikaela
1,Mikaila
1,Mikala
1,Mikaliah-Leigh
1,Mikalina
4,Mikayla
1,Mikelle
1,Mikenna
1,Mikhaila
1,Mikiela-Marie
2,Mikyla
4,Mila
1,Milagros
1,Milene
1,Mili
1,Millie
1,Millisa
1,Mimi
1,Mimosa
1,Ming
1,Ming-Chung
1,Min-Kyung
1,Minna
1,Minuete-Dawn
2,Mira
40,Miranda
1,Miranda-Lee
3,Mireille
1,Mirella
2,Miriah
8,Miriam
1,Mirielle
4,Misha
1,Mistaya
3,Misty
1,Misty-Anne
1,Misty-Lynn
1,Mitchell
1,Mohini
1,Mollie
15,Molly
2,Mona
21,Monica
7,Monika
1,Moniqa
11,Monique
5,Montana
1,Montanna
1,Morag
1,Moral
1,Morena
2,Morgaine
76,Morgan
1,Morgana
1,Morgann
2,Morganne
1,Morgyn
1,Moriah
1,Morissa
1,Morning
1,Moselle
1,Mouna
1,Mryssa
1,Munira
2,Munpreet
1,Muranda
1,Muriah
1,Murvanna
1,Mya
1,Myah
1,Mychel
1,Mykala
1,Myla
1,Myra
5,Myranda
1,Myriah
1,Myriam
1,Myroslava
1,Naaila
1,Nabeela
1,Nacia
6,Nada
2,Nadeen
1,Nadene
19,Nadia
17,Nadine
1,Nadyne
1,Naemi
1,Naeyla
1,Nafeesa
1,Nafisa
1,Nafisha
1,Naima
1,Najiyah
1,Najlaa
1,Najwah
1,Nakita
1,Nakoda
1,Nameera
1,Namrita
1,Nana
1,Nanami
12,Nancy
1,Nandi
25,Naomi
1,Naomie
1,Nareena-Saame
1,Nareesa
1,Narissa
1,Nasreen
1,Nassrine
1,Natacha
3,Natalia
42,Natalie
1,Natalya
1,Natanis
78,Natasha
3,Natashia
1,Natawni
1,Natesa
1,Nathalie
1,Nathania
1,Nathasha
1,Natradee
4,Navdeep
1,Navjeet
1,Navjind
1,Navjit
1,Navjot
1,Navkiran
1,Navleen
3,Navneet
2,Navpreet
1,Navreet
1,Nawal
2,Nazia
1,Neakeah
1,Neale
1,Neekoo
1,Neelu
1,Neely
1,Neena
1,Neesa
3,Neha
1,Nehkole
1,Nelissa
4,Nella
1,Nelleke
1,Neonila
1,Nera
1,Nerissa
3,Nevada
1,Nga-Ting
1,Ngoc
1,Nguyen
1,Nicaela
1,Nicalia
1,Niccolette
1,Nichelle
9,Nichole
1,Nicholette-Ellisa
3,Nicholle
1,Nickayla
1,Nicky
10,Nicola
255,Nicole
5,Nicolette
2,Nicolle
4,Nicollette
1,Nida
1,Nika
1,Nikayla
1,Nikella
2,Niki
1,Nikisha
17,Nikita
1,Nikka
13,Nikki
1,Nikkia
1,Nikki-Rae
1,Nikkita
1,Nikkitta
1,Nikola
1,Nikole
1,Nilanjana
6,Nina
1,Nirvana
2,Nisha
1,Nissa
1,Nital
1,Nitanis
1,Nitasha
1,Nitiya
1,Noam
1,Nocole
3,Noelle
1,Nohayla
1,Nokomis
3,Noor
1,Nooreen
1,Nora
2,Noreen
1,Norika
1,Norissa
1,Norma-Jean
1,Nostha
1,Nour
1,Noureen
1,Nursheila
1,Nu-Thanh-Nhi
1,Nyasha
1,Nychelle
1,Nycole
1,Nyemuoch
1,Nykala
1,Nyllia
1,Nyome
1,Nyomi
1,Nyssa
5,Ocean
1,Oceanna
1,Ochilamil
1,October
1,Odaly
1,Odessa
1,Oksana
37,Olivia
1,Oneet
1,Oonagh
1,Paema
1,Page
75,Paige
1,Paisley
1,Paloma
16,Pamela
1,Panawun
1,Pardis
1,Paris
1,Parisa
1,Parissa
1,Parris
1,Pascale
2,Patience
21,Patricia
1,Patrycja
1,Patti
1,Patty
6,Paula
1,Paulene
1,Paulette
5,Paulina
9,Pauline
2,Payden
1,Payten
1,Paytn
4,Payton
1,Pearl
5,Peggy
1,Pei
1,Perri
1,Pesch
3,Petra
1,Petrina
1,Petroula
4,Peyton
1,Phelicia
1,Philalack
1,Philippa
1,Phoebe
1,Phoenixx
1,Photine
3,Phuong
1,Pina
1,Pneet
1,Pola
2,Pooja
1,Poonam
1,Poonum
1,Porcia
1,Portia
1,Prabhdeep
1,Prabhjot
1,Prairie-Dawn
1,Prarthana
1,Preet
1,Prenisha
1,Prescilla
1,Preslea
2,Presley
1,Preston
1,Prestyn
1,Preya
1,Princess
5,Priscilla
1,Priti
2,Priya
1,Priya-Anne
2,Priyanka
1,Puneet
1,Quanteisha
1,Queenie
1,Quincey
1,Quincy
3,Quinn
1,Qurat-Ul-Ann
1,Quynh
2,Rabiah
1,Rabiyah
1,Racene
18,Rachael
1,Rachana
1,Racheal
103,Rachel
2,Rachele
16,Rachelle
1,Rachenda
1,Rachna
1,Radhika
2,Rae
2,Raeann
1,RaeAnna
1,Raeanna
1,Rae-Anna
3,Raeanne
1,Rae'Anne
2,Rae-Anne
1,Rae-anne
1,Raegan
2,Raeleen
8,Raelene
1,Rae-Lene
1,Raelyn
2,Raelynn
2,Rae-Lynn
1,Raemie
1,Raena
1,Raeschell
1,Raia
1,Rai-Anne
1,Raihna
1,Railene
1,Rain
2,Raina
1,Rainah
1,Rainbow
1,Raissa
1,Raizel
1,Rajpreet
1,Rajwant
1,Rakia
1,Raman
1,Ramanda
3,Ramandeep
2,Ramanpreet
1,Ramie
1,Raminpreet
3,Ramneet
1,Ramnik
2,Ramona
1,Rana
2,Randa
2,Randal
2,Randee
1,Randell
24,Randi
1,Randi-Jo
1,Randi-Lyn
3,Randi-Lynn
1,Ranelle
1,Ranita
1,Ranya
3,Raquel
1,Rasha
2,Rashelle
1,Rasina
1,Raveen
1,Raveena
5,Raven
1,Ravneet
1,Rawan
1,Rayan
1,Raychelle
4,Rayel
1,Rayelle
2,Raylee
7,Raylene
1,Raylin
1,Raynah
1,Rayne-Anne
1,Rayvan
1,Rayven
1,Rea-Anne
4,Reagan
5,Reanna
4,Reanne
1,Reba
2,Rebbeca
217,Rebecca
1,Rebeccah
1,Rebeka
14,Rebekah
1,Rebekka
1,Rebekkah
1,Rechel
1,Rechell
1,Reed
2,Reegan
1,Reeghan
2,Reem
1,Reema
7,Regan
2,Regis
2,Rehana
1,Reigh-Ann
1,Reilley
1,Reilly
2,Rema
2,Rena
2,Renae
1,Renata
1,Renatta
1,Renay
2,Rene
1,Renea
21,Renee
1,Renita
1,Rennie
1,Reta
1,Revee
1,Rhae-Lyn
1,Rhanda
2,Rhea
1,Rheagan
1,Rhealle
1,Rheann
4,Rheanna
1,Rheanne
1,Rhema
1,Rheon
1,Rheyanna
4,Rhianna
1,Rhianne
4,Rhiannon
1,Rhianon
2,Rhoda
6,Rhonda
1,Rhyan
1,Rhyden
1,Rhylee
1,Riah
1,Riana
1,Rianna
3,Rianne
1,Richel
1,Richell
12,Richelle
1,Ricki-Lee
1,Ridi
1,Riehen-Rae
1,Rieka
1,Riel
1,Rikkeen
1,Rikki-Jo
1,Rikki-Lee
9,Riley
1,Rinske
1,Rio
1,Rioghnach
1,Rique
1,Risa
7,Rita
1,Riva
1,Rivka
2,Robbi
3,Roberta
1,Robi
18,Robin
1,Robina
55,Robyn
1,Robynn
17,Rochelle
1,Rodayna
1,Rodena
1,Rohee
1,Rola-Abdul
1,Roleen
1,Romeena
1,Rona
1,Rondalyn
1,Ronna
1,Ronnie
5,Rosa
1,Rosalee
2,Rosalie
3,Rosalind
2,Rosalyn
1,Rosalynn
1,Rosalytia
1,Rosana
1,Rosaya
8,Rose
1,Rosealyn
1,Roseann
1,Roseanna
1,Roseanne
1,Roselyn
3,Rosemary
1,Rosheen
2,Roshni
1,Rosin
1,Rossella
2,Rowan
1,Rowena
1,Roxana
5,Roxanne
1,Roxeanne
3,Roxy
1,Royale
1,Roylynne
2,Ruby
1,Ruby-Dee
1,Rukshaar
1,Rupinder
11,Ruth
1,Ruthie
1,Rya
1,Rycki
1,Ryder
8,Rylee
1,Ryleigh
4,Ryley
1,Saachi
1,Saaranga
1,Saba
1,Sabina
1,Sabine
1,Sabre
1,Sabreena
1,Sabrel
36,Sabrina
2,Sabrine
1,Sacelia
2,Sacha
1,Sadaf
1,Sadia
7,Sadie
1,Sadie-Rose
1,Sadye
1,Saegan
1,Safana
1,Safira
1,Safiya
4,Sage
1,Sahar
1,Saidee
1,Saige
1,Saiisha
2,Saira
1,Sajida
1,Sakina
1,Salakchay
1,Saleah
2,Salima
3,Salina
1,Salina-Ann
7,Sally
1,Salma
1,Salon
1,Salwa
279,Samantha
1,Samanthia
5,Samar
3,Samara
1,Samarra
2,Samatha
1,Sameena
1,Samera
1,Samia
1,Samielle
1,Samina
1,Samira
1,Samna
1,Samolida
1,Sana
1,Sanaa
1,Sanaz
1,Sanderina
2,Sandi
1,Sandinita
16,Sandra
1,Sandrina
1,Sandrine
7,Sandy
1,Sanna
3,Santana
2,Santina
1,Santyna
2,Saphire
1,Sapphira
1,Sapphire
101,Sara
1,Sara-Ann
1,Sara-Beth
1,Sarae
303,Sarah
1,Sarahjane
1,Sarah-Jayne
1,Sarai
2,Saralyn
1,Saralynn
1,Sara-Lynn
1,Sari
1,Saria
1,Sariah
2,Sarina
1,Sarlin
1,Sarranda
14,Sasha
2,Saskia
1,Satbir
1,Sausan
1,Savana
1,Savanah
5,Savanna
12,Savannah
1,Savaya
1,Sawyer
1,Saxon
1,Scarlet
1,Schantelle
1,Schyenne
2,Scotia
1,Sean
1,Seaneen
1,Seara
1,Season
1,Seasons
1,Seema
1,Sei
1,Seija
1,Seiko
1,Selam
3,Selena
1,Selenia
5,Selina
2,Selynne
1,Semantha
1,Semhal
1,Senobia
1,Sephora
1,Sephra
1,Sequin
1,Sequoia
15,Serena
1,Shaan
1,Shabana
1,Shadow-Jade
5,Shae
1,Shae-Leigh
2,Shaeli
2,Shaelyn
1,Shae-Lynn
1,Shae-Lynne
1,Shaena
1,Shafiya
1,Shafroz
1,Shaila
1,Shailene
1,Shailey
1,Shailynne
4,Shaina
1,Shairlynn
2,Shaista
1,Shakira
1,Shalaina
1,Shalaine
1,Shalan
1,Shalayne
1,Shalee
1,Shaleen
1,Shalegh
1,Shalene
1,Shalese
1,Shaley
2,Shalin
1,Shalisa
2,Shalise
1,Shalya
3,Shalynn
1,Shalysa
2,Shana
1,Shanae
1,Shanalea
1,Shanalene
2,Shanda
1,Shandora
2,Shandra
1,Shandyn
1,Shanean
1,Shanee
2,Shanel
4,Shanelle
1,Shanese
1,Shania
5,Shanice
1,Shaniece
1,Shanisse
1,Shanlee
1,Shanley
5,Shanna
2,Shannah
1,Shannalii
1,Shannay
1,Shannel
48,Shannon
1,Shannyn
1,Shanon
1,Shantal
1,Shante
9,Shantel
2,Shantell
7,Shantelle
1,Shaquiell
1,Sharanjit
2,Sharayah
1,Sharean
1,Shareen
1,Sharen
1,Sharene
2,Shari
1,Sharilyn
1,Sharina
1,Sharisa
1,Sharish
2,Sharla
2,Sharlee
1,Shar-Lee
2,Sharlene
1,Sharlie
1,Sharlyn
2,Sharmaine
1,Sharndeep
1,Sharnelle
11,Sharon
1,Sharonjit
1,Sharouk
1,Sharry
1,Shasily
1,Shasma
1,Shasta
1,Shaun
11,Shauna
1,Shauna-Lee
1,Shauncel
1,Shaundra
1,Shaunee
1,Shauni
3,Shaunna
1,Shaunte
1,Shavanna
1,Shavon
1,Shawn
10,Shawna
1,Shawnae
1,Shawna-Lee
1,Shawna-Lynn
1,Shawndel
2,Shawnee
1,Shawnesse
3,Shay
2,Shaya
1,Shaye
25,Shayla
1,Shaylagh
1,Shayla-Lynn
1,Shaylan
1,Shaylea
2,Shaylee
1,Shayleen
1,Shaylena
10,Shaylene
1,Shaylin
2,Shaylyn
2,Shaylynn
1,Shay-Lynn
10,Shayna
1,Shayne
2,Shazia
2,Shea
1,Shea'Anne
1,Shea-Anne
1,Shealeigh
1,Shealyn
1,Shea-Lyn
1,Sheela
17,Sheena
1,Sheetal
1,Shehzadi
10,Sheila
1,Sheilagh
1,Sheilah
1,Sheitelia
1,Shela
1,Shelayna
2,Shelayne
2,Shelbe
1,Shelbee
3,Shelbi
7,Shelbie
1,Shelbi-Lynn
113,Shelby
2,Shelby-Ann
2,Shelby-Lynn
1,Shelby-Lynne
1,Sheleen
1,Sheleesa
1,Shelene
7,Shelley
5,Shelly
1,Shelynn
1,Shenai
1,Shenara
1,Shenene
1,Shenna
1,Shera-Lyn
1,Sheras
1,Sherayah
1,Sheree
1,Shereen
2,Sheri
1,Sherida
1,Sheridan
1,Sherieen
1,Sherilyn
1,Sherissa
2,Sherri
1,Sherri-Lee
2,Sherri-Lynn
1,Sherrise
6,Sherry
1,Shery
3,Sheryl
1,Sheung-Yi
1,Shevaun
1,Shevon
1,Sheyanne
1,Sheyene
5,Shianne
1,Shiera
1,Shilene
1,Shilpa
1,Shineen
1,Shinise
1,Shiraleigh
1,Shiranda
2,Shireen
1,Shirhonda
1,Shirleen
12,Shirley
1,Shirra
1,Shivi
1,Shona
1,Shonna
1,Shu
1,Shuna
1,Shustyn
1,Shvonne
1,Shyan
1,Shyana
3,Shyann
1,Shyanna
1,Shyanne
6,Shyla
1,Shylah
1,Shylee
1,Shylene
1,Shylo
1,Shyloh
1,Shynade
1,Shynnara
1,Shyra
1,Shyrel
2,Shyvonne
1,Sian
6,Sidney
4,Sienna
2,Siera
14,Sierra
1,Sierra-Leone
3,Silken
1,Silva
1,Silvia
1,Simanpreet
1,Simirpreet
5,Simone
1,Simone-Louise
1,Simphonie
3,Simran
1,Simrandeep
1,Simranjit
1,Simranjot
1,Simrat
1,Sin
2,Sina
5,Siobhan
1,Sirae
1,Sirkka
1,Sitina
1,Siu
1,Skilee
1,Sky
10,Skye
1,Skye-Lynn
5,Skyla
5,Skylar
1,Skyleigh
4,Skyler
1,Skylor
1,Sneha
1,Sofanit
2,Sok
1,Solvai
1,Sommer
1,Somya
2,Sonam
5,Sonia
1,Sonita
1,Sonja
1,Sonne
2,Sonya
1,Soonam
1,Sopheny
13,Sophia
12,Sophie
1,Soumia
1,Spence
2,Spencer
1,Stacee
15,Stacey
1,Stacey-Lynn
2,Staci
1,Stacic
5,Stacie
1,Stacina
7,Stacy
1,Stacy-Lynn
1,Starla
2,Starlene
1,Starlite
2,Starr
1,Stavroula
1,Steevy
5,Stefani
1,Stefania
11,Stefanie
1,Stefanna
1,Stefany
3,Steffanie
1,Steffi
1,Stepanie
1,Stephane
1,Stephanee
2,Stephani
271,Stephanie
2,Stephany
2,Stephenie
1,Sterling
1,Stevey
3,Stevie
1,Subreena
1,Sukhdeep
1,Sukhjeet
1,Sukhjit
1,Sukhleen
1,Sukhraj
2,Sumeet
3,Summer
1,Suneet
1,Supanee
2,Supreet
1,Suragni
1,Surina
1,Surita
1,Surleen
1,Surya
16,Susan
1,Susana
2,Susanna
3,Susannah
1,Susanne
5,Susie
1,Susy
1,Suzanna
1,Suzannah
12,Suzanne
2,Suzette
1,Sweetgrass
4,Sydnee
55,Sydney
1,Sydney-Ann
1,Sydnie
6,Sylvia
1,Symone
1,T.
2,Tabatha
1,Tabea
1,Tabetha
6,Tabitha
2,Tabytha
1,Taegan
1,Taeya
1,Tagrid
1,Tahreem
1,Taigen
2,Taija
1,Tailar
1,Taiylar
1,Talana
1,Talat
1,Taleah
6,Talia
1,Talisa
1,Tallan
2,Tallis
1,Tally
1,Talon
1,Talynn
1,Talyse
1,Tamam
1,Tamar
46,Tamara
2,Tamara-Lee
2,Tamarra
1,Tamayra
1,Tamber
1,Tamica
1,Tammi
1,Tammie
7,Tammy
1,Tamra
3,Tana
1,Tandy
1,Taneal
1,Taneesh
2,Taneil
1,Tanesha
3,Tania
2,Tanielle
2,Tanika
1,Tanille
10,Tanis
12,Tanisha
1,Tanisha-Rae
1,Tanishia
2,Tanja
1,Tannah
1,Tannikka
11,Tannis
31,Tanya
1,Tanysha
1,Taqua
35,Tara
1,Tarah
1,Taralee
2,Taralyn
1,Tara-Lyn
1,Taralynn
2,Tara-Lynn
1,Taran
1,Tarissa
1,Tarra
1,Tarrin
1,Tarryn
1,Tarun
17,Taryn
1,Tarynn
1,Tasey
15,Tasha
4,Tasheena
1,Tashelle
1,Tashina
1,Tashona
2,Tasia
1,Tasnim
1,Tasreen
1,Tatania
5,Tatiana
1,Tatianna
1,Tatjana
2,Tatum
1,Tatyana
1,Taunie
1,Tawney
1,Tawni
2,Taya
1,Taye
1,Tayla
8,Tayler
1,Tayler-Lynn
141,Taylor
1,Taylor-Anne
3,Taylore
1,Taylor-Lyn
1,Taylyn
1,Taylynn
1,Tayssa
7,Teagan
1,Teaghan
1,Teah
1,Teal
2,Teala
1,Teana
1,Teanna
1,Teasha
1,Teayanna
1,Teddy
1,Tedi
1,Teegan
1,Teela
9,Tegan
2,Teghan
1,Tehilah
2,Teigan
2,Teighan
1,Teiha
2,Teisha
1,Telaina
1,Telia
1,Telisha
1,Tempest
1,Tempestt
1,Tena
2,Tenaya
1,Tenchoe
1,Teneaka
1,Teneil
1,Tenell
1,Tenelle
1,Tenielle
3,Tenille
1,Tenita
4,Tera
1,Tera-Lynn
1,Tera-Lynne
1,Tereasa
18,Teresa
1,Teressa
3,Teri
7,Terra
1,Terra-Lynn
1,Terree
1,Terren
5,Terri
1,Terri-Lyn
1,Terri-Lynn
1,Terrin
2,Terry
1,Terry-Lynn
2,Terryn
1,Teryl-Lyn
1,Teryn
1,Teshia
1,Tesla
1,Tes-Lynn
10,Tess
31,Tessa
1,Tessica
1,Teya
1,Teysia
2,Thanh
2,Thea
1,Theodora
17,Theresa
1,Theresa-Lyn
2,Therese
3,Thi
1,Thian
1,Thien-Kim
1,Thomi
1,Threna
1,Thu
1,Thunder
2,Thuy
13,Tia
9,Tiana
1,Tianda
11,Tianna
1,Tianne
1,Tiannen
7,Tiara
1,Tiarah
1,Tiare
1,Tide-Lynn
1,Tiersa
1,Tiesha
1,Tiffaney
2,Tiffani
41,Tiffany
1,Tiffeny
1,Tiffiny
1,Tigra
1,Tilaka
1,Timmy
11,Tina
1,Tina-Marie
1,Tine
1,Tinesha
2,Ting
1,Tinika
1,Tinita
1,Tiona
1,Tionna
1,Toban
1,Tobi
2,Tommi
14,Toni
1,Tonia
2,Toni-Lee
1,Toni-Marie
5,Tonya
1,Tora
3,Torey
14,Tori
1,Torrie
1,Torry
3,Tory
1,Tosha
3,Tracey
2,Traci
1,Tracie
17,Tracy
1,Travis
1,Treasure
1,Trece
1,Treena
1,Treennasky
1,Trella
1,Trenna
2,Tressa
1,Tri
1,Tricha
7,Tricia
5,Trina
1,Trinda
1,Trinh
1,Trinity
1,Trish
10,Trisha
1,Trishea
10,Trista
5,Tristan
2,Tristen
1,Tristie
1,Tristin
1,Trixie
1,Troiane
2,Twyla
1,Ty
1,Tyana
1,Tycee
1,Tycie
4,Tyla
1,Tyleigh
3,Tyler
1,Tylr
1,Tyneil
1,Tynelle
1,Tynisha
1,Ulla
1,Urji
2,Ursula
1,Usra
1,Valantina
3,Valentina
12,Valerie
69,Vanessa
1,Vanessa-Hope
1,Vanora
1,Varna
1,Varsha
1,Vasilisa
1,Vaughn
1,Venessa
1,Venita
1,Venus
1,Vera
1,Verily-Marie
1,Verlina
1,Verna
20,Veronica
4,Veronika
1,Veronique
2,Vi
2,Vicki
3,Vicky
102,Victoria
1,Victoria-Lynn
1,Victory
1,Vienna
1,Vikki
1,Viktoria
1,Vincentia
1,Vinnie
1,Viola
2,Violet
1,Violeta
1,Vione
7,Virginia
1,Virlina
14,Vivian
1,Vonnisa
1,Vy
1,Vyrl
1,Waad
1,Wah
1,Wajya
1,Wanita
1,Wealtha
7,Wendy
1,Wesley
19,Whitney
1,Whitney-Elaine
1,Willamina
1,Willena
1,Willianne
1,Willow
1,Wilson
1,Wing
2,Winnie
1,Winnifred
1,Wynne
1,Wynona
1,Wynonna
1,Wyona
1,Wyonna
1,Yara
1,Yarina
1,Yashika
2,Yasmeen
1,Yasmine
1,Yasni
1,Yazmika
1,Yee
1,Yelda
2,Yen
1,Yohana
1,Yohanna
1,Yolanda
1,Yolonda
1,Yonit
1,Yousra
1,Yuka
1,Yu-Lin
1,Yumi
1,Yvette
1,Yvon
3,Yvonne
1,Zabeen
2,Zabrina
1,Zabryna
1,Zahara
2,Zahra
1,Zaina
1,Zakieh
1,Zanib
2,Zara
1,Zarifa
1,Zarmina
1,Zaygash
1,Zayleh
1,Zaynab
1,Zeenat
1,Zeina
1,Zeinab
1,Zena
1,Zenia
1,Ziana
26,Zoe
3,Zoey
1,Zofia
1,Zoie
1,Zorrain
2,Zoya