1,Aaliyah
1,Aamino
1,Aamna
1,Aanchal
2,Aaryn
1,Aashna
5,Abbey
1,Abbi
3,Abbie
2,Abbigail
19,Abby
1,Abear
1,Abena
1,Abigael
32,Abigail
5,Abigayle
2,Abir
1,Abrianna
1,Abrinna
1,Abyen
1,Abygail
2,Acacia
1,Accacca
1,Ada
1,Adalaine
1,Adan
1,Adanna
1,Adara
1,Adarah
1,Addisyn
1,Adele
2,Adelle
1,Adetola
1,Adrey
1,Adria
9,Adriana
6,Adrianna
1,Adrianne
1,Adrien
9,Adrienne
1,Aerial
1,Aeriel
1,Afrika
4,Aganetha
4,Agatha
2,Agnes
1,Ahmarie
1,Ahnika
2,Aidan
1,Aiden
1,Aiesha
2,Aileen
1,Ailish
1,Ailsa
4,Aimee
1,Ainslay
1,Ainsleigh
4,Ainsley
1,Airianna
1,Airyn
4,Aisha
1,Aishling
6,Aislinn
1,Aiyana-Marie
2,Aja
1,Ajdina
1,Ajsha
1,Akasha
1,Akayla
2,Akaysha
1,Akelyn
1,Akosua
1,Aksana
1,Akshpreet
1,Alabama
2,Alaina
1,Alainah
20,Alana
1,Alanah
1,Alanda
1,Alandra
12,Alanna
6,Alannah
2,Alannis
1,Alara
1,Alasha
2,Alaura
1,Alaxandria
1,Alayna
1,Alaynna
1,Alayssia
1,Alberta
1,Albertina
1,Alea
2,Aleah
4,Aleasha
1,Aleashea
7,Alecia
2,Aleena
1,Aleeshya
1,Aleeta
1,Aleigha
2,Aleksandra
3,Alena
1,Alesha
1,Alesia
1,Alesian
6,Alessandra
1,Alessia
1,Aleta
5,Alex
25,Alexa
1,Alexander
128,Alexandra
2,Alexandrea
29,Alexandria
5,Alexia
49,Alexis
1,Alexsandra
1,Alexus
2,Ali
7,Alia
1,Aliah
1,Alice
38,Alicia
1,Alicja
1,Alicyn
4,Alida
2,Aliesha
1,Alifa
2,Alina
1,Aline
1,Alinna
4,Alisa
1,Alisan
1,Alisar
23,Alisha
2,Alishia
1,Alisia
23,Alison
9,Alissa
1,Alissah
1,Alita
3,Alix
1,Alixandra
4,Aliya
1,Aliza
1,Allana
1,Allannha
1,Alleah
1,Allegra
1,Alleigha
1,Allessandra
1,Allie
1,Allisha
42,Allison
1,Allissa
2,Alliyah
1,Alliyha
1,Allorah
1,Allyas
1,Allyceanna
6,Allyson
4,Allyssa
1,Alondra
1,Alsena
1,Alveena
1,Alvina
1,Alychia
7,Alycia
3,Alysa
1,Alysea
12,Alysha
1,Alyshah
1,Alyshea
3,Alyshia
7,Alysia
6,Alyson
101,Alyssa
1,Alyssa-Lynn
1,Alysse
1,Alyssha
1,Alyssia
2,Alyx
2,Amal
1,Aman
142,Amanda
1,Amandah
1,Amanda-Irma-Alexis
1,Amanda-Jean
1,Amanda-Rae
3,Amandeep
1,Amani
1,Amanjit
1,Amanjot
1,Amanjyot
1,Amanpreet
1,Amany
2,Amar
1,Amara
1,Amaris
1,Amarjeet
1,Amaroop
1,Amaya
1,Ambareena
72,Amber
1,Amberleigh
2,Amberly
1,Ameenah
3,Amel
14,Amelia
1,Amelie
1,Amethyst
1,Amia
1,Amie
1,Amie-Lynn
1,Amilda
1,Amilia
1,Amineh
1,Amira
1,Amitjot
1,Amity
1,Ammie
1,Amnesty
1,Amnit
1,Amrin
1,Amrit
1,Amrita
100,Amy
2,Amy-Lee
1,Amy-Lynne
7,Ana
1,Anabelle-Elizabeth
1,Analia
1,Analise
1,Analyse
1,Anam
2,Anastacia
11,Anastasia
1,Andera
3,Andi
2,Andie
1,Andie-Lynn
1,Andre
42,Andrea
1,Andreana
1,Andreatta
1,Andreena
1,Andretti
1,Andriana
1,Andriella
1,Aneesa
1,Anelize
1,Aness
1,Anfal
1,Anfissa
14,Angel
41,Angela
2,Angele
1,Angelia
6,Angelica
1,Angelika
6,Angelina
3,Angeline
3,Angelique
1,Angelise
2,Angie
2,Anh
1,Ani
10,Anika
1,Anikka
1,Anisa
1,Anisah
2,Anisha
4,Anissa
10,Anita
1,Anita-Marie
1,Anja
1,An-Ky
2,Anmol
5,Ann
48,Anna
1,Annabelle
1,Anna-Grace
1,Annalee
1,Annalena-Lynn
1,Annaliese
3,Annalise
1,Anna-Marie
1,AnnaRae
1,Annastacia
1,Annastiasia
1,Annaya
11,Anne
1,Annealise
1,Annee
1,Anneke
1,Anneliese
1,Annelise
1,Annette
1,Anni
1,Annick
16,Annie
5,Annika
1,Annina
1,Annita
1,Annmarie
2,Ann-Marie
1,Anntoinette
1,Annysa-Lynn
1,Anona
1,Anoshia
1,Ansa
1,Antha
1,Anthea
2,Antonia
1,Antonietta
1,Anuradha
1,Anya
13,April
2,Apryl
5,Arden
1,Areena
1,Areige
1,Ariah
5,Ariana
2,Ariane
5,Arianna
2,Arianne
9,Ariel
3,Arielle
1,Arinn
1,Arissa
2,Ariyanna
1,Arlene
1,Armaan
2,Aron
1,Arrissa
1,Aruneema
1,Aryana
1,Aryele
2,Arynn
1,Aryssa
1,Arysta
1,Ashala
1,Ashanti
4,Ashlea
9,Ashlee
1,Ashleen
13,Ashleigh
1,Ashleigh-Dawn
1,Ashlen
235,Ashley
1,Ashleyann
1,Ashley-Ann
1,Ashley-Marie
1,Ashlie
1,Ashliegh
3,Ashly
4,Ashlyn
4,Ashlynn
1,Ashna
1,Ashten
1,Ashtin
8,Ashton
2,Ashtyn
1,Ashvaria
3,Asia
1,Aspen
1,Aspyn
1,Astrid
1,Ateyeh
1,Athen
4,Athena
1,Atlee
1,Attalie
1,Aubri
1,Aubrie
4,Audrey
1,August
1,Augustina
1,Aundrea
1,Aunveer
1,Aurianna
1,Auriel
6,Aurora
2,Austin
1,Austyn
1,Austynn
1,Autaumn
9,Autumn
1,Autumn-Sky
1,Avani
1,Avere
10,Avery
1,Averyl
1,Avigail
2,Aviva
1,Avivah
3,Avneet
1,Avnit
1,Avri
1,Avril
1,Awatef
1,Axandra
1,Axella
1,Aya
2,Ayah
1,Ayanna
1,Ayat
3,Ayden
3,Ayesha
7,Ayla
1,Ayla-Faye
1,Ayleena
2,Aysha
1,Ayshja
1,Ayslin
1,Azreen
37,Baby
1,Baeley
1,Bailea
8,Bailee
66,Bailey
1,Bailey.Jacqueline
1,Bailey-Lynn
3,Bailie
1,Baille
1,Baillie
1,Baily
1,Bao-Ling
6,Barbara
1,Bari
1,Bassma
1,Batoul
1,Bawar
11,Baylee
1,Bayleigh
1,Bayleigh-Paige
2,Bayley
1,Baylie
1,Bayly
1,Beatrix
4,Becky
1,Belanna
1,Belaynesh
1,Belinda
1,Belkes
1,Bella
2,Belle
1,Bentley
1,Berkeley
1,Berkley
1,Berlynn
1,Bernice
6,Beth
1,Bethannie
18,Bethany
1,Bethlehem
2,Betty
1,Beverly
1,Bhavika
4,Bianca
1,Bibi
1,Bich
1,Billi
4,Billie
1,Billie-Jo
1,Billie-Lei
1,Billijo
1,Binh
1,Birgit
1,Birgitte
1,Blair
3,Blaire
1,Blake
1,Blossom
4,Bobbi
2,Bobbie
1,Bobbie-Jean
1,Bobbie-Joe
1,Bobbie-Marie
1,Bobbi-Jo
1,Bobbi-jo
5,Bonnie
1,Bonnita
1,Bonny
1,Bottrey
1,Bradi
2,Brady
1,Braedyn
1,Braela
1,Braelyn
1,Brandea
12,Brandi
2,Brandie
1,Brandi-Leigh
4,Brandy
1,Brayan
1,Braylene
2,Breana
4,Breann
1,Bre-Ann
37,Breanna
1,Breanna-Amber
28,Breanne
1,Bre-Anne
2,Bree
1,Breeana
1,Bree-Ann
3,Breeanna
1,Bree-Anna
1,Brelynne
10,Brenda
17,Brenna
1,Brenna-Anne
1,Brennah
4,Brett
1,Brette
1,Brettlynn
3,Bretton
1,Brey-Anne
1,Brhealle
5,Bria
13,Briana
59,Brianna
19,Brianne
5,Bridget
1,Bridgette
1,Bridgit
2,Bridjet
2,Brie
1,Brieann
5,Brieanna
1,Brieanne
10,Brielle
1,Brienna
1,Brienne
1,Brigitta
2,Brigitte
1,Brina
1,Brinley
1,Brisa
1,Brishelle
1,Britanny
4,Britany
6,Britney
1,Britni
1,Britnie
2,Brittan
1,Brittana
1,Brittanee
1,Brittaney
4,Brittani
2,Brittanie
114,Brittany
1,Brittany-Lynn
1,Britteny
1,Brittnay
1,Brittnee
24,Brittney
2,Brittni
1,Brittnie
1,Broek
1,Bromwyne
1,Bronagh
4,Bronte
1,Bronwen
8,Bronwyn
5,Brook
103,Brooke
3,Brookelyn
2,Brookelynn
1,Brooke-Lynn
38,Brooklyn
1,Brooklyne
11,Brooklynn
1,Brook-Lynn
2,Bryana
3,Bryanna
3,Bryanne
3,Bryce
1,Brydie
5,Bryn
1,Bryna
1,Brynae
1,Bryndis
5,Brynn
1,Brynna
1,Brynne
1,Bryonna
2,Bryttany
1,Bui
1,Bushra
1,Buu
2,Cadence
1,Caelan
1,Cagney
1,Cailan
1,Cailee
2,Caileigh
4,Cailey
1,Cailin
1,Caillie
2,Cailyn
2,Caitlan
1,Caitland
40,Caitlin
21,Caitlyn
2,Caleigh
1,Calena
3,Caley
3,Cali
1,Calin
1,Calina
2,Calla
1,Callan
1,Calley
1,Calli
3,Callie
1,Callista
1,Calynn
1,Camiesha
2,Camila
1,Camilla
8,Camille
1,Cammie
10,Candace
6,Candice
1,Candida
11,Cara
1,Cara-Lee
1,Caralyn
1,Careese
1,Caren
2,Cari
2,Carina
1,Carine
17,Carissa
2,Carla
8,Carlee
1,Carleen
4,Carleigh
1,Carlen
1,Carlena
12,Carley
3,Carli
11,Carlie
1,Carli-Frances
1,Carlin
47,Carly
1,Carlye
1,Carmel
2,Carmella
19,Carmen
3,Carol
1,Carola
1,Carolann
1,Carol-Anne
1,Carole
3,Carolina
10,Caroline
1,Caroll-Ann
8,Carolyn
1,Carrera
6,Carrie
1,Carrigan
2,Carrington
1,Carrissa
1,Carsan
3,Carter
1,Caryssa
6,Casandra
18,Casey
1,Casia
1,Caslynd
1,Caslynn
89,Cassandra
1,Cassaundra
2,Cassia
2,Cassidie
69,Cassidy
1,Cassidy-Anne
5,Cassie
1,Cassity
1,Cassondra
1,Cassy
1,Cateline
1,Catharine
17,Catherine
1,Cathleen
2,Cathryn
1,Cathy
2,Catrina
1,Cavell
1,Cavetta
1,Cayden
4,Cayla
6,Caylee
3,Cayley
2,Caylin
1,Caylon
1,Caylynne
1,Ceana
3,Ceanna
1,Cecile
4,Cecilia
2,Cecily
1,Celein
1,Celena
7,Celeste
3,Celia
14,Celina
12,Celine
1,Celsey
1,Celyn
1,Celynne
1,Ceryna
1,Cevyn-Micaiah
1,Ceyana
1,Chace
1,Chaitali
1,Chale
1,Chalenne
1,Chalyssa
1,Chambrey
1,Champpaigne
1,Chanace
1,Chanaya
1,Chance
1,Chandan
2,Chandler
2,Chandra
11,Chanel
3,Chanelle
1,Chania
2,Chanice
2,Channel
1,Chanta
1,Chantai
16,Chantal
1,Chantale
2,Chante
1,Chanteal
19,Chantel
26,Chantelle
1,Charifa
1,Charife
1,Charis
2,Charissa
11,Charity
1,Charlaine
1,Charlee
1,Char-Lee
8,Charlene
1,Charlette
1,Charli
21,Charlotte
2,Charly
1,Charlyn
3,Charmaine
1,Charyna
2,Chase
2,Chasidy
2,Chasity
1,Chasney
1,Chassadee
1,Chassidy
1,Chatea-Lynn
1,Chaunese
1,Chauntel
3,Chayla
1,Chayleen
1,Chaylene
1,Chazza
1,Che
1,Chea
1,Chelaise
1,Chelana
1,Chelane
1,Chelci
1,Chella
69,Chelsea
1,Chelsen
30,Chelsey
2,Chelsi
1,Chelsie
1,Chelsy
1,Chelyn
1,Chelysa
1,Chenaara
1,Chenai
2,Chenoa
1,Cheri
1,Cheris
2,Cherise
1,Cherish
1,Cherrita
1,Cheryce
8,Cheryl
1,Cheryl-Anne
1,Cheryssa
1,Chettan
1,Chevalle
1,Cheyana
1,Cheyane
3,Cheyanna
6,Cheyanne
40,Cheyenne
1,Cheylene
1,Cheylynn
1,Chiamaka
2,Chiara
1,Chicole
30,Chloe
2,Chloee
1,Cholayna
1,Chortney
3,Christa
1,Christabel
1,Christa-Lee
1,Christelle
2,Christen
3,Christian
2,Christianna
2,Christianne
6,Christie
1,Christin
42,Christina
40,Christine
3,Christy
1,Christyne
1,Chrystine
1,Chyan
4,Chyanne
3,Chyna
1,Ciana
6,Cianna
12,Ciara
1,Ciarra
1,Cienna
1,Cieran
7,Cierra
1,Cindos
11,Cindy
1,Cinnamon
1,Clair
2,Claira
35,Claire
6,Clara
4,Clare
1,Clareece
1,Clarina
6,Clarissa
1,Clarrissa
12,Claudia
1,Claudya
1,Clay-Ce
1,Clea
1,Cloe
2,Coby
1,Codi
2,Cody
6,Colby
1,Colby-Ann
1,Cole
10,Colleen
1,Concentina
1,Concepcion
3,Connie
1,Connor
4,Constance
1,Constanza
4,Cora
1,Corah
1,Coral
1,Cora-Lea
1,Coral-Lynn
1,Coralyn
5,Cori
1,Corina
1,Corine
2,Corinna
1,Corinne
1,Cornelia
1,Corona
1,Correllee
1,Corrie
1,Corrigan
4,Corrina
1,Corrine
1,Corrissa
1,Cortany
2,Cortney
1,Cortni
2,Cory
1,Cosette
1,Cossette
1,Courtany
3,Courtenay
1,Courteney
1,Courtnay
2,Courtnee
139,Courtney
3,Courtnie
1,Courtnie-Lee
3,Cree
1,Creeanne
1,Cristina
1,Cross
1,Crysta
12,Crystal
1,Crysten
1,Crystina
4,Cydnee
1,Cydney
1,Cyla
1,Cylee
1,Cylie
1,Cymbeline
15,Cynthia
1,Cypris
1,Cyrena
1,Daelynn
1,Daesha
1,Dahlal
1,Dahlia
1,Daiane
1,Dailene
2,Daina
1,Daisha
2,Daisy
1,Daizy
1,Dakoda
26,Dakota
1,Dakota-Rayne
1,Dale
1,Daleena
1,Dalena
1,Daley
1,Dalia
6,Dallas
1,Dallason
1,Dallis
1,Dalyce
1,Dalyla
1,Dalyn
28,Dana
4,Danae
1,Danaya
1,Danell
2,Danelle
1,Danene
1,Danesha
3,Dani
14,Danica
1,Danicia
9,Daniela
1,Daniell
1,Daniella
114,Danielle
19,Danika
1,Danine
3,Danita
3,Danna
3,Danni
1,Dannielle
1,Danreta
2,Dante
4,Danya
1,Danyelle
1,Danyka
2,Danyn
1,Daphne
2,Dara
1,Darah
1,Darala
1,Darany
1,Darbie
13,Darby
1,Darby-Ann
1,Darcey
3,Darci
2,Darcie
4,Darcy
8,Darian
1,Darianne
1,Dariel
5,Darien
1,Darienne
3,Darion
1,Darisa
2,Darla
1,Darlena
4,Darlene
1,Daron
1,Darrelle
2,Darrelyn
1,Darrien
1,Darvette
1,Darylyn
1,Dasca
1,Dashia
1,Daulat
1,Davina
1,Davis
1,Davneet
1,Davon
6,Dawn
1,Dawna
1,Dawna-Rose
1,Daya
5,Dayle
1,Dayleen
1,Daylin
2,Daylynn
1,Day-Lynn
9,Dayna
1,Daynin
1,Daynna
1,Daytona
1,Deana
16,Deanna
1,Deanne
3,Debbie
2,Deborah
1,Debra
1,Dee-Anna
1,Deeanndra
1,Deena
1,Deepmala
2,Deidra
3,Deidre
1,Deirdra
1,Deja
1,Deja-Rae
1,Delaena
1,Delaine
2,Delainie
2,Delane
17,Delaney
2,Delani
1,Delanie
1,Delanye
1,Delayna
1,Delayne
1,Delaynie
1,Deldeka
1,Deleen
1,Deleena
1,Delfina
1,Delia
1,Deliah
1,Demara
5,Demi
1,Demie
1,Demitra
1,Denae
1,Denai
1,Denay
1,Denaya
1,Deneen
2,Denesha
1,Denicia
1,Denielle
5,Denise
1,Denver
1,Denzelle
2,Dereka
1,Derryle
1,Deserai
1,Deseree
1,Deshia
6,Desirae
1,Desireah
16,Desiree
1,Dessiray
1,Dessiree
1,Destanee
2,Destany
4,Destinee
2,Destiney
21,Destiny
1,Destyni
1,Devan
4,Devin
1,Devina
6,Devon
8,Devyn
1,Devynn
1,Dezirae
1,Dia
1,Diamond
1,Di-An
12,Diana
2,Diandra
2,Diane
1,Dianna
2,Dianne
1,Dibi
1,Dickie
1,Dierdre
1,Diljot
1,Dilki
1,Dilpreet
2,Dina
1,Dinesha
1,Dini
1,Dionna
1,Diselle
1,Divia
1,Divina
2,Divya
1,Dixie
1,Djarra
1,Domenica
1,Dominie
16,Dominique
3,Donna
1,Donnalee
1,Dora
1,Doreen
1,Dori
1,Dorion
3,Doris
1,Dorothea
5,Dorothy
1,Dorsa
1,Dounya
1,Dreden
1,Drelea
2,Drew
1,Dreyanna
1,Duaa
1,Dulce
1,Dung
1,Dur-E-Ajam
1,Dusanka
1,Dustine
1,Dusty
1,Dyana
1,Dyanna
1,Dykota
1,Dylan
1,Dyna
1,Eartha
1,Eboni
2,Ebony
2,Echo
6,Eden
3,Edith
1,Edyta
1,Efrosinia
1,Ehather
1,Eila
3,Eileen
1,Eilish
1,Eilleen
1,Eimistone
1,Eira
1,Eire
1,Ekamjot
1,Ekram
4,Elaine
1,Elan
1,Elani
1,Elanja
2,Elanor
1,Eldina
1,Eleanor
1,Electra
1,Elektra
2,Elena
1,Elene
1,Eleni
1,Eleri
1,Elexis
1,Elham
1,Elhan
1,Elicia
7,Elisa
2,Elisabeth
1,Elisabeth-Ruth
15,Elise
6,Elisha
1,Elissa
1,Elitzia
1,Eliyah
2,Eliza
81,Elizabeth
1,Elizabeth-Anne
1,Elizabeth-Louise
3,Ella
1,Elle
12,Ellen
1,Ellena
1,Ellery
1,Ellice
1,Elliott
1,Elly
1,Elodie
4,Elora
1,Elsa
3,Elsie
2,Elspeth
1,Elvera
1,Elvia
1,Elya
1,Elycia
1,Elynne
6,Elyse
1,Elysee
2,Elyssa
1,Ema
1,Emalee
1,Emanuelle
1,Ember
1,Emerson
1,Emery
1,Emilea
4,Emilee
3,Emilia
18,Emilie
218,Emily
1,Emily-Christine
1,Emina
94,Emma
1,Emmalee
1,Emmanuelle
1,Emmylou
1,Emylee
1,Enid
29,Erica
6,Ericka
27,Erika
2,Erikka
83,Erin
5,Eryn
1,Erynn
1,Erynne
2,Essence
1,Estelle
1,Esterlina
12,Esther
1,Estrella
1,Eternity
1,Eugenia
1,Eugini
1,Eunice
13,Eva
1,Eva-Marie
1,Evan
1,Evangelina
1,Evangeline
3,Eve
1,Eveline
6,Evelyn
1,Evet
1,Evie
1,Evin
1,Faakhra
1,Faaria
19,Faith
1,Faithe
1,Faith-Marie
1,Fallyn
1,Falynn
1,Fancy-Rae
1,Fanny
1,Farah
1,Faran
1,Fariya
1,Farrah
2,Farren
1,Faryn
7,Fatima
1,Fatma
1,Fatme
1,Faven
2,Fawn
1,Fayeanne
2,Feather
1,Felica
3,Felicia
2,Felicity
1,Femke
1,Feriel
1,Fernanda
8,Fiona
1,Flaura
1,Flora-Dawn
1,Flower
4,Frances
7,Francesca
4,Franchesca
1,Francis
2,Francisca
1,Franja
2,Frankie
1,Frazeen
1,Freedom
1,Freedome
2,Frieda
1,Gabriel
4,Gabriela
1,Gabriele
11,Gabriella
38,Gabrielle
1,Gaganpreet
1,Ga-Kei
1,Gallia
1,Ganelle
1,Garin
1,Garina
1,Garland
1,Garnadine
1,Garner
1,Garrielle
2,Gayle
2,Geena
1,Geline
3,Gemma
2,Gena
1,Genelyn
3,Geneva
1,Geneveive
9,Genevieve
1,Georgeanne
1,Georgette
7,Georgia
1,Georgiana
5,Geraldine
2,Gertrude
1,Ghadi
1,Ghinwa
1,Ghislaine
1,Ghyslaine
1,Giana
1,Giavanna
17,Gillian
12,Gina
1,Ginelle
2,Giovanna
1,Gisel
1,Gisele
2,Giselle
1,Giulia
1,Giuliana
1,Gizelle
1,Gladys
4,Gloria
1,Glynis
1,Gorgina
1,Govana
24,Grace
1,Gracie
1,Greer
1,Greta
1,Grier
1,Guneet
1,Gunsheet
1,Gurkamal
3,Gurleen
2,Gurneet
1,Gurpreet
1,Gurveen
1,Gustava
1,Gwen
1,Gwendolyn
1,Gwenyth
1,Hadiya
1,Haeliegh
1,Hafsa
3,Hailee
1,Haileigh
49,Hailey
1,Hailey-Marie
2,Haille
1,Hailleigh
2,Haily
1,Halbin
2,Halee
3,Haleigh
1,Halen
65,Haley
1,Haley-Elizabeth
1,Halie
1,Halina
6,Halle
1,Halley
4,Hallie
1,Haly
1,Hamda
1,Hamdia
1,Hamilton
2,Hana
1,Hanadie
1,Hanan
18,Hanna
109,Hannah
1,Hannan
1,Hanna-Rose
1,Hardeep
1,Hareena
1,Harjas
1,Harjit
1,Harjoht
4,Harjot
1,Harkiran
2,Harleen
1,Harlene
5,Harley
1,Harley-Ann
2,Harman
1,Harmanbir
1,Harmeen
1,Harmin
4,Harmony
2,Harper
1,Harpreet
1,Harpriya
1,Harriet
1,Harsh
1,Harshh
1,Harvir
1,Hasandeep
1,Hattie
1,Hau
1,Havannah
1,Havilland
1,Hawley
1,Hayden
9,Haylee
1,Hayleigh
55,Hayley
3,Haylie
3,Hazel
43,Heather
1,Heather-Briez
2,Heaven
1,Heba
12,Heidi
1,Heidy
1,Heighlon
1,Helaina
1,Helary
1,Helaynea
9,Helen
10,Helena
1,Helene
1,Hellen
1,Henriette
1,Hershey
1,Hevan
1,Hiam
2,Hiba
1,Hibah
8,Hilary
1,Hilda
8,Hillary
1,Hillie
1,Hinako
1,Hionia
1,Ho
2,Holley
1,Hollie
37,Holly
1,Honey
26,Hope
1,Hui
9,Hunter
1,Hunter-Noel
2,Iesha
1,Iesha-Don
1,Iisha
1,Ijeoma
1,Ilana
1,Ilayah
1,Ildiko
1,Ilena
1,Illessa
1,Ilona
2,Iman
1,Imogen
1,Inaam
1,Ingrid
1,Iqra
2,Ireland
2,Irene
2,Iris
9,Isabel
27,Isabella
15,Isabelle
1,Isadora
1,Isaiah
2,Isha
1,Ishvinder
1,Isis
1,Isla
1,Islam
1,Islam-Bahij
1,Islay
1,Ismah
2,Isobel
1,Israa
1,Israel
1,Israh
1,Iszabella
1,Iustina
2,Ivana
1,Ivaniuska
1,Ivanka
1,Ivanna
1,Ivonna
6,Ivy
1,Izabella
1,Ja'
1,Jacelea
5,Jacey
1,Jacielee
1,Jacienda
1,Jacilyn
1,Jacina
1,Jacinda
2,Jacinta
1,Jackelin
6,Jackie
2,Jacklyn
2,Jacky
18,Jaclyn
1,Jaclynne
39,Jacqueline
1,Jacquelinh
7,Jacquelyn
1,Jacquilyn
1,Jacquline
1,Jacy
1,Jada
39,Jade
1,Jadeen
9,Jaden
1,Jadene
1,Jadey
3,Jadeyn
1,Jadin
1,Jadine-Amber
1,Jae
2,Jaeda
1,Jaedan
2,Jaeden
2,Jaedyn
1,Jael
1,Jaelyn
1,Jagbir
1,Jahaan
1,Jahaan'Ara
1,Jahan
1,Jaici
2,Jaida
1,Jaidyn
10,Jaime
4,Jaimee
3,Jaimie
1,Jaimie-Leah
1,Jaina
1,Jaira
1,Jairica
1,Jakota
4,Jalisa
1,Jalycia
1,Jamai
56,Jamie
1,Jamie-Lynn
2,Jamila
1,Jan
5,Jana
3,Janae
1,Janai
1,Janaia
1,Janaih
2,Janay
4,Janaya
1,Janaye
1,Janci
6,Jane
2,Janel
33,Janelle
12,Janessa
5,Janet
1,Janette
1,Janey
4,Janice
1,Janie
1,Janiesa
8,Janine
1,Janis
1,Janita
1,Janiva
2,Janna
1,Jannel
1,Japji
1,Jaquelyn
1,Jarrica
1,Jarrisa
2,Jasdeep
1,Jaseana
1,Jasia
2,Jasleen
1,Jasman
3,Jasmeen
1,Jasmeet
8,Jasmin
50,Jasmine
2,Jasmyn
1,Jasna
2,Jasneet
1,Jasper
2,Jaspreet
1,Jassmine
1,Jawaher
1,Jaxynne
2,Jaya
1,Jayanna
2,Jayce
4,Jaycee
1,Jaycelyn
1,Jayda-Rain
4,Jayde
10,Jayden
1,Jaylana
3,Jayleen
3,Jaylene
1,Jaylen-Rae
2,Jaylin
1,Jaylon
1,Jaylyn
1,Jaylynn
6,Jayme
2,Jaymee
2,Jaymi
3,Jaymie
3,Jayna
4,Jayne
1,Jazden
3,Jazlyn
2,Jazlynn
3,Jazmin
5,Jazmine
1,Jazminn
1,Jazmon
1,Jean
1,Jeanette
1,Jeanie
3,Jeanine
1,Jeanna
1,Jeanne-Eileen
1,Jeannelle
1,Jeannette
2,Jeannine
1,Jeena
1,Jee-Won
1,Jehan
1,Jelayne
1,Jelisha
1,Jelissa
1,Jellisa
1,Jemma
5,Jena
2,Jenae
1,Jenai
1,Jenais
1,Jenay
4,Jenaya
1,Jenber
1,Jenean
1,Jeneca
1,Jenel
4,Jenelle
1,Jenesa
4,Jenessa
1,Jenetta
1,Jeneva
3,Jenifer
2,Jenika
1,Jenise
1,Jenita
69,Jenna
1,Jennae
1,Jennafer
1,Jennah
1,Jennalee
1,Jenna-Leigh
1,Jenne
1,Jennell
1,Jennette
1,Jenni
1,Jennica
1,Jennie
129,Jennifer
1,Jennilee
1,Jennine
1,Jennisa
1,Jennive
11,Jenny
2,Jensen
1,Jenysa
1,Jeraldine
1,Jerelyn
1,Jerica
1,Jerika
1,Jerri
1,Jerrica
1,Jerricca
1,Jesi-Lee
1,Jessa
2,Jessalyn
1,Jessalynn
6,Jesse
1,Jesse-Rae
1,Jessiah
1,Jessianne
235,Jessica
34,Jessie
2,Jessika
1,Jesslyn
2,Jessy
1,Jettah
2,Jewel
1,Jewell
2,Jia
1,Jianna
1,Jilisa
8,Jill
1,Jillainee
1,Jilleen
1,Jillene
31,Jillian
1,Jillisa
1,Jimmi
1,Jinan
1,Jinell
1,Jinelle
1,Joan
1,Joanell
1,Joanelle
10,Joanna
8,Joanne
1,Jocalyn
25,Jocelyn
2,Jocelyne
1,Jocelynn
1,Jodey
8,Jodi
5,Jodie
6,Jody
1,Joelene
8,Joelle
1,Joellee
2,Joely
1,Joeshanna
2,Joey
13,Johanna
3,Joleen
1,Joleigh
15,Jolene
1,Jolie
3,Joni
1,Joniah
1,Jonnie
2,Jordain
59,Jordan
5,Jordana
3,Jordann
1,Jordanna
1,Jorden
1,Jordin
3,Jordon
31,Jordyn
1,Jordyne
1,Jordynn
3,Jori
1,Jorina
1,Jorlyn
5,Josee
7,Josephine
1,Josett
1,Josianne
7,Josie
1,Josilynn
1,Josipa
3,Joslyn
2,Joumana
2,Jourdan
1,Jovana
3,Joy
4,Joyce
1,Jozie
1,Juanita
1,Jude
4,Judith
7,Judy
1,Julaine
1,Julee
1,Jules
66,Julia
1,Julia-Lea
4,Juliana
1,Juli-Ann
7,Julianna
6,Julianne
38,Julie
1,Juliet
1,Juliette
1,Julija
1,Julleen
1,Julliette
3,June
1,Juniper
1,Jurnee
1,Jusline
17,Justice
1,Justice-Shelby
6,Justina
27,Justine
2,Justis
1,Juwyriyah
1,Jyll
1,Jyotika
1,Ka
1,Kaai
1,Kacee
3,Kacey
1,Kachiena
5,Kacie
2,Kacy
1,Kaden
1,Kadija
1,Kaecia
4,Kaela
1,Kaela-Lea
1,Kaelan
1,Kaeleigh
1,Kaelon
1,Kaely
6,Kaelyn
1,Kaeylarae
1,Kaiesha
1,Kaija
4,Kaila
1,Kailea
1,Kaileah
4,Kailee
2,Kaileen
10,Kailey
1,Kailey-Rae
1,Kaili
2,Kaillie
1,Kaily
5,Kailyn
1,Kailynne
1,Kaira
1,Kaitlen
35,Kaitlin
2,Kaitlind
78,Kaitlyn
9,Kaitlynn
1,Kaiyi
1,Kajal
1,Kaleah
1,Kaleen
1,Kaleesha-Brandy-Lynn
8,Kaleigh
1,Kalen
1,Kalene
2,Kaley
14,Kali
1,Kali-Ann
1,Kali-Anne
2,Kalie
1,Kallecia
2,Kalli
3,Kallie
1,Kalpana
1,Kalsey
1,Kalus
1,Kalyn
1,Kamela
1,Kameron
1,Kamiko
1,Ka-Mikosit
1,Kamila
1,Kammie
1,Kamrae
1,Kanchan
2,Kandace
1,Kandice
1,Kandra
1,Kandy
3,Kaneesha
2,Kansas
26,Kara
1,Karalee
2,Kareen
17,Karen
1,Karenjeet
1,Karenjot
1,Karey
1,Kari
1,Karianne
1,Karie-Anne
1,Karilyn
3,Karin
7,Karina
1,Karinda
4,Karis
2,Karisa
10,Karissa
1,Karitas
2,Karla
4,Karlee
1,Kar-lee
1,Karlee-Ann
1,Karleigh
1,Karlene
6,Karley
12,Karli
3,Karlie
1,Karlina
1,Karling
8,Karly
1,Karlyn
1,Karmanpreet
2,Karmen
1,Karolan
2,Karolina
1,Karri
1,Karrie
1,Karrisa
1,Kar-Yee
2,Karyn
1,Karyne
5,Kasandra
1,Kasandre
7,Kasey
2,Kasha
1,Kashataya
1,Kasheena
1,Kashna
1,Kashyla
4,Kasia
1,Kasienka
1,Kass
11,Kassandra
2,Kassi
1,Kassia
20,Kassidy
2,Kassie
2,Kassy
1,Katara
10,Katarina
1,Kataryna
22,Kate
2,Katelin
77,Katelyn
20,Katelynn
3,Kate-Lynn
1,Katelynne
1,Kateri
5,Katerina
3,Katey
2,Katharina
1,Katherin
1,Katherina
46,Katherine
1,Katheryn
29,Kathleen
1,Kathlene
2,Kathrina
43,Kathryn
9,Kathy
19,Katie
1,Kati-Eilish
2,Katja
1,Katle
3,Katlin
2,Katlyn
4,Katlynn
1,Katreena
1,Katresa
1,Katrianne
1,Katriena
1,Katrin
30,Katrina
1,Katrina-Thi
1,Katriona
1,Katryna
1,Katurah
2,Katy
1,Katya
1,Kavina
1,Kavy
1,Kawthar
1,Kay
1,Kaya
1,Kayanna
2,Kaycee
1,Kayenta
1,Kayko
106,Kayla
1,Kayla-Anne
1,Kayla-Dawn
1,Kayle
3,Kaylea
45,Kaylee
5,Kayleen
9,Kayleigh
1,Kaylen
1,Kaylena
2,Kaylene
7,Kayley
1,Kayli
10,Kaylie
1,Kayliegh
7,Kaylin
6,Kaylyn
1,Kaylyne
2,Kaylynn
1,Kaymin
1,Kayna
1,Kayra
1,Kayshja
1,Kaytlen
2,Kaytlin
1,Kaytlyn
2,Kaytlynn
1,Kazsandra
1,Kealy
2,Keana
4,Keandra
12,Keanna
1,Kearnan
2,Kearra
1,Kearstyn
1,Keaton
1,Kedra
1,Keegan
1,Keeghan
1,Keeleigh
3,Keeley
1,Keeley-Ann
1,Keelie
15,Keely
2,Keelyn
1,Keerti
6,Keesha
1,Kefaya
1,Keiana
1,Keighly
1,Keiona
4,Keira
1,Keiran
1,Keirana
1,Keira-Shae
14,Keisha
1,Keitha
1,Keiya
1,Keji
1,Kelbey
1,Kelby
1,Kelcey
1,Keli
1,Kellen
1,Kelley
3,Kelli
1,Kelli-Ann
8,Kellie
1,Kelli-rae
1,Kellsea
1,Kellsey
27,Kelly
1,Kelly-Anne
1,Kelminee
1,Kelsa
5,Kelsea
90,Kelsey
6,Kelsi
1,Kelsi-Ann
6,Kelsie
1,Kelssie-Lynn
4,Kelsy
2,Kelti
1,Keltie
1,Kelyn
1,Kenadee
1,Kenadi
1,Kenan
4,Kendal
16,Kendall
66,Kendra
1,Kendrah
1,Kendra-Lee
1,Kendrina
2,Kendyl
1,Kenedy
1,Kenia
2,Kenisha
1,Kenna
1,Kennady
3,Kennedi
2,Kennedie
70,Kennedy
1,Kennesha
1,Kennidy
2,Kennisha
1,Kenya
1,Kenyenne
1,Kenys
2,Kenzie
1,Kera
1,Keri-Lyn
1,Keri-Lynn
1,Kerisa
1,Kerishia
1,Kerra
7,Kerri
1,Kerrie
1,Kerrigan
1,Kerrston
3,Kerry
1,Kerry-Ann
1,Kerstin
1,Kerstyn
1,Kescia
5,Kesha
4,Keshia
1,Kestrel
4,Keyana
1,Keyanna
1,Keyara
1,Keyla
3,Keysha
1,Kezia
2,Keziah
1,Kha
1,Khadija
1,Khadijah
1,Khaila
1,Khaim
1,Khennedy
1,Khrystyna
1,Khrystyne
1,Kiaira
25,Kiana
9,Kianna
6,Kiara
1,Kiasha
1,Kiata
1,Kiaya
1,Kielan
1,Kienana
1,Kienna
6,Kiera
2,Kieran
1,Kiernan
4,Kierra
1,Kierstan
4,Kiersten
1,Kierstin
3,Kierstyn
1,Kiesha
1,Kiley
1,Kim
1,Kima
6,Kimberley
2,Kimberlin
35,Kimberly
1,Kimberlynn
1,Kimysha
1,Kindra
2,Kindred
17,Kira
1,Kira-lyn
1,Kirandeep
1,Kiranjot
2,Kiranpreet
1,Kirat
1,Kirena
1,Kirndeep
1,Kirpal
1,Kirsi
44,Kirsten
3,Kirstie
3,Kirstin
1,Kirstina
2,Kirsty
4,Kirstyn
1,Kishanda
1,Kistin
1,Kitana
1,Kitara
1,Kiyana
1,Kjerstin
1,Kjirstiana
2,Klarissa
1,Klayre
1,K-Lyn
1,Koanne
2,Kobi
3,Kodi
1,Kolbey
3,Kolby
1,Kole
1,Kolme
1,Kora
1,Korah
1,Koree
2,Korey
1,Kori
1,Korianne
1,Korie
1,Kori-Lyn
2,Kortney
1,Kortni
1,Koryn
1,Kourteney
5,Kourtney
1,Kourtney-Brooke
1,Kourtnie
1,Kowther
1,Kreashyn
1,Krissa
2,Krissy
14,Krista
1,Kristeen
1,Kristeena
54,Kristen
1,Kristena
4,Kristi
2,Kristianna
1,Kristie
20,Kristin
25,Kristina
6,Kristine
8,Kristy
8,Kristyn
1,Kristyna
1,Kristynn
1,Krysta
10,Krystal
1,Krystalyn
4,Krysten
1,Krysti
1,Krystin
4,Krystina
1,Krystyn
1,Ksenia
1,Kuera
1,Kuljeet
1,Kuna
1,Kuranda
1,Kursten
1,Kurstyn
1,Kya
1,Kyaisha
2,Kyanna
1,Kyara
1,Kyarah
1,Kyerra
2,Kyesha
1,Kyisha
32,Kyla
1,Kylah
1,Kylan
9,Kylee
6,Kyleigh
1,Kyler
1,Kyley
15,Kylie
1,Kylina
1,Kylla
1,Kyly
1,Kynderly-Ann
19,Kyra
1,Kyrianna
1,Kyrra
1,Kyrsten
1,Kyrsti
1,Kyrsti-Ann
1,Kyrstie
1,Kyrstin
1,Kyrstyanna
1,Kyu
1,Kywana
9,Lacey
1,Lacey-Ann
1,Lacie
1,Lacy
1,Ladina
1,Lael
1,Laicey
1,Lainey
1,Laira
3,Lakeisha
1,Lakeyn
1,Lakisha
4,Lakota
1,La-Lia
1,Lam
1,Lamess
1,Lamiah
1,Lamis
1,Lan
3,Lana
1,Lanaya
1,Laneesha
1,Lanette
1,Langley
1,Lani
1,Lannie
2,Lara
1,Laranda
1,Lareena
1,Larisa
23,Larissa
1,Larissa-Shaza
1,Larrissa
1,Larysa
1,Latesha
1,Laticia
3,Latisha
1,Latonia
1,Launi
62,Laura
1,Lauranne
5,Laurel
1,Laurella
85,Lauren
2,Laurie
1,Laurisa
1,Laurissa
1,Lauryn
1,Lavina
1,LaVonnah
1,Lawren
2,Layal
1,Layde
2,Layla
1,Laynee
1,Lc
34,Leah
1,Leah-Lynn
1,Leandra
3,Leann
2,Leanna
8,Leanne
1,Leashea
3,Lecia
5,Lee
1,Leeanne
3,Leena
1,Leia
1,Leigh
2,Leigha
4,Leila
1,Leilay
1,Leina
1,Lelayna
3,Lena
1,Lennon
10,Leona
1,Leonie
1,Leontine
1,Leora
1,Leoshia
1,Lesan
3,Lesley
7,Leslie
1,Letesha
1,Leticia
1,Levana
1,Lexa
1,Lexcee
1,Lexei
1,Lexey
5,Lexi
13,Lexie
1,Lexis
4,Lexus
1,Leya
4,Liana
1,Liane
1,Lianna
1,Lianne
2,Libby
1,Lida
4,Lila
1,Lili
3,Lilian
1,Lilianne
1,Lilla
4,Lillian
1,Lilliane
10,Lily
2,Lina
1,Linaya
10,Linda
1,Lindey
1,Lindi
33,Lindsay
1,Lindsea
18,Lindsey
2,Lindsy
2,Lindy
1,Linea
1,Linna
4,Linnea
1,Linsay
1,Linsey
1,Linzie
22,Lisa
2,Lisanne
1,Liya
1,Liza
1,Liza-Jane
1,Lizel
1,Lizelle
5,Logan
1,Loganne
3,London
1,Loraine
1,Loralie
1,Loran
1,Loreena
1,Lorelle
1,Loren
1,Loretta
1,Lori
1,Lori-Anne
1,Lorina
1,Loris
2,Lorna
1,Lorr
4,Lorraine
1,Lorraye
1,Lorren
1,Lorrisa
1,Lotte
4,Louisa
7,Louise
1,Lovedeep
1,Lovepreet
1,Loxly
1,Luam
4,Lucia
1,Lucienne
1,Lucille
1,Lucky
1,Lucy
1,Luella
2,Luisa
1,Luvella
1,Luxmy
1,Luyando
10,Lydia
1,Lyla
1,Lynaiya
1,Lyndan
1,Lyndee
6,Lyndsay
4,Lyndsey
1,Lyndsy
3,Lynette
1,Lynita
6,Lynn
1,Lynne
1,Lynshao
1,Lynsie
1,Lynzie
1,Lyric
2,Maaike
1,Mabel
1,Macalyn
2,Macey
1,Machaela
1,Machaila
1,Macinly
1,Mackaya
3,Mackayla
1,MacKenlee
1,Mackensie
1,Mackenzi
102,Mackenzie
3,MacKenzie
1,Mackilla
2,Macy
2,Madalyn
1,Maddie
11,Maddison
1,Madel
3,Madelaine
9,Madeleine
1,Madelena
22,Madeline
2,Madelyn
1,Madhumitha
1,Madiha-Shah
1,Madihha
1,Madina
1,Madisen
171,Madison
1,Madison-Lee
4,Madisson
3,Madisyn
1,Madlaina
2,Madysen
5,Madyson
1,Maedia
4,Maegan
3,Maeghan
1,Maeve
2,Magaretha
2,Magdalena
1,Magdalene
1,Magdelena
10,Maggie
1,Maggie-Mae
4,Maha
1,Mahaelee
2,Maheen
1,Mahtaab
1,Mahvish
1,Mai
6,Maia
1,Maigan
1,Maili
1,Mairead
1,Mairynn
1,Maisie
1,Maja
1,Majeda
1,Majeeda
1,Majiah
1,Makaila
1,Makailey
24,Makayla
1,Makayla-Anne
1,Makaylin
1,Makela
1,Makena
3,Makenna
1,Makensy
7,Makenzie
1,Makenzie-Jo
1,Makhaila
1,Malak
1,Malayah
1,Malayna
1,Malia
1,Malina
2,Mallory
2,Manal
2,Mandeep
1,Mandi
5,Mandy
3,Manisha
1,Manjot
5,Manpreet
1,Mansimran
2,Manvir
2,Mara
1,Maralynn
2,Maranda
2,Marcella
2,Marcy
1,Maresa
1,Marfa
22,Margaret
1,Margaretha
1,Margie
1,Margorie
1,Margot
1,Marguerite
30,Maria
1,Maria-Angela
1,Maria-Elena
17,Mariah
1,Mariahlyn
5,Mariam
4,Marian
3,Marianne
1,Maribelle
20,Marie
1,Marie-Eve
1,Mariefaith-Ann
1,Marieke
1,Mariel
1,Mariella
1,Marielle
1,Marie-Louise
1,Marija
1,Marijke
1,Mariko
1,Marilena
1,Marilyn
1,Marim
23,Marina
3,Marion
1,Maris
9,Marisa
34,Marissa
1,Marium
1,Marizette
1,Marjan
2,Marjorie
3,Marlee
1,Marleigh
1,Marlena
3,Marlene
4,Marley
1,Marlie
2,Marlo
2,Marlowe
2,Marly
1,Marlynn
1,Marlys
1,Marlyss
3,Maron
1,Marquee
2,Marrisa
2,Marta
6,Martha
8,Martina
1,Martina-Marie
1,Martine
1,Martinha
1,Marty
1,Martyna
1,Marus
1,Marwa
29,Mary
1,Marya
2,Maryam
2,Maryann
2,Maryanne
1,Maryclare
1,Marydale
1,Maryellen
1,Mary-Jayne
1,MaryKate
1,Mary-Kate
1,Mary-Louise
1,Mary-Margaret
2,Maryn
1,Maryssa
1,Maryum
1,Mashal
1,Masheyla
2,Mason
1,Matana
4,Mataya
1,Matea
1,Mateya
2,Matilda
4,Mattea
1,Maurenna
1,Maxime
1,Maxine
1,May
15,Maya
1,Mayar
1,Maye
1,Mayeesa
2,Maygan
1,Maygen
1,Maylynn
1,May-Lyric
1,Maysah
1,Maysen
2,Mayson
1,McKae
1,Mckaila
1,Mckailyn
4,Mckayla
3,McKayla
1,McKaylyn
12,Mckenna
3,McKenna
10,Mckenzie
7,McKenzie
3,Mckinley
1,McRae
41,Meagan
2,Meagen
12,Meaghan
1,Meaghann
1,Meara
1,Medeena
1,Medina
1,Meegan
1,Meg
190,Megan
1,Megan-Rose
2,Meggan
34,Meghan
1,Meghana
1,Megisis
1,Mei
1,Meigan
1,Mekaleh
2,Mekayla
18,Melanie
1,Melany
1,Meleah
1,Melek
1,Meley
3,Melina
6,Melinda
1,Melinda-Rae
1,Melisa
1,Melisandre
108,Melissa
1,Melissa-Ann
1,Mellisa
2,Mellissa
7,Melody
1,Melorie
1,Melynda
1,Mena
1,Menna
1,Meranda
12,Mercedes
1,Mercedi
1,Mercy
6,Meredith
1,Mereme
1,Meriah
2,Merissa
1,Merly
1,Merna
1,Merrie
1,Merrit
1,Mersedez
1,Meryn
1,Mette
1,Meyyammai
1,Mhralnisa
7,Mia
1,Miaeshia
6,Micaela
3,Micah
1,Micaila
2,Micayla
33,Michaela
1,Michaella
2,Michala
1,Michallie
2,Michayla
3,Micheala
2,Michele
85,Michelle
1,Michellle
1,Mickalua
5,Mickayla
1,Mieke
1,Miguela
1,Mika
28,Mikaela
1,Mikah
1,Mikai
2,Mikaila
3,Mikala
48,Mikayla
1,Mikayla-Lee
1,Mikay-Lynne
1,Mikeila
1,Mikela
1,Mikenna
1,Mikenzie
4,Mikhaila
1,Mikhala
1,Mikhayla
1,Mikkayla
1,Mikyla
1,Mikylah
1,Mikylla
1,Mila
1,Milan
1,Milana
1,Milanna
1,Milissa
2,Mimi
2,Mina
1,Minah
2,Mindy
1,Minh
1,Minnie
48,Miranda
1,Mirelle
5,Miriam
4,Misty
1,Miya
2,Moira
1,Mollie
10,Molly
1,Mona
1,Monahil
1,Monajeya
1,Moneka
28,Monica
10,Monika
5,Monique
13,Montana
1,Moorea
91,Morgan
1,Morgana
2,Moriah
2,Morrigan
1,Mouffac
1,Muneet
1,Muniah
1,Munjot
1,Munroop
1,Murphy
1,Mursal
1,Musa
1,Muskoka
1,My
1,Myah
1,Mychaela
1,Mychalla
1,My-Han
1,Myia
1,Mykaela
2,Mykala
1,Mykayla
1,Myken
1,Mykenzie
1,Mylynn
1,Myra
3,Myranda
1,Myrissa-Lee
1,N.
1,Naazdeep
1,Nabila
1,Nabrissa
2,Nada
1,Nadea
2,Nadeen
16,Nadia
1,Nadia-Franchesca
12,Nadine
1,Nadja
2,Nadya
1,Naheera
1,Najwa
1,Nakira
4,Nakita
1,Nala
1,Nalani
1,Nambi
1,Namneet
8,Nancy
1,Naohmi
21,Naomi
1,Nareman
1,Narissa
1,Nascha
1,Nasime
1,Nasrine
1,Natacia
1,Nataea
5,Natalia
42,Natalie
1,Natalja
1,Natallie
4,Natalya
90,Natasha
1,Natasha-Ashley
1,Natasha-Jean
1,Natasha-Rae
3,Natashia
5,Nathalie
1,Natika
1,Natja
1,Nava
1,Navdeep
1,Naveen
1,Navia
1,Navkiran
1,Navneal
3,Navneet
2,Navreen
2,Navreet
1,Nawale
1,Nayab
1,Nazo
1,Neala-Rea
1,Neco-Lea
1,Neena
2,Neesha
1,Neetu
2,Neha
1,Nelleke
1,Nelli
2,Nellie
1,Nellinda
2,Nena
1,Nessa
1,Nevada
1,Ngan
1,Ngo
5,Ngoc
1,Ngoc-Yen
1,Niall
1,Niamh
1,Nichelle
1,Nichol
1,Nichola
5,Nichole
1,Nicholina
2,Nicki
2,Nickole
1,Nico
1,Nicoda
8,Nicola
187,Nicole
3,Nicolette
1,Nicolletta
1,Nicquole
2,Nida
1,Nida-Baig
2,Niharika
1,Nika
1,Nikala
2,Nikayla
2,Nikeah
1,Nikeeta
2,Niki
1,Niki-Lee
6,Nikita
2,Nikka
9,Nikki
1,Nikkie
1,Nikkita
1,Nikla
1,Nikol
4,Nikole
2,Nikolina
1,Nimarn
8,Nina
1,Ninar-Wala-A
1,Nipin
1,Nirmeen
1,Nisa
2,Nisha
1,Nishia
1,Nisreen
1,Nitika
1,Noah
1,Noel
1,Noella
8,Noelle
2,Noemi
1,Noha
1,Noorah
1,Noor-Elhoda
1,Norah
1,Normagene
1,Nouer
2,Nour
1,Nureen
1,Nurmeen
1,Nurserina
1,Nyabel
1,Nyall
1,Nyambura
1,Nyamuoch
1,Nyesha
1,Nyjah
1,Nymisha
2,Ocean
1,Ocean-Marie
1,Octavia
1,Odeliah
1,Odelle
1,Odessa
2,Oksana
1,Oladele
2,Olga
1,Olimpia
44,Olivia
1,Olivia-Jaine
1,Olla
1,Olubusola
1,Olyveia
1,Oolahnee
1,Oolentina
1,Oona
1,Oralee
1,Oriana
1,Oribel
1,Orlana
1,Orly
1,Osamuskwasis
1,Paege
80,Paige
3,Paisley
2,Paityn
1,Paizlee
1,Paizley
1,Pam
7,Pamela
1,Pamella
1,Paramveer
1,Pardeep
6,Paris
1,Parke
2,Parker
1,Parmjot
1,Pascale
1,Patience
8,Patricia
1,Patrina
4,Paula
1,Paulena
2,Paulette
6,Paulina
3,Pauline
1,Pava
1,Pavendeep
1,Pawan
1,Paxton
3,Payten
10,Payton
1,Paytyn
1,Peiv
1,Penina
1,Penny
1,Perri
1,Persephone
3,Petra
5,Peyton
1,Pheben
1,Phillsan
2,Phoebe
3,Phoenix
1,Phoi
2,Phyllis
1,Pier
1,Pieternella
2,Piper
2,Pooja
1,Prabhjot
1,Prairie
1,Pramandeep
1,Precious
1,Preet
3,Presley
1,Princess
7,Priscilla
2,Priya
2,Priyanka
1,Pronia
2,Puneet
1,Purnima
2,Queenie
1,Quiana
1,Quin
1,Quincey
1,Quinlyn
4,Quinn
1,Rabina
19,Rachael
1,Rachael-Lynn
1,Rachanjeet
1,Racheal
146,Rachel
2,Rachele
24,Rachelle
1,Rachna
1,Racquel
4,Rae
1,Raeann
3,Rae-Ann
4,Raeanne
1,Raeannon
1,Raechel
1,Raechelle
1,Raeefa
1,Rae-El
4,Raegan
1,Rael
1,Raelee
1,Raeleen
2,Raelene
1,Raeliene
2,Raelyn
3,Raelynn
3,Rae-Lynn
1,Raelynnda
2,Raelynne
1,Raenelle
1,Raffela
1,Raha
1,Rahaf
1,Rahima
1,Railean
1,Railey
1,Raili
1,Railynne
3,Raina
1,Rainbow
3,Raine
1,Raisa
1,Rajel
1,Rajpreet
1,Rakel
1,Raman
2,Ramandip
1,Ramanjit
1,Ramleen
1,Ramona
1,Rana
1,Randa
1,Randee
8,Randi
1,Randi-Lee
1,Randi-Linn
1,Randi-Lynn
1,Randip
1,Randy
1,Ranee
2,Rania
2,Ranya
4,Raquel
1,Rasha
1,Rashell
1,Rashelle
1,Rasna
12,Raven
1,Ravneet
1,Rawa
1,Rawia
3,Raya
2,Rayan
1,Rayana
1,Rayann
2,Rayanna
5,Rayanne
1,Raye
1,Rayel
2,Rayelle
1,Rayla
1,Rayleen
1,Rayleena
2,Raylena
2,Raylene
2,Rayn
5,Rayna
1,Raynbo
4,Rayne
1,Rayne-Joy
1,Rayven
1,Razia
4,Reagan
2,Reann
4,Reanna
6,Reanne
1,Reauna
1,Reay-anne
1,Reba
1,Rebacca-Lynn
1,Reba-Jeane
1,Rebbecca
3,Rebeca
147,Rebecca
1,Rebecka
1,Rebecka.Mae-Ann
2,Rebeka
19,Rebekah
1,Rebeka-Lynn
2,Rebekka
1,Rebekkah
1,Reeann
1,Reece
1,Reem
1,Reema
1,Reena
3,Reese
5,Regan
4,Regina
1,Reglynn
1,Rehama
1,Reighan
3,Reilly
1,Reina
1,Remington
1,Remy
2,Rena
3,Renae
1,Renai
1,Renata
1,Renate
1,Renatha
1,Renay
1,Rence
3,Rene
1,Renea
12,Renee
1,Resha
1,Reyd
1,Reynan
1,Rhayne
4,Rhea
1,Rheagan
1,Rhena
1,Rhianna
1,Rhianne
4,Rhiannon
3,Rhoda
1,Rhona
1,Rhonda
1,Rhyan
1,Rhyanna
1,Ria
1,Riana
2,Riane
3,Rianna
1,Rianne
1,Riannon
1,Richann
1,Richel
2,Richelle
1,Rickal
1,Ricki
1,Ricki-Lynn
1,Riel
1,Rieley
1,Rielle
1,Riketa
1,Rikki
12,Riley
1,Riley-May
1,Rim
1,Rineem
1,Rio
1,Ripendeep
1,Ripley
3,Rita
1,Rithika
4,River
1,Rivver
1,Riya
1,Rkaelyn
1,Robbi
1,Robbie
1,Robert
5,Roberta
10,Robin
37,Robyn
1,Robynn
1,Rochel
14,Rochelle
1,Rodrica
1,Roenne
1,Rola
1,Roman
1,Romana
1,Romany
1,Romina
1,Romy
1,Rona
1,Ronda
1,Ronia
1,Ronna
1,Ronny
2,Rosa
1,Rosalie
1,Rosalind
1,Rosalle
1,Rosalynn
1,Rosa-Lynn
5,Rosanna
3,Rose
2,Roseanna
2,Roselyn
2,Rosemarie
1,Rose-Marie
1,Rosemary
1,Roshani
1,Rosina
1,Roslin
1,Rouwaide
7,Rowan
2,Rowanne
1,Roxana
2,Roxanna
7,Roxanne
1,Roylynn
1,Rozanda
1,Rubi
2,Ruby
1,Rumaiza
2,Ruth
2,Ryan
1,Ryana
3,Ryann
2,Rylea
8,Rylee
1,Rylene
7,Ryley
3,Rylie
1,Ryliegh
1,Rylin
1,Ryshon
1,Saadie
1,Saania
1,Saarat
1,Sabiha
2,Sabina
1,Sabine
1,Sabreina
1,Sabrene
63,Sabrina
1,Sabrine
2,Sadaf
1,Sadia
11,Sadie
1,Sadika
1,Safa
1,Safeena
1,Saffa
1,Safiya
1,Safiyya
7,Sage
1,Sagrid
3,Sahar
1,Sahara
1,Saige
1,Saja
1,Sajal
1,Sajida
1,Sakura
1,Salam
1,Saleena
3,Salina
9,Sally
218,Samantha
1,Samantha-Shae
1,Samar
5,Samara
1,Samatha
1,Sambil
1,Sammantha
1,Sana
1,Sanaa
2,Sandeep
1,Sandie
10,Sandra
2,Sandy
1,Saniya
1,Sanjot
1,Sanneke
6,Santana
1,Saoirse
1,Saphia
1,Saphira
2,Sapphire
61,Sara
1,Sara.Jacoba
1,Sara-Anne
236,Sarah
1,Sarah-Dawn
1,Sarah-Jean
1,Sarah-Kathryn
1,Sara-Jean
1,Sara-Lyn
1,Sarena
4,Sarina
1,Saruka
5,Sasha
1,Saskia
1,Saulena
2,Savana
4,Savanah
5,Savanna
1,Savannagh
48,Savannah
1,Saveen
1,Saville
1,Sawera
1,Saydie
1,Sayler
2,Scarlet
1,Seagun
1,Seahannia
2,Sean
2,Seana
1,Seanae
6,Seanna
1,Searra
1,Segen
1,Segolene
1,Sehar
1,Seianna
1,Seija-Lisa
1,Sela
1,Selah
1,Seleena
12,Selena
7,Selina
1,Seloy
1,Selwynne
1,Semantha
1,Senaya
1,Seneva
1,Senita
1,Sera
1,Serab
1,Serafina
1,Sereaha
17,Serena
1,Serenity
1,Seriena
1,Serrah
1,Sesen
1,Shabo
1,Shaddia
1,Shaden
1,Shado
8,Shae
1,Shaelee
1,Shaeli
1,Shaelin
14,Shaelyn
4,Shae-Lyn
14,Shaelynn
13,Shae-Lynn
1,Shaelynne
3,Shae-Lynne
1,Shafreen
1,Shahnea
1,Shaileen
1,Shailley
2,Shailyn
1,Shai-Lyn
11,Shaina
1,Shakeeba
1,Shakira
1,Shala
1,Shalacia
1,Shalaina
1,Shalako
4,Shalan
1,Shalana
1,Shalanda
1,Shalane
1,Shalayla
1,Shalayna
2,Shalayne
1,Shaleen
1,Shaleenpreet
1,Shalegh
1,Sha-Leigh
1,Sha'Les
2,Shaley
1,Shalini
1,Shallae
1,Shallaine
1,Shallan
5,Shalyn
1,Sha-Lyn
1,Sha-Lynn
1,Shalysa
1,Shama
1,Shamaila
1,Shambrae
5,Shana
2,Shanae
1,Shanda
2,Shandel
3,Shandra
1,Shane
3,Shanea
1,Shanee
1,Shaneen
1,Shaneese
1,Shaneill
1,Shanel
2,Shanell
6,Shanelle
1,Shanese
2,Shanessa
1,Shang
61,Shania
1,Shania-Lynn
2,Shanice
1,Shanika
1,Shanine
1,Shaniqueka
1,Shanise
1,Shanita
1,Shanlee
2,Shanley
5,Shanna
2,Shannah
1,Shannara
1,Shannelle
1,Shannesa
1,Shannet
1,Shanneya
1,Shannice
33,Shannon
1,Shansa
8,Shantel
4,Shantelle
1,Shantia
1,Shanya
1,Shanyce
1,Shaquina
1,Shara-Lee
1,Sharan
2,Sharayah
1,Sharee
1,Shareen
1,Shareena
1,Sharensukmin
1,Sharilyn
1,Sharise
2,Sharissa
3,Sharla
1,Sharlene
1,Sharley
1,Sharlie
1,Sharly
1,Sharmaine
1,Sharnelle
8,Sharon
1,Shatanna
1,Shatique
1,Shaugn
2,Shauna
2,Shaundra
1,Shaune
1,Shaunese
1,Shaunice
2,Shauntel
1,Shavaun
12,Shawna
1,Shaw-Nae
5,Shawnee
1,Shawnelle
1,Shawney
2,Shawni
1,Shawnnie
1,Shawntaya
1,Shawntelle
2,Shay
1,Shayane
2,Shayann
1,Shayanna
1,Shaydel
1,Shayden
6,Shaye
39,Shayla
1,Shaylan
1,Shayla-Rae
1,Shaylea
3,Shaylee
1,Shay-Lee
2,Shayleen
1,Shaylen
1,Shaylena
7,Shaylene
1,Shayley
2,Shaylin
1,Shaylinn
1,Shayln
2,Shaylyn
1,Shaylyne
5,Shaylynn
1,ShayLynn
1,Shaylynne
24,Shayna
3,Shayne
1,Shaynna
4,Shea
2,Shealyn
1,Shealynn
1,Shea-Lynn
1,Sheela
6,Sheena
1,Sheiby
6,Sheila
1,Shelaine
1,Shelan
3,Shelbey
1,Shelbi
1,Shelbie
77,Shelby
1,Shelby-Lynn
1,Shelina
1,Shellbea
1,Shellby
3,Shelley
4,Shelly
1,Shelly-Rae
1,Shenandoaha
1,Shenara
1,Shenay
1,Shenisse
1,Shennaya
1,Shenyce
1,Sheraza
1,Shereen
1,Sherfina
1,Sheri
5,Sheridan
2,Sherilyn
2,Sherise
2,Sherri
3,Sherry
1,Sheryl
1,Sherylynn
1,Shetal
1,Shetha
1,Shettal
1,Shevaun
1,Sheyde
1,Shiann
1,Shi-Ann
2,Shianna
5,Shianne
1,Shielow
1,Shiera
1,Shila
4,Shilo
1,Shinaha
1,Shinaya
1,Shindawin
1,Shing
1,Shing-Yan
1,Shinia
1,Shinowa
1,Shiraya
1,Shireen
2,Shirley
1,Shivagni
1,Shivneet
1,Shona
1,Shondie
1,Shoshana
1,Shoshanna
1,Shoshonee
1,Shoshonii
1,Shou-Xin
1,Shra
1,Shreffey
1,Shreya
1,Shushila
1,Shyan
1,Shyann
1,Shyanna
8,Shyanne
10,Shyla
1,Shyler
1,Shylo
1,Shyloh
2,Shylow
1,Shylyn
1,Shy-Lynne
1,Shynal
1,Shynelle
1,Shyra
1,Si
2,Sian
3,Sianna
1,Sidnee
4,Sidney
7,Sienna
37,Sierra
1,Signe
2,Signy
1,Sigrhe
1,Sigrid
2,Siham
1,Silken
1,Silva
1,Silvana
2,Silvia
1,Simmone
4,Simone
11,Simran
1,Simrat
1,Simrata
1,Simrin
2,Simrit
1,Sinclaire
1,Sindy
3,Sinead
1,Sinjan
5,Siobhan
1,Siri
1,Ske
1,Skiela
1,Skila
5,Sky
12,Skye
1,Skyhan
2,Skyla
12,Skylar
1,Skylar-Mackay
1,Skyleesha
5,Skyler
1,Sky-Rose
1,Smriti
1,Smyrna
1,Snjezana
6,Sofia
1,Sofierae
1,Sol
1,Somer
1,Somer-Lee
1,Sommer
1,Sonali
1,Sondos
7,Sonia
5,Sonja
1,Sonny
1,Sonora
5,Sonya
1,Sonyta
23,Sophia
11,Sophie
1,Sorcha
1,Sorscha
1,Souha
1,Souhlleyda
1,Sovanny
5,Spencer
1,Srgun
8,Stacey
1,Staci
1,Stacie
5,Stacy
2,Star
1,Starla
1,Starlet
1,Starline
1,Starling
1,Starr
1,Stefani
1,Stefania
5,Stefanie
2,Steffany
1,Stehsha
1,Stella
1,Stellen
112,Stephanie
1,Stephanie-Lynn
2,Stephany
1,Stephenie
1,Sterlling
1,Stevie
1,Storm
1,Suehare
1,Suemayah
1,Suendues
1,Suibhne
1,Sujud
2,Sukhjit
1,Sukhjot
1,Sukhvir
1,Sullivan
1,Sumaia
1,Suman
1,Sumar
1,Sumayya
1,Sumer
12,Summer
1,Summer-Rae
1,Summer-Raye
1,Sumreet
1,Sunam
1,Sundeep
1,Sunder
1,Sunshine
1,Suprina
1,Suriya
7,Susan
1,Susana
3,Susanna
4,Susannah
1,Susi
2,Susie
1,Sustasha
1,Suzana
3,Suzanna
4,Suzanne
1,Suzi
1,Swarnima
2,Sydnee
140,Sydney
1,Sydney-Rai
3,Sydnie
1,Sylkaan
4,Sylvia
2,Symone
1,Syndel
1,Synthia
2,Tabatha
2,Tabea
6,Tabitha
1,Tacee
1,Taea
1,Taegan
1,Taeler
2,Taelor
1,Taelyn
1,Taesagh
1,Taeya
1,Tafida
1,Tahany
1,Tahlia
1,Tahnbi
1,Tahreem
1,Tahtjana
1,Tai
1,Taia
1,Taija
1,Tailor
1,Taisha
1,Tait
1,Taite
1,Taityn
3,Tala
1,Taleesha
1,Taleeta
1,Talena
1,Talesha
5,Talia
1,Taliah
1,Talianna
1,Talisha
1,Talissa
1,Tallia
1,Talya
1,Talyn
1,Talyssa
3,Tam
1,Tamala
31,Tamara
1,Tamarah
1,Tameena
1,Tameka
1,Tami
1,Tamica
1,Tamiza
1,Tammi-Jo
4,Tammy
1,Tammy-Lee
2,Tanaya
1,Tandra
1,Taneesha
1,Taneeya
1,Taneile
2,Taneisha
1,Tanesha
1,Tanessa
5,Tania
3,Tanika
1,Taniora
3,Tanis
17,Tanisha
1,Tanisha-Faye
1,Tanishya
1,Tanjot
1,Tanna
2,Tanner
4,Tannis
1,Tannon
1,Tanuja
11,Tanya
1,Tanys
2,Tanysha
29,Tara
1,Taraleigh
1,Taralyn
1,Taranjit
1,Taranpreet
1,Taren
1,Taresa
1,Tarilyn
1,Tarin
1,Tarisha
1,Tarissa
1,Tarnpreet
1,Tarrah
23,Taryn
1,Tarynn
1,Taryn-Nicole
10,Tasha
2,Tasheena
3,Tashia
2,Tashina
1,Tasleem
1,Tasmin
1,Tasmine
1,Tasnim
1,Tasunkawitkowin
1,Tateum
9,Tatiana
3,Tatianna
1,Tatiyana
2,Tatjana
1,Tatum
4,Tatyana
2,Tatyanna
1,Tatyonia
2,Tavia
1,Tawnisha
1,Tawny
4,Taya
2,Tayah
1,Tayja
2,Tayla
1,Taylar
1,Taylee
1,Taylene
8,Tayler
1,Taylin
189,Taylor
1,Taylor-Anne
2,Taylore
1,Taylyn
1,Taylynne
1,Tayna
1,Tazim
7,Teagan
2,Teaghan
1,Teahanna
1,Teal
1,Teala
1,Teale
1,Tealia
3,Teanna
1,Teanne
1,Teaya
1,Tedra
2,Teena
1,Teesha
1,Teeva
1,Teevin
4,Tegan
1,Teghan
1,Teghann
1,Teickwa
1,Teila
2,Teisha
1,Tekeisha
1,Teleni
1,Telia
1,Telsa
1,Tenasee
3,Tenaya
1,Tenea
3,Tenille
1,Tenneille
1,Tennille
1,Tenysha
1,Tenzin
1,Terena
7,Teresa
1,Terez
1,Teri
1,Terra
1,Terra-Lynn
1,Terran
1,Terren
2,Terri
1,Terrin
1,Terryn
1,Teryn
1,Tesa
1,Tesla
8,Tess
30,Tessa
1,Tetchienna
1,Tevra
1,Teya
1,Teyara
1,Teyler
2,Thandiwe
2,Thao
1,Tharwa
1,Thea
1,Thecla
1,Theodora
7,Theresa
2,Therese
1,Thi
3,Thien
1,Thimna
1,Thiviyah
1,Thomas
1,Thuyley
1,Thuy-Vi
1,Thy
9,Tia
1,Tia-Lynn
1,Tian
15,Tiana
1,Tianah
19,Tianna
5,Tiara
1,Tia-Renee
1,Tiawna
1,Tien
1,Tiera
1,Tierney
4,Tierra
1,Tiesha
1,Tiffani
1,Tiffanie
28,Tiffany
1,Tiffany-Ann
1,Tijanna
1,Tikkysha
1,Tilie
1,Tillia
1,Timara
1,Timeka
1,Tin
13,Tina
1,Tinaya
2,Tinisha
1,Tinnelle
1,Tirion
1,Tirzah
1,Tisha-Lee
1,Tivona
1,Tkeyah
1,Tlora
1,Tobin
1,Toborah
1,Tomeika
1,Tomielyn
1,Tonanzin
8,Toni
1,Tonia
1,Tonille
1,Toni-Lynn
2,Tonisha
1,Tonisia
1,Tonya
1,Tora-an
1,Torey
19,Tori
1,Torianna
1,Torie
1,Torika
1,Tory
1,Tosha
1,Tova
1,Tracey
1,Traci
6,Tracy
1,Traelyn
1,Trailena
1,Tralee
1,Tray
1,Trecy
1,Treyanne
1,Treynae
1,Tricia
3,Trina
1,Trinay
2,Trinity
1,Trinnie
5,Trisha
1,Trisstin
3,Trista
13,Tristan
9,Tristen
1,Tristen-Rae
1,Tristin
1,Tristine
3,Tristyn
1,Triyana-Lea
2,Trudy
1,Truong
1,Trystan
1,Trysten-Marie
1,Tsz
1,Turiska
1,Tuyet
2,Twila
1,Twyla
1,Tyann
1,Tyanna
1,Tyeesha
1,Tyesha
3,Tyla
1,Tylena
2,Tyler
1,Tylin
1,Tyneill
1,Tynesha
1,Tyr
9,Tyra
1,Tyrell
1,Tyrsis
1,Tysir
1,Tyson
1,Ujena
1,Uma
4,Una
1,Undinea
1,Unique
1,Unity
1,Ursula
1,Vaishali
1,Valarie
3,Valentina
1,Valentine
13,Valerie
1,Vallista
1,Van
46,Vanessa
1,Vanieshia
2,Venessa
1,Venita
1,Verena
20,Veronica
1,Veronika
1,Vibeke
1,Vicki
2,Vicky
107,Victoria
1,Vida
1,Vienminh
1,Vienna
1,Viesha
1,Vijata
1,Viktoria
1,Viktorya
1,Vina
2,Violet
4,Virginia
1,Vishura
1,Vivia
14,Vivian
1,VIVIAN
1,Vivien
1,Vivienne
1,Vlatka
1,Vontana
1,Voula
1,Vu
1,Vy
1,Vyvyan
1,Wahida
1,Wai
1,Waiverly
1,Wajed
1,Warrenlane
1,Waverly
1,Wei
1,Wemimo
7,Wendy
1,Wentana
1,Wen-Xue
1,Weslee
1,Whei
10,Whitney
1,Wilhelmina
1,Windy
2,Wing
3,Winnie
1,Winnifred
1,Winona
1,Winter
1,Wynitta
1,Wynonna
1,Wynter
1,Wyonna
4,Xena
1,Xenia
1,Xiao
1,Xyla
1,Xyleera
1,Xzena
1,Yael
1,Yaneese
1,Yanna
2,Yasmeen
1,Yasmene
2,Yasmin
1,Yasmine
1,Yazda
1,Y-Duyen
1,Yee
1,Yellow
1,Yen
1,Yessenia
1,Yildiz
1,Yolanda
1,Ysabella
1,Ysabelle
1,Ysatrice
1,Yuen
1,Yulia
1,Yun-Lin
1,Yusra
1,Yussra
2,Yvette
7,Yvonne
1,Zada
1,Zahra
1,Zailynne
1,Zakiya
1,Zana
1,Zaneela
1,Zarah
1,Zareth
1,Zaynib
1,Zeanna
1,Zeanub
1,Zebah
1,Zeena
2,Zeina
2,Zeinab
1,Zena
1,Zenab
2,Zenna
1,Zenobia
1,Zheriikah
1,Zia
1,Zienab
26,Zoe
1,Zoee
8,Zoey
1,Zoia
2,Zoie
1,Zoo
1,Zowie
1,Zulma
1,Zumzum