1,Aaliyah
1,Aalyiah
1,Aaneli
1,Aarika
1,Aaron
1,Abbe
8,Abbey
1,Abbi
1,Abbie
4,Abbigail
1,Abbilynn
13,Abby
1,Abbydean
1,Abeer
1,Abegail
1,Aber
3,Abigael
45,Abigail
1,Abigaile
1,Abigayle
1,Abra
1,Abria
1,Abrielle
1,Abril
1,Abroo
1,Aby
1,Acacia
3,Ada
1,Adalia
2,Adanna
1,Addison
1,Adecia
1,Adeela
2,Adela
1,Adele
1,Adelheid
1,Adeline
1,Adelisa
1,Adena
1,Adene
1,Adhiti
1,Adoncia
1,Adriah
2,Adrian
9,Adriana
22,Adrianna
1,Adrianne
1,Adrien
9,Adrienne
1,Adryana
1,Aerial
1,Aerin
1,Aeysha
1,Afimia
1,Afton
4,Aganetha
1,Agata
2,Agatha
2,Agnes
1,Ah-Chi
1,Ahmi
6,Aidan
1,Aiden
1,Aija
1,Aileen
1,Ailene
1,Ai-Lien
1,Aillee
1,Ailysh
1,Aimbree
8,Aimee
1,Aimie
1,Ainsleigh
2,Ainsley
1,Ainslie
6,Aisha
1,Aishah
1,Aislin
1,Aislind
1,Aisling
2,Aislinn
1,Aislyn
2,Aitana
1,Aiyana
1,Akaisha
1,Akeesha
1,Akira
1,Alacia
1,Alaethia
6,Alaina
1,Alalandra
18,Alana
1,Alanah
2,Alandra
1,Alanis
12,Alanna
6,Alannah
1,Alannis
1,Alaska
1,Alaura
1,Alayna
1,Alaysha
1,Alcina
1,Alda
1,Alea
2,Aleah
1,Aleaha
1,Aleasha
1,Alecia
1,Aleena
1,Aleesa
1,Aleese
4,Aleesha
1,Aleeza
1,Aleigha
1,Aleiha
1,Aleisha
1,Aleithia
2,Alejandra
2,Aleksa
4,Aleksandra
1,Alesha
2,Alesia
5,Alessandra
1,Alessia
2,Alex
32,Alexa
109,Alexandra
3,Alexandrea
22,Alexandria
1,Alexandrya
1,Alexanndra
1,Alexi
4,Alexia
38,Alexis
1,Alexis-Jewel
1,Alexsandra
1,Alexys
1,Alexzandra
1,Aleysha
3,Ali
4,Alia
1,Alias
5,Alice
52,Alicia
1,Alie
1,Aliesha
6,Alina
1,Ali-Rae
5,Alisa
1,Alisanne
1,Aliscia
1,Alise
1,Alisen
9,Alisha
1,Alishia
25,Alison
5,Alissa
1,Alita-Ann
1,Alivia
4,Alix
1,Alixandria
3,Aliya
1,Aliza
4,Allana
1,Allandra
1,Allanis
1,Allannah
2,Allecia
1,Allegra
1,Alleli
1,Allicya
3,Allie
35,Allison
1,Ally
1,Allysa
2,Allysha
4,Allyson
3,Allyssa
1,Allyster
2,Alma
1,Almaze
1,Alona
2,Alora
1,Alvina
2,Alyce
1,Alyceea
6,Alycia
1,Alycia-Mae
1,Alyissa
1,Alys
1,Alysa
1,Alysen
16,Alysha
1,Alysha-Khanu
2,Alyshia
4,Alysia
3,Alyson
111,Alyssa
1,Alyssabeth
1,Alyssa-Lynn
1,Alysse
5,Alyssia
3,Alyx
1,Alyxia
1,Alyza
2,Amal
1,Amalie
139,Amanda
3,Amandeep
1,Amane
1,Amanihe
1,Amanpreet
1,Amany
1,Amar
1,Amara
1,Amarpreet
1,Amarra
52,Amber
1,Amberelyn
1,Amber-Lee
1,Amberlie
1,Amberlin
1,Amberly
1,Amber-Rachel
1,Ambika
1,Ambriella
1,Ameena
19,Amelia
1,Amera
3,Amethyst
4,Amie
2,Amiee
1,Amielia
1,Amii
1,Amilee
4,Amina
6,Amira
1,Amny
1,Amrit
1,Amrita
96,Amy
1,Amy-Eliza
1,Amy-Jo
2,Ana
1,Anabela
1,Anabelle
1,Anas
5,Anastasia
1,Anastassia
1,Anastazia
1,Anchal
1,Anda
1,Andelina-Marie
1,Andi
2,Andie
1,Andjela
1,Andra
40,Andrea
1,Andree-Anne
1,Andreia
1,Andrena
5,Andria
1,Anecia
1,Aneesa
1,Anesia
1,Anfal
15,Angel
23,Angela
1,Angele
1,Angelea
1,Angelia
6,Angelica
7,Angelina
4,Angelique
1,Angella
1,Angelle
1,Angellyn
2,Angie
1,Anica
1,Anicsha
1,Aniela
12,Anika
1,Anindita
1,Anique
1,Anisa
1,Anissa
1,Anistasia
9,Anita
1,Anja
1,Anjali
1,Ankanaa
1,Anmol
53,Anna
3,Annabelle
1,Annais
1,Anna-Jane
1,Anna-Jean
1,Annalea
1,Annalie
2,Annalisa
1,Annalise
1,Anna-Mae
1,Annamaria
1,Anna-Maria
2,Anna-Marie
5,Anne
1,Anneli
1,Anneliese
1,Annelyse
3,Anne-Marie
2,Anne-Sophie
1,Annetta
1,Annia
1,Annica
2,Annick
9,Annie
11,Annika
1,Annikka
1,Anny
1,Anouk
2,Ansley
1,Antanida
1,Anthonel
3,Antonia
1,Anusha
3,Anya
1,Anyah
1,Anysa
11,April
1,Apryl
1,Apurba
1,Aqilah
1,Arabella
1,Arashroop
1,Arcana
1,Arcassa
1,Ardelle
3,Arden
1,Areesha
1,Aria
6,Ariana
7,Arianna
1,Arianne
1,Ariba
6,Ariel
1,Arin
1,Arina
1,Aris
1,Arisma
1,Arizona
1,Arlean
1,Arlene
1,Arles
1,Arnell
1,Aroha
1,Arooba
1,Arosha
1,Arpandeep
1,Arrah
2,Arshdeep
1,Arshmeet
1,Arshpreet
1,Arti
1,Aryka
2,Aryn
2,Aryssa
1,Asahi
3,Asha
1,Ashah
1,Ashana
1,Ashanti
1,Asheena
3,Ashika
9,Ashlee
10,Ashleigh
1,Ash-Leigh
163,Ashley
1,Ashli
1,Ashliegh
1,Ashlin
3,Ashly
8,Ashlyn
6,Ashlynn
1,Ashlynne
1,Ashna
1,Ashnita
1,Ashtika
1,Ashtin
8,Ashton
3,Ashtyn
1,Ashtynn
1,Ashwini
2,Asia
1,Asifa
1,Asima
2,Asma
1,Asmah
3,Aspen
1,Assala
1,Astari
1,Aster
2,Astrid
1,Ataya
1,Atayah
4,Athena
1,Athene
1,Atiya
1,Atlanta
1,Attiya
3,Aubrey
1,Aubrie
1,Audessa
1,Audray
7,Audrey
1,Audrey-Ann
1,Augusta
1,Augustine-
1,Aura
1,Aurelea
1,Auria
6,Aurora
2,Austyn
1,Autum
18,Autumn
1,Autumn-Lee
3,Ava
3,Avalon
1,Avegail
1,Averee
1,Averi
2,Averie
12,Avery
1,Avieana
4,Avneet
1,Avonlie
1,Avrey
1,Avril
1,Awura
1,Ayah
1,Ayak
1,Ayana
1,Ayanoh
4,Ayden
1,Ayieh
3,Ayla
3,Aysha
1,Ayslynn
1,Ayza
1,Ayzhia
1,Azana
1,Azaria
1,Azeria
1,Azley
1,Azlyn
1,Azmaira
1,Azra-Ann
1,Azrael
1,Babbanpreet
1,Babette
24,Baby
1,Baeley
11,Bailee
1,Bai-Lee
75,Bailey
1,Bailie
1,Baillie
2,Baily
2,Balpreet
1,Banveet
3,Barbara
1,Basia
1,Batul
1,Batule
1,Baula
1,Bayle
8,Baylee
1,Bayleigh
3,Bayley
1,Beatrice
1,Beatrix
2,Becca
2,Becky
3,Belinda
1,Bella
2,Benita
1,Berklee
1,Bernice
1,Bertha
1,Bessie
9,Beth
1,Bethania
20,Bethany
2,Bethel
1,Betthany
1,Bettina
1,Beverly
1,Beyata
1,Bhawanpreet
12,Bianca
1,Bianka
1,Bianne
2,Billi
3,Billie
1,Billieanne
1,Billie-Anne
1,Binisha
1,Birgitte
2,Blair
5,Blaire
1,Blakely
1,Blanca
1,Blayre
1,Blayse
1,Blessing
2,Bobbi
1,Bobbie-Ann
1,Bobbie-Jean
1,Bobbie-Jo
1,Bonita
3,Bonnie
1,Bradie
1,Brady
1,Bradyne
1,Braedyn
1,Braelin
1,Branagh
1,Brandalynn
1,Brandee
7,Brandi
1,Brandi-Dawn
2,Brandie
1,Brandis
1,Brandon
8,Brandy
1,Brayden
2,Braylen
1,Braylene
1,Braylin
1,Brea
4,Breana
7,Breann
43,Breanna
33,Breanne
5,Bree
1,Breeanne
1,Breece
1,Breena
1,Breeze
1,Breigh-An
1,Breighanna
1,Breina
1,Brekk-Lyn
9,Brenda
1,Brendalyn
18,Brenna
1,Brennan
1,Bret
1,Bretany
7,Brett
1,Brettany
1,Brettelle
1,Bretton
1,Breyanna
1,Brey-Anna
4,Bria
12,Briana
1,Briane
1,Briann
1,Bri-Ann
58,Brianna
1,Bri-Anna
1,Brianna-Lynne
25,Brianne
1,Bri-Anne
1,Bricklin
4,Bridget
2,Bridgette
1,Bridgit
1,Bridie
2,Brie
1,Brieana
3,Brieanna
1,Brie-Anne
1,Briel
1,Briella
3,Brielle
2,Brienne
1,Brieze
1,Brinkley
1,Brionna
1,Brionnae
1,Britain
1,Britanny
1,Britany
1,Britley
1,Britlyn
6,Britney
1,Britnie
1,Britt
1,Britta
3,Brittaney
1,Brittani
1,Brittanie
109,Brittany
1,Britten
1,Brittin
4,Brittnee
32,Brittney
1,Brittni
1,Brittny
1,Brittyne
1,Brogan
1,Broklyn
1,Bronte
5,Bronwyn
2,Brook
73,Brooke
1,Brookelan
1,Brooke-Lyn
1,Brooke-Lynn
49,Brooklyn
2,Brooklyne
6,Brooklynn
2,Brook-Lynn
2,Brooklynne
1,Broolklyn
11,Bryanna
3,Bryanne
2,Bryce
1,Bryden
1,Brydon
1,Brylie
2,Bryn
1,Bryna
1,Brynelle
6,Brynn
2,Brynna
2,Brynne
1,Brytney
1,Bryton
1,Buldarline
1,Burgandy
2,Bushra
1,Cabri
1,Cacye-Jo
3,Cadence
1,Caedda
1,Caedra
1,Caeleagh
1,Caeleigh
1,Caelie
1,Caelin
1,Caermela
1,Cageja
1,Caiden
1,Cailean
1,Cailee
1,Caileigh
3,Cailey
4,Cailin
5,Cailyn
1,Cailynn
1,Caira
1,Caisie
1,Caithlyn
2,Caitlan
40,Caitlin
22,Caitlyn
2,Caitlynn
1,Cait-Lynn
1,Caleigh
1,Calena
5,Caley
2,Calla
1,Calle
2,Calli
5,Callie
1,Callina
1,Callista
1,Cally
1,Calonna
1,Cam
1,Cameisha
2,Cameron
2,Camila
1,Camile
1,Camilia
1,Camilla
5,Camille
1,Camisha
4,Camryn
3,Candace
5,Candice
1,Candra
1,Canyon
10,Cara
1,Caralee
1,Cardelia
1,Cari
1,Carie
1,Carilee
3,Carina
6,Carissa
4,Carla
1,Carlan
2,Carlee
1,Carleen
1,Carleigh
4,Carlene
13,Carley
1,Carli
10,Carlie
1,Carlie-Lynn
1,Carlin
1,Carlina
1,Carlita
30,Carly
1,Carmel
1,Carmela
2,Carmelina
1,Carmelita
1,Carmella
19,Carmen
1,Carmyn
6,Carol
1,Carol-Ann
2,Carolina
15,Caroline
1,Caroline-Sophie
8,Carolyn
1,Carolynn
1,Carolynne
1,Carradine
3,Carrie
1,Carrigan
1,Carriyin
1,Carsyn
1,Caryn
1,Caryssa
4,Casandra
8,Casey
1,Cassana
56,Cassandra
1,Cassandra-Jean
1,Cassanra
1,Cassedi
1,Cassey
3,Cassia
1,Cassiana
1,Cassidee
1,Cassidey
1,Cassidi
97,Cassidy
8,Cassie
1,Cassiopeia
1,Cassius
1,Cassy
1,Catalena
2,Catelyn
1,Caterina
1,Cathaleen
37,Catherine
1,Cathleen
1,Cathrin
1,Cathrine
2,Cathryn
2,Cathy
1,Catrina
1,Catrina-Lynn
1,Catrione
1,Cayden
1,Cayenne
6,Cayla
1,Cayle
1,Caylee
2,Cayley
1,Caylie
1,Caylyn
1,Ceanna
5,Ceara
1,Cecilee
4,Cecilia
1,Cecilie
1,Cecily
1,Cedoni
2,Ceilidh
2,Celena
7,Celeste
1,Celestina
1,Celestine
2,Celia
11,Celina
8,Celine
1,Celise
1,Cellina
1,Ceres
1,Ceris
1,Cetera
1,Chadan
1,Chae-Ann
1,Chaia
1,Chaima
1,Chalina
1,Challane
1,Challis
1,Chance
1,Chandan
1,Chandanpreet
1,Chandelle
1,Chandler
7,Chanel
4,Chanelle
1,Chanice
1,Chanita
1,Channia
1,Channing
1,Chant
20,Chantal
1,Chante
1,Chantee
19,Chantel
1,Chantele
27,Chantelle
1,Chantiesha
1,Charday
3,Charissa
1,Charisse
4,Charity
1,Charla
1,Charlaine
3,Charlee
8,Charlene
1,Charlley
11,Charlotte
1,Charmain
2,Charmaine
1,Charmane
1,Charolette
3,Chase
1,Chasey
1,Chasidy
1,Chasity
2,Chassity
1,Chataya
1,Chatereal
1,Chau
1,Chava
1,Chayla
1,Chayse
1,Chazz
1,Chelesy
1,Chella
69,Chelsea
26,Chelsey
2,Chelsi
5,Chelsie
1,Chelsie-Lee
1,Chenisse
1,Chenoa
1,Cherelle
1,Cherie
1,Cherilyn
4,Cherise
3,Cherish
1,Cherisse
3,Cherry
4,Cheryl
1,Chessy
1,Chevelle
1,Chevon
1,Chevonne
1,Chevy
1,Cheyane
1,Cheyann
1,Cheyanna
15,Cheyanne
40,Cheyenne
1,Cheyna
1,Cheyne
1,Chi
1,Chidera
1,Chidumebi
1,Chika
1,Chinara
29,Chloe
1,Chloee
1,Chondra
1,Chrisa
1,Chrishtina
3,Christa
1,Christal
1,Christauna
1,Christelyn
3,Christian
1,Christiana
1,Christiane
1,Christianna
1,Christianne
3,Christie
2,Christin
38,Christina
31,Christine
3,Christy
1,Christyn
1,Chrystal
1,Chrystyne
2,Chyanne
1,Chyenne
1,Chylan
4,Chyna
3,Ciana
2,Cianna
12,Ciara
1,Ciarra
2,Cicely
1,Cieanna
2,Ciera
8,Cierra
1,Cimone
12,Cindy
1,Cinnamon
30,Claire
1,Clairese
9,Clara
4,Clare
1,Clarine
8,Clarissa
12,Claudia
1,Claycee
2,Clea
1,Cleodie
1,Cloe
1,Cobie
1,CoCo-Lee
1,Codee-Belle
1,Codi
1,Cody
4,Colby
1,Cole
1,Coleen
2,Colette
7,Colleen
1,Connar
1,Connor
5,Cora
2,Coral
2,Coralee
1,Cora-Lee
1,Coralie
2,Corbin
1,Coreli
1,Corey-Ann
2,Cori
1,Corianna
1,Cori-Lynn
1,Corinna
2,Corinne
3,Corissa
1,Cornelia
3,Corrina
1,Corrine
1,Cortlynne
4,Cortney
1,Cortni
1,Cory
1,Cosette
1,Courtenay
1,Courteney
1,Courtland
95,Courtney
1,Courtney-Rae
4,Cristina
1,Crocus
1,Cross
14,Crystal
1,Crystal-Ann
1,Crystina
1,Cullen
1,Cyanna
3,Cydney
1,Cydnie
1,Cyena
1,Cylyna
2,Cynara
1,Cyndee
12,Cynthia
1,Cyra
1,Dacia
1,Dae
1,Daelyn
1,Daelyne
2,Daina
1,Daira
3,Daisy
1,Dakoda
29,Dakota
1,Dakotah
1,Dalaina
1,Dalena
1,Dalene
1,Dali
1,Dalia
8,Dallas
1,Dallis
1,Dallyce
2,Dalyce
1,Dalys
2,Damandeep
1,Damanvir
1,Damaris
1,Dameon
1,Damerah
29,Dana
3,Danae
1,Dancie
1,Daneil
1,Danelle
1,Danetra
3,Dani
2,Dania
9,Danica
3,Daniela
1,Daniele
5,Daniella
95,Danielle
15,Danika
1,Danilyn
1,Dannica
1,Danniella
1,Danni-Joelle
3,Danya
1,Danyka
2,Daphne
1,Dara
1,Daralee
10,Darby
1,Darci
1,Darcie
2,Darcy
5,Daria
8,Darian
4,Darien
3,Darienne
1,Daril
1,Darilyn
1,Darion
2,Darla
1,Darladawn
7,Darlene
1,Darnesha
1,Darrial
1,Darrian
1,Darrylene
1,Darshpreet
1,Darvi
2,Darya
1,Daryce
1,Daryl
1,Daryn
1,Davina
1,Davita
7,Dawn
1,Dawna
1,Dawson
1,Dawsyn
2,Dayle
2,Daylin
2,Daylynn
9,Dayna
1,Daynika
1,Daysha
1,Daytona
1,De
2,Deana
1,Deandra
21,Deanna
1,Deanna-Lynn
2,Deanne
1,Deavan
3,Debbie
1,Debie
3,Deborah
1,Deborah-Rae
1,Dee-Ann
1,Deemen
1,Deena
1,Deepali
1,Deepinder
1,Deeyana
1,Deidra
1,Deidree
1,Deinee
1,Deja-Nelle
2,Delainy
1,Delana
15,Delaney
2,Delanie
1,Delenn
2,Deleted
1,Delicia
1,Delilah-Tamrat
1,Della
1,Dellany
1,Delores
1,Delphi
2,Delphine
2,Demi
1,Demitra
3,Dena
1,Denae
1,Denai
1,Denaye
1,DeNeane
1,Deneca
1,Deneika
1,Deni
1,Denica
1,Denika
2,Denise
1,Denisha
1,Denni
1,Desarae
1,Deserae
6,Desirae
16,Desiree
1,Desmond
3,Destinee
1,Destini
29,Destiny
1,Devan
1,Devanna
1,Devannie
1,Devany
4,Devin
1,Devlyn
8,Devon
1,Devonna
1,Devony
1,Devorah
6,Devyn
1,Dezarea
1,Dezirae
1,Dhamanpreet
1,Dheija
1,Diamarys
1,Diamond
10,Diana
2,Diandra
9,Diane
1,Dianka
1,Dianna
1,Dilpreet
1,Dina
1,Dionne
1,Disa
1,Divine
2,Divya
1,Doha
1,Dolsey
1,Domenic
1,Domineque
1,Domini
1,Dominica
1,Dominika
11,Dominique
1,Donelle
6,Donna
1,Donna-Jane
3,Dora
1,Doralissa
1,Doree-Ann
1,Doreen
1,Dori
1,Dorota
3,Dorothy
1,Dorrie
1,Draven
1,Dreamina
5,Drew
2,Drina
1,Dua'A
1,Dung
1,Dunya
1,Durae
1,Durelle
1,Dusti
1,Dustie
2,Dusty
1,Dustyn
1,Dykota
1,Dylan
1,Dylanna
1,Dyllan
1,Dyna
1,Eartha
1,Ebany
1,Ebonie
2,Ebony
1,Echo
1,Edanya
8,Eden
1,Edith
1,Edlyn
3,Edna
1,Edwina
1,Ehlain
3,Eileen
2,Eilysh
1,Ekampreet
1,Ekaterina
1,Elaina
5,Elaine
2,Elan
1,Elaura-Soleil
1,Elea
4,Eleanor
1,Eleasha
6,Elena
1,Elghan
1,Elham
1,Eliana
1,Elias
1,Elis
3,Elisa
6,Elisabeth
13,Elise
1,Elisheva
3,Elissa
3,Eliza
1,Elizabet
57,Elizabeth
1,Elizabeth-Anne
1,Elize
8,Ella
1,Ellaina
3,Ellen
1,Ellene
1,Elleni
1,Ellerie
1,Ellian
2,Ellie
1,Ellis
1,Ellisha
1,Ellishka
1,Ellison
1,Ellizabeth
2,Elly
1,Elly-Jade
1,Elnaz
1,Elora
1,Elouralyn
2,Elsa
1,Elsie
1,Elsye
1,Elya
6,Elyse
2,Elysia
1,Elyssa
1,Elzbieta
1,Emalie
3,Eman
1,Emann
1,Emelia
1,Emeliah
1,Emely
1,Emera
1,Emeral
2,Emerald
1,Emeriza
1,Emery
7,Emilee
2,Emilia
1,Emilianna
13,Emilie
1,Emiline
1,Emilly
228,Emily
1,Emilyanne
120,Emma
1,Emmalee
3,Emma-Lee
1,Emmy
1,Enaas
34,Erica
2,Ericka
30,Erika
79,Erin
1,Erindeep
1,Erinn
2,Erinne
1,Erykah
2,Eryn
2,Erynn
1,Erynne
1,Esa
1,Esme
1,Esraa
10,Esther
1,Estrellita
1,Ettab
1,Eugenia
1,Eugenie
1,Eunice
1,Eunique
1,Eurielle-Nicole
1,Eustacia
14,Eva
1,Evalina
4,Eve
8,Evelyn
1,Everly-Rae
1,Everynne
1,Evita
1,Evonne
1,Evyn
1,Eyram
1,Ezgi
1,Faaria
1,Faedre
1,Fafa
1,Fairuz
32,Faith
1,Faith-Anne
1,Falene
5,Fallon
2,Falon
1,Falynn
1,Fanci
2,Farah
1,Fareen
1,Farishta
1,Farrah
1,Farrahlynn
1,Farron
1,Faryal-Shah
1,Faten
6,Fatima
1,Fatin
1,Faye
1,Fayth
7,Felicia
1,Fern
1,Filicia
1,Finley
1,Finn
1,Finza
1,Fion
4,Fiona
1,Fionnuala
1,Flannery
1,Flor
1,Flora
1,Flower
1,Flynn
1,Franca
3,Frances
5,Francesca
1,Frankie
1,Freedom
1,Fresia
4,Frieda
1,Friede
1,Frietzen
1,Fyfe
1,Ga
1,Gabrelle
1,Gabriel
4,Gabriela
13,Gabriella
44,Gabrielle
1,Gagandeep
1,Gayle
1,Geana
1,Gelisa
2,Gemma
1,Gemma-Lee
1,Genalyn-Anne
1,Genelle
1,Genesis
5,Geneva
1,Genevie
9,Genevieve
1,Genoveve
1,Geordan
1,Georgette
15,Georgia
6,Georgina
1,Geraldine
1,Geralynn
1,Gerlin
2,Gertrude
1,Getruda
1,Gezenia
1,Ghazal
1,Ghirmay
1,Ghofran
1,Gianna
1,Gier
14,Gillian
14,Gina
1,Ginette
1,Giovanna
1,Giustina
1,Gizman
1,Glenda
3,Gloria
1,Glorianna
1,Glynnel
1,Gourgina
30,Grace
2,Gracie
1,Gracyn
1,Gretchen
1,Grey
1,Griffin
1,Guiliana
1,Guneet
1,Gurdeep
2,Gurjit
1,Gurjot
1,Gurkamal
4,Gurleen
1,Gurmeen
2,Gurneet
1,Gurpreet
1,Gurselyen
1,Gursharn
1,Gwenaelle
1,Gwendalynn
1,Gwendolyn
1,Gwyneth
1,Gwynnda
1,Gwynne
1,Hadassah
1,Hafsah
1,Hager
1,Hailea
7,Hailee
2,Haileigh
74,Hailey
1,Hailie
1,Haille
1,Haillie
1,Haily
1,Hajer
1,Hala
1,Halee
1,Haleema
6,Haleigh
73,Haley
1,Hali
2,Halie
1,Halima
6,Halle
1,Halley
2,Hallie
1,Halona
2,Han
4,Hana
1,Hanaa
1,Hanadi
4,Hanan
2,Haneen
28,Hanna
1,Hanna-Faye
160,Hannah
1,Hannah-Beth
1,Hannane
1,Harlean
2,Harlee
5,Harleen
1,Harleigh
1,Harlene
2,Harley
1,Harmanjit
1,Harmanjot
4,Harmony
1,Harneet
1,Harnoor
1,Harsha
1,Harsimran
1,Harsimrit
1,Harsupreet
1,Harveen
2,Haven
1,Havyn
1,Haxstyn
2,Haya
2,Hayden
2,Hayle
1,Haylea
10,Haylee
2,Hayleigh
56,Hayley
1,Haylie
1,Haylie-Anne
1,Hazelynn
1,Hea-Na
47,Heather
1,Heaven
1,Heba
1,Hedaya
1,Heddy-Jo
20,Heidi
1,Heleen
6,Helen
12,Helena
1,Henna
1,Hepa
1,Hermie
2,Hiba
1,Hiedi
1,Hien-Dieu
3,Hilary
1,Hilda
4,Hillary
2,Hind
1,Hionia
1,Hiral
1,Hiranyaa
1,Hiriti
1,Hiroka
1,Hirra
1,Hoda
1,Hode
1,Holley
1,Hollie
37,Holly
1,Honor
22,Hope
5,Hunter
1,Hurshdeep
1,Hutton
1,Hyacinth
1,Hyapatia
1,Hyatt
1,Hylin
1,Ibadat
1,Ida
1,Iesha
1,Ifrah
1,Iinakay
1,Ikhra
1,Ilena
1,Ilysh
1,Imaan
1,Iman
1,Imaniah
1,Imman
1,Imogen
1,Ina
1,Inderpal
1,India
1,Indiana
1,Indianna
1,Indica
1,Indio
1,Indya-Nathalie
1,Ines
1,Ingrid
1,Inza
1,Iona
1,Iralyn
1,Ireland
1,Irene
4,Iris
1,Irisa
1,Irma
11,Isabel
24,Isabella
1,Isabella-Jane
19,Isabelle
1,Isha
1,Isis
1,Isla
2,Isobel
1,Israa
1,Italia
1,Ivanaka
6,Ivy
2,Izabela
1,Izabell
2,Izabella
1,Izavery
1,Izena
1,Izidora
1,J.
1,Jabie
1,Jacee
10,Jacey
1,Jacinta
1,Jacki
2,Jackie
4,Jacklyn
1,Jackson
10,Jaclyn
1,Jaclyn-Jane
1,Jacoba
18,Jacqueline
2,Jacquelyn
1,Jacquelynn
1,Jacquie
1,Jacyn
9,Jada
62,Jade
2,Jade-Lynn
8,Jaden
2,Jadeyn
1,Jadin
1,Jadyn
1,Jaeden
1,Jaedyn
1,Jaelene
1,Jae-Lyn
1,Jaelyne
2,Jaelynn
3,Jaida
2,Jaidan
1,Jaide
4,Jaiden
1,Jaidenn-Leigh
1,Jaidyn
1,Jailene
1,Jailyn
7,Jaime
4,Jaimee
4,Jaimie
1,Jaisa
1,Jaisyne
1,Jaiveen
1,Jaizlynn
1,Jakarta
1,Jakica
1,Jalea
1,Jaleah
1,Jaleesa
1,Jalene
1,Jalie
1,Jaline
1,Jallysa
1,Jalyce
1,Jalynne
1,Jalysa
1,Jamee
1,Jameela
1,Jamey
3,Jami
52,Jamie
2,Jamie-Lynn
1,Jamie-Lynne
1,Jamieson
1,Jamilyn
1,Jamy
1,Jamye
1,Jan
4,Jana
5,Janae
1,Janaea
1,Janai
1,Janaki
2,Janalyn
1,Janat
2,Janaya
8,Jane
1,Janean
1,Janeane
2,Janeen
2,Janel
1,Janell
23,Janelle
1,Janene
8,Janessa
6,Janet
1,Janette
1,Jania
5,Janice
1,Janick
1,Janie
1,Janiece
8,Janine
1,Janissa
1,Janlyn
4,Janna
1,Jannell
1,Jannelle
1,Janny
1,Jansje
1,Janteshpreet
1,Janyssa
1,Jaqueline
1,Jaquelyn
1,Jaryn
3,Jasdeep
1,Jasimine
2,Jasleen
2,Jasmeen
1,Jasmien
7,Jasmin
1,Jasmina
45,Jasmine
3,Jasneet
1,Jasohna
1,Jaspiar
2,Jaspreet
1,Jatdean
1,Javeleigh
1,Jaweahar
1,Jaxon
1,Jaya
8,Jaycee
1,Jayci
3,Jayda
1,Jaydan
4,Jayde
1,Jay-Dean
1,Jaydee
13,Jayden
1,Jayelene
1,Jayla
1,Jaylean
3,Jayleen
1,Jayleigh
3,Jaylene
1,Jaylie
1,Jaylin
1,Jaylyn
2,Jaylynn
1,Jay-Lynn
4,Jayme
3,Jaymee
1,Jayme-Lee
2,Jaymie
4,Jayna
2,Jayne
1,Jayse
1,Jazel
5,Jazlyn
1,Jazlynn
2,Jazmin
2,Jazmine
1,Jazmyn
1,Jazz
1,Jazzelyn
1,Jazzmin
2,Jean
1,Jeana
1,Jeanan
1,Jeanelle
1,Jeanette
1,Jeanie
1,Jeannanne
1,Jeannie
1,Jeannine
1,Jellina
1,Jellisa
1,Jemaica
2,Jemma
4,Jena
4,Jenae
1,Jenaka
1,Jenandra
5,Jenaya
1,Jenaye
1,Jenea
1,Jenean
1,Jenelle
1,Jenesah
6,Jenessa
1,Jenesta
1,Jenette
1,Jenica
2,Jenifer
1,Jenise
1,Jenissa
1,Jeniva
81,Jenna
1,Jennelle
4,Jennie
103,Jennifer
1,Jennifer-Lynn
1,Jennika
1,Jennilee
18,Jenny
6,Jensen
1,Jensyn
1,Jerae
1,Jeralyn
1,Jeree
1,Jeri
1,Jeri-Dee
1,Jerika
1,Jeri-Lyn
1,Jerri
1,Jerrika
1,Jerrilyn
1,Jerusha
1,Jesanna
1,Jeshlyn
1,Jesica
2,Jesika
3,Jessa
3,Jessalyn
1,Jessalynn
9,Jesse
1,Jesse-Anne
1,Jesselle
2,Jessi
1,Jessi-Anne
225,Jessica
1,Jessica-Anne
19,Jessie
3,Jessika
2,Jesslyn
1,Jessye
1,Jessyka
1,Jesye
3,Jewel
1,Jewelya
1,Jezelle
1,Jihan
1,Jilian
7,Jill
1,Jilleen
34,Jillian
1,JilliAnn
1,Jina
1,Joan
1,Jo-Ann
9,Joanna
2,Jo-Anna
6,Joanne
25,Jocelyn
1,Jocelynne
1,Jodeci
2,Jodi
6,Jodie
1,Jody
1,Joeanna
1,Joelee
1,Joell
8,Joelle
1,Joellen
2,Joely
1,Joey
10,Johanna
1,Johannah
1,Joie
2,Jolaine
3,Jolayne
1,Jolean
3,Joleen
12,Jolene
1,Jolie
1,Joline
1,Jolyn
1,Jo-Mary
1,Jomin
2,Jonelle
2,Joni
2,Jordain
74,Jordan
6,Jordana
2,Jordann
1,Jordanna
1,Jordanne
1,Jordayne
3,Jorden
1,Jordin
2,Jordon
28,Jordyn
2,Jordynn
2,Jori
1,Jorilyn
1,Jorja
2,Jory
1,Josalynn
1,Joscelynn
8,Josee
1,Joselle
1,Joselyn
14,Josephine
2,Josey
11,Josie
1,Josilyn
1,Jossette
1,Journey
1,journey
1,Jovairia
1,Jowher
2,Joy
6,Joyce
1,Joyce-Lynn
1,Jozzale
1,Juana
1,Juanita
7,Judith
4,Judy
2,Juel
1,Juhene
2,Julee
2,Juli
67,Julia
8,Juliana
4,Juliane
7,Julianna
1,Julianna-Dawn
1,Julianna-Jade
5,Julianne
22,Julie
1,Julie-Ann
1,Julieanna
1,Julie-Anne
1,Julienna
2,Julienne
1,Juliet
2,Juliette
1,Julya
1,Jumna
2,June
1,Junhee
2,Jurnee
1,Justace
1,Justeen
9,Justice
12,Justina
30,Justine
1,Justyne
1,Justys
1,Justyse
1,Jyotsna
1,Ka
1,Kacey
1,Kaci
1,Kacidy
1,Kacie
1,Kacy
1,Kada
5,Kaela
1,Kaelan
2,Kaeleigh
2,Kaelin
1,Kaely
3,Kaelyn
1,Kaelynne
1,Kaesha
1,Kahleah
1,Kahlyn
3,Kai
1,Kaia
1,Kaicey
1,Kaidon
1,Kaidyn
3,Kaila
4,Kailee
1,Kai-Lee
1,Kaileigh
1,Kailen
12,Kailey
1,Kailie
1,Kailor
1,Kaily
6,Kailyn
1,Kairys
1,Kaithlynn
1,Kaitlan
1,Kaitlen
37,Kaitlin
1,Kaitlind
66,Kaitlyn
1,Kaitlynd
12,Kaitlynn
1,Kaiya
1,Kajal
1,Kala
1,Kalbie
1,Kalee
2,Kaleena
2,Kaleigh
4,Kaley
13,Kali
1,Kaliah
2,Kalie
1,Kaliegh
2,Kalina
1,Kalinda
1,Kalista
1,Kallai
1,Kalle
1,Kallei
2,Kalli
7,Kallie
2,Kallista
1,Kally
1,Kalmani
1,Kalyn
1,Kamal
1,Kamala
1,Kamaljot
1,Kamara
1,Kameelah
1,Kamela
1,Kamie
1,Kamilla
1,Ka-Miu
3,Kamryn
1,Kandace
1,Kandis
1,Kaniqua
12,Kara
1,KaraDawn
1,Karaghan
2,Karah
1,Karalee
1,Kara-Lynn
1,Karamjit
1,Karemah
15,Karen
6,Kari
2,Karin
5,Karina
1,Karinna
1,Karinne
2,Karis
3,Karisa
1,Karishma
11,Karissa
1,Kariston
3,Karla
1,Karlayna
1,Karle
10,Karlee
1,Karlee-Ann
1,Karleena
2,Karleigh
2,Karlena
3,Karlene
3,Karley
4,Karli
2,Karlie
15,Karly
1,Karly-Anne
1,Karlyn
1,Karlyna
2,Karlynn
2,Karmen
1,Karolina
1,Karri
1,Karri-Anne
1,Karrina
1,Karsyn
1,Karter
3,Karyn
1,Kasadee
3,Kasandra
1,Kasane
1,Kasetta
4,Kasey
1,Kash
1,Kasha
1,Kasheena
1,Kashina
2,Kasi
2,Kasia
1,Kasiana
1,Kasidee
1,Kasidy
1,Kaspar
19,Kassandra
1,Kassaundra
1,Kasselle
3,Kassia
2,Kassidi
1,Kassidie
26,Kassidy
4,Kassie
1,Kasundra
1,Kasydi
1,Katana
6,Katarina
21,Kate
1,Katelan
6,Katelin
58,Katelyn
7,Katelynn
9,Kate-Lynn
1,Katelynne
1,Kate-Lynne
1,Katera
1,Katerena
4,Katerina
5,Katharina
7,Katharine
1,Kathe
1,Kathea
1,Kathena
2,Katherina
67,Katherine
1,Katherine-Marie
31,Kathleen
1,Kathlynn
1,Kathrin
32,Kathryn
1,Kathryne
13,Kathy
3,Katia
33,Katie
1,Katie-Mae
1,Katina
1,Katisha
4,Katja
1,Katlin
6,Katlyn
1,Katlynn
1,Katreena
33,Katrina
1,Katrine
4,Katryna
1,Katrysha
1,Katus
2,Katya
1,Kavalpreet
1,Kaven
1,Kavita
2,Kaycee
1,Kay-Cee
1,Kayden
1,Kaye
125,Kayla
1,Kayla-Ann
1,Kayla-Louise
1,Kayla-Marie
2,Kaylan
3,Kaylea
1,Kayleah
1,Kayleann
31,Kaylee
1,Kay-Lee
1,Kaylee-Ann
1,Kayleh
1,Kaylei
6,Kayleigh
1,Kaylene
9,Kayley
2,Kayli
5,Kaylie
6,Kaylin
1,Kayly
4,Kaylyn
5,Kaylynn
1,Kaysi
2,Kaytlin
4,Kaytlyn
3,Kaytlynn
1,Kazandra
1,Keala
2,Kealy
3,Keana
9,Keanna
4,Keara
1,Kearra
1,Keasa
1,Keasha
1,Keaton
11,Keeley
1,Keeliana
3,Keelie
1,Keelin
17,Keely
1,Keely-Shaye
1,Keena
1,Keera
3,Keesha
1,Kei-Ann
5,Keira
2,Keirsten
9,Keisha
1,Keishay
1,Keita
1,Keitlyn
1,Kelauren
1,Kelcee
1,Kelcey
1,Kelci
1,Kelcie
1,Keleigha
1,Kelisha
1,Kelita
1,Kelle
1,Kelleigh
2,Kelli
1,Kellsey
25,Kelly
1,Kelly-Ann
5,Kelsea
72,Kelsey
6,Kelsi
9,Kelsie
3,Kelsy
4,Keltie
1,Kelyssa
1,Kenadie
1,Kendahl
2,Kendal
16,Kendall
1,Kendell
2,Kendelle
1,Kendle
48,Kendra
2,Kendyl
1,Kenedee
1,Kenedi
2,Kenedy
1,Kenisha
1,Kenna
1,Kennadee
1,Kennady
2,Kennedi
87,Kennedy
1,Kennidi
1,Kennidy
1,Kenya
4,Kenzie
1,Kenzy-Dean
2,Keri
1,Kerinda
4,Kerri
1,Kerricia
1,Kerry
1,Kersten
1,Kerstin
2,Kesha
1,Keshia
2,Kessa
1,Kestra
1,Kestrel
1,Keverly
1,Keyara
1,Keyarra
1,Keyla
1,Keyna
1,Keyra
1,Keysha
1,Keyshawana
2,Kezia
1,Khadija
1,Khadijah
1,Khalea
1,Khandi
1,Khansaa
1,Khushbo
1,Khushboo
1,Kia
1,Kiah
26,Kiana
1,Kiane
12,Kianna
9,Kiara
1,Kiarha
1,Kiely
16,Kiera
1,Kieran
4,Kierra
1,Kiersay
2,Kiersten
1,Kiersty
2,Kierstyn
2,Kiesha
2,Kiley
3,Kim
1,Kimberlee
8,Kimberley
1,Kimberlie
30,Kimberly
2,Kimberlyn
1,Kimberlynn
1,Kimura
1,Kina
1,Kindra
1,Kinzie
2,Kiona
18,Kira
1,Kiralea
1,Kira-Leah
2,Kiran
1,Kirana
2,Kirandeep
1,Kirby
1,Kiri
1,Kirra
1,Kirstan
29,Kirsten
1,Kirsten-Anne
2,Kirstie
4,Kirstin
2,Kirsty
1,Kirstyn
1,Kisa
1,Kisella
1,Kisha
1,Kisha-Lyn
1,Kitana
1,Kiyana
1,Kiyomi
1,Kjersti
1,Kjirstin
1,Klara
1,Klariz
1,Klaudia
1,Kloey
1,Klysta-Ann
2,Kobi
2,Koby
1,Kodee
1,Kodi
1,Kolbi
2,Kolby
3,Komal
1,Komalpreet
1,Konstandina
1,Kora
1,Korah
2,Koral
1,Koralee
2,Kori
1,Kori-Ann
1,Korri
1,Kortlyn
1,Kortni
2,Korvette
1,Koryssa
5,Kourtney
1,Krisha
1,Krishma
1,Krishni
11,Krista
2,Kristal
1,Kristan
1,Kristeena
43,Kristen
4,Kristi
2,Kristian
18,Kristin
15,Kristina
5,Kristine
3,Kristy
5,Kristyn
1,Krittika
1,Kryshandra
6,Krysta
7,Krystal
1,Krystal-Ann
2,Krysten
1,Krystenne
1,Krystin
1,Krystle
2,Krystyn
1,Kuljot
1,Kurneesh
1,Kursti
1,Ky
1,Kya
1,Kyaira
1,Kyandra
1,Kyara
31,Kyla
1,Kylah
1,Kyla-Leigh
1,Kylara
1,Kyla-Rae
6,Kylee
1,Kyleigh
1,Kylen
1,Kyler
2,Kyley
26,Kylie
1,Kyliena
1,Kynndra-Jo
41,Kyra
1,Kyrah
1,Kyrandra
1,Kyretta
1,Kyrie
1,Kyrieanna
1,Kyrin
1,Kyrra
1,Kyrstin
1,Kyza
1,Labeeba
1,Lacee
7,Lacey
1,Lachlan
1,Lacie
1,Lacrissa
1,Lacy
1,Laetitia
1,Laiken
4,Laila
1,Laine
1,Lainie
1,Lakeisha
2,Laken
1,Lakisha
1,Lakotta
1,Lakshana
1,Lamees
1,Lameese
1,Lan
4,Lana
1,Landis
3,Lane
1,Lanette
1,Laney
1,Lanita
1,Lannis
5,Lara
1,Larae
1,Laramie
1,Laraya
1,Lareesa
1,Larell
1,Larelle
1,Larisa-Mae
19,Larissa
1,Larrie
5,Laryssa
1,Laticia
1,Latisha
1,Latishya
1,Latiya
1,Latoya
58,Laura
1,Lauralee
1,Laura-Lee
1,Laura-Lynn
1,Laure-Anne
1,Laureen
6,Laurel
96,Lauren
1,Lauricia
1,Laurie
1,Laurie-Anne
2,Laurisa
1,Lavalee
1,Lavea
1,Lawrence
1,Laya
1,Layal
1,Layalle
5,Layla
6,Layne
1,Laynna
1,Lea
42,Leah
1,Leahia
1,Leala-Ann
1,Leana
1,Leandra
1,Leane
1,Leann
2,Leanna
9,Leanne
1,Leanza
1,Leathia
1,Lee
1,Leeanna
1,Lee-Anna
1,Leeanne
2,Leena
1,Leesa
1,Legacy
3,Leigh
2,Leigha
2,Leila
1,Leilah
4,Lena
1,Lenai
1,Lenaia
1,Lenall
1,Lenna
1,Lennette
7,Leona
1,Leotti
2,Lesley
6,Leslie
4,Leticia
1,Letitia
1,Levina
7,Lexi
1,Lexia
4,Lexie
1,Lexington
3,Lexus
1,Lexy
1,Leyna
1,Lhynette
1,Liah
1,Liala
3,Liana
1,Liane
1,Libby
1,Liberti
3,Liberty
1,Liesel
1,Ligaya
1,Lijah
1,Lili
3,Lilian
1,Lilli
4,Lillian
1,Lillianna
1,Lillianne
1,Lilly-Ann
1,Lillyanna
9,Lily
1,Linaya
7,Linda
27,Lindsay
14,Lindsey
1,Lindy
18,Lisa
1,Lita
1,Litania
1,Livia
1,Lizabeth
1,Lizbeth
1,Locke
9,Logan
1,Lois
1,Lo-Keisha
1,Lola
2,London
1,Londyn
1,Loni
2,Lora
1,Lorelei
1,Lorelle
3,Lorena
1,Lorenda
1,Loretta
2,Lori
1,Lori-Ann
1,Loridonna
1,Lorilynn
1,Lorin
1,Lorissa
2,Lorna
3,Lorraine
1,Lorretta
1,Lotus
1,Louellen
2,Louisa
3,Louise
1,Lourda
1,Loveleen
1,Luanne
1,Lucero
1,Lucia
2,Lucienne
1,Lucinda
1,Lucrezia
9,Lucy
1,Luisa
1,Lukhdeep
6,Lydia
1,Lynda
1,Lyndee
1,Lyndell
7,Lyndsay
6,Lyndsey
1,Lyne
1,Lyneta
1,Lynette
2,Lynn
1,Lynsey
1,Lyric
1,Lyrica
1,Lyrik
1,Lysandra
1,Mable
1,Macala
2,Macayla
1,Macgregor
1,Machayla
1,Mackalee
2,Mackayla
1,Mackenna
106,Mackenzie
2,MacKenzie
1,Mackenzie-Lynn
3,Mackenzy
1,Mackinna
1,Maclane
1,Maclayne
1,Maclynn
2,Macy
1,Madalaine
3,Madalyn
1,Maddeline
8,Maddison
1,Maddissen
5,Madelaine
10,Madeleine
1,Madelin
21,Madeline
3,Madelyn
1,Madeson
2,Madilynn
2,Madina
1,Madisan
1,Madisen
171,Madison
4,Madisyn
1,Madlyn
1,Madysan
1,Madysen
5,Madyson
4,Maegan
4,Maeghan
1,Maeghen
1,Maera
1,Maettea
1,Maeve
1,Magaretha
2,Magdalena
2,Magdalene
1,Magdelana
1,Magdelena
1,Magenta
13,Maggie
1,Maggie-Joan
1,Magul
1,Maha
1,Mahala
1,Mahalia
1,Mahalina
2,Maham
1,Mahdia
1,Mahlet
1,Mahni
1,Mahri
1,Mahsa
1,Mai
4,Maia
1,Maija
1,Maira
1,Maisam
1,Maisey-Rae
1,Mai-Thy
1,Maja
1,Majesta
3,Makaela
2,Makaila
25,Makayla
1,Makayla-Holly
1,Makboolee
2,Makda
1,Makeda
1,Makela
2,Makenna
1,Makenzi
5,Makenzie
1,Makenzy
2,Makita
1,Makyle-La
1,Malaak
3,Malak
1,Malayia
1,Maleisha
1,Malinka
1,Mallery
6,Mallory
1,Malone
1,Mameyaa-Kraa
1,Manal
1,Mandalyn
1,Mandee
2,Mandeep
1,Mandi
3,Mandy
1,Manelle
1,Manika
1,Maninder
1,Manisha
2,Manleen
2,Manpreet
1,Manpriya
1,Manraj
1,Manratneet
1,Manreet
1,Manuella
3,Mara
1,Marah
1,Maraija
2,Maranda
1,Marcelina
1,Marcella
1,Marci
3,Marcia
1,Marcie
1,Mardi
1,Maree
1,Mareike
1,Marellda
1,Maren
23,Margaret
1,Margaret-Anne
2,Margaretha
2,Margarita
1,Margaux
1,Margeretha
1,Margit
2,Margo
3,Margot
2,Marguerite
1,Mari
25,Maria
29,Mariah
10,Mariam
1,Mariana
1,Mariann
2,Marianna
3,Marianne
1,Maria-Rossi
2,Marica
18,Marie
2,Mariel
1,Mariette
1,Marigje
1,Mariha
4,Marika
4,Marilyn
1,Marin
19,Marina
1,Marion
10,Marisa
1,Marisha
28,Marissa
1,Marixa
1,Marla
1,Marlayna
1,Marlee
1,Marleigh
1,Marlena
2,Marlene
5,Marley
1,Marlie
1,Marlis
1,Marlise
1,Marliss
2,Marlo
1,Marlowe
1,Marni
2,Marnie
1,Marquise
1,Marriann
1,Marrisa
2,Marrissa
6,Martha
1,Martia
7,Martina
1,Martine
1,Marvel
37,Mary
2,Maryam
3,Maryann
1,Maryanne
1,Mary-Grace
1,Maryjane
1,Mary-Jane
1,Mary-Jo
1,Mary-Katherine
1,Mary-Mae
1,Maryn
1,Marysa
1,Masami
1,Mataea
1,Mataia
1,Mataya
1,Mateah
1,Mateya
1,Mateya.Suzanne
2,Mathea
2,Matilda
1,Matlin
2,Mattea
1,Matthew
1,Mattie
1,Mattison
1,Mattlen
1,Maude
1,Maura
1,Maureen
1,Maxean
3,Maxine
1,Maxxe
5,May
10,Maya
1,Mayada
1,Maygen
1,Maysen
1,Mayura
1,Mc
1,Mccol
1,Mchale
1,Mckaya
7,Mckayla
2,McKayla
7,Mckenna
4,McKenna
1,Mckenzi
14,Mckenzie
4,Mckinley
1,Mckinly
34,Meagan
11,Meaghan
1,Meah
1,Meara
1,Medea
1,Meelayna
1,Meenu
2,Meg
186,Megan
1,Megan-Jean
1,Megan-Lee
1,Meggan
23,Meghan
1,Meghann
1,Meghanne
1,Megumi
1,Megwan
1,Meisha
1,Meisha-Lynae
1,Melaina
1,Melania
21,Melanie
1,Melina
5,Melinda
1,Melisa
71,Melissa
1,Mellisa
2,Mellissa
1,Melliza
1,Melodie
5,Melody
1,Melony
1,Melva
1,Melysa
1,Meranda
18,Mercedes
3,Mercedez
2,Meredith
1,Meriah
1,Meriam
1,Merinda
1,Merissa
1,Merna
1,Merody
1,Meron
1,Mesan
9,Mia
1,Miada
1,Miah
1,Mica
6,Micaela
5,Micah
1,Micaiah
3,Micayla
1,Micha-El
31,Michaela
1,Michaelene
1,Michaella
1,Michaila
1,Michailla
1,Michallie
2,Michayla
1,Michcell
3,Micheala
1,Michealla
2,Michele
71,Michelle
1,Michelle-Phuong-
1,Micheyla
1,Mickaela
1,Mickala
3,Mickayla
1,Micki-Lee
1,Mika
28,Mikaela
1,Mikaelyn
7,Mikaila
1,Mikailyn
4,Mikala
1,Mikalah
48,Mikayla
1,Mikaylla
1,Mikehiela
1,Mikenna
1,Mikhaila
1,Mikhayla
1,Mikila
1,Mikinnly
1,Mikkayla
3,Mikyla
5,Milena
1,Millie
1,Mina
1,Minda
1,Mindi
2,Mindy
1,Mirabelle
42,Miranda
1,Mireille
4,Miriam
2,Mirian
1,Mirielle
1,Mirlanda
1,Mirleigha
1,Mirriah
1,Misha
1,Mishal
1,Mishel
1,Missiker
1,Mistie
1,Misty-Dawn
1,Mituem
1,Miya
1,M'Lynn
1,Moesha
2,Moira
1,Moiy
1,Mollie
13,Molly
1,Mona
1,Monaca
1,Monali
1,Monami
2,Moneek
1,Monet
21,Monica
7,Monika
13,Monique
10,Montana
1,Montanna
1,Monyca
108,Morgan
1,Morgan-Rae
2,Morghan
1,Morgyn
3,Moriah
1,Morning
2,Morriah
1,Moses
1,Mullyn
1,Mumtaaz
1,Mun
3,Muna
1,Munjyot
2,Muriel
2,My
1,Mya
3,Myah
1,Mycaela
1,Mycah
2,Myia
2,Mykaela
2,Mykayla
1,Mykela
1,Mykelti
1,Mykelty
2,Mykenzie
1,Myra
1,Myranda-Ann
2,Myria
1,Myriam
1,Myriamme
1,Myrna
1,Nabila
2,Nada
1,Nadayjia
1,Nadeen
14,Nadia
8,Nadine
1,Nadja
1,Nahanni
1,Naheda
1,Najiah
1,Najma
1,Najwa
1,Nakira
1,Nakisha
3,Nakita
1,Nakota
1,Namneet
1,Namritpal
1,Nanci
9,Nancy
1,Nandini
30,Naomi
1,Narina
1,Narisa
1,Naseem
3,Nasreen
1,Nasrien
1,Nastasja
1,Natalee
14,Natalia
40,Natalie
2,Natara
1,Natasa
54,Natasha
2,Natashia
1,Natasia
1,Natassja
4,Nathalie
1,Natia
1,Natisha
1,Naula
1,Navdeep
1,Navee
1,Naveen
1,Naveenjot
1,Navjot
1,Navpreet
1,Navrit
1,Navsoch
1,Naya
1,Nazia
1,Neasa
1,Needa
1,Neelufar
1,Neeve
1,Negaar
1,Negar
3,Neha
1,Neila
3,Nella
2,Nellie
1,Neriah
1,Nesreen
2,Netanya
1,Netty
2,Nevada
1,Nevada-Lee
1,Nevada-Rose
3,Neve
1,Ngan
1,Ngoc
1,Nguyen
1,Nia
1,Niamh
1,Niaomi
1,Nichelle
1,Nichol
8,Nichole
1,Nicholette
1,Nickia
1,Nickki
2,Nickole
1,Nicoda
4,Nicola
177,Nicole
1,Nicoletta
4,Nicolette
1,Nicolina
3,Nicolle
1,Nicolya
1,Nida
1,Nikaela
1,Niketa
3,Niki
12,Nikita
11,Nikki
1,Nikki-Lea
1,Nikki-Leigh
3,Nikkita
1,Nikole
2,Nikolina
1,Nila
1,Nima
1,Nimrit
6,Nina
1,Nisreen
1,Nitalia
2,Nitasha
1,Nitika
1,Niyareen
1,Noel
7,Noelle
1,Noemi
1,Noemie
2,Noha
1,Nokota
1,Nole-Kiele
1,Nomana
1,Nomi
3,Noor
1,Nooran
1,Noor-Khanu
1,Nora-Lee
1,Norma
1,Noshaba
1,Noura
1,Nova
1,Novotny
1,Nur
1,Nuria
1,Nyakhan
1,Nyree
1,Nyssa
6,Ocean
1,Oceanna
1,Odele
1,Odelle
2,Odessa
1,Oi
5,Oksana
2,Olga
61,Olivia
1,Olivia-Ray
1,Olla
1,Olympia
1,Omnia
1,Onatopp
1,Opalina
1,Oriana
1,Oryanna
1,O'Shay
2,Page
74,Paige
1,Paige-Alexandra
1,Paije
2,Paisley
1,Paiton
1,Paityn
1,Paloma
4,Pamela
1,Paratna
2,Paris
1,Parisa
1,Parmpreet
1,Passion
1,Paton
12,Patricia
1,Patrycia
8,Paula
1,Paulette
7,Paulina
6,Pauline
1,Paulita
1,Pawanpreet
1,Paxton
1,Payal
2,Payge
1,Payten
16,Payton
1,Payton-Marie
1,Paytten
1,Pazia
1,Pearl
1,Perjin
1,Perrin
1,Peters
1,Petichia
2,Petra
6,Peyton
1,Phaedra
1,Pheonix
1,Philomena
3,Phoebe
4,Phoenix
1,Phoneix
2,Phuong
1,Phyllis
1,Pierce
3,Piper
1,Pippa
1,Po
1,Polina
1,Polly
1,Pondthip
3,Pooja
1,Portia
1,Prabdeep
2,Prabhjot
1,Prabhjyot
1,Prabhleen
1,Prabhsharn
1,Prabjit
1,Prabneek
1,Prairie
2,Precious
1,Preetha
1,Preetinder
5,Presley
1,Pricilla
1,Princess
7,Priscilla
4,Priya
2,Priyanka
1,Promise
1,Pui
1,Punam
1,Puncham
2,Puneet
1,Qierra
1,Quaija
1,Quin
1,Quincey
1,Quinci
1,Quinlyn
12,Quinn
1,Quinne
1,Quinnlynn
1,Quwayde
1,Rabia
2,Rabina
15,Rachael
4,Racheal
123,Rachel
1,Rachele
16,Rachelle
2,Racquel
1,Radhika
5,Rae
1,Rae-ann
1,Raeanna
4,Raeanne
3,Raechel
1,Raeda
1,Raedyn
2,Raeesa
7,Raegan
1,Raegyn
1,Rael
1,Raelee
1,Raeleen
2,Raelene
3,Raelle
3,Raelyn
1,Raelynda
3,Raelynn
1,Raelynne
1,Raena
1,Raenen
1,Rahil
1,Rahme
3,Raina
1,Rainbow
3,Raine
1,Rainelle
1,Rainfeather
1,Rainie
1,Rainita
1,Rainley
1,Rajdeep
1,Rajneet
1,Rajvir
1,Rakeya
1,Raleene
1,Ramiah
2,Ramneet
2,Ramona
1,Rana
1,Ranae
1,Randall
1,Randeen
1,Randeep
7,Randi
1,Randi-Lynn
1,Randus
2,Ranelle
1,Ranetta
1,Rania
1,Ranine
1,Ranya
4,Raquel
1,Rashell
1,Rashida
1,Rashmin
1,Rasna
1,Rauann
1,Raveena
11,Raven
2,Ravina
1,Ravleen
1,Ravneet
1,Rayan
3,Rayanne
1,Raychelle
2,Rayel
1,Rayelle
1,Raye-Marie
1,Rayena
1,Raylee
1,Rayleen
5,Raylene
1,Raylynn
5,Rayna
4,Rayne
1,Rayona
7,Reagan
1,Reagen
1,Reaghan
1,Reana
1,Reanna
3,Reanne
1,Reba
1,Rebby
2,Rebeca
115,Rebecca
2,Rebeccah
1,Rebeccalynn
2,Rebecka
1,Rebeka
15,Rebekah
1,Rebekkah
1,Redha
1,Reece
1,Reecha
2,Reegan
3,Reem
2,Reema
1,Reena
4,Reese
7,Regan
1,Regen-Rejeanne
1,Regin
1,Regina
1,Rehannon
1,Reid
1,Reigha
1,Reillee
4,Reilly
1,Reima
2,Reina
1,Remington
1,Remy
3,Renae
1,Renai
1,Rene
1,Renea
18,Renee
1,Reneigh
1,Reneya
1,Renu
1,Reo
1,Rereloluwa
2,Reyna
1,Reyven
1,Rhaynel
3,Rhea
1,Rheanie
1,Rheanna
1,Rheanne
1,Rhiana
3,Rhianna
7,Rhiannon
1,Rhiece
2,Rhoda
1,Rhonda
1,Rhyliegh
1,Rhys
1,Rhyse
2,Riana
1,Riann
4,Rianne
1,Richele
6,Richelle
1,Ricki
1,Rickia
2,Riel
1,Rielle
1,Riese
1,Riki
1,Rikki
1,Rikki-Lee
21,Riley
1,Rima
1,Rina
1,Rio
1,Riograce
9,Rita
1,Ritu
5,River
1,Riwa
1,Rizza
1,Roaa
1,Roanne
1,Roarke
1,Robbi
6,Robin
41,Robyn
1,Robyna
2,Robyne
11,Rochelle
1,Roelien
1,Roisin
1,Rola
1,Rolann
1,Ronie
2,Ronni
1,Roop
2,Rory
2,Rosa
1,Rosalie
1,Rosalyn
1,Rosalynd
5,Rosanna
1,Rosanne
5,Rose
1,Roseanne
1,Roselyn
1,Rosemarie
1,Rose-Marie
2,Rosemary
1,Rose-Mary
2,Roslyn
6,Rowan
1,Rowda
1,Rowena
1,Roxana
1,Roxanne
1,Rozina
1,Rozmina
1,Ruba
1,Rubah
1,Rubina
5,Ruby
1,Rudy-Ann
1,Ruhee
1,Rujdip
1,Rujneet
1,Rumana
1,Rupali
2,Rupinder
1,Ruqaya
6,Ruth
1,Ruth-Anne
1,Ruwaida
1,Rya
3,Ryanne
1,Rylana
8,Rylee
6,Ryleigh
6,Ryley
4,Rylie
1,Rynn
1,Ryslin
1,Saaron
1,Saba
1,Sabaria
1,Sable
1,Sabreen
48,Sabrina
1,Sabriya
2,Sabryna
1,Sacha
1,Sachi
1,Sadi
15,Sadie
1,Sadie-Jean
1,Sadie-Maria
1,Saehla
1,Safa
1,Safahanna-Malika
1,Saffienna
1,Safia
1,Safina
1,Safira
12,Sage
2,Sahar
1,Sahara
1,Sahra
1,Saidi
6,Saige
1,Saima
1,Sakura
1,Salanis
1,Salena
1,Salina
5,Sally
1,Salmana
1,Saloni
1,Samah
189,Samantha
1,Samantha-Ann
1,Samantha-Lea
3,Samara
2,Samarah
1,Samerah
2,Samia
1,Samie
1,Samira
1,Samirah
1,Sammi
1,Sammy
1,Samnpreet
2,Sana
1,Sanaa
1,Sanaea
1,Sanah
1,Sandi
10,Sandra
3,Sandy
1,Sanjali
1,Sanjlyn
1,Sanna
2,Santana
1,Santanah
1,Santaya
1,Santina
1,Saphire
1,Sapphire
75,Sara
1,Sarabeth
264,Sarah
1,SarahJean
1,Sarah-Jean
1,Sarah-Josephine
1,Sarah-Layne
1,Sarah-Lynn
1,Sarah-Ruth
1,Sarah-Thea
1,Sarai
1,Saralea
1,Saralynn
1,Sara-Mae
1,Sareena
2,Sarena
1,Sarina
1,Sarquin
1,Sarra
2,Sarrah
8,Sasha
1,Satchel
1,Sathika
1,Sativa
2,Savana
2,Savanah
11,Savanna
37,Savannah
1,Savannah-Rae
1,Savannah-Sea
1,Savera
1,Saveria
1,Savon
1,Sawyer
2,Saxon
2,Saylor
1,Scarlet
1,Scarlett
1,Schuy
3,Schyler
1,Scierra
1,Scotia
1,Scotland
1,Scout
1,Seairah
9,Seanna
1,Seanna-Lee
1,Searik
2,Searra
1,Seddiqa
1,Seemeen
1,Seeret
1,Seham
2,Seirra
1,Seleena
1,Selen
11,Selena
5,Selina
1,Seline
1,Selvana
1,Sena
1,Senaya
1,Sera
21,Serena
4,Serenity
1,Se-Ri
1,Serian
1,Serina
1,Serra
1,Seshlyn
1,Sevannah
1,Shaahida
1,Shaalin
1,Shaan
1,Shabana
2,Shade
1,Shadea
1,Shadia
1,Shadoe
1,Shadow
10,Shae
1,Shaela
1,Shaelagh
1,Shaelee
1,Shae-Lee
1,Shaeleigh
1,Shaelen
1,Shaelenn
1,Shaeli
1,Shaelie
1,Shaelin
1,Shaely
19,Shaelyn
3,Shae-Lyn
10,Shaelynn
11,Shae-Lynn
3,Shae-Lynne
1,Shaena
1,Shaeya
1,Shagana
1,Shahira
2,Shai
1,Shaila
1,Shailee
3,Shailyn
1,Shai-Lynn
1,Shaima
7,Shaina
1,Shaista
1,Shakal
1,Shakiah
1,Shakita
1,Shala
1,Shalaina
1,Shalaine
1,Shalan
1,Shalayne
1,Shalea
2,Shaleen
1,Shaleena
2,Shaleigh
2,Shalena
1,Shalenah
1,Shalene
2,Shaley
1,Shalisa
1,Shalla
1,Shallon
1,Shally
1,Shallyn
3,Shalyn
2,Shalynn
1,Shalynne
1,Sha-Na
1,Shanae
1,Shanai
1,Shana-Lee
1,Shanaya
1,Shancee
1,Shanda
1,Shandie
1,Shandon
2,Shandra
1,Shaneece
1,Shanel
1,Shanell
7,Shanelle
2,Shanese
1,Shani
20,Shania
1,Shaniah
1,Shania-Marie
1,Shania-Thanh
4,Shanice
1,Shaniece
1,Shanique
1,Shanleigh
5,Shanna
1,Shannahla
1,Shannel
1,Shannell
1,Shannen
1,Shannery
1,Shannie
32,Shannon
1,Shannyn
3,Shantal
3,Shantel
1,Shantique
1,Shara
1,Sharal
1,Shara-Lee
1,Sharan
1,Sharaya
2,Sharayah
1,Shardaye
1,Shareen
1,Sharenpreet
1,Sharida
1,Sharina
1,Sharissa
1,Sharlee
2,Sharlene
1,Sharmaine
14,Sharon
1,Sharyn
2,Shaun
8,Shauna
1,Shaunda
1,Shaunece
1,Shaunice
1,Shavi
1,Shavon
1,Shavonne
1,Shavonnie
1,Shawana
7,Shawna
2,Shawnee
1,Shawnee-Rose
1,Shawney
1,Shawnice
1,Shawntel
1,Shawny
2,Shay
1,Shayann
1,Shayannah
2,Shayanne
1,Shayda
3,Shayden
8,Shaye
2,Shayelyn
1,Shaye-Lynn
1,Shayl
32,Shayla
1,Shaylan
1,Shayle
1,Shaylea
1,Shaylean
8,Shaylee
1,Shayleen
1,Shayleesa
2,Shayleigh
2,Shaylen
4,Shaylene
2,Shaylie
1,Shaylin
1,Shaylon
1,Shaylum
6,Shaylyn
3,Shaylynn
1,Shaylynne
16,Shayna
1,Shayna-Marie
1,Shayne
1,Shaynia
1,Shaynna
1,Shazelle
1,Shazia
1,Shaziah
6,Shea
1,Shea-Anne
1,Shead
1,Sheadene
1,Sheadon
1,Shealynn
1,Sheanna
5,Sheena
1,Shefali
1,Sheharzad
3,Sheila
1,Sheileen
1,Sheinay
1,Sheiry
2,Shekinah
4,Shelbi
2,Shelbie
68,Shelby
1,Shelby-Lynne
1,Shelby-Rose
1,Sheleicha
2,Shelise
1,Sheliza
1,Shellby
1,Shelley
1,Shelly
2,Shenelle
1,Shenoa
1,Shenoah
1,Sheresa
2,Sherice
1,Sheridan
1,Sheridean
1,Sheriza
3,Sherri
3,Sherry
1,Shetema
1,Shevi
1,Sheyanne
1,Sheybra
1,Sheyen
2,Sheyenne
1,Sheytanna
1,Shiana
3,Shianne
1,Shilandra
1,Shiloh
1,Shilpa
1,Shinia
4,Shirley
1,Shirria
2,Shivani
1,Shonari
1,Shonda
1,Shondi
1,Shoni
1,Shontel
1,Shoshana
1,Shoshanna
1,Shoshannah
1,Shula
1,Shurria
3,Shyan
2,Shyann
2,Shyanna
5,Shyanne
1,Shyenne-Dawn
1,Shyiesha
1,Shyin
12,Shyla
1,Shylee
1,Shyler
1,Shylo
1,Shyni
1,Shynola
1,Shynonna
1,Shyra
1,Shyrrelle
1,Shyrstin
1,Siane
1,Sianna
1,Siara
1,Siarra
8,Sidney
5,Sienna
1,Sienne
35,Sierra
1,Sierrah
1,Signy
1,Silene
1,Silvia
1,Simar
1,Simiss
8,Simone
10,Simran
2,Simrandeep
1,Simranjit
1,Simrat
1,Simrit
1,Sine
1,Sinead
8,Siobhan
1,Sitara
1,Skeeter
1,Skighe-Lihn
1,Sky
9,Skye
1,Skyelar
1,Skyelur
6,Skylar
3,Skyler
1,Skylynn
1,Sloane
1,Smith
5,Sofia
1,Sofina
1,Soha
1,Soleil
1,Solina
1,Solome
1,Solveig
1,Somalina
1,Somaya
2,Sommer
1,Somya
1,Sonali
1,Sonam
2,Sonia
4,Sonja
1,Sonnie
2,Sonya
18,Sophia
11,Sophie
1,Soraya
1,Souad
3,Spencer
9,Stacey
4,Stacy
2,Star
1,Starla
3,Starr
1,Stefanie
1,Steffanida
1,Steffany
1,Steffi
1,Stella
1,Stephaine
1,Stephani
94,Stephanie
1,Stephanie-Anne
1,Storm
1,Storrm
1,Suchveer
1,Suead
1,Suekiana
2,Sujood
1,Sukhanjit
1,Sukhleen
1,Sumalee
1,Sumati
2,Sumeet
17,Summer
1,Sundhal
1,Sunnia
3,Sunny
1,Sunrise
1,Sunshine
1,Surinder
12,Susan
5,Susana
2,Susanna
1,Susannah
3,Susie
1,Sussanna
1,Sutton
1,Suvneet
1,Suzan
1,Suzana
1,Suzanna
3,Suzanne
2,Sybil
2,Sydne
4,Sydnee
127,Sydney
1,Sydney-Marie
1,Sydney-Raven
3,Sydni
1,Sydny
7,Sylvia
1,Sylvie
1,Symarah
2,Symphony
1,Syrina
1,Tabatha
2,Tabea
1,Tabeah
8,Tabitha
2,Taegan
1,Taelor
1,Taelynn
1,Tahera
1,Tahiyya
1,Tahlau
2,Tahnee
1,Tahya
2,Taia
1,Taigan
1,Taine
1,Taiya
1,Taizsia
1,Takara
1,Takayla
1,Takeisha
1,Takiya
1,Tala
1,Talaine
1,Talayna
1,Taleah
2,Tali
6,Talia
1,Talia-Rae
1,Talis
1,Talisa
2,Talitha
1,Tallissa
1,Talon
1,Talonn
1,Talore
1,Talya
1,Talyn
1,Talysha
24,Tamara
1,Tameeka
1,Tamelle
1,Tamera
2,Tamika
1,Tammie
3,Tammy
2,Tamra
1,Tana
1,Tanea
1,Taneea
1,Taneesa
1,Taneesha
1,Taneeta
4,Tanesha
1,Taneta
1,Tani
1,Tania
1,Tanicka
1,Taniesha
2,Tanika
1,Tanille
8,Tanis
13,Tanisha
1,Tanjeryne
1,Tanna
1,Tanner
1,Tannin
8,Tannis
1,Tannyr
1,Tansy
13,Tanya
1,Tanysha
1,Tapanga
24,Tara
1,Tara-Dawn
2,Tarah
1,Tara-Jean
1,Taralyn
1,Taran
1,Tarandeep
1,Taranjot
1,Tareha
1,Tarica
1,Tarilyn
1,Tarra
1,Tarryn
20,Taryn
11,Tasha
1,Tashayna
1,Tashena
2,Tashina
1,Tasia
3,Tasneem
1,Tasyanna
1,Tate
12,Tatiana
3,Tatianna
1,Tatiyanna
2,Tatjana
1,Tatjanna
8,Tatum
3,Tatyana
1,Tatyanah
2,Tatyanna
1,Tawny
8,Taya
1,Tayana
1,Tayia
1,Tayisha
6,Tayla
2,Taylar
1,Taylar-Jayde
11,Tayler
1,Taylin-Rae
1,Taylisa
247,Taylor
1,Taylor-Ann
1,Taylor-Ashley
2,Taylor-Jo
1,Taylor-Shea
1,Taylyn
1,Taymin
1,Taysia
5,Tea
1,Tea-Ann
9,Teagan
3,Teaghan
4,Teah
2,Teal
3,Teanna
1,Tearin
1,Teca
1,TeddiAnn
1,Teegan
1,Teenu
1,Teesha
10,Tegan
1,Teghan
1,Tehya
1,Teia
1,Teidra
1,Teigan
1,Teira
1,Telayna
1,Telsa
1,Telsey
1,Tempest
1,Tenaya
2,Teneal
2,Tenisha
1,Teona
2,Tera
1,Terava
11,Teresa
1,Terese
1,Teressa
2,Teri
1,Terianna
1,Teri-Jo
3,Terra
1,Terrall
3,Terri
1,Terrin
1,Teryn
1,Tesha
1,Tesla
1,Teslynn
11,Tess
22,Tessa
1,Tessibel
1,Tessie
2,Teya
1,Teyanna
1,Teyesha
1,Teygan
1,Teyle
1,Thaileen
1,Thalon
1,Thamana
2,Thanh
2,Thea
1,Thelma
1,Theo
1,Theodora
10,Theresa
3,Thi
1,Thien
1,Thoria
1,Thu
1,Thuy
1,Thy
22,Tia
13,Tiana
1,Tiana-Marie
26,Tianna
1,Tianne
7,Tiara
1,Tien
1,Tienna
1,Tiera
1,Tierney
5,Tierra
26,Tiffany
1,Tiffany-Amber
1,Tiga
1,Tila
1,Timiro
8,Tina
1,Tinease
1,Tinesha
1,Tinisha
1,Tinnaya
1,Tiodie
1,Tirza
1,Tisha
1,Tishaun
1,Tishna
1,Tissanna
1,Tobi
2,Tobyn
1,Tokunbo
1,Tonesha
3,Toni
1,Toni-Lynn
3,Tonya
1,Torelle
15,Tori
2,Toria
1,Torri
1,Torrica
3,Torrie
3,Tory
1,Tosha
1,Toshonie
2,Tracey
2,Tracie
5,Tracy
1,TraeAnna
1,Trayse
1,Treena
1,Tress
1,Trey
1,Treylene
1,Trianna
1,Tricia
1,Trina
1,Trinidy
9,Trinity
10,Trisha
1,Trishala
1,Triskan
5,Trista
1,Tristain
4,Tristan
3,Tristen
1,Tristian
1,Tristin
4,Tristyn
3,True
1,Truong
1,Tryna
1,Trysten
1,Trystyn
1,Tu
1,Turi
1,Twyla
1,Twylla
1,Tyana
1,Tyanna
1,Tyela
1,Tyen
1,Tyera
1,Tyesha
1,Tykerra
1,Tylee
1,Tylene
2,Tyler
1,Tyler-Rae
1,Tylor
2,Tylyn
1,Tymesha
1,Tyne
1,Tynica
11,Tyra
1,Tyrena
1,Tyrine
1,Tyrrah
1,Ummaiyha
1,Upneet
1,Ursala
1,Valeen
2,Valentina
1,Valeria
7,Valerie
1,Valeska
1,Valina
1,Valley
1,Vanesa
46,Vanessa
1,Vansasha
2,Vasilisa
1,Vasundhra
1,Veanna
1
1,Velinda
12,Verity
3,Veronica
2,Veronika
1,Veronique
1,Veronique-
1,Vicenta
121,Vicky
4,Victoria
1,Vienna
1,Vina
2,Vincci
1,Violet
1,Violeta
1,Virgilia
2,Virgina
1,Virginia
1,Vitalla
10,Viveka
1,Vivian
1,Viviana
1,Vivien
1,Vu-Hanna
1,Vy-Tram
1,Wahpikwanees
1,Wakana
1,Wanda
2,Waseema
1,Waverly
1,Weather
3,Wednesday
1,Wendy
1,Wenny
1,Whisper
8,Whisper-Dawn
1,Whitney
6,Willena
1,Willow
1,Wincy
3,Winkie
2,Winona
1,Winter
1,Wossenailesh
2,Wynona
1,Wynter
1,Wyomma
1,Wyonne
1,Xanadu
1,Xanthe
4,Xaviere
1,Xena
1,Xiao
1,Xiomara
1,Yagmur
1,Yan
2,Yashharan
2,Yasmeen
4,Yasmin
1,Yasmine
1,Yassmina
1,Yehwalashet
1,Yen
1,Yibei
1,Ying
1,Yue
1,Yuki
1,Yukino
1,Yuko
1,Yulia
1,Yuliana
1,Yusra
1,Yu-Tzu
3,Yvette
1,Yvonne
1,Zahraa
1,Zaiba
1,Zainab
1,Zainey
1,Zaira
1,Zalin
1,Zanetta
1,Zanna
1,Zarah
1,Zarya
4,Zayal
1,Zaynah
1,Zeba
1,Zeina
2,Zeinab
28,Zenah
1,Zoe
6,Zoee
3,Zoey
1,Zoie
1,Zoria
1,Zoriana
Frequency Zumrah