1,Aafiya
1,Aaira
1,Aalayah
1,Aaliya
29,Aaliyah
1,Aaliza
1,Aamina
1,Aanum
1,Aarshdeep
1,Aasiya
1,Aastha
1,Aava
1,Abagail
1,Abagayl
1,Abang
1,Abbagael
1,Abbagayle
1,Abbegail
12,Abbey
1,AbbeyLynn
4,Abbie
7,Abbigail
1,Abbigaile
7,Abbigale
1,Abbigayle
27,Abby
5,Abbygail
1,Abbygale
1,AbbyRuth
1,Abegale
3,Abigael
125,Abigail
1,Abigale
8,Abigayle
1,Abigial
1,Abinav
1,Abisha
1,Abony
1,Abra
1,Abree
1,Abrial
1,Abrianna
1,Abrie
1,Abriel
2,Abrielle
1,Abygale
1,Acacia
1,Acadia
1,Accalia
1,Achai
3,Achol
2,Ada
1,Adaiah
1,Adalee
1,Adaleigh
1,Adan
1,Adanna
3,Adara
1,Adasa
1,Adawncia
1,AddahMaria
11,Addison
1,Addisson
1,Addyson
1,Adebola
1,Adelaide
1,Adelaine
1,Adelia
1,Adelina
4,Adeline
1,Adelle
2,Adelyn
1,Adelynn
1,Adessah
1,Adia
1,Adian
1,Adina
1,Adison
2,Aditi
1,Adonia
1,Adreanna
3,Adria
3,Adrian
9,Adriana
18,Adrianna
2,Adrianne
1,Adrienna
3,Adrienne
1,Adrina
2,Adut
1,Adyson
1,Aemilie
1,Aeries
1,Aerika
1,Affia
1,Afrah
1,Aftyn
1,Agail
3,Aganetha
5,Agatha
1,Agustina
1,Ahlam
1,Ahlia
1,Ahneke
1,Ahstyn
1,Aia
1,Aicha
3,Aidan
1,Aiden
1,Aidha
1,Aiesha
1,Aife
1,Aija
1,Aileen
1,Ailey
1,Aili
2,Ailish
1,Ailsa
1,Aime
10,Aimee
3,Aimée
1,Aimeelynn
1,Aimi
1,Aine
1,Ainslee
14,Ainsley
1,Ainsliegh
1,Airael
1,Aireana
6,Aisha
1,Aishah
1,AishaSabra
1,Aishpreet
2,Aisling
1 Áisling
1,Aislinn
2,Aislyn
5,Aislynn
1,Aiva
1,Aivree
1,Aixa
1,Aiya
2,Aiyana
2,Aja
1,Ajinder
1,Ajla
1,Ajock
2,Akaisha
1,Akakyva
1,Akara
3,Akasha
1,Akashdeep
1,Akasia
1,Akaycia
1,Akeira
1,Akemjit
1,Akena
1,Akhir
1,Akira
1,Akita
1,Aksha
1,Akutit
1,Alaa
1,AlabamaAda
2,Alaina
13,Alana
2,Alandra
1,Alanis
4,Alanna
3,Alannah
1,Alantis
1,Alara
1,Alarielle
1,Alaura
2,Alaya
4,Alayna
1,Alba
1,Alea
8,Aleah
1,AleahLynn
1,Alecia
1,Alectra
1,Aleda
1,Aleecia
4,Aleena
1,Aleese
2,Aleesha
1,Aleeza
2,Aleisha
1,Alejandra
1,Aleka
1,Aleks
3,Aleksandra
1,Aleksys
1,Alekzandra
2,Alena
1,Aleria
1,Aleron
1,Alesa
2,Alesandra
1,Alesha
3,Aleshia
4,Alessandra
1,Alessia
2,Alethea
1,Aletheia
1,Aletta
1,Aletza
7,Alex
44,Alexa
1,Alexandera
71,Alexandra
3,Alexandrea
17,Alexandria
11,Alexia
1,AlexianeYanika
1,Alexin
85,Alexis
1,Alexsa
1,Alexsanda
1,Alexsys
1,Alexus
1,Alexxa
1,AlexxisDawne
2,Alexys
1,Alexzandrea
1,Alhanna
8,Alia
1,Aliana
1,Alica
12,Alice
1,Alicea
2,Alicen
1,Alicha
30,Alicia
1,Alicin
1,Alida
1,Aliera
1,Alijah
3,Alina
1,AlinaSophie
3,Alisa
1,Alise
20,Alisha
1,Alishba
1,Alisia
13,Alison
6,Alissa
1,Alisse
1,Alissia
2,Alita
6,Alivia
3,Alix
4,Aliya
11,Aliyah
1,Aliyha
4,Aliza
1,Alizabeth
1,Alizé
1,Alla
1,Allaina
1,Allana
1,Allannah
1,Allayna
1,Alleah
1,Allee
1,Allexis
5,Allie
1,Allisa
22,Allison
1,Allissa
1,Allisyn
1,Alliyah
5,Ally
1,Allyah
1,Allyann
1,Allydia
1,Allysa
1,AllyshiaJade
1,Allysia
5,Allyson
3,Allyssa
1,Alma
1,Alorra
1,Alouth
1,Altea
1,Althaea
1,Althea
2,Alual
1,Aluel
1,Aluna
1,Alura
2,Alya
3,Alycia
1,Alynn
1,Alynna
1,Alyona
2,Alysa
1,Alyse
11,Alysha
1,Alyshah
3,Alysia
7,Alyson
92,Alyssa
1,Alyssah
1,Alyssia
1,Alyxandra
1,Alyze
4,Amal
1,Amalea
1,Amaleigh
3,Amalia
1,Amalie
1,Amaly
1,Aman
2,Amanat
41,Amanda
4,Amani
1,Amanjot
1,Amanpreet
3,Amara
5,Amaris
1,Amathnyin
5,Amaya
1,Amazon
1,Ambee
46,Amber
1,Amberly
2,AmberLyn
1,Amee
1,Ameerah
1,Ameilia
1,Ameirra
1,Amel
25,Amelia
6,Amelie
14,Amélie
2,Amellia
1,Amena
1,Amethyst
1,Amica
3,Amie
1,Amiee
1,Amielynn
1,Amima
1,Amin
3,Amina
4,Amira
1,AmiraLaura
1,Amisha
1,Amita
1,Amiya
1,Amiyah
1,Aml
1,AmmaNyarko
1,Amna
1,Amol
1,Amreen
1,Amrit
57,Amy
5,Ana
2,Anabelle
1,Anada
1,Anah
1,Anaia
1,Anaiah
1,Anais
1,Anaïs
1,Anaka
1,Analeigh
1,Anam
5,Anastacia
16,Anastasia
1,Anastasiya
1,Anastazia
2,Anaya
1,Anayat
1,Andee
1,Andelyn
1,Andi
6,Andie
1,Andisha
25,Andrea
1,Andreea
1,Andryka
1,Aneesa
1,Aneisha
1,Anemone
2,Anessa
19,Angel
21,Angela
6,Angelica
1,Angelika
26,Angelina
4,Angeline
2,Angelique
1,Angelle
1,AngelLee
1,Angelyna
1,Angenia
1,Anick
1,Aniela
1,Anielka
1,Aniesha
21,Anika
1,Aniko
1,Anina
1,Aniqa
1,Anis
2,Anisa
1,Anise
2,Anisha
1,Anissa
2,Aniya
3,Anja
4,Anjali
1,Anjolie
1,Anjou
1,Anjulia
1,Anke
4,Anmol
1,Ann
94,Anna
2,Annabel
1,Annabell
1,Annabella
8,Annabelle
1,Annabellé
1,Annaca
1,AnnaGrace
1,Annaka
1,AnnaLeah
2,Annalee
1,Annaleen
1,AnnaLeigh
2,Annaliese
5,Annalise
1,AnnaMay
1,Annata'
4,Anne
1,Anneka
1,Anneke
1,Anneli
2,Anneliese
2,Annelise
3,AnneMarie
1,Annemona
2,Annette
1,Annick
10,Annie
32,Annika
1,Annikah
1,AnnMarie
1,Anny
1,AnnyElisabeth
1,Anok
1,Anooshay
1,Anoshey
1,Anphisa
1,Antoinette
1,Antonia
1,Anum
2,Anureet
1,Anusha
1,Anuthida
1,Anvitha
1,Anwen
1,Anwyn
9,Anya
1,Anyarage
1,Anyarose
1,Anyisa
1,Aoife
13,April
1,Apryl
1,Ara
4,Arabella
1,Aradyn
1,Aravis
3,Araya
1,Archita
1,Arden
1,Ardeya
1,Areanna
1,Areen
1,Arfa
5,Aria
1,Ariadne
1,Ariah
9,Ariana
3,Ariane
15,Arianna
2,Arianne
1,Arianwen
1,Arica
7,Ariel
2,Ariella
1,Ariellah
3,Arielle
1,Aries
2,Arika
1,Arilynn
1,Arissa
1,Arissona
1,Arista
1,Ariya
1,Arizona
1,ArizonaLei
1,Arlee
1,Arleen
1,Arley
1,Armita
1,Aroop
1,Arora
1,Aroush
2,Arpan
1,Arpanpreet
1,Arrowynd
1,Arrozo
1,Arsh
1,Arshdeep
1,Arshita
1,Arshjot
1,Arshveer
1,Arveen
3,Arwen
1,Arwyn
1,Aryanna
1,Aryauna
2,Aryka
1,Aryn
1,Arys
1,Aryssa
1,Arzoo
1,Asees
1,Aselin
6,Asha
1,Ashalina
1,Ashaly
4,Ashanti
1,Ashayla
1,Asheley
1,Ashely
1,Ashgan
2,Ashia
1,Ashika
1,AshiyaAslam
2,Ashiyana
1,Ashlea
1,Ashleah
9,Ashlee
1,Ashleen
7,Ashleigh
2,Ashlen
90,Ashley
1,AshleyAnne
1,AshleyLynn
1,Ashlin
27,Ashlyn
10,Ashlynn
1,AshlynnRose
1,Ashna
2,Ashton
4,Ashtyn
1,Ashwin
1,Ashwini
11,Asia
1,Asiah
1,Asiya
1,Asjha
2,Asma
8,Aspen
1,Aspyn
1,AstaraMai
1,Astha
1,Astrid
1,Atasha
1,Ater
1,Atet
1,Athaliah
12,Athena
2,Atiya
1,Atleigh
1,Atley
1,Atlin
1,Atoria
1,Aubree
4,Aubrey
1,Aubrie
1,Audra
1,Audraya
14,Audrey
1,August
1,Augustine
1,Aundrea
1,Aunika
1,Aunima
1,Aurelia
1,Auriélle
19,Aurora
5,Austyn
1,Autum
42,Autumn
1,Autymn
128,Ava
1,Avaani
1,Avalee
4,Avalon
2,AvaLynn
1,AvaMaria
1,AvaMarie
1,AvaRose
1,Avary
1,Ave
1,Averi
1,Averie
1,AverieRayne
1,Averill
76,Avery
1,AveryRayne
1,Aviah
1,Aviendha
1,Avincia
1,Avital
1,Aviya
3,Avleen
2,Avneet
1,Avonne
1,Avorie
1,Avory
1,Avra
1,Avreen
1,Avrey
1,Avrie
1,Avril
1,Avroop
1,Avry
1,Avy
1,Awien
1,Awut
2,Aya
1,Ayaa
5,Ayah
1,Ayat
1,Aydan
1,Aydann
4,Ayden
1,Aydin
1,Ayeisha
1,Ayelén
1,Ayema
2,Ayesha
3,Ayisha
13,Ayla
1,AylaElise
1,AylaMarie
1,Aylee
1,Ayngel
1,Aynsley
1,Ayom
1,Ayra
1,Ayralee
1,Ayrenne
1,Aysha
1,Ayshani
1,Aysia
2,Ayva
1,Azandra
1,Azaria
1,Azariah
1,Azarie
1,Azkenik
1,Azra
1,Azriella
1,Azucena
1,Bacheira
1,Badriyah
1,Bailee
1,Baileigh
27,Bailey
1,BaileyAnne
1,BaileyRae
1,Baljot
1,Balpreet
1,Baneen
2,Barbara
1,Barbie
1,Barleen
1,Bavneet
1,Baya
1,BayeLee
1,Bayla
3,Baylee
1,Bayley
1,Bayli
2,Baylie
2,Bea
3,Beatrice
1,Beau
1,Bebula
1,Beigha
2,Belen
1,Believe
1,Belinda
6,Bella
2,Belle
1,Benita
1,Bennett
1,Berkeley
1,Berklee
3,Berlin
2,Berlyn
1,Berlynn
1,Bernadette
1,Betaniya
1,Beth
16,Bethany
1,Bethlyn
1,Bettina
4,Betty
1,Beyoncé
1,Bhavna
1,Bhavneet
1,Bhumika
16,Bianca
1,Bianka
1,Bibianna
1,Bigoa
3,Billie
1,BillieLynn
1,Binazra
1,Bithania
1,Blair
2,Blaire
1,Blaise
1,Blaize
1,Blare
2,Blaze
1,Bliss
1,Blossom
1,Blue
1,Blyss
1,Blythe
2,Bo
2,Bobbi
1,BobbiAnn
1,Bobbie
1,BobbiJo
1,BobbiLea
1,Bojana
2,Bonita
1,Bonnie
1,Bonny
1,Boo
1,Boshra
1,Bradie
1,Brady
3,Braelyn
2,Braelynn
1,Braidi
2,Braidy
1,Brailee
4,Brandi
1,BrandiRae
4,Brandy
1,BrandyLynn
1,Braya
1,Brayda
1,Braydeen
1,Braydyn
1,Brea
1,Breaelle
1,Breah
1,Breana
33,Breanna
1,Breanna
1,Breannah
8,Breanne
1,Breasha
1,Breatrice
1,Breauna
1,Brecken
5,Bree
1,Breea
1,Breeah
1,Breeanna
1,BreeAnne
1,Breelyn
1,BreeSage
1,Breeze
1,Breize
1,Brenah
2,Brenda
1,Brenley
12,Brenna
1,Brennan
1,Breton
1,Brett
1,Bretta
1,Breya
1,Breyze
2,Bria
6,Briana
57,Brianna
7,Brianne
9,Bridget
1,Bridgett
3,Bridgette
1,Brie
1,Brieanna
1,Briella
7,Brielle
9,Brienne
1,Brier
1,Brigitte
1,Briley
1,Brilhantina
1,Brinaina
1,Brinley
1,Brinn
1,Brio
2,Britany
2,Britlyn
1,Britlynn
5,Britney
1,Britni
1,Britny
2,Britt
1,Brittan
2,Brittany
1,Brittinna
1,Brittnee
2,Brittney
1,BrittneyAnn
1,Brittny
2,Britton
1,Brityn
2,Brodie
1,Bronte
1,Brontë
1,Bronwen
10,Bronwyn
1,BroodieJo
7,Brook
106,Brooke
1,Brookelyn
1,BrookelynAva
6,BrookeLynn
3,Brookelynn
1,BrookeLynne
1,Brooklin
104,Brooklyn
1,BrookLyn
1,BrookLyn
1,Brooklyne
24,Brooklynn
3,BrookLynn
2,BrookLynn
1,Brooklynn
1,Brooklynne
1,Broughan
1,BryaLee
3,Bryanna
3,Bryanne
1,Bryce
1,Bryden
1,Brylee
1,Brylie
1,Brylin
11,Bryn
1,Bryndal
4,Brynlee
1,Brynley
18,Brynn
1,BrynnaJo
3,Brynne
1,Brynnleigh
2,Buk
1,Bukhtawer
1,Burgundy
1,CaCi
40,Cadence
1,Cadense
1,Cadey
1,Cadie
1,Cadyn
1,Cadynce
1,Caedance
3,Caelan
1,Caelee
1,Caelen
1,Caelyn
1,Cagney
2,Caidence
1,Caidyn
1,Caienna
5,Cailey
1,Caili
1,Cailie
2,Cailin
1,Cailley
3,Cailyn
1,Cailynn
1,Cailynne
1,Caisha
24,Caitlin
25,Caitlyn
1,CaitLyn
1,Caitlynn
1,Cala
8,Caleigh
5,Cali
1,Calida
1,Calissa
2,Calista
1,Caliya
3,Calla
2,Calleigh
1,Calley
2,Calli
1,Callia
14,Callie
1,Callista
1,Callum
1,Cally
1,Callyn
1,Caly
1,Calyn
1,Calysta
1,Cambrie
5,Cameron
2,Cameryn
1,Camie
3,Camila
1,Camile
1,Camilla
7,Camille
1,CamilleElena
1,Camrin
1,Camry
20,Camryn
1,Camrynn
2,Candace
2,Candice
1,Candy
1,Caprice
2,Cara
1,Caren
2,Carina
2,Caris
1,Carisa
8,Carissa
3,Carla
1,Carlah
1,Carlea
4,Carlee
2,Carleigh
1,Carli
5,Carlie
1,Carlin
1,Carlissa
17,Carly
1,Carmalieghta
1,Carmandy
1,Carmel
1,Carmelina
1,Carmella
17,Carmen
1,Carmena
1,Carmendi
1,Carmijoy
1,Carmin
1,Carmyn
1,Carolann
1,CaroleAnne
1,Carolina
9,Caroline
5,Carolyn
1,Carolyne
1,Carra
2,Carrie
1,Carrisa
3,Carson
6,Carys
1,Caryse
3,Casandra
8,Casey
1,Casilda
1,Cassadi
2,Cassady
34,Cassandra
3,Cassara
3,Cassia
35,Cassidy
10,Cassie
1,Cassyah
2,Catalina
1,Catarina
5,Cate
1,Catelyn
1,Catharina
21,Catherine
1,CatherineRhad
2,Cathrine
4,Cathy
1,Catiana
2,Catriona
1,Catryn
1,Cayden
3,Caydence
1,Caydince
2,Cayla
1,Caylan
1,Caylee
2,Cayleigh
2,Cayley
2,Caylie
1,Caylin
1,Ceanna
1,Ceara
1,Cecila
3,Cecilia
2,Cecily
1,Cedar
7,Ceili
1,Celecia
3,Celeste
3,Celia
9,Celina
2,Célina
6,Celine
1,Céline
1,Cemre
1,Cera
1,Cerin
1,Cerys
1,Cetera
1,CeydaAnne
1,Cezara
1,Cezary
1,Chaden
1,Chaelan
1,ChaeLynn
1,Chafia
1,Chaley
1,Chaltu
1,Chana
1,Chanaé
1,Chance
1,Chandandeep
1,Chandell
2,Chandra
4,Chanel
1,Chanelle
1,Channdene
4,Chantal
1,Chantale
2,Chanté
6,Chantel
1,Chantell
4,Chantelle
2,Chara
1,Charbelle
2,Charis
1,Charisma
1,Charissa
1,Charisse
3,Charity
1,Charla
1,Charlaine
2,Charlee
2,Charlee
1,Charleese
5,Charleigh
1,Charlen
1,Charlene
1,Charlette
1,Charley
1,Charleze
3,Charli
9,Charlie
3,Charlise
1,Charliza
12,Charlize
27,Charlotte
4,Charly
1,Charlysse
3,Charmaine
1,Charys
3,Chase
1,Chasey
2,Chassidy
1,Chastity
1,Chatendeep
1,Chatham
1,Chavonne
1,Chaya
1,Chayah
1,Chayden
1,ChayLee
1,Chaylei
1,Chaymaa
4,Chayse
1,Chelan
1,Chelcea
31,Chelsea
5,Chelsey
1,Chelsi
2,Chelsy
1,Chen
1,Chenay
1,Chenelle
1,Cher
1,Cheresa
1,CherieLynne
1,Cherilynne
1,Cherish
1,CherishLee
1,Cheryl
1,Chesney
1,Chevon
1,Cheyanna
13,Cheyanne
1,CheyanneRayleenAaliyah
1,Cheyene
22,Cheyenne
1,Chi´
1,Chiann
1,Chianne
7,Chiara
1,Chidinma
1,Chigoa
1,Chionti
1,Chithmi
1,Chitleen
1,Chiyo
99,Chloe
4,Chloé
4,Chloë
1,ChloeAnne
1,Chloee
1,Chloée
1,Chole
4,Christa
1,Christel
1,Christelle
1,Christey
1,Christiane
1,Christianna
2,Christie
32,Christina
12,Christine
1,Christobel
1,Christy
1,Chrizel
1,Chyann
2,Chyanna
1,Chyanne
2,Cianna
1,Ciannait
13,Ciara
1,Cidney
1,Cielo
1,Cienna
1,Ciera
7,Cierra
8,Cindy
1,Cinney
1,Ciska
1,Claila
1,Clair
40,Claire
13,Clara
6,Clare
3,Clarice
1,Clarine
6,Clarissa
1,Clasina
7,Claudia
1,Claudine
1,Clavdia
1,Cleo
2,Cloe
1,Cloria
1,Cloudia
1,Cobie
1,Codi
1,Cody
1,Colbey
2,Colby
1,Colesie
2,Colleen
1,Collette
1,Colyssa
1,Constadina
1,Constance
1,Contessa
1,Cooper
8,Cora
1,Corah
2,Coral
2,Coralee
1,Corali
1,Coralie
1,CoralLee
3,Cordelia
1,Cori
1,Corilee
1,Corina
1,Corissa
1,Cornelia
2,Corrina
1,Cortney
1,Cory
1,Coryl
1,Corynn
1,Cosette
32,Courtney
1,Cree
1,Creeann
1,Creedan
1,Creesha
1,Crimson
1,Crislyn
1,Cruz
1,Crysta
8,Crystal
1,Cyan
1,Cydnee
8,Cynthia
1,Daci
1,Dacia
1,Daedrie
1,Daeghan
1,Daelene
1,Daelin
4,Daelyn
1,DaeLynn
1,Daelynn
1,Daelynne
1,DaeShana
1,Dafna
1,Dagmar
3,Dahlia
1,Daija
1,Dailiana
1,Dailynn
1,Daira
1,Daisha
5,Daisy
1,Daiya
1,Dajsha
1,Dakkota
1,Dakoda
33,Dakota
1,Dalaney
1,Dalayna
1,Dalena
1,Daley
2,Dalia
1,Daliah
3,Dallas
1,Dallis
1,Dally
1,Daly
1,Dalya
1,Dalyce
11,Dana
1,Danaca
8,Danae
2,Danaya
1,Dané
1,Danei
2,Danelle
2,Dani
1,Dania
16,Danica
1,Danice
1,Danie
8,Daniela
6,Daniella
48,Danielle
19,Danika
1,Daniley
1,DaniquaCaydence
1,Danison
3,Danna
1,Dannan
1,Dannaya
3,Danni
1,Dannia
1,Dannica
1,Dannie
1,Danté
4,Danya
2,Danyka
1,DaPanga
5,Daphne
1,Daphney
4,Dara
2,Darah
1,Daras
1,Darbi
4,Darby
1,Darcella
1,Darci
1,Darci
2,Darcie
1,Darcy
1,Daria
3,Darian
3,Darien
1,Darilyn
3,Darlene
1,DarraAnn
1,Darragh
4,Darrah
1,Darrian
2,Daryl
2,Dasha
1,Dashanti
1,Davanna
1,Daveena
5,Davina
1,Davis
1,Davonté
5,Dawn
1,Dawna
1,Dawnica
4,Dawson
1,Dawsyn
1,Daxton
2,Daya
1,Dayanna
1,Dayleighn
2,Daylin
3,Daylyn
1,Dayn
5,Dayna
1,Daynien
1,Dayton
1,Dayza
5,Deanna
1,Debbie
1,Debora
2,Deborah
1,Debra
1,Deepali
1,Deeya
1,Deirdre
1,Deklynn
3,Delaina
1,Delaine
1,Delainee
1,Delaiza
1,Delanee
30,Delaney
1,Delayna
1,Deleani
1,Delesha
1,Delia
1,Deliah
2,Delilah
1,Delrae
2,Demaris
1,Demi
3,Denae
1,Denai
1,Denali
1,Denasia
1,Denay
1,Denayah
1,Deneille
1,Deni
1,Denica
3,Denise
1,Denisha
1,Denista
1,Denna
2,Denya
1,Denym
1,Derek
1,Derinda
1,Desarae
1,Desaray
3,Desirae
1,Desiray
10,Desiree
1,Desireé
2,Desirée
1,Désirée
1,Desma
1,Dessa
1,Desteny
2,Destiney
1,Destini
24,Destiny
1,Devan
1,Devin
5,Devon
1,Devonne
1,Devorah
1,Devvyn
5,Devyn
2,Devynn
1,Dezarias
1,Dezirae
1,Deziree
1,Dezray
1,Dhanika
1,Dharsana
1,Dhavneet
1,Dia
8,Diana
5,Dianne
1,Diedra
1,Diljot
1,Dilpreet
1,Dilyn
1,Dilynn
1,Dimetra
1,Dimitria
1,Dina
1,Dineka
1,Dinna
1,Diona
1,Dior
1,Dipinder
1,Dirina
1,Disha
1,Divjot
1,Divora
1,Divyjot
2,Dixie
3,Diya
1,Doaa
1,Doah
1,Doha
5,Dominique
2,Donna
1,Dora
1,Doreen
1,Dorian
1,Dorielle
1,Doroteiana
2,Dorothy
1,Dounya
1,Dove
1,Dovleen
1,Drae
1,Draven
1,Drea
1,DreAnna
1,Dreanna
5,Drew
1,Dreya
1,Dru
1,Drue
1,Dua
1,Duaà
1,Dureti
1,Duriya
1,Dustyne
1,Duyen
6,Dylan
1,Dylana
1,DylanAlexandria
1,Dylann
1,Dyllan
1,Dylon
1,Eagle
1,Easton
1,Eboney
1,Ebony
1,Ebtehage
3,Echo
1,Echoe
1,Eda
1,Edan
19,Eden
1,Edie
1,Edina
4,Edith
1,Edma
1,Edom
2,Edyn
1,Eera
1,Eesha
1,Ehra
1,Eideann
3,Eileen
1,Eileigh
1,Eilidh
1,Eilis
1,Eílísh
1,Ekamvir
1,Eknoor
1,Ela
1,Elahe
4,Elaina
3,Elaine
1,Elan
1,Elana
1,Elandra
1,Elanna
1,Elanor
2,Elayna
1,Elcie
1,Elda
4,Eleanor
1,Eleazandra
1,Electra
1,Eleena
12,Elena
1,Eleonor
1,Elese
1,Elethia
1,Elexie
1,Elexis
1,Elexus
1,Elia
1 Élia
2,Eliana
1 Éliane
1 Élianne
1,Elicia
1,Elina
1,Eliona
1,Eliot
3,Elisa
4,Elisabeth
17,Elise
3 Élise
4,Elisha
2,Elissa
1,Elita
1,Elivia
9,Eliza
1,Elizabete
87,Elizabeth
1,Elizah
1,Elizjia
144,Ella
1,Ellaine
1,EllaJayne
11,Elle
1,Elleisha
1,Elleiya
7,Ellen
1,Ellery
1,Ellexia
1,Elley
1,Elleytte
1,Elli
11,Ellie
3,Elliot
1,Elliott
1,Ellisha
1,Ellona
1,Ellora
1,Elly
2,Elma
1,Elmira
2,Elodie
1,Elody
7,Elora
1,EloraDanan
2,Elouise
1 Élouise
2,Elsa
1,Elshia
2,Elsie
1,Elvera
1,Elvina
10,Elyse
2,Elysha
1,Elyshia
1,Elysia
5,Elyssa
1,Elyze
2,Ema
2,Emaan
1,Emalee
3,Eman
1,Emann
1,Embarka
1,Ember
1,EmberLynn
3,Emelia
2,Emelie
2,Emelyn
2,Emerald
1,Emeren
2,Emerson
1,Emersynn
4,Emery
1,EmeryVictoria
1,Emese
2,Emi
2,Emiko
4,Emilee
1,Emileen
1,Emileigh
2,Emiley
1,Emili
3,Emilia
12,Emilie
1 Émilie
1,Emillie
1,Emilly
258,Emily
1,EmilyAnn
1,EmilyAnne
1,EmilyMarie
1,Emina
272,Emma
1,Emmajay
1,EmmaJoan
1,EmmaLeah
4,Emmalee
3,EmmaLee
2,EmmaLeigh
1,EmmaLisa
1,EmmaLynn
1,EmmaMae
2,EmmaMarie
1,Emmanuella
1,Emmanuelle
1,EmmaRae
1,Emme
3,Emmeline
1,Emmersyn
1,Emmilyn
1,Emmo
4,Emmy
1,Emory
1,Emry
1,Enette
1,Enna
1,Enyce
1 Éowyn
1,Erdine
1,Ereka
28,Erica
5,Ericka
34,Erika
1,Erikah
1,Erikka
47,Erin
1,Erina
1,Erinn
1,Ernestine
2,Eryka
3,Eryn
2,Erynn
1,Erynne
3,Esha
1,Eshaal
3,Eshal
2,Esme
1,Esmé
1,Essabella
1,Essi
1,Essie
1,Estel
2,Estella
1,Estelle
17,Esther
1,Estrella
2,Ethne
1,Eulleya
1,Euna
21,Eva
1,Evalien
1,Evalyn
1,Evan
1,Evana
2,Evangeline
1,Evann
1,Evanne
1,Evanthia
11,Eve
1,Eveangelina
1,Eveie
1,Evelina
16,Evelyn
1,Evelyne
2,Evelynn
1,Evelynne
1,Eveneve
1,Everhett
1,Evita
1,Evvia
1,Evyan
1,Eyram
1,Eyrica
1,Ezinne
1,Ezrae
1,Fadya
1,Fae
1,Faedra
1,Faelena
1,Faina
59,Faith
1,Faiza
1,Falena
4,Fallon
2,Falyn
1,Faoja
4,Farah
1,Farida
1,Fariha
4,Farrah
2,Fatema
10,Fatima
1,Fatimah
2,Fatma
1,Fauna
3,Fawn
1,Faydra
3,Fayth
2,Faythe
1,Fazila
1,Feather
1,Feaven
1,Feiyunn
3,Felicia
2,Felicity
1,Feonilla
1,Fern
1,Fia
1,Finah
5,Finley
1,Finn
1,Finnley
9,Fiona
1,Fiorella
1,Fira
1,Fiza
1,Flora
1,Florence
1,Folashadé
1,Fosia
3,Frances
3,Francesca
1,Francis
1,Franciska
1,Franka
1,Frédérique
1,Freedom
1,Fresta
2,Freya
2,Freyja
2,Frieda
1,Fuzuki
1,Fyn
1,Fynivarra
1,Gabby
1,Gabriel
9,Gabriela
1,Gabriele
1,Gabriell
24,Gabriella
1,GabriellaLaine
51,Gabrielle
1,Gagan
1,Gaganpreet
1,Gage
1,Galina
1,Gayatri
1,Ge
1,Geanna
1,Geena
1,Gelsey
1,Gemini
8,Gemma
1,Gena
1,Genene
1,Geness
1,Genessie
1,Genève
1,Genevie
10,Genevieve
3,Geneviève
2,Genna
1,Genviève
31,Georgia
1,GeorgiaLee
1,Georgiavee
6,Georgina
1,Geralynn
1,Geri
1,Gertrude
1,Getruda
1,Ghadah
1,Ghalyah
2,Gia
1,Giada
1,Gill
13,Gillian
2,Gina
1,Ginelle
1,Ginette
2,Ginger
1,Giordana
1,Giorgia
1,Giovanna
3,Giselle
2,Giulia
1,Giwa
1,Glasha
5,Gloria
1,Glory
127,Grace
1,GraceAnn
1,GraceAnne
2,Gracelyn
1,GraceLynn
1,Gracen
1,Gracey
1,Graci
2,Gracia
1,Graciana
23,Gracie
1,Graciela
1,GracieLee
1,Graciella
1,Gracii
1,Gracin
1,GracyLynn
1,Graeci
1,Grasyn
1,Gratiana
2,Grayce
2,Graycee
1,Graycen
1,Graycin
1,Graysen
2,Greer
4,Greta
1,Grey
1,Greyce
1,Griffin
1,Guinevere
1,Gurjot
1,Gurkanwal
3,Gurleen
1,Gurman
1,Gurneer
1,Gurneet
1,Gurnoor
1,Gurshan
1,Gursimran
1,Gurvir
2,Gwen
1,Gwendalyn
4,Gwendolyn
1,Gwenfryn
1,Gwenivere
1,Gwenna
2,Gwenyth
3,Gwyneth
1,Gypsy
1,Hadence
2,Hadia
1,Hadiqa
1,Hadiya
1,Hadley
1,Haeley
2,Hafsa
1,Hafsah
1,Hafza
1,Haidr
1,Haifa
1,Hailea
8,Hailee
143,Hailey
1,HaileyFaith
6,Hailie
1,Haille
1,Hailley
4,Haily
1,Haiqa
1,Hajra
1,Hakena'Lei
1,Hala
1,Halee
1,Haleema
1,Halen
2,Halena
51,Haley
4,Hali
1,Halie
4,Halima
2,Halimah
1,Halina
1,Halinka
1,Halla
12,Halle
1,Hallé
1,Hallee
1,Halli
9,Hallie
1,Hally
1,Halona
1,Han
8,Hana
1,Hanaa
3,Hanah
1,Hanan
27,Hanna
175,Hannah
1,HannahLee
1,HannahMarie
1,Harini
1,Harjap
2,Harjot
1,Harkhrit
1,Harkhushi
1,Harkiran
1,Harlee
9,Harleen
4,Harley
1,Harly
2,Harman
1,Harmani
1,Harmnoy
1,Harmonie
10,Harmony
1,Harneet
1,Harnish
1,Harnoor
1,Harrah
1,Harriet
1,Harsanj
1,Harshdeep
1,Harsheen
1,Harshika
1,Harsimran
1,Harsimrat
1,Haruna
1,Haruyo
1,Hattie
1,Havanna
3,Haven
5,Hayden
1,Haylea
9,Haylee
1,Hayleigh
1,Haylene
42,Hayley
1,Hayli
4,Haylie
1,Hazea
10,Hazel
14,Heather
1,HeavenLeigh
4,Heba
1,Heediya
17,Heidi
1,Heizel
2,Helaina
1,Helanna
11,Helen
5,Helena
2,Helene
1,Hema
1,Hend
1,Henna
1,Hennesey
1,Hennessey
2,Hera
1,Hermela
1,Hermon
1,Hesther
1,Heyab
4,Hiba
1,Hickory
1,Hikaru
2,Hilary
2,Hilda
1,Hillary
1,Himanshi
1,Hina
1,Hira
1,Hirah
1,Hiywot
1,Hlena
1,Hoi
1,Holland
1,Hollie
1,Hollis
25,Holly
1,HollyAnne
2,Honey
1,Hong
27,Hope
1,Hopelene
1,HopeTeanna
1,Howrah
1,Huba
1,Huda
1,Hudson
1,Hudsyn
1,Hulaina
1,Humayrah
1,Humna
4,Hunter
1,Huriyyah
1,Husan
1,Hyacinth
1,IannaLee
1,Ibitamuno
3,Ida
1,Idman
1,Ikraam
2,Ikram
1,Ila
1,Ilhaam
1,Ilina
1,Illyria
1,Ilona
1,Ilora
1,Imaara
4,Iman
1,Imani
1,Imogen
1,Indeca
1,Indeep
2,India
1,IndiaMarie
1,Indiara
1,Indigo
1,Indra
1,Indy
1,Indya
1,Ingrid
1,Inji
1,Inna
1,Inshirah
1,Iola
1,Ione
1,Iraya
1,Ireene
5,Ireland
1,Irellan
1,Irelyn
2,Irelynn
1,Irena
2,Irene
3,Iris
1,Isa
22,Isabel
5,Isabela
2,Isabell
97,Isabella
63,Isabelle
1,Isadora
1,Isaiah
2,Isha
1,Ishaal
1,Ishana
1,Ishia
1,Ishika
1,Ishimwe
2,Isis
3,Isla
1,Islie
3,Isobel
1,Isráa
1,Israel
1,Issma
2,Isyss
1,Ivana
1,Ivory
12,Ivy
1,Iyla
2,Izabel
3,Izabela
14,Izabella
1,Izabelle
1,Izraea
1,Izzabelle
1,Jacelyn
1,Jacelynn
7,Jacey
1,Jaci
1,Jacie
1,Jackie
2,Jacklyn
3,Jaclyn
1,Jacoba
1,Jacobi
1,Jacqualine
8,Jacqueline
2,Jacquelyn
25,Jada
2,Jadah
54,Jade
1,Jadé
2,Jadee
1,Jadelyn
8,Jaden
1,Jadey
1,Jadeyn
2,Jadia
1,Jadica
1,Jadie
6,Jadyn
1,Jadynn
1,Jadzia
1,Jae
1,Jaeanna
2,Jaeda
5,Jaedyn
5,Jael
1,Jaelee
1,Jaelene
1,Jaelin
10,Jaelyn
1,Jagvinder
1,Jahleesa
1,Jahsyna
1,Jaicey
7,Jaida
2,Jaide
4,Jaiden
1,Jaidence
4,Jaidyn
1,Jaila
1,Jailee
2,Jailyn
2,Jailynn
6,Jaime
2,Jaimee
3,Jaimie
1,Jaimsey
2,Jaina
1,Jaira
1,Jaityn
1,Jaizelle
1,Jakoby
1,Jakovi
1,Jalayna
1,Ja'leeine
1,Jalen
3,Jalena
1,Jallyssa
4,Jalyn
2,Jalynn
1,Jamelia
1,Jameson
1,Jami
1,Jamica
23,Jamie
1,JamieLee
1,Jamielyn
1,Jamieson
3,Jamila
7,Jana
5,Janae
1,Janai
1,Jananne
1,Janasha
2,Janay
4,Janaya
2,Janaye
12,Jane
2,Janeen
2,Janell
11,Janelle
7,Janessa
4,Janet
2,Janey
1,Janice
2,Janie
1,Janine
1,Janique
1,Janki
6,Janna
1,Janny
1,Jantelle
1,Januki
1,Japreet
1,Jaquelyn
1,Jaqui
1,Jarilyn
1,Jasen
1,Jasiah
1,Jasjeet
1,Jaskeerat
9,Jasleen
6,Jasmeen
7,Jasmin
1,Jasmina
57,Jasmine
2,Jasmyn
1,Jasmyne
2,Jasneet
1,Jasnoor
2,Jasper
1,Jassica
1,Jassie
1,Jasvir
1,Jattdeyah
1,Javenna
1,Javiera
1,Jawahir
2,Jaxon
3,Jaya
1,Jayana
5,Jaycee
1,Jaycelyn
2,Jayci
1,Jaycie
1,Jayd
22,Jayda
1,Jaydan
1,Jaydanne
1,Jaydasin
6,Jayde
23,Jayden
1,Jaydenn
2,Jaydyn
1,Jayel
3,Jayla
2,Jaylee
1,Jayleen
1,Jaylen
5,Jaylene
7,Jaylin
1,Jaylon
2,Jaylyn
1,JayLyn
3,Jaylynn
1,JayLynn
2,Jaylynne
5,Jayme
3,Jaymee
2,Jaymie
6,Jayna
1,Jayne
1,Jaynie
1,Jazanne
1,Jazbey
1,Jazlin
2,Jazlyn
1,Jazlynn
5,Jazmin
1,Jazmine
6,Jazmyn
1,JazmynNeveah
1,Jazzlee
1,JazzLynn
1,J'dyn
1,Jealisé
4,Jean
1,Jeana
1,Jeanessa
1,Jeanne
1,Jeannette
1,Jeannie
1,Jeena
1,Jehan
1,Jehn
1,Jeileigh
3,Jelena
1,Jélena
1,Jelina
1,Jelyssa
1,Jemini
2,Jemma
2,Jena
1,Jenaday
2,Jenae
1,Jenan
1,Jenavieve
6,Jenaya
1,Jenée
1,Jenefa
1,Jeneil
2,Jenelle
1,Jenessa
1,Jeneva
1,Jeneviéve
1,Jeni
1,Jenice
1,Jenielle
1,Jenifer
1,Jenika
1,Jenine
105,Jenna
1,Jennafer
2,Jennah
1,JennahAnn
1,Jenneal
1,Jennessa
1,Jenniah
2,Jennie
35,Jennifer
1,Jennika
1,Jennisa
9,Jenny
1,Jeorgia
1,Jera
1,Jeralainah
1,Jerelyn
1,Jeremae
1,Jeremelle
1,Jeremy
1,JeriAnn
1,Jericka
3,Jerika
1,Jernaius
1,Jerrica
1,Jerricah
5,Jersey
1,Jersie
1,Jerzy
1,Jesa
1,Jesica
3,Jeslyn
1,JesLynn
4,Jessa
1,Jessalyn
1,Jessalyne
1,Jessalynn
4,Jesse
1,Jessenia
1,Jessi
145,Jessica
1,JessicaEstrella
18,Jessie
1,Jessielyn
1,Jessika
1,JessiLynn
2,Jesslyn
2,Jessy
1,Jessyca
1,Jetta
6,Jewel
1,Jewell
1,JewelLeah
1,Jewellee
1,Jexyn
1,Jhe
1,Jhoanna
1,Jia
1,Jiayue
2,Jill
26,Jillian
1,Jimi
2,Jina
1,Jinnaya
1,Jinoo
1,Jiselle
3,Jiya
2,J'lyn
1,J'Lyn
1,J'Lyne
2,J'lynn
1,J'Lynn
1,J'Nay
2,Joan
1,Joana
1,Joane
2,Joanna
5,Joanne
1,Jobe
1,Jocelle
27,Jocelyn
1,Jodecy
1,Jodee
3,Jodi
1,Jodie
3,Jody
1,Joee
1,Joeletta
1,Joelissa
7,Joelle
2,Joey
1,Johanna
2,Joleen
2,Jolene
7,Jolie
1,Joline
1,Jomelyn
2,Jonah
1,Jonelle
1,Jonessa
1,Joni
1,Jonnie
66,Jordan
9,Jordana
1,Jordanna
1,Jordanne
1,Jordayna
1,Jordelle
2,Jorden
1,Jordhan
1,Jordie
1,Jordin
2,Jordon
36,Jordyn
4,Jordynn
1,Jordynne
1,Joren
1,Jorga
1,Jorianna
1,Jorie
1,Jorilyn
29,Jorja
1,Joroel
1,Jorunn
1,Jory
1,Joryn
1,Josaphen
1,Joscelyn
1,Josée
1,Joselyn
1,Josephina
9,Josephine
11,Josie
1,Josina
2,Joslyn
2,Josslyn
1,Jotpreet
2,Journey
1,Journie
1,Jovana
1,Jovanpreet
1,Jovie
1,Jowayria
5,Joy
6,Joyce
1,Joylin
1,Joylynne
2,Jozee
1,Jozelyn
1,Jozlyn
1,Juanita
1,Jubilation
1,Jubilee
1,Judieth
5,Judith
8,Judy
1,Judzia
1,Jueun
1,Juileanna
2,Jules
92,Julia
1,Juliah
9,Juliana
1,Juliane
1,Juliann
9,Julianna
7,Julianne
18,Julie
1,Julieann
2,Julieanna
1,JulieAnna
1,Julieanna
1,JulieAnne
1,Julieanne
1,Julienne
4,Juliet
6,Juliette
1,JulietteFrançoiseMarie
1,Julina
1,Julissa
1,Jullia
1,Jumana
1,Jummana
2,Juna
2,June
7,Justice
6,Justina
13,Justine
1,Justis
2,Justyce
1,Jyaree
1,Jyleece
1,Ka
1,KaalyAnn
1,Kaathleen
2,Kacey
1,KaceyLynne
1,Kachelle
1,Kaci
3,Kacie
1,KacieRae
2,Kacy
1,Kadampreet
1,Kadance
1,Kaden
27,Kadence
1,Kadey
2,Kadi
1,Kadriye
3,Kadyn
1,Kadynce
1,Kae
1,Kaedance
3,Kaedence
1,Kaeidyn
4,Kaela
1,Kaelan
1,Kaelani
2,Kaeleigh
1,Kaelen
1,Kaeley
2,Kaeli
1,Kaelie
2,Kaelyn
4,Kaelynn
1,Kaenna
1,Kaetana
1,Kaetlyn
1,Kahlan
1,Kahlia
1,Kai
3,Kaia
2,Kaida
3,Kaidance
5,Kaidence
2,Kaidyn
1,Kaila
7,Kailee
1,Kaileigh
26,Kailey
2,Kaili
2,Kailie
2,Kailin
1,KaillieAnne
2,Kaily
6,Kailyn
2,Kailynn
2,Kaira
1,Kairi
1,Kairose
1,Kaisa
1,Kaisey
2,Kaisha
1,Kaitie
14,Kaitlin
1,Kaitlind
97,Kaitlyn
4,Kaitlynn
1,Kaiulani
6,Kaiya
2,Kaja
1,Kajal
2,Kala
3,Kalea
1,Kaleah
1,Kalee
1,Kalei
12,Kaleigh
1,Kaleigha
1,Kalena
1,Kalesha
5,Kaley
10,Kali
1,Kaliegh
1,Kaliesha
1,Kalikidan
1,Kalima
1,Kalinda
1,Kalisa
3,Kalista
2,Kaliya
1,Kalley
5,Kalli
1,Kallie
1,Kallista
1,Kally
1,Kaltie
1,Kalus
1,Kaly
1,Kalyce
1,Kalyiah
1,Kalyna
1,Kalynah
1,Kalysia
2,Kalyssa
1,Kalysta
1,Kamali
1,Kamand
1,Kamara
2,Kamaya
1,Kamilla
1,Kamille
1,Kamina
16,Kamryn
1,Kanchandeepkaur
1,Kanisha
1,Kansas
1,Kansie
1,Kansis
1,Kanyon
1,Kanze
1,Kaori
1,Kapricia
18,Kara
2,Karalee
1,Karamjot
1,Kareema
1,Kareena
14,Karen
2,Kari
1,Karigan
8,Karina
1,Karis
1,Karisa
1,Karishma
6,Karissa
1,Karista
1,Karizma
5,Karla
8,Karlee
1,Karleigh
1,Karlena
1,Karlene
2,Karley
5,Karli
4,Karlie
1,Karlin
4,Karly
1,Karma
1,Karman
1,Karmell
1,Karmyn
1,Karrie
2,Karris
1,Karsen
2,Karsyn
1,Karya
1,Karylanne
2,Karyna
1,Karynna
4,Karys
2,Karyssa
2,Kasandra
4,Kasey
1,Kasha
1,Kashya
3,Kasia
4,Kasidy
1,Kasie
1,Kasondra
6,Kassandra
1,Kassia
1,Kassiandra
1,Kassidi
14,Kassidy
3,Kassie
1,Kassydi
1,Katalena
2,Katalin
4,Katana
2,Katanna
7,Katarina
1,Kataryna
1,Katarzyna
53,Kate
1,Kateka
4,Katelin
48,Katelyn
1,KateLyn
11,Katelynn
1,Katelynn
1,Katera
1,Kateri
2,Katerina
1,Katey
1,Kathaleen
2,Katharina
2,Katherin
50,Katherine
1,KatherineMay
2,Katheryn
11,Kathleen
1,Kathrina
1,Kathrine
22,Kathryn
2,Kathryne
1,KathrynSkye
2,Kathy
1,Katia
1,Katiana
1,Katianna
34,Katie
1,KatieMarie
1,Katina
1,Katlin
1,Katlyne
26,Katrina
2,Katy
2,Katya
2,Kaur
2,Kawthar
1,Kay
3,Kaya
1,Kayah
1,Kayanna
2,Kaycee
1,Kayci
1,Kaycie
1,Kaycilynn
3,Kaydance
1,Kaydee
9,Kayden
26,Kaydence
1,Kaydince
1,Kaydn
1,Kaye
81,Kayla
1,KayLa
1,KaylaAnn
1,Kaylah
2,Kaylan
1,KaylaRae
2,Kayle
3,Kaylea
30,Kaylee
1,KayleeNoel
15,Kayleigh
1,KayLeigh
2,Kaylen
9,Kayley
2,Kayli
14,Kaylie
3,Kaylin
2,Kaylina
1,Kayllie
1,Kayln
5,Kaylyn
2,Kaylynn
1,Kaysa
2,Kaysia
1,Kaytan
1,Kaytana
2,Kaytlin
2,Kaytlynn
1,Kayzia
1,Kazlan
1,Kea
2,Keaira
1,Ke'aira
1,Kealani
1,Kealey
6,Keana
2,Keandra
6,Keanna
1,KeannaEmilyElizebeth
7,Keara
1,Kearna
1,Kearra
1,Keaton
1,Keauna
1,Keay
1,Keegan
1,Keeghan
1,Keelei
11,Keeley
1,Keelin
5,Keely
3,Keelyn
1,Keelynn
1,Keena
1,Keersten
1,Keeyn
2,Keiara
1,Keila
2,Keilah
1,Keily
1,Keilyn
41,Keira
2,Keirah
1,Keiran
1,Keirin
1,Keiron
1,Keirsen
1,Keirsten
1,Keirstin
9,Keisha
1,KeishaLeigh
1,KeishaLynne
1,Keitha
1,Kelby
1,Kelea
1,Keleigh
1,Kellen
1,Kelli
19,Kelly
1,KellyAnn
11,Kelsey
1,Kelsie
3,Keltie
1,Kelty
2,Kenadie
1,Kenanah
1,Kenda
4,Kendal
4,Kendall
1,Kendel
1,Kendell
1,Kendie
31,Kendra
5,Kendyl
2,Kendyll
1,Kenedie
1,Kenedy
1,Keneisha
1,Kenia
1,Kenita
1,Kenley
12,Kenna
2,Kennady
1,Kenndra
3,Kennedi
56,Kennedy
2,Kensey
1,Kensie
1,Kensington
1,Kenton
4,Kenya
10,Kenzie
1,Keona
3,Kera
2,Keri
1,Keriah
1,Keris
1,Kermora
1,Kerowna
2,Kerri
1,Kerrigan
1,KerriLyn
1,Kersti
1,Kerstin
1,Kesaly
2,Kesha
1,Keshna
1,Keslyn
1,Kess
1,Kesse
1,Kesstyn
1,Kestyn
1,Ketura
1,Kevin
1,Kevyna
2,Keyana
3,Keyanna
2,Keyara
1,Keyerra
1,Keyla
2,Keylee
1,Keyna
1,Keysha
1,Kezia
2,Keziah
1,Khadejah
2,Khadijah
1,Khalaya
1,Khansaa
1,Khaviya
2,Khloe
1,Khrystyna
1,Khushdeep
2,Khushi
2,Khushleen
1,Khushmeen
1,Khushmeet
1,Khushneet
1,Khushpreet
1,Khylee
1,Khyler
1,Kia
1,Kiah
3,Kiahna
1,Kialey
26,Kiana
1,Kiandra
20,Kianna
1,Kianya
31,Kiara
5,Kiarra
1,Kiarya
2,Kieara
1,Kiela
1,Kiella
1,Kiena
34,Kiera
3,Kieran
13,Kierra
7,Kiersten
1,Kierstin
1,Kierstyn
1,Kieryn
1,Kiesha
1,Kieu
1,Kilea
6,Kiley
2,Kim
1,KimAngel
1,Kimberlee
1,Kimberlie
15,Kimberly
1,KimberlyTwila
1,Kimiko
1,Kimora
1,Kinda
1,Kindi
1,Kindra
1,Kindrie
1,Kinley
1,Kinsley
1,Kinzie
33,Kira
1,KiraAnne
2,Kiran
1,Kiranveer
2,Kiri
1,Kirra
17,Kirsten
5,Kirstin
1,Kirstina
1,Kirti
1,Kisa
1,Kismatjit
1,Kismet
4,Kitana
1,Kitanna
1,Kitara
1,Kittanna
2,Kiya
1,Kiyla
1,Kiyomi
1,Kiyra
1,Kjanna
1,Kjersti
2,Klara
1,Klear
1,Klemans
2,Kloe
1,Kloee
1,Klover
1,Koailoach
1,Koan
1,Kobee
1,Koby
1,Kodi
1,Kody
1,Koko
1,Kolbi
1,Kolbie
1,Kole
2,Komal
1,Konnor
2,Kora
1,Korah
1,Koral
1,KoraLee
1,Koralyn
2,Kori
1,Koridawn
1,Korrie
1,Kortnee
1,Kourtney
1,Kreedence
1,Krimson
4,Krista
1,Kristal
1,Kristalee
1,Kristel
1,Kristelle
14,Kristen
1,Kristi
1,Kristian
1,Kristiana
6,Kristin
12,Kristina
1,Kristine
1,Kristjanna
4,Kristy
2,Kristyn
1,Kritika
1,Krivinie
1,Krymsen
6,Krystal
1,Krystee
1,Krystin
1,Krystle
1,Krystra
1,Krystyna
1,Ksenya
1,Kushi
2,Kwynn
7,Kya
4,Kyah
3,Kyana
1,Kyanna
3,Kyara
1,Kycha
1,Kyden
1,Kye
1,Kyha
1,Kyia
34,Kyla
1,KylaAnn
3,Kylan
1,Kylar
1,Kylea
1,Kyleah
6,Kylee
4,Kyleigh
1,Kylen
1,Kyler
2,Kyley
1,Kylia
42,Kylie
1,KylieRhesa
1,Kylla
1,Kymara
1,Kymura
1,Kyndal
36,Kyra
1,Kyrah
4,Kyrie
1,Kyrra
2,Kyrsten
1,Kyrstin
1,Kyryn
1,Laana
1,Lace
8,Lacey
1,Lachelle
2,Lacy
1,Lael
1,Laell
1,Laetitia
1,Laiba
1,Laibah
2,Laila
1,Laina
1,Laine
2,Lainee
1,Lainey
2,Lainie
1,Lakaisha
1,Lakeisha
1,Lakinia
1,Lakiya
1,Lakota
1,Lakshmi
1,Lam
1,Lamees
1,Lamia
1,Lan
5,Lana
2,Lanaya
2,Landis
1,Landry
1,Landys
1,Lane
1,Lanesha
1,Lanie
1,Lanna
7,Lara
1,Larae
1,Laraib
1,Laramie
1,LaRenn
2,Larisa
19,Larissa
1,LarissaMae
1,Lark
1,Laryssa
2,Lashay
1,Lataea
1,Lataiya
1,Latasha
1,Latecia
5,Latisha
1,Latisia
2,Latoya
1,Launa
35,Laura
1,LauraLee
1,Laurane
1,Laurei
9,Laurel
105,Lauren
1,Laurisa
1,Laurissa
10,Lauryn
1,Lavina
1,Laya
1,Layal
12,Layla
3,Layna
2,Lazaya
7,Lea
1,Léa
58,Leah
1,Leala
1,Leana
1,Leandra
2,Leann
2,Leanna
6,Leanne
1,Leannedra
1,Lebin
1,LeeAndra
2,Leeanne
1,Leelah
1,Leemah
1,Leen
2,Leena
1,Leera
1,Leeya
1,Leeyah
2,Leia
2,Leigha
1,Leighton
1,Leijah
4,Leila
1,Leilah
2,Leilani
1,Leiloni
1,Leisel
1,Lela
1,Lemonee
9,Lena
1,Lenae
1,Lenaisha
1,Lenea
1,Leniann
1,Lenna
3,Leona
1,Leonaline
1,Leonette
1,Leshya
1,Lesley
5,Leslie
1,Letaya
1,Leteisha
1,Leticia
1,Letishia
1,Levana
2,Lexa
9,Lexi
6,Lexie
1,Lexington
4,Lexis
1,Lexiss
8,Lexus
1,Lexy
1,Leya
2,Lia
1,Liah
1,Liane
1,Lianne
1,Libbey
2,Libby
2,Liberty
1,Lidia
1,Lidya
1,Lila
1,Lileata
3,Lilia
2,Lilian
2,Liliana
1,Liliane
1,Lilie
2,Lilith
1,Lilla
2,Lillia
23,Lillian
2,Lillianna
1,Lillie
1,Lillith
10,Lilly
1,Lillyx
60,Lily
1,Lilya
1,Lilyan
1,Lilyana
2,Lilyanna
1,LilyRose
8,Lina
8,Linda
1,Linden
1,Lindley
16,Lindsay
9,Lindsey
1,Lindy
1,Linh
1,Linnae
6,Linnea
3,Linnéa
1,Linsey
1,Liora
1,Liryc
13,Lisa
1,Lisbeth
1,Lita
4,Liv
4,Livia
1,Liyana
2,Liza
1,Loami
3,Logan
1,Loghan
1,Logine
1,Logynn
3,Lois
2,Lola
1,Loleini
3,London
3,Lora
2,Loralei
1,LorannaLyn
1,Loreen
1,Lorelai
1,Lorelei
1,Lorenza
5,Lori
1,Loriane
1,Loriann
1,Lorissa
3,Lorna
1,Lorraine
1,Loryle
1,Lotus
1,Louina
2,Louisa
1,Louise
1,Lourdes
1,Lové
1,Lovina
1,Lowza
1,Luca
1,Lucia
1,Luciana
1,Lucianne
3,Lucie
1,Lucielle
1,Lucille
1,Lucinda
13,Lucy
1,Lucynda
1,Luisa
1,Luiza
3,Lujain
1,Luka
1,Lula
2,Luna
1,Lundenne
1,Lura
1,Lyan
1,Lyanne
1,Lycia
14,Lydia
1,Lyla
1,LylaMae
1,Lynaia
1,Lynda
1,Lyndsay
1,Lyndsy
1,Lynn
1,Lynsey
1,Lyric
1,Lyrrik
1,Lysa
1,Maaike
1,Mabinty
1,Mac
1,Macalia
2,Macey
1,Machenzie
4,Macie
2,Mackayla
1,MacKena
1,Mackena
1,Mackenie
1,Mackenize
6,Mackenna
3,MacKenna
2,Mackenzee
1,Mackenzi
85,Mackenzie
18,MacKenzie
1,Maclaren
1,MacLean
1,Maconellea
1,Macrina
10,Macy
1,Madaisia
1,Madalyn
1,Madalynn
1,Madalynne
1,Madden
3,Maddie
1,Maddigan
13,Maddison
1,Maddisyn
1,Maddyx
2,Made
1,Madeena
5,Madelaine
9,Madeleine
40,Madeline
16,Madelyn
1,Madelynn
1,Madelynne
1,MadelynRose
1,Madhavi
1,Madhumita
3,Madilyn
1,Madilyne
2,Madilynn
1,Madilynne
2,Madina
3,Madisen
229,Madison
1,MadisonRae
3,Madisson
5,Madisyn
1,Madysan
1,Madysen
9,Madyson
1,Mae
1,Maeda
3,Maegan
1,Maegen
1,Maeghen
1,Maeryn
4,Maeve
1,Magalie
2,Magdalen
2,Magdalena
2,Magdalene
1,Magellan
12,Maggie
1,Maghan
1,Magna
3,Maha
1,Mahakpreet
1,Mahala
1,Mahalah
1,Mahayla
1,Maheen
1,Mahnoor
1,Mahvash
1,Mai
17,Maia
1,Maïa
1,Maidah
1,Maidot
2,Maija
1,Maïka
1,Maile
1,Maille
1,Maira
1,Maisie
1,Maisun
1,Maisyn
2,Maja
3,Makaela
1,Makana
2,Makaya
46,Makayla
2,MaKayla
1,Makaylie
6,Makena
27,Makenna
3,MaKenna
1,Makensie
9,Makenzie
1,Makenzy
1,Makesha
1,Makya
1,Malad
4,Malaika
1,Malaina
6,Malak
3,Malaya
1,Malayeka
1,Maleena
1,Maleisha
1,Mali
4,Malia
1,Malica
1,Malika
1,MalikaSerenity
1,Malina
2,Maliya
1,Mallak
1,MallakWadad
1,Mallori
5,Mallory
1,Mamaylia
1,Mamie
1,Manal
1,Mandela
1,Mandelyn
1,Mandeq
1,Mandi
1,Mandy
1,Manisha
1,Manissa
2,Manjot
1,Mannat
1,Mannoor
1,Manorama
1,Manreet
1,Mansaanj
1,Manshika
1,Mansi
1,Manuela
1,Manveet
1,Maple
2,Mara
1,Marae
1,Marcella
1,Marea
1,Mareah
6,Maren
1,Marena
1,Marenn
1,Maretta
1,Margareet
8,Margaret
1,Margaretha
1,Margariet
1,Marguerite
1,Margureth
2,Mari
39,Maria
1,María
1,MariaFernanda
15,Mariah
14,Mariam
1,Marian
1,Marianne
1,MariaRosa
10,Marie
1,MarieAnne
1,MariePier
1,MarieSoleil
1,Marija
2,Marijke
2,Marika
1,Marilyn
7,Marin
14,Marina
1,Marion
8,Marisa
32,Marissa
1,Marium
1,Mariz
1,Marjolaine
3,Marjorie
1,MarkaizaLee
1,Markayla
1,Marlea
1,Marleah
4,Marlee
3,Marlene
6,Marley
1,Marlo
1,Marlowe
1,Marly
1,Marlyn
1,Marnie
4,Martha
1,Marthalynn
1,Martika
3,Martina
1,Marty
1,Marwah
41,Mary
1,Marya
3,Maryam
1,Maryana
1,Maryann
1,Maryem
1,MaryJane
1,MaryJo
1,Marylynn
4,Maryn
3,Maryssa
1,Maryum
1,Marzia
1,Maschil
1,Masey
1,Mashall
1,Masoka
3,Mason
1,Massilya
5,Mataya
1,Matayah
3,Matea
1,Matia
1,Matija
1,Matilda
1,Matraca
2,Mattaya
6,Mattea
1,Matthea
2,Mattia
1,Mattie
1,Mattison
1,Mattya
2,Maude
1,Mavleen
1,Maxeen
48,Maya
1,Mayà
2,Mayah
1,Mayar
1,Maybelline
1,MayCee
1,Mayer
1,Maygan
1,Maymuna
1,Mayne
1,MaysaaMohamed
2,Maysen
1,Maysoon
1,Maytaporn
1,Mayte
1,Mayzie
1,Mc
1,McKayla
1,Mckayla
15,McKenna
7,Mckenna
1,McKensie
1,McKenzee
7,McKenzie
2,Mckenzie
1,McKenzy
2,McKinley
1,McKinna
1,Mea
5,Meadow
9,Meagan
1,Meagen
6,Meaghan
1,Meaghen
2,Meah
1,Meccana
1,Medea
2,Medina
2,Medow
1,Medyna
1,Meegan
2,Meeka
1,Meekena
2,Meena
2,Meera
2,Meg
112,Megan
1,Mégane
1,Meggan
2,Meggie
1,Megha
23,Meghan
1,Meghana
1,Megumi
1,Megyn
4,Mehak
1,Mehar
1,Meharpreet
1,Mehek
1,Mehnaaz
1,Mehreen
1,Mehzabeen
1,Mei
1,Meighan
1,Meighen
1,Meiher
3,Meika
1,Mekenna
1,Mekhi
1,Melana
1,Melaney
20,Melanie
1,Mélanie
1,Melannah
1,Melaya
1,Melayna
1,Melayne
1,Meleah
3,Melia
1,Meliah
3,Melina
1,Melinda
1,Melisa
26,Melissa
1,MellisaFaith
8,Melody
1,Memarie
2,Meranda
1,Mercede
22,Mercedes
1,Mercedz
1,Mercey
1,Mercury
1,Mereia
1,Merek
1,Meriam
1,Merissa
1,Merribell
1,Merryn
1,Meryam
1,Meryn
1,Meryssa
1,Meta
1,Meysey
1,Mhairi
44,Mia
1,MiaBrigitte
1,Miah
1,Miaka
4,Micaela
1,Micaelah
1,Micaeliah
9,Micah
1,Miccaella
12,Michaela
2,Michaella
1,Michaenna
3,Michayla
3,Micheala
3,Michela
35,Michelle
1,Mieke
1,Miel
1,Mier
1,Miika
3,Miikka
1,Miila
2,Mika
6,Mikaela
1,Mikaila
1,Mikala
33,Mikayla
1,MiKayla
1,MikaylaLynn
1,Mikenna
1,Mikhaela
1,Mikhaella
2,Mikhayla
1,Miki
2,Mikka
1,Mïkka
1,Mikkaila
1,Miko
1,Mikoto
1,Miku
1,Mikyla
16,Mila
2,Milan
3,Milana
1,Milania
1,Milanne
1,Milena
1,Milica
1,Milla
1,Millena
2,Milly
4,Mina
2,Minahil
1,Minal
1,Mindy
1,Minea
1,MinhVy
1,Minna
1,MinnatAllah
1,Minnie
3,Mira
19,Miranda
1,Mirella
2,Mireya
2,Miri
1,Miriah
5,Miriam
2,Mischa
3,Misha
2,Mishaela
2,Mishal
1,Mistlalaina
4,Misty
1,Mitayah
1,Mitski
6,Miya
1,Miyanna
1,Mogenjak
4,Moira
1,Moka
1,Mollee
1,Mollen
1,Molli
1,Mollie
12,Molly
1,Momina
4,Mona
1,Monet
8,Monica
1,Monika
4,Monique
1,MoniRoth
1,Montana
1,Moraya
1,Morayo
92,Morgan
3,Morganne
1,Morgen
1,Morghan
1,Morgyn
1,Moriah
1,Morianna
1,Morley
1,Morningsong
1,Morsal
1,Moskan
1,Muira
1,Mulan
1,Mumthaz
1,Muna
1,Muneeza
1,Munynyimkuc
1,Muren
1,Muriel
1,MusauBenita
1,MusauShekinah
5,Muskaan
3,Muskan
47,Mya
1,Mýa
1,MyaBrook
6,Myah
1,Mycayla
1,Myckaila
1,Myeka
1,Myia
2,Myka
1,Mykaela
1,Mykaila
5,Mykayla
1,Mykenna
6,Myla
1,Mylan
1,Mylene
1,Myles
1,Mylie
1,Mynoah
2,Myra
1,Mystery
1,Mysty
1,Nabihah
1,Nabila
1,Nada
1,NadahReem
1,Nadaisha
1,Nadene
17,Nadia
10,Nadine
1,Nadya
1,Nagisa
1,Nahal
1,Naife
1,Naiha
2,Naima
1,Nairobi
1,Naisha
1,Najeeba
1,Najwa
1,Nakai
1,Nakaily
1,Nakayla
1,Nakesha
2,Nakita
1,Nakosha
1,Nalaina
1,Namila
1,Namitha
1,Nanah
4,Nancy
1,Nankanja
1,Nansea
1,Nansy
38,Naomi
1,Nara
1,Narelle
1,Nari
1,Nariya
1,Narveen
1,Nasayah
1,Nashea
1,Nasrene
1,Nataeya
4,Natalee
1,Nataleigh
20,Natalia
47,Natalie
9,Natalya
1,Natania
2,Natanya
26,Natasha
2,Natashia
2,Nataya
1,Natehya
3,Nathalie
1,Nathalya
1,Nathania
1,Natsuki
1,Nature
1,Navada
1,Navandeep
1,Navaria
1,Naveena
1,Navleen
1,Navreet
1,Navy
1,Nawall
1,Naxhia
1,Naya
1,Naydine
1,Nayha
1,Nayyab
1,Nazeema
1,Neanila
1,Neassa
1,Neesha
1,Neeva
7,Neha
1,Nehjoni
1,Neige
1,Neko
2,Nelia
1,Nella
3,Nellie
3,Nelly
1,Nerayah
1,Neshanel
1,Neteja
1,Neva
1,Nevaah
4,Nevada
17,Nevaeh
1,Nevaeha
1,Neve
2,Neveah
1,Ngan
1,Ngila
2,Ngoc
1,Nhi
1,Nhien
1,Nhumay
3,Nia
1,Niah
1,Niamh
1,Niayesh
1,Nicalynn
2,Nichole
1,Nickolla
1,Nicky
2,Nicola
59,Nicole
3,Nicolette
1,Nicolle
1,Nida
1,Nigel
1,Nigella
1,Nika
1,Nikala
1,Nikaneet
1,Nikesha
1,Niki
3,Nikita
1,Nikka
2,Nikki
1,NikkoLi
1,Nikola
1,Nikole
1,Nikya
1,Nila
1,Nilab
1,Nilah
1,Nilufer
1,Nilya
1,Nimisha
1,Nimrit
1,Nimue
1,Nimuë
9,Nina
1,Nishika
1,Nithya
2,Niya
1,Niyah
1,N'Keayah
1,Nmarg
1,Noah
1,Nobel
1,Noél
9,Noelle
1,Nolen
1,Noli
1,Noopur
5,Noor
1,Nooralhouda
1,Noorarshdeep
1,Noorfatima
1,Nooria
1,Noorkamel
1,Noorpreet
1,NoorUlAnne
7,Nora
12,Norah
1,NoraJane
2,Noreen
4,Nour
3,Nova
3,Novalee
1,Nowshin
2,Nuha
1,Nur
6,Nya
1,Nyabol
1,Nyachade
1,Nyachol
1,Nyagai
1,Nyaguich
9,Nyah
1,NyahDawn
1,Nyakier
1,Nyakueth
2,Nyakuoth
1,Nyakurthe
1,Nyalat
1,Nyaletni
1,Nyaling
1,Nyalow
1,Nyanath
1,Nyankier
1,Nyarac
1,Nyariak
1,Nyaruach
1,Nyasia
1,Nyathiech
1,Nyemuon
1,Nykesha
5,Nyla
1,Nylah
1,Nylanna
1,Nyomie
2,Nyssa
1,Oakley
6,Ocean
1,Océane
1,Oceania
2,Oceanna
2,Odessa
1,Oella
1,Ojalpreet
1,OksanaMaria
1,Ola
1,Olea
1,Olena
3,Olive
149,Olivia
1,Oluwakare
1,Oluwasayo
1,Oluwatoni
1,Olyvia
1,Omama
1,Onawa
1,Ondrah
1,Onestie
1,Oona
1,Opal
1,Ore
1,Oriana
1,Orion
1,Oriya
1,Oryanna
1,Osean
1,Osheanna
1,Oskya
1,Osnat
1,Paetyn
110,Paige
1,Paighton
1,Pairs
2,Paisley
1,Paiton
1,Paityn
1,Paizley
1,Paje
2,Palak
1,Palesa
1,Pallavi
1,Pallma
1,Palwinder
1,Pamalpreet
2,Pamela
1,Panphila
20,Paris
1,Parjeet
6,Parker
3,Parneet
1,Parveen
1,Pascale
1,Passion
2,Patience
1,Patrica
5,Patricia
1,Patrycja
1,Paula
1,Pauletta
6,Paulina
2,Pauline
1,Pavandip
2,Pavneet
2,Paxyn
1,Payal
3,Payge
1,Paytan
1,Payten
36,Payton
1,Paytton
2,Paytyn
1,Peaches
1,PeggySue
1,Pei
2,Peighton
1,Penny
1,Peri
1,Perodi
1,Persaya
2,Persephone
2,Petra
1,Petrina
1,Peyj
1,Peyten
32,Peyton
1,Phaedra
1,Pheobe
1,Pheobeeann
1,Pheonix
1,Pheonyx
1,Philamena
1,Philumena
7,Phoebe
6,Phoenix
2,Phyllis
2,Pia
18,Piper
1,PiPon
1,Pkao
1,Polina
1,Poni
1,Poppy
1,Porche
3,Portia
1,Prabhleen
1,Prabhnoor
1,Prabhreet
1,Prableen
1,Prairie
7,Precious
2,Preet
1,Prerna
3,Preslee
9,Presley
1,Pressly
1,Prestan
1,Prianka
4,Princess
1,Priscella
1,Priscila
5,Priscilla
2,Pritika
7,Priya
2,Pyper
1,Quanalee
1,Queyonnee
2,Quiana
1,QuincyAnn
1,Quinéa
1,Quinlan
9,Quinn
1,QuinnTaylor
1,Quinzie
1,Quynlan
1,Quynn
1,Qwynn
1,Rableen
7,Rachael
4,Racheal
73,Rachel
1,Rachelana
1,Rachele
6,Rachelle
1,Racquelle
1,Radha
1,Raeanna
2,Raeanne
1,Raeden
1,Raedon
9,Raegan
1,Raegen
1,Raeghan
1,RaeLee
1,RaeLeigh
1,Raeley
3,Raelyn
3,Raelynn
1,RaeLynn
1,Raeton
1,Raeven
1,Rahaf
1,Rahat
1,Raheena
1,Rahnay
1,Raighn
1,Raimee
4,Rain
4,Raina
3,Raine
1,Rainna
1,Raistlin
1,Rajvir
1,Rakda
1,Rakiya
1,Rameen
1,Rameet
1,Rameezah
1,Ramisa
1,Ramma
1,Ramsay
1,Rana
4,Randi
1,Randilee
1,RandlynnaRose
1,Rane
1,Rania
1,Rannah
2,Ranya
9,Raquel
1,Raquél
1,Raquelle
1,Rattaninder
1,Ravdeep
1,RaveenKaur
9,Raven
1,Ravin
1,Ravndeep
1,Ravneet
1,RawanAbraheem
5,Raya
2,Rayah
3,Rayan
1,RayanAbd
2,Rayann
3,Rayanne
1,RayAnne
1,Rayden
1,Raydin
2,Raye
1,Rayell
1,Rayelle
1,Rayleen
1,Rayleigh
1,Raylene
1,Rayly
9,Rayna
1,Raynah
6,Rayne
1,Rayvin
1,Rayzilee
1,Razan
5,Reagan
2,Reagen
1,Reaghan
4,Reanna
3,Reanne
1,Réanne
1,Rebbekkah
2,Rebeca
68,Rebecca
1,RebeccaMae
2,Rebecka
12,Rebekah
2,Rebekkah
1,Rechelle
1,Rediate
7,Reece
4,Reegan
1,Reeha
2,Reem
2,Reema
15,Reese
1,Reet
1,Reeya
1,Reeyan
9,Regan
1,Regena
1,Reghan
1,Regina
1,Rehaam
1,Reham
1,Rehnaz
1,Reighley
1,Reilly
2,Reina
1,Remal
1,RemiMarie
1,Remington
1,Ren
2,Rena
2,Renae
2,Renata
1,Rendene
1,Rene
4,Renee
3,Renée
1,Reneigh
1,Renita
1,Reya
1,Reyan
1,Reyhana
1,Rhaine
1,Rhakia
1,Rhayna
5,Rhea
1,Rheagyn
1,RheaLee
2,Rheanna
2,Rheanne
1,Rheya
2,Rhian
7,Rhiannon
2,Rhoda
1,Rhubab
1,Rhyann
1,Rhylan
1,Rhylee
1,Rhylie
1,Rhys
1,Rhyse
1,Rhythm
6,Ria
2,Rian
1,Riann
3,Rianna
1,Rianne
1,Riayn
1,Ricaela
1,Ricca
1,Richael
2,Richelle
1,Rickelle
1,Ricki
1,RickiAnn
1,Rida
1,Ridleigh
2,Ridley
1,Riealla
1,Rieley
1,Rihan
1,Rika
1,Rikell
1,Rikki
1,Rikul
2,Rilee
1,Rileigh
26,Riley
2,Rilyn
1,Rinoa
2,Rio
1,Ripley
1,Risa
2,Rita
1,RitaAnne
3,River
1,Rivka
5,Riya
1,Roanne
1,Roary
3,Roberta
6,Robin
16,Robyn
1,Robynn
2,Rochelle
1,Rockley
1,Rodas
1,Roderica
1,Roewyn
2,Rola
1,Romaisa
1,Romanda
1,Romeesa
2,Romy
1,Ronia
1,Ronica
1,Ronnie
2,Rori
1,Rorie
4,Rory
3,Rosa
1,Rosabelle
3,Rosanna
1,Rosca
3,Rose
1,Rosela
1,Roselynn
1,RoseMarie
1,Rosemary
1,Rosha
1,Roshea
1,Rosheen
1,Roshney
1,Rosi
1,Rosie
18,Rowan
1,Rowen
1,Rowenna
1,Rowyn
1,Roxanna
2,Roxanne
1,Roxy
1,Rubab
1,Rubie
17,Ruby
1,Ruhi
1,Rumaisa
1,Ruo
1,Rupali
1,Rupam
1,Rupinder
1,Russecetta
9,Ruth
1,Ruthanne
2,Ruthie
1,Rya
6,Ryan
6,Ryann
1,Ry'ann
1,Ryanna
1,RyAnne
1,Ryanne
1,Rybbon
1,Ryder
1,RyderDayne
1,Ryeleigh
1,Ryen
1,Ryenne
1,Ryilee
3,Rylan
2,Rylea
34,Rylee
4,Ryleigh
2,Rylen
7,Ryley
9,Rylie
2,Rylyn
2,Rylynn
1,Rym
1,Saadurya
1,Saara
1,Saba
1,Sabaashukra
1,Sabbiqa
1,Sabeen
2,Sabina
1,Sabine
1,Sable
1,Sabree
1,Sabrin
16,Sabrina
1,Sacha
1,Sachi
2,Sadaf
1,Sadee
1,Sadey
21,Sadie
2,Safa
2,Safia
2,Safiya
20,Sage
1,Sagelyne
1,Sahaana
2,Sahana
1,Sahar
2,Sahara
1,Saharah
1,Sahvannah
1,Sai
1,Saidah
1,Saidie
6,Saige
1,Saima
1,Sainte
1,Saira
1,Saja
1,Sajani
1,Sajil
1,Sakastew
1,Sakura
1,Sakurako
1,Saleiah
1,Salem
2,Salena
1,Salihah
1,SalihahRuh
1,Salina
1,Sally
2,Salma
2,Salomea
1,Salvel
2,Sama
1,Saman
96,Samantha
1,SamanthaRose
12,Samara
1,Samarah
1,Sameen
1,Sami
1,Samia
1,Samira
1,Samiya
1,Sammi
1,Samrawit
5,Sana
1,Sanaa
1,Sandra
1,Sandrine
3,Sandy
1,Saniel
1,Sanja
1,Sanjna
3,Sanna
2,Santana
1,Santanika
2,Santanna
1,Santaya
1,Santera
1,Santina
4,Saoirse
1,Saphia
1,Saphina
1,Saphire
1,Saphra
1,Saphron
1,Sapphire
63,Sara
2,Sarafina
200,Sarah
1,SarahFaith
1,SarahJane
1,SarahVictoria
1,Sarai
1,Saraka
1,Saralee
1,SaraMarie
1,Sardeep
1,Sareena
1,Sarena
1,Sarene
1,Sarenity
2,Sariah
1,Sarica
2,Sarina
1,Sarisha
1,Sarita
1,Sarjana
1,Saryssa
1,Saša
1,Sascha
19,Sasha
1,SashaMarie
1,Saskia
1,Satina
1,Sativa
1,Satnam
1,Satyra
1,Sauhe
4,Savana
4,Savanah
12,Savanna
44,Savannah
1,SavannahJade
1,Savaya
1,Savina
1,Savreet
1,Sawsha
1,Sawyer
1,Saxyn
2,Saydee
3,Sayge
1,Sayia
1,Saylor
2,Scarlet
2,Scarlett
1,Schuyler
1,Schyler
2,Scotia
1,Scout
1,Seairrah
1,Seanan
5,Seanna
1,Seeret
1,Sehajman
1,Seija
2,Sejal
1,Sejwd
1,Sela
1,Sele
1,Seleena
7,Selena
8,Selina
2,Selma
1,Selynna
1,Semarity
1,Semiramis
1,Senga
2,Senna
1,Sephira
1,Sequoia
1,Serafina
1,Serejane
20,Serena
1,Serenady
1,Serenan
1,Serene
15,Serenity
1,Serenna
1,Serianna
1,Seriena
3,Serina
1,Serrae
1,Sesh
1,Sewit
1,Shabnam
1,Shade
1,Shadoe
1,Shady
8,Shae
1,Shael
2,Shaela
1,Shaelee
10,Shaelyn
6,Shaelynn
2,ShaeLynn
1,Shaganpreet
2,Shahana
1,Shahed
1,Shaheena
1,Shahla
1,Shainah
1,Shaine
1,Shainna
6,Shakira
1,Shakya
1,Shalala
2,Shaleen
1,Shalene
1,Shalina
1,Shalini
1,Shalleena
1,Shalon
2,Shalyn
1,Shalynn
1,ShamraAnn
4,Shanae
1,Shanai
1,Shanay
1,Shancey
1,Shandi
4,Shanelle
1,Shani
3,Shania
1,Shanice
1,Shanille
1,Shanine
1,Shanita
1,Shaniza
1,ShannaMae
1,Shannara
1,Shannel
1,Shannen
7,Shannon
1,Shanoa
1,Shantasia
1,Shante
1,Shantel
1,Shantina
1,Shanza
1,Sharada
2,Sharayah
1,Shardae
1,Shardelle
1,Shareena
1,Shari
1,Sharla
1,SharLee
1,Sharlene
1,Sharlize
1,Sharllette
1,Sharlyze
1,Sharmain
1,Sharon
1,Shashawna
1,Shaunie
1,Shaunti
1,Shavauna
1,Shavonna
1,Shavonne
1,Shavreen
1,Shawhista
2,Shawna
1,ShawnaLise
1,Shawnte
5,Shay
1,ShayAnn
1,Shaycelynn
6,Shaye
26,Shayla
1,Shaylah
1,ShaylaMay
1,ShaylaRae
1,Shaylea
6,Shaylee
1,Shayleen
1,Shaylena
2,Shaylene
3,Shaylyn
1,Shaylyne
9,Shaylynn
1,ShayLynn
1,ShaylynneRose
6,Shayna
3,Shayne
1,Shayntia
1,Shaza
7,Shea
1,Sheaanna
1,Sheadin
1,Sheadyn
1,Sheena
1,Shehnaz
1,Shehnoor
2,Sheila
3,Shekinah
1,Shelbee
1,Shelbi
1,Shelbie
42,Shelby
1,ShelbyLynn
1,Shella
2,Shelley
1,Shellina
1,Shelly
1,Shenae
1,Shenayah
1,Shenelle
1,Shenesy
1,Shenika
1,Shenise
2,Shenoa
2,Sheral
1,Sheraton
4,Sheridan
1,SheriLyn
1,Sherilyn
1,Sherington
4,Sherry
1,Sheynell
2,Shian
2,Shianna
2,Shianne
1,Shiela
1,Shila
1,Shile
1,Shilo
1,Shilynn
1,Shima
1,Shiraya
1,Shirin
1,Shirléah
1,Shirley
2,Shivani
1,Shlaura
1,Shook
1,Shreeya
2,Shreya
1,Shriya
1,Shubhpreet
1,Shy
1,Shyan
4,Shyann
2,Shyanna
8,Shyanne
1,ShyeRayne
6,Shyla
1,Shylah
1,ShylaHope
1,Shylene
1,Shyler
1,Shylynn
1,Shyna
1,Si
1,Sian
3,Sianna
1,Sianne
1,Siara
1,Siddiqah
12,Sidney
3,Siena
5,Sienna
1,SiennaElisa
1,Siera
52,Sierra
1,Signey
1,Sigrid
1,Sihdney
1,Sila
1,Silence
1,Silke
1,Silvanna
2,Silvia
3,Simar
1,Simarjot
1,Simmone
14,Simone
5,Simran
1,Simrandeep
3,Simrat
1,Simrit
1,Simritpal
1,Sindreya
2,Sinead
2,Siobhan
1,Siren
1,Sirena
1,Sivan
1,Sivia
1,Skaidrite
4,Sky
6,Skye
1,Skyelar
1,SkyeshaLynn
5,Skyla
1,Skylah
11,Skylar
5,Skyler
1,Skylynn
1,Snowie
24,Sofia
1,Sofía
3,Sofie
1,Soha
1,Sol
1,Solace
1,Solaiya
1,Solanah
2,Solange
1,Solara
2,Solaya
1,Soleil
1,Solène
1,Solomia
1,Solyana
1,Sommer
7,Sonia
1,Sonilia
4,Sonja
1,Sonora
2,Sonya
75,Sophia
1,SophiaGrace
57,Sophie
1,Sora
2,Soraya
1,Soren
1,Sorida
1,Soulayah
1,Sousan
1,Sparrow
2,Spencer
1,Spesuly
2,Spirit
1,Spring
1,Sreoshi
4,Stacey
1,StaceyJane
1,Stacia
1,Stacie
3,Stacy
1,Stamatoula
2,Star
1,Starla
1,Starly
1,Stasha
1,Stavroula
1,Stefania
2,Stefanie
9,Stella
30,Stephanie
2,Stéphanie
2,Stephany
1,Stephenie
2,Sterling
2,Storm
1,Suhani
1,Sukhdeep
1,Sukhjivan
1,Sukhman
1,Sukhmandeep
1,Sukhmeen
1,Sukhneet
2,Sukhroop
1,Sukhsanjam
1,Sukhvir
1,Suki
1,Sulayka
1,Sumandeep
1,Sumaya
1,Sumera
1,Summaia
25,Summer
1,Sunday
1,Sunny
1,SunnyJean
1,Sunrise
1,Supreet
1,Suraya
1,Surbhi
1,Surleen
1,Surrenity
7,Susan
3,Susana
1,Susane
4,Susanna
1,Sushmi
1,Susie
1,Susy
1,Suzan
4,Suzanna
2,Suzanne
2,Suzy
1,Sweta
1,Syarra
1,Sydne
4,Sydnee
111,Sydney
3,Sydni
5,Sydnie
1,Syeda
1,Sykora
1,Sylvana
1,Sylver
5,Sylvia
1,Sylvie
1,Symara
1,Symone
1,Syrah
1,Sy'ria
1,Tabasum
1,Tabaya
1,Tabea
6,Tabitha
1,Tabyn
1,Tacey
1,Tacita
1,Taedum
1,Taegen
1,Taelan
1,Taelyn
2,Taeya
1,Tahira
1,Tahleah
2,Tahlia
1,Tahlica
3,Taia
1,Taigan
2,Taiha
2,Taija
1,Taijah
1,Taisha
1,Tait
1,Taitum
3,Taiya
1,Takara
1,Takdeer
1,Tal
1,Tala
1,Talaina
1,Talana
1,Talayla
1,Taleah
1,Talean
1,Talena
9,Talia
2,Taliah
1,Talisa
1,Talita
1,Talitha
2,Taliya
2,Taliyah
1,Tallulah
2,Talya
1,Talyssa
1,Talyssia
1,Talyza
1,Tamaica
1,Tamana
18,Tamara
1,Tamëka
1,Tamera
1,Tameya
2,Tamia
1,Tamiá
1,Tamieka
3,Tamika
5,Tammy
1,Tammyka
1,Tamra
1,Tamryn
1,Tamunah
1,Tanaya
1,Tancy
2,Tanea
1,Taneal
1,Taneille
1,Tanesha
1,Taneshia
1,Taneysha
1,Taniesha
2,Tanika
4,Tanis
4,Tanisha
1,Tanissa
1,Tanjeet
1,Tanlee
1,Tanroop
7,Tanya
1,Tanysha
1,Tanzi
13,Tara
1,Taranveer
1,TaraShay
1,Taren
1,Tarika
1,Tarini
1,Tarryl
1,Tarryn
20,Taryn
1,Taryne
2,Tasha
2,Tashina
3,Tasia
1,Tasja
1,Tasneem
1,Tasneen
1,Tate
1,Tatem
6,Tatiana
5,Tatianna
1,Tatium
10,Tatum
4,Tatyana
2,Tatyanna
2,Taurie
2,Tavia
1,Tavneet
1,Tawfiqa
1,Tawni
1,Tawon
15,Taya
3,Tayah
1,TayahMay
1,Taycee
1,Taye
1,Taygen
6,Tayla
1,TayLa
4,Tayler
152,Taylor
1,TaylorAnn
1,Taylynn
1,Tayn
1,Taysha
2,Taytum
1,Tayva
1,Tayvin
1,Tayyeba
1,Tayza
1,Tazeeb
3,Téa
28,Teagan
1,Teagen
6,Teaghan
1,Teah
1,Teala
5,Teanna
1,Teannia
1,Teeba
2,Teegan
1,Teeya
1,Tefide
8,Tegan
1,Teghan
1,Tehannah
1,Tehgan
1,Tehreem
1,Tehryn
5,Tehya
4,Teigan
1,Teige
1,Teija
1,Teilor
1,Tejanna
1,Tekarra
1,Tekaya
1,Tekla
1,Telleah
1,Tellisa
1,Tenaya
2,Tenesha
1,Tenika
1,Tenille
1,Tennessee
1,Tenniel
1,Tennielle
1,Tennley
1,Teona
1,Tera
1,Terah
1,Terece
9,Teresa
1,Terisa
3,Terri
1,Terrian
1,TerriLynn
1,Terrilynn
1,Terryanne
2,Terryn
1,Teryl
2,Teryn
1,Tesera
1,Tesha
1,Tesla
1,Teslin
1,Teslyn
4,Tess
16,Tessa
5,Teya
1,Teyanna
1,Teylynn
1,Thaila
5,Thalia
1,ThaliaMargarita
1,Thaliya
1,Thandeka
5,Thea
1,Théa
1,TheaBelle
1,Thealla
7,Theresa
1,Therese
1,Thespina
1,Theya
1,Thi
1,Thien
1,Thiessen
1,Thoranna
1,Thorra
1,ThuyJennifer
1,Thylana
16,Tia
1,TiaHanna
1,TiaLynn
1,Tian
13,Tiana
22,Tianna
1,TiannaLynn
1,Tiansheng
4,Tiara
1,Tiarah
2,Tiarra
1,Tiba
1,Tiel
1,Tien
1,Tiera
1,Tierlyn
1,Tierney
2,Tierra
1,Tiesha
14,Tiffany
1,Tiffayda
1,TihaLynn
1,Tilaya
1,Timeaka
1,Timeana
1,Timika
9,Tina
1,Tineka
1,Tinisha
1,Tinnea
1,Tiny
1,Tiramisu
1,Tirra
4,Tirzah
2,Tisha
1,Tishaya
1,Tiyah
1,Tiyana
1,Tiyra
1,T'Keyah
1,Tobi
1,Tobin
1,Toki
1,Tomiko
1,Tomilyn
1,Tommi
1,Tomoe
1,Tongtong
3,Toni
1,Tonia
2,Tooba
1,Tora
1,Torey
20,Tori
1,Torian
1,Torie
3,Torrance
1,Torree
1,Torrence
1,Torri
1,Torrie
2,Tory
1,Toya
1,Tracey
3,Tracy
1,Trae
1,TraetinLerae
1,Tralina
1,Tran
1,Trang
1,Trayven
2,Treasure
1,Trennah
1,Trenyse
2,Tressa
1,Treva
1,Trewin
1,Treyanna
1,Tricia
2,Trina
1,Trinelle
1,Trinidy
1,Triniti
69,Trinity
1,Trinnity
1,Trinyce
2,Tripat
2,Trisha
1,Trishtin
12,Trista
2,Tristan
1,Tristanne
2,Tristen
1,Tristene
3,Tristin
2,Tristyn
1,Trivy
2,Tru
6,Trudy
1,Trula
1,Trussan
1,Trynity
1,Trysta
1,Trystan
1,Trystin
1,Trystyn
1,Tsunaya
1,Tulita
1,Tunisja
1,Turee
2,Tuscany
1,Tvisha
1,Twyla
1,Tyahna
2,Tyana
1,Tyanna
1,Tyanne
1,Tyare
1,Tycee
1,Tyeka
1,Tyera
1,Tyisha
1,Tyla
3,Tylee
1,Tyleen
1,Tylena
3,Tyler
1,TylerAnn
1,Tymena
12,Tyra
1,Tyreen
1,Tyrena
1,Ulahnda
1,Uma
1,Ume
1,Una
1,Unice
2,Unique
1,Uyen
2,Vada
1,Vaishnavi
2,Valencia
5,Valentina
2,Valeria
11,Valerie
1,Valiene
1,Valintina
1,Vallerie
1,Van
1,Vanda
1,Vanesa
25,Vanessa
1,Vani
1,Vanna
1,Vannessa
1,Varinka
1,Varunpreet
1,Veeonna
1,Vegas
1,Vena
1,Venessa
1,Vennesa
2,Vera
2,Verity
19,Veronica
1,Véronique
1,Vianna
1,Vianne
1,Vicky
60,Victoria
1,Victory
1,Victorya
8,Vienna
1,Viktoria
1,Viola
3,Violet
2,Violette
4,Virginia
8,Vivian
1,Viviana
1,Viviane
1,Vivica
1,Viviene
2,Vivienne
1,Vjosa
2,Vy
1,Wafaa
1,Wajeeha
1,Warishah
1,Warsan
1,Waverlee
1,Waverly
1,Weam
1,Wendy
1,Werda
1,Whitec
5,Whitney
1,Wijdan
16,Willow
1,Winnie
2,Winnifred
1,Winter
2,Wren
1,Wudasay
1,Wylie
1,Wynter
1,Xaena
1,Xanaca
1,Xaydee
1,Xiao
1,Xica
1,Xien
1,Xondra
1,Xue
1,Xyieda
1,Xylia
1,Yabsira
1,Yahaira
1,Yaisha
1,Yamina
1,Yanna
2,Yara
1,Yaren
1,Yasemin
1,Yashwi
4,Yasmeen
2,Yasmin
2,Yasmine
1,Yazmeen
1,Yazmine
2,Yeahlina
1,Yeira
1,Yekta
2,Yen
1,Yesha
1,Yeshe
1,Yessenia
1,Yma
2,Yolanda
1,Yousra
1,Ysabelle
1,Yshien
1,Yukine
1,Yukino
1,Yumna
1,Yumnaa
1,Yuqiao
1,Zada
1,Zahide
1,Zahira
2,Zahra
2,Zahraa
1,Zaidee
1,Zain
2,Zaina
7,Zainab
1,Zaineb
1,Zainub
1,Zakiah
1,Zakirah
1,Zakiya
1,Zalena
1,Zalia
1,Zandra
1,Zane
1,Zaneb
1,Zantelle
3,Zara
1,Zayda
1,Zaydence
2,Zaynab
1,Zéa
1,Zeda
1,Zeinab
3,Zena
1,Zenia
1,Zenny
1,Zenovya
1,Zephyr
1,Zereah
1,Zereta
1,Zeyneb
1,Zhara
1,Zhongxin
1,Zia
1,Zinab
1,Zobel
64,Zoe
2,Zoé
14,Zoë
1,Zoee
1,ZoeJhaye
12,Zoey
1,Zofia
2,Zoha
4,Zoie
1,Zona
1,Zoona
1,Zoraida
1,Zorra
1,Zowie
3,Zoya
1,Zubaida
1,Zubayda
1,Zully
1,Zuri
1,Zya