1,Aad
2,Aahna
22,Aaliyah
1,Aaliyha
1,Aallishia
1,Aamna
1,Aamvi
1,Aanya
1,Aapanii
1,Aara
2,Aaralyn
1,Aarfah
1,Aashika
1,Aatika
1,Aayan
1,Aayla
1,Aayushi
1,Abagael
4,Abagail
1,Abaleen
1,Abbagail
2,Abbee
1,Abbegail
11,Abbey
1,Abbi
6,Abbie
8,Abbigail
2,Abbigaile
3,Abbigale
1,Abbisale
39,Abby
1,AbbyGail
5,Abbygail
1,Abbygale
1,Abbygayle
1,Abby-Lyn
1,Abby-Rae
4,Abeer
2,Abegail
1,Abeni
2,Abia
1,Abida
2,Abigael
171,Abigail
1,Abigail-Rose
3,Abigale
5,Abigayle
1,Abigiel
1,Abiha
1,Abijah
1,Abira
1,Abrar
1,Abriana
1,Abuk
1,Abut
1,Abyan
2,Acacia
2,Acadia
1,Accalia
1,Acelynn
1,Achalla
2,Achol
4,Ada
1,Adacyn
1,Adaeze
1,Adahlynne
1,Adaira
1,Adalia
3,Adara
1,Adassa
1,Adasyn
1,Adayz
3,Addie
1,Addilyn
1,Addisen
127,Addison
1,Addisson
5,Addisyn
12,Addyson
1,Adel
1,Adela
4,Adelaide
4,Adele
1,Adelina
5,Adeline
1,Adell
1,Adellaide
1,Adelle
1,Adelyn
1,Adelynn
1,Adesuwa
1,Adetutu
1,Adhel
4,Adia
5,Adina
2,Adisen
11,Adison
1,Adisyn
1,Adom
1,Adreanna
5,Adria
3,Adrian
12,Adriana
14,Adrianna
3,Adrianne
1,Adriene
4,Adrienne
1,Adrijanna
1,Adrina
1,Adrinna
1,Adrionna
1,Ady
1,Adysen
6,Adyson
1,Aedan
1,Aeden
1,Aedhyn
1,Aeisha
1,Aekam
1,Aella
1,Aericka
2,Aeryn
1,Aevaeh
1,Afeefa
1,Afifa
1,Afiyah
1,Afnan
1,Afrah
1,Afrika
2,Afton
1,Agamjot
2,Aganetha
4,Agatha
1,Aguil
1,Agustina
1,Ahlora
1,Ah-Ra
2,Aida
2,Aidan
1,Aiden
4,Aidyn
1,Aidynn
1,Aijha
1,Aika
1,Aila
1,Ailena
2,Ailene
1,Ailey
1,Ai-Li
1,Ailie
3,Ailish
10,Aimee
1,Aimée
2,Aimee-Rae
1,Aina
2,Ainslee
1,Ainsleigh
26,Ainsley
1,Ainsley-Lynn
1,Ainslie
1,Aira
2,Aireanna
1,Airi
1,Aise
18,Aisha
1,Aisha-Sakhawat
1,Aishlin
1,Aisia
1,Aisinay
5,Aislin
3,Aisling
1,Aislinn
3,Aislyn
3,Aislynn
1,Aissatou
1,Aiva
1,Aivery
1,Aivia
1,Aivry
1,Aiwen
4,Aiyana
1,Aiyla
1,Aiylya
2,Aiza
1,Aizah
1,Aiza-Marie
1,Aja
1,Ajak
1,Ajayha
1,Ajessni
1,Ajia
1,Ajla
1,Ajulo
1,Akaelyn
1,Akaia
1,Akam
1,Akasha
1,Akeira
1,Akera
1,Aki
1,Akima
2,Akira
1,Akisa
1,Akisha
1,Akiyah
1,Akoi
1,Akon
1,Akshita
1,Akuage
1,Aku-Miishee
1,Akuol
1,Akur
1,Akylis
1,Alaa
2,Alaina
1,Alamea
16,Alana
1,Alanah
13,Alanna
3,Alannah
2,Alara
1,Alast
1,Alat
1,Alaud
1,Alauna
1,Alayah
7,Alayna
1,Alba
1,Alberta
1,Albertina
1,Albertine
1,Alcina
3,Alea
3,Aleah
1,Alec
2,Aleeah
1,Aleeha
1,Aleen
8,Aleena
1,Aleera
1,Aleesa
1,Aleeshya
3,Aleeza
1,Aleiah
1,Aleida
1,Aleigha
1,Aleina
3,Aleisha
4,Alejandra
1,Alek
1,Aleksa
1,Aleksandra
8,Alena
1,Alenya
1,Alese
2,Alessa
6,Alessandra
3,Alessia
1,Alethea
8,Alex
51,Alexa
1,Alexah
61,Alexandra
1,Alexandra-Kate
2,Alexandrea
24,Alexandria
1,Alexandrina
1,Alexandrite
1,Alexandrya
3,Alexi
9,Alexia
2,Alexie
104,Alexis
1,Alexsis
3,Alexus
1,Alexys
1,Aleya
1,Aleysiah
1,Alfreda
1,Ali
2,Alia
1,Aliah
1,Alian
1,Aliana
12,Alice
18,Alicia
1,Alicia-Abah
1,Alicia-Shakeira
1,Aliciya
1,Alida
1,Aliegha
1,Alienna
1,Alieth
10,Alina
1,Alinda
2,Aline
3,Alisa
1,Alise
1,Alisen
12,Alisha
1,Alisha-Grayce
2,Alishba
2,Alisia
1,Aliska
1,Alisma
17,Alison
13,Alissa
1,Alisson
1,Alivea
8,Alivia
1,Alix
1,Alixandria
5,Aliya
17,Aliyah
1,Aliysha
2,Aliza
1,Alizah
1,Alizeh
1,Alla
1,Allajwedd
1,Allana
1,Allayis
1,Allayna
1,Alle-Ann
3,Allegra
1,Alleianna
1,Alleigh
1,Allen
1,Alleya
3,Alli
1,Alliah
6,Allie
29,Allison
1,Alliyah
1,Alloya
8,Ally
1,Allyandra
1,Ally-Anna
1,Allyna
1,Allyse
1,Allysha
7,Allyson
3,Allyssa
2,Alma
1,Almelian
1,Almira
4,Alora
1,Alorah
3,Althea
1,Althiana
3,Aluel
1,Alveera
1,Alveira
1,Alvi
1,Alwyne
1,Aly
2,Alyanna
1,Alyeesha
1,Alyiah
1,Alyra
1,Alysa
1,AlysaBelle
2,Alysah
1,Alysar
1,Alyse
8,Alysha
1,Alysha-Mae
2,Alysia
7,Alyson
112,Alyssa
1,Alyssa-Dawn
1,Alyssandra
2,Alysse
1,Alysson
3,Alyvia
1,Alyx
1,Ama
1,Amaanat
1,Amada-Joelle
1,Amaia
5,Amal
2,Amalia
1,Amaliya
2,Amanat
26,Amanda
2,Amani
1,Amanjot
1,Amanney
2,Amar
9,Amara
1,Amarachi
2,Amarah
1,Amarantha
1,Amare
1,Amari
1,Amaria
2,Amaris
1,Amarisa
3,Amaya
32,Amber
1,Ambereen
1,AmberLee
1,Amberlee
1,Amber-Lee
1,Amberlin
1,Amber-lynn
1,Ambrys
1,Amdelyn
1,Ameah
1,Amedee
2,Ameena
2,Ameera
1,Ameila
1,Ameilia
59,Amelia
1,Ameliah
5,Amelie
6,Amélie
1,Amelita-Rose
3,Amena
1,Amenah
1,Amenda
1,Amenetta
1,Amera
1,Amerae
1,America
1,Americous
1,Amery
1,Amestris
1,Amethyst
2,Amiah
1,Amie
1,Amiede
1,Amielyn
1,Amii
1,Amilea
1,Amilia
1,Amilie
1,Amilyn
1,Amilynn
8,Amina
1,Aminah
7,Amira
3,Amirah
1,Amiria
1,Amisha
1,Amitda
1,Ammaarah
1,Ammalee
1,Ammara
1,Ammat
1,Ammi
4,Amna
1,Amora
1,Amoryn
1,Amra
1,Amrey
1,Amri
4,Amrit
1,Amritvir
1,Amtul
1,Amtul-Shafi
55,Amy
2,Amya
1,Amy-Anne
1,Amy-Lee
2,Amy-Lynn
1,Amy-Rose
1,Amyryn
1,An
7,Ana
1,Anabel
1,Anabella
3,Anabelle
1,Anahatt
1,Anais
1,Anaiyah
1,Anaka
1,Anakate
1,Anakena
1,Analea
1,Analiese
1,Analise
1,Anamta
1,Anannya
1,Anantara
1,Ananya
1,Anara
1,Anaruth
1,Ana-Sofia
1,Anasophia
1,Anastacia
15,Anastasia
1,Anastasiya
1,Anastazja
1,Anasthasia
1,Anatasia
1,Anavrin
9,Anaya
1,Ande
5,Andi
7,Andie
1,Andisha
1,Andraya
31,Andrea
1,Andréa
1,Andrea-Anna
1,Andrea-Issabela
1,Andrea-Jean
1,Andreea
1,Andreea-Stephanie
1,Andreonna
1,Aneeka
1,Aneesa
1,Aneesha
1,Aneka
1,Aneli
1,Anelia
1,Anesa
1,Aneya
1,Angalie
20,Angel
14,Angela
1,Angela-Ning
1,Angeleanna
1,Angelena
1,Angelene
9,Angelica
1,Angelika
27,Angelina
2,Angeline
5,Angelique
1,Angeliqué
1,Angellica
1,Angely
1,Angelyn
2,Angelynn
1,Angil
1,Angy
1,Ani
2,Ania
1,Aniesha
19,Anika
1,Anikea
1,Anikka
1,Anilise
1,Anilla
2,Anisa
1,Anise
5,Anisha
2,Anissa
2,Anita
1,Aniyah
1,Anja
1,Anjali
1,Anjeleen
1,Anjelika
1,Anjli
1,Anjolaoluwa
1,Anjolie
2,Anmol
3,Ann
113,Anna
2,Annabel
1,Annabell
6,Annabella
13,Annabelle
1,Annaeka
1,Anna-Jade
1,Anna-Jayne
1,Anna-Klara
1,Annaley
1,Annalie
2,Annaliese
1,Annaliesse
1,Annalina
2,Annalise
1,Annalisse
1,Annalyn
1,Anna-Lynn
1,Anna-Maria
2,Anna-Marie
1,Anna-Molly
1,Anna-Monique
1,Annastasia
1,Annastassia
7,Anne
1,Anne-Frédérique
1,Anneka
1,Annelie
1,Anneliese
1,Annelin
2,Annelise
1,Annely
1,Annelyka
1,Anne-Sophie
2,Anni
1,Annica
14,Annie
1,Annie-Jo
1,Anniesse
44,Annika
1,Annora
1,Anny
1,Annya
1,Anoop
1,Anora
1,Anosh
1,Anosha
2,Anouk
1,Ansam
1,Antarcia
1,Antoleana
1,Antonella
1,Antonia
1,Antonieta
1,Anuoluwapo
1,Anurag
1,Anureet
1,Anushka
1,Anwen
21,Anya
1,Anyanka
1,Anyshka
1,Anyssa
1,Aolani
1,Apple
10,April
1,Aprillia
1,Apuk
1,Aputu
1,Aqua
1,Aquila
2,Ara
4,Arabella
1,Arabelle
1,Araceli
1,Aradyn
1,Arafat
2,Aralyn
1,Aralynn
1,Araminta
1,Arash
1,Arashpreet
1,Arayah
1,Arayleah
1,Ardelle
7,Arden
2,Areeba
6,Areej
2,Arek
1,Ares
1,Aretha
2,Arham
1,Arhiana
8,Aria
2,Ariah
1,Ariam
1,Arian
23,Ariana
4,Ariane
28,Arianna
1,Aríanna
1,Arianne
1,Ariba
1,Arie
17,Ariel
1,Ariela
1,Ariella
6,Arielle
2,Aries
1,Arij
3,Arika
2,Arisha
1,Arishma
1,Arissa
1,Arista
2,Ariya
1,Ariyam
1,Ariyonna
1,Arley
1,Arlin
1,Arman
1,Arneet
1,Arnesa
1,Arnieka
1,Arooj
1,Arowyn
1,Arrianna
1,Arrington
1,Arrishta
1,Arsema
1,Arsh
1,Artea
1,Artina
1,Aruba
1,Arunima
2,Arushi
1,Arwa
1,Arwah
4,Arwen
3,Arwyn
2,Arya
1,Arya-Lyn
1,Aryam
1,Aryann
1,Aryanna
1,Aryauna
1,Aryn
1,Arzly
1,Arzoon
1,Asala
1,Asayda
1,Aseel
1,Aselin
9,Asha
1,Ashanti
1,Ashia
1,Ashiah
1,Ashimedualim
1,Ashira
1,Ashlea
5,Ashlee
1,Ashleen
8,Ashleigh
67,Ashley
1,Ashley-Paige
1,Ashley-Rae
2,Ashlin
23,Ashlyn
13,Ashlynn
1,Ashmeen
2,Ashmeet
1,Ashmin
6,Ashton
2,Ashtyn
1,Ashtynn
1,Ashya
1,Ashyka
1,Asi
9,Asia
1,Asia-Marie
1,Asiris
2,Asiya
4,Asma
2,Asmaa
13,Aspen
1,Aspyn
1,Assal
1,Assietou
1,Assunta
1,Astha
1,Astria
3,Astrid
1,Aswa
1,Asya
1,Asyja
1,Atara
1,Atarjot
1,Ataya
1,Ateena
1,Athel
7,Athena
1,Athenia
2,Athina
1,Atisha
1,Atley
1,Atya
7,Aubree
15,Aubrey
1,Aubri
1,Aubriana
1,Aubrianna
2,Aubrie
1,Aubry
1,Aubry-Lynn
1,Auburn
1,Audree
28,Audrey
1,Audriana
2,Audrina
5,August
1,Augusta
1,Augustina
1,Aulona
1,Aunesty
1,Aunika
1,Aura
1,Aura-Mae
1,Aurela
1,Aurelia
1,Aurélie
1,Aurellia
1,Auriella
31,Aurora
1,Auryah
2,Austin
4,Austyn
3,Autum
1,Autum-Marie
52,Autumn
1,Autumn-Rae
1,Autym
1,Auxsana
247,Ava
1,Avaani
1,Ava-Anne
1,Ava-Grace
3,Avah
1,Avaia
1,Ava-Lauren
1,Avalee
2,Ava-Lee
1,Avalene
2,Avalin
3,Avalon
3,Avalyn
1,Ava-Marie
2,Avangeline
1,Avani
2,Ava-Rae
1,AvaRay
1,Avaree
1,Avarey
1,Avari
1,Avarie
1,Ava-Shay
2,Avaya
1,Avayah
1,Avea
1,Aveah
1,Aveda
1,Avee
1,Aveguel
1,Aveleigh
1,Avelina
1,Avelle
2,Avelynn
2,Aven
2,Averey
9,Averi
5,Averie
118,Avery
1,Averyann
1,Aveya
1,Avia
1,Aviah
1,Aviana
2,Avianna
1,Aviendha
1,Avigail
1,Avila
1,Avineet
3,Aviva
1,Avmeira
1,Avneet
1,Avory
1,Avreen
1,Avrey
1,Avriel
6,Avril
2,Avy
1,Avye
1,Avyn
1,Awa
1,Awnika
10,Aya
1,Ayaan
3,Ayah
1,Ayana
4,Ayanna
3,Ayat
1,Aychie
1,Ayda
8,Ayden
7,Ayesha
22,Ayla
1,Ayla-Belle
4,Aylah
1,Ayleah
1,Aymara
1,Aymen
1,Ayobami
1,Ayra
1,Ayrian
1,Ayrionna
1,Ayriss
1,Aysa
4,Aysha
2,Aysia
1,Ayslin
1,Ayslyn
1,Ayudo
1,Ayumi
1,Ayuot
2,Ayushi
6,Ayva
3,Ayvah
1,Ayvlin
1,Ayvrielle
1,Ayza
1,Ayzlyn
1,Azaelea
1,Azalea
1,Azaria
1,Azelynn
1,Azilina
1,Azka
1,Azlin
1,Azmina
3,Azra
1,Azriah
1,Azucena
1,Azusa
1,Baany
1,Bahareh
2,Bailee
40,Bailey
1,Baili
1,Balroop
1,Balsam
1,Balsharan
1,Banisha
1,Bannin
1,Bannor
1,Bao
1,Baraa
2,Barbara
1,Barbaralynn
1,Barbra
1,Barleen
1,Barra'a
1,Baryah
1,Basnoor
2,Batool
1,Batseba
1,Bayla
5,Baylee
2,Bayleigh
1,Bayley
2,Baylie
7,Beatrice
1,Béatrice
2,Beatrix
2,Beatriz
1,Beautiful
1,Beautifull
1,Beaza
1,Beckett
1,Beisha
1,B'Elanna
1,Belén
1,Belicia
2,Belinda
15,Bella
1,Bellamie
1,Bella-Rose
3,Belle
1,Benazir
3,Benita
1,Benni
1,Bennice
1,Beretta
3,Berkley
2,Berlin
1,Berlyn
1,Bernice
1,Bershabe
1,Bete
4,Beth
1,Bethanee
1,Bethann
1,Beth-Anne
17,Bethany
1,Bethel
3,Betty
2,Beverly
1,Bevone
1,Bhavanjeet
1,Bhavjot
1,Bhumika
12,Bianca
1,Bianca-Rose
1,Bianka
1,BiBi
1,Bigoa
1,Bilan
1,Billee
5,Billie
1,Billi-Joe
1,Billy
1,Bindi
1,Birkley
1,Birsvtar
1,Bishara
2,Bisma
4,Blair
2,Blake
1,Blakely
1,Blane
1,Blen
1,Blessie
1,Blessing
1,Blythe
1,Bodinya
2,Bonnie
1,Boston
1,Brae
1,Braelyn
1,Braidy
2,Brailin
2,Brandi
1,Brandie
1,Brandyn
1,Braylin
1,Brazil
4,Brea
1,Breah
1,Brealyn
1,Breana
1,Breanika
2,Breann
27,Breanna
8,Breanne
1,Breaz
1,Breaze
1,Breckyn
14,Bree
1,Breeana
1,Breeanna
1,Breeghan
1,Breelin
1,Breena
1,Breeya
1,Breigha
4,Brenda
17,Brenna
1,Brennalyn
1,Brennin
1,Breshna
1,Bret
1,Bretlyn
1,Breton
2,Brett
1,Brettan
1,Brettlyn
1,Brettney
1,Breyenne
1,Breylynn
6,Bria
1,Briah
4,Briana
59,Brianna
1,Briannah
7,Brianne
3,Briar
12,Bridget
1,Bridgett
5,Bridgette
1,Bridgitte
1,Brie
1,Brieanna
1,Briella
22,Brielle
1,Brienna
1,Brienne
1,Brighton
3,Brigitte
1,Brilyn
2,Brinlee
3,Brinley
1,Brinnly
1,Briony
1,Briseis
1,Bristol
1,Britannia
1,Britlynn
1,Britney
3,Brittany
1,Britten
1,Brittlyn
1,Brittney
1,Brityn
1,Britynn
1,Briyanna
1,Brodey
2,Brodie
2,Brody
1,Brody-Lynn
2,Bronwen
5,Bronwyn
7,Brook
138,Brooke
3,Brookelyn
1,Brooke-Lyn
2,Brookelynn
1,Brooke-Lynn
1,Brooke-Lynne
1,Brooklian
149,Brooklyn
2,Brooklyne
39,Brooklynn
1,Brook-lynn
4,Brooklynne
1,Brunella
2,Bryanna
1,Bryanne
1,Bryar
2,Bryce
2,Brylee
7,Bryn
1,Brynja
1,Brynley
28,Brynn
1,Brynne
1,Brynnlee
1,Brytnee
1,Bushra
1,Butterfly
1,Cabri
1,Caci
1,Cade
34,Cadence
1,Cady
1,Cadynce
1,Cael
1,Caelije
5,Caelyn
1,Cahli
1,Caidence
1,Cailee
3,Caileigh
3,Cailey
1,Caili
2,Cailie
2,Cailin
2,Cailyn
1,Caiome
1,Caitanna
1,Caitlen
21,Caitlin
1,Caitlín
23,Caitlyn
1,Cale
1,Calee
4,Caleigh
1,Caleigh-Ann
1,Calen
12,Cali
1,Calia
1,Calie
1,Calieann
2,Calissa
3,Calista
1,Calita
1,Calla
1,Callan
1,Callee
6,Calleigh
4,Calli
1,Callia
22,Callie
1,Callie-Ann
2,Calliegh
1,Callie-Jo
1,Calliope
3,Callista
3,Cally
1,Calyi
1,Calysta
1,Camara
1,Camaro
1,Cambree
1,Cambria
1,Camden
2,Camdyn
7,Cameron
1,Camiela
8,Camila
6,Camille
1,Cammy
2,Campbell
2,Camry
25,Camryn
1,Camrynn
3,Candace
2,Candice
1,Cany
1,Canya
1,Capri
4,Caprice
11,Cara
1,Caralinda
1,Careese
1,Carena
1,Caressa
1,Caridee
4,Carina
1,Carine
2,Caris
1,Carisa
1,Carisma
9,Carissa
1,Caristy
2,Carla
5,Carlee
1,Carleen
3,Carley
1,Carley-Ray
3,Carlie
1,Carlissa
6,Carly
1,Carly-Rae
1,Carmea
3,Carmella
18,Carmen
1,Carmen-Elise
1,Carmille
1,Carmindy
2,Carmyn
1,Carolee
1,Carolina
1,Caroliña
7,Caroline
1,Carolla
4,Carolyn
2,Carrie
1,Carrie-Ann
1,Carrington
12,Carys
8,Casey
1,Cashis
1,Cashlyn
1,Casidy
1,Caslyn
1,Caspian
27,Cassandra
3,Cassia
48,Cassidy
13,Cassie
1,Cassiopeia
1,Cassis
1,Catalina
2,Catarina
7,Cate
1,Cateria
15,Catherine
1,Catholina
1,Cathrine
1,Cathy
1,Catriona
1,Cattri
1,Caycie
1,Cayden
5,Caydence
1,Cayenne
1,Cayla
1,Caylan
1,Cayle
4,Caylee
1,Cayleigh
2,Cayley
3,Caylin
1,Caylinn
1,Cayman
1,Cazmyne
1,Ceanna
3,Cecelia
1,Cecileigh
7,Cecilia
1,Cecilia-Teresa
1,Cecillia
4,Cecily
2,Cedar
1,Ceepha
1,Ceile
1,Ceilee
3,Ceili
1,Ceilidh
1,Céilidh
1,Ceiligh
1,Ceira
1,Celena
1,Celese
3,Celeste
2,Céleste
1,Celestia
1,Celestial
1,Celia
1,Celice
1,Celicia
3,Celina
5,Celine
1,Celis
2,Celise
1,Cena
1,Cerenity
1,Cerissa
1,Cerlina
1,Ceryce
1,Cerys
1,Chaconia
1,Chaelan
1,Chagei
1,Chahat
1,Chahatt
1,Chalsee
1,Chance
1,Chandan
1,Chandra
6,Chanel
6,Chanelle
2,Chaney
1,Chani
1,Channary
5,Chantal
2,Chante
1,Chanté
1,Chanté-Dawn
8,Chantel
3,Chantelle
1,Chaos
1,Charish
2,Charisma
1,Charissa
1,Charisse
1,Charity
1,Charlean
6,Charlee
1,Charleese
2,Charleigh
1,Charlemagne
3,Charlene
4,Charley
4,Charli
1,Charli-Ann
19,Charlie
3,Charlise
11,Charlize
32,Charlotte
1,Charly
1,Charmain
1,Charmaine
2,Chase
1,Chasidy
1,Chassie
1,Chaunte
3,Chaya
1,Chayanna
1,Chaylyn
1,Chayse
1,Chays-Lin
1,Cheahlyn
1,Cheazel
1,Chela
1,Chelisa
1,Chelsa
34,Chelsea
3,Chelsey
1,Chenai
1,Cheneil
1,Cheng
1,Cherie
3,Cherise
3,Cherish
2,Chevelle
1,Chevilyn
9,Cheyanne
14,Cheyenne
1,Chiara
1,Chidubem
1,Chimechetam
1,Chinazum
1,Chinchin
1,Chinedum
149,Chloe
6,Chloé
2,Chloë
1,Chlöe
1,Chloe-Ann
1,Chloee
1,Chloeé
1,Choice
1,Chol
2,Chontay
1,Christabel
4,Christiana
1,Christie
25,Christina
13,Christine
1,Chunli
1,Chursti
1,Chyanna
1,Chyanne
1,Chyenne
1,Chynelle
2,Ciana
3,Cianna
10,Ciara
1,Ciarah
1,Ciara-Lynn
1,Cicely
1,Cielo
5,Cienna
5,Ciera
5,Cierra
1,Cimone
1,Cindel
1,Cindie
13,Cindy
1,Cira
3,Clair
1,Claira
1,Clairabell
101,Claire
1,Claire-Lynn
1,Clairissa
22,Clara
1,Clarabelle
8,Clare
1,Claris-Angèle
2,Clarissa
9,Claudia
1,Clementina
4,Cleo
1,Clodagh
2,Cloe
3,Cloey
1,Cloie
3,Clover
2,Codi
1,Codie
1,Cody
1,Cohen
2,Colette
1,Colleen
1,Coltanna
2,Connie
1,Connie-Zayid
3,Constance
1,Constanza
2,Cooper
1,Copper
15,Cora
8,Coral
3,Coralee
1,Cora-lee
1,Coralie
1,Coral-Lee
1,Coralynn
4,Cordelia
1,Cordellia
2,Corey
1,Corey-Lee
1,Corielynn
2,Corina
1,Cornelia
1,Cornera
1,Corrine
2,Coryn
1,Cosima
1,Courtlyn
21,Courtney
1,Craylin
1,Cree
1,CreeAnn
2,Creeanna
1,Creedance
1,Creedyn
1,Crismia
1,Cristel
1,Cristiana
5,Cristina
1,Crizella
9,Crystal
1,Cyan
1,Cyann
1,Cyanna
3,Cyanne
1,Cybil
1,Cyennah
3,Cynthia
2,Cypress
1,Cyra
1,Cyrus
1,Czarina
1,Daania
1,Dacey
1,Dacia
1,Dacie
2,Daelyn
1,Daenerys
1,Daesyn
6,Dahlia
1,Dai-Anna
1,Daija
1,Dailen
1,Daimielle
2,Daina
1,Daira
1,Daisha
15,Daisy
1,Daiya
1,DaKayDa
1,Dakoa
1,Dakoda
20,Dakota
1,Dakota-Lee
1,Dalal
1,Dalanie
1,Dalaysia
1,Dalee
1,Dalena
1,Dalia
1,Daliah
3,Dallas
1,Dallyn
1,Dalmeny
1,Dalya
2,Dalyn
2,Daman
1,Damandeep
1,Damara
1,Damia
1,Damiana
1,Damilola
16,Dana
3,Danae
2,Danaka
1,Danaleigh
1,Danat
1,Danaya
1,Danaye
1,Dandi
1,Dane
1,Daneal
1,Danella
1,Danelle
1,Danessa
10,Dani
7,Dania
41,Danica
2,Danicka
5,Daniela
1,Daniele
14,Daniella
44,Danielle
28,Danika
1,Danily
1,Danique
2,Danisha
1,Danita
1,Danna
3,Danni
1,Dannica
1,Dannie
6,Dannika
1,Danni-Lynn
1,Dante
4,Danya
1,Danya-Marie
5,Danyka
1,Daphani
5,Daphne
1,Daphnée
1,Dara
1,Darbi
5,Darby
3,Darci
2,Darcie
4,Darcy
1,Dardana
3,Daria
1,Darian
1,Darianna
1,Darine
1,Darlene
1,Darravon
1,Darrien
1,Darryl
2,Dasha
1,Dava
1,Davan
1,Daveen
1,Davi
2,Davina
4,Dawn
1,Dawnella
1,Dawson
3,Dawsyn
1,Daya
1,Dayanara
1,Dayanna
1,Daygen
1,Dayla
1,Daylah
1,Daylen
2,Daylin
1,Daymi
4,Dayna
1,Daysini
1,Daytona
1,Daytonah
1,De
1,Deandre
1,Deandria
8,Deanna
1,Deanne
3,Debbie
1,Debi
1,Debora
1,Débora
6,Deborah
1,December
1,Declynn
1,Deconte
1,Dee-Anna
1,Deeba
1,Deelan
2,Deema
2,Deena
1,Deep
1,Deepika
1,Deetya
1,Deeyan
1,Deidre
1,Deija
1,Deirdre
2,Deja
3,Dejah
1,Dejana
1,Déjanelle
7,Delaney
1,Delayna
1,Delci
2,Delfina
1,Delia
1,Deliah
12,Delilah
1,Delilia
2,Delina
1,Delvine
1,Dema
1,Demareece
1,Demi
1,Demilade
1,Dena
3,Denae
1,Denaé
1,Denaiha
1,Denali
1,Denaya
1,Deneaka
1,Deneen
1,Deneja
1,Deneka
2,Denelle
1,Denielle
4,Denise
1,Denisha
1,Denisse
1,Denver
1,Desarae
1,Deshaylah
6,Desirae
1,Desiray
6,Desiree
3,Desirée
1,Désirée
1,Desiree-Rose
1,Destany-Kay
3,Destinee
27,Destiny
1,Devan
1,Deveryn
4,Devin
1,Devina
1,Devjot
1,Devlynn
1,Devon
1,Devonica
11,Devyn
1,Dexter
1,Dextra-Amélia
1,Deyalla
3,Dezirae
2,Deziree
1,Dhalia
1,Dhessi
1,Dhiraj
2,Dhriti
1,Dhwani
1,Diala
1,Dialla
3,Diamond
6,Diana
1,Dianaba
1,Diandra
2,Diane
1,Dijana
1,Dilal
1,Dilan
3,Dilana
1,Dilett
1,Dillan
1,Dilnaz
1,Dilreen
1,Dilshad
2,Dilynn
1,Dima
1,Dimen
1,Dimyana
1,Dinaysia
1,Dinela-Al-aaridhy
1,Dineo
1,Diora
2,Divine
2,Divjot
1,Divneet
3,Divya
1,Divyanshi
4,Diya
1,Diyanah
1,Doaa
1,Dolce
1,Domanique
1,Dominica
2,Dominika
7,Dominique
2,Domonique
2,Donatella
2,Donica
1,Donique
2,Donna
1,Donniae
3,Dora
1,Dorcas
1,Doreen
1,Dorinda
1,Doris
1,Dorothea
1,Dorothy
1,Dorsa
1,Dorthy
1,Drae
1,Draya
1,Drea
2,Dreanna
3,Drew
1,Dreya
1,Drianna
2,Dru
1,Drucella
1,Drue
1,Duaa
1,Dunia
8,Dylan
2,Dylann
1,Dylin
3,Dyllan
1,Dyllen
1,Dyllian
1,Dyllyn
1,Eadie
1,Eaven
1,Eboni
4,Ebony
1,Ebubechi
1,Ebyan
5,Echo
1,Eckoe
1,Edana
1,Edda
1,Edem
32,Eden
3,Edie
3,Edyn
1,Edynn
1,Edyta
2,Eesha
3,Eileen
1,Eiman
1,Eirian
1,Eirny
1,Eirwyn
1,EJ
2,Ek
1,Ekam
2,Ekaterina
1,Ekkoe
1,Eknoor
1,Ekpreet
1,Ela
1,Elaf
1,Elaff
1,Elaha
6,Elaina
4,Elaine
1,Elaisha
2,Elana
1,Elandriel
4,Eleanor
1,Elektra
17,Elena
1,Eleni
1,Eleora
1,Eleri
1,Elesha
2,Elexa
1,Elexia
1,Elexiss
1,Elexys
1,Elham
2,Elhan
7,Eliana
1,Eliane
1,Elianna
1,Elie
1,Eliesha
1,Elijah
1,Elin
3,Elina
1,Eline
1,Elionna
4,Elisa
1,Elisabeta
9,Elisabeth
1,Elisaveta
28,Elise
1 Élise
4,Elisha
1,Eliska
8,Elissa
1,Eliya
11,Eliza
114,Elizabeth
1,Elizabeth-Elsie
1,Elizabith
1,Elizebeth
147,Ella
1,Ellah
1,Ellaka
1,Ellalisia
1,Ellaura
1,Ellawynn
1,Ellayah
9,Elle
1,Elleah
1,Elleke
7,Ellen
1,Ellerie
1,Ellerion
4,Ellery
1,Ellexis
2,Elli
1,Ellia
1,Elli-Anna
14,Ellie
1,Ellienna
1,Elliexiah
2,Elliot
1,Elliott
1,Elliotte
1,Ellis
1,Ellise
1,Ellisha
1,Ellissa
1,Ellora
1,Elly
1,Ellyana
1,Elma
1,Elmera
1,Elmira
1,Elodie
1,Elody
1,Eloisa
2,Eloise
1 Éloïse
1,Elone
2,Elora
1,Elora-Rose
7,Elsa
1,Elsie
1,Elsie-Rae
1,Elya
1,Elyanna
1,Elysabeth
9,Elyse
1 Élyse
1,Elysha
1,Elysiah
2,Elyssa
1,Elyzabeth
2,Ema
1,Emaan
1,Emaara
1,Emaline
3,Eman
1,Emane
1,Emanuelle
1,Emara.Zy
3,Ember
8,Emelia
1,Emence
1,Emeral
1,Emercen
1,Emercia
1,Emercyn
1,Emerie
22,Emerson
5,Emersyn
1,Emersynne
4,Emery
1,Emi
1,Emia
1,Emiko
1,Emile
1,Emilea
5,Emilee
1,Emilee-Jesseka
1,Emileigh
11,Emilia
2,Emiliana
1,Emiliarose
9,Emilie
6 Émilie
1,Emilija
1,Emillia
1,Emillie
239,Emily
1,Emïly
1,Emilyn
2,Emlyn
239,Emma
1,Emma-Allah
2,Emma-Grace
1,Emma-Jane
1,Emma-Jay
1,Emma-Joy
1,Emmalayna
1,Emmalea
1,Emma-Leah
7,Emmalee
4,Emma-Lee
1,Emma-Leigh
1,Emmaline
1,Emmalu
3,Emmalyn
1,Emma-lynne
1,Emma-Mae
2,Emmanuelle
1,Emma-Rae
1,Emma-Star-Ulaniq
1,Emmelie
1,Emmeline
3,Emmerson
2,Emmersyn
3,Emmy
1,Emnet
1,Emra
1,Emrey
2,Emrie
2,Emry
1,Emsley
1,Emy
1,Emylee
1,Eneia
1,Engelika
1,Eniko
3,Enya
1,Enyziah
2,Eowyn
1 Éowynn
1,Erellah
21,Erica
1,Ericka
22,Erika
1,Erika-Jo
1,Erikka
27,Erin
1,Erina
1,Erindeep
1,Erini
1,Erin-Lynn
1,Eriona
1,Erleen
1,Erna
1,Errigal
1,Ersa
1,Ervasu
3,Eryn
1,Erynh
1,Erynn
7,Esha
1,Eshaal
5,Eshal
1,Esheeka
1,Eshieza
1,Eshmeet
1,Esma
1,Esme
2,Esmé
1,Esmeralda
1,Esrah
2,Essence
1,Essie
1,Essime
1,Essrah
1,Estefania
1,Estela
1,Estella
1,Ester
23,Esther
1,Esthera
1,Ethne
1,Etta
1,Etzia
6,Eunice
61,Eva
2 Éva
1,Eva-Esther
2,Evah
1,Eva-Jane
1,Eva-Jo
1,Evalee
1,Evalie
1,Evalina
1,Evaline
1,Evalyn
1,Evan
2,Evana
1,Evanda
1,Evaney
2,Evangelene
1,Evangelina
17,Evangeline
1,Evangéline
1 Évangeline
3,Evann
1,Evanna
1,Evannlee
1,Evany
13,Eve
1 Ève-Angeline
2,Evelina
21,Evelyn
2,Evelyne
2,Evelynn
1,Evening
1,Ever
1,Evette
3,Evey
1,Evia
6,Evie
1,Evie-Gale
1,Eviny
1,Evlyn
1,Evlynn
1,Evony
1,Evyn
2,Evynn
1,Ezelle
4,Ezra
1,Ezri
1,Ezrin
1,Ezza
1,Faatimazahra
1,Fabiana
1,Fadia
1,Fadumo
2,Fahtima
55,Faith
4,Fallon
2,Falyn
2,Falynn
1,Fancy
1,Fara
4,Farah
1,Faranaz
1,Farha
1,Farheen
1,Faria
2,Farrah
1,Farren
1,Fataliney
1,Fateema
1,Fatema
1,Faten
21,Fatima
1,Fatimah
1,Fatimata
1,Fatime
1,Fatsani
1,Faty
3,Faye
1,Fayha
1,Faylene
1,Fayth
1,Faythe
1,Feavaya
4,Felicia
12,Felicity
1,Fenicity
1,Feynn
1,Fhea
1,Fianna
1,Fidelma
1,Fienna
1,Fierra
1,Filsun
1,Finleigh
4,Finley
1,Finn
10,Fiona
1,Fionn
1,Fiora
1,Firdaws
1,Fiyona
1,Fiza
1,Fleur
5,Flora
1,Flynn
1,Francee
1,Frances
5,Francesca
2,Franchesca
2,Francine
2,Frankie
1,Frankie-Lee
1,Freda
1,Fredella
5,Freya
2,Frieda
1,Frishta
1,Furaha
1,Futong
10,Gabriela
1,Gabriell
34,Gabriella
1,Gabriella-Katie
68,Gabrielle
1,Gabryelle
1,Gadeer
1,Gagandeep
1,Gail
1,Ganze
1,Garima
1,Gavina
1,Geena
1,Gelene
10,Gemma
1,Gena
1,Genavieve
2,Genesis
1,Genessa
2,Geneva
1,Genève
7,Genevieve
2,Geneviève
1,Genieve
1,Genna
1,Gennae
1,Genovia
1,Genti
42,Georgia
1,Georgia-Rae
3,Georgina
1,Geraldine
1,Geralynn
1,Gericka
1,Gerika
1,Germaine
1,Gerrilyn
1,Gertruda
1,Getrudis
1,Ghada
1,Ghita
4,Gia
2,Giada
9,Gianna
1,Giefte
1,Gilda
12,Gillian
2,Gina
1,Ginelle
1,Ginger
1,Gisele
4,Giselle
3,Giulia
2,Giuliana
6,Gloria
1,Glory
1,God's
1,Gökce
1,Golivia
128,Grace
1,Gracelin
3,Gracelyn
1,Gracen
1,Gracey
1,Gracia
52,Gracie
1,Gracie-Anna
1,Gracilynn
2,Gracy
4,Gracyn
1,Graice
3,Grayce
2,Graycee
1,Graye
1,Graysen
2,Grayson
1,Grecia
1,Greer
4,Greta
1,Gretta
2,Grier
1,Guianne
1,Guinevere
1,Gulnoro
2,Guneet
1,Gunreet
1,Gurekam
1,Gurjiyajeet
1,Gurjot
1,Gurkirt
9,Gurleen
1,Gurman
1,Gurmani
1,Gurmat
1,Gurmehar
1,Gurnaaz
1,Gurnabi
1,Gurneet
2,Gurnoor
1,Gurnoorjot
1,Gursimran
1,Gurukirpa
3,Gwen
1,Gwenaelle
1,Gwenavere
1,Gwendlyn
3,Gwendolyn
1,Gwenelen
1,Gweneth
1,Gwenhwyvar
1,Gwenn
1,Gwenna
3,Gwenyth
1,Gwyn
1,Gwyneth
1,Gwynn
1,Haala
1,Habsan
1,Hadasa
1,Hadassa
1,Hadassah
1,Hadeel
1,Haden
2,Hadia
1,Hadiya
1,Hadlee
6,Hadley
1,Haedyn
1,Hafsa
2,Hafsah
1,Hahseeda
2,Haiden
2,Haidyn
12,Hailee
1,Hailei
1,Haileigh
155,Hailey
1,Hailey-Jean
1,Haili
1,Hailie
2,Haily
1,Haima
1,Haiqa
1,Haivyn
1,Hajar
2,Hajer
1,Hala
2,Halaina
2,Haleema
4,Haleigh
1,Haleigh-Ann
1,Halena
34,Haley
1,Hali
1,Hali-Ann
2,Halie
5,Halima
1,Halina
2,Halla
17,Halle
1,Hallee
1,Halleise
8,Hallie
1,Halo
1,Halyn
1,Hamarty
1,Hamda
1,Hamdah
2,Hamdi
2,Hamna
11,Hana
1,Hanah
1,Hanan
5,Haneen
1,Hania
26,Hanna
189,Hannah
1,Hannah-Lea
1,Hannah-Lyhne
1,Hansika
1,Haram
1,Harbaksh
1,Hardeep
1,Hareena
1,Hargunn
1,Hariot
1,Harjas
1,Harland
2,Harlee
9,Harleen
1,Harleigh
3,Harley
3,Harlie
1,Harmandeep
2,Harmannat
1,Harmit
1,Harmonie
20,Harmony
2,Harneet
6,Harnoor
7,Harper
1,Harpreet
2,Harriet
1,Harsangam
1,Harsheen
3,Harsimrat
1,Harveen
1,Hashpreet
1,Hasiete
1,Hassanya
1,Hasset
2,Havana
2,Havanna
9,Haven
1,Havyn
1,Hawa
1,Hawraa
2,Haya
2,Hayat
1,Haydan
35,Hayden
1,Haydn
1,Haydyn
1,Haylea
11,Haylee
3,Hayleigh
42,Hayley
1,Hayley-Ann
10,Haylie
1,Hazal
11,Hazel
1,Hazel-Anne
1,Healyn
10,Heather
7,Heaven
1,Heaven-Lea
1,Heba
1,Hebatallah
2,Hebron
18,Heidi
1,Heidie
1,Helaina
1,Helayna
5,Helen
8,Helena
1,Hélèna
1,Helene
1,Heli
1,Hellena
1,Hemdah
1,Henessey
1,Henny
1,Henriette
1,Heonia
4,Hermela
1,Hermon
5,Hiba
1,Hibah
1,Hibaq
2,Hilary
1,Hilina
2,Hillary
1,Hilldana
1,Hind
1,Hitanshi
1,Hiyabel
1,Hodan
1,Holda
1,Holli
2,Hollie
1,Hollie-Ann
1,Hollin
23,Holly
1,Holly-Beth
1,Hollye
1,Honesty
6,Honey
1,Hong
1,Honour
1,Hoodo
32,Hope
1,Hortense
1,Houda
1,Hourain
1,Houstyn
4,Huda
3,Hudson
2,Hudsyn
1,Hufza
6,Hunter
1,Hyatt
1,Ianna
1,Iben
1,Ibtisam
2,Ida
1,Idawnya
1,Idia
2,Ifeoma
1,Ifra
1,Igbunuoghene
1,Ila
1,Ilaha
1,Ilana
1,Ilea
1,Ili
2,Iliana
1,Ilinca
1,Ilisha
1,Illonya
1,Ilma
1,Ilwaad
1,Ily
1,Imaan
4,Iman
1,Imene
4,Imogen
1,Ina
2,Inara
1,Inari
1,Inaya
1,Indi
2,India
1,Indiana
3,Indianna
1,Indiara
2,Indira
2,Indra
1,Inersha
1,Iness
1,Inez
1,Inezia
3,Ingrid
1,Ingy
1,Insiyah
1,Ioana
1,Iolanda
1,Ippitha
1,Iqra
1,Iraj
13,Ireland
2,Irelyn
3,Irelynn
5,Irene
1,Iridal
1,Irina
9,Iris
1,Irisa
1,Irlynn
1,Isabeau
43,Isabel
6,Isabela
6,Isabell
1,IsaBella
149,Isabella
1,Isabella-Rose
110,Isabelle
1,Isadora
3,Isha
1,Ishana
1,Isheita
1,Ishpreet
1,Isimbi
1,Isioma
4,Isis
1,Iskotew
22,Isla
2,Islay
4,Isobel
2,Isobella
1,Israa
1,Israel
1,Issabella
1,Itaf
1,Iva
1,Ivana
1,Ivory
27,Ivy
1,Ixchel
1,Iyesha
2,Iyla
4,Izabel
1,Izabela
1,Izabele
1,Izabell
17,Izabella
1,Izabella-Grace
4,Izabelle
1,Izah
1,Izma
2,Izumi
2,Izzabella
1,Izzie
1,Izzy
1,Jaala
1,Jáala
1,Jaasleen
1,Jabeen
1,Jace
1,Jacelin
2,Jacelyn
4,Jacey
1,Jacinta
1,Jackie
1,Jacklyn
1,Jackson
3,Jaclyn
1,Jaclynn
1,Jacobi
7,Jacqueline
1,Jacquie
1,Jacy
1,Jacynda
36,Jada
1,Jadah
1,Jada-Lin
1,Jadalyn
1,Jadalynn
49,Jade
2,Jadea
1,Jadelyn
1,Jade-Lynn
9,Jaden
2,Jadeyn
11,Jadyn
1,Jaeda
1,Jaeden-Kathryn
1,Jaedin
4,Jaedyn
3,Jael
5,Jaela
1,Jaelenne
1,Jaelie
14,Jaelyn
1,Jae-lyn
6,Jaelynn
1,Jaeryn
1,Jagjot
1,Jahlena
1,Jaicelene
18,Jaida
2,Jaidan
1,Jaide
1,Jai'dean
5,Jaiden
9,Jaidyn
1,Jaidynn
1,Jaila
1,Jailene
1,Jai-Lesa
1,Jailey
3,Jailyn
9,Jaime
2,Jaimee
1,Jaimie
3,Jaina
1,Jaiya
1,Jakkey
1,Jakoba
1,Jakoby
1,Jakson
1,Jala
1,Jalaina
1,Jaleigh
1,Jaleisha
1,Jaleya
1,Jaliyah
1,Jalyn
1,Jalyne
2,Jalynn
1,Jalynne
1,Jalyssa
1,Jameela
2,Jamey
15,Jamie
1,Jamie-Lee
1,Jamielyn
1,Jamie-Lynn
1,Jamila
1,Jamisen
1,Jammie
11,Jana
3,Janae
1,Janaeya
1,Janah
1,Janai
1,Janat
2,Janay
8,Janaya
1,Janaye
15,Jane
1,Janeil
2,Janel
9,Janelle
1,Janene
8,Janessa
2,Janet
1,Janetta
1,Jania
1,Janiah
1,Janice
1,Janifer
4,Janine
1,Janis
1,Jann
3,Janna
1,Jannat
1,Jannea
1,Jannessa
1,Janudi
1,Janyka
1,Japji
4,Japleen
1,Japraj
1,Jarrah
2,Jaryn
1,Jasdeep
1,Jasdeesh
1,Jase
1,Jaselyn
1,Jashan
1,Jashneet
7,Jasleen
2,Jaslene
2,Jaslyn
1,Jasmeen
1,Jasmeet
5,Jasmin
1,Jasmindeep
44,Jasmine
2,Jasmyn
1,Jasmyne
1,Jasna
2,Jasneet
1,Jasper
2,Jaspreet
1,Jasreet
1,Jasten
1,Javaria
1,Jaxine
1,Jaxtyn
2,Jaxyn
2,Jaya
1,Jayah
2,Jayanna
1,Jayanne
5,Jaycee
1,Jaycie
35,Jayda
1,Jaydan
10,Jayde
1,Jaydee
15,Jayden
1,Jaydia
1,Jaydin
1,Jaydis
1,Jaydyn
1,Jaydyn-Elizabeth
1,Jayel
1,Jayelynn
1,Jayja
17,Jayla
2,Jaylee
1,Jaylen
1,Jaylena
6,Jaylene
1,Jaylin
1,Jaylize
1,Jaylla
1,Jayln
3,Jaylyn
5,Jaylynn
1,Jay-Lynn
6,Jayme
1,Jaymee
1,Jayme-Leigh
1,Jaymeson
2,Jaymie
6,Jayna
1,Jaynee
1,Jaynelle
1,Jaysie
1,Jayza
1,Jazba
1,Jazielle
1,Jazlie
3,Jazlyn
1,Jazlynn
1,Jazman
1,Jazmeen
5,Jazmin
1,Jazmine
1,Jazmyah
3,Jazmyn
1,Jazmyne
1,Jazna
2,Jazzlyn
2,Jazzmyn
1,Jealena
1,Jealyn
1,Jeamor
1,Jeanelle
1,Jeanette
1,Jeanine
1,Jeaninne
1,Jedhi
1,Jeea
2,Jeeya
1,Jehan
1,Jelaine
1,Jelayla
1,Jelisse
1,Jemae
1,Jemima
1,Jemini
2,Jemma
1,Jemmima
2,Jena
1,Jenae
1,Jenalee
1,Jenaleen
1,Jenan
1,Jenatte
1,Jenavieve
1,Jenavive
3,Jenay
4,Jenaya
1,Jenell
1,Jenelle
1,Jenesis
4,Jenessa
1,Jenève
2,Jenica
1,Jenicia
1,Jenine
80,Jenna
1,Jennavieve
1,Jennica
2,Jennie
22,Jennifer
1,Jenni-Rose
7,Jenny
2,Jensen
1,Jenyce
1,Jeorgia
1,Jeridee
3,Jerika
1,Jerlena
8,Jersey
1,Jeryn
1,Jerzee
2,Jerzey
1,Jeslyn
1,Jesmine
1,Jesna
2,Jess
8,Jessa
1,Jessaka
1,Jessalyn
1,Jessco
5,Jesse
1,Jessence
1,Jessenia
2,Jessi
94,Jessica
21,Jessie
1,Jessie-Lynn
4,Jessika
1,Jesslynne
1,Jessy
3,Jetta
10,Jewel
1,Jewell
1,Jeylin
1,Jeza
1,Jezelle
1,Jhalak
1,Jherzey-Lyn
1,Jia
1,Jialin
1,Jianna
1,Jie
1,Jieshel
1,Jilayna
1,Jillana
1,Jillayna
21,Jillian
1,Jilliane
1,Jilyan
1,Jinelle
1,Jiwanjot
1,Jiya
1,Jiyaa
1,Jiyadeep
1,J-La
1,J'Lea
1,J'Lena
1,J'lyn
2,J'Lyn
1,Joan
1,Joann
8,Joanna
5,Joanne
1,Jocalyn
1,Jocelin
1,Joceline
30,Jocelyn
1,Jocie
1,Joclyn
1,Jodee
1,Jodence
1,Jodi
1,Jodilyn
1,Joelette
11,Joelle
2,Joey
4,Johanna
1,Johannah
1,Johari
1,Johnie-Lynn
1,Johnnie
1,Johrissa
1,Joice
1,Joilene
1,Jojo
1,Joleen
9,Jolene
5,Jolie
1,Jolié-Monique
1,Jolin
1,Jolynne
1,Jonai
1,Jonelle
2,Joni
1,Jonissa
1,Jorah
36,Jordan
5,Jordana
1,Jordan-Anne
4,Jordanna
1,Jordayn
1,Jordin
2,Jordis
47,Jordyn
1,Jordyne
2,Jordynn
1,Jorga
1,Jorgia
2,Jorgie
38,Jorja
1,Jorja-Dawn
1,Jorja-Joe
1,Jorja-Rae
1,Jorjia
1,Josalyn
1,Josée
1,Josefina
1,Joselle
1,Joselynn
1,Joseph
16,Josephine
1,Josette
1,Joshlyn-Kye
1,Josi
17,Josie
1,Josie-Leigh
1,Josina
1,Josiphine
2,Joslyn
1,Joslynn
1,Joss
1,Jossalynn
2,Josslyn
2,Josslynn
1,Josyline
1,Joud
4,Journey
1,Journie
1,Jovee
1,Jovi
1,Jovie
7,Joy
1,Joyanna
12,Joyce
1,Joyce-Kala
1,Jozephyne
1,Jozie
2,Juanita
1,Juannita
1,Jubilee
1,Jude
1,Judi
9,Judith
1,Judney
11,Judy
1,Juhl
2,Jules
84,Julia
1,Juliah
3,Julian
11,Juliana
1,Julianah
1,Juliana-Lynn
2,Juliane
2,Juliann
16,Julianna
8,Julianne
1,Julia-Roxana
1,Juliauna
29,Julie
1,Julieann
1,Julieanna
1,Julieanne
1,Julienne
1,Juliet
4,Juliette
1,Juliusa
1,Jullianne
1,Jumaana
1,Jumai
1,Jumana
1,Jumanah
5,June
1,Junia
1,Juniper
1,Juno
1,Jurnee
1,Jurni
1,Jusleen
9,Justice
5,Justina
1,Justina-Rose
8,Justine
1,Justise
1,Justus
1,Justyce
1,Justyne
1,Jye
1,Jyllian
1,Jyothi
1,Kaary
1,Kabria
1,Kabryn
3,Kacey
1,Kaci
1,Kacy
2,Kadance
1,Kadee
20,Kadence
1,Kadie
1,Kadince
1,Kadrie
1,Kady
1,Kadyn
1,Kadynce
1,Kaedance
1,Kaede
1,Kaeden
2,Kaedence
1,Kael
3,Kaela
1,Kaeleigh
1,Kaelen
3,Kaeli
2,Kaelin
8,Kaelyn
5,Kaelynn
1,Kaesha
1,Kaetrianne
1,Kahlan
1,Kahlen
1,Kahleyuh
3,Kai
9,Kaia
1,Kaiah
1,Kaida
6,Kaidence
1,Kaidenze
1,Kaidience
1,Kaidra
2,Kaidyn
1,Kaige
2,Kaija
1,Kail
6,Kailee
1,Kaileese
1,Kailen
21,Kailey
4,Kaili
2,Kaily
8,Kailyn
1,Kainaat
1,Kaira
1,Kairei
3,Kairi
1,Kairra
1,Kaisa
1,Kaisha-Lee
1,Kaislyn
11,Kaitlin
68,Kaitlyn
1,Kaitlyn-Marie
1,KaitLynn
8,Kaitlynn
1,Kaitreanne
5,Kaiya
1,Kaiyden
1,Kajol
4,Kajsa
1,Kala
1,Kalaya
1,Kalayla
1,Kale
2,Kalea
1,Kaleanna
1,Kalease
1,Kaleena
1,Kalei
9,Kaleigh
1,Kaleika
1,Kalene
5,Kaley
20,Kali
4,Kalia
1,Kaliah
1,Kalianna
1,Kalianne
4,Kalie
1,Kalifornia
1,Kalika
1,Kalina
2,Kalissa
3,Kalista
1,Kalita
1,Kaliya
2,Kaliyah
1,Kalkidan
1,Kalle
1,Kallee
1,Kalleigh
5,Kalli
8,Kallie
1,Kalliyah
2,Kalyn
4,Kalyna
1,Kalynde
1,Kalynn
1,Kalynne
1,Kalyse
2,Kalyssa
2,Kalysta
2,Kamaya
1,Kamden
1,Kamdyn
1,Kamea
1,Kameron
1,Kameryn
3,Kami
1,Kamia
1,Kamilah
2,Kamilla
1,Kamille
1,Kamira
1,Kamoura
30,Kamryn
1,Kamrynn
1,Kamrynne
1,Kamy
1,Kana
1,Kandi
2,Kanika
1,Kannace
1,Kanza
1,Kappy
1,Kapri
17,Kara
1,Karagyn
1,Karas
1,Kardelle
1,Karden
8,Karen
1,Karen-Esther
1,Karen-Matondo
1,Kari
1,Kariann
1,Karianna
1,Karienna
1,Karin
7,Karina
2,Karis
1,Karisa
1,Karishma
1,Kariss
11,Karissa
1,Karla
1,Karlana
1,Karleanna
5,Karlee
1,Karlee-Ann
1,Karleen
4,Karley
1,Karli
1,Karlie
5,Karly
1,Karlyn
3,Karma
1,Karmalee
1,Karma-Lee
1,Karmel
1,Karmela
3,Karmen
1,Karmin
1,Karna
2,Karolina
1,Karra
1,Karris
1,Karsen
2,Karsyn
1,Karys
2,Karyssa
1,Kasarachi
1,Kasecey
6,Kasey
1,Kasey-Lynne
1,Kasey-Rae
2,Kasha
1,Kashifa
1,Kashmir
1,Kashya
1,Kasia
1,Kasidee
1,Kasie
1,Kasmira
5,Kassandra
1,Kassia
7,Kassidy
2,Kassie
1,Kasundie
2,Katalina
1,Kataly
5,Katana
3,Katarina
1,Katayah
67,Kate
4,Katelin
1,KateLyn
61,Katelyn
1,Kate-Lyn
10,Katelynn
3,Kate-Lynn
1,Kateri
1,Katerie
5,Katerina
1,Katey
3,Katharina
1,Katharine
1,Katheleen
1,Kathelin
1,Katherin
55,Katherine
1,Katheryn
1,Katheryna
10,Kathleen
10,Kathryn
1,Kathryne
6,Kathy
2,Katia
1,Katianna
49,Katie
1,Katie-Ann
2,Katja
1,Katjana
1,Katline
2,Katlyn
2,Katlynn
1,Katreena
1,Katrianna
21,Katrina
1,Katrya
1,Katryna
1,Katy
1,Katya
1,Katyanna
1,Kaura
3,Kavya
1,Kaw
1,Kawther
3,Kaya
1,Kayala
1,Kaya-Lee
1,Kayanna
6,Kaycee
2,Kaycie
1,Kayda
1,Kaydan
3,Kaydance
4,Kayden
24,Kaydence
1,Kaydin
1,Kaydince
1,Kaydinse
1,Kayelle
1,Kayl
66,Kayla
1,Kaylah
1,Kaylah-Ray
3,Kaylan
1,Kaylana
1,Kayla-Vi
1,KayLee
71,Kaylee
18,Kayleigh
1,Kaylen
3,Kaylene
12,Kayley
1,Kayli
10,Kaylie
7,Kaylin
1,Kayln
1,Kaylnn
1,Kaylor
2,Kaylyn
3,Kaylynn
1,Kayma
1,Kayrah-Claire
1,Kaysea
1,Kayser
1,Kaysha
1,Kaysin
1,Kaytana
2,Kayte
1,Kaythan
1,Kaytie
1,Kazia
1,Kazsarious
1,Kazziah
1,KC
1,Kea
2,Keaira
1,Keala
4,Keana
1,Keandra
9,Keanna
1,Ke-Anna
3,Keara
1,Kearah
1,Kearsten
1,Keatin
1,Keava
1,Keayla
1,Kedeja
3,Keegan
1,Keelan
1,Kee-leigh
6,Keeley
6,Keely
3,Keelyn
1,Keerat
1,Keerit
1,Keerthi
1,Keiana
1,Keiara
1,Keiarra
2,Keila
1,Keilee
1,Keily
1,Keilyn
91,Keira
1,Keirah
1,Keira-Lynn
1,Keira-Mae
2,Keirra
1,Keirra-Lynn
1,Keirstan
1,Keiryn
2,Keisha
1,Keishanne
1,Keitha
1,Kelaiah
1,Kelcey
1,Kelila
1,Kelina
1,Kelis
1,Kellee
1,Kellie
1,Kellina
1,Kellita
16,Kelly
12,Kelsey
1,Kelsy
2,Kelti
2,Keltie
2,Kenadee
3,Kenadie
1,Kenayah
2,Kendal
7,Kendall
37,Kendra
2,Kendyl
1,Kenishalee
1,Kenley
3,Kenna
1,Kennadi
1,Kennadie
2,Kennady
1,Kenndyl
3,Kennedi
2,Kennedie
48,Kennedy
1,Kennie
1,Kensley
2,Kenya
1,Kenza
1,Kenzi
22,Kenzie
2,Keona
1,Keoni
1,Kera
1,Keren
1,Keri
2,Keria
1,Kerra
1,Kerri
1,Kerrielle
1,Kerrigan
1,Kerris
1,Kerry
1,Kerry-Anne
1,Kerstin
1,Keshia
2,Kesia
1,Kesler
1,Kestra
1,Kestrel
1,Ketsya
1,Keturah
1,Ketzia
1,Keura
1,Keva
1,Kevana-Eve
1,Keya
6,Keyana
5,Keyanna
2,Keyara
1,Keyera
1,Keygan
2,Keyley
1,Keyli
1,Keyna
1,Keyrah
1,Keyrra
2,Keysha
2,Kezia
1,Keziah
1,Khadeeja
1,Khadeejah
4,Khadija
2,Khadijah
1,Khaira
1,Khaleeya
2,Khali
2,Khalia
1,Khalida
1,Khalie
1,Khalila
1,Kharmen
1,Khaula
1,Khelia
2,Khiana
1,Khiya
5,Khloe
1,Khlöe
1,Khloee
1,Kholah
1,Khushbu
4,Khushi
1,Khushnoor
1,Khushvir
1,Khyana
1,Khyia
24,Kiana
3,Kiandra
16,Kianna
30,Kiara
1,Kiarah
1,Kiara-Valentina
5,Kiarra
1,Kiarrah
1,Kiarus
1,Kiawna
1,Kida
2,Kienna
36,Kiera
2,Kieran
1,Kierpa
14,Kierra
4,Kiersten
1,Kiesha
1,Kiev
1,Kiira
1,Kilea-Jo
1,Kileigh
1,Kilesha
3,Kim
1,Kimber
3,Kimberley
13,Kimberly
1,Kimberly-Boroka
1,Kimchai
3,Kimora
1,Kindra
1,Kindrey
1,Kingston
1,Kini
2,Kinlee
2,Kinley
1,Kinsey
6,Kinsley
1,Kiora
26,Kira
1,Kirah
1,Kirann
1,Kiranpreet
1,Kiren
8,Kirsten
1,Kisara
2,Kisha
1,Kismat
2,Kismet
1,Kita
1,Kitana
1,Kitanna
1,Kitiara
1,Kitonna
1,Kittie
1,Kitzia
2,Kiya
1,Kiyanna
1,Kiyara
2,Kiyomi
1,Kjersten
1,Klair
1,Klara
1,Klarissa
1,Klayre
1,Klea
1,Kloe
1,Kloé
1,Kloie
1,Klover
1,Kneva
1,K'Nyaw
1,Knyla
1,Kodi
1,Koiya
1,Kolbi
6,Kolby
1,Koli
1,Komal
1,Konadu
1,Konstantijn
1,Konstantina
3,Kora
1,Koragin
1,Koran
1,Kora-Rose
4,Kori
1,Kori-Lee
1,Korina
1,Korinna
1,Koryssa
3,Kourtney
1,Kourtnie
1,Kreisha
1,Kressley
1,Krischel
2,Krisha
1,Krishaa
1,Krissa
1,Krissie-Lynn
2,Krissy
6,Krista
1,Kristanna
6,Kristen
1,Kristiane
2,Kristin
9,Kristina
1,Kristine-Marie
1,Kristjana
4,Kristy
1,Kristyn
1,Krisztina
1,Kritika
1,Krysta
5,Krystal
1,Krystel
2,Krystin
2,Krystina
1,Kuerengke
1,Kulshan
1,Kulud
1,Kurneet
1,Kuschi
1,Kushdeep
10,Kya
3,Kyah
1,Kyana
1,Kyara
1,Kyarrah
1,Kyelee
1,Kyendra
1,Kyia
42,Kyla
1,Kyla-Anne
1,Kylah
12,Kylee
1,Kyleen
1,Kyleigh
2,Kyler
1,Kylia
49,Kylie
1,Kylyn
1,Kylyssa
1,Kymberly
1,Kyna
1,Kynait
1,Kyndra
2,Kynlee
1,Kynlie
1,Kynnlei
1,Kynsle
36,Kyra
1,Kyrah
1,Kyra-Lynn
1,Kyran
1,Kyra-Skye
1,Kyree
2,Kyrie
1,Kyrina
1,Kyrsten
1,Kyta
1,Laaeba
1,Laaibah
10,Lacey
1,Laci
1,Lacie
1,Lacy
1,Lahnae
4,Laiba
1,Laigiah
9,Laila
1,Lailah
1,Laileah
1,Lailee
1,Laine
8,Lainey
1,Lainy
1,Lairish
1,Laiyla-Jade
1,Lajina
1,Lake
1,Lakieha
3,Lakisha
1,Lakota
1,Lakresea
1,Lakshya
1,Laksika
1,Laleena
1,Lali
1,Lalina
1,Lam
1,Lama
1,Lamia
1,Lan
8,Lana
1,LaNaya
3,Lanaya
1,Landin
1,Lane
1,Lanelle
2,Laney
1,Lanie
2,Lanna
8,Lara
1,LaRae
1,Laragh
1,Laramie
4,Larissa
1,Larkin
1,Larkwynn
1,Larson
1,Larya
1,Lashonda
1,Latasha
1,Lateasha
1,Latiesha
1,Latifah
1,Latisha
1,LaTishia
1,Latonya
27,Laura
1,Laurana
1,Laurel
61,Lauren
1,Lauriah
1,Laurianne
2,Laurie
1,Laurin
1,Laurisa
10,Lauryn
1,Lavaida
1,Laxshmi
4,Laya
1,Layal
1,Layanne
1,Laycee
1,Laycie
1,Layda
1,Layelle
37,Layla
1,Layna
2,Layne
1,Laynee
1,Lazetta
2,Lea
3,Léa
57,Leah
1,Leahna
1,Leala
1,Leanda
2,Leandra
1,LeAnn
2,Leann
2,Leanna
1,Le-Anna
6,Leanne
1,Learah
1,Leashia
1,Leawyn
1,Lecia
1,Leeah
1,Leela
1,Leelu
2,Leen
8,Leena
1,Leeza
3,Legacy
1,Lehissa
1,Lehla
5,Leia
1,Leigh
2,Leigha
7,Leila
1,Leilah
1,Leilani
1,Leili
1,Lejlije
2,Lekeisha
1,Lekha
1,Lelah
1,Lelahni
1,Lema
15,Lena
2,Lenamarie
2,Lenaya
1,Leni
1,Leokadia
1,Leona
1,Leonna
1,Lerato
1,Lesanna
1,Lesha
1,Leshee
1,Lesley
2,Leslie
2,Leta
1,Letizia
1,Levia
3,Lexa
1,Lexanna
2,Lexee
11,Lexi
1,Lexia
10,Lexie
1,Lexine
6,Lexis
7,Lexus
1,Lexxannah
2,Lexy
1,Leya
1,Leyli
2,Leyna
1,Leyton
1,Lhanya
1,Li
4,Lia
2,Liana
1,Lianie
1,Lianna
1,Lianne
3,Libby
6,Liberty
1,Liezel
1,Lihla
11,Lila
9,Lilah
1,Lilah-Mae
1,Lilaina
1,Lilea
5,Lili
6,Lilian
3,Liliana
2,Liliane
1,Lilianna
1,Lilianne
1,Lilika
1,Lilith
2,Lilli
1,Lillia
24,Lillian
1,Lilliana
4,Lillianna
1,Lillian-Ruth
6,Lillie
1,Lillie-Anne
19,Lilly
1,Lilly-Ann
1,Lilly-Anne
1,LiLy
113,Lily
1,Lilyan
1,Lilyana
2,Lilyanna
1,Lilyanne
2,Lily-Anne
1,Lily-Mae
1,Lily-Raine
2,Lily-Rose
9,Lina
1,Lina-Noor
1,Linaya
6,Linda
1,Lindi
11,Lindsay
8,Lindsey
1,Lindy
1,Linka
1,Linley
4,Linnea
1,Linneah
1,Linsy
1,Linzy
1,Liron
16,Lisa
1,Lisette
6,Liv
1,Livi
8,Livia
1,Livvy
2,Liza
1,Lizy
1,Lizzie
1,Llola-Jade
1,Lluvia
1,Llyra
1,Lo
1,Loa
1,Loan
6,Logan
1,Logyn
1,Lojen
18,Lola
1,Lolah
1,Lola-Rose
10,London
7,Londyn
1,Lonnie
1,Loralee
1,Loreal
2,Lorelai
5,Lorelei
1,Loreli
1,Loren
1,Loretta
2,Lori
1,Loriann
1,Lorilee
1,Lorilei
1,Lorissa
1,Lorraine
1,Lorraiya
1,Lorrisa
1,Lorrisha
1,Lotanna
1,Lotti
2,Lotus
4,Louisa
3,Louise
1,Loujain
2,Lourdes
1,Loveeka
1,Loveleen
1,Luana
1,Luanda
4,Luca
1,Lucca
5,Lucia
6,Lucie
3,Lucille
1,Lucinda
29,Lucy
1,LucyAnn
1,Lucyanne
1,Luden
1,Luella
1,Luisa
1,Lujian
1,Luka
1,Luna
1,Lutfia
1,Luwam
1,Lyanna
1,Lyannah
24,Lydia
1,Lydia-Aline
13,Lyla
2,Lylah
1,Lyndsay
1,Lyndzay
1,Lynea
2,Lynelle
1,Lyniah
2,Lynn
2,Lynnea
1,Lynsey
1,Lynzie
1,Lyra
1,Lyriah
4,Lyric
1,Lysia
2,Lyvia
1,Lyza
1,Ma.
1,Maab
1,Maahi
1,Maanvi
1,Maanya
1,Maara
1,Mabel
1,Macayla
1,Macennah
8,Macey
1,Machala
3,Maci
1,Macï
3,Macie
1,Macie-Rae
1,Mackala
1,Mackayla
2,MacKenna
5,Mackenna
1,Mackensie
1,Mackenzi
17,MacKenzie
71,Mackenzie
1,MacKenzie-Rae
1,Mackenzy
1,Mackenzye
1,MacKinleigh
1,Mackinnon
1,Maclane
16,Macy
1,Madallyn
8,Madalyn
1,Madalyne
1,Madalyn-May
1,Madalynn
1,Madasyn
1,Mädchen
1,Maddalynn
1,Maddelyn
2,Madden
1,Maddesyn
1,Maddi
4,Maddie
1,Maddilynn
18,Maddison
1,Maddix
1,Maddox
1,Maddylyn
1,Maddyson
22,Madeleine
1,Madeliene
1,Madelin
53,Madeline
23,Madelyn
2,Madelyne
6,Madelynn
1,Madelynne
1,Madge
8,Madilyn
3,Madilynn
3,Madina
5,Madisen
183,Madison
1,Madison-Emily
1,Madisson
5,Madisyn
1,Madisynne
1,Madix
1,Madoline
1,Madolyn
1,Madysen
1,Madysn
13,Madyson
1,Madysun
5,Mae
1,Maecyn
4,Maegan
1,Maelahna
1,Maelia
1,Maélie
1,Maella
1,Maëlle
1,MaeLyn
1,Maëlys-Mytrinh
1,Maesyn
1,Maeva
11,Maeve
1,Magan
2,Magdalen
2,Magdalena
2,Magdalene
1,Magdylan
20,Maggie
1,Maggie-Lynn
1,Magnolia
3,Maha
1,Mahaba
1,Mahaikdeep
2,Maham
1,Mahanoor
1,Mahayla
4,Maheen
3,Mahek
2,Mahi
1,Mahlet
1,Mahlia
4,Mahnoor
1,Mahreen
1,Mahri
1,Mahum
12,Maia
1,Maida
1,Maija
1,Maile
1,Mai-Lynn
1,Maimouna
4,Maira
2,Mairead
1,Mairik
1,Mairin
1,Maisara
1,Maisen
1,Maisey
3,Maisie
3,Maisy
1,Maithili
1,Maitri
2,Maiya
2,Maizie
2,Maja
1,Majella
1,Majoy
3,Makaela
4,Makaila
1,Makaiya
1,Makana
1,Makara
40,Makayla
1,Makeisha
13,Makena
1,MaKenna
17,Makenna
1,Makennah
1,Makenze
1,MaKenzee
1,Makenzi
2,MaKenzie
14,Makenzie
1,MaKenzy
1,Makenzy
1,Makinley
1,Makiya
1,Makura
2,Makyia
1,Makynna
1,Malaak
3,Malaika
1,Malaiya
8,Malak
1,Malauni
3,Malaya
1,Malayna
1,Malaysha
1,Malea
1,Maleah
1,Maleigha
1,Malenna
1,Malerie
9,Malia
2,Maliah
1,Malie
1,Maliesha
1,Malikah
2,Malina
3,Maliya
1,Mallak
1,Mallorie
5,Mallory
1,Maluki
1,Manahil
6,Manal
1,Manar
1,Manat
2,Mandi
1,Mandla
4,Mandy
1,Maneet
1,Manha
2,Manisha
1,Manjaap
2,Mankirat
1,Manmeet
12,Mannat
1,Mannatpreet
1,Manney
1,Manning
1,Manoah-Arielle
4,Manreet
1,Manroop
3,Manuela
2,Manuella
1,Manveer
1,Manvir
1,Manya
6,Mara
1,Marah
1,Maral
1,Maram
1,Maranda
1,Marcela
1,Marceline
1,Marcella
1,Marcey
1,Marchella
1,Marea
1,Mareeha
1,Mareena
9,Maren
17,Margaret
2,Margaretha
1,Margot
1,Margret
2,Marguerite
1,Mari
51,Maria
1,María
1,Maria-Elena
13,Mariah
8,Mariam
1,Marian
6,Mariana
1,Mariane
1,Mariangela
1,Marianna
1,Marianne
2,Maribelle
1,Maricarmen
7,Marie
1,Marie-Ann
1,Marie-Cindy
1,Marie-Josée
2,Marielle
1,Marielle-Dominique
1,Marie-Pier
1,Marie-Thérèse
1,Marietta
1,Mariette
1,Marih
1,Marija
1,Marijka
1,Marika
1,Marilou
1,Marilyn
10,Marin
6,Marina
1,Marinn
1,Marinna
3,Marion
5,Marisa
2,Mariska
1,Marisol
27,Marissa
1,Marit
1,Marium
1,Mariya
1,Mariyah
1,Marjorie
1,Marjorie-Deane
1,Markadalynn
5,Marlee
1,Marleigh
2,Marlene
7,Marley
1,Marli
2,Marlie
1,Marlowe
1,Marlyn-Alexssandra
1,Marlysa
1,Marrah
1,Marrin
2,Marrissa
12,Martha
1,Martie
1,Martina
6,Marwa
36,Mary
1,Marya
14,Maryam
1,Maryama
1,Maryan
1,Maryann
1,Maryanne
3,Mary-Jane
1,Maryka
4,Maryn
1,Mary-Rose
1,Marysia
3,Mason
1,Massilya
1,Masyn
1,Matalyn
8,Mataya
1,Matayah
1,Matayla
4,Matea
1,Mateah
1,Mateja
2,Mateya
1,Mathilde
2,Matia
1,Matilda
1,Matilynn
2,Mattea
1,Mattéa
1,Matthea
1,Matti
1,Mauria
1,Mavis
2,Maxine
87,Maya
1,Mayaa
1,Mayah
1,Mayana
1,Mayce
1,Maylee
2,Maymuna
5,Maysa
1,Maysen
1,Mayumi
1,Mayzie
1,Mazie
1,Mazvita
1,Mazzy
1,Mc
1,McInnis
1,McKaila
1,Mckayla
6,McKayla
1,McKena
4,Mckenna
27,McKenna
1,McKennah
1,McKenzee
1,Mckenzee
1,Mckenzey
2,Mckenzie
13,McKenzie
1,Mckinley
2,McKinley
1,McKylie
1,McLean
2,Mea
9,Meadow
10,Meagan
4,Meaghan
1,Mechaela
1,Medea
1,Medina
1,Médona
1,Meeah
1,Meeghan
1,Meeka
1,Meela
1,Meelah
3,Meera
1,Meerib
80,Megan
1,Meganh
20,Meghan
1,Meghana
1,Megumi
3,Mehak
3,Mehakpreet
2,Mehar
1,Meher
1,Mehlab
1,Mehrin
3,Mei
1,Meilin
1,Meiling
2,Mekayla
1,Meklit
1,Mela
1,Melaena
1,Melaina
1,Melaine
2,Melania
9,Melanie
1,Melany
1,Melayna
1,Meleah
1,Melek
1,Melena
1,Meletina
1,Melia
1,Melieka
5,Melina
1,Mélina
3,Melinda
17,Melissa
1,Mellanna
2,Mellisa
1,Melodi
1,Melodie
9,Melody
1,Melora
1,Melyssa
3,Memphis
2,Mena
1,Menahil
1,Mequin
1,Mer
1,Merab
2,Mercades
1,Mercede
22,Mercedes
1,Mercédesz
1,Mercee
4,Mercy
8,Meredith
1,Meriana
1,Meribah
1,Merielle
1,Merisa
1,Merrace
2,Mersadies
1,Mersadiz
1,Mersaia
1,Mersaideze
1,Merve
2,Meryem
1,Meryn
1,Meyah
1,Mheret
59,Mia
2,Miah
1,Mia-Li
1,Miami
1,Miatta
1,Micaela
5,Micah
1,Micayla
11,Michaela
1,Michaelah
2,Michayla
2,Michela
17,Michelle
1,Mickelly
2,Mickey
1,Mieke
1,Miella
1,Mihaela
1,Mijgona
6,Mika
11,Mikaela
1,Mikaelah
1,Mikaela-Noelle
3,Mikaila
1,Mikalyn
35,Mikayla
1,Mikeelea
3,Mikenna
1,Miki
1,Mikilah
2,Mikka
1,Mikyla
12,Mila
1,Milah
1,Milan
3,Milana
1,Milania
1,Milcha
4,Milena
2,Miley
3,Milla
1,Millie
1,Million
1,Millyka
1,Mimi
4,Mina
2,Mindy
1,Minet
1,Ming
1,Ming-yu
1,Minh
1,Minna
1,Minnah
1,Mion
2,Mira
1,Miraca
1,Miracle
12,Miranda
1,Miranda-Lynne
1,Mircale
1,Mirela
2,Mireya
11,Miriam
1,Mirinda
1,Mirna
1,Miryam
1,Misaki
1,Misbah
4,Mischa
1,Mishaela
1,Mishal
1,Mishayla
1,Mishynn
1,Misky
1,Missalin
1,Misty
5,Miya
1,Miyabi
1,Miyoko
1,Mlak
1,Mohammed
2,Moira
1,Molka
2,Molli
5,Mollie
33,Molly
1,Moly
1,Momina
4,Mona
2,Monet
2,Monia
7,Monica
1,Monika
7,Monique
2,Monroe
1,Monsha
7,Montana
1,Moraes
54,Morgan
1,Morgane
1,Morgann
1,Morganrose
1,Morgen
1,Moriah
1,Morning
1,Morningstar
1,Morraj
1,Morrigan
1,Mouminah
1,Moumita
1,Moxie
1,Muhan
1,Mukta
1,Muminah
1,Mumtaz
2,Muna
1,Muneet
1,Muniba
2,Munira
1,Muntaha
1,Muriella
1,Murrie
1,Mursakha
1,Muska
5,Muskaan
1,Muskan
1,Muwahib
1,Muyao
78,Mya
7,Myah
1,Myana
2,Myanna
1,Mycah
1,Mycheala
1,Mycia
1,Myelle
1,Myha
5,Myia
1,Myiah
1,Myka
1,Mykaela
1,Mykendra
1,Mykenna
6,Myla
1,Mylee
2,Mylène
1,Myli
2,Mylie
1,Mylie-Rae
1,Myna
8,Myra
1,Myrah
1,Myra-Mae
2,Myranda
2,Myriam
2,Myrna
1,Naava-Lyah
1,Naba
2,Nabeeha
1,Nabiha
1,Nabryah
2,Nada
1,Nadali
1,Nadalya
2,Nadeen
12,Nadia
1,Nadie
9,Nadine
1,Nafisa
1,Nagaht
1,Nagena
1,Nageti
1,Nagina
1,Nahameen
2,Nahanni
1,Nahid
2,Naia
1,Naiah
1,Naiara
1,Naia-Sophia
1,Naila
1,Nailah
1,Naima
1,Naima-Abdifatah
1,Naina
1,Naiomi
1,Naira
1,Najjla
2,Najlaa
1,Najma
1,Nakeisha
1,Nakita
1,Naliyah
1,Naman
1,Namita
1,Namrata
1,Namuun
6,Nancy
1,Nandhini
1,Nanky
1,Nannaya
39,Naomi
1,Narcisse
1,Narges
1,Nariman
1,Narin
1,Nariya
1,Nariz
1,Nashat
1,Nashaya
1,Nasrin
1,Nassabe
1,Nastassija
1,Nataiah
3,Natalee
21,Natalia
1,Nataliah
61,Natalie
1,Nataliya
1,Natalka
2,Nataly
9,Natalya
18,Natasha
1,Natasia
1,Nataya
1,Nathaily
4,Nathalie
1,Nathaly
1,Nathy
1,Natonya
1,Natran
1,Natrishia
1,Nautica
1,Nava
1,Navada
1,Navaeha
1,Navah
1,Navea
1,Naveah
2,Naveen
1,Navi
2,Navneet
1,Navreen
1,Navsimran
1,Navy
1,Nawal
1,Nawel
5,Naya
1,Nayarit
1,Nayeli
1,Nayelli
1,Nayla
1,Nayoma
1,Nazarine
1,Ndanji
2,Neala
1,Neda
1,Nedaviah
1,Nedgma
3,Neela
3,Neely
1,Neeva
1,Neeve
1,Nefeli
1,Nefertiti
1,Negood
1,Neha
1,Nehaldeep
1,Neharika
1,Nehéma
1,Nehir
1,Nehmat
1,Neïla
1,Nejla
2,Neko
4,Nela
1,Nelanora
1,Nelia
1,Nelida
1,Nell
6,Nella
1,Nelleah
1,Nelli
1,Nellia-Phoebe-Ngoie
3,Nellie
5,Nelly
1,Neorah
1,Neriah
1,Nerissa
1,Nerjis
1,Netania
1,Netra
2,Nettie
2,Neva
1,Nevada
73,Nevaeh
2,Nevaeha
1,Nevah
9,Neve
8,Neveah
1,Never
1,Nevine
1,Nevyn
1,Neyali
1,Neyha
2,Ngoc
1,Ngoclan
1,Ngozi
1,Nha
1,Nhi
1,Nhina
3,Nia
2,Niah
1,Niamh
1,Niata
1,Nicca
4,Nichole
1,Nickal
1,Nickan
2,Nico
3,Nicola
42,Nicole
1,Nicolette
1,Nicolla
1,Niella
1,Nigara
1,Nigeen
1,Nigma
1,Nihaa
2,Nika
1,Nikela
1,Niki
1,Nikisha
6,Nikita
3,Nikki
2,Nikkita
1,Nikky
1,Nikoda
2,Nikola
1,Nikole
1,Nikolina
1,Nikoo
1,Nikyla
1,Nila
1,Nilab
1,Nilah
3,Nimrat
2,Nimrit
8,Nina
1,Nina-Alessia
1,Ninda
1,Nino
2,Niomi
1,Nisha
1,Nishat
1,Nishka
1,Nisma
1,Nisreen
1,Nithusha
1,Niveah
1,Nivindi
2,Nixon
1,Niya
1,Nizel
3,Noa
1,Noel
2,Noella
9,Noelle
1,Noemi
1,Noémi
1,Nojin
12,Nola
1,Nomsa
1,Nonsikelelo
1,Noon
6,Noor
1,Noor-Ul-Iman
1,Noor-Ul-Manahil
11,Nora
9,Norah
1,Norielle
1,Nouha
2,Nour
6,Nova
1,Novalee
1,Novalin
1,Novanna
1,Novella
1,Nowr
1,Ntalia
1,Ntembe
1,Nudba
1,Nuhamine
1,Nunay
1,Nursima
1,Nurul-eman
2,Nusaybah
3,Nya
1,Nyachudier
2,Nyadoar
1,Nyagay
2,Nyagoa
4,Nyah
1,Nyajab
1,Nyakang
1,Nyakek
1,Nyakhor
1,Nyakuoth
1,Nyalopy
1,Nyaluak
1,Nyameer
1,Nyankuer
1,Nyapal
1,Nyapuot
1,Nyariak
1,Nyaruach-Ngina
1,Nyasia
1,Nyater
1,Nyatham
1,Nyathyang
1,Nyatoang
1,Nyawarga
1,Nyawuda
1,Nyayian
1,Nyekuar
1,Nyjur
1,Nykita
4,Nyla
1,Nyomi
1,Nyrvana
1,Nyssa
1,Oakley
1,Oaklynd
6,Ocean
1,Oceana
2,Océane
1,Oceanna
1,Océanna
1,Oceanne
1,October
1,October-Rose
1,Odette
1,Oeisia
1,Olga
1,Olicia
1,Olina
1,Olisa
2,Olive
1,Oliveyah
202,Olivia
1,Olivia-Mae
1,Oluwadarasimi
1,Oluwademilade
1,Oluwapamilerinayo
1,Oluwaseun
1,Oluwaseye
1,Oluwatobi
1,Oluwatomisin
1,Olyvia
1,Omaima
1,Omaira
1,Omawumi
1,Omen
1,Omolara
1,Omolola
1,Omosefe
1,Omotayo
1,Opal
2,Ophelia
1,O'relle
1,Oreoluwa
2,Oriana
1,Orighomisan
1,Orjowan
1,Orla
1,Orlia
1,Orpa
1,Oryn
1,Osab
1,Osarumen
1,Osasumwen
1,Oshyn
1,Oshynn
1,Osob
1,Oswa
1,Ouri
1,Ovia
1,Oyinkansiola
1,Paci
2,Paeton
1,Page
1,Pahwonette
1,Paidra
89,Paige
1,Paige-Marie
1,Paighton
1,Paislee
1,Paislee-Marie
9,Paisley
1,Paiten
2,Paiton
2,Paityn
1,Paiyton
1,Paizleigh
1,Paloma
1,Pamiwendrabo
1,Paneet
1,Paola
2,Pari
8,Paris
14,Parker
1,Parleen
3,Parneet
1,Parnika
1,Parteet
1,Pashence
3,Patience
5,Patricia
1,Patridene
1,Patrisha
1,Patullia
4,Paula
1,Paulene
3,Paulina
2,Pauline
1,Pavitra
1,Paw
1,Paxton
3,Payge
1,Paytan
8,Payten
1,Paytn
37,Payton
1,Paytyn
5,Pearl
1,Pegdwendé
1,Peityn
1,Pelaheya
3,Penelope
1,Penny
1,Penny-Lee
2,Peri
1,Perla
1,Persasis
1,Persephone
1,Persius
1,Peta
8,Petra
1,Petra-Lynn
1,Peyden
1,Peyten
54,Peyton
1,Phall
1,Phenix-Lei
3,Pheonix
1,Phersayiss
1,Phiona
1,Phionna
5,Phoebe
12,Phoenix
1,Phoenix-Marie
2,Phoenyx
1,Phuong
1,Phynn
1,Piath-Gai-Mathiang-Mayak
18,Piper
2,Pippa
2,Piya
1,Pleasant
1,Poet
1,Polina
1,Polly
1,Pontnon
1,Poppy
1,Porsha
5,Portia
1,Prabhjot
2,Prabhleen
1,Prabhpreet
1,Prabhroop
1,Prabjot
1,Prabnoor
1,Praise
1,Prashika
1,Preal
4,Precious
3,Preet
1,Preetsa
1,Presea
1,Presely
2,Preslee
1,Presleigh
21,Presley
1,Presli
2,Preslie
1,Pretty
1,Prezlee
1,Prezly
1,Pria
1,Priel
1,Primnutcha
1,Princess
1,Princess-Jane
3,Priscilla
11,Priya
1,Priyal
2,Priyanka
1,Priyanshi
1,Priyavarshini
1,Promyse
1,Proudfeather
1,Psalm-Jeneah
1,Psalms
2,Puneet
1,Purneet
1,Pursayes
1,Purvi
3,Pyper
1,Pyriel
1,Qiana
1,Qiao
1,Qiara
1,Queenie
1,Quest
1,Quiana
1,Quidailah
1,Quincey
2,Quincy
24,Quinn
1,Quinnlyn
1,Quintana
1,Quynh
1,Raahima
1,Raaya
1,Rabab
2,Rabia
1,Rabnoor
14,Rachael
3,Racheal
72,Rachel
1,Rachel-Ann
8,Rachelle
1,Racquena
1,Radasin
1,Radhika
2,Rae
2,Raeah
2,Raeann
1,RaeAnna
1,Raeanne
1,Raechel
4,Raegan
1,Raegen
1,Raelee
1,Raelene
2,Raelyn
5,Raelynn
1,Rae-Lynn
1,Raelynne
1,Raelyssa
1,Raena
1,Raeqa
1,Raette
1,Raevyn
1,Raevynne-Grace
1,Raeya
1,Raezza
1,Rafael
1,Rafaela-Mae
1,Rafeala
1,Raffaella-Giovanna
1,Rafielle
1,Raguiatou
1,Raha
1,Rahini
1,Rahma
1,Railenne
2,Railyn
1,Rain
5,Raina
2,Rainbow
6,Raine
1,Rainee
1,Rainie
1,Rainn
2,Raisa
2,Raiya
1,Raizelyn
1,Rakhia
1,Raluca
2,Ralyn
1,Rama
2,Ramanpreet
2,Rameen
1,Ramira
2,Ramisha
1,Ramla
1,Ramneek
1,Ramona
1,Ramsha
1,Rana
1,Ranas
4,Randi
1,Ranea
2,Raneem
3,Rania
1,Raniyah
1,Raphaella
3,Raquel
1,Rasa
1,Rashell
1,Rashnpreet
1,Rasnik
1,Raunya
1,Rauri
5,Raven
1,Ravleen
4,Ravneet
1,Ravnoor
1,Ravynn
1,Rawaan
3,Rawan
1,Rawda
1,Rawdah
1,Rawiya
9,Raya
1,Rayaan
1,Rayahna
1,Rayann
1,Rayanna
5,Rayanne
2,Raychel
2,Raychelle
1,Raycina
3,Rayel
1,Raye-Lynn
1,Rayha
3,Rayla
2,Raylee
1,Rayleen
1,Raylin
1,Raymi
11,Rayna
7,Rayne
1,Raynebow-Roze
1,Rayonna
1,Rayowynn
1,Rayvon
1,Rayyah
2,Rayyan
1,Rayyane
1,Razan
1,Razzia
1,Rbilemo
11,Reagan
1,Rea-Jean
1,Rean
1,ReAnhna
5,Reanna
2,Reanne
1,RebaAnn
1,Rebeca
75,Rebecca
1,Rebecka
2,Rebeka
19,Rebekah
1,Reda
1,Redmond
5,Reece
6,Reegan
11,Reem
3,Reema
1,Rees
51,Reese
1,Reeyana
7,Regan
1,Reghan
1,Regina
1,Rehan
1,Rehana
1,Rehema
1,Reigan
1,Reilyn
1,Reina
1,Reina-Mangua
1,Reiss
1,Relena
2,Rena
1,Renae
1,Renata
2,Renay
8,Renee
1,Reneé
2,Renée
1,Renesa
1,Renise
1,Renna
1,Reshaelee
1,Retaj
1,Rex
1,Reya
1,Reyah
1,Reylee
2,Reyna
1,Reyshum
1,Rhael
1,Rhapsody
9,Rhea
1,Rheanna
1,Rhiana
5,Rhianna
1,Rhianne
8,Rhiannon
2,Rhiley
2,Rhiya
2,Rhoda
1,Rhodae
1,Rhonda
1,Rhya
2,Rhyan
1,Rhyin
1,Rhylie
1,Rhylinn
1,Rhynn
6,Rhys
3,Ria
5,Rian
3,Riana
1,Riane
5,Rianna
1,Rianne
1,Ribal
3,Richelle
1,Richlyn
3,Rida
1,Riddhi
1,Ridleigh
2,Rielle
1,Riham
10,Rihanna
1,Rileigh
36,Riley
1,Rilyn
1,Rilynn
1,Rimaz
1,Rimsha
1,Rinoa
1,Rio
1,Rio-Belle
1,Risa
1,Rishita
1,Rita
1,Ritti
2,River
8,Riya
1,Roberta
5,Robin
13,Robyn
1,Robyn-Marie
3,Rochelle
1,RocRock
1,Rodela
1,Rohanna
1,Róisín
1,Rojeen
1,Rojin
1,Rokiya
2,Roma
2,Romi
1,Romy
2,Ronielle
2,Ronin
1,Ronitta
1,Ronlyn
1,Roopanjeet
1,Roos
1,Rorey
3,Rori
2,Rorie
5,Rory
3,Rosa
1,Rosabella
1,Rosabelle
1,Rosali
2,Rosalie
1,Rosalind
3,Rosanna
11,Rose
1,Rose-Aimée
1,Rosealynne
2,Roseann
2,Roseanne
1,Rosemarie
2,Rosemary
1,Rosena
3,Rosheen
1,Roshni
2,Rosie
1,Rosy
1,Rousle
20,Rowan
1,Rowana
4,Rowen
1,Rowida
5,Rowyn
1,Roxana
1,Roxane
8,Roxanne
1,Roxanne-Julia
4,Roxy
1,Roya
1,Rozeena
1,Rozi
1,Rozina
1,Rozlynn
1,Ruairí
1,Rubi-Jewel
1,Rubina
1,Rubith
28,Ruby
1,Ruchi
1,Rudi
1,Ruhi
1,Ruhina
1,Rukaya
1,Rukeya
1,Rukhshan
1,Rukiya
1,Rukkiyya
1,Ruly
1,Rumaisa
2,Rumaysa
1,Ruqaia
1,Rusha
7,Ruth
1,Ruth-Ann
1,Ruvarashe
1,Ruxandra
1,Rvnoor
5,Rya
4,Ryah
7,Ryan
3,Ryann
6,Ryanna
1,Ryanne
1,Ryca
3,Ryder
1,Ryelle
2,Ryen
1,Ryenn
1,Ryenne
3,Ryla
4,Rylan
1,Rylann
2,Rylea
22,Rylee
13,Ryleigh
1,Rylen
12,Ryley
1,Ryli
13,Rylie
1,Rylier
1,Ryliey
1,Rylin
1,Rylinn
2,Rylyn
1,Rylynn
1,Rylynne
1,Rymel
1,Ryna
1,Ryver
1,Saamia
2,Saanya
2,Saba
1,Sabeen
1,Sabella
1,Sabhianna
1,Sabine
2,Sabreen
1,Sabrielle
15,Sabrina
3,Sabrine
1,Sabylla
2,Sada
1,Sadayah
2,Sade
1,Sadee
1,Sadey
1,Sadi
1,Sadia
94,Sadie
1,Sadie-May
1,Sadie-Rae
1,Sadika
1,Saede
1,Saedrie
1,Saela
5,Safa
1,Safaa
1,Saffi
2,Saffron
1,Safia
1,Sagal
16,Sage
1,Saghar
1,Sahaanah
1,Sahaar
2,Sahana
6,Sahara
1,Saharrah
1,Sahej
2,Sahiba
1,Sahij
1,Sai
1,Saidee
8,Saige
2,Saihajleen
1,Saika
1,Saile
1,Saimaa
1,Saira
1,Sajel
1,Sakina
2,Sakura
1,Salacia
1,Saleen
1,Salem
1,Salena
1,Salia
1,Salix
1,Saliya
4,Sally
10,Salma
1,Sam
1,Sama
121,Samantha
1,Samantha-Storm
1,Samar
9,Samara
1,Samarah
1,Samàrah
1,Samaura
2,Samaya
1,Samea
1,Sameeha
1,Samera
3,Samia
6,Samira
1,Samiyah
1,Samiyya
1,Samlene
3,Sana
2,Sanaa
1,Sanamjot
1,Sandeep
1,Sandhya
8,Sandra
1,Sandraa
1,Sandrea
1,Sanduni
1,Sania
1,Sanjampreet
2,Sanna
1,Sannah
1,Santaya
1,Sanuel
1,Sanvi
1,Saoirse
1,Saphaia
3,Saphira
2,Saphire
1,Saphra
1,Saphryn
3,Sapphire
1,Sapphyre
71,Sara
1,SaraAnn
1,Sara-Ann
1,Sarabella
1,SaraBeth
1,Sarafima
203,Sarah
1,Sarahann
1,Sarah-Ann
1,Sarah-Jay
1,Sarah-Jean
1,Sarah-Rose
1,Sara-Jade
1,Sara-Lee
1,Sara-Louise
1,Saran
1,Saranda
1,Saraphene
1,Sarbraj
1,Sarena
1,Saria
1,Sariah
6,Sarina
1,Sarine
1,Sarinna
1,Sarish
1,Sarita
3,Sariyah
1,Saron
2,Saroop
1,Sarra
1,Sarrie
1,Sasa
21,Sasha
1,Saskia
1,Sassa
1,Satara
1,Satira
1,Saturday
1,Satya
1,Saumya
3,Savana
5,Savanah
26,Savanna
63,Savannah
1,Savannah-Jace
1,Savavia
1,Savina
1,Savita
6,Sawyer
1,Saxony
4,Saya
1,Sayaka
5,Saydee
1,Saydie
1,Sayla
1,Sayler
1,Saylor
2,Sayuri
1,Sazel
6,Scarlet
23,Scarlett
1,Scarlette
4,Scotia
1,Scotlyn
1,Scottlin
1,Seaanna
1,Seaira
1,Seana
1,Seandra
8,Seanna
1,Searra
1,Sebat
1,Sedona
1,Sedra
1,Seeana
2,Seerat
1,Seerit
1,Seguin
1,Sehar
1,SeHyun
1,Seiara
2,Seiarra
1,Seirra
1,Seirre
1,Seja
1,Sekoya
1,Sela
1,Selah
1,Selam
1,Seleana
12,Selena
1,Selena-Marie
1,Selene
1,Selin
6,Selina
1,Selma
1,Semarpeet
1,Semira
1,Senait
1,Seneca
3,Senna
1,Senzokuhle
1,Seo
1,Seonidh
1,Sephira
1,Sephora
1,Sephra
1,Sequoia
2,Sera
1,Seraphim
1,Seraphina
1,Serapina
1,Seraya
1,Seren
18,Serena
6,Serene
29,Serenity
1,Serenna
1,Serenyti
1,Serianna
1,Seriena
1,Serin
2,Serina
1,Serinity
2,Serra
1,Serrah
1,Sevinn
1,Sevonna
1,Seyara
1,Seykoya
1,Shaanvi
1,Shabana
1,Shada
1,Shadia
1,Shadilyn
9,Shae
1,Shae-Ann
1,Shaefer
3,Shaela
1,Shaelee
4,Shaelyn
1,Shae-Lyn
7,Shaelynn
1,Shae-lynn
1,Shafia
1,Shahayla
1,Shahida
1,Shahinaz
1,Shaian
1,Shaila
1,Shaimaa
3,Shaina
1,Shainah
1,Shaira
1,Shajan
1,Shakayah
1,Shakila
2,Shakira
1,Shalaya
1,Shalayah
1,Shalenna
1,Shalin
1,Shaliyah
1,Shallane
1,Shally
1,Shalom
2,Shalynn
1,Shamea
2,Shana
4,Shanae
1,Shanali
2,Shanaya
1,Shanaye
1,Shanayia
1,Shandel
2,Shandelle
1,Shane
5,Shanelle
5,Shania
1,Shanice
1,Shanika
1,Shanisha
1,Shaniya
3,Shanna
2,Shannae
8,Shannon
1,Shantal
2,Shantel
1,Shantella
2,Shantelle
1,Shanti
1,Sharan
1,Sharay
1,Shari
2,Sharifa
1,Sharita
1,Sharla
2,Sharlee
2,Sharlene
1,Sharlet
1,Sharlett
1,Sharlynn
2,Sharon
1,Sharrie
1,Shasta
2,Shatha
1,Shaumya
1,Shauna
1,Shaunic
1,Shauntai
1,Shaunti
1,Shavelle
2,Shawna
1,Shawndai
1,Shawnee
1,Shawnelle
1,Shawntia
5,Shay
4,Shaya
1,Shayan
1,Shayanne
1,Shaye
26,Shayla
2,Shaylah
1,Shaylan
2,Shayle
2,Shaylea
7,Shaylee
1,Shay-Lee
1,Shayleigh
1,Shay-leigh
1,Shaylen
2,Shaylene
1,Shayliee
2,Shaylin
3,Shaylyn
1,Shaylyne
2,Shaylynn
1,Shay-Lynn
1,Shaymaa
4,Shayna
1,Shayne
1,Shaynine
1,Shaza
1,Shazia
1,Shazney
6,Shea
1,Sheakinah
1,Sheala
3,Shealyn
1,Sheaya
1,Sheeraz
1,Sheila
5,Shekinah
1,Shelbea
3,Shelbie
30,Shelby
1,Shelby-Lynn
1,Shelby-Paige
1,Shelby-Rae
1,Shelleah
1,Shelley
2,Shelly
1,Shena
1,Shenay
1,Shenaya
1,Shenel
1,Shentel
1,Sheray
1,Sheree
1,Sherese
3,Sheridan
1,Sheriden
1,Sheridyn
1,Sherifa
1,Sheri-Jean
1,Sherilyn
1,Sherina
1,Sherine
3,Sherry
2,Sheryl
1,Sheryl-lynn
1,Shevaun
1,Shevie
1,Shgan
1,Shian
1,Shiana
1,Shianna
1,ShiEva
1,Shifra
1,Shikila
2,Shila
1,Shila-Marie
1,Shilee
4,Shiloh
1,Shilow
1,Shineil
4,Shirley
1,Shivangi
1,Shivani
1,Shivanshi
1,Shiza
1,Sholée
1,Shonté
1,Shouq
1,Shree
3,Shreya
1,Shriya
1,Shrusti
1,Shryna
1,Shubhdarsh
1,Shulamite
1,Shumaila
2,Shya
1,Shyana
1,Shyann
9,Shyanne
1,Shyia
5,Shyla
2,Shylee
1,Shyleigh
1,Shylo
2,Shyloe
2,Shyma
1,Shymá
1,Si
1,Sian
2,Siana
2,Sianna
1,Siannah
1,Sianne
4,Siarra
1,Sid
1,Siddalee
1,Siddhi
1,Sidnee
5,Sidney
1,Sidra
1,Sidra-Tul-Muzammil
1,Siedra
7,Siena
54,Sienna
4,Siera
1,Sierah
41,Sierra
1,Sierra-Ann
1,Sifah
1,Signi
1,Siham
1,Siipi
1,Silas
1,Silka
1,Silken
1,Silvia
1,Simar
1,Simernit
1,Simerpreet
1,Siminpreet
19,Simone
2,Simra
1,Simrah
12,Simran
1,Simrandip
2,Simrat
1,Simrit
1,Simy
1,Sin
1,Sina
2,Sinead
1,Sinna
6,Siobhan
1,Siri
1,Sirrah
1,Sirrena
2,Sitara
1,Sivane
2,Siya
1,Siyonna
4,Sky
15,Skye
4,Skyla
2,Skylah
18,Skylar
4,Skyler
1,Skylynn
1,Skyye
4,Sloan
7,Sloane
1,Sneha
1,Sobhanii
1,Sochinyere
1,Sofi
41,Sofia
1,Sofía
1,Sofiah
6,Sofie
1,Sofija
2,Sofiya
4,Soha
1,Sohaila
1,Sohani
1,Sohanna
1,Sohila
1,Sol
1,Solana
1,Solange
1,Solara
1,Solayah
1,Soleil
1,Solianna
1,Solida
1,Solin
1,Soliyana
1,Solome
1,Solomiya
1,Somher
1,Somonta
1,Somwyn
1,Sona
8,Sonia
2,Sonja
3,Sonya
1,Sophea
1,Sophi
170,Sophia
126,Sophie
1,Sophina
1,Sophitia
2,Soraya
1,Souad
1,Soumaya
1,Sousen
1,Souson
1,Sparrow
2,Spencer
1,Sree
1,Srishti
1,Stacia
1,Star
2,Starla
1,Starrlin
1,Stefania
4,Stefanie
18,Stella
31,Stephanie
1,Stephany
1,Stesha
2,Stevie
1,Storm
2,Story
1,Sucdi
1,Sude
1,Suhaani
1,Suhana
2,Suhani
1,Suhina
1,Suhnju
1,Sukaina
1,Sukey
1,Sukheetha
1,Sukhkiran
2,Sukhleen
1,Sukhleena
6,Sukhman
1,Sukhmandeep
3,Sukhmani
1,Sukhmeen
1,Sukhreet
1,Sukran
1,Sumaya
1,Sumayah
1,Sumeja
54,Summer
1,Summerlynn
1,Sun
1,Sunali
1,Sunanda
1,Sundandra
2,Sunnie
3,Sunshine
1,Sunshyne
1,Sunveen
1,Supanjot
2,Supreet
2,Suraya
1,Sureet
6,Suri
1,Surya
4,Susan
1,Susanna
1,Susannah
1,Sushanti
8,Susie
1,Susu
1,Susy
1,Sutherland
2,Sutton
1,Suvi
1,Suwebah
1,Suzan
1,Suzana
1,Suzannah
1,Sverra
1,Svetlana
1,Swann
1,Swaye
1,Swjood
1,Syara
3,Sydnee
95,Sydney
2,Sydnie
1,Sydny
1,Syeda
1,Syena
1,Syera-Lynn
1,Syetha
2,Sykora
4,Sylvia
1,Sylvie
2,Symone
1,Symony
1,Synceir
1,Syndal
1,Synevie
1,Syranda-Mae
1,Syree
1,Tabatha
2,Tabea
1,Tabetha
3,Tabitha
1,Tace
1,Tacey
1,Tacie
1,Tacori
1,Taea
1,Taegan
1,Taela
1,Taelan
2,Taelor
1,Taelyn
1,TaeLynn
1,Taesha
1,Taevanna
4,Taeya
1,Tahairah
1,Tahara
1,Tahirah
1,Tahlea
5,Tahlia
2,Tahreem
1,Tahsina
1,Taia
2,Taija
1,Tailor
1,Taimiyah
6,Taiya
2,Taiza
1,Taja
1,Takaleah
1,Takara
1,Takeena
1,TaKira
1,Takisha
1,Takoda
1,Takwa
5,Tala
1,Ta'lana
2,Talayna
1,Taleah
1,Talecia
1,Talena
14,Talia
2,Taliah
1,Talila
1,Talillah
1,Talin
2,Talina
1,Taline
1,Talitah
3,Talitha
1,Taliya
2,Taliyah
1,Tallulah
1,Talya
3,Talyn
7,Tamara
1,Tameeka
1,Tameka
3,Tamia
1,Tamieka
1,Tamiesha
1,Tammy
1,Tamseelah
1,Tamsyn
1,Tanacia
2,Tanaia
1,Tanaka
1,Tanay
1,Tandip
1,Taneasha
1,Tanekeei
1,Taniah
1,Taniiah
2,Tanika
3,Tanis
8,Tanisha
1,Tanj
1,Tannah
1,Tannaya
1,Tanner
2,Tannis
1,Tanvi
2,Tanvir
4,Tanya
1,Tanye
1,Tanyta
1,Taonie
14,Tara
1,Tara-Adel
1,Tara-Jane
1,Taralyn
1,Tara-Lynn
1,Tarandeep
1,Taressa
1,Tarini
1,Tarnjoht
1,Tarryn
18,Taryn
2,Tarynn
4,Tasha
1,Tasheila
1,Tashianna
2,Tashina
4,Tasia
1,Taslene
3,Tasneem
1,Tasnem
1,Tasnim
1,Tassarun
1,Tassjea
1,Tateanna-Marie
8,Tatiana
1,Tatianna
13,Tatum
2,Tatyana
1,Tavaha
3,Tavia
1,Tavianne
1,Tawni
1,Tawny
21,Taya
4,Tayah
1,Tayana
1,Tayce
2,Tayelor
1,Taye-Lynn
1,Tayen
1,Taygan
9,Tayla
2,Taylah
1,Taylan
2,Taylee
6,Tayler
1,Tayller
145,Taylor
1,Taylore
1,Taylor-Lynn
2,Taylynn
1,Taymin
2,Taysha
1,Tayte
1,Taytem
3,Taytum
1,Tayven
2,Tayvia
1,Tayza
1,Taziana
2,Tea
4,Téa
35,Teagan
1,Teagean
4,Teaghan
1,Teagon
1,Teaijah
1,Teaira
1,Teal
1,Teala
1,Teanna
1,Téara
1,Tearah
3,Teegan
1,Teeghan
1,Teena
14,Tegan
3,Tehya
4,Teigan
1,Teija
1,Teixa
1,Teja
1,Tekli
1,Tekoa
1,Teliesha
1,Telina
1,Tenasia
1,Tendai
1,Tenecia
1,Teneshe
2,Tenika
1,Tenzin
1,Teodora
1,Teresa
1,Terese
1,Teri
1,Teri-anna
1,Terra
2,Terrace
1,Terraine
2,Terri
1,Terrissa
2,Teryn
1,Tesa
1,Tesla
7,Tess
36,Tessa
1,Teuta
1,Teva
1,Tevary
2,Teya
1,Teyarra
1,Teyla
1,Teylor
1,Teysen
1,Tezlyn
2,Thalia
1,Thanh
2,Thao
1,Tharuli
6,Thea
1,Théa
1,Thembeka
1,Theodora
2,Theola
1,Theresa
1,Therese
1,Thérèse
1,Thilan
1,Thistle
22,Tia
1,Tiahnna
1,Tia-Lou
12,Tiana
1,Tianhao
15,Tianna
1,Tiannia
2,Tiara
1,Tiarah
3,Tiegan
1,Tienn
1,Tiera
1,Tierion
1,Tierna
1,Tierney
1,Tierra
13,Tiffany
1,Tijana
1,Tikerah
1,Tila
1,Tilmyn
12,Tina
1,Tiona
1,Tiree
1,Tirzah
1,Titin
1,Tiyana
1,TJ
1,Tobie
1,Tomisin
3,Toni
1,Tonie
2,Tonya
1,Torey
15,Tori
1,Torie
2,Torri
1,Tory
1,Tosha
1,Toto
1,Tova
1,Tove
2,Tracey
3,Tracy
2,Traeh
1,Tram
1,Tranadine
1,Treasure
1,Treena
1,Trenidy
1,Tressa
3,Trina
1,Trinidy
1,Trinitee
39,Trinity
3,Trisha
1,Trishellen
1,Trishna
3,Trista
4,Tristan
4,Tristen
2,Tristyn
2,Tru
3,Trudy
3,True
2,Trystyn
1,Tsai-Ann
1,Tsukino
1,Tsz
1,Tulia
1,Tunisha
1,Tuscany
1,Tutu
1,Tvera
1,Tvisa
1,Twila
1,Twyla
1,Tyana
1,Tyann
1,Tyanna
1,TyeLynn
1,Tyffanie
1,Tyjana
6,Tyla
1,Tylar
3,Tylee
1,Tyleigh-Anne
6,Tyler
1,Tylie
1,Tyne
1,Tyneal
1,Tyneesha
1,Tynnel
6,Tyra
1,Tyrain
1,Tzeira
1,Ulyssa
1,Uma
1,Umama
1,Umayma
1,Umi
1,Una
1,Unique
1,Unity
1,Unnamalai
1,Upulitha
1,Usra
1,Uzochi
1,Vada
1,Vaetta
1,Valencia
9,Valentina
3,Valerie
1,Valija
1,Vallee
1,Valory
2,Vaneet
1,Vaneeza
32,Vanessa
1,Vanya
1,Varisha
1,Varvara
1,Vassilisa
1,Veda
1,Veerah
1,Velma
1,Vendeda
1,Venesia
2,Venessa
1,Venice
1,Venissa
2,Venus
1,Veola
4,Vera
19,Veronica
1,Veroníca
1,Veronica-Alexa
2,Veronika
1,Vhinarenz
1,Vianne
1,Vicki
2,Vicky
68,Victoria
1,Victoria-Gabriella
3,Vida
1,Vidhi
1,Vidya
9,Vienna
1,Vina
1,Vineet
1,Vinisha-Lyn
1,Vinpreet
1,Vintage
2,Viola
20,Violet
1,Violeta
1,Violla
1,Virginia
1,Vishwa
1,Vista
1,Vita
1,Vitoria
11,Vivian
2,Viviana
1,Viviane
1,Vivianna
1,Vivicah-Sirui
1,Vivienne
1,Vong
1,Vonita
1,Vy
1,Vyctoria
1,Vytaute
1,Wajeeha
1,Wajjma
1,Wanda
1,Waneayah
2,Wania
1,Waniya
1,Waverly
1,Wen
1,Wendi
4,Wendy
1,Wes-Leigh
1,Whey-Ana
1,Whisper
5,Whitney
1,Widu-Ganuthad
2,Wilhelmina
2,Willa
1,Willemijn
17,Willow
2,Wilma
1,Wilson
1,Winnie
1,Winny
1,Winona
4,Winter
1,Wreesah
2,Wren
1,Wyllo
2,Wynn
2,Wynter
1,Wynterlyn
1,Wynter-Rosemary
1,Xara
1,Xaviera
1,Xenia
1,Xiangyu
2,Ximena
1,Xiomara
1,Xylar
1,Xyrhl
1,Ya
1,Yan
3,Yana
1,Yanida
1,Yanna
1,Yar
5,Yara
1,Yaretzi
1,Yasamine
1,Yasmeen
6,Yasmin
3,Yasmina
4,Yasmine
1,Yassmin
1,Yazeera
1,Yazmin
1,Yeinny
1,Yeléna
1,Yemishat
1,Yemisirach
1,Yen
1,Yesmeen
1,Yetunde
1,Yifei
1,Yik
1,Yohanna
1,Yolanda
1,Yomade
1,Yoona
3,Ysabel
1,Ysabella
1,Ysabelle
1,Yuha
1,Yuka
1,Yuki
1,Yulia
1,Yumiko
2,Yumna
1,Yuol
1,Yurdanos
1,Yuri
3,Yusra
1,Yustyna
1,Yvanna
1,Yvelyn
2,Yvette
4,Yvonne
1,Yzabel
1,Yzabelle
1,Zaarah
1,Zabrina
1,Zaema
2,Zahara
1,Zaharah
10,Zahra
1,Zahya
1,Zaiba
1,Zaijun
1,Zaima
1,Zain
1,Zaina
6,Zainab
1,Zaina-Vi
1,Zainb
1,Zainub
2,Zaira
1,Zakiya
1,Zakkiyya
1,Zalin
1,Zamber
1,Zamzam
1,Zandree
1,Zandreya
1,Zanib
1,Zanna
1,Zanya
8,Zara
3,Zarah
4,Zaria
1,Zarina
1,Zarrah
1,Zasia
1,Zavanna
1,Zaviera
1,Zayah
1,Zayna
1,Zaynab
1,Zaynah
1,Zaynb
1,Zaynib
2,Zéa
1,Zeaira
1,Zealan
1,Zeandra
1,Zeena
1,Zehra
2,Zeina
1,Zeineb
1,Zelal
2,Zenia
1,Zenna
1,Zenyssa
1,Zephera
1,Zerkhez
1,Zerneb
1,Zetta
1,Zeynep
1,Zhadra
1,Zhanna
1,Zheng
1,Zhiling
1,Zhraa
1,Zia
1,Ziada
1,Ziah
3,Ziana
1,Ziayah
1,Zienab
1,Zion
1,Zirwa
1,Zita
1,Zivah
1,Ziya
1,Ziyu
67,Zoe
3,Zoé
9,Zoë
2,Zoee
1,Zoelle
1,Zoe-Lynn
36,Zoey
1,Zoey-Léa
1,Zoeylin
1,Zoey-Marie-Gail
2,Zofia
3,Zoha
1,Zohell
1,Zoia
1,Zola
1,Zontayiah
1,Zoriana
1,Zoryana
2,Zosia
1,Zsófia
1,Zuleyka
1,Zuri
1,Zuzana
1,Zuzanna
1,Zwangjok
1,Zyanna
1,Zyiah
2,Zymal
1,Zymel
1,Zyrah