1,Aafaf
1,Aafreen
1,Aahana
1,Aahliya
1,Aahna
1,Aaima
1,Aaisha
1,Aaleah
20,Aaliyah
1,Aalyah
2,Aamal
1,Aanchal
1,Aanya
2,Aara
1,Aaralynn
1,Aaris
1,Aarohi
1,Aarushi
2,Aarya
1,Aashiana
1,Aashley
1,Aastha
1,Aatikah
1,Aayla
1,Aaylah
3,Abagail
1,Abagaile
1,Abbagail
1,Abbagale
1,Abbegail
9,Abbey
1,Abbey-Gail
1,Abbi
5,Abbie
13,Abbigail
1,Abbigale
2,Abbigayle
38,Abby
7,Abbygail
1,Abbygayle
1,Abegail
1,Abegayle
1,Abelie
1,Abelynne
1,Abeni
1,Abha
1,Abiageal
4,Abigael
142,Abigail
1,Abigail-Falda-Bukuru
1,Abigal
7,Abigale
1,Abigayl
7,Abigayle
1,Abigeal
1,Abika
1,Abrar
1,Abree
1,Abria
1,Abriel
1,Abuk
1,Abul
1,Abule
1,Abuoch
2,Abygail
1,Abygale
1,Acadia
1,Acahkos
1,Acasia
1,Accastia
1,Accayla
1,Acelyn
1,Aceya
2,Achai
1,Achan
1,Achayo
1,Achia
1,Acira
1,Acyaey
14,Ada
1,Adaa
1,Adaleine
4,Adalie
1,Adaline
2,Adalyn
3,Adan
1,Adanya
1,Adar
1,Adara
1,Adasyn
1,Addelyn
1,Addi
1,Addie
1,Addilynne
1,Addisan
115,Addison
1,Addisson
5,Addisyn
1,Addley
2,Addy
2,Addysen
13,Addyson
1,Adeana
1,Adebanke
1,Adebisi
1,Adeeb
1,Adeeba
1,Adela
1,Adelade
4,Adelaide
2,Adelaine
4,Adele
1,Adelina
6,Adeline
1,Adell
5,Adelle
8,Adelyn
2,Adelynn
1,Ademi
1,Adeng
1,Aderinola
1,Adi
1,Adia
1,Adiena
1,Adila
1,Adilyah
1,Adilyn
3,Adina
1,Adisa
1,Adishri
5,Adison
2,Adisyn
1,Adisynne
1,Adiyam
1,Adley
1,Adongway
1,Adreanna
1,Adrena
1,Adreyana
10,Adria
1,Adriahn
2,Adrian
9,Adriana
12,Adrianna
1,Adrianna-Lee
2,Adrianne
1,Adriel
1,Adrielle
1,Adrien
1,Adriena
1,Adriene
2,Adrienne
1,Adrija
1,Adrijana
1,Adyelin
1,Adysen
5,Adyson
1,Aeden
1,Aela
1,Aelah
1,Aelina
1,Aemi
1,Aerial
1,Aeriannah
1,Aeriel
1,Aerilyn
1,Aeris
1,Aeryn
1,Aesa
1,Afeefah
1,Afi
2,Afton
1,Afua-Atwima
1,Aganetha
1,Agata
12,Agatha
1,Aggie
1,Agnes
1,Aguil
1,Aguk
1,Ahana
1,Ahky
1,Ahlam
1,Ahlan
1,Ai
5,Aida
3,Aidan
1,Aideen
2,Aiden
2,Aidyn
1,Aidynn
1,Aiknoor
1,Aila
2,Aileen
1,Aili
1,Ailian
1,Ailsa
1,Aiman
1,Aime
5,Aimee
3,Aimée
2,Áine
2,Ainslee
31,Ainsley
1,Ainsli
2,Ainslie
1,Airi
18,Aisha
1,Aishah
1,Aishleen
1,Aishwarya
1,Aisley
1,Aislin
2,Aislinn
2,Aislyn
2,Aislynn
1,Aistlinn
1,Aithley
4,Aiva
1,Aivah
1,Aivree
1,Aiya
3,Aiyana
1,Aiyanna
1,Aiza
2,Aizah
1,Aja
1,Ajak
1,Ajla
1,Ajsa
1,Ajunga
1,Ajya
1,Akaesha
1,Akansha
3,Akasha
1,Akashdeep
1,Akeelah
1,Akeeshia
1,Akeighla
1,Akila
1,Akilay
1,Akimi
1,Akira
1,Akosua
1,Akrati
1,Akshaya
1,Akuc
1,Akuol
1,Akyra
5,Alaa
1,Alabama
9,Alaina
1,Alaira
1,Alaiya
12,Alana
2,Alanah
1,Alana-Marie
1,Alandra
12,Alanna
3,Alannah
1,Alaska
1,Alaura
2,Alaya
6,Alayna
1,Alaynna
1,Alaythia
1,Albana
1,Alberta
1,Aldawna
1,Aldyn
1,Alea
6,Aleah
1,Aleaha
1,Aleatha
1,Alecsandra
1,Alectra
1,Aleeah
10,Aleena
1,Aleeya
4,Aleeza
1,Alegra
1,Aleida
2,Aleigha
2,Alejandra
1,Aleksandra
1,Alekzandra
7,Alena
1,Alera
1,Ales
1,Alese
2,Alesha
1,Alesia
1,Alessa
5,Alessandra
5,Alessia
1,Aletha
1,Aletheia
4,Alex
43,Alexa
1,Alexah
55,Alexandra
1,Alexandrea
15,Alexandria
1,Alexandrina
1,Alexane
2,Alexi
12,Alexia
1,Alexie
106,Alexis
1,Alexsa
1,Alexsandra
1,Alexsis
1,Alexsys
3,Alexus
4,Alexys
1,Alexzandriah
1,Alexzys
1,Alfie
5,Ali
10,Alia
2,Aliana
1,Alianna
19,Alice
1,Alice-Eden-Cloretta
1,Alicen
1,Aliceya
25,Alicia
1,Aliciah
1,Alida
1,Alika
9,Alina
1,Alinah
1,Alina-Sahra
4,Alisa
1,Alisabeth
1,Alisah
10,Alisha
1,Alishbah
13,Alison
11,Alissa
1,Alissandra
1,Alita
1,Alith
17,Alivia
1,Alixe
9,Aliya
22,Aliyah
1,Aliya-Mykal
1,Aliye
6,Aliza
1,Aliza-Leigh
1,Alize
1,Alizia
1,Allah-Denai
1,Allan
1,Allana
1,Allaynnia'Mae
1,Alleanna
1,Allee
5,Allegra
1,Alleigh
1,Alleshia
1,Alley
5,Alli
1,Alliandra
15,Allie
1,Allie-Rose
1,Alli-Mae
1,Allina
1,Allisa
19,Allison
1,Allissa-Lynn
2,Alliyah
1,Allure
6,Ally
1,Allya
1,Allyana
1,Allyanna
1,Allysha
9,Allyson
3,Allyssa
1,Alma
1,Alonna
5,Alora
1,Alphonse
1,Althea
1,Aluel
1,Aluet
1,Aluiet
1,Alvanna
1,Alveera
1,Alweena
1,Aly
2,Alyana
1,Alyanna
3,Alycia
1,Alyee
1,Alyese
2,Alyia
1,Alyna
3,Alysa
1,Alyse
1,Alysen
10,Alysha
1,Alyshia
2,Alysia
4,Alyson
94,Alyssa
1,Alyssah
1,Alyssa-Lynn
1,Alysse
4,Alyssia
1,Alyvia
1,Alyxis
1,Alzeena
1,Amaana
1,Amaara
1,Amaarya
1,Amadea
1,Amaka
1,Amal
1,Amali
3,Amalia
2,Amalie
1,Amana
3,Amanat
28,Amanda
1,Amanda-Rose
4,Amani
1,Amanpreet
1,Amanveer
9,Amara
1,Amarah
1,Amaraih
2,Amariah
2,Amaris
18,Amaya
2,Ambar
31,Amber
1,Amberle
1,Amber-Leigh
1,Amber-Lin
2,Amberlynn
1,Ambrie
1,Ambriel
1,Ambrielle
1,Ambryn
1,Ameemah
5,Ameera
1,Ameesha
1,Ameet
1,Ameira
1,Amel
64,Amelia
1,Amelia-Anne
12,Amelie
7,Amélie
2,Amelle
1,Amenah
1,Amera
1,America
1,Amerie
1,Ameris
1,Amerrah
2,Amery
2,Amethyst
1,Ami
2,Amia
1,Amiah
1,Amiasú
2,Amica
4,Amie
1,Amiellia
1,Amika
1,Amilia
1,Amilya
8,Amina
1,Aminah
1,Amir
8,Amira
3,Amirah
1,Amirlan
1,Amisha
1,Amitis
2,Amiya
2,Amiyah
1,Ammi
4,Amna
1,Amne
1,Amneet
1,Amnit
1,Amor
1,Amora
1,Amorelle
1,Amran
1,Amree
2,Amreen
1,Amrit
1,Amrita
1,Amritaa
1,Amtul
49,Amy
1,Amy-Hosanna
1,Amy-Jade
1,AmyJo
1,An
10,Ana
4,Anabella
4,Anabelle
1,Anaïs
1,Anaiya
2,Anaka
1,Analeigh
2,Analiese
1,Analyse
1,Anamika
2,Anara
1,Anarchy
1,Anasia
1,AnaSofia
2,Anastacia
1,Anastaisa
10,Anastasia
1,Anastasija
1,Anastatia
1,Anay
6,Anaya
1,Anberlin
1,Anchita
1,Ande
1,Andee
1,Anderson
1,Andi
1,Andia
5,Andie
1,Andie-mae
1,Andorra
1,Andraya
25,Andrea
1,Andreea
3,Andreya
1,Andriana
1,Andriena
1,Andromeda
1,Andy
1,Aneeba
1,Aneeqa
4,Aneesa
1,Aneesha
1,Aneet
1,Anele
1,Anelle
1,Aneno
1,Aneshia
1,Anfal
1,Anfisa
21,Angel
18,Angela
1,Angelee
3,Angelene
1,Angelia
10,Angelica
1,Angelie
3,Angelika
1,Angeliki
39,Angelina
1,Angeline
1,Angelique
1,Angelle
1,Angel-Lee
1,Angellei
1,Angelyn
3,Angie
2,Angong
1,Anguau
3,Ania
1,Aniah
1,Anica
1,Anidita
1,Anik
19,Anika
1,Anikka
1,Anikó
1,Aniksha
1,Anilina
4,Anisa
2,Anisha
1,Anissa
10,Anita
3,Aniya
2,Aniyah
5,Anja
1,Anjah
2,Anjali
1,Anjana
1,Anjanna
1,Anjelica
1,Anjelie
1,Anjelle-Rae
1,Anjileta
1,Anjolie
1,Anjou
1,Anjralee
1,Anmol
8,Ann
97,Anna
5,Annabel
2,Annabell
8,Annabella
1,Anna-Bella
19,Annabelle
1,AnnaBelle
1,Annael
1,Annahad
2,Annaka
1,Annalaine
1,Annaleigh
1,Annalie
2,Annaliese
1,Annaliesse
1,Annalisa
6,Annalise
1,Annalyse
1,Annamaria
2,Anna-Maria
1,Anna-Marie
1,Annango
1,Annarose
1,AnnaSophia
1,Annastazya
3,Anne
1,Anneika
1,Anneka
1,Annèka
1,Anneke
3,Anneliese
4,Annelise
1,Annelize
1,Annelle
3,Annette
1,Anngel
1,Annick
16,Annie
26,Annika
1,Annisa-rea
1,Anniya
1,Annora
1,Annouk
2,Anny
2,Annya
1,Anoosha
1,Anousha
1,Anoushka
1,Anslei
1,Anteah
2,Antheia
2,Antonia
1,Anuradha
4,Anureet
1,Anushka
1,Anushua
1,Anvi
1,Anwen
18,Anya
1,Anyanchien
1,Anyang
2,Anyanka
1,Anyet
1,Anyicia
2,Anyka
1,Anyra
5,Aoife
1,Aoki
1,Apallona
1,Apial
15,April
1,Apryl
1,Arabel
5,Arabella
1,Arabelle
1,Arame
1,Arandeep
4,Araya
1,Arden
2,Areeba
1,Areefa
2,Areej
1,Areen
1,Areesha
2,Arek
1,Areka
1,Arelene
2,Arely
1,Aresha
2,Arfa
1,Arghawan
1,Arhama
1,Ari
8,Aria
2,Ariadna
18,Ariana
1,Ariane
27,Arianna
1,Arianny
1,Ariba
1,Aricia
9,Ariel
2,Ariela
4,Ariella
9,Arielle
1,Arielle-Izabela
1,Arihanna
1,Arilyn
1,Arin
2,Arina
2,Arionna
1,Aris
1,Arisma
2,Arissa
1,Arisu
1,Ariyana
1,Arlanda
1,Arlee
1,Arlee-Jo
1,Arlena
1,Arlene
1,Arley
1,Arnaaz
1,Arni
1,Aroush
1,Arpan
1,Arra
1,Arrianna
1,Arsema
1,Arsheen
1,Arshia
1,Arshida
1,Arshmeet
1,Artemis
1,Artiola
1,Aru
1,Arub
1,Aruna
3,Arwen
1,Arwin
2,Arwyn
5,Arya
2,Aryana
4,Aryanna
1,Aryella
2,Aryka
1,Arynn
1,Arysha
1,Arzoo
1,Asala
1,Asaura
3,Aseel
3,Asha
1,Ashanti
1,Ashaya
1,Ashbe
1,Ashéa
1,Ashel
1,Ashely
1,Ashia
1,Ashiana
1,Ashlea
2,Ashlee
1,Ashlee-Lynne
1,Ashleen
4,Ashleigh
49,Ashley
1,Ashlin
1,Ashlly
1,Ashly
33,Ashlyn
2,Ashlyne
5,Ashlynn
1,Ashman
1,Ashna
2,Ashnoor
2,Ashtyn
1,Ashtynn
1,Ashwariya
1,Ashytn
9,Asia
1,Asia-Leigh
1,Asini
1,Asiya
1,Asiyah
2,Asma
4,Asmaa
6,Aspen
1,Aspyn
1,Asri
1,Asseel
1,Aster
1,Astlinne
3,Astrid
1,Astryd
1,Asyia
1,Atalia
1,Ataya
1,Atayah
1,Ateu
1,Athar
14,Athena
1,Athena-Rose
3,Athiei
1,Athieng
1,Athina
1,Athing
1,Athok
1,Atike
1,Atiye
1,Atley
1,Atley-Marie
2,Atong
1,Atria
1,Aubrainne
5,Aubree
25,Aubrey
4,Aubri
2,Aubrie
1,Aubryn
2,Audra
1,Audrée
39,Audrey
1,Audria
6,Audrina
1,August
1,Auguste
1,Aunika
1,Aunnya
1,Aura
4,Aurelia
1,Auria
23,Aurora
1,Aurora-Dawn
1,Aurorah
1,Austin
5,Austyn
1,Autum
49,Autumn
1,Autumn-Arie
1,Autym
1,Auvery
236,Ava
2,Avah
1,Ava-Jean
1,Avaleigh
1,Avalin
1,Avalina
4,Avalon
2,Avalynn
2,Ava-Lynn
1,Avanah
1,Avangeline
7,Avani
1,Ava-Rae
2,Avari
1,Avarie
1,Ava-Rose
2,Avaya
1,Avayah
1,Aveda
1,Aveh
1,Avela
1,Avelina
1,Avelynn
1,Aven
1,Averee
4,Averi
3,Averie
110,Avery
1,Avery-Lynn
1,Avery-Rain
1,Aveya
1,Avi
1,Aviana
1,Avianna
1,Avie
1,Avina
1,Avis
1,Avisha
1,Aviva
1,Avlea
3,Avleen
1,Avlynn
4,Avneet
1,Avni
1,Avnidh
1,Avonne
1,Avree
2,Avrey
1,Avril
1,Avry
1,Avva
1,Avy
1,Avyla
1,Awain
1,Awriah
12,Aya
5,Ayah
1,Ayaka
1,Ayan
2,Ayana
1,Ayani
3,Ayanna
1,Ayat
1,Aybria
1,Aydan
1,Aydee
2,Ayden
1,Aydin
1,Aydn
1,Ayebainemi
1,Ayeesha
1,Ayen
7,Ayesha
1,Ayishah
24,Ayla
2,Aylah
1,Ayla-Rae
1,Ayla-Rose
1,AylaWynn
1,Aylish
1,Ayna
1,Aynslee
1,Aynsleigh
1,Aynsley
1,Ayooluwa
1,Ayra
1,Ayriana
1,Ayrica
1,Ayrielle
1,Aysenur
4,Aysha
1,Aysia
1,AysLee
1,Aysu
6,Ayva
3,Ayvah
1,Ayya
1,Ayzah
1,Azalfah
1,Azara
1,Azaria
2,Azeeza
2,Azka
1,Azleiah
2,Azlynn
1,Azra
1,Azriel
1,Azrielle
1,Azul
1,Azura
1,Azurayah
1,Babie
1,Bablin
1,Badea
1,Badia
1,Bahar
1,Bahara
1,Baheya
26,Bailey
1,Baisa
1,Baiyan
1,Baiza
1,Bakhtawar
1,Bali
1,Balkirat
1,Balveen
1,Banan
1,Bandeep
1,Banen
2,Barbara
1,Barbie
1,Barbra
1,Barin
1,Barkat
1,Barseen
1,Bashira
2,Basma
1,Batoul
2,Bavneet
1,Baye
4,Baylee
1,Baylie
1,Bea
1,Beara
2,Beatrix
1,Beau
1,Beaumy
3,Becky
1,Beíbhínn
1,Belen
1,Belena
1,Belinda
23,Bella
1,Bellana
4,Belle
2,Bellina
1,Belva
1,Bema
1,Benedicte
1,Bennett
1,Bentley
1,Beretta
2,Berkley
1,Berlin
1,Berlyn
1,Bernadeth
1,Bernadette
3,Bernice
1,Bersabeh
1,Bersabel
1,Bertha
10,Beth
1,Bethan
10,Bethany
2,Bethel
1,Bettial
2,Betty
1,Beuxy
1,Beverly
1,Bevynn
1,Beyonce
1,Bezawet
1,Bhreagh
1,Bhumi
19,Bianca
1,Biancka
1,Bianka
1,Bilan
1,Bilee
1,Bili
4,Billie
1,Binara
1,Binita
1,Bintou
1,Binudi
1,Birk
1,Birklee
1,Biruktawit
1,Bisma
1,Bismen
3,Blair
3,Blaire
1,Blake
3,Blakely
1,Blaze
1,Blen
1,Bleona
2,Blessing
1,Bluebell
1,Bluestone
1,Blythe
2,Bobbi
1,Bobbi-Ann
1,Bobbi-Jo
1,Boey
1,Boni
1,Bonita
2,Bontu
1,Bowie
1,Boya
1,Brady
1,Braedyn
1,Braelin
5,Braelyn
1,Braewyn
1,Brailey
1,Branda
2,Brandi
1,Brandilyn
3,Brandy
1,Braxxi
1,Brayann
1,Braydi
1,Braylin
5,Brea
1,Breah
1,Brealyn
2,Breana
1,Breanalynn
2,Breann
27,Breanna
2,Breanne
2,Breaunna
10,Bree
1,Breely
1,Breelyn
1,Breelynn
1,Breena
1,Brei
1,Breigh
1,Brelyn
1,Brenda
12,Brenna
1,Brennah
1,Breonna
1,Breslin
1,Brett
1,Brettley
1,Bretton
1,Breya
4,Bria
1,Briah
8,Briana
2,Briann
54,Brianna
7,Brianne
2,Briar
16,Bridget
2,Bridgette
2,Brie
1,Briea
1,Brieanna
1,Briele
1,Briella
14,Brielle
1,Brienne
1,Briéona
1,Brier
1,Brig
2,Brigette
1,Brighetta
1,Brigid
1,Brigitte
2,Brihanna
1,Brilynne
1,Brings
1,Brinley
1,Brinn
1,Brinnley
1,Brisea
1,Brisinda
1,Brisy
1,Britannia-Mae-Trotter
1,Britlynn
2,Britney
1,Britta
1,Brittney
1,Brittyn
1,Brodee
1,Brodi
1,Brokoe
1,Bromley
1,Bronte
9,Bronwyn
2,Bronwynn
2,Brook
137,Brooke
1,Brooke-Ann
3,Brookelyn
5,Brookelynn
3,Brooke-Lynn
4,Brooklin
138,Brooklyn
35,Brooklynn
1,Brook-lynn
3,Brooklynne
1,Brooklynn-Skii
1,Brozjenna
1,Bruktait
1,Bruna
4,Bryanna
1,Bryanna-Shanice
1,Bryanne
1,Bryar
2,Bryce
1,Bryiar
3,Brylee
1,Brylen
1,Brylie
8,Bryn
1,Bryna
3,Brynlee
1,Brynley
1,Brynly
33,Brynn
2,Brynna
4,Brynne
1,Brynneka
2,Brynnley
1,Bubleen
1,Buot
1,Bushra
1,Byanka
2,Cabri
1,Cabrie
1,Cacee
1,Cadance
1,Caden
37,Cadence
1,Cadince
1,Cadrien
1,Cady
1,Caedie
2,Caelin
2,Caelyn
1,Caetlin
1,Caia
1,Caicey
1,Caidence
2,Caidyn
1,Caidynce
1,Caighleigh
2,Caileigh
2,Cailey
10,Cailyn
2,Caira
1,Caisie
1,Cait
19,Caitlin
1,Caitlín
19,Caitlyn
5,Caitlynn
1,Caitrionna
2,Caiya
1,Calaea
1,Caleah
10,Caleigh
13,Cali
1,Calie
1,California
1,Calissa
5,Calista
1,Calixa
6,Calla
1,Callaya
1,Callee
10,Calleigh
1,Callen
1,Calley
5,Calli
1,Calliah
1,Callianna
21,Callie
1,Calliope
2,Callista
1,Calliyah
1,Cally
1,Callysta
1,Calyn
1,Calysta
1,Cambie
4,Cambria
1,Camden
5,Camdyn
14,Cameron
1,Cameryn
1,Cami
9,Camila
1,Camile
1,Camilla
8,Camille
1,Campbell
1,Camry
31,Camryn
1,Canaan
1,Candace
2,Candice
1,Canyon
3,Capri
1,Caprica
1,Caprie
17,Cara
1,Caraleena
1,Carannda
1,Cardel
1,Careena
1,Cariana
1,Carina
1,Carington
1,Caris
11,Carissa
1,Cariya
2,Carleigh
5,Carley
2,Carlie
19,Carly
2,Carlyn
1,Carlynia
1,Carly-Rose
1,Carmelina
2,Carmella
1,Carmelle
10,Carmen
1,Carmina
1,Carmyn
1,Carole
1,Carolena
1,Carolina
8,Caroline
4,Carolyn
1,Carolynn
1,Carra
4,Carrie
1,Carrie-Anne
1,Carrington
1,Carris
1,Carrissa
1,Carsyn
1,Carylle
12,Carys
1,Casandra
1,Casendra
13,Casey
2,Casha
1,Cashlyn
22,Cassandra
1,Cassandra-Joy
2,Cassidee
32,Cassidy
12,Cassie
1,Casslynn
1,Cassy
1,Castle
2,Cate
1,Caterina
1,Catherin
20,Catherine
1,Cathleen
1,Cathrine
3,Cathryn
1,Cathy
1,Catie
1,Cat-Minh
1,Cavell
1,Caybree
2,Cayden
4,Caydence
1,Cayla
1,Caylan
11,Caylee
2,Cayleigh
8,Cayley
3,Caylie
1,Cayman
1,Caytlyn
1,Ceanna
2,Cecelia
3,Cecilia
2,Cecily
3,Cedar
1,Ceder
1,Cefeena
3,Ceili
1,Céili
1,Ceilidh
1,Ceirra
2,Celena
1,Celéne
1,Celes
1,Celesta
4,Celeste
2,Celia
6,Celina
2,Celine
1,Celine-Gere
1,Celleste
1,Celynn
1,Cenidei
1,Cera
1,Ceradyn
1,Ceraphina
1,Ceren
1,Ceridwen
1,Ceylin
1,Chace
1,Chaeli
1,Chaelynn
1,Chailyn
1,Chalene
1,Chamirra
1,Chancery
1,Chané
10,Chanel
1,Chanell
5,Chanelle
1,Channiel
1,Chansel
6,Chantal
1,Chantara
2,Chante
1,Chanté
5,Chantel
1,Chantell
7,Chantelle
1,Chanti
3,Charis
1,Charish
1,Charissa
2,Charisse
2,Charity
15,Charlee
1,Char-Lee
2,Charleigh
2,Charlene
4,Charley
1,CharleyAnn
1,Charley-Ann
5,Charli
23,Charlie
1,Charlie-Ann
1,Charlie-Jean
2,Charlise
3,Charlize
58,Charlotte
1,Charly
1,Charlye
1,Charmie
1,Charmy
1,Chase
2,Chasity
1,Chaun
1,Chaya
1,Chayse
1,Chazia
1,Chazlie
1,Chazly
1,Chazmin
1,Chelbea
23,Chelsea
9,Chelsey
3,Chelsia
1,Chelsie
1,Che-Lynn
1,Chenelle
1,Cheng
1,Cheri
2,Cherie
1,Cherielynn
2,Cherifa
1,Cherina
4,Cherish
2,Cheryl
1,Cherylee
1,Chevaya
1,Chevelle
1,Chey
1,Cheyann
8,Cheyanne
19,Cheyenne
1,Chezney
1,Chhoethpisey-Aka-Danaca
5,Chiara
1,Chiarah
2,Chidinma
1,Chihero
1,Chilena
1,Chily
1,Chimere
1,Chiniqua
1,Chinonso
1,Chinook
1,Chisom
163,Chloe
3,Chloé
1,Chlöe
1,Chloelyn
1,Chloe-Rose
1,Chloie
1,Chlora
1,Choluk
1,Chrisabella
1,Chriselle
1,Chrisha
1,Chrissy
1,Christa
1,Christabelle
1,Christelle
1,Christi
1,Christian
1,Christiane
11,Christina
1,Christina-Anne
12,Christine
1,Christy
1,Chunhao
1,Chuyi
1,Chyanne
1,Chyler
2,Ciana
5,Cianna
21,Ciara
1,Ciarez
1,Cicely
1,Cidney
1,Cielo
2,Cienna
2,Ciera
3,Cierra
1,Cierrah
1,Cihlitikia
1,Cinah
1,Cindel
10,Cindy
1,Cindy-Lynn
1,Citrine
2,CJ
1,Clair
3,Claira
1,Clairah
90,Claire
1,Clairelle
1,Claire-Marie
27,Clara
1,Clara-Belle
1,Clara-Lynn
8,Clare
2,Clarissa
1,Claryce
14,Claudia
1,Cleïo
1,Clelia
2,Clementine
2,Cleo
1,Cliona
1,Clo-Belle
5,Cloe
1,Cloé
1,Cloey
1,Cloie
1,Cloris
1,Clyanne
1,Clynn
1,Cobi
1,Coby
2,Coco
1,Coco-Mikiella
1,Cocoro
1,Codaia
1,Codie
1,Codilia
1,Cody
1,Coen
1,Cohen
4,Colbie
3,Colby
2,Colette
1,Colleen
1,Connie
1,Constance
1,Constandina
1,Cooper
14,Cora
2,Coral
1,Coralai
1,Cora-Lee
1,Coralynn
6,Cordelia
1,Cordelle
3,Cori
1,Corie
1,Cori-Lyn
1,Corina
1,Corissa
1,Corra
1,Corrie
1,Cory
2,Coryssa
1,Cosette
1,Courtlyn
11,Courtney
1,Covelle
1,Crashella
2,Cree
1,Creeda
1,Creeden
2,Creedence
1,Creelyn
1,Cres
1,Cressha
1,Crichael
1,Cricket
3,Crimson
1,Crisha
1,Crissy
1,Cristianna
1,Cristina
1,Cruz
5,Crystal
1,Csilla
1,Cue
1,Cylee
1,Cyndle
1,Cynthea
8,Cynthia
1,Cypress
1,Cyprus
2,Cyra
1,Czafina
1,Dacia
1,Dacy
1,Daeja
1,Daela
1,Daelynn
1,Daesha
1,Dagemawit
1,Dagne
7,Dahlia
1,Dah-Oom
1,Daina
10,Daisy
1,Daisy-Lynn
1,Daizy-Lee
1,Daka
2,Dakoda
1,Dakodah
20,Dakota
1,Dakyota
1,Dalelyn
1,Dalena
1,Dali
3,Dalia
1,Dália
1,Dalila
2,Dallas
1,Dallia
1,Dallis
1,Dalyla
2,Damaris
1,Damya
8,Dana
1,Danaea
1,Danaeya
1,Danai
1,Danalyce
1,Danalyn
1,Dana-Rae
1,Danat
1,Danaya
1,Danayet
1,Daneesha
1,Danelle
1,Danette
9,Dani
4,Dania
1,Dania-Rose
39,Danica
6,Daniela
14,Daniella
22,Danielle
1,Dani-Jo
57,Danika
1,Danikka
1,Danity
2,Danna
1,Dannah
1,Danni
2,Dannica
1,Dannielle
2,Dannika
1,Dany
2,Danya
1,Danyel
1,Danyelle
2,Danyka
8,Daphne
1,Daphnee
1,Daphnée
1,Daphney
1,Dara
1,Darasimi
1,Darbee
4,Darby
1,Darcie
1,D'Arcie
1,Darcy
3,Daria
1,Darien
1,Darina
1,Daris
5,Darlene
1,Darling
1,Darshana
3,Darya
2,Dasia
1,Daveigh
1,Daveny
1,Davinia
1,Davis
2,Dawn
2,Dawna
1,Dawn-Marie
2,Dawsyn
2,Daya
2,Dayanna
1,Dayce
1,Daylen
1,Daylene
1,Daylia
4,Daylin
1,Daylynn
5,Dayna
1,Dayntre
4,Daysha
1,Daywe-Mon
1,Dazmyne
1,Deagan
1,Deajah
2,Deana
1,DeAngela
7,Deanna
1,DeAnna
1,Deanndra
1,Deanne
1,Deba
2,Debbie
2,Debora
1,Deborah
1,Decklyn
1,Dedrica
1,Deelaun
1,DeElla
1,Deena
1,Deevagn
1,Defne
1,Deheal
1,Dehlia
1,Deibab
1,Deirdre
1,Deja
1,D'eja
1,Déja
2,Delainey
1,DeLana
7,Delaney
1,Delayna
1,Delia
1,Delila
9,Delilah
1,Delilah-Paige
1,Deliliah
2,Delina
1,Deliya
1,Delorse
1,Delphine
1,Delsa
1,Demi
2,Dena
1,Denae
1,Denah
2,Denai
1,Denali
1,Denay
1,Denea
1,Denesity
1,Denessa
2,Deneya
1,Denise
1,Denishina
1,Deniz
1,Denneil
1,Dennika
1,Dentyn
1,Deonna
1,Derrah
1,Deserae
1,Deshire
1,Deshontia
2,Desirae
6,Desiree
2,Desta
1,Destanee
1,Destany
1,Destinee
1,Destiney
1,Destinie
22,Destiny
1,Deunya
1,Devany
3,Deven
1,Devenae
1,Devin
1,Devinae
1,Devin-Leigh
1,Devki
1,Devlin
4,Devon
1,Devyani
11,Devyn
1,Deya
1,Deyona
2,Dezirae
1,Dezirée
2,Dezlyn
1,Dhanvi
1,Dhanya
1,Dhefen
1,Dhruvi
1,Diadem
1,Diamond
6,Diana
1,Diana-Alexandra
4,Diane
1,Diangeles
3,Dianna
1,Dianthus
1,Diayae
1,Diche
1,Dickey
1,Dilan
2,Dilara
1,Dilkesh
1,Dilni
2,Dilpreet
1,Dilynn
1,Dima
3,Dina
1,Dinae
1,Dinah
2,Dionne
2,Divine
2,Divya
4,Diya
1,Diyaana
1,Djenabou
1,Dolca
1,Dolly
1,Dolma
4,Dominique
1,Domonique
1,Donica
1,Donise
1,Donisha
1,Donna
1,Donna-Jean
1,Donna-Lin
4,Dora
2,Doreen
1,Dores
1,Dorianne
1,Dorina
1,Dorothea
5,Dorothy
1,Dorthe
1,Doruntina
1,Drealee
6,Drew
1,Dreya
1,Dreyson
1,Dru
1,Duha
1,Dur-E-Maknoon
15,Dylan
1,Dylann
1,Dyllan
1,Dylynn
1,Easha
3,Easton
1,Eastyn
1,Eavan
1,Eaven
1,Eaylah
1,Ebbony
1,Ebele
4,Ebony
1,Ebube
1,Ebuwa
2,Echo
1,Edana
1,Edee
32,Eden
1,Eden-Raine
1,Edison
2,Edith
1,Edlyn
1,Edman
1,Edona
1,Edriana
1,Eesha
1,Eikram
3,Eileen
1,Éilidh
3,Eiman
1,Eisha
1,Eisla
1,Eiva
1,Ekamjot
1,Ekjot
1,Ekko
2,Eknoor
1,Ekram
1,Ekreet
5,Elaina
2,Elana
1,Elanah
2,Elara
1,Elayniah
1,Elayse
1,Elean
1,Eleana
15,Eleanor
1,Eleanore
1,Electra
1,Eleena
2,Elektra
11,Elena
4,Eleni
1,Eleonora
1,Elexa
1,Elexaray
1,Elexia
1,Elexis
1,Elezebeth
3,Elia
7,Eliana
4,Elianna
1,Eliauna
1,Elida
3,Elif
1,Eliham
2,Elina
2,Elinor
1,Elirose
7,Elisa
1,Elisabella
7,Elisabeth
1,Elisaveta
17,Elise
2,Élise
6,Elisha
4,Elissa
1,Elita
1,Elitsa
1,Élivia
11,Eliza
113,Elizabeth
1,Elizaveta
1,Elize
1,Élize
145,Ella
1,Ellabelle
2,Ellah
1,Ella-Jet
1,Ella-Josée
1,Ella-Marie
1,Ellannah
1,Ella-Rae
1,Ella-Rose
1,Ellary
1,Ellasyn
9,Elle
2,Ellen
2,Ellena
1,Ellenah
1,Elleni
1,Ellenor
1,Ellery
1,Ellexis
2,Elli
2,Elliana
1,Ellianna
17,Ellie
2,Elliet
1,Elliette
1,Ellinore
2,Elliot
1,Elliott
2,Ellis
1,Ellissa
1,Elliyah
1,Ellodie
1,Ellory
4,Elly
1,Ellyanna
1,Ellyn
1,Elma
1,Elodie
1,Eloheeka
2,Eloise
1,Elona
1,Elony
3,Elora
11,Elsa
2,Elsie
1,Elsje
1,Elva
1,Elyana
1,Elyce
12,Elyse
1,Élyse
2,Elysha
1,Elyssa
1,Elyza
1,Elyzabeth
1,Ema
1,Emaan
1,Emaleah
1,Emalee
2,Emalie
1,Emaly
6,Eman
3,Ember
2,Emelia
1,Emelie
2,Emeline
2,Emellia
1,Emereese
1,Emerence
1,Emerie
2,Emersen
29,Emerson
10,Emersyn
2,Emersynn
12,Emery
1,Emese
1,Emethyst
1,Emilea
5,Emilee
8,Emilia
11,Emilie
2,Émilie
1,Émillie-Anne
203,Emily
1,Emilya
1,Emiri
2,Emlyn
212,Emma
1,Emma-Anne
1,Emma-Faith
1,Emma-Jean
1,Emmalea
1,Emmaleah
2,Emmalee
1,EmmaLee
2,Emma-Lee
2,Emma-Leigh
1,Emmalie
2,Emma-Lily
1,Emmaline
2,Emmalynn
1,Emma-Lynn
3,Emmanuelle
1,Emmarae
1,Emma-Sally
2,Emme
1,Emmé
1,Emmeline
1,Emmercyn
5,Emmerson
1,Emmery
1,Emmi
1,Emmica
2,Emmie
1,Emmilee
1,Emmily-Lynn
1,Emmora
2,Emmy
1,Emna
1,Emory
1,Emra
2,Emree
1,Emrielle
1,Emry
2,Ena
1,Enalee
1,Enaya
1,Enayah
2,Enna
1,Ennoaj
1,Eno-Obong
1,Enum
2,Enya
1,Enza
1,Eowyn
1,Éowyn
1,Epiphany
1,Erdrina
1,Erechka
1,Eria
1,Erianna
19,Erica
1,Erica-Rae
1,Ericka
18,Erika
1,Erikka
21,Erin
1,Erinn
1,Eris
1,Erowynn
1,Eryka
1,Esha
1,Eshaal
2,Eshal
1,Eshanna
1,Eshat
1,Eshveer
4,Esme
1,Esperanza
1,Esprit
1,Essance
2,Essence
1,Estee
1,Estefania
1,Estella
1,Estelle
1,Ester
1,Estera
10,Esther
1,Estrella
1,Etain
1,Eternity
1,Ethena
1,Etta
3,Eunice
1,Eureka
51,Eva
1,Eva-Grace
1,Eva-Lee
4,Evalyn
1,EvaLynn
1,Evamarie
1,Eva-Marie
7,Evan
1,Evangaline
1,Evangelina
12,Evangeline
1,Evanna
1,Evanne
1,Evasha
12,Eve
1,Evee
1,Evehr
1,Eveleen
1,Evelina
1,Evelína
1,Eveline
41,Evelyn
1,Evelynn
3,Evey
9,Evie
1,Èvolette
1,Evollet
1,Evonia
1,Evyn
1,Evynne
1,Eyan
1,Eyana
1,Eyrin
1,Ezayah
1,Eziafa
1,Ezra
1,Fabianna
1,Fabianne
1,Fabiha
2,Fadumo
1,Fairouz
59,Faith
1,Faith-Addison
1,Faithe
1,Fajar
1,Fajr
1,Falan
1,Fallenn
2,Fallon
4,Fallyn
1,Falyn
1,Fanet
1,Fangzhu
1,Fanny
7,Farah
1,Faran
1,Fareeha
1,Farhana
1,Farheen
1,Fariha
1,Farishta
1,Faron
7,Farrah
1,Farran
1,Farrelleen
1,Farwa
1,Faryal
1,Fateha
3,Fatema
1,Fatiha
16,Fatima
3,Fatimah
1,Fatimatou
1,Fatma
1,Fatmi
1,Fatona
1,Fawntia
1,Fay
1,Faye
1,Faylee
1,Fayola
1,Fayt
1,Fayth
1,Feiyang
1,Feiyth
1,Felecity
1,Felehni
4,Felicia
3,Felicity
1,Felise
1,Felisha
1,Feodosia
1,Feonix
1,Ferah
1,Fern
1,Ferris
1,Feven
1,Fia
1,Fiarra
1,Fikir
1,Finda
2,Finlay
8,Finley
1,Finnah
1,Finnegan
2,Finnley
1,Finnuala
24,Fiona
3,Fionna
2,Fiza
1,Fizza
1,Flannery
1,Fleur
1,Florence
1,Florenza
1,Florina
1,Forest-Anne
1,Fortuna
1,Forum
6,Frances
4,Francesca
1,Francesca-Danya
1,Francess
2,Franchesca
3,Francheska
1,Franchezka
1,Francine
1,Francisca
1,Francynn
1,Franka
1,Frankee
4,Frankie
1,Franky
1,Free
1,Freedom
1,Freesia
2,Freshta
6,Freya
1,Fria
1,Fridah
1,Fuchsia
1,Furwa
1,Fyn
1,Fynlee
1,Gabraelle
1,Gabrial
13,Gabriela
29,Gabriella
64,Gabrielle
1,Gaëlle
1,Gagandeep
1,Gaia
1,Gaige
1,Gaiya
1,Gastia
1,Gayle
1,Gbemisola
1,Geanna
1,GëAnna
1,Geesighow
2,Geet
1,Geetpreet
1,Gelila
1,Gelina
1,Gemini
15,Gemma
1,Gemmagh
1,Genavieve
3,Genesis
7,Geneva
1,Genève
1,Geneveive
4,Genevieve
1,Geneviève
1,Gentry
1,Genvissa
1,Georgette
52,Georgia
1,Georgia-Rose
1,Georgie
3,Georgina
1,Geovanni
1,Geraldine
1,Gerlaine
1,Gerrilynn
1,Geselle
1,Getruda
1,Ghadeer
1,Ghanie
1,Ghaniyah
1,Ghazal
1,Ghofran
8,Gia
1,Gian
2,Giana
7,Gianna
1,Giannina
1,Gia-Vi
1,Gibsyn
7,Gillian
1,Gina
4,Ginger
1,Ginny
1,Ginza
1,Gioia
1,Gioia-Alexa
1,Giordanna
2,Giorgia
1,Giovanna
1,Girl
1,Gisèle
1,Gisella
6,Giselle
1,Gitika
1,Giulia
3,Giuliana
8,Gloria
1,Gosoum
154,Grace
1,Gracee
6,Gracelyn
1,Gracelynn
1,Grace-Lynn
1,Gracelynne
1,Grace-Marie
2,Gracey
1,Graci
41,Gracie
1,Gracie-Jo
1,Graciela
1,Gracie-Marie
1,Gracié-Marie
1,Gracie-Rae
1,Graci-Lynn
1,Gracious
4,Gracy
5,Gracyn
1,Gradie
1,Grady
2,Grayce
1,Graycie
1,Graysen
2,Grayson
1,Graysyn
1,Grenielyn
6,Greta
1,Gretchen
1,Grier
1,Grishima
1,Groria
1,Guadalupe
1,Guinevere
5,Guneet
1,Guntaj
1,Gurbani
1,Gurkirat
6,Gurleen
1,Gurmeghan
1,Gurmehar
2,Gurneet
3,Gurnoor
1,Guroop
1,Gurseerat
1,Gursheen
1,Gurshine
1,Gursimran
1,Gurtaj
1,Gurzeen
4,Gwen
1,Gwendoline
4,Gwendolyn
1,Gwendolynn
1,Gwenn
1,Gwenneth
1,Gwennie
1,Gwenyth
1,Gywneth
1,Ha
1,Habiba
1,Hadasa
4,Hadassah
1,Hadeel
1,Hadessah
1,Hadir
1,Hadiya
1,Hadiyeh
1,Hadleigh
5,Hadley
3,Hadyn
1,Haeden
1,Haeun
1,Haeven
3,Hafsa
1,Hafsah
1,Hafsa-Yahya
1,Haiden
3,Haidyn
1,Haile
7,Hailee
1,Hailee-Lynn
1,Haileigh
1,Hailen
123,Hailey
1,Hailey-Dawn
1,Hailey-May
1,Hailey-Rae
1,Haili
1,Hailie
2,Hailley
1,Hailly
1,Hailyn
1,Haiqa
1,Haja
1,Hajar
1,Hala
1,Halah
1,Halee
1,Haleema
2,Haleigh
2,Halena
1,Halesia
21,Haley
1,Haleyna
4,Halima
25,Halle
1,Hallee
1,Halley
1,Halli
2,Hallie
1,Hally
1,Hallye
1,Halo
1,Haly
1,Hamna
1,Hams
15,Hana
1,Hanaan
2,Hanah
3,Haneen
1,Hanh
1,Hanhan
1,Hania
32,Hanna
167,Hannah
1,Hannah-Joy
1,Hannah-Marie
1,Hannah-Rae
2,Hannan
1,Hannele
1,Hannelie
1,Hannell
1,Haotian
1,Haram
1,Hareem
1,Hargeet
2,Harjas
1,Harjeevan
1,Harjiya
2,Harjot
1,Harkamal
4,Harlee
6,Harleen
2,Harleigh
1,Harlem
10,Harley
1,Harley-Anne
1,Harlie
1,Harlii
1,Harloquinn
4,Harlow
1,Harlowe
4,Harlyn
1,Harman
1,Harmeet
2,Harmonie
16,Harmony
1,Harnam
1,Harnaz
5,Harnoor
15,Harper
1,Harpreet
1,Harriet
1,Harrison
1,Harshita
1,Harshveer
2,Harsimran
1,Hartley
1,Hartript
1,Haruna
1,Harveen
2,Harveer
1,Hasanpreet
1,Haset
1,Hasna
1,Hassna
2,Hattie
2,Havana
4,Havanna
10,Haven
1,Havilah
1,Havyn
1,Hawa
1,Hawii
1,Hawwa
4,Haya
2,Hayat
46,Hayden
1,Haydhen
1,Haydyn
1,Haydynn
1,Hayle
1,Haylea
20,Haylee
1,Haylee-Fay
1,Haylee-Lynn
3,Hayleigh
1,Hayleigh-Marie
31,Hayley
7,Haylie
1,Hayven
1,Hayvn
1,Haywenie
19,Hazel
1,Heart
7,Heather
5,Heaven
2,Heaven-Leigh
2,Heba
1,Hedaya
1,Heebba
1,Heemin
1,Hee-Na
1,Heer
18,Heidi
1,Heidi-Marie
4,Helaina
1,Helan
1,Heleena
6,Helen
17,Helena
1,Helene
1,Helin
1,Helina
1,Helly
1,Helyn
1,Hemeda
1,Hena
1,Henar
1,Henna
1,Hennessey
1,Hennessy
2,Hera
1,Hermionie
1,Herpritamjit
1,Heta
4,Hiba
1,Hibato
3,Hibba
2,Hibo
1,Hidaya
1,Hidayah
1,Hidi
1,Hikma
1,Hilary
3,Hillary
1,Hilmina
1,Himani
1,Himayal
2,Hinata
1,Hitomi
1,Hodan
2,Holland
1,Holli
1,Hollie
25,Holly
3,Honey
1,Hoodo
1,Hooriya
31,Hope
1,Horaa
1,Hoshi
1,Houda
1,Huda
3,Hudson
2,Hudsyn
1,Hufsa
1,Huiqing
1,Hukampreet
1,Humrie
6,Hunter
1,Hyacinth
1,Hyalia
1,Hyden
1,Hyley
1,Iana
1,Ibrit
1,Icelyn
1,Idrssa
1,Ifraah
1,Ikhlas
1,Ikjot
1,Ikraan
2,Ikram
2,Ila
1,Ilana
1,Ilaria
1,Ilene
1,Ilhan
3,Iliana
1,Ilianna
1,Iliza
1,Ilona-Gail
2,Ilyana
1,Ilyanna
2,Imaan
1,Imami
6,Iman
1,Imani
1,Imara
6,Imogen
1,Ina
2,Inaaya
1,Inaiya
1,Ina-Marie
2,Inara
1,Inari
1,Inaya
2,Inayah
1,Indaka
1,Inderpreet
1,Inderveer
2,India
2,Indiana
1,Indica
1,Indigo
1,Indikah
1,Indira
1,Indiya
1,Indra
2,Indy
1,Indya
2,Ines
1,Inès
1,Iness
2,Inez
2,Ingrid
1,Inibhobor
1,Inivea
1,Ionela
1,Iqra
1,Ira
1,Irdam
1,Irelan
12,Ireland
2,Irelyn
2,Irelynn
1,Irena
4,Irene
1,Irina
8,Iris
1,Irisa
1,Irma
1,Iryna
1,Isa
44,Isabel
2,Isabela
2,Isabell
180,Isabella
1,Isabellah
1,Isabella-Marie
97,Isabelle
1,Isabelle-Nathalie
1,Isabelle-Rae
5,Isha
1,Ishani
1,Ishe
2,Ishika
1,Ishita
1,Ishmal
1,Isibéal
4,Isis
26,Isla
1,Islay
3,Isobel
3,Israa
3,Israel
1,Israh
1,Issabelle
1,Issra'a
1,Iszabella
1,Itayjia
1,Itfa
1,Iva
2,Ivana
1,Ivanka
1,Ivee
1,Ivelyn
1,Ivey
6,Ivory
22,Ivy
1,Ivy-Sue
1,Iwinosa
1,Ixchel
1,Iya
3,Iyana
3,Iyanna
2,Iyla
1,Iylah
3,Izabel
3,Izabela
2,Izabell
16,Izabella
1,Izabella-Emma
3,Izabelle
1,Izma
1,Izybela
1,Izydora
1,Izzah
1,Izzy
1,Jaanvi
1,Jac
1,Jacelen
1,Jacelyn
1,Jacelynn
5,Jacey
2,Jacinta
1,Jacky
4,Jaclyn
1,Jacobi
6,Jacqueline
3,Jacquelyn
1,Jacsyn
1,Jacy
35,Jada
1,Jada-Lynn
42,Jade
1,Jade-Alice
2,Jadelyn
4,Jaden
1,Jade-Trinity
2,Jadeyn
1,Jadriene
11,Jadyn
1,Jadzia
2,Jae
1,Jae'ana
1,Jaed
3,Jaeda
1,Jaeda-Leigh
1,Jaeda-Lynn
1,Jaeden
1,Jaedyn
1,Jaela
1,Jaeline
1,Jaelle
8,Jaelyn
1,Jae'lyn
4,Jaelynn
1,Jaelynne
1,Jagjot
1,Jagnoor
1,Jahnavi
1,Jahneesha
1,Jahnelle
1,Jahnyah-Akela
1,Jahzara
1,Jaia
1,Jaicee
7,Jaida
1,Jaidais
1,Jaide
5,Jaiden
7,Jaidyn
1,Jailen
1,Jailene
1,Jailynn
2,Jaime
1,Jaimesen
3,Jaina
1,Jainalee
1,Jaiveer
1,Jaiya
1,Jaiyana
1,Jaklin
1,Jalena
1,Jaliesa
1,Jalynn
1,Jalysa
1,James
1,Jami
12,Jamie
1,Jamie-Lynn
1,Jamie-lynn
1,Jami-Lee
1,Jamy
12,Jana
1,Janae
1,Janaeya
1,Janai
1,Janan
5,Janaya
1,Janaye
22,Jane
1,Janeda
2,Janeen
1,Janeill
1,Janell
12,Janelle
1,Janene
10,Janessa
2,Janet
1,Janeva
1,Janiah
6,Janice
2,Janine
1,Janisha
1,Janita
5,Janna
1,Jannah
1,Jannah-Carmel
3,Jannat
1,Jannaya
1,Jannessa
1,Jannette
1,Jannique
1,Janora
1,January
1,Janvie
1,Janya
1,Japjee
2,Japji
1,Japneet
2,Japnoor
1,Japreet
3,Jaqueline
1,Jarah
1,Jareen
1,Jaryn
1,Jasa
1,Jasara
1,Jaselyn
1,Jashawn
1,Jasika
4,Jasleen
1,Jaslene
5,Jaslyn
2,Jasmeen
2,Jasmeet
12,Jasmin
56,Jasmine
3,Jasmyn
1,Jasna
4,Jasneet
3,Jasnoor
2,Jasper
3,Jaspreet
1,Jaswanth
1,Jawaria
1,Jawhara
1,Jax
1,Jaxcyne
1,Jaxton
1,Jaxyn
5,Jaya
1,Jayaana
1,Jayan
1,Jayana
1,Jayanna
4,Jayce
4,Jaycee
1,Jaycee-Lin
2,Jayci
1,Jaycie
36,Jayda
1,Jaydalin
1,Jaydalyn
1,Jayda-Thanh
4,Jayde
1,Jaydee
15,Jayden
16,Jayla
1,Jaylah
4,Jaylee
2,Jayleen
1,Jaylen
2,Jaylene
1,Jayliana
1,Jaylie
3,Jaylin
4,Jaylyn
2,Jaylynn
1,Jaylynne
5,Jayme
1,Jaymee
1,JaymeLee
1,Jaymeson
1,Jaymi
5,Jayna
1,Jayne
1,Jayrica
2,Jaz
1,Jazeel
1,Jazlene
1,Jazlyn
3,Jazlynn
5,Jazmin
4,Jazmine
2,Jazmyn
1,Jazzlene
2,Jazzlyn
1,Jazzmyn
1,JC
1,Jeah
1,Jeana
2,Jeanette
1,Jeanica
1,Jeanne
1,Jeddiah
1,Jeevan
1,Jeeya
4,Jelena
1,Jeleyna
1,Jelly
1,Jemeka
1,Jemilla
1,Jemima
1,Jemison
6,Jemma
1,Jemmiah
2,Jena
2,Jenae
1,Jenal
1,Jenat
2,Jenaya
1,Jeneesha
3,Jenelle
2,Jenessa
1,Jeneva
2,Jenevieve
1,Jenica
2,Jenisa
55,Jenna
1,Jennaea
1,Jennah
1,Jennalyn
1,Jennalynn
1,Jenna-Lynn
1,Jennasah
1,Jennesa
1,Jennessa
1,Jennica
1,Jennie
20,Jennifer
6,Jenny
1,Jenny-Anne
2,Jensen
1,Jera
1,Jerah
1,Jerlynn
1,Jerrie
1,Jerrilyn
8,Jersey
1,Jerusha
1,Jerynn
1,Jerzee
1,Jerzi
2,Jerzie
1,Jerzy
1,Jesean
1,Jesena
1,Jeshaiah
1,Jesiah
1,Jesica
1,Jeslie
3,Jess
3,Jessa
2,Jessalyn
1,Jessalynn
2,Jesse
1,Jesserel
1,Jessey
1,Jessi
71,Jessica
1,Jessica-Jane
6,Jessie
1,Jessika
1,Jesslyn
1,Jessy
1,Jetaime
1,Jetta
1,Jette
9,Jewel
1,Jewels
1,Jewely
1,Jewelya
1,Jewllisa
1,Jezabelle
1,Jezaelle
1,Jezelle
1,Jhelan
1,Jia
1,Jiachi
2,Jianna
1,Jiayi
1,Jiewa
1,Jikoda
1,Jill
1,Jillana
32,Jillian
1,Jimalyn
1,Jin
1,Jing
1,Jinian
2,Jinny
1,Jirah
1,Jiun
3,Jiya
1,Jiyauna
1,Ji-Young
2,J'Lyn
1,J-Lyn
2,Joann
6,Joanna
4,Joanne
16,Jocelyn
2,Jocelyne
1,Jocelynn
1,Jodi
2,Jody
1,Joeanne
1,Joel
1,Jo-Elayna
1,Joelene
1,Joella
5,Joelle
1,Joëlle
2,Joely
2,Joey
1,Johana
3,Johanna
2,Johannah
1,Joice
2,Jolee
2,Joleen
4,Jolene
1,Jolène
5,Jolie
1,Jolien
1,Jolyce
1,Jolyn
1,Jolyna
2,Jomana
1,Jonalise
1,Jonnie-Lynn
1,Jontae
1,Jood
1,Jora
36,Jordan
2,Jordana
1,Jordan-Jayde
2,Jordann
1,Jordanna
1,Jordanne
1,Jorden
1,Jordie
4,Jordin
2,Jordis
1,Jordy
42,Jordyn
3,Jordynn
1,Jori
2,Jorie
1,Jorielle
1,Jorijia
34,Jorja
1,Jorja-Dawn
1,Jorjah
1,Jorja-Rae
2,Jorjia
1,Joryn
1,Josa
1,Joscel
1,Joscelyn
1,Josee
1,Josée
15,Josephine
1,Joséphine
2,Josey
14,Josie
1,Joss
1,Josslyn
1,Jossyn
1,Jourdyn
3,Journey
1,Journie
3,Jovi
3,Jovie
1,Jovilyn
4,Joy
5,Joyce
1,Jozee
2,Jozie
1,Juanita
2,Jude
2,Judi
1,Judis
6,Judith
8,Judy
2,Jugaad
1,Julacie
1,Jules
1,Juleya
91,Julia
1,Julia-Marie
10,Juliana
1,Juliann
11,Julianna
11,Julianne
1,Julianne-Rae
1,Juliayane
17,Julie
1,Julieanne
2,Julie-Anne
1,JulieRay
9,Juliet
1,Julietta
7,Juliette
1,Julissa
1,Julitta
1,Juliyana
1,Julli
1,Julyan
1,Julz
2,Jumana
2,Juna
3,June
1,Juneau
1,Junee
1,Juniper
1,Junwen
1,Jupleen
1,Juraphon
1,Juri
5,Justice
7,Justina
12,Justine
1,Justine-Claire
1,Justis
1,Justise
3,Justyce
1,Justyne
1,Juwan
1,Juwayriyah
1,Juztyne
1,Kaasia
1,Kabri
1,Kabryn
9,Kacey
1,Kaci
1,Kacie
1,Kada
1,Kadalynn
4,Kadance
1,Kadelyn
2,Kaden
17,Kadence
1,Kadie
1,Kadience
2,Kadija
1,Kadince
1,Kadiya
1,Kadren
1,Kadri
1,Kadryn
4,Kady
1,Kadynce
1,Kadynse
1,Kaede
2,Kaeden
1,Kaedin
1,Kaeding
1,Kaedynce
2,Kaela
2,Kaeleigh
1,Kaelen
5,Kaeli
1,Kaelin
1,Kaely
12,Kaelyn
1,Kaeya
1,Kahindo
2,Kahlan
1,Kahliya
3,Kai
11,Kaia
1,Kaiah
1,Kaicyn-Rae
1,Kaiden
6,Kaidence
1,Kaidyn
1,Kaié
4,Kaija
1,Kaijia
8,Kaila
4,Kailee
2,Kaileigh
1,Kailene
15,Kailey
1,Kailey-Adrienne
1,Kailey-Jade
1,Kailiegh-Anne
4,Kailyn
6,Kailynn
1,Kaimira
2,Kaira
1,Kairaea
3,Kairi
1,Kaisa
2,Kaitelyn
1,Kaitland
10,Kaitlin
66,Kaitlyn
8,Kaitlynn
1,Ka'iwi
13,Kaiya
1,Kaja
1,Kajal
1,Kala
1,Kalasia
2,Kalaya
1,Kalayna
1,Kale
2,Kalea
2,Kaleah
1,Kalee
3,Kaleena
1,Kalei
7,Kaleigh
1,Kalen
1,Kalena
2,Kaley
1,Kaleya
14,Kali
3,Kalia
2,Kaliah
1,Kaliandra
3,Kalie
1,Kalieyah
1,Kalika
1,Kalin
4,Kalina
1,Kalisa
1,Kalisha
2,Kalista
1,Kaliyah
1,Kalkidan
1,Kalla
1,Kalle
2,Kallee
1,Kalley
2,Kalli
2,Kallia
1,Kalliandra
18,Kallie
1,Kallifornia
1,Kallina
2,Kally
1,Kalvyn
1,Kalyka
1,Kalyn
2,Kalyna
1,Kalyrra
1,Kalyse
2,Kalyssa
1,Kalysta
1,Kamayah
1,Kamble
1,Kambria
1,Kamden
2,Kameron
2,Kami
1,Kamila
2,Kamilah
1,Kamilla
1,Kamillah
1,Kamilya
15,Kamryn
1,Kamrynn
1,Kamrynne
1,Kamsiyochi
1,Kanako
2,Kandace
1,Kandice
1,Kaneisha
1,Kanon
1,Kany
23,Kara
1,Karalena
1,Karambir
1,Karamie
1,Karamvir
1,Karanese
1,Kardia
1,Kardin
1,Kareena
1,Kareja
7,Karen
1,Karena
1,Kari
1,Karima
8,Karina
1,Karinne
3,Karis
9,Karissa
3,Karla
3,Karlee
2,Karleigh
3,Karley
4,Karli
3,Karlie
1,Karlotta
5,Karly
1,Karlynn
1,Karm
3,Karma
4,Karman
1,Karmanveer
3,Karmen
1,Karmin
1,Karmjit
1,Karmyn
1,Karolay
1,Karolina
1,Karrie
1,Karriska-Linn
1,Karsen
4,Karsyn
1,Karyn
3,Karys
2,Karyss
1,Karyssa
1,Kasandra
1,Kasaya
1,Kasen
4,Kasey
4,Kasha
1,Kashiahna
1,Kashis
2,Kashlyn
2,Kasia
1,Kasiah
1,Kasidee
1,Kaspien
4,Kassandra
1,Kassia
1,Kassidee
7,Kassidy
2,Kassie
2,Katana
7,Katarina
1,Katarynia
68,Kate
52,Katelyn
1,Katelyne
11,Katelynn
1,Kate-Lynn
1,Kateri
7,Katerina
2,Katharina
2,Katharine
1,Katherin
1,Katherina
42,Katherine
1,Kathina
9,Kathleen
1,Kathrine
14,Kathryn
2,Kathy
1,Kati
4,Katia
55,Katie
1,Katie-Isabella
1,Katina
1,Katinse
3,Katiya
1,Katja
1,Katlin
1,Katlyin
3,Katlyn
1,Katreen
1,Katriane
1,Katrianne
14,Katrina
1,Katrine
1,Katriona
2,Katryna
1,Kattrina
1,Katty
2,Katy
2,Katya
1,Katyana
1,Kaur
1,Kavita
1,Kavleen
1,Kawthar
4,Kay
5,Kaya
1,Kayah
1,Kayanna
1,Kaybence
1,Kaybrie
1,Kaycee
1,Kaycie
2,Kayda
11,Kayden
23,Kaydence
1,Kaydin
1,Kaydynce
1,Kayee
1,Kayel
1,Kayl
79,Kayla
4,Kaylah
2,Kaylan
1,Kaylani
1,Kayle
1,Kay-Lea
1,Kayleana
49,Kaylee
12,Kayleigh
2,Kaylen
1,Kaylena
1,Kaylene
1,Kayler
6,Kayley
1,Kaylhyn
1,Kayli
11,Kaylie
1,Kaylie-Anne
1,Kayliegh
5,Kaylin
1,Kaylina
1,Kaylissa
1,Kaylita
1,Kaylor
2,Kaylyn
3,Kaylynn
1,Kay-lynn
1,Kaylynne
1,Kayora
1,Kaysa
2,Kaysha
1,Kaysia
1,Kaystin
2,Kayte
3,Kaytlynn
1,Kayvana
1,Kazda
1,Kazia
1,Kazmyra
1,Keagan
1,Keagen
1,Keaira
1,Keairrah
2,Kealy
3,Keana
6,Keanna
2,Keara
1,Kearah
1,Kearan
1,Kearley
1,Keatyn
1,Kedija
1,Keegan
3,Keela
1,Keele
5,Keeley
1,Keelie
4,Keely
1,Keelyn
1,Keenynn
3,Keera
2,Keerat
1,Keeret
1,Keerit
1,Keeyara
1,Kehinde
1,Keiana
1,Keianna-Lee
1,Keiarra
1,Keiden
1,Keiera
1,Keilah
82,Keira
1,Keiran
1,Keirnin
2,Keirra
1,Keirsha
1,Keirstin
6,Keisha
1,Keishia
1,Keita
1,Keji
1,Kelci
1,Kelicia
1,Kelii
1,Kelkedan
1,Kelley
1,Kelli
1,Kellie
1,Kellishah
1,Kellti
7,Kelly
1,Kelly-Anne
1,Kelrynton
11,Kelsey
4,Kelsie
1,Kelti
1,Keltie
1,Kelty
1,Kelysta
1,Kemah
3,Kenadee
3,Kenadie
3,Kendal
6,Kendall
2,Kendell
35,Kendra
1,Kendra-Abigail
3,Kendyl
1,Kenedee
2,Kenia
2,Kenisha
8,Kenna
1,Kenndra
2,Kennedi
39,Kennedy
2,Kensie
2,Kensington
1,Kenya
1,Kenzee
2,Kenzi
15,Kenzie
2,Kenzy
1,Keona
1,Kera
1,Keran
1,Kerem
1,Keresa
1,Keri
1,Keria
1,Kerowyn
1,Kerra
1,Kerrie
1,Kerri-Lynn
1,Kerrington
2,Kerris
1,Kerrisa
2,Kerry
1,Kesha
1,Keshaf
1,Keshia
1,Kesia
1,Kessa
1,Kessiah
1,Keturah
2,Keya
1,Keyaira
1,Keyandra
3,Keyanna
1,Keyara
1,Keyarra
1,Keyera
2,Keylee
1,Keyleigh
1,Keyona
2,Keyonna
1,Keyra
3,Keysha
1,Kezia
6,Keziah
1,Kezrae
2,Khadija
1,Khali
1,Khaliana
1,Khalila
1,Kharington
1,Kharis
1,Khatrina
1,Khawla
1,Khawlah
1,Khaylei
1,Kheira
1,Khema
3,Kherington
1,Kherys
1,Khiana
1,Khianna
1,Khkula
9,Khloe
1,Khushbakht
4,Khushi
2,Khushleen
1,Khwaish
1,Khyana
1,Khyla
1,Kiala
1,Kiama
19,Kiana
2,Kianah
1,Kiandra
23,Kianna
25,Kiara
1,Kiaunya
1,Kiden
1,Kieanna
1,Kieara
1,Kienna
34,Kiera
1,Kieran
1,Kieren
1,Kierla
12,Kierra
1,Kierrah
3,Kiersten
1,Kierstin
1,Kierston
1,Kihtawasoh
1,Kiki
2,Kilee
1,Kilen
2,Kiley
4,Kim
2,Kimberley
14,Kimberly
1,Kimberlynn
1,Kimia
1,Kimora
1,Kincaid
1,Kinda
1,Kindrey
1,Kingsley
1,Kinleigh
4,Kinley
1,Kinnen
3,Kinsey
4,Kinsley
1,Kinza
1,Kioko
30,Kira
1,Kirah
1,Kiran
3,Kiranjot
1,Kirat
1,Kirpa
2,Kirra
1,Kirsi
14,Kirsten
3,Kirstin
1,Kirstyn
1,Kisha
3,Kit
1,Kitana
1,Kitiara
2,Kiya
1,Kiyah
1,Kiyla
1,Klaira
1,Klara
2,Klaudia
1,Klia
4,Kloe
1,Kloé
1,Kloei
2,Kloey
2,Kobe
3,Koda
1,Kodee
4,Kodie
1,Koelby
3,Kohana
1,Kohl
1,Kolbie
1,Kolby
1,Kole
2,Komal
2,Komalpreet
1,Komya
8,Kora
1,Koral
1,Kora-Lai
1,Koralee
1,Koralynn
1,Korban
1,Korbi
4,Kori
1,Korotoumou
1,Korrie
1,Korri-Lynn
1,Kotomi
3,Kourtney
2,Kreesha
1,Kreya
1,Krichelle
1,Krija
1,Krishi
1,Krissa
1,Krisselle
4,Krista
10,Kristen
10,Kristin
11,Kristina
4,Kristine
2,Kristy
1,Krymson
2,Krysta
3,Krystal
1,Krystalynn
1,Krystel
1,Krysten
1,Krystle
1,Krystyna
1,Kulud
1,Kun
1,Kushdeep
1,Kwakuhle
1,Kwaylo
3,Kya
2,Kyah
1,Kyan
2,Kyann
2,Kyanna
3,Kyara
1,Kyda
1,Kydesha
1,Kyela
1,Kyesha
25,Kyla
1,Kylah
1,Kyla-Marie
1,Kylan
1,Kylar
8,Kylee
4,Kyleigh
1,Kylen
4,Kyler
2,Kylia
35,Kylie
1,Kylie-Anne
1,Kymera
1,Kynslea
1,Kynslee
29,Kyra
2,Kyrah
1,Kyra-Lee
1,Kyra-Lynn
1,Kyriana
1,Kyrrah
1,Kyrstin
1,Kysha
1,Laaibah
1,Labeeba
1,Labrie
1,Lace
19,Lacey
1,Lacie
1,Lacy
2,Ladan
1,Ladessa
2,Laela
1,Laella
1,Laia
7,Laiba
13,Laila
1,LaiLa
1,Lailah
1,Lailany
1,Laine
7,Lainey
1,Lainie
1,Lainy
1,Laishrah
1,Laityn
1,Laiza
1,Lakeshia
1,Lakyn
1,Lala
1,Lalaina
1,Lalyla
1,Lamar
1,Lamaya
4,Lamees
3,Lamese
1,Lamia
1,Lamias
2,Lamis
1,Lamyse
1,Lan
12,Lana
1,Lanah
1,Lana-Mohamed-Abdelkrim
1,Lane
1,Laneah
1,Lanelle
1,Lanie
1,Lanita
10,Lara
1,Larahya
1,Larelle
1,Larina
10,Larissa
1,Laryssa
1,Lashirah
1,Latashia
1,Lateasha
1,Laticia
1,Latifa
1,Latifah
1,Latisha
1,Latoya
1,Launa
1,Launna
20,Laura
1,Laurali
1,Lauralie
1,Laurane
5,Laurel
1,Laurelai
1,Laurelyn
67,Lauren
1,Laúren
1,Laurenne
3,Laurie
9,Lauryn
1,Lavender
1,LaVida
2,Lavinia
1,Lavinnia
1,Lavleen
1,Lawson
1,Laya
4,Layal
4,Layan
1,Laycee
40,Layla
2,Laylah
3,Layne
1,Lazzarah
1,Le
4,Lea
75,Leah
1,Leahan
1,Leahya
1,Lean
1,Leana
1,Leandra
6,Leanna
5,Leanne
1,Leasha
2,Leea
1,Lee-Anne
2,Leela
1,Leem
4,Leen
7,Leena
1,Leera
1,Legacy-Dee
8,Leia
1,Leianne
4,Leigh
4,Leigha
1,Leighann
1,Leighazha
1,Leighlah
6,Leighton
20,Leila
4,Leilah
3,Leilani
1,Leirra
1,Lejla
2,Lela
1,Lelas
1,Lelia
1,Lemar
13,Lena
2,Lenaya
1,Lene
1,Leni
2,Lennon
1,Lennox
2,Lenora
6,Leona
1,Leonie
2,Leora
1,Leryn
1,Leshka
2,Lesley
1,Leticia
1,Letisha
1,Letrisha
1,Levana
2,Lexa
25,Lexi
12,Lexie
1,Lexington
3,Lexis
9,Lexus
1,Lexxus
4,Lexy
1,Lexys
2,Leya
1,Leyella
4,Leyla
1,Leyna
1,Lezlie
5,Lia
1,Liam
1,Liana
1,Liandra
1,Lianna
1,Lianne
1,Liara
3,Libby
5,Liberty
1,Lico
3,Lidia
1,Lidya
1,Liel
1,Lien
1,Liette
1,Ligaya
1,Likiya
14,Lila
1,LiLa
4,Lilah
3,Lili
2,Lilia
2,Lilian
9,Liliana
2,Liliane
3,Lilianna
3,Lilith
2,Lilja
2,Lilla
1,Lillanie
2,Lilli
1,Lillia
40,Lillian
4,Lilliana
3,Lillianna
1,Lillianne
5,Lillie
1,Lillieandra
23,Lilly
1,Lillyan
2,Lilly-Ann
1,Lilly-Anna
1,Lillyanne
1,Lilou
106,Lily
1,Lilya
1,Lilyahna
1,Lilyam
2,Lilyana
1,Lilyann
2,Lilyanna
1,Lily-anne
1,Lily-Raye
2,Lily-Rose
1,Lily-True
1,Lin
5,Lina
10,Linda
1,Lindelwe
1,Linden
11,Lindsay
3,Lindsey
1,Linh
1,Linka
1,Linkin
1,Linnah
4,Linnea
1,Linsey
1,Linta
16,Lisa
1,Lisbeth
1,Liselle
1,LissaMarie
1,Lita
1,Litia
6,Liv
9,Livia
1,Livie
1,Liya
1,Liyba
3,Liza
1,Liza-Jo
1,Lizz
1,Ljubica
1,Llusion
1,Llyr
1,Loa
1,Loann
1,Lochlyn
1,Locklan
1,Loella
1,Lofo
7,Logan
1,Logann
1,Lois
1,Lojayn
12,Lola
1,Lola-Ann
23,London
4,Londyn
1,Londynn
1,Loraina
1,Loreena
2,Lorelai
2,Lorelei
1,Lorelena
1,Lorelle
1,Loren
1,Lorena
1,Loreyn
3,Lori
1,Loriana
1,Lorilie
1,Lorina
2,Lorna
2,Lorraine
1,Losondra
1,Lotus
2,Lou
1,Louella
1,Louisa
4,Louise
1,Louise-Ann
1,Lourdes
1,Luanna
3,Luca
1,Lucca
7,Lucia
4,Luciana
1,Lucie
1,Lucienne
2,Lucille
2,Lucinda
33,Lucy
1,LucyAnne
1,Lucy-Louise
1,Lucynda
1,Lugereke
1,Luisa
1,Luka
1,Lula
1,Lulu-Marie
1,LuLwa
5,Luna
1,Lundin
1,Lunetta
1,Lutfiyah
1,Lux
1,Lybi
18,Lydia
18,Lyla
3,Lylah
1,Lylli
2,Lynaya
1,Lyndsey
1,Lynea
1,Lyneal
1,Lynessa
2,Lynn
1,Lynnae
1,Lynne
1,Lynnley
1,Lynx
1,Lynzie
8,Lyra
7,Lyric
1,Maahi
1,Maanya
3,Mabel
1,Mabinty
1,Mable
2,Macayla
11,Macey
1,Maci
4,Macie
1,Mackena
1,Mackenize
5,Mackenna
1,MacKenzee
1,Mackenzee
2,Mackenzi
65,Mackenzie
10,MacKenzie
1,Mackinley
1,Maclaine
13,Macy
1,Madaleine
8,Madalyn
1,Madalyne
2,Madalynn
1,Maddax
4,Madden
4,Maddie
20,Maddison
2,Maddisyn
2,Maddix
2,Maddox
1,Maddyn
1,Maddyson
2,Maddyx
1,Madecyn
2,Madelaine
19,Madeleine
1,Madelen
1,Madelena
33,Madeline
37,Madelyn
9,Madelynn
1,Madelynne
1,Maden
1,Madi
1,Madigan
1,Madik
1,Madilene
6,Madilyn
1,Madilynn
1,Madilynne
3,Madina
1,Madinah
4,Madisen
170,Madison
1,Madison-Chloe
1,Madisson
7,Madisyn
3,Madisynn
1,Madya
1,Madysan
4,Madysen
13,Madyson
1,Madysson
4,Mae
1,Maegyn
1,Maekailla
1,Maeko
1,Maëlie
1,Maelynn
1,Maelys
1,Maesie
2,Maéva
9,Maeve
2,Magda
2,Magdalena
1,Magela
14,Maggie
1,Mah
2,Maha
1,Mahala
1,Mahalia
1,Maham
2,Maheen
1,Mahek
1,Mahekdeep
2,Mahi
1,Mahiken
1,Mahima
1,Mahlia
2,Mahnoor
1,Mahrosh
1,Mahrukh
1,Mahum
2,Mai
10,Maia
1,Maïa
2,Maicy
1,Maiele
1,Maihur
1,Maïla
1,Maile
1,Mai-Lien
1,Maimoona
1,Maira
1,Mairead
1,Maise
1,Maisee
1,Maisen
2,Maisey
1,Maisha
8,Maisie
2,Maisy
1,Maitreya
3,Maiya
1,Maiyah
1,Maizie
3,Maja
2,Makaela
1,Makaila
1,Makalya
2,Makaya
1,Makayah
44,Makayla
1,Makaylah
1,Makayla-lee
1,Makayli
1,Makela
15,Makena
1,Makendell
27,Makenna
6,Makenzie
2,MaKenzie
1,Makinlee
3,Makiya
1,Makya-Lynn
5,Malaika
1,Malaïkka
13,Malak
1,Malak-Halima
1,Malasha
5,Malaya
1,Malayika
2,Malayna
1,Malaynie
1,Malaz
1,Malea
1,Malee
1,Malena
1,Maleya
8,Malia
2,Maliah
1,Malibu
1,Maliegha
1,Maliha
1,Malika
1,Malinda
1,Malisha
2,Maliyah
1,Mallika
10,Mallory
1,Mamawa
2,Manahil
1,Manar
6,Mandy
1,Maneet
3,Manha
1,Manjot
1,Manki
1,Mankirat
6,Mannat
1,Manny
2,Manon
1,Manpreet
1,Manrajdeep
1,Manreet
2,Manroop
1,Mansi
3,Manuela
1,Manveer
1,Manvi
1,Manvir
1,Mapalo
1,Mapendo
1,Mapril
6,Mara
1,Mara-Jade
1,Maranata
1,Marcaid
1,Marcedes
2,Marcella
1,Marcia
1,Mardy
12,Maren
9,Margaret
1,Margaret-Anne
1,Margaretha
1,Margit
1,Margo
1,Marguerite
1,Mari
49,Maria
1,María
1,Maria-Ann
19,Mariah
1,Maria-Jose
1,Maria-Julia
12,Mariam
2,Mariama
13,Mariana
1,Marianah
1,Mariane
1,Mariann
1,Marianna
2,Marianne
1,Maricor
19,Marie
1,Marié
1,Mariebelin
1,Marie-Elise
1,Marie-Ève
1,Mariefe
1,Marieka
1,Mariel
1,Mariela
1,Marie-Lise
1,Mariella
4,Marielle
1,Mariem
1,Marie-Zola
4,Marija
1,Marika
1,Mariko
1,Mari-Lize
1,Marilyn
5,Marin
6,Marina
1,Marinn
4,Marisa
1,Marisa-Claire
2,Mariska
4,Marisol
20,Marissa
1,Marit
2,Mariya
4,Mariyah
1,Marjon
1,Marjorie
1,Markessah
1,Markiela
1,Markita
2,Marla
1,Marlaya
9,Marlee
1,Marleena
2,Marleigh
1,Marlena
1,Marlene
34,Marley
1,Marli
5,Marlie
3,Marlo
1,Marlowe
1,Marry
1,Marryam
2,Marseille
1,Marsha
12,Martha
1,Marti
3,Martina
2,Martine
1,Marukh
1,Maruna
8,Marwa
1,Marwah
21,Mary
1,Marya
13,Maryam
2,Maryama
1,Maryan
1,MaryAnn
1,Maryann
2,Mary-Ann
1,Marybelle
1,Maryel
1,Maryiam
3,Mary-Jane
1,Mary-Jayne
1,Maryjo
1,Mary-Lynn
6,Maryn
1,Marysa
1,Marzena
1,Masako
1,Masaya
1,Mason
1,Mataeya
1,Mataiya
1,Matalie
1,Matalinh
4,Mataya
3,Matea
1,Mateja
1,Mateya
1,Mathea
1,Mathilda
1,Mathilde
1,Mathili
2,Matilda
1,Matison
1,Mattayeh
7,Mattea
1,Matthea
1,Mattianna
1,Mattie
1,Matty
1,Matylda
1,Maude
1,Maura
1,Maureen
1,Mavie
1,Maximillia-Afua
3,Maxine
1,May
91,Maya
2,Mayah
1,Mayan
1,Mayar
1,Maybelle
1,Maybellene
3,Maycee
1,Maycie
1,Maymona
1,Maynoosh
3,Maysa
1,Maysaa
1,Maysan
1,Mayson
1,Maysun
1,Mazi
1,McKaila
11,McKayla
2,Mckayla
1,Mckaylah
14,McKenna
8,Mckenna
1,McKennah
6,McKenzie
3,Mckenzie
1,McKinley
1,Mckinley
1,McLaren
1,Méa
10,Meadow
8,Meagan
1,Meagan-Joy
4,Meaghan
4,Meah
1,Meala
1,Meanne
1,Mearah
2,Medina
1,Medoria
1,Meegan
1,Meeka
2,Meena
2,Meerab
1,Meerub
1,Meesha
1,Meeyah
76,Megan
1,Megann
10,Meghan
1,Megyn
1,Mehakpreet
1,Meharroop
1,Mehekdeep
1,Meher
1,Mehreen
2,Meika
1,MeiLing
1,Meina
1,Meira
1,Meisa
1,Meisha
1,Meiya
2,Meka
1,Mekea
1,Meklit
3,Melania
13,Melanie
1,Melanyia
3,Melayna
1,Melayne
1,Melea
1,Meleah
1,Meledie
3,Melena
3,Melia
1,Mélida
6,Melina
1,Melinda
1,Melis
3,Melisa
1,Melisande
19,Melissa
1,Mellicia
1,Melodie
2,Mélodie
11,Melody
1,Mélody
1,Melody-Ocean
1,Melony
4,Memphis
1,Memphys
1,Mena
1,Meng
1,Mennah
1,Merab
1,Mercede
18,Mercedes
1,Mercedez
1,Mercedeze
1,Mercedie
1,Mercedies
1,Mercer
1,Merci
4,Mercy
5,Meredith
1,Merida
1,Merideth
1,Meridian
1,Meridith
1,Meriella
2,Meron
1,Merrick
2,Merrin
1,Merryn
1,Mersaela
1,Merveille
1,Meryem
1,Meryll
1,Mesa
1,Mesno
1,Metallia
1,Meti
4,Meya
59,Mia
1,Mía-Enjelliene
2,Miah
1,Miami
1,Mia-Valentina
1,Mica
1,Micaela
1,Micaella
4,Micah
1,Micah-Eve
1,Micayah
6,Michaela
2,Michaella
2,Michal
1,Michayla
1,Michela
1,Micheline
25,Michelle
2,Mickayla
1,Mickenzie
1,Mid
1,Miecka
2,Mieka
1,Miella
1,Mielle
2,Miika
6,Mika
1,Mikaeda-Lee
10,Mikaela
1,Mikaella
1,Mikaelle
3,Mikaila
1,Mikala
1,Mikalean
45,Mikayla
1,MiKayla
2,Mikenna
1,Mikennah
1,Mikhayla
1,Miko
1,Mikohpisim-Wapunon
1,Mikyla
9,Mila
1,Milada
1,Milagro
1,Milaina
4,Milana
1,Milanora
2,Milee
1,Mileigh
4,Milena
1,Milène
23,Miley
1,Miley-Dawn
1,Mili
2,Milla
1,Miller
2,Millie
1,Milly
1,Milo
9,Mina
2,Minaal
1,Minami
1,Minay
2,Mindy
1,Minhel
1,Minkyi
1,Minmei
1,Minuh
15,Mira
2,Mirabelle
2,Miracle
1,Mirai
1,Mirakelle
10,Miranda
1,Mirha
6,Miriam
1,Mirielle
1,Mirissa
1,Miriya
1,Mirna
1,Mirra
1,Misbah
6,Mischa
6,Misha
1,Misha-Taiyoo-Lily-Jean
2,Mishayla
1,Mishkat
1,Miskeenah
1,Misty
8,Miya
2,Miyah
1,Mlaika
4,Moira
1,Molley
1,Mollie-Lynn
29,Molly
1,Mollyna
1,Momanna
3,Mona
1,Mona-Rayza
2,Monet
9,Monica
3,Monika
4,Monique
1,Monisha
1,Monroe
4,Montana
1,Montayne
1,Moreita
60,Morgan
1,Morgean
1,Morgen
1,Morgyn
3,Moriah
1,Morilee
1,Morley
1,Morning
1,Morningstar
1,Mosinmiloluwa
1,Mosopefoluwa
1,Mothyka
1,Muhainata
1,Muhida
1,Mulan
2,Muna
2,Muneeba
1,Muneebah
1,Muniba
1,Muntas
1,Musfira
5,Muskaan
2,Muskan
1,Muzhda
1,Mwadi
1,My
86,Mya
15,Myah
1,Mya-Lee
1,Mya-lee
1,Myan
1,Myeisha
1,Myesha
5,Myka
2,Mykaela
1,Mykynlei
9,Myla
1,Mylah
1,Mylani
1,Myleah
7,Mylee
1,Myleigh
2,Myley
3,Mylie
1,Mylo
3,Myra
1,Myrakle
1,Myrissa
1,Mysha
1,Mysia
1,Mystearica
1,Mysti
1,Mytia
1,Naazpreet
2,Nabeeha
5,Nabiha
3,Nada
1,Nadala
1,Nadelle
22,Nadia
9,Nadine
1,Nadzieja
1,Naela
1,Naemi
1,Naesha
1,Nafkot
1,Nahal
1,Nahilli
1,Nahomy
2,Naia
1,Naida
2,Naila
1,Na'ila
2,Naima
1,Naina
1,Naiomi
2,Naiya
1,Najah
1,Najea
1,Nakayla
2,Nakita
1,Nalaini
1,Nalita
1,Naliyah
1,Namal
1,Nameeka
1,Namita
1,Nammuni
10,Nancy
1,Nandi
1,Nandini
1,Naoise
1,Naolie
48,Naomi
2,Naomie
1,Nardeen
1,Naresha
1,Nashra
1,Nashwa
1,Nasihat
2,Nasima
1,Nasren
1,Natale
4,Natalee
1,Natali
32,Natalia
1,Nataliah
73,Natalie
1,Natalis
1,Natalli
1,Natallia
1,Natallya
3,Natalya
1,Natania
2,Natanis
1,Natanya
22,Natasha
1,Natasi
2,Nataya
1,Natayia
1,Natelia
6,Nathalie
1,Nathaly
1,Nathina
2,Natsumi
1,Nature
1,Navalie
1,Navdeep
1,Naveah
2,Naveen
1,Navjot
1,Navkamal
1,Navleen
1,Navneet
1,Navpreet
2,Navreet
1,Navrose
1,Navya
3,Nawal
1,Naxi
2,Naya
1,Nayela
1,Nayeli
1,Nayesha
2,Nayla
1,Nayshus
1,Nazli
1,Nea
3,Neala
1,Nealab
1,Neayvah
1,Nebiat
1,Nécole
1,Neda
1,Neela
1,Neelum
1,Neema
1,Neesa
1,Neesha
1,Negha
6,Neha
1,Nehal
2,Nehchal
1,Neila
1,Neisha
1,Neitya
1,Neiva
1,Nejua
1,Neka
2,Nekeisha
1,Neko
3,Nela
1,Neliah-Patricia
1,Nelisiwe
2,Nell
2,Nella
4,Nellie
6,Nelly
1,Nely
1,Nena
1,Nenah
1,Nesma
1,Nesrine
1,Nessa
1,Netha
1,Nethara
1,Nethmini
1,Netra
1,Neva
1,Nevada
65,Nevaeh
1,Nevaeh-rain
1,Nevah
2,Nevara
1,Nevaya
1,Nevayah
1,Nevayeh
1,Neve
1,N'eve
3,Neveah
1,Neven
1,Nèves
1,Neviah
1,Nevianna
1,Nevjot
1,Neysa
1,Ngozi
1,Nhung
3,Nia
2,Niamh
1,Niara
1,Niayla-Jasmine
1,Nibol
1,Nichola
1,Nichole
1,Nickayla
1,Nicol
3,Nicola
39,Nicole
3,Nicolette
1,Nieke
1,Niesha
1,Nigella
1,Night
3,Nika
1,Nikaila
1,Nika-Scott
4,Nikita
6,Nikki
1,Nikko
1,Nikola
1,Nikole
1,Nikolina
1,Nikyla
1,Nima
1,Nimosagal
1,Nimrah
3,Nimrat
17,Nina
2,Niobe
1,Niomi
1,Nirvana
1,Nisa
1,Nisha
1,Nishka
1,Nisrean
1,Nissa
1,Nitika
1,Nivaya
1,Nixie
1,Nixon
1,Nixsy
3,Niya
4,Niyah
1,Niyla
1,N'Landinha
1,Noah
2,Noel
2,Noela
1,Noella
9,Noelle
1,Noellie
1,Noemie
1,Noémie
1,Nohemit
1,Nokwethemba
3,Nola
1,Nolani
1,Nolwenn
1,Nomi
1,Nomtandazo
1,Nonguni
10,Noor
2,Noora
1,Noor-ul-Ain
2,Noor-Ul-Huda
1,Nor
9,Nora
20,Norah
1,Noralyn
1,Norelle
1,Nori
1,Norvisi
1,Nouha
4,Nour
1,Noura
1,Nourhan
4,Nova
1,Novah
1,Novalee
1,Noveah
2,Nuala
1,Nuha
1,Nujood
1,Nuramina
1,Nuriye
1,Nusaiba
4,Nya
1,Nyabany
1,Nyabiel
1,Nyadeng
1,Nyadhoal
1,Nyadhole
8,Nyah
1,Nyakuch
1,Nyamal
1,Nyamar
1,Nyamer
1,Nyamerri
1,Nyana
1,Nyanuer
1,Nyapuka
2,Nyaruach
2,Nyasha
1,Nyawang
1,Nycea
1,Nycole
1,Nyesha
1,Nyibol
1,Nyila
3,Nyla
3,Nylah
1,Ny-omee
1,Nyomi
1,Nyree
1,Nyssa
1,Nziga
1,Oaken
1,Oakland
2,Oakley
1,Obianuju
7,Ocean
1,Oceana
1,Oceane
4,Océane
2,Oceanna
1,Océanne
3,Octavia
1,Octavya
1,Odal
8,Odessa
1,Oenna
1,Oghenefejiro
1,Ohryia
1,Ohunene
1,Ojaswi
1,Okimawiskwew
2,Olena
1,Olessa
1,Olianna
1,Olin
9,Olive
236,Olivia
1,Olivia-Ann
1,Oliviah
1,Olivia-Louise
1,Olivia-Rose
1,Oludunni
1,Olulademi
2,Oluwadamilola
1,Oluwademilade
1,Oluwaromilagbara
1,Oluwatoromo
1,Olyvia
2,Omneya
1,Omsalama
1,Omyemah
1,Oneisha
1,Onyka
1,Ophaelia
1,Ophelia
1,Oriane
3,Orianna
2,Orla
1,Orlagh
1,Oryanna
1,Osareamen
1,Othnielle-Botema
1,Ottilia
1,Owena
2,Pacey
1,Padience
2,Paeton
2,Paetyn
1,Paietyn
88,Paige
1,Paighton
1,Paislee
7,Paisley
1,Paitan
2,Paiten
1,Paitence
9,Paityn
1,Paiyten
1,Palkin
1,Pamela
2,Paola
1,Parableen
2,Paradise
1,Paramjot
1,Pari
3,Paris
1,Parisa
8,Parker
1,Parneet
1,Parniyan
1,Parul
1,Parvati
1,Parveen
1,Pashynn
1,Passion
10,Patience
1,Paton
1,Patrice-Miguella
1,Patsy
4,Paula
1,Paulaina
6,Paulina
2,Pauline
1,Paulita
1,Paullena
1,Pavi
1,Pavit
1,Pavneet
1,Pawandeep
1,Payden
2,Payge
4,Payten
1,Paytience
1,Paytin
74,Payton
2,Paytyn
1,Pearl
1,Pearlina
1,Pearls
1,Peggy
4,Peighton
1,Peightyn
1,Pelin
8,Penelope
2,Penny
1,PennyLane
1,Perciya
1,Perina
1,Perswacious
1,Peryn
4,Petra
1,Peydence
1,Peydon
1,Peydynn
2,Peytan
3,Peyten
1,Peytin
80,Peyton
1,Peyton-Marie
2,Phaedra
1,Phalen
1,Phallon
1,Phennodry
1,Pheonix-Rayne
1,Phirdaus
5,Phoebe
20,Phoenix
1,Phoenix-Rayel
1,Phylla-Joyce
1,Pia
1,Pierce
1,Piersyn
1,Pikssii
33,Piper
1,Pipon
1,Pippa
1,Piquette
1,Pixie
1,Piyesîs
1,Pokota
1,Poni
2,Pooja
5,Poppy
1,Porscha
1,Porsche
1,Porter
2,Portia
1,Prabhdeep
2,Prabhjot
3,Prabhleen
4,Prabhnoor
1,Prabnoor
1,Prachi
1,Prajitha
1,Pranav
5,Precious
1,Preet
1,Preetjot
1,Preslea
2,Preslee
20,Presley
1,Presley-Ann
1,Preslie
1,Pressley
1,Pressly
1,Prestin
1,Preston-Jayde
1,Pretty
1,Preya
1,Pria
1,Pricious
1,Priseis
1,Prisha
5,Priya
2,Promise
5,Puneet
1,Punita
3,Pyper
1,Qanani
1,Qirat
1,Qudsia-Ur
1,Queen
1,Questa
1,Quetana
1,Quiana
1,Quin
1,Quinlan
23,Quinn
2,Quorra
1,Qwynn
1,Raajbir
1,Rabaka
1,Rabecca
1,Rabeea
1,Rabia
10,Rachael
4,Racheal
75,Rachel
1,Rachele
5,Rachelle
1,Raci
1,Racquel
1,Radhika
2,Rae
1,Raea
1,Rae-Ann
2,Raeanna
1,RaeAnna
2,Raeanne
1,RaeAnne
1,Raechel
2,Raedyn
1,Raeesa
5,Raegan
2,Raegen
1,Raehlianna
1,RaeLee
1,Raelee
1,Raelene
1,Raelin
1,Raelina
6,Raelyn
5,Raelynn
1,Raelynne
2,Raena
1,Raeonna
1,Raeya
1,Raeyah
1,Rafaella
1,Ragash
2,Rahaf
1,Rahi
1,Rahil
2,Rahma
1,Raiha
1,Raimi
3,Rain
10,Raina
1,Raina-Lee
2,Rainbow
7,Raine
1,Rainelle
1,Raine-Te-Memeke
1,Raïnna
2,Raiya
1,Raiyan
1,Raiza
1,Rajaa
1,Rajvi
1,Raman
1,Ramandeep
1,Rameen
1,Ramla
1,Ramlah
1,Ramneet
1,Ramona
3,Rana
1,Randa
1,Randilynn
1,Rane
6,Raneem
1,Rani
2,Rania
1,Raniya
1,Ranyah
1,Raphaëlle
4,Raquel
1,Rasha
1,Rasheda
1,Rashi
1,Rashika
1,Rashmika
1,Rasnampreet
1,Raspreet
1,Rauri
2,Ravdeep
4,Raven
1,Ravleen
1,Ravneet
2,Rawan
6,Raya
2,Rayaan
3,Rayah
6,Rayan
1,Rayann
1,Rayanna
1,Rayanne
1,Raychel
1,Raychell
1,Rayden
1,Raydn
2,Rayelle
1,Rayhan
1,Raykelle
1,Raylea
1,Rayleigh
1,Raylin
1,Raylyn
1,Rayme
20,Rayna
13,Rayne
1,Rayne-Amanda
1,Rayner
1,Rayven-Lee
1,Rayvon
1,Rayya
1,Razaan
1,Razan
1,Razielle
5,Reagan
1,Reana
4,Reanna
2,Reba
1,Rebbecca
2,Rebeca
59,Rebecca
1,Rebeccah
1,Rebecca-Jane
2,Rebecka
1,Rebeka
17,Rebekah
2,Rebekka
1,Rebekkah
1,Rebha
10,Reece
1,Reed
1,Reegan
1,Reeghan
3,Reem
1,Reema
1,Reemey
1,Reesa
50,Reese
4,Reet
1,Reeve
4,Regan
2,Regina
1,Rehab
2,Reham
1,Rehama
1,Rehn
1,Reianna
1,Reid
1,Reidun
1,Reigh
1,Reika
1,Reili
4,Reilly
1,Reiner
1,Rejoice
1,Remi
1,Remy
2,Rena
2,Renae
4,Renata
1,Renee
4,Renée
1,Renessa
1,Rennielle
1,Requel
1,Reva
1,Revan
1,Reve
1,Revy
1,Rewan
1,Rewina
1,Reyam
1,Reyhan
1,Reylen
3,Reyna
1,Reyna-Nancy
1,Rhaea
5,Rhea
1,Rheana
2,Rheanna
1,Rheese
1,Rhegan
1,Rheyna
1,Rhiana
1,Rhiana-Nicole
8,Rhianna
1,RhiAnna
1,Rhiannah
1,Rhianna-Lynn
5,Rhiannon
1,Rhiara
2,Rhiley
1,Rhiya
3,Rhyan
1,Rhyannah
1,Rhylee
1,Rhylo
2,Rhys
2,Ria
3,Rian
1,Riana
2,Riann
7,Rianna
1,Riarsyn
2,Riata
1,Riayn
1,Rice-Marie
1,Richa
4,Richelle
1,Rickie
2,Rida
1,Riddhi
1,Riddhima
1,Ridhima
1,Ridley
1,Riel
1,Riele
1,Rielle
1,Rihana
15,Rihanna
1,Riika
1,Rijah
1,Rijja
1,Riki
2,Rikki
1,Rikki-Lynn
1,Rilee
2,Rileigh
1,Rilex
24,Riley
1,Riley-Reign
3,Rilynn
1,Rimah
1,Rina
1,Rinka
1,Rinnah
2,Rio
2,Ripley
4,Rita
1,Rithvika
2,Ritika
1,Riven
8,River
1,Rivka
5,Riya
1,Riyah
1,Riyo
1,Riza
1,Rizpah
1,Roan
1,Roba
1,Robbi
1,Robby
4,Robin
9,Robyn
1,Robynn
2,Rochelle
2,Rocio
1,Rockell
1,Roclyn
1,Roewyn
1,Rofia
1,Roha
1,Róise
1,Roisin
1,Róisín
1,Rojin
1,Rokayle
1,Rokhini
1,Roman
1,Romelia
1,Romesa
1,Romey
1,Romita
3,Romy
1,Rooha
1,Roree
2,Rori
1,Rorie
5,Rory
3,Rosa
1,Rosaleah
1,Rosalia
3,Rosalie
2,Rosalina
1,Rosaliya
1,Rosamelia
4,Rosanna
1,Rosaria
1,Rosavadee
8,Rose
1,Rosealyn
2,Roseanna
1,Roselena
1,Rosella
1,Roselle
2,Roselyn
1,RoseMarie
1,Rose-Marie
1,Rosemary
1,Rosey
1,Rosheen
1,Rosibel
2,Rosie
1,Rosie-Izabella
1,Roslyn
1,Roudayna
27,Rowan
1,Rowe
2,Rowen
8,Rowyn
1,Rowynn
1,Roxane
1,Roxanna
2,Roxanne
1,Roxie
2,Roxy
1,Roya
1,Royan
1,Royce
1,Rozina
1,Rozlyn
34,Ruby
1,Ruby-Anne
1,Ruby-Monroe
1,Ruchi
1,Ruhaani
1,Ruhamah
1,Ruhin
1,Ruhita
1,Ruijie
1,Rukiye
1,Rumaisa
1,Rumaysah
1,Rumessa
1,Rune
1,Ruqaya
1,Ruqayya
1,Ruri
1,Rusneet
1,Rut
6,Ruth
1,Rya
1,Ryah
1,Ryalee
8,Ryan
10,Ryann
4,Ryanne
1,Ryann-Lee
3,Ryder
1,Rydyr
1,Ryenne
1,Rylah
9,Rylan
2,Rylea
32,Rylee
1,Rylee-Jayne
11,Ryleigh
1,Ryleigh-Jayde
1,Rylence
1,Rylene
6,Ryley
1,Ryley-Jaye
16,Rylie
3,Rylin
1,Rylyn
1,Rylynd
3,Rylynn
1,Rynelle
1,Ryvah
1,Saada
1,Saamiya
1,Saanika
1,Saanvi
1,Saara
1,Saaya
3,Saba
1,Sabaoth-Biniam
3,Sabeeka
1,Sabela
1,Sabilla
2,Sabina
2,Sabine
2,Sabirin
1,Sable
1,Sabra
1,Sabreen
13,Sabrina
1,Sabryna
1,Sacha
1,Sadaya
1,Sadee
2,Sadey
87,Sadie
1,Sadie-Lee
1,Sadifa
1,Sadilyn
1,Sadiya
1,Sadye
1,Saedie
1,Saeran
2,Safa
1,Safaa
1,Safae
1,Safa-Sadeqi
1,Saffire
2,Saffron
1,Safia
1,Safiera-Faye
1,Safina
1,Safira
2,Safiya
1,Saforah
1,Safree
1,Sagal
11,Sage
1,Sagelynn
1,Sagine
1,Sahaira
2,Sahana
5,Sahar
3,Sahara
1,Sahasra
1,Sahej
1,Sahijpreet
2,Sahra
2,Saidey
11,Saige
1,Sainga
1,Saire
1,Saisha
1,Saiya
3,Saja
1,Sajara
1,Sajel
1,Sakeenah
3,Sakina
1,Sakura
1,Salam
1,Salaya
1,Saleina
1,Saleisha
1,Salem
1,Salena
1,Salimatou
1,Salisha
2,Sally
1,Sally-Jean
5,Salma
1,Salwa
1,Samaera
110,Samantha
1,Samantha-Lee
9,Samara
1,Samara-Charlotte
1,Samarah
1,Samarah-Nicolasa
1,Samatha
1,Samaya
5,Samia
1,Samie
1,Samina
6,Samira
2,Samiya
1,Sammie
2,Sammy
1,Samreet
1,Samuelle
3,Sana
4,Sanaa
1,Sanam
1,Sanay
1,Sanchi
1,Sanchia
1,Sandithmee
5,Sandra
1,Sandra-Lynn
1,Sandy
3,Sania
1,Saniya
1,Sanjana
1,Sanjhpreet
1,Sanjot
1,Santaya
1,Santina
1,Sanya
1,Saoirse
1,Saphia
1,Saphira
1,Sapphira
2,Sapphire
1,Sappho
65,Sara
1,Sarafena
1,Sarafina
188,Sarah
1,Sarah-Elizabeth
1,Sarah-May
2,Sarai
1,Sara-Jade
1,Sara-Jane
1,Sara-Lauren
1,Saralynn
1,Saraphine
1,Saraya
1,Saraye
2,Sareen
1,Sareh
1,Sarem
2,Sarena
1,Saribah
5,Sarina
1,Sarine
1,Sarinthorn
1,Sarisha
1,Sarissa
2,Saron
1,Sarra
1,Sarriah
1,Sarron
1,Sartaj
2,Saryn
12,Sasha
1,Sass
1,Satera
1,Satevia
1,Satie
1,Satinder
1,Sativa
1,Satya
1,Savahana
3,Savana
8,Savanah
7,Savanna
49,Savannah
1,Savera
1,Savita
1,Sawsan
8,Sawyer
2,Saya
1,Saybah
1,Sayda
2,Sayde
3,Saydee
1,Saydi
2,Saydie
1,Sayila
1,Sayje
1,Sayla
1,Saylah
1,Saylar
1,Saylee
1,Sayuri
3,Scarlet
1,Scarlet-Rose
36,Scarlett
1,Science
3,Scotia
2,Scotlyn
1,Scoutt
1,Seadelle
1,Seaham
8,Seanna
2,Searra
1,Season
1,Seawafta
1,Seayena
1,Sedonia
1,Seelie
1,Ségolène
1,Sehaj
1,Sehj
1,Sehreen
1,Sehrit
1,Seija
1,Seirra
1,Sejal
1,Sekemi
4,Selah
9,Selena
2,Selene
1,Selgai
1,Seliesha
2,Selin
4,Selina
1,Selphie
1,Semhar
1,Semiah
2,Semira
1,Sendra
1,Senight
1,Senin
1,Seonaid
1,Sephora
1,Sepora
1,Sepreina
2,Sequoia
1,Serafina
1,Seraiah
2,Seraphina
1,Seraya
3,Seren
19,Serena
22,Serenity
1,Serenity-Isis
1,Seretta
1,Sergo
1,Serina
2,Serine
1,Seryna
1,Sesen
1,Setara
1,Sevanha
1,Sezira
1,Shabana
1,Shabreen
1,Shacree
1,Shadae
1,Shade
1,Shadean
1,Shaden
1,Shadessa
1,Shadia
1,Shadiamond
2,Shadow
5,Shae
2,Shaelee
4,Shaelin
2,Shaelyn
2,Shaelynn
1,Shae-Lynn
1,Shaena
1,Shafin
1,Shahed
1,Shaheen
1,Shahnas
1,Shahyd
1,Shai
1,Shaia
1,Shaila
1,Shaileigh
2,Shaimaa
1,Shaina
1,Shakana
1,Shakira
1,Shakira-Ayaan
1,Shalane
1,Shalayna
1,Shale
1,Shalee
1,Shaliese
1,Shallay
2,Shalom
1,Shalyra
1,Shams
1,Shana
3,Shanae
1,Shanaea
1,Shanay
3,Shanaya
1,Shanayah
2,Shanda
1,Shane
1,Shanelle
1,Shanen
1,Shanessa
1,Shanesse
1,Shani
2,Shania
1,Shaniel
1,Shaniqua
1,Shanita
1,Shaniya
1,Shannae
1,Shannah
1,Shannel
1,Shannen
12,Shannon
1,Shantaye
1,Shante
1,Shantel
1,Shantelle
1,Shanti
2,Shanvi
1,Shanze
1,Shaqelle
1,Shaqueita
1,Shareen
1,Sharell
1,Sharleene
1,Sharlene
1,Sharley
1,Sharleyne
1,Sharli
1,Sharmaine
1,Sharmeen
1,Sharnpreet
1,Shase
1,Shaughnessy
1,Shauna
1,Shaunice
1,Shauntez
1,Shaunti
1,Shauny
1,Shavaughn
1,Shawn
2,Shawna
3,Shay
3,Shaya
3,Shayanne
2,Shayden
1,Shaydon
3,Shaye
1,Shayia
38,Shayla
1,Shaylea
1,Shaylean
8,Shaylee
1,Shaylen
1,Shaylena
1,Shaylie
2,Shaylyn
4,Shaylynn
2,Shay-Lynn
1,Shayma
1,Shaymaa
6,Shayna
5,Shayne
1,Shaynell
1,Shayona
1,Shayse
2,Shazia
6,Shea
1,Shea-Ann
1,Sheaden
1,Shealeen
2,Shealyn
2,Shealynn
1,Shea-Lynn
1,Sheanna-Lee
2,Sheena
1,Sheequin
2,Sheila
1,Shelain
1,Shelbi
27,Shelby
1,Shelbylynn
1,Shelia
1,Shell
1,Shemaina
1,Shereen
1,Sherena
1,Sheri
3,Sheridan
1,Sherri
1,Sherynne
1,Sheybrie
1,Sheyenne
1,Sheylyn
3,Sheza
3,Shia
1,Shiella
1,Shila
2,Shilo
7,Shiloh
1,Shilyse
1,Shira
1,Shiree
3,Shireen
1,Shirine
2,Shivani
1,Shiza
1,Shona-Lynn
1,Shopïa
1,Shreeya
3,Shreya
1,Shriya
1,Shruthi
1,Shruti
1,Shuche
1,Shuet-Ying
1,Shugri-Omar
1,Shumiraishe
1,Shy
1,Shya
2,Shyah
1,Shyan
3,Shyann
6,Shyanne
12,Shyla
1,Shylah
1,Shyleen
1,Shylo
2,Shyloh
1,Shylynn
1,Shyyaean
2,Sia
2,Sianna
2,Siara
1,Sicily
1,Sidnea
7,Sidney
1,Sidonie
1,Sidra
1,Sidrat
1,Sieana
1,Sieara
1,Siearra
1,Siedi
1,Siella
5,Siena
53,Sienna
56,Sierra
1,Sierrah
1,Siershe
2,Siham
1,Siifan
1,Sikyra
1,Silvana
3,Silver
3,Silvia
1,Silynn
2,Simar
1,Simarjot
1,Simoh
1,Simon
2,Simona
8,Simone
1,Simr
1,Simra
1,Simrah
10,Simran
2,Simrat
3,Simrit
1,Simron
1,Sinbo
1,Sincere
2,Sinead
1,Sinéad
1,Si-Ning
2,Siobhan
1,Sipran
1,Siraya
1,Siraye
1,Sireena
1,Sirena
3,Siri
1,Sisley
1,Sissi
1,Sitaish
2,Sitara
1,Sitora
1,Siyah
1,Siyana
1,Siyang
2,Sky
11,Skye
9,Skyla
2,Skylah
19,Skylar
1,Skylar-Anne
1,Skylee
3,Skyler
1,Skylette
1,Skylie
1,Skylynn
1,Skylynne
1,Sloan
6,Sloane
1,Smaira
1,Smeet
1,Sneha
1,Snover
1,Sochidere
1,Sofi
55,Sofia
1,Sofía
1,Sofiah
4,Sofie
1,Sofiya
2,Soha
1,Sohana
1,Sokova
1,Solaira
3,Solana
1,Solange
7,Soleil
1,Solomiya
1,Solveig
1,Solvej
1,Somara
1,Sommer
2,Sonali
1,Sonam
8,Sonia
1,Sonja
1,Sonoma
2,Sonora
1,Sonovia
3,Sonya
1,Sooyeon
2,Sophee
174,Sophia
1,Sophia-Jolie
1,Sophia-Lynne
1,Sophiann
127,Sophie
1,Sophie-Anne
1,Sora
2,Sorah
1,Sorath
2,Soraya
1,Soriaya
1,Sorsha
1,Sougrenoma-Sarata
1,Soulayma
1,Soumaya
1,Soundouss
1,Spencer
1,Spring
1,Sriabirami
1,Stacey
1,Stacie
1,Stacy
1,Star
3,Starla
1,Starr
1,Starrly
1,Starsha
1,Statira
1,Stayci
1,Stefania
1,Stefanie
1,Stefanie-Lynn
1,Stefanija
1,Steffani
15,Stella
16,Stephanie
2,Stephany
1,Stevie
1,Stormie
1,Story
1,Stuti
2,Su
1,Sudenaz
2,Sue
1,Sueda
1,Sufana
1,Sufanah
1,Suhayla
1,Suheyla
1,Sujood
1,Sukaina
1,Sukhman
2,Sukhmandeep
1,Sukhmanjot
1,Sukhsimran
4,Sumaya
1,Sumayah
1,Sumeet
1,Sumer
2,Sumeya
1,Sumeyye
1,Sumlina
43,Summer
1,Summer-Leigh
1,Summiya
1,Sumqiya
1,Sumyya
1,Sundae
2,Sunday
1,Sundus
1,Sunny
1,Sunreet
3,Sunshine
1,Sura
1,Surai
1,Suraiya
1,Suri
1,Surrey
1,Surri
5,Susan
4,Susana
8,Susanna
1,Susanne
3,Susie
3,Susy
1,Sutter
1,Suvi
1,Suyhanna
1,Suzana
1,Suzanna
1,Suzannah
3,Suzanne
1,Suzie
1,Svea
1,Svetlana
1,Swara
1,Syanna
6,Sydnee
105,Sydney
1,Sydnie
1,Sydrah
1,Sye
2,Syeda
1,Syenne
3,Sykora
1,Sylena
1,Sylver
4,Sylvia
3,Sylvie
1,Sylvienna
1,Syra
1,Syreena
1,Syvanna
4,Tabea
1,Tabitha
1,Tacee
1,Tacie
1,Taeja
1,Taelor
1,Taelyn
1,Taelyr
2,Taeya
1,Taffy
1,Tagen
1,Taghreed
1,Tahany
1,Tahleah
2,Tahlia
1,Tahmina
1,Tahnaya
2,Taia
1,Taibry
1,Taija
1,Tai-Lee
1,Taisa
1,Taisia
1,Taisley
1,Taiwo
1,Taiylor
1,Taiza
1,Takara
1,Takdeer
4,Tala
1,Talaini
1,Talan
2,Talaya
1,Talayna
2,Taleah
1,Taleaya
2,Taleigha
1,Taleya
1,Talhia
18,Talia
5,Taliah
1,Talica
1,Taliesha
2,Talisa
1,Taliya
2,Taliyah
2,Talli
2,Talulah
1,Talya
1,Talyah
1,Talycia
2,Talyn
1,Talynn
2,Tamana
2,Tamar
7,Tamara
1,Tamenna
2,Tamika
1,Tamila
2,Tammy
1,Tammy-Thu
1,Tamra
1,Tan
3,Tana
1,Tanadus
1,Tanatswa
3,Tanaya
2,Tanayah
1,Tanayna
3,Taneesha
1,Tanehya
1,Taneil
1,Taneisha
1,Taneka
2,Taneshia
1,Taneya
3,Tania
1,Taniazah
1,Tanieka
1,Tanielle
1,Tanika
6,Tanisha
1,Tanishia
1,Tanisi
1,Tanner
1,Tannis
1,Tanveerpal
1,Tanvinder
1,Tanvir
5,Tanya
1,Tanza
8,Tara
1,TaraLee
1,Tarampreet
1,Taranumjit
1,Taranvir
1,Tarista
1,Tarja
1,Tarrah
17,Taryn
2,Tasha
2,Tasia
1,Tasneem
1,Tatania
1,Tate
11,Tatiana
7,Tatianna
16,Tatum
1,Tatyana
1,Tatym
1,Tauri
1,Taurin
3,Tavia
1,Tavleen
1,Tavreenjot
1,Tawana
22,Taya
2,Tayah
1,Tayaleen
1,Tayden
1,Taydyn
12,Tayla
1,Taylar
1,Taylee
1,Tayleigh
1,Tayler
1,Taylin
152,Taylor
1,Taylor-Leigh
1,Taylor-Marie
3,Taylyn
1,Taysha
1,Tayshia
1,Taysley
2,Tayte
1,Tayten
4,Taytum
1,Tayvee
5,Téa
1,Teadora
46,Teagan
1,Teagen
5,Teaghan
1,Teaghen
1,Teague
1,Teah
1,Teana
2,Teanna
5,Teegan
1,Teegin
1,Teela
1,Teena
10,Tegan
4,Tehya
1,Tehyez
2,Teia
3,Teigan
1,Teige
1,Teila
1,Tejen
1,Tekala
1,Tekara
1,Tekla
1,Teleah
1,Teli
1,Tellena
1,Tema
1,Temilayo
1,Temiloluwa
1,Temitayo
1,Temple
1,Temprince
1,Tenayah
1,Tenesea
1,Ténin
1,Tenisha
1,Tenley
1,Tennessee
1,Tenysha
1,Tenzin
1,Teodora
1,Tera-Zena
1,Tereet
5,Teresa
1,Teressa
1,Teriann
1,T'Erin
3,Terra
1,Terrace
1,Terra-Lee
1,Terriana
1,Terrilynn
1,Terris
2,Teryn
7,Tess
38,Tessa
1,Tessa-Ray
1,Tessia
1,Tewai
1,Teya
1,Teyla
1,Thabisile
3,Thalia
1,Thamara
1,Thaneesha
1,Thanh
1,Thao
1,Thawab
1,Thayna
10,Thea
1,Theodora
1,Theona
1,Theoxene
5,Theresa
1,Thia
1,Thiana
1,Thivya
1,Thrishla
16,Tia
1,Tian
11,Tiana
1,Tiandra
1,Tianggur
1,Tiani
20,Tianna
1,Tianry
6,Tiara
1,Tiawna
1,Tiba
1,Tida
1,Tiegann
1,Tiella
2,Tien
1,Tienna
2,Tiera
1,Tierney
1,Tierra
1,Tiesha
1,Tiferet
2,Tiffanie
12,Tiffany
1,Tiffany-Mae
1,Tihanna
1,Tijana
1,Tila
1,Tilly
1,Timea
1,Timmi
1,Tin
10,Tina
1,Tinisha
1,Tionne
1,Tirzah
1,Tisean
1,Titilayo
1,Tiya
1,Tiyana
1,Tmana
1,Tocina
1,Tolulope
2,Tomi
1,Tomielyn
1,Tomiko
1,Tomisha
1,Tongxin
1,Toni-Marie
1,Tonya
1,Tora
1,Torah
17,Tori
1,Torianna
1,Tori-Lynn
1,Torin
1,Torrance
2,Torrie
1,Tory
1,Toryn
1,Torynn
1,Tousma
2,Tova
1,Tovah
1,Tracy
1,Traeh
1,Tran
1,Trance
1,Trayzin
1,Treah
1,Tree
1,Treleanna
1,Tressa
1,Tretton
1,Trezah
1,Treziah
2,Trianna
1,Triasha
1,Trina
1,Trinidy
1,Triniti
52,Trinity
1,Trinity-Alice
1,Trinity-Morghan
4,Trisha
1,Trissa
6,Trista
4,Tristan
1,Tristen
3,Tristyn
1,Trixie
2,Tru
1,Trudi
6,Trudy
1,True
1,Truesta
1,Trynadi
1,Trystan
1,Trysten
1,Tsega
1,Tsering
1,Tsion
1,Tsukino
1,Tuba
1,Tula
1,Tulasi
1,Tunaka
1,Tuong-Vi
1,Tuqa
1,Tuula
1,Ty
1,Tya
1,Tyana
2,Tyann
2,Tyanne
1,Tyawna
1,Tye
1,Tyla
1,Tylee
1,Tyleigh
7,Tyler
1,Tylerah
1,Tyler-Ann
2,Tylie
1,Tyllar
1,Tyra
1,Tyrae
1,Tyranny
1,Tyree
1,Ubah
1,Uchechi
1,Umalbanaen
1,Ume
1,Umeyma
1,Umnia
1,Umrah
2,Una
1,Unnati
1,Uriah
1,Uyen
1,Uyen-Nguye
1,Vaedra
1,Vahin
2,Vaishnavi
1,Vala
1,Valandria
1,Valda
10,Valentina
4,Valeria
5,Valerie
2,Valery
1,Valeska
1,Valkyrie
1,Vandy
1,Vaneesha
2,Vanesa
33,Vanessa
1,Vanessa-Megan
1,Vanessa-Shakira
1,Vaneza
1,Vanisha
1,Vanja
2,Vanna
1,Vanna-Lynn
1,Vannessa
1,Vannia
1,Varali
1,Varisha
1,Varnikka
1,Varshaa
1,Varvara
2,Vayda
1,Vayla
2,Veda
1,Vegas
1,Véla
1,Velia
1,Venice
1,Venus
3,Vera
1,Vereka
1,Verite
1,Vernice
1,Verona
16,Veronica
1,Veronika
1,Vesa
3,Vianna
4,Vicky
70,Victoria
1,Victoria-Ryan
2,Victory
1,Vida
1,Vidette
1,Vidita
1,Viduni
12,Vienna
2,Viktoria
1,Vina
1,Vinah
1,Vinia
2,Viola
24,Violet
1,Violeta
1,Violett
1,Violetta
2,Violette
1,Vioreaka
2,Virginia
1,Vithanage
14,Vivian
1,Vivìan
1,Viviana
2,Viviane
2,Vivianna
1,Vivien
1,Vivienne
1,Vlesa
1,Vonya
1,Vylot
1,Vyvian
1,Wafaa
1,Wafeeqa
1,Waheeba
1,Wai
1,Wajd
1,Wamia
1,Wania
1,Wansa-Masoud
1,Wantida
1,Warveen
1,Wasikisikow
2,Waverly
1,Wen
1,Wendellynnea
3,Wendy
1,Wennie
1,Weronika
1,Whiteangel-Victoria
6,Whitney
1,Widda
2,Willa
1,Willianne
25,Willow
2,Wilma
1,Wince
1,Winney
2,Winnie
1,Winta-Abhenet
2,Winter
1,Wisakimina
2,Wren
2,Wynter
1,Xafsa
1,Xandra
1,Xandrea
1,Xara
1,Xaryn
1,Xeneza
1,Xeva
1,Xiana
1,Ximena
1,Xin
1,Xiomara
1,Xiyuan
1,Xuan
1,Xyania
1,Xyla
2,Xylia
1,Yabssra
1,Yaffa
1,Yaggin
1,Yamaelle
1,Yamina
1,Yamna
1,Yana
1,Yanet
1,Yanis
1,Yanka
1,Yanshu
1,Yaqing
1,Yaquta
1,Yar
5,Yara
1,Yarah
1,Yaretzi
1,Yas
1,Yashal
1,Yashmita
1,Yasleen
6,Yasmeen
10,Yasmin
6,Yasmine
1,Yazmin
1,Yedar
1,Yeh
1,Yelenna
1,Yemima
1,Yen
1,Yesenia
1,Yesha
1,Yhana
1,Yhumi
1,Yididia
1,Yoana
1,Yocabed
1,Yocheved-Josephìne
1,Yohana
1,Yohanna
1,Yolanda
1,Yostina
1,Youcheng
1,Yousra
1,Yousre
1,Ysabelle
1,Yue
1,Yui
1,Yulanda
1,Yumin
1,Yumna
1,Yuna
1,Yunah
3,Yusra
1,Yvannah
1,Yvette
3,Yvonne
1,Yzabella
3,Zaara
3,Zada
1,Zadia
1,Zadie
3,Zahara
1,Zahnaya
8,Zahra
6,Zahraa
1,Zahrah
1,Zaia
1,Zaiah
4,Zaida
1,Zaima
1,Zain
1,Zaina
14,Zainab
1,Zaineb
1,Zaira
1,Zala
1,Zaley
1,Zam-Zam
1,Zaneeb
1,Zania
1,Zanli
1,Zannab
13,Zara
2,Zarah
1,Zarghuna
1,Zari
1,Zaria
1,Zariah
1,Zariana
1,Zarin
1,Zarina
1,Zarsha
1,Zavahna
2,Zayda
1,Zayla
1,Zaylia
3,Zayna
7,Zaynab
1,Zayneb
1,Zea
1,Zebeb
1,Zehra
2,Zeina
3,Zeinab
1,Zelda
1,Zen
1,Zenaya
1,Zenée
1,Zenia
1,Zennah
1,Zenovia
1,Zera
1,Zeyanna
1,Zeyda
1,Zeynab
4,Zeynep
1,Zeza
1,Zhan
1,Zhina
1,ZhongShui
1,Zi
2,Zia
1,Zienna
1,Zinnia
1,Zion
1,Zione
1,Zobi
61,Zoe
2,Zoé
6,Zoë
1,Zoee
1,Zöélia
25,Zoey
2,Zoha
1,Zohha
2,Zohra
1,Zoia
5,Zoie
1,Zola
1,Zonera
1,Zoriana
1,Zowie
5,Zoya
1,Zuhra
1,Zujaja
1,Zulekha-Tilla
2,Zuri
1,Zuzanna
1,Zya
1,Zydel
1,Zyryah
1,Zyxa