1,Aabish
1,Aadrienne
1,Aagyadeep
1,Aahliya
2,Aahna
1,Aaima
1,Aaina
2,Aaira
1,Aaisha
1,Aa-Ishah
1,Aalaa-Ahmad
1,Aaleen
1,Aaleyah-Mae
1,Aalina
1,Aaliya
34,Aaliyah
1,Aamani
1,Aamna
2,Aania
1,Aanibah
1,Aanvi
3,Aanya
1,Aara
1,Aaralyn
1,Aariana
1,Aarisha
1,Aariz
1,Aarna
1,Aaron
3,Aarya
1,Aaryana
1,Aasah
1,Aasay
1,Aasha
1,Aashi
2,Aashna
1,Aashvi
1,Aasiyah
1,Aasleen
1,Aava
1,Aayat
3,Aayla
1,Aaylah
1,Aayliah
3,Abagail
2,Abagayle
1,Abbagail
1,Abbee
10,Abbey
1,Abbeygail
5,Abbie
1,Abbiegale
1,Abbielle
1,Abbigael
6,Abbigail
1,Abbigaille
19,Abby
8,Abbygail
2,Abbygale
1,Abbygayle
1,Abby-Lynn
1,Abdiel
2,Abeeha
3,Abeer
1,Abeera
2,Abeerah
1,Abena
1,Abhinaya
1,Abiagael
1,Abiana
1,Abiar
3,Abigael
173,Abigail
1,Abigaile
3,Abigale
1,Abigale-Jadyn
7,Abigayle
1,Abigayl-Lynn
3,Abiha
1,Aboyewa
1,Abreeza
1,Abrey
2,Abriana
6,Abrielle
1,Abrigalla
4,Abuk
3,Abygail
3,Acacia
1,Acadia
1,Acaidia
1,Achola
1,Achouya
1,Achsah
7,Ada
1,Adah
2,Adaira
1,Adaleena
1,Adaleigh
1,Adalia
3,Adalina
1,Adaline
10,Adalyn
4,Adalynn
1,Adalyse
1,Adamarys
3,Adanna
1,Adarsha
1,Adasyn
1,Adaya
1,Addasyn
2,Addelyn
1,Addelynn
2,Addilyn
1,Addisen
94,Addison
1,Addison-Lynne
1,Addisson
10,Addisyn
1,Addy
1,Addysen
14,Addyson
1,Addysson
1,Addysyn
1,Adedimeji
1,Adedoyin
1,Adekemi
1,Adel
2,Adela
1,Adelade
11,Adelaide
1,Adelaine
1,Adelane
9,Adele
2,Adèle
1,Adeleine
1,Adelheid
1,Adelia
1,Adelin
3,Adelina
3,Adeline
1,Adell
4,Adelle
12,Adelyn
6,Adelynn
1,Adeola
1,Aderayo
1,Adessa
1,Adesyn
1,Adetola
1,Adhanya
1,Adhara
1,Adia
1,Adiana
1,Adianca
1,Adiba
1,Adilee
1,Adilyne
1,Adilynne
2,Adina
2,Adison
5,Aditi
1,Adlee
1,Adn
3,Adora
1,Adreena
1,Adria
1,Adrian
11,Adriana
1,Adriann
15,Adrianna
2,Adrianne
1,Adrien
1,Adriena
2,Adrienna
2,Adrienne
1,Adrijana
1,Adrijanna
1,Adrika
1,Adrita
1,Adriyana
2,Adut
1,Advika
1,Adwoa
2,Adyline
5,Adyson
1,Aeal
1,Aela
1,Aemelia
1,Aengelin
1,Aerabella
1,Aerial
2,Aerilyn
2,Aeris
1,Aerlann
1,Aerlicia
1,Aevah
1,Aevry
1,Aezlynn
1,Afanwi
1,Afia
1,Afidea
1,Afnan
1,Afrah
1,Afrin
1,Afton
1,Agalia
1,Agamjeet
3,Agamjot
1,Aganeta
5,Aganetha
6,Agatha
1,Aggie
2,Agnes
1,Aguek
1,Agya
1,Agyeiwah
1,Ahalya
1,Aheli
1,Ahlaam
2,Ahlam
1,Ahnika
1,Ahou
1,Ahsen
1,Ahyda
1,Aia
1,Aibhlinn
1,Aibika
4,Aida
1,A'idah
1,Aidan
1,Aidrie
2,Aiesha
3,Aikam
2,Aikamjot
1,Aikamnoor
1,Aiko
6,Aila
1,Ailee
1,Aileen
4,Ailey
1,Ailis
1,Ailish
1,Aima
1,Aime
5,Aimee
1,Aimee-Lynn
1,Aina
1,Aino
1,Ainsleigh
35,Ainsley
1,Ainslie
1,Airalee
1,Airyana
1,Airyanna
1,Aisa
18,Aisha
1,Aishani
1,Aishleen
1,Aishlinn
1,Aishmin
1,Aishreen
1,AiShuan
1,Aishvir
1,Aishwarya
2,Aisley
1,Aislin
1,Aislyn
1,Aislynn
1,Aissa
1,Aivalyn
1,Aiwen
1,Aiya
1,Aiyach
1,Aiyah
2,Aiyana
2,Aiyanna
1,Aiyannah
1,Aiyla
4,Aiza
3,Aizah
1,Aize
1,Aizlynne
1,AJ
2,Aja
1,Ajak
1,Ajani
1,Ajar
1,Ajay
1,Aje-Rahma
2,Ajooni
1,Ajullu
1,Ajunee
1,Akadia
1,Akaisha
2,Akasha
1,Akayla
1,Akaylia
1,Akeyla
1,Akiliah
9,Akira
1,Akisha
1,Akita
1,Akkyra
2,Akon
1,Aksa
1,Aks-e-Zehra
1,Aksharaa
1,Akshveer
1,Akuaj
1,Akuany
1,Akuma
1,Akyra
1,Ala
1,Alabama
1,Alaia
11,Alaina
1,Alainna
1,Alaira
1,Alaiynna
1,Alamea
11,Alana
3,Alanah
1,Alandra
1,Alandrea
7,Alanna
3,Alannah
1,Alanza
1,Alara
1,Alärámarie
1,Alaya
5,Alayah
1,Alayla
11,Alayna
1,Alaynaah
2,Alaynna
1,Alayssa
2,Alayzia
3,Alba
1,Albandari
1,Albatool
1,Al-Batoul
1,Alberta
1,Albyna
1,Aldora
2,Alea
6,Aleah
3,Aleaha
3,Aleen
13,Aleena
1,Aleera
1,Aleese
1,Aleeta
1,Aleeza
1,Aleeza-Jisselle
1,Aleezay
1,Aleia
5,Aleigha
1,Aleinah
1,Aleisha
2,Alek
3,Aleksandra
1,Alé-Marie
7,Alena
1,Alenah
1,Alera
1,Aleria
1,Alesa
1,Alesandra
1,Alese
2,Alesha
1,Alessa
6,Alessandra
2,Alessia
1,Alessia-Viola
1,Alessya
1,Alesta
1,Aletha
1,Alevtina
12,Alex
48,Alexa
64,Alexandra
2,Alexandrea
20,Alexandria
1,Alèxe
2,Alexi
10,Alexia
1,Alexia-Joy
1,Alexiane
2,Alexie
103,Alexis
1,Alexis-Brooke
1,Alexsa
1,Alexys
3,Aleya
1,Aleyah
1,Aleyna
1,Aleysia
1,Alhana
9,Ali
7,Alia
1,Aliah
1,Aliana
5,Alianna
1,Aliannah
35,Alice
15,Alicia
1,Alicja
1,Alicya
2,Alida
1,Aliea
1,Alieah
1,Ali-Enah
1,Aliese
1,Alika
12,Alina
2,Aline
3,Alisa
8,Alisha
2,Alishba
9,Alison
5,Alissa
2,Alissandra
2,Alisyn
1,Alitza
10,Alivia
1,Alivia-Jade
1,Alivya
2,Alix
1,Alixsandra
9,Aliya
35,Aliyah
1,Aliyana
6,Aliza
1,Alizee
1,Alizze
1,Allaina
1,Allaira
1,Allannah
3,Allegra
2,Allena
1,Allessandra
1,Alleyne
4,Alli
25,Allie
1,Allimae
1,Allisen
19,Allison
1,Allisyn
1,Allora
1,Allura
18,Ally
1,Allyannah
1,Allyse
1,Allysia
2,Allyson
1,Allyssa
4,Alma
1,Almas
1,Aloha
1,Alok
2,Alondra
7,Alora
1,Aloya
1,Alphonsa
2,Althea
2,Aluat
2,Alveena
1,Alvina
1,Alvita
1,Alxsys
2,Alya
1,Alyah
1,Alyanna
1,Alyannah
1,Alyce
2,Alycia
1,Alyena
1,Alyjah
1,Alyn
1,Alyna
1,Alynah
3,Alyra
1,Alyria
1,Alys
2,Alysa
2,Alyse
1,Alyseia
1,Alysha
1,Alyshia
1,Alysiana
2,Alyson
72,Alyssa
1,Alyssandra
1,Alyssia
1,Alysson
3,Alyvia
2,Alyx
1,Alyxhiana
1,Alzbeta
1,Amaal
2,Amaanat
1,Amach
1,Amaiah
1,Amaira
1,Amaiya
1,Amal
1,Amali
2,Amalia
2,Amalie
1,Aman
1,Amanat
19,Amanda
1,Amanee
4,Amani
1,Amant
1,Amaoghosa
16,Amara
1,Amarachukwu
1,Amarae
1,Amarah
1,Amara-Lee
1,Amaranth
2,Amaris
1,Amaryn
6,Amaya
1,Amayah
1,Amazyn
29,Amber
1,Ambika
1,Ambrea
1,Ambrielle
1,Ambriya
1,Ambrosia
1,Ambyr
1,Ameena
5,Ameera
1,Ameerah
1,Ameeta
1,Ameira
1,Amel
1,Amelea
1,Ameleigha
1,Ameli
84,Amelia
1,Amélia
9,Amelie
6,Amélie
1,Amell
1,Amellia
1,Amen
1,Amenda
1,Amer
1,Amerie
1,A'merie
1,Amethyst
2,Ameya
1,Ami
1,Amiah
1,Amica
1,Amie
1,Amiir
1,Amika
1,Amiliya
2,Amilya
1,Amilyn
11,Amina
1,Aminat
3,Aminata
1,Amineh
15,Amira
2,Amirah
1,Amiri
2,Amisha
3,Amiya
1,Ammal
3,Amna
1,Amneet
1,Amní
1,Amoryn
1,Amourice
1,Amran
3,Amreen
1,Amreet
2,Amrie
1,Amrit
1,Amrita
1,Amritpreet
1,Amshaal
1,Amulya
39,Amy
1,Amyah
1,Amylia
1,Amyrah
1,Amytis
14,Ana
4,Anabel
1,Anabella
5,Anabelle
1,Anabia
4,Anaiah
1,Anais
1,Anaiya
1,Analeigh
1,Analies
1,Analiese
2,Analise
1,Anam
4,Ananya
1,Anarah
13,Anastasia
1,Anastasiya-Michaela
1,Anatolia
1,Anauae
1,Anavaeh
6,Anaya
1,Ancelin
1,Andaya
1,Andi
4,Andie
1,Andra
1,Andraelle
1,Andralee
14,Andrea
1,Andreana
1,Andreanne
1,Andrianna
1,Andrija
1,Andrijana
1,Andrina
1,Andromeda
1,Anduena
1,Aneema
1,Aneet
1,Aneisha
1,Aneka
1,Anella
1,Anesa
1,Anessa
1,Anevay
1,Aneya
1,Anezka
1,Anfal
1,Anfisa
1,Ange
21,Angel
18,Angela
1,Angelaine
2,Angelee
1,Angelia
7,Angelica
1,Angelie
2,Angelika
1,Angelin
23,Angelina
5,Angeline
1,Angelique
1,Angella
1,Angeth
2,Angie
1,Angle
1,Ania
1,Anick
1,Aniela
1,Anik
16,Anika
1,Anila
1,Anilea
1,Aniliese
1,Aniliya
1,Anilyse
1,Anisa
1,Anisha
1,Anishka
2,Anissa
2,Aniston
2,Anistyn
12,Anita
2,Aniya
1,Aniyah
1,Aniza
3,Anja
4,Anjali
1,Anjeli
1,Anjelica
1,Anjelika
1,Anjellica
1,Anjleen
1,Anjulie
1,Anmoldeep
1,Ann
91,Anna
3,Annabel
2,Annabell
10,Annabella
1,AnnaBella
37,Annabelle
1,Anna-belle
1,Anna-Claire
1,Annae
1,Annahlyn
1,Annaïs
1,Anna-Joelle
2,Annaka
4,Annalee
1,AnnaLee
1,Anna-Lee
1,Annalie
2,Annaliese
1,Annalis
14,Annalise
3,Annalyn
1,AnnaLynn
1,Annalyse
1,Annamae
1,Anna-Maria
1,Anna-Marie
1,Annamay
1,Annarose
1,Anna-Sky
1,Annastyn
3,Anne
2,Anneliese
1,Annelise
1,Annely
1,Annessa
2,Annette
1,Anneyka
1,Annica
1,Annick
20,Annie
1,Annie-Mae
19,Annika
1,Annique
1,Annisen
2,Anniston
1,Annistyn
1,Anniyah
1,Annwyn
1,Anny
1,Annya
1,Annyka
1,Anoon
2,Anoop
1,Anoosha
1,Anousha
1,Anoushey
1,Anqi
1,Ansley
1,Antheia
2,Antoinette
1,Antonella
1,Antonette
1,Anu
1,Anuki
1,Anum
1,Anup
2,Anureet
1,Anusha
1,Anusree
2,Anwen
1,Anwesha
2,Anwyn
9,Anya
1,Anyssa
1,Anzal
3,Aoife
1,Aparna
9,April
1,April-May
1,Aqsa
1,Aquinnah
3,Ara
1,Araadhna
1,Arabela
10,Arabella
4,Arabelle
1,Aracely
1,Arach
1,Araiya
1,Araley
1,Aralynn
5,Araya
2,Arcadia
4,Arden
1,Aree
1,Areeba
1,Areesha
1,Areet
1,Arek
1,Arely
1,Aremas
1,Aresema
1,Aress
31,Aria
1,Aria'Annie
3,Ariadne
3,Ariah
2,Ariam
20,Ariana
1,Ariana-Marie
1,Ariane
49,Arianna
1,Ariannah
1,Arianne
1,Arianni
2,Arianny
1,Ariauna
1,Aribah
2,Arie
1,Arieanna
10,Ariel
2,Ariela
7,Ariella
8,Arielle
1,Arienne
1,Aries
1,Arisha
2,Arissa
2,Aritzia
8,Ariya
2,Ariyana
8,Arizona
1,Arlan
3,Arleigh
1,Arlen
1,Arlene
1,Arley
1,Armaghan
2,Armani
1,Armanjot
1,Armeen
1,Arnariah
1,Arolina
1,Aroob
1,Arooma
1,Aroosh
1,Aroush
1,Arpita
1,Arrdyn
1,Arrial
1,Arrianah
1,Arrie
1,Arrisa
1,Arsa
1,Arsema
2,Arshdeep
1,Arshiya
1,Arshpreet
1,Aruba
1,Arushi
1,Arveen
4,Arwa
5,Arwen
1,Arwyn
1,Arwynn
4,Arya
1,Aryana
3,Aryanna
1,Aryannuh
1,Aryen
1,Aryla
1,Arylin
1,Aryn
1,Aryona
1,Aryss
1,Asantewaa
1,Asari
4,Asees
1,Aseil
1,Aselin
1,Asenath
10,Asha
1,Ashante
1,Ashanti
1,Ashawna
1,Ashby
1,Ashely
1,Ashima
6,Ashlee
3,Ashleen
7,Ashleigh
42,Ashley
1,Ashliana
1,Ashlie
2,Ashlin
1,Ashlinn
30,Ashlyn
2,Ashlyne
18,Ashlynn
1,Ashman
1,Ashmeen
1,Ashmeet
1,Ashnah
1,Ashnoor
5,Ashton
5,Ashtyn
6,Asia
1,Asinee
1,Asiya
2,Asma
2,Asmaa
1,Asmara
1,Asna
13,Aspen
1,Aspyn
1,Aspynn
2,Asra
1,Asrat
1,Assa
1,Assil
1,Assma
1,Astoria
1,Astra
7,Astrid
1,Asyia
1,Atalie
1,Atasha-Angela
1,Athania
2,Athea
21,Athena
2,Athiang
1,Atira
3,Atong
1,Atreyee
1,Attia
14,Aubree
1,Aubrenia
42,Aubrey
5,Aubrie
1,Aubriella
1,Aubrielle
2,Aubry
1,Aubrynn
2,Auden
1,Audium
42,Audrey
1,Audreymae
7,Audrina
1,Audrisa
1,Audry
1,August
1,Augustina
1,Aura
7,Aurelia
1,Aurélie
1,Aureya
1,Auria
37,Aurora
1,Ausia
1,Austin
5,Austyn
3,Autum
45,Autumn
1,Autumn-Destiny
201,Ava
1,Avabella
3,Avah
1,Avaia
1,Avalea
2,Avaleigh
3,Avalina
9,Avalon
1,Avalyn
2,Ava-Lynn
1,Ava-Marie
2,Avani
1,Avari
1,Avari-Rain
1,Ava-Rose
5,Avaya
1,Avayah
1,Avéa
1,Avelina
1,Avelyn
1,Avelynnea
2,Aven
1,Averey
2,Averi
7,Averie
1,Averlie
131,Avery
1,Avey
1,Aveya
2,Avi
1,Avia
6,Aviana
3,Avianna
1,Aviannah
1,Avie
1,Aviela
1,Aviella
1,Avila
1,Avina
1,Avleen
11,Avneet
3,Avni
2,Avonlea
1,Avory-Faryn
1,Avree
1,Avreen
1,Avreet
1,Avrey
1,Avrie
3,Avril
1,Avsin
1,Aweal
1,Awo
13,Aya
2,Ayaan
2,Ayaat
1,Ayaella
10,Ayah
1,Ayaianna
1,Ayan
5,Ayana
4,Ayanna
1,Ayasha
1,Ayat
1,Ayda
1,Aydan
5,Ayden
1,Ayeh
1,Ayesa
9,Ayesha
1,Ayishana
53,Ayla
1,Ayla-Marie
1,Ayleah
1,Aylie
1,Aymerie
2,Ayom
1,Ayoum
2,Ayra
2,Ayrianna
1,Ayrus
3,Aysha
1,Ayumi
7,Ayva
1,Ayva-Lynne
1,Ayvlynn
1,Ayza
1,Ayzya
1,Azaiysa
2,Azalea
1,Azalia
1,Azara
5,Azaria
1,Azaylia
1,Azeezah
1,Aziza
1,Azka
1,Azmeena
1,Azoa
3,Azra
1,Azunta
2,Azura
1,Azyleigha
1,Baani
1,Baaraan
1,Bae
1,Baeley
1,Baelyn
3,Bahar
1,Bahreen
5,Bailee
25,Bailey
1,Bailey-Anne
1,Balqisa
1,Balveen
1,Bana
1,Banahair
1,Baneet
1,Bani
1,Bao
1,Bara
3,Barbara
1,Barbra
1,Bareerah
1,Barilee
1,Barirah
1,Barleen
2,Basma
1,Basmah
2,Batoul
2,Batul
1,Baya
1,Baydan
3,Baylee
1,Bayzawit
1,Bea
1,Bea-Marie
8,Beatrice
1,Béatrice
1,Beatrix
1,Beatriz
3,Beau
2,Becky
1,Beheshta
1,Bekha
1,Belinay
1,Belinda
38,Bella
1,Bellarose
1,Bella-Rose
2,Belle
1,Bellisa
1,Benaiah
1,Bénésha
1,Bennet
2,Bentlee
8,Bentley
1,Bently
1,Berivan
1,Berkeley
1,Berklee
2,Berkley
2,Berlin
3,Berlyn
1,Bernadette
1,Bernice
2,Berrin
1,Beste
1,Beteial
1,Betel-Melkamu
3,Beth
1,Bethanee-London
13,Bethany
1,Betheny
1,Bethlehem
2,Betty
2,Beverly
1,Beyien
1,Bhamy
2,Bhavreet
1,Bhaya
1,Bhodi
17,Bianca
1,Biftu
1,Bilen
4,Billie
1,Birdy
2,Birkley
1,Bisan
1,Blaine
3,Blair
7,Blaire
1,Blaise
18,Blake
5,Blakely
1,Blayk
1,Blayke
1,Blen
1,Bliss
1,Blossom
1,Bo
1,Bobbie-Jo
1,Bochra-Sabreen
1,Bodni
1,Boey
1,Bonnie
1,Bostyn
1,Bouthayna
1,Bow
1,Brady
10,Braelyn
1,Braelynn
1,Braeya
1,Braileen
1,Branagh
2,Brandi
1,Braxten
1,Braxtyn
1,Brayda
1,Braydane
1,Braydee
1,Braylan
1,Brayleen
1,Braylene
1,Brayli
2,Braylin
1,Bre
4,Brea
1,Breagh
2,Breah
1,Brealle-Amberlyn
1,Brea-Lyn
1,Brealynn
19,Breanna
3,Breanne
1,Brechan
15,Bree
1,Breeanna
2,Breelyn
1,Breeseis
1,Breeya
1,Breeyah
1,Breindel
1,Breklynn
1,Brelynn
2,Brenda
1,Brendalynn
1,Brenlee
1,Brenleen
9,Brenna
1,Brett
1,Brhyanne
15,Bria
1,Briah
3,Briana
43,Brianna
1,Brianna-Eillis
1,Briannah
1,Brianna-Marie
10,Brianne
6,Briar
1,Bricklyn
6,Bridget
3,Bridgette
1,Brie
1,Brieanna
4,Briella
61,Brielle
1,Bri'elle
1,Briel-Nailah
1,Brienne
2,Brier
1,Brighid
1,Brigit
1,Brigita
1,Brigitte
1,Briha
1,Brihanna
1,Briley-Jo
1,Brilynn
2,Brin
2,Brinlee
7,Brinley
2,Brinn
1,Brinna
1,Brinsley
1,Brionna
1,Brisa
1,Bristie
1,Bristol
1,Britian
3,Britney
1,Britt
1,Britta
3,Brittany
2,Brittney
3,Britton
1,Brodee
1,Brodi
4,Brodie
1,Bronlynn
1,Brontae
1,Brontë
9,Bronwyn
1,Bronwynn
3,Brook
72,Brooke
4,Brookelyn
2,Brooke-Lynn
1,Brooke-lynn
1,Brook-Lan
1,Brooklen
2,Brooklin
1,Brookllin
166,Brooklyn
1,Brook-Lyn
38,Brooklynn
1,BrookLynn
1,Brooklynn-Christa
2,Brooklynne
1,Brooks
3,Bryanna
1,Bryar
1,Bryce
1,Bryer
6,Brylee
1,Bryleigh
1,Bryley
2,Brylie
9,Bryn
1,Bryna
11,Brynlee
4,Brynley
1,Brynlie
1,Brynlynn
32,Brynn
2,Brynna
6,Brynne
1,Brynnen
1,Brynn-Lee
1,Brynnleigh
1,Brynnley
1,Bryony
1,Bryton
1,Buk
1,Byrklie
1,Cabela
1,Cabria
1,Cacia
1,Cadance
1,Cadee
36,Cadence
1,Caeli
2,Caelyn
1,Caera
1,Caete
1,Cage
1,Cahlee
2,Caidence
1,Cailee
1,Caileigh
2,Cailey
2,Cailin
1,Caillin
1,Cailyn
1,Caira
1,Cairo
12,Caitlin
16,Caitlyn
2,Caitlynn
1,Cal
1,Calabria
1,Caleana
1,Caleese
4,Caleigh
1,Caleya
19,Cali
2,Calia
1,Caliana
1,Calico
1,Calida
1,Calie
1,Caliee
1,Caliese
1,Cali-marie
1,Calina
1,Calissa
7,Calista
1,Calixa
12,Calla
1,Callaya
4,Calleigh
2,Calli
2,Callia
1,Calliah
35,Callie
2,Calliope
1,Callista
1,Calsey
1,Calysa
1,Calysta
1,Calyx
1,Camara
2,Cambria
3,Cambrie
1,Cambryia
1,Cambryn
1,Camden
1,Camdyn
1,Camellia
7,Cameron
1,Cameryn
7,Camila
1,Camilah
4,Camilla
3,Camille
1,Camïlle
1,Camiria
2,Campbell
1,Camrie
1,Camry
25,Camryn
4,Candace
1,Candalyn
1,Candes-Mahari
1,Candra
1,Canjes
1,Cannon
1,Cantlee
5,Capri
1,Caprianne
1,Caprie
5,Cara
1,Caralise
1,Caralynn
1,Carena
1,Carianne
2,Carina
5,Carissa
2,Carlee
1,Carlei
2,Carleigh
1,Carley
2,Carlin
1,Carlisse
13,Carly
1,Carma
1,Carmela
1,Carmelita
1,Carmella
10,Carmen
1,Carmina
1,Carolee
3,Carolina
10,Caroline
5,Carolyn
1,Carolynn
1,Carra
1,Carren
2,Carrera
1,Carsen
2,Carsyn
2,Carter
1,Carwyn
7,Carys
1,Casandra
6,Casey
1,Casie
16,Cassandra
1,Cassandra-Ann
1,Cassi
2,Cassia
1,Cassidi
29,Cassidy
8,Cassie
1,Cassy
1,Cataleya
2,Catalina
1,Catarina
2,Cate
1,Caterina
10,Catherine
1,Cathy
2,Catrina
1,Caydee
1,Cayden
3,Caydence
1,Caydenze
1,Caydince
5,Caylee
1,Cayleigh
3,Cayley
1,Caylie
2,Caylin
1,Caz
1,Cealey
3,Ceana
1,Cearra
1,Cecelia
8,Cecilia
1,Cecily
1,Cecilya
2,Cedar
1,Ceila
1,Ceilidh
1,Ceirene
8,Celeste
1,Céleste
1,Celestine
3,Celia
1,Célia
7,Celina
3,Celine
1,Cemal
1,Cenya
1,Ceona
1,Cereen
1,Cerelia
1,Cesalen
1,Cesan
1,Cesia
1,Ceslie
1,Chaeyoung
1,Chailyn
1,Chalyllah
1,Chandan
1,Chandler
1,Chané
6,Chanel
2,Chanelle
1,Chaniyah
1,Chansebi
1,Chanta
5,Chantal
4,Chantel
1,Chantell
3,Chantelle
1,Charice
1,Charis
3,Charish
1,Charisma
1,Charisse
4,Charity
1,Chariz
1,Charlea
13,Charlee
2,Charleigh
4,Charlene
2,Charlette
10,Charley
3,Charli
1,Charli-Brynn
29,Charlie
1,Charlise
6,Charlize
1,Charloette
78,Charlotte
3,Charly
1,Charm
2,Charmaine
1,Charmaynea
1,Charnie-Rhianne
1,Charolette-Rey
1,Charollette
1,Charumathi
2,Chase
1,Chassidy
1,Chathuli
2,Chatura
1,Chaya
2,Chaylea
1,Chayne
2,Chayse
1,Chaytiah
1,Chaz-a-rae
1,Checotah
1,Cheleigha
1,Chelise
1,Chelly
18,Chelsea
1,Chelsea-Zaina
4,Chelsey
3,Chelsie
1,Chelzea
2,Chenoa
1,Cher
1,Cheralee
1,Cheri
1,Cherice
1,Cherilyn
1,Cherish
1,Cherissa
1,Cherona
1,Cherry
1,Cherrylle
1,Cheryl
1,Cheska
1,Chesleah
1,Chessa
1,Chevelle
1,Chevy
1,Cheyanna
7,Cheyanne
2,Cheyenna
9,Cheyenne
3,Chiara
1,Chidera
1,Chidumebi
1,Chie
1,Chimamanda
1,Chione
1,Chisom
1,Chiyanne
196,Chloe
6,Chloé
1,Chloë
1,Chloe'
2,Chloe-Anne
1,Chloee
2,Chloey
2,Chloie
1,Chol
1,Chrisandra
1,Christale
1,Christelle
1,Christian
1,Christianna
17,Christina
8,Christine
1,Christyanna
1,Chryslyn
1,Chryssandra
1,Chrystellee
1,Chrystina
1,Chukwudumebi
1,Chyloe
1,Ciana
3,Cianna
18,Ciara
1,Cicely
1,Ciel
1,Cielo
1,Ciera
7,Cierra
1,Ciitra
2,Cindy
1,Cinniah
1,Clair
5,Claira
1,Clairabelle
90,Claire
1,Clairissa
38,Clara
1,Clara-Anne
1,Clarabelle
1,Claragh
1,Clara-Marina
5,Clare
2,Clarissa
1,Clarisse
1,Claudette
1,Claudia
1,Cleio
1,Clementine
2,Cleo
1,Cleopatra
1,Clodagh
1,Cloe
1,Cloé
2,Clover
1,Clowie
1,Cluvyn
1,Clytie
2,Coco
1,Codi
1,Codie
2,Cohen
4,Colbie
1,Coleen
1,Colette
1,Colleen
2,Connie
3,Constance
2,Cooper
15,Cora
1,Cora-An
1,Corah
1,Coral
2,Coralee
1,Coralie
1,Coralina
1,Coraline
1,Coraly
8,Cordelia
1,Corey
1,Corina
1,Corinne
1,Cornelia
1,Corobara
1,Cortlyn
1,Cosima
1,Coti
11,Courtney
1,Courtny
1,Coven
1,CreeAnn
1,Creelynn
1,Crimson
1,Cristabel
1,Cristiana
4,Cristina
1,Cruze
1,Cruze-Ali
5,Crystal
1,Cupid
1,Cushla
1,Cyan
1,Cybil
1,Cydnee
1,Cyera
1,Cyerra
1,Cykora
1,Cylee
1,Cylyn
1,Cyndal
1,Cynthea
3,Cynthia
1,Cyr
1,Cyra
1,Cyraia
1,Cyril
1,Cyrine
1,Czerina
1,Dael
1,Daelin
1,Daelyn
1,Dahabo
7,Dahlia
1,Daiana
1,Daila
1,Dailyn
1,Dailynn
1,Dainna
1,Daintre
2,Daisha
6,Daisy
1,Daizy-Mae
1,Dakira
1,Dakoda
10,Dakota
1,Daksha
1,Daley
6,Dalia
3,Dalila
2,Dallas
1,Dallis
1,Dally
2,Dalma
1,Dalya
2,Dalyce
1,Damanjot
1,Damaria
1,Damary
1,Damian
1,Damie
1,Damini
8,Dana
2,Danae
1,Danait
1,Danasia
1,Daneeka
1,Daneen
1,Danessa
1,Danette
7,Dani
4,Dania
25,Danica
1,Danicah
2,Danicka
6,Daniela
13,Daniella
19,Danielle
27,Danika
1,Danikah
1,Danikalyn
1,Danila
1,Danise
3,Danna
1,Dannia
1,Dannika
1,Dannisha
1,Dannyella
2,Danya
1,Danyka
1,Danyle
1,Daphanie
12,Daphne
1,Daphnée
1,Darbie
3,Darby
3,Darci
2,Daria
1,Darian
1,Darianna
1,Dariel
1,Darien
1,Darina
1,Darla
1,Darlynn
1,Darrian
1,Darris
1,Darveen
1,Darvin
1,Dasara
1,Dasha
1,Dasia
1,Dauh
4,Davina
1,Davinia
1,Davis
2,Dawn
1,Dawne
1,Dawni-Rae
1,Dawntay
1,Dawson
1,Dawsyn
2,Daya
1,Dayana
1,Dayanna
7,Dayla
1,Daylee
1,Dayleigh
1,Daylin
1,Daylynn
3,Dayna
1,Daysha
1,Dayshine
1,Dayton
1,Dazzelyn
1,Deah
1,Deanell
6,Deanna
1,Deanne
1,Debbie
1,Debora
4,Deborah
1,Decembra
1,Deeba
1,Deelya
2,Deema
2,Deena
1,DeJa
1,Deja
1,Déja-Lise
1,Dejalynn
6,Delaney
1,Delani
1,Delanie-Jade
1,Delauna
1,Delia
1,Deliah
1,Delila
10,Delilah
1,Delina
1,Deliyah
1,Delphine
1,Delsey
1,Delta
1,Delyse
1,Demika
3,Dena
1,Denae
1,Denaysha
1,Denette
1,Denna
1,Dennika
1,Dennisa
1,Derin
1,Derison
1,Deryn
1,Desia
1,Desilynn
2,Desiree
1,Desireé
1,Dessa
1,Dessi
1,Dessiana
1,Destin
2,Destinee
1,Destini
14,Destiny
1,Desyre
1,Detaliah
1,Deva
1,Devan
1,Devhyn
2,Devin
1,Devishi
2,Devon
1,Devveena
5,Devyn
2,Devynn
1,Deyona
1,Dezerae
1,Dezireyah
1,Dezlynn
1,Deztynie
1,Dhani
1,Dhanvi
1,Dhara
1,Dhea
1,Dheya
1,Dhruvi
1,Dhyani
2,Dia
1,Diala
6,Diamond
13,Diana
1,Diane
5,Dianna
1,Dianne
1,Diba
1,Dibra
1,Diem
1,Dila
1,Dilan
2,Dilara
1,Dillan
1,Dillion
1,Dillon-Rose
1,Dilpreet
1,Dilraj
1,Dilroop
1,Dilyn
1,Dimona
5,Dina
1,Dineo
1,Dinya
1,Direen
1,Disha
1,Diva
2,Divine
1,Divjot
2,Divya
1,Divyanka
5,Diya
1,Doaa
1,Dolce
2,Dominique
1,Domino
1,Donita
1,Donna
2,Dora
1,Dorathea
2,Doreen
1,Dorela
2,Dori
1,Dorothea
4,Dorothy
1,Dorothyanna
1,Dorsa
1,Drayven
1,Drea
1,Dream
1,Dreleaha
3,Drew
1,Dristi
1,Drushti
1,Duaa
1,Duffni
2,Dunya
1,Dureti
1,Dustie
1,Dusty
1,Dyanna
8,Dylan
1,Dylane
1,Dylann
1,Dylen
3,Dylin
1,Dylyn
1,Dylynn
1,Eadyn
1,Eara
1,Eashal
2,Easton
3,Eastyn
2,Eastynn
1,Eathar
1,Eberle
1,Ebonique
1,Ebony-Rose
1,Ebtehal
2,Ebunoluwa
1,Ebuwa
1,Eco-Lynn
1,Edden
49,Eden
1,Ederlyn
1,Edie
4,Edith
1,Edmerei
1,Edmunlynn
1,Ednah
1,Edom
1,Edriana
1,Edrianna
3,Edyn
1,Eesha
1,Eeva
2,Efrata
1,Eghoghoseme
1,Ehrienne
2,Eileen
1,Eileigh
2,Eiley
3,Eilidh
1,Eilir
1,Eilithyia
1,Eily
1,Eilynrose
1,Eiman
1,Eirachloe
1,Eirlyn
1,Eisiah
2,Ekam
1,Ekaterina
4,Eknoor
1,Ekram
1,El
1,Elah
1,Elaha
1,Elaiah
1,Elaina
2,Elaine
1,Elainna
1,Elainrain
1,Elan
1,Elana
1,Elara
4,Elayna
1,Eldana
1,Eleah
1,Eleandra
14,Eleanor
1,Eleanore
1,Electra
1,Eleena
1,E'leia
1,Elektra
1,Elelta
32,Elena
3,Eleni
1,Elenora
1,Eleonore
1,Elha
4,Elia
18,Eliana
5,Elianna
1,Elicia
1,Eliesa
1,Elif
1,Elifsu
1,Elijah
1,Elikem
1,Elilta
1,Elim
3,Elin
1,Elina
1,Elinor
1,Eliot
2,Elisa
11,Elisabeth
26,Elise
2,Élise
11,Elisha
1,Elisheba
8,Elissa
1,Eliva
1,Elivia
1,Eliya
11,Eliza
1,Elizabeta
115,Elizabeth
1,Elizah
1,Elizaveta
1,Elizeh
1,Ell
159,Ella
1,Elladore
1,Ella-Eve
1,Ellaha-Zahra
1,Ellaine
1,Ellana
1,Ella-Rose
1,Ellawin
1,Ellda
10,Elle
1,Elleeza
1,Elleigh
1,Elleinor
1,Ellemae
2,Ellen
2,Ellery
2,Ellexa
1,Elleya
1,Elleyce
1,Ellhiana
2,Elli
2,Ellia
1,Elliah
6,Elliana
4,Ellianna
1,Éllianna
1,Elliannah
37,Ellie
1,Ellie-Mae
1,Elliena
1,Elliet
1,Ellinor
4,Elliot
4,Elliott
2,Elliotte
5,Ellis
1,Ellisabeth
1,Ellise
1,Ellisyn
1,Elliya
1,Elliyana
1,Elloae
1,Elloise
2,Ellora
1,Ellouise
1,Ellowyn
1,Ellpida
3,Elly
1,Ellyana
1,Ellyce
1,Ellyott
1,Elma
1,Elmire
2,Elodie
6,Eloise
1,Éloïse
9,Elora
1,Elouise
1,Elpitha
7,Elsa
1,Elsabeth
2,Elsie
1,Elspeth
1,Elva
1,Elvin
1,Elyaen
3,Elyana
1,Elyn
1,Elynore
10,Elyse
1,Élyse
1,Elysha
1,Elyshia
2,Elysia
3,Elyssa
2,Elyza
1,Elza
1,Elzbieta
4,Ema
4,Emaan
2,Emalee
1,Emaleya
1,Emaline
3,Eman
1,Emanuela
1,Emara
2,Emari
12,Ember
1,Emberleigh
2,Emberlyn
1,Emberlynn
1,Eme
1,Emefa-Grace
11,Emelia
2,Emelie
1,Emelle
1,Emely
3,Emelyn
3,Emerald
1,Emerence
2,Emeri
2,Emerie
2,Emersen
18,Emerson
13,Emersyn
11,Emery
2,Emi
1,Emiko
4,Emilee
1,Emilene
1,Emiley
11,Emilia
2,Emiliana
14,Emilie
6,Émilie
1,Emillie
2,Emilly
243,Emily
1,Emilytherese
250,Emma
1,Emma-Anne
1,Emmadaea
1,Emma-Dawn
1,Emma-Jane
1,Emmalea
3,Emmalee
2,Emma-Lee
2,Emma-lee
3,Emma-Leigh
1,Emmaley
1,Emmaline
2,Emmalyn
4,Emmalynn
1,Emma-Marie
1,Emmanuella
3,Emmanuelle
1,Emma-Paige
1,Emmarea
1,Emmariah
5,Emme
5,Emmeline
1,Emmelyn
1,Emmeriah
1,Emmersenne
5,Emmerson
1,Emmersyn
2,Emmery
1,Emmie
4,Emmy
1,Emmynuella
1,Emnet
1,Emril-Rayne
3,Emry
1,Emrynn
3,Emsley
1,Emzee
2,Ena
1,Eneev
1,Eneni
1,Engracia
1,Enih
1,Enna
1,Ensha
1,Ensley
1,Enzee
1,Eowyn
1,Ephrata
1,Erfyl
1,Eric
16,Erica
1,Ericah
1,Ericha
12,Erika
1,Erikka
18,Erin
1,Erioluwa
1,Erjona
1,Errielle
1,Erum
1,Eryka
1,Eryn
1,Esa
1,Eseohe
4,Esha
2,Eshaal
1,Esha-Christine
7,Eshal
1,Eshika
1,Esma
1,Esmae
5,Esme
2,Esmé
1,Esmée
1,Esmeralda
1,Esmeray
1,Esra
2,Esraa
1,Estefania
1,Estela
3,Estella
1,Estelle
1,Esté-Rose
18,Esther
1,Estillese
2,Eternity
1,Etienne
1,Etta
2,Eugenia
1,Eugenia-Marisol
1,Eula
1,Eumhei
79,Eva
1,Evaleigh
1,Evalene
1,Evalette
2,Evalyn
1,Eva-Marie
5,Evan
1,Evana
2,Evangaline
1,Evangeleen
2,Evangelia
5,Evangelina
22,Evangeline
1,Évangéline
1,Évangélique
1,Evangelynn
1,Evania
1,Evanna
1,Evannah
1,Evaya
10,Eve
1,Eve-Angelyne
1,Evelia
1,Evelin
2,Evelina
46,Evelyn
1,Evelyne
3,Evelynn
1,Evelynne
1,Evelyn-Rose
2,Ever
2,Everlee
11,Everleigh
6,Everley
10,Everly
1,Evette
3,Evey
1,Evia
8,Evie
1,Evie-Mai
1,Evilyn
1,Evita
1,Evleen
1,Evolet
1,Evon
1,Evora
1,Evva
1,Evvy
2,Evyn
1,Evynn
1,Exildah-Maria-Bupe
1,Eydis
1,Eylie
3,Ezra
2,Ezri
1,Fabianna
1,Fable
1,Faduma
1,Fadumo
1,Faeryn
56,Faith
1,Faith-Alexis
1,Faith-Kquannetta
1,Faithlynn
1,Faith-lynn
1,Faiza
2,Faizah
1,Fallen
4,Fallon
4,Fallyn
2,Falon
3,Falyn
1,Falynn
1,Fangning
5,Farah
1,Fardowsa
1,Fareeha
1,Farheen
1,Farhiya
1,Faricka
1,Farisha
1,Farishta
1,Fariza
12,Farrah
1,Farren
1,Farriell
1,Farryn
1,Faryal
2,Faryn
1,Fatemah
1,Fatemeh
24,Fatima
5,Fatimah
1,Fatime
1,Fatimetau
1,Fatma
2,Fatmah
1,Fatme
1,Fatou
1,Fatoumata
1,Fatuma
1,Fauline
1,Fay
4,Faye
1,Fayleah
1,Faylen
1,Fayth
1,Faythe
1,Feather
1,Feaven
1,Félice
5,Felicia
15,Felicity
1,Felina
1,Felisha
1,Felmawit
1,Fenella
1,Fenix
1,Fennella
1,Fenway
1,Feodora
1,Feofeela
4,Fern
1,Ferrah
1,Feyi
1,Fia
1,Filippa
1,Filloreta
1,Findlay
17,Finley
6,Finnley
15,Fiona
1,Fiona-Mae
1,Fionnula
1,Fiora
1,Firdaus
1,Firdevs
1,Fizah
1,Fizza
1,Flavia
3,Flora
6,Florence
1,Florentina
1,Floricar
1,Folusade
7,Frances
1,Franchesca
2,Francine
1,Francis
1,Franita
2,Frankie
1,Franzyne
1,Fraya
1,Freda
1,Freedom
2,Freja
15,Freya
1,Freyja
1,Frirdi
1,Fynlee
1,Fynnley
16,Gabriela
52,Gabriella
1,Gabriella-Esperanza
47,Gabrielle
1,Gabrielle-Lynda
1,Gabryella
2,Gabryelle
1,Gaella
1,Gage
1,Gaia
1,Gail
1,Gailvin
1,Gaira
1,Galila
1,Ganeev
1,Ganiska
1,Garvi
1,Gatha
1,Gauri
1,Gayatri
1,Gaylee-Marie
1,Gaylene
1,Gelila
1,Gem
1,Gemini
13,Gemma
1,Gemyla
1,Generose
5,Genesis
1,Geneva
12,Genevieve
2,Geneviève
1,Genevra
1,Genoveva
50,Georgia
1,Georgia-Mae
1,Georgiana
2,Georgie
5,Georgina
1,Geraldina
1,Gertruda
4,Getruda
1,Gezebella
2,Ghadeer
1,Ghaida
1,Ghawarir
13,Gia
2,Giada
1,Giana
8,Gianna
1,Gibsyn
1,Gilana
1,Gilead
6,Gillian
1,Gillianne
2,Gina
2,Ginevra
1,Ginny
2,Giovanna
3,Gisele
4,Giselle
1,Gissela
1,Glacy
1,Glaysen
1,Glennis
1,Glennizelle
1,Gloreyanne
3,Gloria
1,Glory
1,Gobza
1,Gonica
1,Goodness
123,Grace
1,Gracella
8,Gracelyn
1,Grace-Lyn
5,Gracelynn
1,Grace-Song
1,Gracey
1,Gracia
38,Gracie
1,Gracie-Ann
1,Gracie-Lynn
1,Gracie-Rae
1,Gracy
1,Gracyn
1,Gratia
1,Grayce
1,Graycee
1,Graye
1,Graysen
1,Greer
4,Greta
1,Grey
1,Greylynn
1,Guneet
1,Gungeet
1,Gunmat
1,Gunnroop
1,Gurasees
13,Gurleen
1,Gurmahie
1,Gurmannat
1,Gurmaya
6,Gurnoor
1,Gursakhi
2,Gursimar
1,Gursimran
1,Gursimret
1,Gvendolina
4,Gwen
5,Gwendolyn
1,Gwennavere
4,Gwenyth
2,Gwyneth
1,Gyannah
1,Gyselle
1,Gyssala
1,Haarlem
1,Habiba
1,Habibah
1,Habibo
1,Hadar
1,Hadara
2,Hadassah
2,Haddie
2,Hadia
5,Hadiya
1,Hadiyah
2,Hadleigh
17,Hadley
2,Hadlie
1,Hadya
1,Haedyn
5,Hafsa
2,Haiden
1,Haidon
2,Haidyn
2,Haifa
6,Hailee
104,Hailey
1,Hailey-Jane
1,Hailie
1,Hailie-Ann
1,Haily
1,Hajar
1,Hajeen
1,Hajra
3,Hala
1,Halayna
1,Haleema
11,Haley
1,Halifa
2,Halima
1,Halimah
2,Halina
2,Halla
15,Halle
2,Halleigh
1,Halle-Shae
1,Halley
3,Hallie
1,Hallie-Jean
4,Halo
1,Halstyn
1,Hamdi
10,Hana
1,Hanaa
1,Hanah
4,Hanan
4,Haneen
1,Hanelle
1,Hanen
1,Hani
5,Hania
1,Haniya
1,Hanley
25,Hanna
106,Hannah
1,Hannahlyn
1,Hannahmei
1,Hannan
1,Hannyh
1,Haram
1,Haran
1,Hareem
1,Harguhn
2,Hargun
1,Hariko
1,Harini
1,Harjannat
1,Harjap
1,Harjee
2,Harkiran
1,Harkirn
1,Harlea
5,Harlee
1,Harlee-May
3,Harleen
1,Harleigh
3,Harley
1,Harley-Ann
1,Harley-Lynn
1,Harlie
1,Harlin
17,Harlow
1,Harlowe
1,Harlum
1,Harlyn
2,Harlynn
2,Harman
1,Harmannat
1,Harmanvir
1,Harmilan
1,Harmonee
1,Harmoni
1,Harmonie
17,Harmony
1,Harnav
2,Harneet
6,Harnoor
1,Harpaavan
1,Harpaij
40,Harper
1,Harper-Lynn
1,Harraj
2,Harriet
1,Harrietta
1,Harseeret
1,Harshabad
1,Harshigah
1,Harsift
2,Harsimar
1,Harsirat
1,Harsirit
1,Harsuhana
2,Hartley
1,Hasiafaye
1,Hasnaa
1,Hasset
1,Hasti
2,Hattie
3,Havana
1,Havanna
1,Havannah
1,Havanna-Marie
10,Haven
1,Hawa
1,Hawada
1,Hawahafsa
1,Hawon
3,Hayat
33,Hayden
1,Haydyn
2,Hayla
1,Haylea
16,Haylee
1,Haylee-Rae
2,Hayleigh
27,Hayley
2,Haylie
1,Haylie-Ann
1,Haylin
1,Hayven
1,Hayze
1,Hayzlie
26,Hazel
1,Healey
9,Heather
3,Heaven
1,Heavenly
3,Heba
32,Heidi
1,Heidianne
1,Helah
2,Helaina
1,Helan
1,Helanna
1,Helayna
5,Helen
15,Helena
2,Helene
1,Hellynne
1,Hendrix
1,Henisha
1,Henley
1,Henna
2,Hennessey
1,Hennessy
1,Henrose
2,Hera
2,Hermela
1,Hervien
1,Hetvi
1,Hewan
1,Heyabel
5,Hiba
1,Hibah
1,Hibaq
2,Hibba
1,Hibbah
2,Hilary
1,Hilkiah
2,Hillary
1,Himani
1,Himanshi
1,Himnoor
1,Hinata
1,Hindiya
2,Hira
1,Hirah
1,Hiti
1,Hiwot
1,Hoda
3,Holland
3,Hollie
23,Holly
1,Hollyn
1,Honey
1,Honey-Raiin
2,Honor
1,Honour
1,Honur
15,Hope
1,Hopestill
1,Hosanna
1,Howida
1,Hridya
2,Huda
1,Hudafatemah
1,Hudson
1,Huki
1,Huma
1,Humaira
1,Humreet
1,Huner
6,Hunter
1,Hunter-Mae
1,Huntyr
1,Husna
1,Huxlie
1,Hy
1,Hyoko
1,Hypatia
2,Ianna
1,Ibtycem
2,Ida
1,Idil
1,Iesha
1,Ifrasimah
1,Ihsan
1,Ijeoma
1,Ikhlas
1,Ikjot
3,Ikram
1,Ikroop
2,Ila
1,Ilaaf
1,Ileigh
1,Ilesha
1,Iley
1,Iliaana
2,Iliana
1,Illada
2,Illiana
1,Illiyana
1,Illyana
1,Illyanna
1,Ilse
2,Ilya
1,Ilyanna
1,Ilyja
1,Imaan
3,Iman
1,Imanuela
1,Imara
1,Imbri
1,Imesha
5,Imogen
1,Ina
1,Inaaya
4,Inara
1,Inarah
1,Ina-Rose
7,Inaya
1,Inayah
2,Indiana
1,Indianna
2,Indica
1,Indira
1,Ineet
2,Ines
1,Inola
1,Insiya
1,Insiyah
1,Iona
1,Ipek
1,Iqra
3,Ira
6,Ireland
2,Irelyn
1,Irena
3,Irene
5,Iris
1,Iroha
1,Iryna
28,Isabel
4,Isabela
3,Isabell
155,Isabella
1,Isabellah
1,Isabella-Marie
71,Isabelle
1,Isabel-Rae
2,Isadora
1,Isaura
1,Isebella
1,Iseul
2,Isha
2,Ishani
1,Ishbel
1,Ishika
1,Ishneet
1,Ishreen
1,Ishwin
2,Isis
1,Isizz
72,Isla
2,Islam
1,Islyn
1,Isna
5,Isobel
1,Isobella-Rose
3,Isra
1,Israa
1,Israh
1,Isreal
3,Issabella
1,Istiana
1,Isylla
1,Iulia
1,Ivana
1,Ivanka
3,Ivanna
1,Ivannette
1,Ivey
1,Ivory-Ray
39,Ivy
1,Iyanla
1,Iyanna
1,Iyannah
6,Iyla
1,Iyra
1,Iyya
1,Izabel
1,Izabela
26,Izabella
1,Izabellah
1,Izabelle
1,Izhyra
1,Izy
1,Izza
1,Izzabela
2,Izzabella
1,Izzabelle
1,Izzadorah
1,Izzy
1,J
1,Jaana
2,Jacelynn
5,Jacey
3,Jaci
1,Jacie
2,Jacinta
2,Jackie
1,Jackielene
5,Jacklyn
1,Jack'Lyne
1,Jacklynn
1,Jaclyn
1,Jacobie
5,Jacqueline
1,Jacquelyne
11,Jada
1,Jadah
1,JaDalane
1,Jada-Lee
1,Jadalyn
1,Jadalynn
1,Jada-Lynn
29,Jade
1,Jadeen
3,Jaden
3,Jadyn
1,Jaeda
1,Jaedyn
1,Jaedynn
1,Jael
1,Jaela
1,Jaelah
1,Jaelle
14,Jaelyn
3,Jaelynn
1,Jae-Young
1,Jahaziel
1,Jahmika
1,Jahna
1,Jahniqua
1,Jahniya
1,Jahzara
1,Jaid
5,Jaida
1,Jaidah
4,Jaiden
3,Jaidyn
1,Jailyn
2,Jaime
1,Jaimee
4,Jaina
1,Jainika
1,Jaireet
1,Jaisha
1,Jaisnoor
1,Jakilyn
1,Jakoby
1,Jalane
1,Jalayna
1,Jalee
1,Jaleesah
1,Jalen
1,Jalessa
1,Jalin
1,Jamay
1,Jamelia
1,Jamella
1,Jamesyn
1,Jamica
3,Jamie
1,Jamila
1,Jamiliah
1,Jamilie
1,Jan
9,Jana
1,Janae
1,Janaiah
1,Janat
1,Janavi
1,Janay
6,Janaya
1,Jancy
14,Jane
2,Janeen
1,Janell
10,Janelle
1,Janese
2,Janessa
2,Janet
1,Janetta
1,Janica
2,Janice
1,Janie
2,Janine
1,Janique
2,Janisa
1,Janisha
1,Janna
2,Jannat
1,Japjeevan
2,Japji
1,Japleen
1,Japnaaz
2,Japneet
1,Japnoor
1,Japreet
1,Japuji
1,Jareen
1,Jaren
1,Jashan
1,Jashandeep
1,Jashvi
1,Jasiel
4,Jasleen
2,Jaslyn
2,Jaslynn
4,Jasmeen
3,Jasmin
34,Jasmine
1,Jasmine-Quynh
2,Jasmyn
1,Jasper
2,Jasreet
1,Jassleen
1,Javannah
1,Javessa
1,Jawaunnah
1,Jaxon
1,Jaxyn
7,Jaya
2,Jayanna
7,Jaycee
1,Jaycelynn
1,Jaycie
23,Jayda
1,Jaydah
1,Jaydan
8,Jayde
1,Jaydee
15,Jayden
1,Jaydyn
2,Jayelle
14,Jayla
2,Jaylah
6,Jaylee
4,Jaylen
3,Jaylene
1,Jaylenn
2,Jayley
1,Jaylie
1,Jaylin
4,Jaylyn
1,Jaylynn
1,Jayme
1,Jaymie
1,Jaymie-May
1,Jaymi-Lee
2,Jayna
2,Jayne
1,Jaynika
1,Jayralyn
1,Jayreme
1,Jaysa
1,Jaziba
1,Jazlin
2,Jazlyn
1,Jazlynn
1,Jazmeeth
4,Jazmin
1,Jázmin
5,Jazmine
1,Jazmyn
3,Jazmyne
1,Jazz
1,Jazzlin
1,Jazzlyn
1,Jazzmyn
1,Jeana
1,Jeananne
1,JeanLine
1,Jeanna
1,Jeanna-Mae
1,Jeannie
1,Jecca
1,Jedaiah
1,Jeena
1,Jeenah
1,Jehan
1,Jeilyn
1,Jemal
1,Jemarie
1,Jemima
11,Jemma
3,Jena
1,Jenae
2,Jenaya
1,Jeneen
2,Jenelle
1,Jenessa
1,Jenessah
1,Jeneva
1,Jenevah
1,Jeniel
1,Jenieva
1,Jeniva
29,Jenna
1,Jennah
1,Jennaya
1,Jenne
1,Jenni
2,Jennie
21,Jennifer
4,Jenny
2,Jensen
1,Jensyn
1,Jenuli
1,Jera
1,Jeralin
1,Jerica
1,Jerika
1,Jerisa
1,Jerlaine
1,Jerlin
1,Jerri
7,Jersey
1,Jersey-Lynn
1,Jersie
1,Jeryn
1,Jerzee
1,Jerzey
1,Jerzi
1,Jerzie
1,Jesabel
1,Jesalyn
4,Jessa
5,Jessalyn
1,Jessalynn
1,Jessamin
4,Jesse
1,Jesse-Lee
1,Jessenia
2,Jessi
46,Jessica
8,Jessie
3,Jesslyn
2,Jessy
1,Jessyka
1,Jesudara
4,Jett
1,Jetta
7,Jewel
2,Jewels
1,Jewely
1,Jewelz
1,Jezanell
1,Jezebel
1,Jhamy
1,Jhana
1,Jhanvi
1,Jhayanne
1,Jhazmine
1,Jheaneil
1,Jhiannah
3,Jia
1,Jiahui
1,Jiale
1,Jian
1,Jianzsel
1,Jiayue
1,Jihanna
1,Jilian
1,Jilissa
1,Jillayna
1,Jillene
1,Jillenna
23,Jillian
2,Jilliane
1,Jilyanne
1,Jin
2,Jina
1,Jinan
1,Jinessa
1,Jinger
1,Jisele
1,Jisha
1,Jiu
1,Jivanna
4,Jiya
1,Jiyan
1,J-Lynn
1,Joana-Chloe
1,Joann
12,Joanna
1,JoAnna
4,Joanne
1,Jo-Anne
1,Joban
1,Jocelin
16,Jocelyn
2,Jocelyne
1,Jocelynne
1,Joclyn
1,Jodary
1,Jodeanna
1,Jodi
1,Jodiah
2,Jodie
1,Jody
1,Joeley
1,Joeline
1,Joelisha
1,Joella
5,Joelle
1,Joëlle
2,Joely
1,Joelynn
1,Johan
3,Johanna
1,Johannah
1,Joia
1,Joielynn
1,Jolee
1,Jolena
7,Jolene
1,Joli
3,Jolie
1,Jolin
1,Jolina
1,Jolyn
7,Joni
20,Jordan
6,Jordana
1,Jordani
2,Jordanna
1,Jorden
4,Jordin
1,Jordon
55,Jordyn
4,Jordynn
1,Jorgia
22,Jorja
1,Jorjah
1,Jorjia
1,Jory
1,Josalyn
1,Josciana
1,Josefina
1,Joselyn
2,Josephina
11,Josephine
1,Joséphine
1,Josette
1,Josi
14,Josie
2,Joslyn
1,Josslyn
4,Journey
2,Jovee
1,Jovee-Raie
2,Jovie
1,Jovi-Rose
7,Joy
1,Joy-Anna
4,Joyce
1,Joye
1,Jua
1,Juah
1,Juanita
1,JubiLee
1,Judaiah
5,Jude
1,Judex
1,Judie
1,Judit
6,Judith
12,Judy
1,Jui
1,Julea
2,Jules
79,Julia
18,Juliana
1,Juliana-Maria
1,Juliann
17,Julianna
4,Julianne
1,JuliAnne
1,Julicia
15,Julie
1,Julie-Grace
8,Juliet
10,Juliette
1,Julissa
1,Julita
1,Julliana
1,Jullianna
1,Jullisa
1,Jully
1,Jumana
1,Jummana
5,June
1,Juniper
2,Juno
1,Jupneet
1,Jurnee
1,Justayis
4,Justice
5,Justina
7,Justine
1,Juwan
1,Jynnavieve
1,Kaarina
3,Kaavya
4,Kacey
3,Kacie
1,Kacie-Lee
1,Kaden
16,Kadence
1,Kadie
1,Kadri
2,Kady
3,Kadyn
2,Kadynce
1,Kaede
1,Kaela
1,Kaelah
3,Kaeley
2,Kaeli
1,Kaelie
11,Kaelyn
1,Kae'lyn
1,Kaelyne
3,Kaelynn
1,Kaera
1,Kaetana
1,Kaghy
1,Kagna
1,Kahlan-Rose
2,Kahli
1,Kahlynn
2,Kai
15,Kaia
2,Kaiah
1,Kaianna
2,Kaida
2,Kaidance
3,Kaiden
1,Kaidyn
2,Kaija
1,Kaijah
1,Kaikoura
4,Kaila
1,Kailani
7,Kailee
1,Kaileigh
8,Kailey
1,Kaili
9,Kailyn
2,Kailynn
1,Kaimry
2,Kaira
1,Kairah
1,Kairei
2,Kairi
1,Kaisely
1,Kaisidee
1,Kaithleen
7,Kaitlin
39,Kaitlyn
1,Kaitlynn
10,Kaiya
1,Kaiyah
1,Kalani
1,Kalayah
1,Kaleena
1,Kalees
2,Kaleia
6,Kaleigh
2,Kaleigha
3,Kaley
23,Kali
7,Kalia
2,Kaliah
1,Kalicia
2,Kalie
1,Kalila
5,Kalina
1,Kalinda
1,Kalissa
6,Kalista
1,Kaliya
3,Kaliyah
1,Kaliyanei
2,Kalkidan
1,Kallah
1,Kalleigh
1,Kalley
5,Kalli
10,Kallie
1,Kallista
1,Kally
1,Kallysta
1,Kalyna
1,Kalynn
1,Kalyse
1,Kalysia
1,Kalysta
1,Kamalvir
1,Kamara
2,Kamber
2,Kambri
1,Kambriea
1,Kamden
1,Kamelia
1,Kameron
2,Kamila
1,Kamilla
1,Kamiya
1,Kamora
1,Kamorah
2,Kamree
7,Kamryn
1,Kana
1,Kandeel-Fatima
1,Kandice
1,Kani
1,Kaprice
1,Kaprisse
1,Kapuki
19,Kara
3,Karah
1,Karaka
1,Karaline
1,Karalyna
1,Karamjot
1,Karampreet
2,Kareena
1,Karelinh
9,Karen
1,Karessa
3,Kari
1,Kariah
1,Kariana
1,Karianna
1,Kari-Lynn
9,Karina
3,Karis
7,Karissa
4,Karla
8,Karlee
1,Karley
1,Karli
3,Karlie
1,Karliee
2,Karlin
3,Karly
4,Karma
1,Karman
1,Karmanpreet
5,Karmen
1,Karmpreet
2,Karmyn
1,Karolynn
1,Karra
1,Karrah
1,Karrissa
3,Karsen
2,Karsyn
1,Karsyn-Lee
1,Karter
2,Karys
1,Karyse
2,Kasandra
1,Kasea
3,Kasey
1,Kasha
1,Kasheri
1,Kashlin
1,Kashtin
1,Kashvi
1,Kasia
1,Kasie
1,Kaslyn
5,Kassandra
1,Kassi
1,Kassia
1,Kassiana
7,Kassidy
3,Kassie
1,Kassyana
1,Kasyra
1,Kat
1,Katalina
3,Katana
1,Katanna
5,Katarina
51,Kate
2,Katelin
1,Katelinh
53,Katelyn
1,Kate-Lyn
12,Katelynn
1,KateLynn
1,Katelynne
5,Katerina
1,Kateryna
2,Katharina
2,Katharine
1,Kathelene
39,Katherine
1,Katheryn
4,Kathleen
1,Kathlene
1,Kathlène
2,Kathlyn
1,Kathrin
1,Kathrina
1,Kathrine
7,Kathryn
1,Kathy
1,Katiann
29,Katie
1,Katielynn
1,Katla
1,Katlyn
2,Katriel
13,Katrina
1,Katrina-Dawn
2,Katryna
3,Katy
1,Katya
1,Kavanjot
1,Kaveri
1,Kawtar
10,Kaya
1,Kayah
1,Kayanna
1,Kaybre
2,Kaybree
1,Kayce
7,Kaycee
1,Kayci
1,Kaycie
3,Kayda
1,Kaydance
1,Kaydee
4,Kayden
20,Kaydence
2,Kaydie
1,Kaydince
1,Kaydren
1,Kaydryn
1,Kaye-Lee
1,Kayhan
1,Kayia
1,Kayjinn
57,Kayla
2,Kaylah
1,Kayla-Losele
1,Kaylana
1,Kaylar
1,Kayle
59,Kaylee
1,Kaylee-Anne
12,Kayleigh
1,Kayleighia
1,Kaylem
1,Kaylene
8,Kayley
1,Kaylia
7,Kaylie
5,Kaylin
1,Kayly
3,Kaylynn
1,KayLynne
1,Kayonah
1,Kaysah
1,Kaysi
1,Kaytan
1,Kaytie
1,Kaytlin
1,Kayva
1,Kaywinnit-Lee
1,Kaziah
1,Kazlyn
2,Keagan
1,Keaghan
1,Keahna
1,Keahola
1,Keairah
1,Keala
1,Kealeigh
2,Kealey
4,Keanna
1,Keara
1,Kearsten
2,Keaton
1,Keeana
2,Keegan
1,Keele
4,Keeley
1,Keelie
2,Keelin
4,Keely
1,KeelyAnn
1,Keelyn
1,Keenah
2,Keera
1,Keerat
1,Keerut
1,Keesa
1,Keesha
1,Keeshia
2,Keeva
1,Keevah
1,Keeya
1,Keiana
1,Keiara
1,Keiko
2,Keila
1,Keilah
1,Keilana
1,Keileigh
1,Keiley
1,Keilie
1,Keilyn
49,Keira
1,Keirin
1,Keirra
1,Keiseana
1,Keisha
1,Keizara
1,Keizsa
1,Keji
2,Kelby
1,Kelechi
1,Keliah
1,Kellee
2,Kellie
6,Kelly
2,Kellyn
1,Kelsa
2,Kelsea
9,Kelsey
1,Kelsy
1,Kelti
3,Keltie
1,Kelty
1,Kemarie
1,Kenadee
3,Kenadie
1,Kena-Elijah
5,Kendal
10,Kendall
1,Kendal-Rae
1,Kendell
1,Kendelle
21,Kendra
1,Kendra-Christine
1,Kendrea
3,Kendyl
1,Kenedi
2,Kenia
1,Kenlei
6,Kenley
1,Kenna
2,Kennedi
37,Kennedy
1,Kenni
2,Kensey
2,Kensi
3,Kensington
1,Kenya
1,Kenzey
4,Kenzi
39,Kenzie
1,Kenziie
1,Kenzington
3,Kenzy
1,Keolite
1,Kera
1,Kerah
1,Kerena
1,Kerenza
1,Keri
1,Kerissa
1,Kerra
1,Kersten
1,Kesha
1,Kesiyaa
1,Kesrin
1,Kesslyn
1,Kethya
2,Keturah
1,Keva
1,Keya
1,Keyanna
1,Keyarra
1,Keyera
1,Keyonah
1,Keyonna
1,Keyra
1,Keyra-Lee
1,Keyva
6,Kezia
5,Keziah
1,Kezzia
1,Khadegah
1,Khadéja
5,Khadija
6,Khadijah
1,Khadjie
1,Khadra
1,Khaira
1,Khalesi
1,Khalia
1,Khali-Anne
1,Khalidah
1,Khalil
1,Khalisi
2,Khaliya
1,Khayla
1,Kheshanti
1,Kheyanna
43,Khloe
1,Khloé
1,Khloee
3,Khloey
1,Khryzzia
1,Khulud
1,Khush
1,Khushdeep
1,Khushleen
1,Khya
1,Khylie
1,Khyra
1,Khyrin
2,Kiahna
10,Kiana
9,Kianna
15,Kiara
1,Kiarra
1,Kiayha
1,Kieerah
4,Kiele
1,Kieleigh
1,Kieley
1,Kiellah
1,Kiely
1,Kielyn
2,Kienna
1,Kiennah
22,Kiera
1,Kieralyn
1,Kieren
1,Kierin
3,Kierra
1,Kiersten
1,Kierstin
1,Kiese
1,Kiesha
1,Kiev
2,Kilee
1,Kiley-Marie
1,Kili
1,Kilynn
3,Kim
1,Kimber
1,Kimberley
7,Kimberly
1,Kimora
1,Kimowan
1,Kimura-Lynn
1,Kina
1,Kinda
1,Kineta
3,Kingsley
1,Kingston
3,Kinlee
31,Kinley
1,Kinlie
1,Kinnley
2,Kinsey
3,Kinslee
1,Kinslei
19,Kinsley
1,Kinslie
2,Kinza
2,Kinzley
24,Kira
1,Kirah
1,Kiralee
1,Kiran
1,Kiri
1,Kiriah
1,Kirshina
5,Kirsten
1,Kismet
1,Kitana
1,Kitara
1,Kiteara
3,Kitty
5,Kiya
2,Kiyah
1,Kiyako
1,Kiyanna
1,Kiyara
1,Kiyomi
1,Klaira
1,Klaire
3,Klara
1,Klareena
1,Klarita
1,Klaya
6,Kloe
1,Kloe-Anne
2,Kloey
1,K-Lynn
1,Knightly
1,Kobe
1,Kodi
1,Kody
1,Kohyn
1,Koia
1,Koiia
1,Koiloach
1,Kolbi
1,Kolby
1,Kolie
1,Kolsana
2,Komal
1,Komaljot
1,Kona
1,Konstancia
9,Kora
1,Korah
2,Koral
1,Kora-lee
1,Korey-Linn
3,Kori
1,Kornelia
1,Korrie
1,Kortney
1,Kourtnee
5,Kourtney
3,Kowsar
1,Kriselle
2,Krisha
1,Krishel
1,Krishiya
1,Krishma
1,Krishni
1,Krislynn
2,Krista
1,Kristella
1,Kristelle
9,Kristen
1,Kristie
1,Kristie-Jane
1,Kristin
8,Kristina
1,Kristina-Lynn
3,Kristine
3,Kristy
1,Kriti
1,Krittika
1,Kriztel
1,Krupa
1,Kruz
1,Krymzyn
1,Krystal
1,Krystle
1,Ksena
1,Kubambwa
1,Kullee
1,Kulume
1,Kulynn
3,Kura
7,Kya
1,Kyah
1,Kyana
2,Kyara
1,Kybree
1,Kyelysha
1,Kyena
28,Kyla
5,Kylah
1,Kylaine
1,Kyle
13,Kylee
1,Kyleen
5,Kyleigh
1,Kylena
1,Kylenn
2,Kyler
43,Kylie
1,Kylin
2,Kylyn
1,Kylynn
1,Kyndalh
2,Kynlee
1,Kynleigh
1,Kynley
1,Kynnlee
1,Kynsley
30,Kyra
2,Kyrah
1,Kyralene
1,Kyree
2,Kyrie
1,Kyros
1,Kyssara
1,Labree
1,Labrini
2,Lacee
16,Lacey
1,Lacey-Mae
1,Laci
3,Lacie
1,Lada
1,Lady
1,Laeticia
1,Laetyn
1,Lahna
1,Laiba
1,Laigessa
1,Laihla
1,Laikyn
18,Laila
1,Lailah
1,Lailoni
2,Laina
1,Laine
1,Lakay
1,Lakaylah
1,Lakelynn
1,Laken
1,Laker-Lynn
1,Lakoda
1,Lalla
1,Lama
4,Lamar
1,Lamaya
3,Lamees
1,Lamese
1,Lamia
1,Lamise
9,Lana
1,Lane
1,Lanea
1,La'nell
2,Lani
1,Lanika
1,Lanisha
2,Lanna
1,Laoise
8,Lara
1,Larean
1,Laree
1,Lareina
8,Larissa
1,Larrisa
1,Larysa
1,LaShaya
1,Lateah
1,LaTeasha
1,Latia
1,Laticia
2,Latisha
24,Laura
1,Laura-Lynn
1,Laura-Mae
1,Lauraya
3,Laurel
1,Laurelin
1,Laurelye
47,Lauren
1,Lauriane
2,Laurie
5,Lauryn
2,Lavanya
1,Lavindeep
1,Lavisha
1,Laxmi
1,Laya
1,Layaan
1,Layah
5,Layal
3,Layan
2,Layanne
1,Layci
68,Layla
2,Laylah
1,Layla-Marie
1,Layna
1,Layne
1,Layton
1,Lazia
3,Lea
2,Léa
1,Leaclaire
80,Leah
1,Leahna
1,Leal
1,Leana
2,Leandra
1,Leann
7,Leanna
6,Leanne
1,Leanza
1,Learah
1,Lecia
1,Lee-Andra
1,Lee-Ann
1,Lee-Anne
1,Leela
1,Leen
2,Leena
1,Leevi
1,Lee-vi
4,Leia
1,Leida
2,Leigha
6,Leighton
14,Leila
1,Leilah
2,Leilani
2,Leira
1,Leiraville
1,Leityn
1,Leiyanna
1,Leiylah
1,Lejla
5,Lela
1,Lelistu
24,Lena
1,Lenci
1,Lendel
2,Leneah
2,Leni
1,Lennea
1,Lennex
1,Lennix
2,Lennon
2,Lennox
1,Lenore
4,Leona
3,Léonie
1,Leora
1,Lésanne
1,Lesley
4,Leslie
1,Leteasha
1,Leticia
2,Letty
1,Lev
1,Levia
3,Lexa
1,Lexanii
1,Lexee
1,Lexey
29,Lexi
22,Lexie
2,Lexington
3,Lexis
1,Lexsy
2,Lexus
1,Lexus-Lee
1,Lexxa
2,Lexxi
1,Lexxie
1,Lexy
1,Lexys
1,Leya
1,Leyah
1,Leyan
1,Leyane-Kelzy
1,Leyton
1,Lhotse
1,Li
7,Lia
1,Liah
1,Lian
6,Liana
4,Lianna
1,Lianne
1,Libbi
4,Libby
5,Liberty
1,Lida
1,Lidiya
1,Lienkah
2,Liesel
1,Liesl
1,Liev
17,Lila
11,Lilah
1,Lilah-May
2,Lilee
1,Liley
2,Lili
8,Lilia
5,Lilian
7,Liliana
1,Liliane
1,Liliann
4,Lilianna
1,Lilie
1,Lilien
3,Lilith
1,Liliya
1,Lilleigh
3,Lilli
1,Lillia
45,Lillian
3,Lilliana
1,Lilliana-Joy
1,Lillian-Ashe
1,Lilliane
5,Lillianna
1,Lillianne
4,Lillie
27,Lilly
3,Lillyana
1,Lilly-Ann
3,Lillyanna
1,Lilly-anne
1,Lillyen
1,Lilly-Rose
167,Lily
1,Lilya
1,Lilyan
3,Lilyana
1,Lilyann
1,Lily-ann
1,Lilyanna
2,Lilyanne
3,Lily-Anne
1,Lily-Dawn
1,Lily-May
13,Lina
1,Linah
1,Lincyn
7,Linda
1,Linden
5,Lindsay
3,Lindsey
1,Lindy
2,Linh
1,Linnae
3,Linnea
1,Linta
1,Lintha
1,Linzelle
14,Lisa
1,Lisa-Ann
1,Lise
8,Liv
4,Livi
18,Livia
1,Liviya
1,Livy
4,Liya
2,Liyana
1,Liza
1,Lizlionne
1,Lizzie
1,Lloyes
1,Lochlan
2,Lochlyn
2,Lochlynn
1,Locklan
1,Locklyn
1,Locklynn
11,Logan
1,Loganne
1,Loidelyn
3,Lois
1,Lojaine
11,Lola
17,London
10,Londyn
1,Lone
1,Lora
2,Loralei
1,Loreen-Marie
3,Lorelai
1,Lorelei
1,Loreta
1,Lori
1,Lori-Lynn
1,Lorise
1,Lorraine
1,Lotte
1,Lotus
1,Lou
1,Louanna
2,Louella
2,Louisa
3,Louise
1,Loveaha
1,Loveleen
1,Lovely
1,Lovleen
1,Loxley
1,Loyal
1,Luba
1,Lubna
3,Luca
1,Lucciana
1,Lucee
1,Luci
7,Lucia
4,Luciana
1,Lucianna
3,Lucie
1,Luciena
1,Lucie-Reine
3,Lucille
1,Lucina
41,Lucy
1,Luella-Lee
1,Lueth
1,Luisa
3,Lujain
1,Luka
1,Lulea
1,Lulit
2,Lulu
1,Luma
1,Lumen
1,Lumin
9,Luna
1,Luoying
1,Luv
1,Luveah
1,Luviana
1,Luvina
1,Luvneer
1,Luwam
4,Lux
1,Lyana
31,Lydia
1,Lydia-Jayde
1,Lydin
1,Lyhla
20,Lyla
4,Lylah
1,Lylian
1,Lylli
1,Lyna
1,Lyndsey
1,Lynea
3,Lynn
2,Lynnaya
1,Lynnzell
1,Lynora
1,Lynzi
3,Lyra
1,Lyrah
5,Lyric
1,Lyriel
1,Lyrik
1,Lysha
1,Lyssia
2,Lyvia
3,Ma.
1,Maab
1,Maaha
1,Maanavi
1,Maansi
5,Mabel
1,MaBelle
1,Macallister
1,Macaria
1,Macenzi
6,Macey
25,Maci
3,Macie
1,Maci-Lee
1,Mackaila
6,Mackenna
1,Mackenzee
63,Mackenzie
4,MacKenzie
1,Mackenzie-Lillith
3,Mackinley
1,MacKinley
1,Macrina
19,Macy
1,Madalie
8,Madalyn
5,Madalynn
1,Maddason
1,Maddax
1,Maddelynn
3,Madden
2,Maddie
1,Maddien
18,Maddison
2,Maddisyn
1,Maddix
1,Maddon
2,Maddox
1,Maddy
1,Maddyn
1,Maddyx
4,Madelaine
12,Madeleine
1,Madelenn
2,Madelin
43,Madeline
1,Madellaine
24,Madelyn
1,Madelyne
6,Madelynn
1,Madielyn
1,Madiha
1,Madileen
1,Madiline
8,Madilyn
3,Madilynn
6,Madina
2,Madinah
1,Madisen
1,Madisin
126,Madison
1,Madissyn
8,Madisyn
1,Madisynn
1,Madolyn
1,Madonna
1,Madryx
1,Madyn
3,Madysen
8,Madyson
1,Madyson-Alieannah
1,Madyson-Rylee
3,Mae
1,Maé
2,Maegan
2,Maeghan
1,Maelee
1,Mae-Leigh
1,Maeli
1,Maéli
5,Maelle
7,Maëlle
1,Maelyn
1,Maelynn
1,Mae-Lynn
1,Maeryn
7,Maeve
1,Maeven
1,Maevie
1,Maeyer
3,Magaretha
2,Magdalen
3,Magdalena
1,Magdalene
10,Maggie
1,Mahalet
1,Mahalia
2,Maham
1,Maharlika
1,Mahasen
1,Mahdais
1,Mahdiya
2,Maheen
1,Mahek
1,Mahekmanleen
4,Mahi
1,Mahibah
1,Mahithreya
3,Mahlet
2,Mahlia
2,Mahnaz
3,Mahnoor
1,Mahpara
1,Mahraya
1,Mahrosh
1,Mahrush
1,Mahsa
1,Mahum
10,Maia
1,Maicy
1,Maida
2,Maile
1,Mailey
1,Mailyn
3,Maira
1,Mairead
1,Mais
1,Maisaan
1,Maisam
1,Maisen
2,Maisey
1,Maisha
5,Maisie
1,Maissa
5,Maisy
3,Maiya
3,Maja
2,Makaela
2,Makaila
1,Makaleigh
1,Makara
29,Makayla
1,Makayla-Jean
1,Makda
9,Makena
1,MaKena
25,Makenna
1,Makenzee
1,Makenzi
9,Makenzie
1,Makenzy
1,Makfira
1,Makia
1,Makinley
1,Makinzie
1,Maksud
1,Makyla
1,Makynlee
2,Malaak
1,Malack
1,Malaeh
1,Malaha
2,Malaika
1,Malainah
10,Malak
1,Malak-Jamal
4,Malaya
1,Malayah
1,Malayna
1,Malaysia
2,Malea
4,Maleah
2,Maleeha
1,Maleigha
1,Maleighka
1,Malena
1,Maléna
1,Mali
12,Malia
2,Maliah
2,Malika
1,Malin
2,Malina
1,Malissa
2,Maliya
3,Maliyah
5,Mallory
1,Malyeka
1,Malyssa
1,Manahil
1,Manal
3,Manar
1,Manasik
1,Manasvi
2,Manat
1,Mandisa
6,Mandy
1,Maneli
1,Manevone
5,Manha
1,Manini
1,Manjot
1,Mankirat
3,Manmeet
9,Mannat
1,Manon
1,Manoor
1,Manraj
2,Manreet
1,Manrose
1,Manya
6,Mara
1,Maraih
1,Maraki
1,Maral
1,Maralyn
3,Maram
1,Marayah
1,Marayem
1,Marcee
2,Marcelline
1,Marcia
1,Mareka
1,Marella
7,Maren
14,Margaret
2,Margareta
1,Margareth
1,Margaux
1,Margherita
1,Margot
2,Mari
43,Maria
1,Maria-Elena
14,Mariah
21,Mariam
2,Marian
7,Mariana
1,Mariane
3,Marianna
1,Marianne
1,Maricar
5,Marie
1,Marieah
1,Marie-Fredelle
1,Marieka
1,Mariela
3,Mariella
2,Marielle
1,Marigold
1,Marihelly
1,Marik
4,Marilyn
3,Marin
5,Marina
2,Marion
1,Maris
5,Marisa
1,Marisabella
1,Marisol
11,Marissa
1,Marissa-May
1,Marium
2,Mariya
2,Mariza
1,Marjan
1,Marjorie
2,Marla
1,Marle
1,Marleau
9,Marlee
3,Marleigh
27,Marley
1,Marley-Jean
1,Marli
1,Marliegh
1,Marliena
1,Marlise
1,Marloh
2,Marlowe
1,Marlvie
1,Marnaath
1,Maro
1,Marquet
1,Marquizza
1,Marriah
1,Marrin
2,Marta
13,Martha
4,Martina
1,Martine
1,Martti
1,Marty
2,Marwa
1,Marwah
34,Mary
3,Marya
1,MarYa
19,Maryam
4,Maryan
1,MaryAnn
1,Mary-Ann
1,MaryAnne
1,Mary-Claire
1,MaryDee
1,MaryJane
1,Maryjane
1,Mary-Katherine
1,Marylin
1,Marylyn
1,Mary-lynn
1,Maryn
2,Masa
1,Masen
1,Masha
1,Masie-Lee
1,Masynn
1,Matab
5,Mataya
1,Matea
1,Mathali
1,Matia
1,Matia-Lee
11,Matilda
1,Matilde
6,Mattea
1,Mattéa
2,Matteah
1,Mattie
1,Maude
1,Mavie
1,Mavis
1,Maxeen
5,Maxine
1,May
80,Maya
1,Máya
2,Mayah
1,Mayaka
1,Mayance
1,Mayar
1,Maybelline
2,Maycee
1,Mayci
1,Maycie
1,Mayeve
1,Maygan
1,Maykayla
1,Maylah
1,Maylen
1,Mayley
3,Mayli
1,Mayra
2,Maysa
1,Maysaa
1,Maysam
1,Mayson
1,Maysoun
1,Mayu
1,Mayuri
1,Mayva
1,Mayzie
1,Mazvita
1,Mazzy
1,Mckaela
1,Mckalaky
8,McKayla
1,Mckayla
13,Mckenna
9,McKenna
1,McKennly
8,McKenzie
8,Mckenzie
1,McKinlee
3,Mckinley
2,McKinley
1,McKlay
5,Meadow
4,Meagan
2,Meaghan
1,Meakia
2,Meara
1,Mecca
1,Meccah
1,Meclayne
3,Medina
1,Meeka
1,Meena
1,Meer
2,Meera
1,Meesha
1,Mega
42,Megan
1,Mégan
1,Meggie
7,Meghan
1,Meghna
1,Mehak
1,Mehakdeep
2,Meher
1,Mehlia
1,Mehna
2,Mehr
1,Mehreen
1,Mehvish
1,Meia
3,Meika
1,Meila
1,Meirah
1,Meirrah
1,Mekah
1,Mekayla
1,Mekkah
1,Mela
1,Melah
1,Melaina
1,Melandi
7,Melanie
1,Mélanie
1,Melany
1,Melat
1,Melea
1,Mélécé
1,Meledee-Tammy
6,Melina
1,Mélina
2,Melinda
1,Melisa
17,Melissa
1,Melita
1,Mellene
2,Melodie
1,Mélodie
16,Melody
1,Melva
1,Melveen
7,Memphis
1,Mena
1,Menessa
1,Meniko
1,Mequan
1,Merab
1,Merade
1,Meral
17,Mercedes
2,Mercedez
1,Mercedie
1,Mercedita
5,Mercy
1,Mercy-Mihret
1,Meredi
1,Meredith
1,Merisa
2,Meron
1,Merren
1,Merritt
1,Mersadez
1,Meryam
1,Meryk
1,Messina
1,Meta
1,Metha
1,Metreya
1,Mette
1,Meya
1,Meyrianne
74,Mia
1,Mía
5,Miah
1,Mia-Jane
1,Mia-Sophia
1,Miatta
1,Mica
2,Micaela
12,Micah
1,Micayah
1,Micayla
1,Micha
9,Michaela
1,Michaële
3,Michaella
1,Michaiah
1,Michal
1,Micharine
26,Michelle
1,Michelle-Hartley
1,Michyla
1,Mickella
1,Mieka
2,Mieke
1,Mieko
1,Miel
1,Mienna
2,Miesha
1,Mihaila
1,Miia
1,Miika
1,Mija
1,Mijalina
1,Miju
7,Mika
19,Mikaela
1,Mikaella
1,Mikaelyn
1,Mikah
3,Mikaila
1,Mikalee
34,Mikayla
1,Mikenna
1,Mikeyla
1,Mikhaela
1,Mikhayla-Jho
1,Mikhola
1,Mikhyla
1,Miki
1,Mikisha
1,Mikyla
55,Mila
2,Milah
4,Milan
4,Milana
2,Milani
1,Milania
1,Milanja
1,Milanna
1,Milcah
1,Mileena
3,Milena
12,Miley
2,Milla
1,Miller
1,Millicent
2,Millie
1,Milly
1,Milo
1,Mims
11,Mina
2,Minaal
1,Minahil
1,Minami
1,Mindy
1,Mingjia
1,Minie
1,Minka
1,Minna
1,Minnah
1,Mir
14,Mira
3,Mirabel
4,Miracle
1,Miradie
1,Mirae
1,Mirai
1,Miral
14,Miranda
1,Miraya
1,Mireille
1,Mirette
9,Miriam
1,Mirielle
1,Mirinae
1,Mirrica
1,Mirryn
1,Miruna
1,Mirza
1,Misako
1,Misaye
4,Mischa
4,Misha
1,Mishala
1,Mishali
1,Misha-Yamma
1,Mishka
1,Mishkael
1,Mississippi
1,Mitchel
8,Miya
2,Miyah
1,Miyu
1,Mizuki
1,Mmachi
1,Mofifunoluwa
1,Mofoluwatele
1,Mohadese
1,Moira
1,Molleigh
1,Molli-bawn
2,Mollie
44,Molly
1,Mona
1,Monet
4,Monica
1,Monica-Jane
3,Monika
3,Monique
1,Monisola
3,Monroe
2,Montana
1,Montayah
1,Monvadee
1,Moraya
40,Morgan
1,Morgana
1,Morgen
1,Morghan
1,Moriyah
1,Morleigh
1,Morley
1,Morrigan
1,Morrisyn
1,Morsal
1,Mouna
1,Mowanuoluwa
1,Mowava
1,Mozhdah
1,Mriah
1,Mubashirah
1,Mudiyanselange
1,Mugisha
1,Muhiib
1,Mukti
1,Mulan
2,Muna
2,Muneefa
1,Munira
1,Muriella
1,Murphie
1,Museyba
1,Musfirah
1,Muwahidah
1,Muzayeen
1,Muzen
1,My
72,Mya
7,Myah
1,Mya-Lynn
1,Mycah
1,Mychaela
2,Myelle
1,Myia
4,Myka
1,Mykaela
2,Mykena
1,Mykiah
14,Myla
1,Mylah
1,Mylee
1,Mylena
1,Mylli
1,Myniah
6,Myra
2,Myrah
1,Myriah
2,Myriam
1,Mysha
1,Mysie
1,Mystik
1,Mythili
1,Naarah
1,Naava
1,Nabanita
1,Nabeelah-Mumeenah
3,Nabiha
2,Nabila
8,Nada
15,Nadia
4,Nadine
2,Nadiya
1,Nadiyah
1,Nadra
1,Naevia
1,Nahanni
1,Nahid
4,Nahla
1,Nahlah
1,Nahrae
1,Naia
1,Naianna
1,Naiher
1,Naima
1,Naiomi
1,Naisha
1,Najla
3,Najma
1,Nakoah
2,Nalani
1,Nalayah
1,Naliyah
1,Nana
1,Nanaly
1,Nanapon
1,Nancee
13,Nancy
1,Nankie
1,Nannahe
1,Nansee
1,Naokha
49,Naomi
1,Nardos
1,Nareez
1,Nargis
1,Narin
1,Narjes
1,Nascha
1,Nashita
1,Nasrin
1,Nassiyah
1,Nassmah
1,Nastasia
1,Nastja
1,Nasya
1,Natal
1,Nataleigh
30,Natalia
69,Natalie
1,Nataliea
1,Nataliya
1,Natallia
4,Natalya
1,Natani
1,Natasa
15,Natasha
1,Nataya
1,Natea
1,Nateshia
2,Nathalie
1,Natilia
1,NattaLee
1,Nautika
1,Nava
1,Navanpreet
1,Navaya
1,Navdisha
1,Navedra
1,Naveeda
1,Navehya
1,Navelle
2,Naveya
1,Navia
1,Navie
1,Navjot
2,Navneet
1,Navnidh
1,Navraj
1,Navreet
1,Navroze
1,Navy
6,Navya
1,Naw
2,Nawal
2,Naya
1,Nayanika
1,Nayeli
3,Nayla
1,Naymaa
1,Naz
1,Nazia
1,Na'zirah
1,Nazish
1,Nazriya
1,Ndeye
1,Neala
1,Nealah
1,Neavaya
1,Neave
1,Nederlyn
1,Nedra
1,Neeca
1,Neema
1,Neena
1,Neeyah
1,Neftalem
1,Nehir
1,Neisha
1,Nekaeiah
2,Nela
1,Nelia
1,Nell
2,Nella
3,Nellie
6,Nelly
1,Nemah
1,Nemya
1,Nena
1,Nene
2,Neriah
1,Nerissa
1,Neschelle
1,Nesi
2,Neta
1,Netha
1,Nethalie
3,Neva
1,Nevada
62,Nevaeh
1,Nevaeha
1,Nevaeh-Faith
2,Nevaeh-Grace
1,Nevaya
1,Nevayah
5,Neve
4,Neveah
1,Nevelle
1,Ngan
1,Ngeh
1,Nha
3,Nia
1,Niah
1,Nialey
1,Nialy
1,Niama
3,Niamh
1,Niaomi
1,Nickaella
1,Nicky
1,Nickyla
1,Nico
3,Nicola
1,Nicola-Lynn
26,Nicole
1,Niele
1,Niemah
1,Nihal
3,Nika
5,Nikita
1,Nikki
1,Nikkita
1,Niko
2,Nikola
1,Nikyla
1,Nikyta
1,Nila
1,Niley
1,Niloufer
1,Nimar
2,Nimer
3,Nimrat
1,Nimret
1,Nimrit
17,Nina
1,Nina-Lynn
1,Niomee
1,Nirgs
1,Nirja
1,Nishka
2,Nishtha
1,Nisreen
1,Nitam
1,Nitya
1,Nixan
1,Nixie
1,Nixynn
3,Niya
1,Niyah
1,Niyat
1,Niyiah
1,Niyyah
2,Nneoma
3,Noa
2,Noah
1,Noelia
1,Noella
7,Noelle
1,Noëlle
1,Noellyn
1,Noemi
1,Noémi
1,Noémie
1,Nohla
6,Nola
1,Nola-Jean
1,Noluthando
1,Nolyn
1,Nomalisa
11,Noor
1,Noora
1,Noor-e-Iman
1,Noor-e-Saher
1,Noorpreet
1,Noorul
1,Noorulhaya
21,Nora
17,Norah
1,Nori
1,Norwin
8,Nour
1,Noura
1,Noureen
15,Nova
3,Novah
1,Nuala
1,Nuela
1,Numan
1,Nura
1,Nuray
1,Nusaybah
4,Nya
1,Nyabuom
4,Nyah
1,Nyaiik
1,Nyakera
1,Nyakhor
1,Nyakuar
1,Nyakuey
1,Nyakuma
1,Nyakume
1,Nyalueth
1,Nyamal
1,Nyaman
1,Nyanguong
1,Nyaphar
1,Nyariang
1,Nyariatni
1,Nyaruon
1,Nycole
1,Nye
1,Nykayla-Rayann
7,Nyla
3,Nylah
1,Nylahe
1,Nyleah
1,Nylueth
1,Nynnilah
1,Nyra
1,Nyrie
1,Nyssa
1,Nyssah
1,Nyua
1,Nyx
1,Nyxie
1,Oaklee
1,Oakley
4,Oaklyn
1,Oasis
10,Ocean
1,Océane
1,Océanne
4,Odessa
2,Odette
1,Oestara
1,Ogechi
1,Oghenerukevwe
1,Ohanna
1,Okanees
1,Oksana
1,Ola
1,Olayna
1,Ole
1,Olea
1,Olesia
1,Olexia
1,Olga
17,Olive
290,Olivia
2,Olivianne
1,Olivia-Rai
1,Ollie
2,Oludara
1,Olukemi
1,Olumidola
1,Oluseyi
1,Olutamilore
1,Oluwakemi
1,Oluwanibomi
1,Oluwatamilore
1,Oluwateniadefunmi
2,Oluwatomisin
1,Oluwatoyin
1,Olwyn
2,Olympia
1,Om-Albaneen
1,Omara
1,Omuhle
1,Omyma
1,Onika
1,Onyka
2,Opal
3,Ophelia
1,Ophélia
1,Orchid
2,Oriana
2,Orianna
1,Oriyah
2,Orla
1,Orlaith
1,Orlayna
1,Oryx
1,Osedebame
1,Otilia
1,Ottilia
1,Ovina
1,Oxenia
1,Oyemwosa
1,Ozara
1,Paesly
2,Paetyn
1,Paetyn-Grace
1,Paeyten
2,Page
52,Paige
1,Paighton
1,Paislea
1,Paislee
1,Paislen
41,Paisley
2,Paiten
1,Paiton
5,Paityn
1,Paix
2,Paizley
1,Palina
1,PaLoma
1,Paloma-Lyric
1,Palwasha
4,Pamela
1,Paraskoviya
1,Paree
1,Pari
1,Pariansh
1,Parinaaz
1,Pariraj
2,Paris
1,Parisa
1,Parisha
9,Parker
1,Parmisa
1,Parmpreet
1,Parneeka
4,Parneet
1,Parnian
1,Parry
1,Parteek
6,Patience
5,Patricia
2,Paula
1,Paulin
4,Paulina
3,Pauline
1,Pavreet
3,Payten
1,Paytin
83,Payton
1,Payzlie
2,Pearl
3,Peggy
1,Pehal
4,Peighton
1,Peityn
1,Peleg
1,Pema
25,Penelope
1,Penélope
1,Pennie
9,Penny
4,Pepper
1,Perla
1,Persaeus
1,Persephone
1,Perusi
1,Pessia
1,Petara
9,Petra
1,Pewyis
1,Peydon
72,Peyton
3,Phaedra
1,Phebe
1,Pheobe
1,Pheonix
1,Phetlunda
1,Philipa
3,Philippa
2,Phillipa
1,Phiola
14,Phoebe
1,Phoelix
13,Phoenix
1,Phoenyx
1,Phung-Nghi
1,Phyllis
1,Phynix
2,Pia
1,Pietra
1,Pikea
1,Pilipay
51,Piper
2,Pippa
1,Pixie
2,Piya
1,Pola
1,Polina
1,Pooja
7,Poppy
1,Porcha
1,Porsha
2,Porter
4,Portia
1,Portlyn
1,Prabh
1,Prabhdeep
4,Prabhleen
4,Prabhnoor
2,Prabjot
2,Prableen
1,Prada
1,Praise
1,Praize
1,Prayosha
1,Preal
1,Precious
1,Preet
1,Prentice
1,Prentiss
3,Preslee
25,Presley
1,Presley-Ann
1,Pria
6,Princess
1,Prisa
1,Prisada
1,Prisca
1,Priscila
9,Priscilla
1,Prisha
1,Prisma
12,Priya
1,Priyanka
1,Prneet
1,Psanatcsakor
1,Punam
2,Puneet
1,Purity
8,Pyper
1,Qarmin
1,Qiutong
1,Q'Tyyr'N
1,Queen
1,Queenie
1,Quincie
2,Quincy
62,Quinn
1,Quinne
3,Quinnley
1,Quintesza
1,Quinzen
2,Quorra
1,Raavi
1,Raazia
1,Rabab
3,Rabia
1,Rabiaan
1,Rabneet
6,Rachael
2,Racheal
50,Rachel
4,Rachelle
1,Racky-Absa
1,Racquel
1,Radiance
1,Radiya
2,Rae
1,Raeann
1,Raeanne
1,Raechel
3,Raegan
1,Raelannah
1,Raelei
1,Raeleigh
1,Raelene
4,Raelyn
5,Raelynn
1,Rae-Lynn
1,Raenelle
1,Raevyn
1,Raewyn
1,Raeya
1,Rafa-Abuelgasim
1,Rafaie
1,Rahaf
1,Rahee
1,Raheel
4,Rahma
1,Raia
1,Raifah
1,Raighna
1,Raiha
1,Railee
1,Railey
1,Rain
10,Raina
1,Raina-lea
1,Rainbow
4,Raine
1,Rainejewelle
1,Rainna
1,Raissa
1,Raiza
1,Raizel
1,Raizelle
1,Rajaa
1,Rajonna
2,Rajveer
1,Rakeb
1,Rakiyah
1,Rama
1,Ramajana
1,Ramanpreet
1,Ramatoulaye
2,Rameen
1,Ramielle
1,Ramneet
2,Ramona
1,Ramyrah
1,Rana
1,Randa
2,Randi
2,Raneem
1,Rani
3,Rania
1,Raniya
1,Ranya
1,Raphaelle
7,Raquel
1,Raquelle
1,Rasha
1,Rashell
1,Rashmi
7,Raven
1,Raveneet
1,Ravleen
1,Ravneet
1,Ravpreet
1,Ravreet
1,Ravyn
9,Rawan
1,Rawdah
14,Raya
2,Rayah
4,Rayan
2,Rayann
1,Rayannah
1,Rayden
1,Rayea
1,Rayehaneh
3,Rayelle
1,Rayhana
1,Rayhona
6,Raylee
1,Raylynn
1,Rayn
13,Rayna
1,Raynah
10,Rayne
1,Rayven
2,Rayyan
2,Razan
1,Raziella-Veronika
1,Reade
5,Reagan
2,Reanna
1,Reason
1,Reba
1,Rebeca
40,Rebecca
1,Rebecca-Ephrem
6,Rebekah
1,Rebekka
1,Rebekkah
1,Rediet
6,Reece
2,Reed
2,Reegan
1,Reem
1,Reema
39,Reese
9,Reet
4,Regan
1,Regina
2,Reham
1,Rehat
1,Rei
1,Reia
1,Reice
1,Reid
1,Reign
1,Reilly
1,Reina
1,Reine
1,Reitag
2,Rema
1,Remas
4,Remi
1,Remy
1,Rena
2,Renae
1,Renata
9,Renee
1,Reneé
2,Renée
1,Renelle
1,Reniah
1,Renna
1,Rennah
1,Retaj
1,Retal
2,Reva
1,Revaeh
1,Reve
2,Reya
1,Reyan
1,Reyanne
1,Reyhana
1,Reyne
1,Rhaea
4,Rhea
3,Rheanna
1,Rhee'Ann
1,Rheeya
1,Rhenee
3,Rhian
1,Rhiana
1,Rhianne
2,Rhiannon
1,Rhilynn
1,Rhiott
1,Rhiyell
3,Rhoda
1,Rhowena
1,Rhyen
1,Rhyenn
1,Rhylea
2,Rhylee
1,Rhylen
1,Rhyllyn
1,Rhys
6,Ria
1,Rian
2,Riane
1,Riann
2,Rianna
1,Rianne
1,Ricel
1,Richa
1,Richeldis
1,Richie
2,Ricki
1,Rickie
1,Rickie-Mae
1,Ricky
1,Ridley
1,Rièl
2,Rielle
1,Rielyn
1,Rihab
1,Riham
3,Rihanna
1,Rihannah
1,Rijonagh
1,Rikki-Jae
32,Riley
1,Rileyann
1,Rilla
1,Rilyn
2,Rilynn
1,Rim
2,Rima
1,Rimas
1,Rimini
1,Rinaaz
1,Rinah
1,Rinnah
1,Rinoa
3,Rio
1,Riona
2,Ripley
1,Risha
1,Risting
3,Rita
1,Ritaya
1,Ritika
1,Ritrisha
8,River
1,Riviera
11,Riya
1,Riyah
1,Riyan
1,Riyana
1,Riyanna
1,Riyanne
1,Riyann-Grace
1,Rizael
1,Robbin
1,Roberta
1,Robin
1,Robiya
8,Robyn
2,Rochelle
2,Rodas
1,Roewen
1,Rohani
1,Róisín
1,Rojine
1,Rokaya
2,Romaisa
1,Romeesa
1,Romilly
1,Romina
1,Romisa
1,Romy
1,Rong
1,Roohi
1,Roop
1,Roqaiyah
1,Rori
7,Rory
1,Rosa
1,Rosabella
1,Rosabelle
1,Rosalee
1,Rosalia
16,Rosalie
1,Rosalyn
1,Rosa-Lynne
1,Rosanna
1,Rosanne
9,Rose
1,Rose-Albert
3,Roseanne
1,Rosel
1,Roselia
1,Roselina
1,Rosella
1,Roselyne
2,Rosemarie
1,Rosemary
1,Rosewyn
1,Roshni
1,Rosie
1,Rosina
2,Roslyn
1,Ross
1,Rosyn
1,Rotem
12,Rowan
1,Rowen
4,Rowyn
1,Roxane
1,Roxanne
1,Roxie
3,Roxy
1,Royal
2,Royce
1,Rozalia
1,Rozalyn
1,Rozlynn
1,Rozmina
1,Rózsa
1,Rubee
2,Rubi
1,Rubina
47,Ruby
1,Ruby-Ana
1,Rubymae
1,Ruchama
1,Rudey
1,Rudina
1,Rudy
1,Rue-Lynn
1,Ruhamah
1,Ruhin
1,Ruiyue
1,Rukayah
2,Runa
1,Ruqayah
1,Ruqayyah
11,Ruth
1,Ruthann
1,Ruwaida
1,Ruwayda
1,Ruweda
1,Rya
3,Ryah
5,Ryan
9,Ryann
1,Ryanne
1,Ryden
1,Ryder
1,Ryelynn
1,Ryen
1,Ryenn
1,Ryesen
1,Ryian
1,Ryka
1,Ryker
3,Ryla
2,Rylan
2,Rylea
41,Rylee
1,Rylee-Lynn
11,Ryleigh
8,Ryley
1,Ryli
10,Rylie
5,Rylin
3,Rylyn
1,Rylyne
2,Rylynn
1,Ryott
1,Ryzel
1,Saachi
1,Saaleha
1,Saana
2,Saanvi
2,Saba
1,Sabah-Yaqin
1,Sabeeha
1,Sabeel
3,Sabella
1,SaBella
3,Sabina
3,Sabine
1,Sabirin
1,Sable
1,Sabreen
1,Sabrin
14,Sabrina
1,Sachen
1,Sachika
1,Sachkeerat
2,Sachleen
1,Sachpreet
1,Sacred
1,Sadaf
1,Sadey
1,Sadi
1,Sadia
57,Sadie
1,Sadie-Angel
2,Sadiya
1,Sadye
1,Sadyra
1,Safa
1,Safaa
1,Safari
1,Safeena
1,Saffa
3,Safia
1,Safinaz
1,Safiyah
14,Sage
1,Sahana
8,Sahar
4,Sahara
1,Saharah
1,Sahaya
2,Sahej
1,Sahijdeep
1,Sahil
1,Sahrai
1,Sahriya
3,Saida
1,Saidie
1,Saiesha
8,Saige
1,Saihajnoor
1,Sailee
1,Sailey
1,Saina
1,Saira
1,Saiya
1,Saja
1,Saje
1,Sakithya
1,Sakiya
1,Sakshi
2,Sakura
1,Salaisha
1,Salem
1,Salena
1,Saliha
2,Salima
1,Salinger
1,Salinna
2,Sally
5,Salma
1,Salmah
1,Salva
1,Salwa
1,Samaira
75,Samantha
1,Samantha-Lynne
15,Samara
2,Sameeha
1,Samer
1,Sami
3,Samia
1,Samita
2,Samiya
2,Sammi
1,Samone
1,Samraulieit
1,Samreet
1,Samridhi
1,Samyha
5,Sana
1,Sanaa
1,Sanara
1,Sanaya
1,Sanaye
1,Sandhara
3,Sandra
1,Sandra-Joy
1,Sandrla
2,Sandy
1,Sania
1,Saniya
1,Sanjana
1,Sanjna
1,Sanover
1,Sanreet
1,Sanskruti
1,Sanveer
1,Sanvi
1,Sanya
2,Saoirse
1,Saphia
2,Saphira
5,Sapphira
2,Sapphire
49,Sara
1,Saraeyah
2,Sarafina
113,Sarah
1,Sarahjoy
2,Sarai
1,Saraiya
1,Sarajean
1,Saralynn
1,Sara-lynn
1,Saray
1,Sarayne
1,Sarbani
1,Sarena
1,Sari
4,Sariah
1,Sarina
1,Sa'Riyah
1,Sarjana
1,Sarodjynie
3,Saron
1,Sarra
1,Sarrayna
1,Sarrinah
1,Sascha
13,Sasha
1,Saskia
1,Satariah
4,Savana
3,Savanah
14,Savanna
49,Savannah
1,Savary
2,Savera
1,Saverah
1,Savhanna
1,Savianna
1,Savienne
2,Savina
1,Savinma
1,Savory
1,Savreet
1,Sawa
1,Sawerah
20,Sawyer
1,Sayble
2,Sayde
2,Saydee
1,Sayfa
1,Sayine
1,Sayla
1,Sayler
3,Saylor
1,Sazjdah
12,Scarlet
61,Scarlett
3,Scarlette
1,Schyler
2,Scotia
1,Scotlyn
1,Scout
1,Seana
1,Seany
1,Seba
1,Seedra
1,Seema
11,Seerat
1,Seerit
1,Sehah
1,Sehaj
1,Sehajdeep
1,Sehajleen
1,Sehajpreet
1,Seher
1,Sehreet
2,Sejal
3,Selah
1,Selali
1,Selam
1,Seleana
2,Seleen
17,Selena
4,Selene
2,Selin
3,Selina
1,Sella
1,Sema
1,Sena
1,Senae
1,Seneca
1,Senessa
1,Senna
1,Senuli
1,Seo-Eun
1,September
1,Sequoia
2,Sera
2,Seraphina
1,Serayia
1,Sereen
1,Sereena
1,Seren
15,Serena
6,Serene
31,Serenity
1,Serenna
1,Serephina
1,Serina
1,Serra
1,Seryn
1,Seryna
1,Setemi
1,Sevanna
1,Sevyn
1,Seweet
1,Seyram
1,Seyun
1,Shaami
1,Shaarvi
1,Shabad
2,Shada
1,Shadaiah
1,Shaden
1,Shadence
1,Shadia
5,Shae
1,Shaela
6,Shaelyn
4,Shaelynn
1,Shae-lynn
1,Shaena
1,Shagol
1,Shahad
2,Shahd
1,Shahd-Ashraf
2,Shahreen
1,Shahynaz
1,Shaila
1,Shaimaa
2,Shaina
1,Shakilah
4,Shakira
1,Shakshi
1,Shalana
1,Shalaya
1,Shalva
1,Sham
1,Shama
1,Shameeka
1,Shamsey
2,Shana
1,Shanae
3,Shanaya
1,Shandaya
2,Shanea
1,Shaneil
1,Shanell
5,Shanelle
1,Shanesa
1,Shaniamae
1,Shanika
2,Shanna
1,Shannan
2,Shannon
1,Shantal
1,Shantaye
2,Shantel
1,Shanti
1,Shantileyah
1,Shanum
2,Shanvi
1,Shanya
1,Shanzae
1,Sharale
1,Sharanya
1,Shareen
1,Sharifa
1,Sharla
1,Sharlene
1,Sharlise
1,Sharlot
1,Sharlotte
1,Sharmaine
1,Sharmine
1,Sharndeep
3,Sharon
1,Sharon-Andrea
1,Sharvi
1,Sharwin
1,Shashini
1,Shasmeen
1,Shateal
1,Shauna
1,Shaunae
1,Shaunita
1,Shay
5,Shaya
2,Shayana
1,Shayda
1,Shaye
1,Shayea
1,Shayelou
10,Shayla
1,Shaylah
1,Shaylan
1,Shayle
1,Shaylea
1,Shayleah
1,Shaylee
2,Shayleen
1,Shayley
1,Shaylyn
1,Shay-Lynne
1,Shaylyse
2,Shayma
1,Shaymaa
7,Shayna
1,Shazia
1,Shea
1,Sheaffer
1,Shealynn
1,Sheamus
2,Sheena
1,Shefali
21,Shelby
1,Shelby-Lynn
1,Shelina
1,Shelly-Anne
1,Shenelle
1,Shenice
1,Sherae-leanne
1,Sherdha
1,Sheridan
1,Sherissa
1,Sherrylyn
1,Shevonne
1,Sheyleah
1,Shiane
1,Shiann
1,Shianne
1,Shiela
1,Shifirah
1,Shile
2,Shilo
1,Shiloe
10,Shiloh
2,Shine
1,Shirayah
3,Shivani
1,Shivi
2,Shivika
1,Shiya
1,Shiyul
2,Shona
1,Shorouq
1,Shoshana
2,Shreeya
1,Shrestha
3,Shreya
2,Shriya
1,Shruthi
2,Shu
1,ShuYang
1,Shy
2,Shyah
1,Shyama
1,Shyanna
3,Shyanne
1,Shyden
6,Shyla
1,Shylene
1,Shyloh
1,Shylynn
3,Sia
1,SiAn
1,Sianah
2,Sianna
1,Siannah
4,Siara
1,Sicily
1,Sidda
4,Sidney
1,Sidona
2,Sidra
11,Siena
36,Sienna
43,Sierra
1,Sierra-lynn
1,Sierra-Rose
1,Sierria
1,Sifti
1,Siftie
2,Sigourney
2,Siham
1,Sihaya
1,Siiri
1,Silvana
2,Silvanna
5,Silver
2,Silvia
1,Simana
2,Simar
1,Simara
1,Simi
2,Simona
10,Simone
1,Simonne
1,Simoune
1,Simpreet
1,Simra
5,Simran
1,Simranpreet
1,Simrat
2,Simreet
2,Simren
3,Simrit
1,Sinaf
1,Sinan
1,Sindiso
2,Sinead
2,Siobhan
3,Sirat
1,Siratjot
1,Siri
1,Sirius
1,Sissy
3,Sitara
1,Sitara-Lee
1,Sithuki
1,Sitorie
1,Sitrah
1,Sivajenany
1,Siyah
1,Siyana
1,Skarlet
2,Skarlett
2,Sky
11,Skye
1,Skye-Lynn
9,Skyla
1,Skylah
14,Skylar
1,Skyler
2,Skylyn
13,Sloan
19,Sloane
1,Sneha
1,Snit
54,Sofia
1,Sofía
4,Sofie
1,Sofija
1,Sofiya
1,Sofya
2,Soha
1,Sohaani
1,Sojood
3,Solana
1,Solange
1,Soleia
3,Soleil
1,Solenne
1,Solyana
2,Somaya
1,Somer
1,Somto
1,Somtochukwu
1,Sonam
1,Sondos
2,Sonia
1,Sonja
3,Sonya
1,Sophea
1,Sopheya
1,Sophi
252,Sophia
1,Sophiah
164,Sophie
1,Sophie-Lise
2,Soraya
1,Sorayha
1,Sorcha
1,Soren
1,Sorina
1,Soryn
1,Soumya
1,Sovereign
1,Sparrow
1,Spencer
3,Stacy
3,Star
2,Starla
1,Starlight
1,Starrly
1,Starr-Shine
1,Stefania
2,Stefanie
2,Stefany
44,Stella
17,Stephanie
1,Stephany
1,Stevana
1,Stevie
2,Stirling
1,Stori
2,Storm
1,Stormy
3,Story
1,Subuhi
1,Suhana
1,Suhani
2,Sukaina
2,Sukhman
5,Sukhmani
1,Sukhmeet
1,Sukhpunit
1,Sulamita
1,Suleka
1,Sullivan
1,Sumaiya
1,Sumarah
2,Sumaya
1,Sumayah
1,Sumayya
1,Sumerlee
1,Sumlina
39,Summer
1,Summer-Lee
1,Sunbin
1,Sundar
1,Sundas
1,Sunday
1,Sunjam
1,Sunjana
1,Sunjum
1,Sunkarie
1,Sunni
1,Sunnie
4,Sunny
1,Sunsaar
1,Sunshine
1,Sunshyne
2,Supreet
2,Sura
1,Surabhi
1,Suraina
1,Suraiya
1,Suray
1,Suraya
1,Suree
1,Suretta
5,Suri
1,Suri-lynn
1,Surya
5,Susan
3,Susana
3,Susanna
2,Susannah
2,Susie
1,Susy
1,Sutton
2,Suzanna
2,Suzannah
5,Suzanne
2,Suzie
1,Svana
1,Swanny
1,Swapnika
1,Swara
1,Swasti
1,Sway
1,Syah
1,Syatt
1,Sybelle
1,Sydelia
1,Sydne
4,Sydnee
66,Sydney
1,Sydney-Georgia
1,Sydney-Ray
1,Sydnie
2,Syeda
1,Syeda-Umaiza
2,Syerra
1,Sylvana
3,Sylvia
3,Sylvie
1,Sylvie-Lee
1,Symphonie
1,Syra
1,Syrena
1,Syrie
1,Syryl
1,Taara
1,Tabasum
2,Tabatha
3,Tabea
3,Tabitha
1,Taci
1,Tacie
1,Tacori
1,Tadana
1,Tadeya
1,Tadum
1,Tae
2,Taegan
1,Taejah
2,Taela
2,Taelyn
2,Taeya
1,Tahlia
1,Tahmina
1,Tah-mina
1,Tahsis
1,Taia
1,Tailaya
1,Tailyn
1,Taisiya
1,Taisyn
2,Taiya
1,Taj
1,Takiyah
3,Tala
1,Talaina
1,Talasia
1,Talea
2,Taleah
4,Taleen
1,Taleena
13,Talia
3,Taliah
1,Talice
1,Taligha
1,Talihya
2,Talina
1,Talise
1,Taliyah
1,Tallulah
1,Tally
2,Talya
1,Talynn
1,Tamaki
1,Tamana
2,Tamanna
2,Tamara
1,Tamia
2,Tamika
1,Tamilla
1,Tamina
1,Tamiyah
2,Tammy
1,Tanae
1,Tanaya
1,Taneah
1,Tanika
1,Tanisa
4,Tanisha
1,Tanishka
1,Tanmayi
1,Tannah
1,Tannar
1,Tanner
1,Tannis
1,Tanroz
1,Tanveer
1,Tanvi
5,Tanya
1,Tao
1,Taos
1,Tapwe
6,Tara
1,Taralee
1,Tarandeep
12,Taryn
1,Tasbiha
1,Tasean
2,Tasha
3,Tasneem
3,Tasnim
1,Tatalia
1,Tate
1,Tatendeka
4,Tatiana
2,Tatianna
1,Tatonka
12,Tatum
1,Tatyana
1,Tatyanna
1,Tatym
1,Taujraé
1,Tavelyn
1,Tavey
2,Tavia
1,Tavnoor
1,Tawny
17,Taya
3,Tayah
1,Tayan
1,Tayanna
1,Tayda
1,Tayeh
1,Tayen
1,Tayiah
6,Tayla
3,Taylah
1,Tayleah
7,Tayler
4,Taylin
98,Taylor
2,Taylor-Anne
1,Taylyn
1,Taylynne
1,Tayma
2,Taysia
1,Tayte
1,Taytm
1,Tayton
2,Tayva
1,Tayyaba
1,Tazannah
1,Ta'ziah
1,Taziayah
1,Tazra
4,Téa
25,Teagan
2,Teagen
4,Teaghan
1,Teairah
1,Tealin
2,Teanna
1,Teebiha
1,Teegan
1,Teela
8,Tegan
5,Tehya
2,Teia
1,Teigan
1,Teija
1,Teila
1,Teilla
1,Tejaswi
1,Tekarra
1,Tekoa
1,Telayna
1,Temiloluwa
2,Temperance
1,Tena
1,Teneal
1,Teneille
1,Teneri-Adel
1,Tenesha
1,Tenésha
1,Tenille-Anne
1,Teniola
1,Tenlea
1,Tenleigh
19,Tenley
1,Tenly
1,Tennesse
2,Tennessee
1,Tennille
1,Tennley
2,Tenzin
6,Teresa
1,Terez
1,Terilyn
1,Terranne
1,Terrin
1,Terynn
1,Tesa
2,Tesla
1,Tess
22,Tessa
1,Tessa-Marie
1,Tetisimi
5,Teyla
1,Teyonna
4,Thalia
1,Thalsa
1,Thandi
1,Thanh
1,Thanishka
7,Thea
1,Theadora
1,Theia
1,Theodora
9,Theresa
3,Therese
1,Therésé
1,Theshaki
1,Thespina
2,Thia
1,Thialand
1,Thiewat
1,Thipphaphone
1,Thya
5,Tia
11,Tiana
1,Tiandra
9,Tianna
1,Tiannah
1,Tianyi
2,Tiara
2,Tiarra
1,Tiaruz
1,Tibyan
1,Tienna
1,Tierra
1,Tierza
13,Tiffany
1,Tijana
1,Tilden
1,Tilia
1,Tilley
1,Tillie
1,Timage
1,Timayah
1,Timea
1,Tímea
11,Tina
1,Tinley
2,Tinsley
1,Tionna-Lyn
5,Tirzah
1,Tiyana
1,Tobi
1,Tobiyah
1,Toluwani
1,Tomi
3,Toni
1,Tonia
1,Toni-Anne
1,Tonnisa
1,Tony
1,Tonya
1,Tora
1,Torance
8,Tori
1,Torilynn
1,Torrence
1,Torri
4,Tory
1,Toryn
1,Tova
1,Traci
2,Tracy
1,Trae-Leigh
1,Tran
1,Treasa
1,Treasure
1,Trenity
3,Tressa
1,Trestanna
1,Treu
1,Tricia
1,Trilbi
1,Trillian
1,Trina
1,Trinidi
1,Trinidy
24,Trinity
1,Tripta
1,Tripti
1,Trish
1,Trisha
1,Trishelle
1,Trishika
1,Trisity
1,Trista
2,Tristan
2,Tristyn
1,Tru
1,Truan
1,Trudie
4,Trudy
1,Tsedey
1,Tshibemba
1,Tshiebue
2,Tsion
1,Tuana
1,Tuba
1,Tulasi
1,Tuleshia
1,Tulip
1,Tulisa
1,Tumelo
1,Twilah
1,Ty
1,Tyah
1,Tygyn
1,Tyisse
3,Tyla
1,Tylee
1,Tyler
1,Tyleyia
1,Tynessa
1,Tyorah
1,Tyra
1,Tyree
1,Ubah
1,Ufuoma
1,Ugochi
1,Ulang
1,Ulia
1,Ulita
2,Uma
1,Umaima
1,Umaimah
1,Umaiza
1,Umra
2,Una
2,Unique
1,Unity
1,Urenna
1,Uriah
1,Urijah
1,Urniqua
1,Urooba
1,Urooj
1,Uswa
1,Uzuki
4,Vada
1,Vahini
1,Vaia
1,Vaida
1,Vala
2,Valencia
12,Valentina
1,Valentine
7,Valeria
11,Valerie
1,Valérie
1,Valeska
1,Vallyn
1,Vanesa
29,Vanessa
1,Vani
1,Vania
1,Vaniena
2,Vanna
1,Vanshmika
1,Vanya
5,Vayda
1,Vaydah
1,Vaydalee
3,Veda
1,Vedika
1,Veen
1,Veera
1,Vega
1,Venice
1,Venora
1,Venus
4,Vera
1,Veridis
2,Verona
18,Veronica
4,Veronika
1,Vespe
2,Vesper
1,Vianna
1,Vibha
1,Vicky
1,Victini
95,Victoria
1,Vida
10,Vienna
1,Vienne
1,Vienz
1,Vihnea
1,Vijeta
1,Vikramjit
2,Viktoria
1,Vincy
1,Vineet
3,Viola
47,Violet
1,Violet-Anne
1,Violet-May
1,Violette
1,Virginia
1,Vishwa
1,Vita
1,Vithuli
1,Vittoria
1,Vivia
12,Vivian
2,Vivianna
3,Vivianne
1,Vivica
2,Viviene
12,Vivienne
1,Viyanna
1,Vrindha
1,Vy
1,Vylet
1,Waad
1,Wadia
1,Wafa
1,Waheed
1,Wahidah
1,Wania
1,Wantong
1,Wapan
1,Wardah
1,Waris
1,Warisara
1,Waverly
1,Wenjie
1,Wesal
1,Westyn
1,White
1,Whitlee
4,Whitney
1,Wiam
8,Willa
34,Willow
1,Winni
2,Winnie
1,Winona
1,Winslow
1,Winta
5,Winter
1,Wissal
3,Wren
1,Wrenna
1,Wylde
1,Wylie
1,Wyllow
1,Wynara
2,Wynn
5,Wynter
1,Wyomi
1,Xamantha
1,Xandrea-Lynn
1,Xandreya
1,Xanthe
1,Xava
1,Xavienne
2,Xaviera
1,Xenya
1,Xera
1,Xiangwan
1,Xianna
1,Xiao
1,Xicali
2,Ximena
1,Xing
1,Xinyue
1,Xylah
1,Xylanna
1,Xyleena
1,Xylia
1,Xyrene
1,Xyriel
1,Xyza
1,Yaa
2,Yabsera
1,Yalda
1,Yamluck
1,Yan
3,Yana
1,Yanet
1,Yanna
1,Yao
1,Yar
12,Yara
1,Yarah
1,Yarelli
1,Yasbella
1,Yashashree
1,Yashfa
1,Yashika
2,Yashvi
1,Yasmain
2,Yasmeen
10,Yasmin
3,Yasmina
5,Yasmine
1,Yassa
2,Yassmine
1,Yau
1,Yazela
1,Yedidya
1,Yeighna
2,Yelena
1,Yena
1,Yennie
1,Yeonseo
1,Yeonwho
1,Yesl
1,Yesmean
1,Yessica
1,Yohanna
1,Yolanda
1,Yona
1,Yonden
1,Yonwoo
1,Yosan
1,Yoshay
1,Yosra
1,Ysabel
1,Ysabela
2,Ysabella
3,Ysabelle
1,Yseault
1,Ystella
1,Yue
1,Yuka
1,Yumi
2,Yumna
2,Yuna
1,Yuri
1,Yurie
1,Yuttika
1,Yvette
1,Yvonne
2,Yzabella
1,Yzabelle
1,Zaara
1,Zaariyah
1,Zaebryn
1,Zaeemah
1,Zaelea
1,Zafia
1,Zafirah
2,Zahara
1,Zah'nya
12,Zahra
3,Zahraa
1,Zahra-Noor
1,Zaina
12,Zainab
2,Zaineb
2,Zaira
1,Zakira
1,Zalarra
1,Zalfa
1,Zameer
1,Zaneb
1,Zanvi
1,Zaqia
18,Zara
4,Zarah
2,Zaria
1,Zariah
1,Zarina
1,Zariyah
1,Zarka
1,Zarlasht
2,Zarrah
1,Zarya
1,Zas
1,Zavannah
2,Zayah
1,Zayannah
1,Zayda
1,Zaydah
1,Zayda-Lee
1,Zayha
2,Zayla
1,Zaylee
1,Zaylin
1,ZayLynn
1,Zayna
2,Zaynab
1,Zaynaeh
1,Zayyna
2,Zeel
1,Zeeva
3,Zehra
1,Zeinab
1,Zeisha
1,Zelany
1,Zelina
1,Zemaryam
1,Zemira
1,Zenia
1,Zennia
1,Zenya
1,Zeph
1,Zepherine
1,Zersha
1,Zettie
1,Zeyden-Lhamo
2,Zeynep
1,Zhoei
1,Zhoey
1,Zhong
2,Zianna
1,Ziara
1,Zielle
1,Ziham
1,Zilal
1,Zillah
1,Zion
2,Zipporah
2,Ziva
3,Ziya
1,Ziyana
1,Ziyanna
1,Zlixia
1,Zobia
1,Zody
77,Zoe
4,Zoé
16,Zoë
1,Zoee
1,Zoei
1,Zoelya
1,Zoe-May
58,Zoey
4,Zofia
2,Zoha
4,Zoie
1,Zolae
1,Zolie
1,Zonni-Marie
2,Zooey
1,Zophiah
2,Zora
1,Zoriana
3,Zoya
1,Zubaydah
1,Zuhal
1,Zunaira
1,Zuri
1,Zuzanna
1,Zxyvian
1,Zya
2,Zyla
2,Zyra
1,Zyrah