1,Aadhira
3,Aadhya
1,Aadya
1,Aahliah
1,Aahna
1,Aaira
1,Aaiza
1,Aalaa
1,Aaleah
1,Aaleya
1,Aalia
1,Aaliah
33,Aaliyah
1,Aaliyah-Faith
1,Aaliyah-noor
1,Aamina
1,Aaminah
1,Aaneya
1,Aangi
1,Aaniya
2,Aanya
3,Aaralyn
2,Aaria
3,Aarna
1,Aarohi
1,Aarolyn
1,Aarvi
2,Aarya
1,Aaryana
1,Aasha
2,Aashi
1,Aashka
1,Aashna
1,Aasiyah
1,Aauriah
1,Aavya
1,Aayah
1,Aayana
1,Aayat
2,Aayla
1,Aayushi
1,Ababya
1,Abagail
1,Abagayle
1,Abaigael
1,Abba
1,Abbagail
1,Abbegail
12,Abbey 
1,Abbey-Gail
1,Abbi
1,Abbie
11,Abbigail
1,Abbigaile
2,Abbigale
1,Abbigayle
1,Abbilene
1,Abbrianna
20,Abby
8,Abbygail
1,Abbygail-Claire
1,Abbygaile
3,Abbygale
1,Abbygayle
1,Abby-lynn
1,Abebaye
2,Abeeha
1,Abeer
2,Abeera
1,Abegail
1,Abella
1,Abem
1,Abeni
2,Abheri
1,Abida
1,Abidaille
1,Abigael
159,Abigail
1,Abigaile
3,Abigale
1,Abigayl
2,Abigayle
1,Abijot
1,Abilleh
1,Abinoor
2,Abrianna
2,Abrielle
2,Abuk
1,Abyan
3,Abygail
2,Abygale
1,Acacia
1,Acasia
2,Acelyn
1,Achan
2,Achol
1,Achsa
11,Ada 
1,Adaeze
2,Adah
1,Adaira
1,Adaisa
1,Adalayde
3,Adalee
1,Adaleigh
2,Adalia
1,Adalie
1,Adalina
1,Adalind
2,Adaline
8,Adalyn
1,Adalyne
10,Adalynn
1,Adanaya
2,Adara
1,Adau
2,Adaya
1,Adayah
1,Addaline
1,Addalyn
1,Addalynn
1,Addeline
1,Addelynn
3,Addie
1,Addie-Mae
3,Addilyn
2,Addilynn
1,Addi-Lynne
78,Addison
13,Addisyn
1,Addley
1,Addy
9,Addyson
1,Adedamisola
1,Adeena
1,Adela
1,Adelade
1,Adelae
14,Adelaide
1,Adelaide-Lucille
2,Adelaine
17,Adele
1,Adeleah
1,Adelee
1,Adeleigh
1,Adeleine
2,Adelia
1,Adelida
3,Adelina
11,Adeline
1,Adelise
1,Adella
3,Adelle
1,Adelleda
9,Adelyn
8,Adelynn
1,Aderinsola
1,Aderyn
1,Adesa
2,Adessa
1,Adetoke
1,Adhel
1,Adhora
2,Adhya
2,Adia
1,Adilee
2,Adina
1,Adisson
3,Adisyn
3,Aditi
1,Aditree
4,Adlee
3,Adleigh
7,Adley
1,Adlynn
1,Adn
1,Adna
1,Adreana
5,Adria
18,Adriana
1,Adriann
28,Adrianna
2,Adrianne
2,Adrielle
1,Adrienn
8,Adrienne
2,Adrika
1,Adriyah
1,Adtheres
1,Advika
1,Adya
2,Adysen
5,Adyson
1,Aedre
2,Aela
1,Aera 
1,Aeriana
1,Aeris
1,Aerith
1,Aeva
1,Aevyn
1,Afnaan
1,Afnan
1,Afrdita
3,Afreen
1,Afrin
1,Afsana
1,Afshin
1,Afton
1,Agam
1,Agamjot
7,Aganetha
1,Agasi
3,Agatha
2,Agnes
1,Ahana
1,Ahin
1,Ahliyah
1,Ahlyssa
1,Ahmiah
1,Ahniyah
1,Ahrianna
1,Ahvaya-Leigh
1,Ai
3,Aicha
3,Aida
1,Aidan
1,Aiden
1,Aiden-Getnet
1,Aidyn
1,Aiesha
2,Aikam
1,Aikha
3,Aila
1,Aileen
1,Aili
1,Ailish
1,Ailyn
5,Aimee
3,Aimen
1,Aimie
2,Aine
5,Ainslee
1,Ainsleigh
28,Ainsley 
1,Ainsley-Rae
3,Ainslie
1,Aiona
3,Aira
1,Airabella
1,Aira-Bella
1,Airah-lee
1,Aireanna
1,Airelle
1,Airhanna
1,Airriana
1,Airyana
1,Airyn
1,Aise
1,Aiselle
15,Aisha
2,Aishah
1,Aishani
1,Aishmeen
1,Aishreen
1,Aishryia
3,Aisley
2,Aisling
1,Aísling
3,Aislinn
2,Aislyn
2,Aislynn
2,Aiva
4,Aiyana
1,Aiyanah
1,Aiyanna
5,Aiza
2,Aizah
1,Aizlynn
1,Aizza-Mckayla
1,AJ
1,Aja
1,Ajah
1,Ajia
3,Ajooni
1,Ajulu
1,Ajuni
1,Ajwa
1,Ajwah
1,Akaasha
1,Akaisha
1,Akaliah
2,Akasha
1,Akayla
1,Akeira
1,Akeysha
1,Akiesha
1,Akiko
1,Akima
1,Akin-Lee
1,Akira
1,Aklas
1,Akoj
1,Akolde
1,Akriti
1,Aksana
1,Aksheta
1,Akshita
1,Akshpreet
1,Akuany
1,Akuol
1,Akut
4,Alaa
2,Alabama
14,Alaina
1,Alaina-lynn
1,Alaira
1,Alaiza
11,Alana
1,Alanis
5,Alanna
2,Alannah
1,Alara
1,Alarae
1,Alaryn
1,Alaura
4,Alaya
1,Alayah
1,Alayla
15,Alayna
1,Alazne
6,Alba
1,Albatoul
1,Alberta
1,Albey-Strong
1,Alby
2,Alea
15,Aleah
2,Aleaha
1,Aleca
1,Alecia
1,Alecxandria
1,Aleda 
1,Aleea
15,Aleena
2,Aleesha
1,Aleeta
5,Aleeza
4,Aleigha
1,Aleina
1,Aleisha
1,Aleiya
2,Alejandra
1,Aleksa
2,Aleksandra
5,Alena
2,Alenna
1,Alera
2,Alesha
1,Alessa
9,Alessandra
5,Alessia
1,Alet
4,Alex
37,Alexa
63,Alexandra
1,Alexandrea
14,Alexandria
1,Alexa-Rae
1,Alexaya
2,Alexcia
1,Alexe
4,Alexi
12,Alexia
2,Alexie
96,Alexis
1,Alexius
1,Alexsandra
1,Alexsis
1,Alexus
1,Alexxa
1,Alexxis
4,Alexys
1,Alexza
2,Aleya
1,Aleysia
1,Alhia
2,Ali
5,Alia
1,Alîa
3,Aliana
1,Aliann 
5,Alianna
1,Aliannah
48,Alice
11,Alicia
1,Alicja
3,Alida
1,Aliece
1,Aliena
1,Aliette
1,Aliha
1,Aliisa
2,Alika
1,Alima
1,Alimah
1,Alimatu
21,Alina
1,Alinda
1,Alinka
1,Aliona
5,Alisa
11,Alisha
2,Alishba
1,Alisiana
1,Alisianna
6,Alison
1,Alison-Mae
4,Alissa
1,Alissandra
1,Alisson
1,Alisya
1,Alita
1,Aliveah
13,Alivia
4,Alix
13,Aliya
25,Aliyah
1,Aliyana
1,Aliyanna
6,Aliza
1,Alizabel
1,Alizay
1,Alizée
1,Alizibeth
1,Allana
1,Allayna
1,Alle
2,Allegra
1,Alleluia
1,Allena
1,Allera
1,Alley
1,Alleya
1,Alleyannah
3,Alli
1,Alliah
1,Allianna
1,Alliannah
11,Allie
43,Allison
1,Allisyn
1,Alliya
3,Alliyah
10,Ally
1,Allyana
7,Allyson
1,Allyssa
1,Almalee
1,Alodie
1,Aloname
1,Alonyo
4,Alora
1,Aloria
1,Alrieshya
1,Althaeja
7,Althea
2,Aluel
1,Aluk
1,Aluong
2,Alvina
1,Alyah
1,Alyana
3,Alyanna
1,Alyazia
1,Alyce
1,Alyciana
1,Alydia
1,Alyia
1,Alyica
1,Alyissa-Lynn
1,Alyna
1,Alynia
1,Alyona
1,Alys
6,Alyse
1,Alyseah
2,Alysha
3,Alyson
60,Alyssa 
2,Alysse
2,Alythia
1,Alyvia
1,Alyx
2,Alyza
1,Alyzandra
1,Alzhra'a
3,Amaia
1,Amaiah
1,Amaiya
1,Amal
3,Amalia
1,Amalie
1,Amalija
2,Aman
4,Amanat
19,Amanda
1,Amanga
5,Amani
1,Amany
1,Amanya
2,Amar
11,Amara
1,Amarah
1,Amara-Lynn
1,Amari
2,Amaris
1,Amarra
1,Amaryah
1,Amasha
1,Amatullah
11,Amaya
1,Amayah
23,Amber
1,Amberly
2,Amberlyn
1,Amber-Lynn
1,Amberpreet
1,Ambree
1,Ambria
2,Ameena
1,Ameera
1,Ameerah
1,Ameia
1,Ameila
1,Ameilia
1,Amel
120,Amelia
1,AmeLia 
2,Amélia
2,Ameliah
4,Amelie
8,Amélie
1,Ameliya
3,Amen
1,Amena
1,America
2,Amerie
1,Ameya
1,Ami
3,Amie
1,Amiel
1,Amielle
1,Amiellia
1,Amilee
1,Amiliea
1,Amiliya
1,Amillia
1,Amily
7,Amina
5,Aminah
9,Amira
2,Amirah
1,Amitiel
1,Amity
1,Amiya
2,Amiyah
3,Amna
1,Amneet
1,Amoni
1,Amorette
1,Amorin
1,Amou
2,Amran
1,Amreet
1,Amrie
3,Amrit
1,Amsah
1,Amuna
34,Amy
4,Amya
1,Amy-Hope
1,Amy-Rose
2,An
8,Ana
1,Anab
3,Anabel
2,Anabella
9,Anabelle
6,Anabia
1,Anadella
1,Anael
1,Ana-Grace
1,Anai
1,Anaia
4,Anaiah
2,Anais
1,Analeigh
1,Analena
1,Analeze
2,Analia
1,Analin
1,Analisa
2,Anam
1,Anant
1,Ananya
1,Anara
1,Ana-Sophia
1,Anastashia
20,Anastasia
1,Anastasija
1,Anastasiya
1,Anaston
1,Anastyn
1,Anatasha
1,Anaum
17,Anaya
1,Anberlin
1,Anbumalar
6,Andi
4,Andie
1,Andile
24,Andrea
1,Andrée-Anne
1,Andriella
1,Andrina
1,Andy
1,Anebel
1,Aneeqa
1,Anekah
1,Anela
1,'Anela
2,Anelise
1,Anesa
1,Anessa
1,Aneweer
2,Anfisa 
1,Angee
1,Angeith
17,Angel
17,Angela
2,Angelee
1,Angelena
4,Angelica
1,Angelie
1,Angelien
2,Angelika
1,Angelin
20,Angelina
2,Angeline
2,Angelique
1,Angelisa
1,Angelpreet
1,Angely
1,Angeth
1,Angie
1,Anica
1,Aniela
1,Aniella
1,Aniessa
22,Anika
1,Anikka
1,Anila
1,Anira
4,Anisa
4,Anisha
1,Anissa
1,Anisten
1,Aniston
1,Anistyn
5,Anita
5,Aniyah
3,Anja
1,Anjali
1,Anjolie
1,Anlhera
2,Anmol
3,Ann
93,Anna
9,Annabel
1,Annabell
8,Annabella
1,Anna-Bella
45,Annabelle
1,Annabelle-Qinn
2,Annabeth 
1,Annacy
1,Anna-Grace
1,Annahel
1,Annalay
1,AnnaLayiah
1,Annalea
2,Annalee
1,Anna-Lee
1,Annalei
1,Annalia
1,Annalie
2,Annaliese
1,Annalina
1,Annalisa
10,Annalise
2,Annalynn
1,Anna-Lynn
2,Anna-Maria
1,AnnaMarie
1,Anna-Marie
1,Annameka
1,Annasofia
1,Annataki
1,Annatasia
8,Anne
3,Anneka
1,Annelese
1,Annelies
1,Anneliese
1,Annelise
2,Anne-Marie
2,Annette
20,Annie
29,Annika
1,Annissa
3,Anniyah
1,Anoopjot
2,Anosha
1,Anouk
1,Anoushka
2,Anshika
1,Anshita
2,Anthea
1,Anthia
1,Anthym
1,Antoinette
1,Antonella
2,Antonia
1,Anuhya
1,Anujin
1,Anuksha
1,Anungoo
3,Anureet
2,Anushka
1,Anushri
1,Anuska
1,Anvi
11,Anya
1,Anya-Cruz
1,Anyia
1,Anyier
1,Anyieth
1,Anza
1,Anzal
1,Aoife
1,Aouyn
1,Apple
8,April
1,Aprilia
1,Aqsa
1,Aquila
2,Aquinnah
1,Ara
19,Arabella
2,Arabelle
1,Arach
1,Araeya
1,Araiya
1,Aralyn
1,Araoluwa
1,Ararity
1,Araya
1,Arayah
4,Arden
1,Ardew
1,Areak
1,Areeba
2,Areen
1,Areesha
1,Arena
1,Aresta
1,Arete
1,Areyanna
3,Arfa
1,Arhianna
67,Aria
1,Ariabella
1,Ariadna 
2,Ariadne
2,Ariah
30,Ariana
38,Arianna
1,Ariannah
3,Arianne
2,Ariauna
2,Aribella
1,Arie
1,Arieanna
1,Arieh
12,Ariel
1,Ariela
8,Ariella
1,Ariellah
10,Arielle
1,Aries
1,Arifah
1,Arij
1,Arin
1,A-rin
2,Arina
1,Arini
1,Arisa
2,Arisha
1,Arissa
1,Aristhea
1,Arisyn
2,Ariya
2,Ariyah
1,Ariyana
2,Ariyanna
3,Arizona
1,Arleen
1,Arleth
1,Arley
1,Arlie
1,Arlowe
2,Armeet
1,Arna
1,Aroha
1,Aroth
1,Aroush
1,Arpan
1,Arpandeep
1,Arphakorn
1,Arpitha
1,Arrabella
1,Arrieanne 
1,Arrow
1,Arsema
1,Arshita
1,Arshnoor
1,Arthea
1,Arvellia
1,Arwal
3,Arwen
2,Arwyn
27,Arya
1,Aryan
7,Aryana
6,Aryanna
1,Aryea
1,Aryia
1,Aryia-Catherine
1,Aryka
1,Aryn
1,Arys
2,Aryssa
1,Arzasaroop
1,Asana
1,Asanti
3,Aseel
4,Asees
1,Aseghieme
1,Aset
12,Asha
1,Ashely
1,Ashelynn
1,Asher
1,Asherrie
1,Asheyn
1,Ashiani
1,Ashima
1,Ashita
1,Ashlea
2,Ashlee
2,Ashleen
1,Ashleigh
20,Ashley
1,Ashlin
1,Ashling
26,Ashlyn
1,Ashlyne
16,Ashlynn
1,AshLynn
2,Ashlynne
1,Ashmeen
1,Ashmita
1,Ashna
2,Ashneet
3,Ashton
1,Ashtryd
2,Ashtyn
1,Ashtynn
1,Ashveen
1,Ashwanpreet
1,Ashwin
5,Asia
1,Asil
1,Asinat
3,Asiya
3,Asiyah
1,Asjd
1,Asli
2,Asma
3,Asmaa
1,Asmah
12,Aspen
5,Aspyn
1,Assia
1,Assiatu
6,Astrid
1,Asyia
1,Asyl
1,Asyla
1,Atalia
1,Atem
1,Atet
1,Athaiah
2,Athea
1,Atheer
21,Athena
1,Athiei
1,Atiya
2,Atley
1,Atlynn
1,Atong
1,Atong-Peter-Yel-Kuac
1,Attyson
1,Aubrea
37,Aubree
1,Aubree-Lynn
1,Aubreey
1,Aubrei
1,Aubreigh
1,Aubretia 
70,Aubrey
1,Aubri
1,Aubrianna
10,Aubrie
1,Aubrieanne
1,Aubriella
3,Aubry
1,Audie
1,Audra
1,Audree
1,Audreena
50,Audrey
1,Audrianna
1,Audrilyn
7,Audrina
2,August
1,Augusta
1,Aujonta
1,Auli
1,Auna-Lee
1,Aundrea
1,Aura
1,Aureilya
10,Aurelia
1,Auri
42,Aurora
1,Aurorah
1,Aurora-Lee
1,Auryla
2,Austin
1,Austynn
55,Autumn
1,Autumn-Jo
1,Autumn-Marie
223,Ava
1,Avaeh
2,Avagail
4,Avah
1,Avahlynn
1,Avaih
2,Avaiya
1,Avalean
1,Avalee
1,Ava-Lee
1,Avaline
5,Avalon
3,Avalyn
1,Avalynn
1,Ava-Marie 
1,Avan
3,Avani
1,Avan-Lee
1,Avantika
1,Ava-Rae
3,Avarie
1,Ava-Rose
2,Avary
2,Avaya
1,Avayah
1,Ave
1,Avea
1,Aveah
1,Aveha
1,Avelaine
1,Aveline
1,Avelyn
1,Avelynn
3,Aven
1,Avera
1,Averee
2,Averi
1,Averianna
13,Averie
1,Averlee
140,Avery
1,Aveya
5,Avia
1,Aviah
6,Aviana
1,Avianah
3,Avianna
1,Aviena
1,Avienah
1,Aviendha
1,Avihe
1,Avila
1,Avishka
2,Aviva
1,Aviya
1,Aviyana
1,Avlynn
9,Avneet
1,Avnoor
1,Avonica
1,Avrani
1,Avreet
1,Avrie
1,Avrielle
4,Avril
1,Avry
1,Avryl
1,Avryn
1,Avva
1,Avy
1,Avyn
1,Awein
1,Awelee
1,Awien
1,Awra
1,Axaya
1,Axelia
2,Axelle
1,Axtynn
16,Aya
9,Ayah
1,Ayahna
1,Ayak
1,Ayaka
1,Ayame
1,Ayan
4,Ayana
1,Ayané
3,Ayanna
1,Ayanna-Lynn
1,Ayantu
1,Ayasha
6,Ayat
1,Ayathi
3,Ayda
3,Ayden
1,Aydria
1,Ayesh
9,Ayesha
1,Ayisha
1,Ayishah
38,Ayla
1,Aylah
1,Ayleah
1,Aylin
1,Ayllar
1,Ayomide
1,Ayotomiwa
2,Ayra
1,Ayrabelle
1,Ayranna
2,Ayrianna
2,Ayse 
1,Aysenaz
1,Aysha
2,Aysia
1,Aysie
1,Ayushma
5,Ayva
2,Ayvah
1,Ayva-Lynn
1,Ayvri
1,Ayzah
1,Azailea
1,Azalaia
1,Azalea
1,Azaleah
1,Azalee
2,Azalia
1,Azaliah
1,Azalya
1,Azara
1,Azaria
3,Azariah
1,Azarie
1,Azariyah
1,Azayah
1,Azayla
1,Azeen
1,Azhbree
1,Azile
1,Azize
1,Azlynn
1,Azra
1,Azrielle
1,Azul
1,Azziel
3,Baani
1,Bableen
1,Badr
1,Baela
1,Baileigh
31,Bailey
1,Bailie
1,Bailynn
1,Bakhtbibi
1,Balroop
1,Bamlak
1,Bana
1,Banha
1,Bani
1,Banjot 
1,Bao
2,Barbara
1,Barirah
1,Baseera
1,Basmah
1,Bassma
2,Batool
1,Batul
2,Baya
2,Bayan
1,Bayann
5,Baylee
1,Bayleigh
1,Bayna
1,Bayyinah
1,Bayze
4,Beatrice
1,Beatrix
1,Beau
1,Beautiful
1,Bebeollam
2,Becky
1,Beighley
1,Beimnet
1,Beirut
1,Belanna
1,Belen
1,Belén
1,Belinda
1,Belinda-Rose
42,Bella
2,Belladonna
1,Bellah
1,Bella-May
1,Bellamie
1,Bellarose
3,Belle
1,Bensyn
1,Bentlee
1,Bentleigh
15,Bentley
1,Bergen
1,Berkana
2,Berkeley
4,Berkley
3,Berlin
4,Berlyn
3,Bernice
1,Berra-Betül
1,Berriwan
1,Bersayiss
1,Bersius
1,Beryl
1,Besma
1,Betanya
2,Betel
2,Beth
16,Bethany
1,Bethel
1,Bethenny
1,Betiel
1,Betnayel
3,Betty
1,Betul
1,Bevan
1,Bezawit
2,Bhavjot
1,Bhavneet
12,Bianca
2,Bianka
1,Birneet
1,Bismah
3,Bitania
1,Blaike
4,Blair
5,Blaire
14,Blake
1,Blakelee
1,Blakeley
9,Blakely
1,Blakelyn
2,Blakley
5,Blayke
1,Blayke-Lee
1,Blayne
1,Blen
1,Blerina
1,Blessa
1,Blessie
3,Blessing
1,Bliss
1,Bloom
3,Blythe
1,Bobbi-Jo
1,Bobbi-Lynn
1,Bobby
1,Bohdi
1,Bohème 
1,Bon
2,Bonnie
1,Brachel
1,Braelie
1,Braell
9,Braelyn
6,Braelynn
2,Braidy
1,Braillie
1,Branavee
1,Branaya
2,Brandi
1,Brandii
2,Brannagh
1,Braxtynn
1,Braydee
5,Braylee
1,Braylin
1,Bre
4,Brea
1,Brea-ann
1,Breagh
1,Brealyn
1,Breann
18,Breanna
5,Breanne
1,Breck
1,Breckyn
5,Bree
1,Breeace
1,BreeAnna
2,Breeley
1,Breelyn
1,Brekkyn
1,Brenley
2,Brenna
1,Brennan
1,Brenyn
1,Breton
1,Brett
2,Breya
10,Bria
1,Briana
1,Brianca
41,Brianna
4,Brianne
7,Briar
1,Briauna
5,Bridget 
4,Bridgette
2,Brie
1,Brieah
7,Briella
62,Brielle
2,Brielyn
1,Brielynn
2,Brienna
1,Brienne
3,Brier
1,Brigid
1,Brigitte
1,Briley
1,Brinelle
1,Brinlee
1,Brinleigh
19,Brinley
1,Brinlyn
2,Brinnley
1,Brisa
1,Briseis
1,Bristelle
5,Bristol
1,Britain
1,Britany
2,Britney
1,Britt
3,Britta
3,Brittany
1,Brittany-Ann
1,Britten
1,Brittica
1,Brittin
1,Brittna-Leah
2,Brittney
1,Brittney-Ann
2,Britton
1,Brittyn
1,Brityn
1,Brodie
2,Bronte
8,Bronwyn
3,Brook
49,Brooke
4,Brookelyn
1,Brookelynn
1,Brooklen
1,Brooklin
134,Brooklyn
1,Brooklyne
30,Brooklynn
2,BrookLynn
5,Brooklynne
1,Brooklyn-Rae
1,Broolynn
1,Bryah
1,Bryana
2,Bryanna
1,Bryar
2,Bryce
1,Brycynn
1,Bryhn
4,Brylee
1,Bryleigh
12,Bryn
1,Bryna
8,Brynlee
2,Brynleigh
5,Brynley
45,Brynn
3,Brynna
1,Brynnan
2,Brynne
2,Brynnlee
1,Buneet
1,Burlynn
3,Bushra
1,Cabri
1,Cacie
1,Cadee
1,Caden
19,Cadence
1,Cadi
1,Cadrie
1,Caeli
3,Caelyn
1,Cahlia
1,Cahllie
1,Cai
1,Caiah
1,Caidence
1,Caidyn
3,Caileigh
1,Caileigh-Rae
2,Cailey
1,Cailin
1,Cailley
3,Cailyn 
1,Cailynn
2,Caira
1,Cait
8,Caitlin
11,Caitlyn
1,Caitlynn
1,Caity
1,Caleesha
2,Caleigh
1,Caleina
1,Caley
22,Cali
1,Calia
1,Caliana
1,Calina
5,Calista
9,Calla
1,Callee-Rae
2,Calleigh
1,Calli
1,Callia
1,Callidora
38,Callie
2,Calliope
2,Callista
1,Calliste
1,Calysta
1,Camara
1,Camas
1,Cambrea
1,Cambree
1,Cambrey
2,Cambria
2,Camden
2,Camdyn
2,Camellia
5,Cameron
11,Camila
4,Camilla
15,Camille
15,Camryn
3,Candace
2,Candice
1,Candy-Anne
1,Caoimee
1,Caoimhe
4,Capri
1,Capriana
3,Caprice 
10,Cara
1,C'arah
1,Carah-Breanne
1,Caralee
1,Cara-Lynn
1,Caramia
1,Carea
1,Carey
1,Cari
1,Cariannah
2,Carina
2,Caris
2,Carissa
4,Carla
1,Carlee
3,Carleigh
1,Carlene
1,Carley
3,Carlie
1,Carliegh-Anne
7,Carly
2,Carlyn
2,Carmela
1,Carmelina
13,Carmen
1,Carmendy
4,Carolina
9,Caroline
1,Carolinh
3,Carolyn
1,Carolynne
1,Carrera
6,Carrie
1,Carrina
1,Carsyn
3,Carter
1,Carvelle
1,Cary
13,Carys
2,Casandra
13,Casey
1,Cashlyn
29,Cassandra
1,Cassey
2,Cassi
1,Cassianna
23,Cassidy
7,Cassie
1,Cassieleigh
1,Castiel
1,Castiella
1,Catalaia
1,Catalea
1,Cataleia
4,Cataleya
2,Catalina
1,Catelyn
26,Catherine
1,Catheryn
1,Cathleen
1,Cathryn
2,Cathy
1,Catrice
1,Cattleya
1,Caveya
1,Caybrie
1,Caydance
5,Caydence
1,Caydince
1,Cayla
3,Caylee
2,Cayleigh
1,Cayley
1,Caylie
1,Caymbrie
1,Cayslie
1,Ceanna
1,Ceceilia
7,Cecilia
1,Cecylia
1,Cedar
1,Cedyr
1,Ceili
1,Ceilidh
1,Cela
1,Celena
1,Celene
1,Celest
9,Celeste
1,Céleste
3,Celestine
3,Celia
1,Celijah
3,Celina
7,Celine
1,Cennet
1,Cereniti
1,Cesaly 
1,Chacelyn
1,Chaeeun
1,Chahd
1,Chainin
1,Challana
1,Chandndeep
4,Chanel
2,Chanelle
1,Chanie
3,Channing
3,Chantal
2,Chantel
1,Chantrea
1,Charis
1,Charisma
2,Charissa
1,Charisse
4,Charity
1,Charlea
10,Charlee
6,Charleigh
2,Charlene
1,Charlette
6,Charley
4,Charli
1,Charlianne
40,Charlie
1,Charlie-Rose
11,Charlize
120,Charlotte
1,Charlsey
2,Charly
1,Chasity
1,Chassi
1,Chassity
1,Chayce
1,Chayla
1,Chayse
1,Checotah
16,Chelsea
1,Chelsea-Belle
3,Chelsey
1,Chelsie-Joanna
2,Chelsy
1,Chentel
1,Chenxi
1,Chenyi
1,Cherene-Brielle
1,Cherie 
1,Cherise
1,Cherish
1,Cherlaya
1,Cheryl
1,Cheska
4,Chesney
1,Chevaunne
3,Chevelle
1,Chevy
1,Cheyah
1,Cheyanna
4,Cheyanne
7,Cheyenne
1,Cheyla
1,Chiamaka
1,Chiamara
1,Chiangoch
2,Chiara
1,Chidera
1,Chielang
1,Chikamara
1,Chimenum
1,Chinenye
1,Chinomso
1,Chiquita
1,Chisom
157,Chloe
5,Chloé
1,Chloë
1,Chlöe
2,Chloee
1,Chloee-Ann
1,Chloeia
1,Chloe-Mae
1,Chloey
1,Chlonie
1,Chorus
1,Chrea
1,Chriselle
1,Chrisjane
1,Chrisoula
1,Chrissy
1,Christa
2,Christabel
1,Christabelle
2,Christelle
1,Christen
1,Christena
1,Christiana
1,Christianne
1,Christie
18,Christina
14,Christine
1,Christy
1,Christyl
1,Chrizalyn
1,Chrysoula
1,Chrystal
1,Chrystina
1,Chu
1,Cialee
2,Ciana
1,Ciandra
3,Cianna
12,Ciara
1,Cicely
1,Cielo
1,Cienna
1,Ciera
2,Cierra
4,Cindy
1,Cinrie
1,Cinzia
1,Cirene
2,Clair
5,Claira
105,Claire
1,Claireese
1,Claishia
48,Clara
1,Clarabelle
1,Clara-Joy
1,Clara-Rose
5,Clare
4,Clarissa
1,Clarity
1,Claryssa
6,Claudia
1,Claya
1,Cleary
1,Clementine
1,Clémentine
4,Cleo
1,Cleopatra
1,Clerin
1,Clio
1,Cloé
4,Clover 
1,Clyzza
1,Cohen
5,Colbie
2,Colby
2,Coleen
1,Colen
2,Colette
1,Colleen
1,Collette
5,Collins
1,Comfort
1,Condoleezza
3,Connie
1,Connor
4,Constance
15,Cora
3,Coral
1,Coralie
2,Coraline
1,Coralynn
1,Cora-Lynn
1,Corbyn
1,Corbynn
7,Cordelia
1,Cordilia
3,Corina
2,Corinne
1,Corrina
1,Cortana
1,Cosette
1,Coullette
8,Courtney
1,Cree
1,Creeah
2,Creelynn
2,Crimson
1,Crishna
1,Cristabelle
1,Cristino
4,Crystal
1,Cucana
1,Curran
1,Cyanna
1,Cydney
1,Cyleigh
1,Cylie
1,Cynder
1,Cynique
8,Cynthia 
1,Czarina
1,Daania
1,Dacey
1,Daecia
1,Daelyn
3,Daelynn
2,Daenerys
1,Dagmawit
1,Dagny
9,Dahlia
1,Dahlyn
1,Dahraan
1,Daija
1,Daila
1,Dailyn
1,Dairrah
1,Daisey
5,Daisy
2,Dakoda
12,Dakota
1,Dakotah
1,Dalany
1,Dale
1,Daleela
3,Dalia
1,Daliah
1,Dalila
3,Dalilah
2,Daliyah
2,Dallas
1,Dallen
2,Dallyn
1,Dalya
1,Damifola
10,Dana
1,Dana-Anne
9,Danae
1,Danai
1,Dancing-Sunflower
1,Daneille
1,Daneya
2,Dani
32,Danica
6,Daniela
8,Daniella
30,Danielle
1,Danielle-Lee
1,Daniellia
1,Danii
23,Danika
1,Danika-Lynn
2,Danilyn
1,Dani-Lynn
3,Danna
1,Dannae
1,Dannalee
1,Dannetta
3,Danni
1,Dannika
1,Dannilynn
1,Danycka
1,Danyka
1,Danylynn
7,Daphne
1,Daphnée
3,Darby
1,Darci
1,Darcilee
3,Darcy
1,D'Arcy
1,Dareen
1,Daria
1,Darian
1,Darianna
1,Darianne
1,Darienne
1,Dariya
2,Darla
2,Darlene
1,Darling
1,Darlynn
1,Darrien
1,Darya
1,Daryl-Lynn
1,Dasani
2,Dasha
1,Dasia
1,Dasom
1,Dausha
1,Davae
1,Davan
2,Davey
1,Davi
1,Davie
1,Daviella
2,Davina
1,Daviney
1,Davita 
3,Dawn
4,Daya
1,Dayanira
1,Daye
2,Dayja
1,Dayla
1,Daylin
1,Daylyn
3,Dayna
1,Daynayia
1,Dayne
1,Dazie
1,Dazzlyn
1,Dazz-lyn
1,Deah
4,Deanna
1,DeAnne
1,Debbie
6,Deborah
1,Debra
1,Dédé-Alessandra
1,Deeandra
1,Deema
1,Deena
1,Deepinder
1,Deesha
1,Deeya
2,Defne
1,Deja
1,Dejin
1,Deklan
1,Delainy
7,Delaney
2,Delanie
4,Delia
1,Delila
16,Delilah
2,Delina
3,Della
1,Dellyn
1,Delphina
1,Delphine
1,Delta
1,Delwood
2,Delylah
1,Demetra
1,Demi
1,Demika
1,DeMya 
2,Dena
1,Denae
1,Denal
1,Denessa
1,Denicci
1,Denika
1,Denisa
4,Denise
1,Denna
1,Dennize
1,Denuli
2,Denver
1,Dephanie
1,Dericka
1,Desalynne
1,Desarae
1,Deseray
1,Desidèria
1,Desiray
4,Desiree
1,Desirée
1,Deslyn
2,Destinee
14,Destiny
1,Destry
1,Destyn
1,Deva
1,Devalyn
1,Devan
1,Devananda
2,Devani
1,Devaya
1,Deveda
2,Devika
1,Devine
1,Deviny
2,Devon
1,Devri
9,Devyn
1,Deyala
1,Deyaundra
1,Dezarae
1,Dezire
1,Dezra
1,Dhanjot
1,Dhawrsan
1,Dhazey
1,Dhenize
6,Dia
1,Diamond
5,Diana
1,Diana-Rosa
4,Diane
1,Dianelle
1,Dianisis
2,Dianna
1,Dianne
1,Diara
1,Dibabe
1,Diella
1,Dijana
1,Dillon
1,Dilnoor
1,Dilsah
2,Dilynn
1,Dimme
2,Dina
1,Dinah
1,Dinang'a
1,Dionne
1,Dior
1,Disha
1,Dishita
1,Divangi
1,Divina
3,Divine
1,Divinity
6,Diya
1,Diyajeet
1,Djazia
1,Djeinaba
1,D'nary
1,Dolabomi
1,Domenica
1,Dominga
1,Dominica
3,Dominique
1,Donicia
1,Donnie-Lynn
1,Donya
1,Dora
1,Dorcas
1,Dorina
1,Doris
2,Dorothy
1,Dorthea
1,Draianna
1,Draika 
1,Dray
1,Drayah
1,Draylyn
2,Drea
7,Drew
1,Dreya
1,Dreyah
1,Drishti
1,Drydyn
3,Dua
2,Duaa
1,Dunia
1,Duniana
1,Dunja
2,Dunya
1,Dustee
14,Dylan
1,Dylann
1,Dyllan
1,Dyllon
1,Dylynn
1,Dzeva
1,Ea
1,Eana
1,Eanika
1,Eastin
3,Eastyn
1,Ebba
1,Eberle
2,Eberley
1,Ebony
1,Ebunoluwa
1,Echen
2,Echo
2,Ecko
1,Edain
1,Edda
1,Edelawit
37,Eden
1,Eden-Lilly
1,Eden-Lynn
1,Edidiong
3,Edie
1,Edith
1,Edria
1,Edugie
1,Edwina
1,Edyn
1,Effie 
1,Efua
1,Ehlana
1,Eidlynn
1,Eieyana
1,Eila
2,Eileen
1,Eilidh
1,Eilish
2,Eiliyah
1,Eiman
1,Einin
2,Eisha
1,Eistrchin
1,Ekam
1,Ekhlas
2,Eknoor
1,Ela
1,Elaena
1,Elah
3,Elaha
12,Elaina
1,Elaina-Mae
5,Elaine
1,Elaiza
1,Elandra
1,Elanore
4,Elayna
1,Elaynah
1,Elbe
1,Elda
5,Eldana
1,Eldin
2,Eleana
1,Eleandra
21,Eleanor
1,Eleen
1,Eleena
28,Elena
1,Eleni
1,Elenya
1,Elia
1,Eliah
18,Eliana
1,Eliana-Laurine
2,Elianna
2,Elida
1,Elie
1,Élie
1,Eliette
5,Elif
1,Elifsu
1,Eliina
1,Elijah
1,Elijanna
3,Elika
1,Elikomida
1,Elim
3,Elin
6,Elina
1,Elina-Otilia
1,Elinique
2,Elinor
4,Elisa
6,Elisabeth
1,Elisaveta
50,Elise
1,Élise
11,Elisha
1,Elishe
5,Elissa
2,Elisse
1,Elissia
1,Eliviah
1,Eliya
12,Eliza
1,Elizabella
88,Elizabeth
1,Elizabeth-Nina
1,Elizabetta
1,Elizah
1,Elizara
167,Ella
1,Ella-Beth
1,Ella-Dawn
1,Ellaina
1,Ellaine
1,Ella-Jade
1,Ella-Jane
1,Ella-Jean
1,Ellaka
1,Ellamae
1,Ella-Marie
1,Ella-Rae
1,Ellawyn
1,Ellayna
7,Elle
1,Elleigha
5,Ellen 
1,Ellen-John
6,Ellery
1,Ellexandria
1,Elli
3,Ellia
7,Elliana
1,Ellianna
44,Ellie
1,Ellieanna
1,Ellie-Anna
1,Ellie-Mae
1,Ellie-Rose
2,Elliette
1,Ellimay
5,Elliot
8,Elliott
2,Elliotte
4,Ellis
1,Ellise
1,Ellisha
1,Ellisyn
1,Ellivia
1,Ellodie
1,Elloise
1,Ellory
4,Elly
1,Ellyanah
1,Ellyauna
1,Ellyce
1,Ellynor
4,Elodie
1,Elody
1,Eloisa
12,Eloise
1,Eloïse
1,Elooghene
9,Elora
1,Elorie
1,Elorra
1,Elozino
1,Elri
7,Elsa
1,Elsbeth
1,Elsha
1,Elshaday
1,Elsia
6,Elsie
1,Elva
1,Elvira 
1,Elyanna
1,Elycea
1,Elyn
12,Elyse
1,Élyse
1,Elyssa
1,Elyzabella
1,Elyzia
1,Elza
3,Ema
5,Emaan
1,Emahlie
2,Emalee
1,Ema-Leigh
1,Emalie
1,Emaline
1,Emalynn
3,Eman
1,Emanda
1,Emanuela
1,Emaya
5,Ember
1,Emberli
1,Emberlie
2,Emberly
3,Emberlyn
2,Emberlynn
1,Embrielle
1,Emediong
5,Emelia
1,Emelie-Grace
1,Emeliene
1,Emelina
1,Emeline
1,Emely
2,Emelyn
1,Emer
3,Emerald
2,Emerie
2,Emersen
18,Emerson
13,Emersyn
1,Emersynn
28,Emery
1,Emery-Rose
2,Emi
6,Emilee
2,Emileigh
1,Emiley
21,Emilia
12,Emilie
2,Émilie
2,Emilija
1,Emilija-Paula
1,Emilina
2,Emilly
244,Emily
1,Emily-Dawn
1,Emily-Gaelle
1,Emily-Lynn
1,Emira
1,Emlyn
299,Emma
1,Emmah
1,Emma-Jo
1,Emma-Lea
2,Emmalee
2,Emma-Lee
2,Emmalene
1,Emmalina
2,Emmaline
1,Emma-Lou
1,Emma-Louise
1,Emmalyn
1,Emma-Lynn
1,Emmanuela
1,Emmanuella
2,Emmanuelle
1,Emmanulea
1,Emma-rae
1,Emmary
2,Emme
1,Emmel
1,Emmelina
4,Emmeline
6,Emmerson
1,Emmersyn
3,Emmie
1,Emmilea
1,Emmry
6,Emmy
1,Emnet
2,Emory
1,Emra
2,Emree
1,Emrie
1,Emrie-lyn
3,Emry 
2,Emsley
1,Emy
1,Ena
1,Enaya
1,Ene
1,Enerlen
1,Eni-Ibukunoluwa
1,Enioluwa
1,Enna
1,Enola
1,Enza
1,Eowyn
1,Éowyn
1,Ephrata
1,Erah
1,Eraj
1,Ercilia
15,Erica
1,Erich
16,Erika
1,Erilyn
17,Erin
3,Erina
1,Erla
1,Erleen
1,Erlinda
1,Eryane
1,Eryka
3,Eryn
1,Erynn
1,Eseose
1,Esha
2,Eshaal
6,Eshal
1,Eshiqa
1,Esir
4,Esme
1,Esmé
1,Esmée
1,Esmeralda
1,Esmerelda
1,Esperanza
1,Essraa
2,Esta
1,Estabraq
1,Estela
2,Estella
9,Estelle
13,Esther 
1,Estrella
1,Etana
1,Eternity
1,Etta
1,Eudora
1,Eugene
6,Eunice
1,Eunise
1,Euphemia
80,Eva
1,Evalena
1,Evaley
1,Evalina
1,Evallie
1,Eva-Marie
2,Evan
1,Evangaline
1,Evangeleen
3,Evangelina
19,Evangeline
1,Évangeline
1,Evania
1,Evann
1,Evanna
1,Evannia
1,Evannye
1,Eva-Sade
1,Evasia
11,Eve
1,Eveah
1,Eveleena
3,Evelina
1,Evely
47,Evelyn
1,Evelyne
1,Evelyn-Leigh
1,Evelyn-Lou
6,Evelynn
1,Evelyn-Rose
2,Evening
2,Ever
1,Evera
1,Everlee
14,Everleigh
5,Everley
1,Everlie
15,Everly
2,Evey
1,Evia
1,Evianna
7,Evie
1,Evie-Alice
1,Evlalia
2,Evolet
1,Evra
2,Evva
1,Evylyn
2,Evyn
1,Evyr
1,Eyaana
1,Eyla
1,Eyrael
1,Eyrah-Lee
1,Eyren
1,Ezra
1,Ezrah
1,Ezreal
1,Ezri
1,Ezriella
1,Faaliha
1,Fabiha
1,Fadia
1,Fadumo
1,Fae
1,Faedra
1,Faeza
1,Fahryn
1,Fai
1,Faina
1,Faisa
39,Faith
5,Fallon
1,Fallyn
1,Falyn
1,Fanta
1,Fantulu-Patricia
1,Faraday
5,Farah
1,Fardoza
1,Fareeda
1,Fareshta
1,Farha
1,Farhat
1,Farhiyo
2,Farida
14,Farrah
1,Farwa
1,Faryal 
2,Faryn
1,Farzeen
2,Fate
1,Fatema
1,Fathumo
21,Fatima
1,Fatimaalzahra
3,Fatimah
1,Fatimatu-Zahra
1,Fatime
1,Fatimh
1,Fatma
1,Fatma-Ahmed
1,Fatoumata
1,Fatoumo
1,Fatuma
1,Fawn
1,Fawzie
1,Fay
1,Fayden
5,Faye
1,Fayroza
1,Fayth
1,Feather
1,Fee
1,Felara
2,Felice
2,Felicia
1,Felicité
12,Felicity
1,Felina
1,Felipa
1,Felise
1,Felisha
1,Felizharose
1,Fen
1,Fenet
1,Fenya
1,Ferdows
1,Fermina
1,Fern
1,Fernanda
2,Ferrah
1,Ferrari
1,Ferrera
1,Fia
1,Fife
1,Fiker
2,Filsan 
1,Findlay
1,Finlay
1,Finlee
2,Finleigh
7,Finley
1,Finlie
1,Finn
5,Finnley
1,Finnliy
21,Fiona
1,Fionna
1,Fiorella
1,Firdouse
1,'Fiyinfoluwa
1,Fiyona
1,Fiza
1,Fizza
1,Flavie
4,Flora
2,Florence
1,Flower
1,Flynn
1,Folasade
1,Foster
7,Frances
7,Francesca
1,Franchesca
1,Francilia
3,Francine
1,Francis
1,Frankee
2,Frankie
1,Franzabella
1,Freedom
2,Freja
1,Fremah
1,Frensche
4,Freya
4,Freyja
1,Friane
1,Frieda
1,Fsahaye
1,Furia
2,Fynlee
1,Gaberial
1,Gabina
10,Gabriela
38,Gabriella
42,Gabrielle
1,Gabrielli
1,Gaea
1,Gagandeep
2,Gaia
1,Gail
1,Gajakharini
1,Galilea
1,Ganga
1,Gavrielle
1,Gayathri
1,Gayle
1,Gehna
1,Gela
1,Gema
1,Gemini
25,Gemma
1,Gemma-Dawn
1,Gena
1,Genasis
1,Genesis
2,Geneva
1,Geneva-Anne
9,Genevieve
2,Geneviève
1,Genevra
1,Genisha
1,Genivieve
1,George
41,Georgia
1,Georgia-Grace
1,Georgiana
2,Georgie
1,Georgina
1,Geovanna
1,Geraldine
1,Germaine
1,Germany
1,Gertrude
2,Getruda
1,Ghanima
2,Ghazal
1,Ghelila
1,Ghida
10,Gia
2,Giada
1,Giah
2,Giana
9,Gianna
1,Giavanna 
1,Giavonah
1,Gigi
1,Gillen
4,Gillian
4,Gina
1,Ginelle
4,Ginger
2,Ginny
1,Giorgia
1,Giorgina
2,Giovanna
1,Gisele
2,Giselle
1,Gitaz
1,Giulia
4,Giuliana
1,Gizelle
1,Glacier
1,Gladys
1,Glaizah
1,Glara
1,Glaudina
1,Gleanna
1,Glenda
1,Glenjoy
1,Glennea
7,Gloria
1,Glorianna
1,Glory
1,Gloryana
1,Gneet
1,Gopika
1,Gospel
132,Grace
7,Gracelyn
7,Gracelynn
1,Gracey
1,Graciana
32,Gracie
1,Gracie-Lynn
1,Gracilyn
1,Gracjana
1,Gracy
2,Gracyn
1,Graelynne
1,Grainne
1,Gralynn
1,Gray
2,Grayce 
1,Graycie
1,Graysen
2,Grayson
7,Greta
3,Gretchen
1,Gretel
1,Gretta
1,Greysin
1,Griffin
1,Guila
1,Guilianna
2,Guinevere
1,Gulandama
8,Guneet
1,Guneve
2,Gunreet
1,Guntaas
1,Guranchalpreet
1,Gurasis
1,Gurjeet
8,Gurleen
1,Gurman
1,Gurmanjot
4,Gurneet
1,Gurnimrat
5,Gurnoor
1,Gurnoordeep
1,Gurseerat
1,Gursehaj
1,Gursimar
2,Gwen
1,Gwendalyn
1,Gwendelyn
12,Gwendolyn
1,Gweneth
1,Gwenneth
6,Gwenyth
1,Gwyn
1,Gwyneira
5,Gwyneth
2,Gwynn
1,Haadiya
1,Habeedah
1,Habiba
1,Habibah-Aliyah
4,Hadassah
1,Hadassah-Afriyie
1,Hadaya
1,Haddie
1,Haddlie
1,Hadeel
2,Hadessah
2,Hadia
2,Hadiya
1,Hadja
5,Hadleigh
24,Hadley
1,Hadya
1,Haedyn
1,Haeleigh
8,Hafsa
1,Hafza
1,Hagar
1,Hai
2,Haiden
1,Haidez
1,Haidyn
6,Hailee
125,Hailey
1,Hailey-Jane
1,Hailey-Lynn
1,Hailey-Mae
2,Hailie
1,Hailiegh
1,Hailynn
1,Hainsley
1,Haiqa
1,Hajar
1,Hajara
1,Hajarah
1,Hajir
1,Hajrah
3,Hala
1,Halaina
1,Halat
1,Haleema
1,Haleemah
2,Haleigh
17,Haley
1,Halie
1,Haliegha
1,Halima
19,Halle
1,Halley
5,Hallie
3,Hally
2,Halo
1,Hamda 
1,Hamdi
1,Hamdiya
1,Hamida
1,Hamnah
2,Han
11,Hana
2,Hanaa
4,Hanah
2,Hanan
1,Hanat
5,Haneen
1,Hani
1,Hania
1,Haniah
3,Hanifa
2,Haniya
25,Hanna
135,Hannah
1,Hannah-Lilly
1,Hannah-Rose
1,Hannan
1,Hanounsan
1,Harbin
1,Hardiya
5,Hareem
1,Harena
1,Hargun
1,Harh
1,Harji
2,Harjot
1,Harkeerat
1,Harkirat
1,Harkomal
4,Harlee
9,Harleen
1,Harleigh
1,Harlem
1,Harlequin
6,Harley
1,Harlie-Rae
1,Harlin
1,Harlo
23,Harlow
2,Harlyn
1,Harlynn
1,Harmoni
1,Harmonie
10,Harmony
2,Harneet 
5,Harnoor
67,Harper
5,Harriet
1,Harris
1,Harroop
1,Harseerat
1,Harshdeep
1,Harsheen
1,Harshita
1,Harsimran
1,Harsimrat
1,Harsirat
2,Hartley
2,Harveen
1,Haseena
1,Haset
1,Hasiet
2,Hasrat
1,Hasset
2,Hatice
4,Hattie
8,Haven
1,Häven
1,Hawk
1,Hawwa
4,Haya
1,Hayaam
1,Hayaat
4,Hayat
1,Haydee
17,Hayden
1,Haydence
10,Haylee
1,Haylee-Jae
1,Haylei
1,Hayleigh
1,Haylen
22,Hayley
1,Hayley-Ann
1,Hayley-Anna
6,Haylie
1,Haymi
1,Hayrunnisa
2,Hayven
1,Hazal
34,Hazel
1,Hazeleine
1,Hazell
1,Hazley
6,Heather
1,Heavana
3,Heaven
2,Heavenly
3,Heba
1,Hedar
1,Hedia
1,Heebah
1,Heer
30,Heidi
1,Heidie
1,Heidrun
1,Heiley
1,Heizzl
1,Hela
1,Helaina
1,Helayna
1,Helaynah
2,Heldana
4,Helen
13,Helena
1,Helia
1,Hemen
1,Hend
1,Hendrena
1,Hendryx
2,Henna
1,Hennessy
1,Henni
1,Hera
1,Hermala
1,Hermela
1,Hermione
1,Hesna
1,Hevin-Lee
2,Hewan
1,Hewanna
1,Heyab
1,Heyabel
2,Hiba
2,Hibah
1,Hibba
1,Hibbah
1,Hibbatul
1,Hidee
1,Hieu
1,Hikma
3,Hilary
1,Hilda 
1,Hilery
2,Hillary
1,Hitjevi
3,Hiyab
1,Hiyabel
1,Hiyam
1,Hiyas
1,Hjordis
1,Hoang
3,Hoda
1,Hodan
2,Holley
1,Hollie
27,Holly
1,Holy-Grace
2,Honey
1,Honor
3,Hooria
1,Hooriya
16,Hope
1,Horrera
1,Houston
1,Htoi
6,Huda
2,Hudson
1,Hui
1,Hulan
1,Humreet
1,Hunarbir
1,Hunnie
5,Hunter
1,Hurube
1,Huxley
1,Hyab
1,Hybe
1,Ianna
1,Iba
1,Ibadah
1,Ibolya
1,Ibrar
1,Ibtisaam
1,Iceley
2,Ida
2,Idil
1,Ifeoluwa
2,Ifrah
1,Ihsan
1,Ikagar
1,Ikhlas 
8,Ila
1,Ilah
1,Ilaina
1,Ilamay
1,Ilaria
2,Ileana
1,Ilef
3,Ilham
1,Ilhana
1,Iliana
1,Ilianna
1,Ilinka
1,Iliyanna
1,Iliza
1,Illiana
1,Illianna
1,Illyanna
1,Ilona
2,Ilya
2,Imaan
4,Iman
1,Imandi
1,Imane
1,Imani
1,Immacula
2,Imogen
1,Imran
1,Imtaz
1,Ina
1,Inaara
4,Inaaya
3,Inara
1,Inas
3,Inaya
1,Inayah
1,Indi
2,India
1,Indiana
1,Indianna
1,Indica
1,Indica-Elizabeth
1,Indira
1,Indy
1,Ines
1,Inez
2,Ingrid
1,Inioluwa
1,Injila
2,Insiya
1,Intisar
2,Iola
1,Iona
1,Ipsa
3,Iqra
1,Ira
1,Ireayo
5,Ireland
2,Irelyn
2,Irelynn
1,Irene
1,Irfa
14,Iris
1,Irish
1,Irsa
1,Isa
25,Isabel
3,Isabell
167,Isabella
70,Isabelle
1,Isabelly
1,Isbah
1,Iseabail
1,Ish
2,Isha
1,Ishaal
2,Ishana
1,Ishika
1,Ishnoor
1,Ishrat
1,Ishvin
1,Ishwakh
1,Isidora
1,Isir
1,Isis
1,I'Sis
71,Isla
1,Islay
4,Isobel
1,Isobella
1,Isobelle
3,Isra
2,Israa
2,Issabella
1,Issabelle
4,Ivanna
1,Ivey
2,Ivie
1,Ivvy 
46,Ivy
1,Ivy-Lynn
1,Ivy-Rae
1,Iyanne
1,Iyeisha
4,Iyla
1,Izabel
1,Izabela
18,Izabella
6,Izabelle
1,Izadora
1,Izsabella
1,Izzabella-Cary
1,Jaada
1,Jaavan
1,Jacee
1,Jacelyn
5,Jacey
1,Jaci
2,Jacie
1,Jacinthe
1,Jacklyn
1,Jacklynn
3,Jaclyn
1,Jaclynn
1,Jacquelin
7,Jacqueline
1,Jacquie
1,Jacs
1,Jacy
16,Jada
1,Jada-Lashay
42,Jade
2,Jaden
1,Jadis
1,J'adore
1,Jadyn
1,Jae
1,Jaeana
2,Jaeda
1,Jaedyn
1,Jaeger
1,Jaela
1,Jaeleen
1,Jaell
1,Jaelle
8,Jaelyn
5,Jaelynn
1,Jaesa 
1,Jaezah
1,Jahan
1,Jahlisa
1,Jahnay
1,Jahziana
6,Jaida
1,Jaidah
3,Jaiden
3,Jaidyn
1,Jaielle
2,Jailyn
1,Jailynne
1,Jaime
1,Jaimee
1,Jaimi
1,Jaira
1,Jaizelle
1,Jalayah
1,Jalayla
1,Jalayna
1,Jaleeyah
1,Jalina
1,Jalisa
1,Jaliya
1,Jaliyah
2,Jalyn
12,Jamie
1,Jamielle
3,Jamila
1,Jamison
5,Jana
1,Janaia
1,Janara
6,Janaya
1,Janaye
16,Jane
1,Janeanne
1,Janeen
1,Janeeva
1,Janel
14,Janelle
1,Janena
7,Janessa
2,Janet
1,Janey
2,Janica
1,Janice
1,Janielle
1,Janika
2,Janine
1,Janis
1,Janiyah
1,Jann
1,Jannah
1,Jannarose
5,Jannat
1,Jannelle
1,Jannessa
1,Jannetta
1,Jansi
1,January
1,Janum
2,Janvi
3,Japji
1,Japjot
1,Japleen
1,Japmann
1,Japna
1,Japnaam
3,Japneet
1,Jappreet
1,Japseerat
1,Japsirat
1,Jaqueline
1,Jarah
1,Jasa
1,Jasie
8,Jasleen
1,Jaslin
1,Jaslyna
1,Jaslynn
1,Jasmeet
5,Jasmin
2,Jasmina
34,Jasmine
2,Jasmyn
2,Jasneet
6,Jasnoor
2,Jasper
1,Jaspreet
1,Jasreet
1,Jaxen
4,Jaya
1,Jayana
1,Jayc
4,Jaycee
16,Jayda
2,Jaydah 
5,Jayde
15,Jayden
1,Jaydi
1,Jaye
1,Jayka
8,Jayla
1,Jayla-Ray
3,Jaylene
1,Jayli
3,Jaylin
1,Jaylinn
2,Jaylyn
6,Jaylynn
1,Jayme
1,Jaymslee
4,Jayna
1,Jayne-Anaïs
1,Jaziba
4,Jazlyn
3,Jazmin
4,Jazmyn
1,Jazxeleigh
2,Jazzlyn
1,Jazzmine
1,Jealyn
1,Jean
1,Jeanna
1,Jeannie
1,Jeeva
1,Jeevyn
1,Jehnoor
1,Jelaila
1,Jelaiza
1,Jelavi
1,Jelina
1,Jelissa
1,Jelyna
1,Jema
1,Jemah
1,Jemaria
1,Jemel
3,Jemima
2,Jemimah
2,Jemma
1,Jemmy
1,Jemyelle
2,Jena
1,Jenae
1,Jenah 
1,Jenaka
5,Jenaya
1,Jeneen
2,Jenelle
1,Jenesis
2,Jenessa
1,Jeneva
1,Jenia
1,Jeniah
1,Jenifer
1,Jenika
1,Jenin
1,Jenisa
35,Jenna
1,Jennah
2,Jennaya
1,Jennessa
3,Jennie
14,Jennifer
1,Jennine
10,Jenny
1,Jennyfer
1,Jensyn
1,Jerica
1,Jericho
1,Jerrene
1,Jerrica
1,Jerricah
1,Jerryn
6,Jersey
1,Jersi
1,Jersie
1,Jeryka
1,Jerzie
1,Jerzy
1,Jesal
1,Jesca
1,Jeslyn
7,Jessa
1,Jessalynn
1,Jessamyn
1,Jesse
1,Jessey
1,Jessi
53,Jessica
17,Jessie
1,Jesslyn
1,Jessvin
1,Jessye
1,Jettah
1,Jevanjot
5,Jewel
1,Jewell
1,Jewels
1,Jezabelle
1,Jezelle
1,Jhanna
1,Jhanvi
1,Jhasmane
1,Jhené
1,Jhoanalyn
1,Jhoresa
1,Jhovya
1,Jia
1,Jianing
1,Jiaqi
1,Jiayi
1,Jibani
1,Jill
23,Jillian
1,Jilliana
1,Jillianne
1,Jilly
1,Jina
1,Jinan
1,Jind
1,Jinhee
1,Jireh
1,Jisla
1,Jivan
2,Jiya
1,Jnaeah
1,Joan
1,Joana
2,Joanie
1,Joann
10,Joanna
3,Joanne
1,Jocelin
18,Jocelyn
1,Jocelyne
3,Jocelynn
2,Jodi
1,Jodilynn
1,Jody
1,Joelee
1,Joelie
1,Joella 
11,Joelle
2,Joey
7,Johanna
1,Johannah
1,Jolee
1,Joleigh
5,Jolene
1,Jolenny
5,Jolie
1,Jolliane
1,Jolliette
1,Jolyanne
1,Jolyssa
1,Jonah
1,Jonas
1,Jonelyn
3,Joni
2,Jonie
1,Jonika
1,Jonisha
1,Jonyia
1,Joon
1,Jora
17,Jordan
1,Jordana
3,Jordanna
1,Jordin
1,Jordis
1,Jordon
52,Jordyn
9,Jordynn
1,Jordys
1,Jorgia
18,Jorja
1,Jorjia
1,Josalyn
1,Joselin
20,Josephine
16,Josie
1,Josie-Ann
1,Josie-Jane
1,Joslin
2,Josslin
1,Josslyn
1,Jotnoor
1,Jourdan
1,Journee
9,Journey
1,Journi 
1,Jovee
1,Jovi
1,Jovia
2,Jovie
8,Joy
6,Joyce
1,Joyce-Gabi
1,Joyel
1,Joy-Jean
1,Joyotri
1,Jozalyn
1,Joze
1,Jubilee
1,Judah
2,Jude
1,Juden
6,Judith
13,Judy
2,Jule
1,Julene
4,Jules
77,Julia
17,Juliana
21,Julianna
8,Julianne
13,Julie
14,Juliet
2,Julieta
1,Julietta
13,Juliette
1,Juliette-Rose
2,Julissa
1,Julliette
1,Julya-May
1,Jumaana
1,Jumana
9,June
1,Juneau
8,Juniper
4,Juno
1,Jura-Wynn
1,Juru
1,Jury
1,Jussimar
5,Justice
6,Justina
7,Justine
1,Justyna
1,Juwairiyah
2,Juwayriyah
1,Jwanna
1,Kaasha
1,Kaavya
1,Kabaye
1,Kabrina
1,Kacela
7,Kacey
4,Kaci
3,Kacie
1,Kadee
7,Kadence
1,Kadiatu
2,Kadie
3,Kady
2,Kaede
1,Kaedence
2,Kaela
1,Kaeleigh
1,Kaeley
2,Kaelie
2,Kaelin
8,Kaelyn
3,Kaelynn
1,Kaethrey
1,Kaeya
1,Kafia
2,Kahlan
1,Kai
15,Kaia
1,Kaiah
2,Kaiana
1,Kaiava
1,Kaicee
6,Kaida
2,Kaidence
1,Kaidence-Mai
2,Kaidyn
1,Kaidynce
1,Kaila
1,Kailani
7,Kailee
1,Kaileigh
8,Kailey
3,Kailyn
3,Kailynn
1,Kailyx
1,Kainaat
1,Kaiona 
1,Kaira
1,Kairen
1,Kairi
1,Kaislee
2,Kaisley
1,Kaitlan
1,Kaitlen
6,Kaitlin
41,Kaitlyn
2,Kaitlynn
1,Kaityn
1,Kaixin
15,Kaiya
1,Kaiyene
1,Kakisa
1,Kalaya
6,Kalea
1,Kaleah
1,Kalee
1,Kaleea
1,Kaleeah
1,Kale-Elizabeth
1,Kaleema
2,Kaleena
1,Kaleesi
4,Kaleigh
5,Kaley
13,Kali
4,Kalia
1,Kaliana
1,Kalie
1,Kalifornia
1,Kalila
3,Kalina
1,Kali-Rose
2,Kalissa
7,Kaliyah
2,Kalleigh
1,Kalley
3,Kalli
5,Kallie
1,Kalliope
2,Kallista
1,Kalthouma
1,Kalylah
1,Kalypso
1,Kalyse
1,Kalyssa
1,Kalysta 
1,Kambria
1,Kamdyn
1,Kaméa
1,Kamelia
1,Kami
3,Kamila
1,Kamilla
2,Kamry
11,Kamryn
1,Kanak
1,Kanayza
1,Kane
1,Kantrell
1,Kaori
3,Kapri
1,Kaprice
18,Kara
1,Karalee
1,Karalyn
1,Karampal
2,Kareena
1,Kareina
5,Karen
1,Karena
1,Kari
1,Kariann
1,Karida
1,Karie
1,Karigan
3,Karin
3,Karina
2,Karine
3,Karis
1,Karisa
1,Karise
6,Karissa
2,Karla
4,Karlee
2,Karleigh
2,Karlene
4,Karley
3,Karli
1,Karlie
1,Karlina
1,Karlita
3,Karly
1,Karlyn
1,Karlynn
4,Karma
1,Karman
1,Karmanjot
1,Karmelina
1,Karmen
2,Karmin
1,Karmvir
1,Karmyn
1,Karolina
1,Karrie
1,Karrison
3,Karsyn
1,Karylle
1,Karys
7,Kasey
1,Kasha
1,Kashlin
1,Kashlyn
1,Kashlynn
1,Kashton
3,Kashvi
1,Kasia
1,Kasija
1,Kasiya
7,Kassandra
1,Kassiah
11,Kassidy
1,Kasslynde
1,Kat
1,Katalaya
1,Katalena
1,Kataleya
2,Katalina
1,Katamyndra
1,Katana
1,Katara
6,Katarina
52,Kate
1,Kateala
1,Katelin
36,Katelyn
9,Katelynn
1,KateLynn
2,Katelynne
1,Katen
1,Katence
3,Katerina
1,Katey
2,Katharina
3,Katharine 
1,Katherinah
48,Katherine
1,Kathia
5,Kathleen
1,Kathleena
1,Kathlyn
2,Kathrine
11,Kathryn
3,Kathy
2,Katia
2,Katica
31,Katie
1,Katie-Mae
1,Katiera
1,Katina
1,Katiyana
1,Katlyne
14,Katrina
1,Katryna
1,Kattelon
1,Katurah
2,Katy
3,Katya
2,Kauthar
1,Kavaleen
1,Kavaya
1,Kavetjimo
1,Kavita
1,Kavya
1,Kawtar
1,Kawthar
4,Kaya
1,Kayah
1,Kayanat
1,Kayanna
1,Kaybree
2,Kaycee
1,Kayci
1,Kaycie
3,Kayda
1,Kaydance
2,Kayde
4,Kayden
14,Kaydence
1,Kayjah
40,Kayla
2,Kaylah
1,Kayla-Keira-Agnes
4,Kaylan 
1,Kayleah
59,Kaylee
1,Kayleen
13,Kayleigh
2,Kaylen
1,Kaylena
5,Kayley
1,Kayli
1,Kaylianna
13,Kaylie
4,Kaylin
1,Kayliuas
1,Kayloni
3,Kaylyn
3,Kaylynn
1,Kaysha
1,Kaytlin
1,Kazia
1,Kaziah
1,Keagan
1,Keala
1,Kealy
2,Keanna
1,Keanne
2,Keara
1,KéAsia
1,Keating
1,Kedy
1,Keeganne
1,Keela
5,Keeley
1,Keelin
8,Keely
3,Keelyn
1,Keera
3,Keerat
1,Keerit
1,Keeva
1,Keiandra
1,Keiara
1,Keightyn
2,Keiko
2,Keila
1,Keilah
1,Keily
43,Keira
2,Keiran
1,Keiranjit
1,Keirra
2,Keirsten
1,Keiryn
7,Keisha
1,Keita
1,Keke
1,Kelilah
1,Kellise
5,Kelly
1,Kellyn
4,Kelsey
1,Kelsi
2,Kelsie
2,Keltie
2,Kelty
1,Keltye
1,Kelyse
1,Kemery
1,Kemi
1,Kenadie
4,Kendal
18,Kendall
2,Kendel
1,Kendelle
1,Kendolle
17,Kendra
1,Kendrah
4,Kendyl
1,Kendyll
1,Kenesha
1,Keni
2,Kenidee
1,Keniyah
2,Kenlee
4,Kenley
6,Kenna
1,K'enna
1,Kennadee
2,Kennadi
1,Kennedi
36,Kennedy
1,Kenni
1,Kennidee
1,Kennzie
1,Kensa
4,Kensi
3,Kensie
4,Kensington
1,Kensleigh
3,Kenza 
1,Kenzey
4,Kenzi
46,Kenzie
1,Kenzi-Lynn
1,Kenzley
2,Kenzlie
1,Keona
1,Keonii
1,Kera
1,Kerrah-Ann
1,Kerrigan
1,Kerstin
1,Kesarae
2,Kesha
1,Keshia
1,Kessaylea
1,Kessiah
1,Keta
1,Kevani
1,Kevannah
1,Kevia
1,Kevra
1,Keyana
1,Keyani
4,Keyanna
1,Keylie
1,Keymet
1,Keyra
1,Keysha
1,Kezia
5,Keziah
1,Khadidiatou
1,Khadie-Lynn
1,Khadija
2,Khadijah
3,Khaleesi
1,Khalen
1,Khalila
1,Khaliya
1,Khaly
1,Khangach
1,Khansa
1,Khari
1,Kharnela
1,KhayLa
1,Kherian
1,Kherington
1,Kheya
1,Khiahna 
1,Khiarra
1,Khiri
45,Khloe
1,Khloë
1,Khloie
1,Khlood
1,Khola
1,Khot
1,Khushbakht
3,Khushi
1,Khushnaz
1,Khushneek
1,Khylle
1,Khyrin
2,Kiah
1,Kiahna
1,Kiahonna
11,Kiana
8,Kianna
1,Kianne
20,Kiara
1,Kiara-Anne
1,Kiarah
1,Kiaralyn
1,Kiares
1,Kiarra
2,Kiaya
1,Kieara-Lynn
1,Kiely
1,Kienah
18,Kiera
1,Kiera-Mei
1,Kieran
1,Kierann
3,Kierra
1,Kiersten
1,Kieryn
1,Kiesha
1,Kiiva
1,Kila
2,Kiley
2,Kilynn
1,Kim
1,Kimaya
1,Kimber
1,Kimberley
12,Kimberly
2,Kimora
1,Kinara
1,Kindah
3,Kingsley
2,Kinlee
26,Kinley
1,Kinnley
3,Kinsey
1,Kinslee
16,Kinsley
1,Kinslynn
1,Kinuko
1,Kinzee
2,Kinzie
1,Kinzleigh
2,Kinzley
17,Kira
2,Kiran
1,Kirat
1,Kiree
1,Kiret
1,Kirit
1,Kirpa
1,Kirpaljeet
4,Kirsten
1,Kirstie
1,Kirstyn
1,Kirti
1,Kirzten
2,Kismat
1,Kit
1,Kithana
1,Kitryna
1,Kiven
1,Kixen
2,Kiya
1,Kiyana
1,Kiyomi
1,Klaira
5,Klara
1,Kleah
1,Kloe
3,Kloee
1,Kloey
1,Kluane
1,Koda
1,Kodi
1,Kodie
1,Kodi-Lynn
1,Kody
1,Kohen 
1,Kohyn
1,Kokoro
2,Kolbi
1,Kolbie
1,Kolby
1,Komal
1,Koohna
1,Kooper
3,Kora
1,Koral
1,Korby
1,Korbyn
1,Korey
1,Kori
2,Korie
1,Korissa
1,Korrah
1,Kory
1,Kossar
3,Kourtney
1,Kowser
1,Kowssar
1,Koy
2,Koya
1,Kreedance
1,Kree-Tasia
1,Kreizha
1,Kriesha
1,Krisha
1,Krissa
5,Krista
1,Kristabelle
1,Kristalle
6,Kristen
3,Kristin
5,Kristina
2,Kristine
4,Kristy
1,Kristyanne
1,Kristyn
2,Kriya
1,Krizsha
1,Krstana
1,Krystal
1,Krystina
2,Krystyna
1,Kryztny
1,Ksanet
1,Ksenia 
1,Kudrat
1,Kuichiang
1,Kura
1,Kurbaan
1,Kwemi
1,Kwyncee
3,Kya
1,Kyah
1,Kyaira
1,Kyana-Wilou
2,Kyanna
2,Kyara
1,Kyile-Raye
17,Kyla
4,Kylah
1,Kyleah
11,Kylee
6,Kyleigh
1,Kyler
37,Kylie
1,Kyliee
1,Kylin
1,Kylina
1,Kylynn
1,Kynaraeka
1,Kyndle
4,Kynlee
1,Kynley
1,Kynnlee
1,Kynzie
1,Kyonna
10,Kyra
1,Kyrah
1,Kyra-may
1,Kyree
2,Kyrie
1,Kyrstyn
1,Kytana
1,Kywrin
1,Lacee
16,Lacey
1,Lachlyn
4,Laci
2,Lacie
1,Lacinta
1,Lacoda
1,Lacy
2,Lael
1,Laelah
1,Laëlla
1,Laelyn
1,Laeya
1,Lahia
3,Laiba
1,Laihla
1,Laiklyn
24,Laila
1,Lailah
1,Laima
2,Laina
6,Lainey
1,Lake
1,Lakshanya
1,Lakshika
1,Lakshita
1,Lakyn
1,Lalaith
1,Lalarukh
1,Lalovee
1,Lama
6,Lamar
1,Lamia
1,Lamya
11,Lana
1,Lanaya
1,Lanelle
1,La'Nelle
2,Laney
1,Lani
1,LaNiyah
1,Lanna
1,Lannette
9,Lara
1,Laraib
2,Laramie
1,Lareen
1,Larez
3,Larissa
1,Lashay
1,La'Shay
1,Lateisha
1,Latisha
1,Latishiya
1,Latoya
1,Lauchlyn
16,Laura
1,Laura-Hazel
1,Laural 
1,Laureece
1,Laureen
1,Laurel
1,Laurelle
46,Lauren
2,Laurenne
1,Lauresa
9,Lauryn
1,Lavae
1,Lavanya
1,Lavender
1,Laya
1,Layaan
1,Layah
6,Layal
6,Layan
1,Layana
1,Layane
59,Layla
3,Laylah
1,Layna
3,Layne
2,Layton
5,Lea
1,Leá
4,Léa
80,Leah
1,Leah-Maude
1,Leaira
1,Leann
5,Leanna
6,Leanne
1,Leayzha
1,Leea
1,Leeaina
1,Leen
4,Leena
1,Leeta
1,Leeza
1,Legacy
1,Lehar
7,Leia
1,Leiana
1,Leianna
1,Leianne
1,Leida
2,Leigha
6,Leighton
1,Leightyn 
21,Leila
1,Leïla
1,Leilah
3,Leilani
1,Leina
1,Leivani
19,Lena
1,Lena-Eve
1,Lenea
1,Lennaea
1,Lennan
1,Lennea
1,Lennie
4,Lennon
1,Lennox
1,Lennyx
1,Lenora
1,Lenore
1,Lenox
1,Lenyx
3,Leona
1,Leonora
1,Leonore
1,Leora
1,Lerain
3,Leslie
1,Lessia
1,Letah
1,Letheena
1,Lettie
1,Letty
4,Lexa
1,Lexee
1,Lexey
34,Lexi
1,Lexia
1,Lexi-Anne
16,Lexie
3,Lexis
1,Lexsea
6,Lexus
1,Lexy
1,Leya
3,Leyla
1,Leyman
1,Leyo
1,Lhianne
10,Lia
1,Liadan
3,Liana
1,Liane
1,Lianna
1,Lianne
1,Liara
4,Libby
2,Liberty
1,Lida
1,Lidia
1,Lidiya
1,Lidya
1,Lif
1,Lihie-Sara
18,Lila
19,Lilah
1,Lilas
1,Lilee
9,Lilia
5,Lilian
14,Liliana
1,Lilianna
1,Lili-Claire
1,Liliko
3,Lilith
1,Lilja
1,Lilla
1,Lilley
1,Lilli
1,Lillia
53,Lillian
3,Lilliana
5,Lillianna
1,Lillianne
1,Lillian-Rose
2,Lillie
1,Lilliene
1,Lillila
1,Lillouette
33,Lilly
1,Lillyana
2,Lilly-Anne
1,Lillyth
1,Lilu
167,Lily
1,Lilyan
2,Lilyana
1,Lily-Ann
1,Lily-ann
2,Lilyanna 
1,Lilyanne
2,Lily-Anne
1,Lily'Shayne
7,Lina
1,Linayah
1,Lincoln
7,Linda
3,Lindsay
2,Lindsey
1,Lindzee
1,Lindzi
1,Linh
1,Linkan
1,Linkyn
2,Linna
1,Linnae
4,Linnea
1,Linnley
13,Lisa
3,Lisbeth
1,Lisbon
1,Liseli
8,Liv
13,Livia
1,Livie-Ann
1,Livyah
1,Liwam
5,Liya
2,Liyana
3,Liz
1,Liza
1,Lizzy
1,Lmar
1,Lochlyn
2,Locklyn
5,Logan
1,Loid
17,Lola
1,Lola-Simone
20,London
5,Londyn
1,Londynn
1,Lora
1,Loralina
1,Lore
4,Lorelai
6,Lorelei
1,Lorena
1,Lorene 
1,Lorenne
1,Loretta
1,Lori
1,Loriann
1,Lorika
1,Lorin
1,Lorreyn
1,Louisa
1,Louisalynn
4,Louise
1,Louisiana
1,Louisse
2,Louiza
1,Lourdes
1,Lové
1,Loveaya
1,Loveley
1,Loveynia
1,Lovie
1,Lowen
1,Loxley
1,Luana
1,Lubaynah
1,Lucci
18,Lucia
3,Luciana
3,Lucie
2,Lucille
38,Lucy
1,Lucy-Rae
1,Luella
2,Lujain
1,Lujane
4,Luka
2,Lukia
1,Lulia
1,Lulya
1,Lumi
12,Luna
1,Lunara
1,Luna-Sofia
1,Luthando
1,Luthien
1,LuvAnna
4,Lux
1,Luxton
1,Luxtyn
1,Luz
1,Lydi
35,Lydia
1,Lydiah
2,Lyka
26,Lyla
4,Lylah
1,Lyliah
1,Lylla
1,Lyna
1,Lynaya
2,Lyncoln
1,Lynda
1,Lyndi
3,Lynelle
1,Lynessa
1,Lynette
1,Lynlee
3,Lynn
1,Lynne
2,Lynnea
1,Lynneah
1,Lynux
8,Lyra
9,Lyric
1,Lyrick
1,Lyrik
1,Lyssa
1,Lyvia
1,Lyxabella
1,Ma.
1,Maaria
2,Mabel
1,Mabri
1,Macailah
1,Macayla
1,Macbella
4,Macey
11,Maci
4,Macie
1,Maci-Rae
4,Mackenna
1,MacKenna
1,Mackenzi
60,Mackenzie
4,MacKenzie
1,Mackenzy
1,Mackinley
1,MacKynzie
1,Maclayne
16,Macy 
1,Macy-Ann
1,Madaline
9,Madalyn
2,Madalyne
1,Madalynne
1,Maddalyn
2,Maddi
1,Maddia
5,Maddie
1,Maddie-Marie
1,Maddigan
1,Maddilyn
1,Maddisen
23,Maddison
1,Maddisyn
2,Maddox
2,Maddyn
1,Maddyson
1,Maddyx
1,Madeeha
3,Madelaine
22,Madeleine
24,Madeline
33,Madelyn
8,Madelynn
2,Madelynne
1,Madiha
5,Madilyn
1,Madilynn
130,Madison
1,Madison-Leigh
1,Madisson
6,Madisyn
1,Madleen
1,Madlin
1,Madyn
4,Madyson
3,Mae
1,Maebie
1,Maeby
1,Maecen
2,Maegan
1,Maélie
3,Maelle
8,Maëlle
2,Maeryn
14,Maeve
1,Maevey
1,Maevis 
1,Maeya
1,Maezley
1,Magdaleana
2,Magdalen
4,Magdalena
2,Magdalene
18,Maggie
1,Magnolia
3,Maha
1,Mahadevi
1,Mahaila
1,Mahalel
1,Mahalia
1,Mahaliya
1,Maham
1,Mahayla
1,Mahbobah
1,Mahder
1,Mahdiya
3,Maheen
3,Mahek
1,Mahi
1,Mahika
1,Mahima
1,Mahlet
1,Mahliah
1,Mahna
5,Mahnoor
1,Mahnoosh
1,Mahtaab
1,Mahtab
2,Mai
12,Maia
1,Maiah
1,Maianna
1,Maija
1,Maika
1,Maikaella
2,Maiken
1,Mailea
1,Maiomie
2,Maira
1,Mairead
2,Mairi
1,Mairyn
1,Ma'isa
2,Maisey
2,Maisha
1,Maisi
3,Maisie
1,Maisleigh
1,Maisley
1,Maissie
1,Maisy
1,Maitte
7,Maiya
1,Maizan
1,Maizey
1,Maizie
1,Maizy
3,Maja
1,Makaela
1,Makai
2,Makaila
1,Makala
1,Makalee
1,Makaya
44,Makayla
1,Makeda
10,Makena
20,Makenna
1,Makennah
12,Makenzie
1,Makenzy
1,Makhayla
3,Makinley
1,Makiyah
1,Maklyn
2,Makynli
1,Malaia
2,Malaika
4,Malak
1,Malaky
6,Malaya
1,Malayah
1,Malayeka
1,Malea
5,Maleah
1,Maleeha
1,Maleia
1,Maleiah
2,Malena
14,Malia
1,Malieka
1,Maliha
4,Malika
2,Malin
1,Malina 
1,Malise
1,Malisha
1,Malissa
3,Maliya
6,Maliyah
1,Mallorie
8,Mallory
1,Malorie
1,Maly
1,Malyeka
1,Malyn
1,Manaal
1,Manahil
1,Manar
1,Manat
1,Manbir
2,Mandi
1,Mandie
2,Mandy
1,Maneek
2,Maneet
1,Manel-Aliya
3,Manha
1,Manini
1,Manjot
1,Manmeet
15,Mannat
1,Mannatjit
1,Mannoor
2,Manreet
3,Manroop
1,Mansaihaj
2,Mansi
1,Mantaj
3,Manuela
1,Manveer
2,Maple
6,Mara
1,Maraam
1,Marajonel
1,Maraki
1,Mara-Lynn
4,Maram
1,Maranina
1,Marcail
1,Marcaile
2,Marcella
1,Marcena
1,Marchella 
2,Marda
1,Mareesa
1,Mareika
6,Maren
16,Margaret
1,Margeaux
1,Margery
3,Margo
2,Margot
1,Margrethe
1,Margret-Joan-Jean
44,Maria
2,María
1,Maria-Celeste
14,Mariah
1,Mariah-Lynn
1,Mariajosé
1,Maria-Julienne
19,Mariam
4,Marian
3,Mariana
1,Mariann
1,Marianna
3,Marianne
1,Maribel
5,Marie
1,Mariel
1,Mariella
3,Marielle
1,Mariena
1,Mariesha-Roanne
1,Marie-Solei
1,Mariève
2,Marigold
2,Marika
5,Marin
1,Marina
1,Marinella
3,Marion
1,Marisham
1,Marisol
20,Marissa
1,Marium
1,Mariyah
1,Mariyam
1,Marjani
1,Marjorie
1,Marka
1,Marlee
1,Marleena
2,Marlene
33,Marley
1,Marli
1,Marlie
5,Marlowe
1,Marlowe-Lee
1,Marlu
3,Marly
1,Marreah
1,Marry
1,Marsya
1,Marta
12,Martha
1,Martiana
1,Martie
1,Martina
1,Martine
4,Marwa
2,Marwah
32,Mary
1,MaryAlice
1,Mary-Alice
23,Maryam
1,Maryame
1,Maryan
1,Maryana
1,Maryanna
2,Maryanne
1,Mary-Anne
1,Marybelle
1,Mary-Claire
1,Maryeigh
1,Maryem
2,MaryJane
1,Maryjane
1,Mary-Jane
1,Mary-Kate
1,Mary-Katherine
1,MaryLou
7,Maryn
1,Maryrose
1,Maryssa
1,Maseeha
1,Masha
1,Masheir
1,Mason
2,Masyn
1,Matai 
2,Mataya
1,Mataya-Dawn
1,Matea
2,Matéa
1,Mateese
1,Mateyah
2,Mathea
1,Mathilde
1,Matigan
9,Matilda
1,Mattaya
5,Mattea
1,Mattie
1,Maude
1,Maui
1,Maura
1,Mavara
1,Mavis
1,Maxean
1,Maxene
1,Maxie-Rae
1,Maxim
4,Maxine
2,May
77,Maya
1,Mayah
1,Maya-Isabella
1,Mayan
1,Mayar
1,Maycee
1,Mayer
1,Mayheng
2,Mayla
1,Mayleigh
1,Maylie
2,Maylin
1,Maylynne
1,Maymoona
1,Mayra
1,Maysa
1,Maysaa
1,Maysam
2,Maysen
1,Mayson
1,Mayssam
1,Mayssoun
1,Maytu
1,Mayu
1,Mayury 
1,Mayzee
1,Mazie
1,Mbalia
1,McBright
1,McKaela
7,McKayla
2,Mckayla
1,Mckeila
23,McKenna
6,Mckenna
1,McKennah
1,McKenzi
8,McKenzie
6,Mckenzie
1,Mckenzie-Lynn
11,McKinley
3,Mckinley
1,McKinnley
2,Mea
7,Meadow
2,Meagan
1,Meaghan
1,Meah
1,Meanna
2,Meara
1,Me'ara
1,Mearyn
1,Mecaela
1,Mecca
7,Medina
1,Meear
1,Meeka
1,Meela
1,Meena
1,Meenakshi
1,Meer
2,Meera
1,Meerab
1,Meesha
1,Meg
33,Megan
3,Meghan
3,Mehak
1,Mehakjot
1,Mehal
4,Mehar
1,Meherbir
1,Meheret
1,Mehnaz
1,Mehr
1,Mehrosh
1,Mei
1,Meia
3,Meika
3,Meila
1,Mekenzie
1,Mekka
1,Meklit
1,Mekyra
1,Melana
1,Melania
8,Melanie
1,Mélanie
1,Melat
1,Melea
1,Meleah
1,Melek
1,Melia
1,Melicia
5,Melina
1,Melinda
1,Melisa
2,Melisha
11,Melissa
1,Mella
1,Melodee
2,Melodie
2,Mélodie
12,Melody
1,Melva
1,Melynda
3,Melyssa
1,Memphis
1,Mena
1,Menaal
1,Menelik
1,Meralle
9,Mercedes
1,Mercedez
1,Mercedies
3,Mercy
1,Mercyel
2,Meredith
1,Merel
1,Meridique
1,Merina
1,Merissa
1,Merita 
1,Merrin
2,Merry
1,Meryam
2,Meryem
2,Mesa
1,Mesoma
1,Meya
1,Meyah
1,Méyara
1,Méziane
1,Mhaia
1,Mhairi
86,Mia
1,Mía
5,Miah
1,Mialee
1,Mialyn
1,Miara
1,Miarah
1,Miarha
1,Mica
3,Micaela
3,Micah
1,Micaiah
1,Mical
1,Micayla
8,Michaela
2,Michaella
1,Michal
1,Micheala
2,Michela
21,Michelle
1,Mickaela
1,Mickaila
1,Mickayla
1,Mielle
1,Miera
1,Mihaela
1,Mihana
1,Miharisoa
1,Miika
1,Miikka
6,Mika
15,Mikaela
2,Mikaella
2,Mikah
1,Mikaila
1,Mikala
1,Mikayl 
42,Mikayla
2,Mikenna
1,Mikessa
1,Mikka
1,Mikka-Marie
1,Mikyla
61,Mila
2,Milah
3,Milan
2,Milana
2,Milania
1,Milanna
1,Milauna
1,Milea
1,Milee
6,Milena
1,Milena-Victoria
9,Miley
1,Milka
7,Milla
1,Millauni
2,Millicent
3,Millie
2,Milly
1,Miloh
1,Milto
5,Mina
1,Minaal
2,Minahil
1,Minaj
1,Minal
1,Minerva
1,Minha
1,Minna
1,Minsa
1,Minthia
2,Mio
1,Miona
16,Mira
3,Mirabelle
1,Mirai
11,Miranda
1,Miravel
1,Miray
1,Mireille
1,Mirenn
10,Miriam
1,Mirra
1,Mirrah
1,Mirthika
1,Miruthula
1,Misa
1,Misaki
1,Mischa
2,Mishal
1,Mishat
1,Mishell
1,Mishka
1,Mishkat
1,Missy
1,Misty
5,Miya
2,Miyah
1,Mizree
1,Mlak
1,Mode
1,Modeste
3,Moira
1,Moksha
1,Mollie
43,Molly
1,Momina
4,Mona
1,Mona-Ray
1,Mongiwethu
8,Monica
1,Monika
1,Monique-Mposhie-Arielle
7,Monroe
2,Montana
1,Montanna
1,Monthea
1,Morayo
34,Morgan
1,Morgana
1,Morganna
1,Morganne
1,Moria
1,Moriah
1,Morigan
1,Morleigh
1,Morning
1,Morningstar
1,Morountodun
1,Moya
1,Mozan
1,Mri
1,Msghana 
1,Muhsina
1,Mujeebah
1,Mullein
2,Mumtaaz
1,Mumtas
1,Mumtaz
1,Munawarah
1,Muneefa
1,Munira
1,Munirah
1,Munroe
1,Muntaha
1,Muran
1,Muria
1,Murial
1,Murjann
1,Mursal
1,Museth
1,Muskaan
3,Muskan
77,Mya
12,Myah
1,Myakoda
1,Myara
1,Mycaella
1,Myckeila
1,Myell
1,Myelle
1,Myiah
2,Myka
2,Mykaela
1,Mykah
1,Mykaya
2,Mykayla
1,Mykendra
1,Mykiah
30,Myla
4,Mylah
3,Mylee
1,Myles
2,Mylie
3,Myra
1,Myrah
1,Myranda
2,Myriam
1,Myrrah
2,Mysha
1,Myshah
1,Naafya 
1,Naava
1,Naba
3,Nabiha
1,Nabria
3,Nada
1,Nadejda
1,Nadel
1,Nadele
14,Nadia
2,Nadifa
4,Nadine
1,Nadire
1,Nadja
1,Nadya
1,Nafha
1,Nafisa
1,Nahani
1,Nahier-Yonas
1,Nahtasha
3,Naia
1,Naikoda
2,Naila
1,Nailah
1,Naima
1,Naiomi
2,Naiyah
2,Najma
1,Najwa
1,Nakelle
2,Nakita
3,Nala
1,Nalah
1,Nalani
1,Nalaya
1,Nalia
1,Naliah
1,Naliya
1,Nallie
1,Naly
1,Nalya
1,Naman
1,Namar
1,Namrita
1,Nanaki
7,Nancy
2,Nandi
1,Nandini
1,Naol
48,Naomi
1,Naomie
1,Naomy
1,Nargis
1,Narjes
1,Narnia
1,Naseeb
1,Naseema
1,Nasiba
1,Nassya
1,Nasteho
1,Nataily
1,Natalay
3,Natalee
1,Natalene
1,Nataley
30,Natalia
73,Natalie
1,Natalie-Rose
1,Nataly
4,Natalya
1,Natalyse
1,Natania
17,Natasha
1,Nataya
1,Natayia
7,Nathalie
1,Nathania
1,Nathea
1,Natsuyo
2,Nattalie
3,Navaeh
1,Navaya
1,Navea
1,Naveah
2,Naveen
1,Navia
1,Navjit
1,Navreen
5,Navreet
1,Navya
3,Nawal
1,Naya
1,Nayab
2,Nayana
1,Nayara
2,Nayeli
1,Nayika
1,Nayonika
1,Nayra 
1,Naysa
1,Nazanin
1,Nazarene
1,Nazerawit
1,Nazia
1,Naziha
1,Nazlynn
1,Nazrah
1,Ndangi
1,Neala
1,Neave
2,Neda
1,Neegah
1,Neejay
1,Neeka
1,Neekay
1,Neela
1,Neeramrit
1,Neeva
3,Neha
1,Nehemy
1,Neige
1,Neika
3,Neila
1,Neily
1,Neiva
1,Nejat
3,Neko
1,Nela
1,Neleia
1,Nelia
1,Nell
3,Nella
1,Nelle
1,Nelleke
1,Nelleken
3,Nellie
10,Nelly
1,Nellysal
2,Nemiah
1,Nemma
1,Neomi
1,Neri
1,Nermene
1,Nermin
1,Nermine
1,Nesiret
1,Neslisah
1,Nesrine 
2,Nessa
1,Neta
1,Netanya
1,Nettie
1,Neva
61,Nevaeh
3,Nevaya
1,Nevayah
4,Neve
3,Neveah
1,Neveia
1,Neven
1,Neveya
1,Nevija
1,Newal
1,Neya
1,Neysa
1,Nezia
1,Nezihe
1,Nga
1,Nhia
1,Nhyi
7,Nia
4,Niah
1,Niat
1,Nibras
1,Nicia
1,Nico
2,Nicola
1,Nicola-Rozalia
26,Nicole
1,Nicolene
1,Nicolette
2,Nida
1,Nidhi
1,Niela
1,Nihita
1,Nika
4,Nikayla
11,Nikita
1,Nikka
3,Nikki
1,Nikkita
1,Nikkolette
2,Niko
1,Nikolina
1,Nikyla
1,Nila
2,Nimisha
1,Nimrah
6,Nimrat
1,Nimratjot
2,Nimret
3,Nimrit
12,Nina
1,Nino
1,Nirali
1,Nirja
2,Nisa
1,Nisha
1,Nishita
1,Nishtha
1,Nitanis
1,Nithika
1,Niveyah
1,Nixa
1,Nixene
1,Nixie
2,Nixon
1,Niya
1,Niyah
1,Niyamat
1,Niyat
2,Noa
1,Nobi
1,Nobuhle
1,Noel
1,Noël
3,Noella
12,Noelle
1,Noely
3,Noemi
1,Noewa
5,Nola
1,Nolwenn
1,Nomsisi
6,Noor
1,Noordeep
1,Nooren
39,Nora
1,Nóra
31,Norah
1,Noraya
1,Norra
4,Nour
3,Noura
11,Nova
3,Novah 
4,Novalee
1,Novella
1,November
1,Novena
1,Nowellia
1,Noyel
1,Nshyra
1,Nuhaa
1,Numfah
1,Nurayah
1,Nuria
1,Nuriah
1,Nusaybah
1,Nusrat
12,Nya
1,Nyabichiok
1,Nyagoa
4,Nyah
1,Nyaleeth
1,Nyalueth
1,Nyana
1,Nyanyiik
1,Nyariang
1,NyaRiek
1,Nyaruon
1,Nyathaak
1,NyaTuach
1,Nyawargak
1,Nyayan
1,Nybee
1,Nycole
1,Nyibol
1,Nyicor
1,Nyidier
5,Nyla
2,Nylah
1,Nyra
1,Nysa
1,Nyvelah
1,N'zaia
2,Oakley
1,Oaklyn
1,Oaklynn
1,Obsan
3,Ocean
1,Oceana
1,Ocean-Lee
1,Oceanna
1,Oceanne 
1,Ochuwa
3,Octavia
1,Odera
1,Odessa
1,Oghene
1,Oghosa
2,Ogooluwa
1,Okalany
2,Oksana
1,Ola
17,Olive
1,Oliven
257,Olivia
1,Olivianna
1,Olivjia
1,Olivya
1,Ollivia
1,Oluchi
1,Olukorede
1,Oluomachukwu
1,Olusheyi
1,Oluwadamilola
1,Oluwafeyiseye
1,Oluwanifemi
1,Oluwatoni
1,Olympia
1,Olyvia
1,Omaima
1,Omawumi
1,Omayma
1,Omima
1,Omm-Kalthoum
1,Omorose
1,Omoshewa
1,Omowonuola
1,Onela
1,Onyinyechi
1,Oona
1,Opel
4,Ophelia
1,Ophiera
1,Orayal
1,Orchid
1,Oren
1,Oria
1,Oriana
4,Orianna
1,Orianne
1,Orla
1,Orly
1,Ornella
1,Ornie-Nitia
1,Orsna
1,Osaretin
1,Osha
1,Oshayauna
1,Otilia
1,Ottilia
1,Ovaua
1,Owyn
1,Oynika
1,Oyunuan
1,Ozzra
1,Paeden
2,Paetyn
1,Page
70,Paige
1,Paigee
1,Paige-Lynn
1,Paiman
1,Paisan
5,Paislee
51,Paisley
6,Paityn
1,Paiveen
2,Paizley
1,Paizley-Snow
1,Pal
1,Pala
1,Palii
5,Palmer
1,Paloma
1,Pandora
1,Panreet
2,Paradise
1,Paresa
2,Pari
7,Paris
1,Parisa
10,Parker
1,Parmeen
2,Parneet
1,Parnelle
1,Parsa
1,Parvaan
1,Parya
1,Pascale
1,Passion 
3,Patience
4,Patricia
3,Paula
1,Paulene
5,Paulina
2,Pauline
1,Pavanjot
1,Pavneet
2,Paxton
1,Paxtynn
1,Paycee
1,Payeton
1,Payshence
1,Paysia
1,Payslee
6,Payten
55,Payton
7,Pearl
1,Pebble
1,Peehu
2,Peighton
1,Peityn
25,Penelope
1,Pennie
1,Pennlee
9,Penny
1,Penny-Lane
1,Penny-Lynn
1,Pepper
1,Percaius
2,Peri
1,Pernilla
1,Perpetual
1,Perri
1,Persayus
1,Perveen
5,Petra
1,Petra-Soffia
1,Petrine
1,Pevlyne
74,Peyton
1,Peyton-Skye
3,Peytyn
4,Phaedra
1,Phaeton
1,Phayesha
1,Phebe
1,Phenice
2,Pheonix 
1,Phifer
1,Philly
1,Phiona
1,Phirah
8,Phoebe
13,Phoenix
1,Phoenyx
1,Phypher
1,Pia
1,Pihu
41,Piper
2,Pippa
1,Pixie
1,Pkai
1,Polina
1,Poohkami
8,Poppy
1,Porsche
1,Porsha
3,Portia
1,Posie
1,Prabdeep
1,Prabh
1,Prabhgeet
1,Prabhjot
1,Prabhleen
1,Prabhnoor
1,Prabhsirat
1,Prableen
1,Prachi
1,Praha
1,Praise
1,Pranaya
1,Prarthana
1,Prathna
1,Pravishi
8,Precious
1,Preetisha
3,Preslee
30,Presley
1,Presly
1,Preslyn
1,Preston
2,Pretty
1,Preya
1,Primrose
12,Princess
1,Princessa
8,Priscilla
1,Priscilla-Kieto
1,Priscillia
2,Prisha
1,Prisney
1,Pritila
12,Priya
1,Priyana
1,Prudence
4,Puneet
1,Puneetjot
1,Purslane
1,Purvi
11,Pyper
1,Pyvie
1,Qadeera
1,Qianna
1,Qirat
1,Quayla
1,Quet
1,Quill
1,Quin
1,Quincee
1,Quincy
82,Quinn
1,Quinna
1,Quinndelyn
2,Quinnley
1,Quinnly
2,Quorra
1,Quynh
2,Quynn
1,Qynn
1,Raameen
1,Raavia
1,Rabia
1,Rabiat
6,Rachael
1,Racheal
63,Rachel
1,Rachelle
1,Radiant
1,Radyah
2,Rae
1,Raeanna
1,Rae-Anna
1,Raeanne
1,Raedynne
1,Raeel
1,Rae-Ella 
6,Raegan
1,Raeja
1,Raeka
2,Raelee
1,Rae-lee
3,Raeleigh
1,Raelle
2,Raelyn
7,Raelynn
1,Rae-Lynn
2,Raena
1,Raevyn
1,Raewyn
1,Raeya
1,Raeye
1,Rafaëlle
1,Rafif
1,Raha
1,Raheel
1,Raheen
1,Rahf
1,Rahiima
2,Rahima
4,Rahma
1,Raiden
1,Raifah
1,Raigan
1,Raila
1,Rai-lynn
2,Raima
1,Raimee
2,Rain
8,Raina
1,Rainbow
1,Rainy
1,Raisa
1,Raisha
1,Raiya
1,Raiyaan
1,Raizel
1,Raj
1,Rajvee
1,Rakeb
1,Rakia
2,Rama
1,Rameen
1,Ramira
1,Ramneek
1,Rana 
1,Randi
1,Randy
2,Raneem
4,Rania
1,Raniya
1,Rankin
1,Rannjodh
1,Ranya
1,Raphaëlle
5,Raquel
1,Rasamjot
1,Rasella
1,Rashawn
1,Rashi
1,Rashleen
1,Rasreet
1,Raveen
4,Raven
1,Ravneet
1,Rawaiat
1,Rawan
1,Rawanne
1,Rawni
16,Raya
1,Rayaan
2,Rayah
1,Raya-Mae
8,Rayan
2,Rayann
3,Rayanna
2,Rayanne
2,Rayel
4,Rayelle
1,Rayen
1,Rayhanah
1,Raykel
1,RayLa
1,Rayla
1,Raylan
1,Raylee
2,Raylene
1,Rayley
2,Raylynn
1,Ray-lynn
13,Rayna
5,Rayne
1,Razan
11,Reagan
1,Reaghan
2,Reanna
1,Reanna-Fiona
1,ReAnne
1,Reata
1,Reba
1,Rebbacka
3,Rebeca
47,Rebecca
2,Rebecka
1,Rebeka
16,Rebekah
2,Rebekka
1,Rebekkah
1,Rebka
4,Reece
2,Reegan
1,Reegen
7,Reem
1,Reeman
32,Reese
1,Reesha
6,Reet
1,Reetal
1,Reeve
4,Regan
1,Reghan
1,Regina
1,Reham
1,Rehana
1,Rehima
1,Rei
2,Reid
1,Reily
2,Rein
4,Reina
1,Reine-Liana
1,Reiya
1,Rema
2,Remi
1,Remington
1,Remy
1,Ren
1,Rena
1,Renaa
1,Renae
1,Renan
4,Renata
1,René
2,Renee 
2,Renée
1,Renna
1,Rennie
1,Resha
1,Reshmika
2,Retaj
1,Retal
1,Rexleye
2,Reya
1,Reyana
1,Reyleigh
1,Reyna
1,Reynah
1,Reyna-Leigh
1,Rhaena
1,Rhaigne
1,Rhaine
1,Rhaya
1,Rhayney-Day
1,Rhayza
10,Rhea
1,Rhealle
1,Rheanna
1,Rheanne
1,Rheigen-Anne
1,Rhett
1,Rheyanna
1,Rhiane
1,Rhiann
4,Rhianna
1,Rhiannon
1,Rhya
2,Rhyan
1,Rhyana
1,Rhyder
1,Rhyen
1,Rhyleigh
1,Rhyley
1,Rhylin
1,Rhys
3,Ria
1,Rian
2,Riana
2,Rianna
3,Rianne
1,Ribka
1,Richele
2,Rida
1,Riddhi 
1,Ridham
1,Ridwan
1,Riedyn
2,Riel
1,Rielha
1,Riell
3,Rielle
1,Riena
1,Riham
7,Rihanna
1,Rijja
1,Rika
1,Rilah
1,Rileigh
35,Riley
1,Rilla
1,Rilyn
2,Rilynn
1,Rin
1,Rina
1,Rinesa
1,Rinneah
1,Rinoa
1,Rio
1,Rion
1,Riona
1,Ripanreet
1,Risha
3,Rita
1,Ritage
1,Ritaj
1,Riti
2,Ritika
1,Rittal
1,Riven
10,River
5,Riya
1,Riyana
1,Rizzah
1,Roan
1,Roanne
1,Roarke
1,Robbinette
2,Roberta
2,Robin
1,Robina
7,Robyn
1,Rochael
3,Rochelle
1,Rocío
1,Roegan
1,Rogan
1,Rogue
1,Rohaan
1,Rohma
1,Rojina
1,Rokaya
1,Roman
2,Rome
1,Romi
1,Romilda
2,Romina
1,Ronisha
1,Rooney
2,Rori
1,Rori-Kate
8,Rory
1,Roryalice
4,Rosa
1,Rosalee
1,Rosaleigh
14,Rosalie
1,Rosalina
1,Rosalind
2,Rosalyn
2,Rosanna
1,Rosanne
1,Rosara
1,Rosaria
2,Rosario
25,Rose
2,Rosealynn
1,Roseann
1,Rosejean
2,Roselyn
1,Roselynn
1,Rose-Lynn
1,Rosemarie
2,Rosemary
1,Rosena
1,Roshelle
6,Rosie
3,Roslyn
1,Rotsy
1,Roulette
17,Rowan
1,Rowee
2,Rowen 
8,Rowyn
3,Rowynn
1,Roxana
6,Roxanne
1,Roxy
1,Royale
1,Rozabella
1,Rozalyn
1,Rozana
1,Rozin
1,Rozita
1,Rozsi
1,Ruari
1,Rubi
36,Ruby
1,Ruby-Grace
1,Rudrakshi
1,Rudy
1,Rufaida
1,Rufta
1,Ruhama
1,Ruiting
4,Rumaisa
1,Rumaisah
1,Rumi
1,Runelyn
1,Rupman
1,Ruqaya
1,Ruqayyah
1,Ruqiya
13,Ruth
1,Ruthanne
1,Rutvi
1,Ruvimbo
2,Ruwayda
1,Rya
1,Ryah
4,Ryan
1,Ryane
9,Ryann
3,Ryanne
2,Ryder
1,Rydia
1,Ryeleigh
1,Ryelynn
1,Ryen
1,Ryenn
1,Ryenne
1,Ryer 
1,Ryhan
1,Ryia
1,Rykyn
1,Ryla
4,Rylan
1,Rylann
4,Rylea
25,Rylee
1,Rylee-Marie
1,RyLee-Rose
11,Ryleigh
1,Rylen
4,Ryley
1,Ryli
10,Rylie
1,Ryliegh
3,Rylin
1,Ryllah
1,Rylyn
3,Rylynn
1,Ryver
1,Saadia
1,Saafteeha
1,Saahiba
1,Saajidah
1,Saajna
1,Saakhi
1,Saanchi
6,Saanvi
1,Saara
1,Saathiya
2,Sabah
1,Sabana
1,Sabeeka
2,Sabella
2,Sabina
1,Sabiny
2,Sabirah
1,Sabirin
1,Sabrah
1,Sabriha
1,Sabrin
14,Sabrina
1,Sachkirat
1,Sachleen
1,Sacia-Priya
1,Sadaely
2,Sadaf
1,Sadayo
1,Sadey
1,Sadhika
1,Sadia
51,Sadie
1,Sadie-ann
1,Sadiyah
1,Sadn
1,Saejal
1,Saeyada
4,Safa
1,Safaa
1,Saffren
2,Saffron
2,Safia
1,Safira
4,Safiya
1,Safiyya
3,Safiyyah
1,Sagan
11,Sage
3,Sahana
3,Sahar
1,Sahara
1,Saharah
1,Sahasya
1,Sahaya
1,Sahej
1,Sahiba
1,Sai
1,Saidy
3,Saige
1,Saihaj
1,Saihajleen
1,Saihej
1,Saira
9,Saja
1,Sajeera
1,Sajida
1,Sakeenah
1,Sakina
1,Sakora
2,Sakura
1,Saleema
1,Saleen
1,Saleha
1,Saleigha
1,Saliha
1,Sally
14,Salma 
3,Salomé
1,Salomea
1,Salsabeel
1,Salwa
2,Sam
5,Sama
1,Samaira
1,Saman
59,Samantha
1,Samar
8,Samara
1,Samaria
1,Sameera
1,Sameerah
1,Sameetha
1,Samera
2,Samia
7,Samira
1,Samiyah
2,Sammi
2,Samrawit
4,Sana
1,Sanaa
1,Sanaiya
1,Sanaiyah
1,Sanali
1,Sanatani
4,Sandra
1,Sandtoku
1,Sandy
1,Sangaie
1,Sania
1,Saniya
1,Saniyah
4,Santana
2,Santina
1,Sanuki
2,Sanya
2,Saoirse
1,Saona
1,Sapheria
1,Saphiera
7,Saphira
1,Saphire
1,Saphra
1,Sapphira
4,Sapphire
39,Sara
1,Saraa 
1,Sarael
114,Sarah
1,Sarah-Lynn
1,Sarah-Mae
1,Sara-Jane
1,Saralee
1,Saralin
1,Saralynn
1,Saray
2,Saraya
1,Sarayah
1,Saraye
1,Sareen
1,Saren
1,Sareya
2,Sargun
1,Sargunn
1,Sariah
1,Sarie
6,Sarina
2,Sarita
1,Sariyah
1,Saroop
1,Sarrah
1,Sarrinah
1,Sartan
1,Saryn
3,Sascha
1,Sa-See-Quon
19,Sasha
3,Saskia
1,Satya
1,Saulanna
3,Savana
4,Savanah
6,Savanna
47,Savannah
1,Savannah-Anne
2,Savior
17,Sawyer
1,Saxonny
1,Saxony
2,Saydee
1,Saydei
1,Saydie
1,Sayeh
1,Sayler
1,Saylor
1,Sayra
1,Sayumi
1,Sbeha
10,Scarlet
63,Scarlett
6,Scarlette
1,Scarlytte
1,Schacah
2,Scotia
2,Scotlyn
2,Scotlynn
2,Scout
1,Sdeem
1,Seabelle
6,Seanna
1,Season
1,Sebella
1,Secret
1,Sedona
1,Seela
1,Seemah
1,Seena
5,Seerat
1,Seerene
1,Seerit
2,Seerut
1,Segwan
2,Sehaj
1,Sehajpreet
1,Sehar
1,Seher
2,Seirra
1,Seirrah
1,Sejal
1,Sekai
1,Sekeenat
1,Sekora
1,Sekorah
3,Selah
1,Seleah
20,Selena
1,Selena-Amélya
3,Selene
1,Selihom
1,Selin
6,Selina
1,Sellay
1,Sellene
2,Selma
1,Sember 
1,Semhar
1,Semina
1,Seneka
1,Senia
1,Seniah
1,Senniah
1,Seonna
1,Sephaia
1,Sephira
2,Sephora
1,Sephyra
1,Sequoia
2,Sera
1,Serah
1,Seraphim
4,Seraphina
4,Sereen
26,Serena
7,Serene
24,Serenity
1,Serenity-Ann
1,Serenity-Lyn
1,Seria
1,Serianna
1,Serra
1,Seryna
1,Seryne
1,Sessina
1,Sevan
1,Sévana
1,Seveya
1,Seville
1,Seviya
1,Sevyn
1,Sevynn
1,Seyam
1,Seynab
1,Shaam
1,Shabad
1,Shada
1,Shadn
2,Shae
1,Shaedra
1,Shaela
1,Shaelin
5,Shaelyn
1,Shaelynn
1,Shafeya
1,Shafia 
2,Shahd
1,Shahyan
2,Shai
1,Shaiden
1,Shailey
1,Shaili
1,Shaina
1,Shaira
1,Shakeela
2,Shakira
1,Shakirah
1,Shalaina
1,Shalako
1,Shalbiyyah
1,Shalena
1,Shalicia
1,Shalom
1,Shalwa
1,Shalyn
1,Sham
2,Shanae
2,Shanaya
1,Shane
2,Shanelle
1,Shanesha
1,Shaneyah
1,Shani
3,Shania
2,Shaniah
1,Shanik
1,Shanika-Joyce
1,Shanine
1,Shaniqua
1,Shanita
4,Shanna
2,Shannah
1,Shannen
5,Shannon
1,Shantal
1,Shantel
4,Shantelle
1,Shanyce
1,Shaony
1,Shara
1,Sharae
1,Shariah
1,Sharise
1,Sharlyze
3,Sharon
1,Sharyane
1,Shasmeen
1,Shatavia
1,Shaughnessy
1,Shaundra
1,Shaurya
1,Shavonne
2,Shawna
1,Shawnisha
1,Shawntelle
3,Shay
1,Shaya
2,Shayda
1,Shayden
1,Shaydyn
2,Shaye
10,Shayla
1,Shaylah
5,Shaylee
1,Shayleen
3,Shaylin
2,Shaylyn
2,Shaylynn
6,Shayna
1,Shaynara
2,Shayne
1,Shazana
2,Shea
1,Shealyn
1,Sheena
1,Shehrbano
1,Sheila
3,Shekinah
1,Shela
1,Shelaya
24,Shelby
1,Shelby-Lee
3,Shelly
1,Shemayah
1,Shena
1,Shenelle
1,Sherin
1,Sherina
1,Sherinda
1,Sherisse
1,Shevaun
2,Sheza
2,Shi
1,Shia 
1,Shierra
1,Shihan
1,Shila
1,Shiley
14,Shiloh
1,Shimaa
1,Shion
1,Shiree
1,Shiridiisha
1,Shivya
1,Shiya
1,Shloka
1,Shmily
2,Shona
1,Shondi
1,Shrejal
2,Shreya
1,Shuni
1,Shy
2,Shya
1,Shy-Angel
1,Shyann
3,Shyanne
10,Shyla
1,Shyla-Kisa
1,Shyleah
2,Shyna
1,Shyra
3,Sia
1,Sian
1,Sianna
1,Sianne
1,Siarah
2,Sibel
1,Sibella
1,Sibilla
1,Sidak
1,Siddhi
1,Siddi
5,Sidney
1,Sidra
1,Siella
3,Siena
31,Sienna
1,Sienne
1,Siera
35,Sierra
1,Sifat
1,Sifet 
2,Siffat
1,Siffith
1,Sigrid
1,Sihaam
3,Siham
1,Siiham
1,Sikhara
3,Sila
1,Silatta
1,Silet
1,Silina
1,Silvana
3,Silver
1,Silvia
1,Simale
4,Simar
1,Simleen
7,Simone
2,Simra
7,Simran
2,Simrat
1,Simreen
1,Simret
2,Simrit
2,Sina
1,Sincere
1,Sincery
1,Sindri
1,Sinead
1,Sinerity
1,Sinthany
3,Siobhan
3,Sirat
1,Sirenna
1,Siret
1,Siri
1,Siria
1,Sirisha
1,Sirit
1,Sisip
1,Sitara
1,Sitarah
1,Sivarakshah
6,Siya
1,Siyra
1,Siyrah
1,Si-Yu
1,Skeeter
1,Skotia
9,Skye
9,Skyla
1,Skyla-Eva
1,Skylah
24,Skylar
1,Skylee
5,Skyler
1,Skyy
6,Sloan
17,Sloane
1,Smira
1,Sneh
3,Snow
1,Soa
80,Sofia
3,Sofía
4,Sofie
1,Sofina
1,Sofuchi
1,Sofya
1,Soha
2,Sola
1,Solaine
1,Solana
1,Solange
2,Solara
1,Soledad
1,Solei
4,Soleil
1,Soleyana
3,Soliana
1,Solomiya
1,Solstice
1,Solveig
2,Somaya
2,Sonali
1,Song
2,Sonia
1,Sonika
3,Sonja
1,Sonny
2,Sonya
1,Soo
1,Sooma
1,Sophee
233,Sophia
1,Sophia-L.
1,Sophia-lynne
1,Sophia-Ray 
1,Sophia-Reine
135,Sophie
1,Sophiee
1,Sophie-Lee
4,Soraya
1,Soroushi
1,Souad
3,Sparrow
1,Spencer
2,Spirit
1,Sree
1,Srijita
1,Srinidhi
1,Srisha
1,Sritha
2,Stacey
1,Stacie
2,Stacy
1,Star
2,Starla
1,Starlit
1,Stavroula
52,Stella
13,Stephanie
1,Stéphanie
1,Stephy
1,Sterling
2,Stevie
4,Storm
1,Story
1,Style
1,Suad
1,Suevanna
2,Sufia
1,Sugar
1,Suha
1,Suhaela
1,Suhaila
1,Suhana
1,Suhila
1,Sukaina
1,Sukayna
2,Sukhleen
1,Sukhman
5,Sukhmani
1,Sukhmanpreet
1,Sukhmee
1,Sukhreet
1,Sukhroop 
1,Sukhshanat
1,Suleen
1,Suleikha
1,Sulwa
1,Sumaiya
1,Suman
5,Sumaya
1,Sumaye
2,Sumayya
2,Sumeya
31,Summer
1,Sumon
1,Sunaya
1,Sundus
1,Sunjum
2,Sunny
1,Sunreet
1,Sunroop
1,Sunshine
2,Suraya
5,Suri
1,Suriyah
1,Surleen
1,Surreal
4,Susan
7,Susana
3,Susanna
1,Susannah
2,Susie
1,Susy
3,Sutton
1,Suvera
1,Suwayda
6,Suzanna
3,Suzannah
5,Suzanne
1,Suzette
2,Svea
1,Swamini
1,Sya
3,Sydnee
49,Sydney
1,Sydney-Rae
1,Sydonia
4,Syeda
1,Syesha
1,Sykora
1,Sylver
3,Sylvia
5,Sylvie
1,Symone
1,Symphonie
1,Symphony
1,Synda
1,Syra
1,Syrena
1,Szarina
1,Szofie
1,Tabby
2,Tabea
2,Tabitha
1,Taecee
1,Taela
1,Taelor-Marie
1,Taelynn
1,Taenslee
1,Taeya
1,Tahanee
1,Tahirah
4,Tahlia
1,Taia
1,Taibelys
1,Taidim
1,Taileeyah
1,Tailynn
2,Taite
2,Taiva
1,Taiya
1,Takara
1,Takira
1,Talafiafia
1,Talayla
1,Taleah
1,Taleeah
2,Taleen
1,Taleighya
1,Taleja
1,Tali
20,Talia
1,Taliena
1,Talin
1,Taline
1,Talise
1,Talisia
1,Talita
1,Talitha
1,Taliya
4,Taliyah 
1,Talliah
1,Tallis
2,Tallulah
2,Talya
1,Talyah
1,Talyanna
1,Talyn
1,Tamaia
1,Tamanna
6,Tamara
1,Tamena
1,Tamia
2,Tamika
1,Tamiya
1,Tamkinat
3,Tammy
1,Tamsin
1,Tana
2,Tanaya
1,Tanayah
1,Tanecka
1,Tanesha
1,Tanessa
1,Taneya
2,Tania
1,Tania-Briana
1,Tanicia
1,Tanis
3,Tanisha
1,Tanishka
1,Tanmehar
1,Tanna
1,Tanner
1,Tanroop
1,Tanu
1,Tanveer
1,Tanvi
1,Tanvir
3,Tanya
1,Taqwa
7,Tara
1,Taralyn
1,Taranpreet
1,Tarryn
7,Taryn
1,Tarynn
1,Tasfia
2,Tasha
1,Tashia 
1,Tasia
1,Tasina
1,Tasmin
9,Tasneem
3,Tasnim
1,Tassneem
7,Tatiana
1,Tatianna
1,Tatiyaná
1,Tatjana
14,Tatum
1,Tatum-Lynn
2,Tatyanna
1,Taurora
1,Tavaeh
1,Tavga
3,Tavia
17,Taya
3,Tayah
1,Taya-Lynn
1,Tayamun
1,Tayana
1,Tayasia
1,Taydin
1,Tayen
1,Tayia
1,Tayiah
6,Tayla
1,Taylah
1,Taylanna
2,Taylee
1,Taylei
1,Taylen
1,Tayliah
4,Taylin
1,Taylisha
1,Tayln
82,Taylor
1,Taylor-Abby
2,Taytum
1,Tayva
1,Tayvia
1,Tayvn
1,Tayzia
1,Tazlynn
1,Tazzianna
4,Téa
37,Teagan
1,Teagann
2,Teagen
2,Teaghan
2,Teagyn
1,Teagyn-Marie
1,Teal
2,Teanna
1,Teany
1,Teegan
9,Tegan
1,Tegwen
1,Tehya
4,Teigan
1,Teigen
1,Teighan
1,Teighlor
1,Teigyn
1,Teija
1,Teiran
1,Tejah
1,Tejal
1,Tejas
1,Tejasvi
1,Telia
1,Temitope
1,Temoan
1,Temperance
1,Tempest
1,Tenille
3,Tenleigh
12,Tenley
1,Tenneil
2,Tennessee
1,Tensley
1,Tenzing
1,Tera
1,Terann
9,Teresa
1,Teresah
1,Terese
2,Teresina
1,Tereza
1,Teron
2,Terra
1,Terrance
1,Terri
1,Teryn
1,Tesi
1,Tesla
1,Tesla-Rose 
1,Tesnim
9,Tess
52,Tessa
1,Tessah
1,Tessi
1,Tesslyn
1,Tetley
1,Tezielle
1,Thaarani
7,Thalia
1,Thalya
1,Thandeka
1,Thandiwe
1,Thapasya
1,Tharra
1,Thawab
1,The
9,Thea
1,Theana
1,Thearesa
1,Thearynn
1,Theodora
1,Theory
7,Theresa
1,Therese
1,Therynn
1,Thiea
1,Thien-Nhi
1,Thisari
1,Thuy
1,Thuyen
1,Thyatira
1,Thyvian
12,Tia
2,Tiah
16,Tiana
1,Tiancen
12,Tianna
1,Tianna-Lynn
3,Tiara
1,Tiaunah
1,Tiegan
1,Tienette
1,Tienna
10,Tiffany
1,Tiia
1,Tila
1,Tillie
1,Timaya 
1,Timea
1,Timéa
1,Timika
1,Tin
4,Tina
1,Tinevimbo
3,Tinsley
2,Tirzah
1,Tisneem
1,Titobioluwa
1,Toews
1,Tokiwa
1,Tolemy
1,Toluwalogo
1,Tomiris
1,Tommika
1,Tonee
1,Tonisha
1,Tonya
1,Tooba
1,Torah
1,Torey
6,Tori
1,Torin
1,Torina
1,Torrin
3,Tory
1,Tova
1,Tovah
1,Tracey
2,Tracy
1,Tram
1,Travanice
1,Treazure
1,Treina
1,Trenna
1,Treslie
1,Treya
1,Trina
1,Tringa
26,Trinity
4,Trisha
1,Trishika
1,Trista
1,Trista-Lynn
1,Tristen
2,Tristyn
1,Trixxen
3,Trudy
1,True-Lee
2,Truly
1,Trynidi
1,Tryphaena
1,Tsiliana
1,Tsowaakii
1,Tsz
2,Tuba
1,Tubarak
1,Tuesday
1,Tueutjiua
1,Tueyen
1,Tujan
1,Tupur
1,Tuqa
2,Twila
1,Twillie
3,Twyla
1,Twylia
1,Tyanne
1,Tycee
1,Tyffani
1,Tyka
1,Tyla
2,Tylar
1,Tylee
1,Tylene
3,Tyler
1,Tylin
2,Tyra
1,Tyrah
1,Uasora
1,Ujama
2,Uma
1,Umaiza
1,Umraa
1,Una
2,Unique
1,Unita
1,Unity
1,Uppkar
1,Urijah
1,Urwa
1,Ushba
1,Uwimana
1,Uzoma
2,Vaani
1,Vacielle
2,Vada 
1,Vaia
1,Vaidehi
1,Vaira
1,Valea
2,Valencia
1,Valens
10,Valentina
4,Valeria
7,Valerie
1,Valery
1,Valerye
1,Vallerie
1,Valnesa
2,Van
1,Vaneigha
1,Vanesa
30,Vanessa
2,Vania
1,Vanille
1,Vanisha
1,Vanya
1,Varah
1,Varvara
1,Vasalisa
1,Vasiliki
1,Vaughn
1,Vaya
1,Vayda
1,Vayleah
3,Veda
1,Vedika
1,Veedhe
1,Veia
1,Vejama
1,Vencia
1,Venezia
1,Venila
1,Venkata
1,Venna
1,Venus
1,Venyse
8,Vera
1,Verity
1,Verity-Evangeline
14,Veronica
3,Veronika
1,Veronyca
1,Veyda
2,Viana 
2,Vianna
2,Vianne
1,Vickie
2,Vicky
1,Victoralynn
87,Victoria
1,Victory
1,Vida
1,Vidhi
1,Vidya
1,Vielle
16,Vienna
1,Viktoria
1,Vila
1,Vinae
1,Vincenza
1,Vincy
1,Vineetha
1,Vini
7,Viola
51,Violet
1,Violeta
1,Violetta
1,Violette
2,Viona
4,Virginia
1,Visinia
7,Vivian
4,Viviana
3,Vivianne
1,Vivien
11,Vivienne
1,Vivika
1,Vlada
1,Vlera
1,Vonia
1,Vritee
1,Vrushi
1,Vy
1,Vyenna
1,Vylet
1,Vyolett
1,Vyvyan
1,Waad
1,Wachontkiya
1,Wadaana
1,Waheeda
1,Wahiyaba
1,Wairimu
1,Wajd
1,Wajiha
1,Wakiza
1,Wan
1,Wanidu
1,Waniya
1,Warda
1,Watcharinh
1,Wayne
1,Wednesday
1,Wejdan
1,Wemi
1,Wen
3,Wendy
1,Wengel
1,Wesleigh
10,Whitney
1,Wiktoria
1,Wilhelmina
6,Willa
1,Willah
41,Willow
1,Winifred
1,Winley
3,Winnie
1,Winnifred
2,Winry
1,Winsia
2,Winslow
5,Winter
1,Wirna
9,Wren
1,Wrenn
1,Wudassie
1,Wuesenen
1,Wylie
2,Wynn
1,Wynne
3,Wynter
1,Wynter-Rose
1,Wyssame
1,Xaida
1,Xaidyn
1,Xaija
1,Xaira
1,Xali
2,Xandra
1,Xandria
1,Xara 
1,Xarah
2,Xaviera
1,Xayla
2,Xenia
1,Xerena
1,Xiaoyu
1,Xinye
1,Xiomara
1,Xiyla
1,Xochi
1,Xola
1,Xylia
1,Xzaiah
1,Yahvi
1,Yajra
1,Yaleena
1,Yanaisi
4,Yanet
1,Yanichel
2,Yaqeen
1,Yar
6,Yara
1,Yasaman
1,Yasemin
1,Yashfeen
1,Yashika
2,Yashvi
2,Yasmeen
8,Yasmin
6,Yasmine
1,Yatta
1,Yazmin
1,Yélena
1,Yelina
1,Yen
1,Yeonji
1,Yermionia
1,Yesenia
1,Yesha
1,Yi
1,Ying-Jie
1,Yirie
1,Yned
1,Yobella
2,Yohanna
4,Yolanda
1,Yoona
1,Yorsalem
1,Yosabet 
1,Younique
1,Yoyo
1,Ysabel
3,Ysabella
3,Ysabelle
1,Ysha
3,Yu
1,Yufan
1,Yui
1,Yuka
1,Yulena
1,Yulia
1,Yulianna
1,Yulli
2,Yumi
2,Yumna
1,Yumu
7,Yuna
1,Yuni
1,Yuot
1,Yuqing
4,Yusra
1,Yusrah
1,Yuthmini
1,Yutong
1,Yuxin
1,Yuxuan
1,Yvanna
1,Yvette
1,Yvette-Simone
2,Yvonne
2,Yzabelle
1,Yzhee
1,Zaara
1,Zabrina
2,Zahara
1,Zaheya
1,Zahia
1,Zahina
5,Zahra
2,Zahraa
1,Zahrae
1,Zahryah
1,Zaida
1,Zailauna
1,Zaima
4,Zaina
15,Zainab
1,Zakara
1,Za'Karia
1,Za'Kariah
1,Zakayla
1,Zakya
2,Zamzam
1,Zana
1,Zandra
1,Zaniah
1,Zanib
1,Zanna
1,Zannat
1,Zaphyara
1,Zaphyra
13,Zara
2,Zarah
3,Zaria
1,Zariah
1,Zarina
1,Zariya
2,Zarya
1,Zasha
1,Zauna
1,Zavana
2,Zaya
1,Zayah
1,Zaya-Joy
2,Zayda
1,Zayde
1,Zayden
2,Zayla
1,Zayleen
1,Zaylia
1,Zayna
3,Zaynab
1,Zaynah
1,Zee
1,Zefire
1,Zehra
1,Zeina
1,Zejnepe
1,Zélie
1,Zemra
1,Zen
1,Zenat
1,Zenaya
2,Zendaya
1,Zendel
1,Zenessa
1,Zenia 
1,Zenib
1,Zenith
1,Zeoy
1,Zephonia
1,Zeuparee
1,Zeva
1,Zeyna
1,Zeynab
3,Zeynep
1,Zhi
1,Zhoe
2,Zia
1,Ziah
1,Zibiah
1,Zilin
1,Zinaye
1,Zinnia
1,Zishan
1,Ziva
2,Ziya
1,ZiYi
1,Zizi
1,Ziziyana
67,Zoe
4,Zoé
12,Zoë
1,Zöe
1,Zoeigh-Anne
94,Zoey
1,Zoeya
1,Zoey-Anne
1,Zoey-Layne
5,Zofia
3,Zoha
1,Zohal
5,Zoie
1,Zola
1,Zolani
1,Zomrod
1,Zooey
2,Zophia
1,Zophya
2,Zosia
1,Zowie
8,Zoya
1,Zuhal
1,Zuhra
1,Zulheika
1,Zunaira 
1,Zunairah
1,Zuri
1,Zuriat
1,Zuriella
1,Zya
1,Zyann