1,Aadhya
1,Aadvika
1,Aadya
1,Aaesha
1,Aafarida
2,Aahana
1,Aahna
1,Aaiana
2,Aaira
1,Aaisha
1,Aalaiyah
1,Aaleen
2,Aaleyah
5,Aaliya
42,Aaliyah
1,Aaliyah-Faye
1,Aamina
3,Aaminah
2,Aamna
9,Aanya
1,Aara
3,Aaradhya
1,Aaralee
1,Aaralynn
1,Aaria
1,Aarieanna
1,Aarika
4,Aarna
1,Aarohi
1,Aarushi
5,Aarya
1,Aaseas
1,Aashna
1,Aasia
1,Aasiya
1,Aavry
1,Aayah
1,Aayat
1,Aayla
1,Aazeen
1,Abagael
2,Abagail
1,Abaigeal
4,Abbey
1,Abbi
3,Abbie
1,Abbiegale
7,Abbigail
1,Abbigaile
1,Abbigale 
1,Abbigayl
1,Abbrianna
17,Abby
3,Abbygail
2,Abbygale
1,Abeeha
1,Abeera
2,Abegail
1,Abelia
1,Abemael
1,Aberdeen
1,Abha
1,Abhitha
2,Abi
1,Abiah
3,Abigael
164,Abigail
1,Abigail-Crystal
2,Abigale
1,Abigayl
4,Abigayle
1,Abigia
1,Abiha
1,Abira
1,Abisatou
1,Abisha
3,Abrianna
1,Abrie
1,Abriela
2,Abriella
7,Abrielle
1,Abril
1,Abryanna
1,Abul
1,Aby
1,Abyelle
2,Abygail
1,Abygeil
3,Acacia
3,Acadia
1,Acelin
1,Acelynn
1,Achad
1,Achan
1,Achette
1,Achiraya
1,Achoi
1,Achok
1,Achols
1,Acil 
1,Acrom
18,Ada
1,Adabell
1,Adahlia
1,Adair
1,Adalaya
1,Adalayne
2,Adalee
1,Adaleyah
1,Adali
4,Adalia
1,Adalina
1,Adaline
17,Adalyn
19,Adalynn
4,Adalynne
2,Adama
1,Adamay
1,Adan
3,Adanna
3,Adara
1,Adarah
1,Adasyn
1,Adaya
2,Addalyn
1,Addalynn
1,Addasyn
1,Addelinn
1,Addelyn
3,Addie
1,AddieMae
1,Addilia
1,Addiline
2,Addilyn
1,Addin
1,Addington
1,Addisen
74,Addison
7,Addisyn
3,Addley
11,Addyson
1,Adeeb
3,Adeena
1,Adeife
2,Adela
1,Adelaida
13,Adelaide
8,Adele
1,Adelène
1,Adelie
1,Adelin
5,Adelina
10,Adeline
1,Adella
1,Adellah
1,Adelle
28,Adelyn
6,Adelynn
1,Aden
1,Adena
1,Adeola
1,Adeoluwa
1,Adesola-Oluwa
1,Adha
1,Adi
1,Adia
1,Adiak
1,Adijona
1,Adileigh
1,Adilynn
2,Adina
1,Adinah
2,Adison
1,Adissyn
1,Aditi
1,Adiya
2,Adlee
2,Adleigh
3,Adley
3,Adora
1,Adorah
1,Adrea
1,Adreana
4,Adria
17,Adriana
18,Adrianna
1,Adrianne
1,Adriaunna
1,Adriele
1,Adrielle
1,Adrienna
2,Adrienne
2,Adrina
1,Adrionna
1,Adut
1,Advaita
1,Adya
4,Adyson
1,Aefa
2,Aela 
1,Aemilia
1,Aerian
1,Aeriona
5,Aeris
1,Aerisara
1,Aerish-Leona
1,Aerith
1,Aevriel
1,Aevyn
1,Afiya
1,Afrah
1,Afsa
1,Afshan
1,Afsheen
1,Afunwi
1,Agam
2,Agamjot
1,Agamnoor
1,Agampreet
3,Aganetha
5,Agatha
1,Aggie
1,Agnes
1,Ahaana
1,Ahana
1,Ahla
1,Ahlam
1,Ahleeya
1,Ahmya
2,Ai
2,Aicha
3,Aida
1,Aidalaine
1,Aidia
2,Aiesha
1,Aiin
1,Aikamjot
5,Aila
1,Aileen
1,Ailey
2,Aili
1,Ailish
1,Ailsa
1,Aima
1,Aime
4,Aimee
1,Aimi
1,Aimie
1,Ainsleigh
28,Ainsley 
3,Ainslie
2,Aira
1,Airdyn
1,Airia
1,Airiana
1,Airissa
1,Airlea
23,Aisha
1,Aïsha
2,Aishah
2,Aishani
1,Aishman
1,Aishmun
1,Aislee
1,Aisley
1,Aislin
2,Aisling
1,Aislinn
3,Aislynn
1,Aissata-Ibrahim
1,Aiva
1,Aivah
1,Aivly
4,Aiyana
1,Aiysis
5,Aiza
1,Aizah
1,Aizel
1,Aizenosa
1,Aizley
1,Ajack
1,Ajah
1,Ajanae
1,Ajla
4,Ajok
3,Ajooni
1,Ajuni
1,Ajwa
1,Akakos
1,Akalia
1,Akam
1,Akasha
1,Akayla
2,Akeelah
1,A'keira
1,Akeisha
1,Akesha
1,Akhasha
1,Akiko
1,Akila
1,Akilah
1,Akina
1,Akita
1,Akiva
1,Akout
2,Akshara
1,Akuach
1,Akuocha
1,Akuol
1,Akyra
1,Ala
1,Alaa
1,Alaca
1,Alacia
1,Alah
1,Alaia
10,Alaina
1,Alainia
1,Alainna
1,Alair
1,Alaiya
1,Alamea
12,Alana
1,Alanda
1,Alandra
1,Alandria
2,Alanna
2,Alannah
2,Alara
1,Alasia
1,Alauk
1,Alaura
2,Alaya
4,Alayah
1,Alayiah
10,Alayna
1,Alaynah
1,Alaysha
1,Alaysia
2,Alba
1,Albina
11,Aleah
2,Aleaha
1,Aleana
1,Aleeda
4,Aleen
12,Aleena
1,Aleenah
2,Aleera
1,Aleesah 
1,Aleescia
1,Aleesia
2,Aleeya
4,Aleeza
1,Aleezah
1,Aleezay
1,Alefiyah
1,Aleida
1,Aleira
1,Aleiya
1,Aleiyha
1,Aleja
1,Alejandra
1,Alek
1,Alekhya
1,Alekni
4,Aleksandra
1,Aleksandra-Valentina
1,Alekx
3,Alena
1,Alenah
1,Alera
1,A'Lerah
1,Alese
1,Alesha
1,Aleska
1,Alessa
8,Alessandra
2,Alessandria
5,Alessia
2,Aletheia
1,Alevtina
3,Alex
46,Alexa
1,Alexa-Jae
1,Alexana
50,Alexandra
1,Alexandrea
12,Alexandria
1,Alexi
10,Alexia
2,Alexie
76,Alexis
1,Alexius
1,Alexsandra
1,Alexsis
1,Alexstrasza
3,Alexus
1,Alexxia
1,Alexxis 
1,Alexy
1,Alexzandria
1,Aleya
3,Aleyah
1,Aleyjrah
1,Alganesh
1,Algere
4,Ali
12,Alia
1,Aliana
4,Alianna
49,Alice
10,Alicia
1,Alicianna
1,Alida
1,Alieana
1,Alieza
2,Alika
1,Aliki
21,Alina
4,Alisa
11,Alisha
1,Alishah
5,Alishba
8,Alison
4,Alissa
1,Alita
1,Alitzia
1,Alivea
17,Alivia
1,Aliviah
1,Alix
13,Aliya
22,Aliyah
1,Aliyah-Maria
1,Aliyana
4,Aliza
1,Alizaah
2,Alizah
1,Allaine
1,Allana
1,Allannah
1,Allayha
3,Allegra
1,Alleigh
1,Alleiza
1,Allerie
1,Allessandra
1,Allexis
1,Alli
1,Alliah
1,Allicia
11,Allie
1,Allie-Anne
26,Allison
1,Allissa
1,Alliyah
6,Ally
1,Allyah
1,Ally-Anna
1,Allysa
1,Allysen
4,Allyson
2,Allyssa
1,Allyssandra
1,Allyus
1,Allyza
8,Alma
1,Alondra
5,Alora
6,Althea
1,Altheya
1,Alu
2,Aluel
1,Aluet
1,Aluong
1,Alva
2,Alvina
1,Alwyn
1,Alya
1,Alyaa
2,Alyah
2,Alyana
3,Alyanna
1,Alyce
1,Alyia
1,Alyka
3,Alyna
2,Alynna
1,Alyria
1,Alys
1,Alysandra
5,Alyse
1,Alysen
4,Alysha
1,Alysia
7,Alyson
45,Alyssa
1,Alyssa-Bella
1,Alyssandra 
1,Alyssea
1,Alythia
6,Alyvia
1,Alyx
1,Alyxanderia
2,Alyza
1,Alyzah
1,Alzeah
2,Amaanat
1,Amaaya
1,Amaiah
1,Amaira
5,Amalia
2,Amalie
1,Amama
2,Amanat
14,Amanda
1,Amandeep
1,Amanosi
1,Amanpreet
5,Amara
1,Amarachi
1,Amarachukwu
1,Amarah
1,Amara-lynn
1,Amaraya
2,Amari
1,Amarie
1,Amaryllis
1,Amaryn
1,Amath
1,Amay
17,Amaya
1,Amayah
1,Amayiah
1,Amaylia
1,Amayra
28,Amber
2,Amberly
1,Amberlynn
2,Ambria
2,Ambriella
3,Ameena
3,Ameera
1,Ameerat
132,Amelia
2,Amélia
1,Ameliah
1,Amelianna
1,Amelia-Ray 
8,Amelie
9,Amélie
1,Amen
2,Amena
1,Amenah
1,Amerah
1,Ameran
2,Amerie
1,Ameris
1,Amerylis
2,Amethyst
1,Ameyah
1,Ami
3,Amia
1,Amika
1,Amilah
1,Amilea
3,Amilia
1,Amily
8,Amina
3,Aminah
2,Aminata
16,Amira
3,Amirah
1,Amirlan
2,Amisha
1,Amity
2,Amiya
2,Amiyah
4,Amna
1,Amnawit
1,Amouikan
1,Amra
2,Amran
2,Amreen
4,Amreet
1,Amrielle
3,Amrit
2,Amrita
1,Amsley
1,Amtinan
1,Amtul-Noor
1,Amtul-Saboor
31,Amy
1,Amygreil
1,Amylia
1,Amylie
1,Amyra
1,An
8,Ana
1,Anabel
1,Anabell
2,Anabella
3,Anabelle
1,AnaBelle
3,Anabia
1,Anaël
1,Anagi
1,Anaiah
2,Anais
1,Anaiyah
1,Analea
1,Anam
2,Anamika
1,Anand
1,Ananya
2,Anara
1,Anashantall
1,Anashe
1,Ana-Sofia
1,Anastacia
1,Anastaisa
15,Anastasia
1,Anastazia
1,Anatakii
1,Anathalia
1,Anaum
1,Anavya
10,Anaya
1,Anayah
1,Anbupriya
1,Andee
1,Andi
2,Andia
2,Andie
1,Andi-Lee
1,Andilyn
1,Andisha
1,Andjela
1,Andraste
22,Andrea
1,Andréa
1,Andrea-Elyza
1,Andrelyn
1,Andreya
1,Andromeda
2,Aneet
1,Aneilia
1,Anek
1,Anéla 
1,Aneleh
1,Anelisa
1,Anesa
1,Anfa
1,Anfisa
29,Angel
12,Angela
1,Angelah
8,Angelica
1,Angelika
11,Angelina
1,Angeline
2,Angelique
1,Angélise
1,Angelita
1,Angelyn
1,Angeni
4,Angie
1,Anhaar
4,Ania
2,Anica
1,Anica-Maria
1,Aniela
18,Anika
1,Anikka
1,Anir
2,Anisa
1,Anisah
2,Anisha
3,Anissa
1,Aniston
1,Anistyn
4,Anita
6,Aniya
2,Aniyah
1,Aniyah-leigh
1,Anizah
5,Anja
1,Anjal
3,Anjali
1,Anjani
1,Anjolaoluwa
1,Anjulie
3,Ann
88,Anna
8,Annabel
1,Annabell
7,Annabella
43,Annabelle
1,Anna-Belle 
2,Annabeth
1,Anna-beth
1,Annadine
1,Anna-Kimberly
2,Annalea
1,Annalee
1,Annaleese
1,Annaleia
2,Annaleigh
1,Annaleise
1,Annalex
1,Annalie
3,Annaliese
10,Annalise
1,Annalyn
1,Anna-Lynne
1,Annalyse
1,Annalyziea
1,Annamaria
1,Anna-Maria
1,Annant
3,Annastasia
1,Annastyn
1,Annavey
1,AnnDee
2,Anne
1,Anne-Julie
4,Anneka
2,Anneke
1,Annelia
1,Annelie
2,Annelies
1,Annelisa
3,Annelise
1,AnneNoreen
2,Annette
2,Annica
1,Annick
12,Annie
29,Annika
2,Anniston
1,Anntoinette
2,Anny
1,Annzy
2,Anoop
1,Anoosha
1,Anora
1,Anouk
1,Anshi
1,Anshika
1,Anshmeen
1,Antaea
3,Anthea
2,Antoinette
1,Antonella
3,Antonia
1,Antoniette
3,Anum
3,Anureet
2,Anushka
2,Anvi
1,Anvika
1,Anwen
1,Anwyn
12,Anya
3,Aoife
1,Aowyn
1,Apaarjot
1,Aphrodite
1,Apiew
1,Apiphany
1,Apout
13,April
1,Aqila
1,Aqosua
1,Aqsa
1,Aquila
3,Ara
1,Arabel
14,Arabella
1,Arabella-Elin
3,Arabelle
1,Aradessa
1,Aradhya
1,Araianna
1,Aralina
1,Aralyn
1,Aralynn
1,Aram
1,Aramis
1,Arani
1,Aravis
5,Araya
1,Arayah
1,Archa
3,Arden
2,Ardyn
1,Ardynn
1,Areah
2,Areeba 
3,Areej
2,Arella
1,Arena
1,Aresema
1,Areté
1,Areya
5,Arfa
1,Arhyanne
1,Ari
83,Aria
1,Aria-Grace
3,Ariah
3,Ariam
1,Ariame
43,Ariana
60,Arianna
6,Arianne
2,Arianni
2,Arianny
1,Aria-Rose
1,Arieanna
16,Ariel
1,Ariela
5,Ariella
1,Ariellah
12,Arielle
1,Arien-Rose
1,Arifa
2,Arika
3,Arin
1,Arina
2,Arionna
2,Arisha
2,Arissa
13,Ariya
2,Ariyah
3,Ariyana
4,Ariyanna
5,Arizona
1,Arja
1,Arjana
1,Arjwan
1,Arlana
1,Arleigh
2,Arley
2,Arlo
1,Arloe
1,Armony
1,Arnika
1,Arooj 
1,Aroosh
2,Arora
1,Arounsri
3,Aroush
1,Arpann
3,Arra
1,Arrabella
1,Arrazola
1,Arria
1,Arriah
3,Arrianna
1,Arrow
1,Arrowyn
3,Arsema
1,Arshia
1,Arshitha
1,Arshnoor
2,Artemis
1,Arvada
1,Arvie
2,Arwa
4,Arwen
1,Arwyn
41,Arya
1,Aryah
6,Aryana
1,Aryane
7,Aryanna
1,Aryeon
1,Aryianna
1,Arynn
1,Aryonna
1,Aryssa
1,Asal
1,Aseda
3,Aseel
3,Asees
1,Asenath
1,Ash
7,Asha
1,Ashaiya
1,Ashalina
1,A'Shea
2,Ashia
1,Ashika
1,Ashlaeya
1,Ashlee
1,Ashleigh
22,Ashley
2,Ashlin
2,Ashling
1,Ashlinn
1,Ashly
12,Ashlyn
1,Ashlyn-Breana
14,Ashlynn
2,Ashmeet
2,Ashton
1,Ashtra
3,Ashtyn
1,Ashvika
1,Ashwa
1,Ashwini
1,Ashyln
4,Asia
1,Asil
1,Asinaaw
1,Asira
3,Asiya
1,Asiyah
2,Asli
1,Aslynn
3,Asma
1,Asmara
1,Asmita
2,Asna
18,Aspen
8,Aspyn
1,Asreet
1,Assiah
1,Astoria
1,Astorya
6,Astrid
1,Asunta
1,Asya
1,Atalin
1,Atara
2,Atarah
1,Athaliah
1,Athea
1,Atheena
24,Athena
2,Athiei
1,Athina
1,Atieh
1,Atifa
1,Atira
1,Attley
50,Aubree
1,Aubrée 
1,Aubre-ella
1,Aubree-Lynn
2,Aubreigh
69,Aubrey
1,Aubrey-Anna
1,Aubrey-Lynn
1,Aubri
1,Aubrianna
9,Aubrie
2,Aubriella
2,Aubrielle
1,Aubrina
1,Aubryelle
1,Audan
1,Audreanne
70,Audrey
1,Audreya
3,Audrianna
1,Audrie
5,Audrina
1,Audryna
1,Augustina
1,Auliv-Jillian
2,Aura
1,Auréa
9,Aurelia
1,Aurelie
1,Auriel
39,Aurora
1,Aurorah
5,Austyn
51,Autumn
198,Ava
1,Avaani
1,Ava-Elizabeth
4,Avah
1,Avaia
1,Ava-Jade
1,Ava-Lee
2,Avaleen
1,Avalena
1,Avalene
1,AvaLin
7,Avalon
5,Avalyn
2,Ava-Lynn
4,Ava-Marie
1,Ava-marie
1,Avana
4,Avani 
1,Ava-Rae
1,Ava-Raine
1,Ava-re
1,Avarie
1,Avarielle
1,Ava-Rose
1,Avary
2,Avaya
1,Avayah
1,Aveah
1,Aveleen
1,Avelia
1,Avelynn
5,Aven
1,Averey
3,Averi
9,Averie
1,Averielle
1,Averleigh
1,Averly
172,Avery
1,Avetta
1,Avexis
3,Aveya
1,Aveyah
1,Avi
1,Avia
3,Aviana
4,Avianna
1,Avianne
1,Avideh
1,Avielle
1,Avienda
1,Avienna
1,Avila
1,Avilyn
2,Avineet
1,Aviroop
3,Avleen
7,Avneet
1,Avonlea
1,Avory
2,Avreet
1,Avri
1,Avrie
1,Avriella
2,Avrielle
4,Avril
1,Avrileyah
1,Avry
1,Avrylyn
1,Avyanna
1,Avyelle
1,Avyn
1,Awak
1,Awot
10,Aya
1,Ayaana
1,Ayaat
10,Ayah
1,Ayak
1,Ayaka
1,Ayan
4,Ayana
3,Ayanna
1,Ayasha
2,Ayat
1,Ayda
1,Ayden
1,Aydreana
1,Aydria
1,Aydriana
1,Ayelissa
1,Ayen
9,Ayesha
1,Ayhen
1,Ayibongwe
1,Aykut
31,Ayla
5,Aylah
1,Aylsa
1,Aymal
1,Aymon
1,Aynsleigh
1,Aynsley
1,Ayomide
1,Ayooluwa
3,Ayra
2,Ayrabella
1,Ayriana
2,Aysha
1,Ayuen
3,Ayva
1,Ayvanie
1,Ayva-Rae
2,Ayvril
1,Ayyah
1,Azada
1,Azaelah
1,Azaelia 
1,Azah
3,Azalea
1,Azaleah
1,Azalea-Lexie
1,Azalee
2,Azaleia
3,Azalia
1,Azaliaa
1,Azarey
1,Azaria
1,Azariah
1,Azarielle
1,Azayleah
1,Azelle
1,Azialain
2,Aziza
1,Azkadellia
1,Azlynn
1,Azmiira
2,Azra
1,Azrael
2,Azriel
1,Azrielle
2,Azza
4,Baani
1,Babette
2,Baby
2,Bahar
2,Bahara
1,Bahja
5,Bailee
1,Baileigh
29,Bailey
1,Bakhshan
1,Balnoor
1,Balqis
1,Baneet
2,Bani
1,Baran
3,Barbara
1,Barbie
2,Barbra
1,Barine
1,Barisha
1,Basheerah
1,Batool
2,Batul
1,Bayaan
1,Bayan
1,Bayane 
2,Baylee
1,Bayleigh
1,Bayley
1,Baylor
1,Béa
1,Beata
1,Beatle
7,Beatrice
1,Beatris
2,Beatrix
1,Beatriz
2,Beau
1,Beautifull
1,Beauty
1,Beaux
4,Becca
2,Becky
1,Bedokare
1,Beilea
2,Belinda
28,Bella
1,Bella-Rose
1,Bella-Starr
5,Belle
1,Bellé
1,Belqis
1,Beneet
1,Benisha
3,Bennett
1,Benni
1,Bentlee
2,Bentleigh
6,Bentley
1,Berenice
1,Beretta
3,Berkeley
1,Berkleigh
9,Berkley
1,Berlin-Ray
1,Berlyn
2,Bernadette
1,Bernice
1,Bessie-Anna
1,Betaniya
1,Betel
1,Betelheim
1,Beth
1,Beth-Anne
1,Bethanny
15,Bethany
1,Bethel
1,Bethenny
2,Bethlehem
1,Bethney
1,Bethynee
1,Betsy-Taylor
1,Bettina
2,Betty
1,Betul
2,Beverly
1,Bexley
1,Bhavya
1,Bi
11,Bianca
1,Bianca-Iulia
1,Bianka
1,Biile
1,Bijou
1,Bijoux
2,Billie
1,Bilqis
1,Binira
1,Biranavi
1,Birdie
1,Birkley
1,Bisan
1,Bitania
1,Blaike
2,Blaikley
1,Blaine
7,Blair
7,Blaire
1,Blaise
1,Blaize
23,Blake
1,Blakelee
1,Blakeley
18,Blakely
1,Blakelyn
2,Blayke
1,Blayne
1,Blayre
1,Blessi
1,Blessing
2,Bleta
1,Blissannie
2,Blythe
1,Bnar
2,Bobbi
1,Bobbie 
1,Bobby-Lynn
1,Bodhi
1,Bongeka
5,Bonnie
1,Boqonna
1,Bora
2,Bowen
1,Bowie
1,Bradee
1,Bradlee
1,Brae
1,Braea
1,Braeden
1,Braeleigh
1,Braelen
6,Braelyn
8,Braelynn
1,BraeLynn
1,Braeya
4,Brandi
1,Brandie
1,Brandy
1,Branna
1,Brannagh
1,Braxton
5,Braylee
1,Braylei
1,Brayleigh
1,Brayleigha
1,Braylynn
1,Bre
2,Brea
1,Breah
1,Brealie
1,Brealle
16,Breanna
4,Breanne
9,Bree
1,Breea
1,Breeanna
1,Bree-Anne
1,Breeli
1,Breely
1,Breelyn
1,Breelynn
1,Breeze
1,Brekyn
1,Brelyn
1,Brelynn
1,Brena 
2,Brenda
1,BrendaLynn
9,Brenna
1,Brenna-Evri
1,Brennan
1,Brett
1,Bretynn
1,Breyana
5,Bria
3,Briana
1,Brianca
29,Brianna
5,Brianne
7,Briar
1,Bridge
10,Bridget
3,Bridgette
1,Brie
12,Briella
48,Brielle
1,Brielynn
3,Brienna
1,Brienne
1,Brier
1,Brieya
1,Brightyn
2,Brigit
1,Brila
1,Briley
1,Brin
1,Brina
1,Brinkley
1,Brinleigh
23,Brinley
1,Brinlyn
1,Brinlynn
1,Brinn
1,Brinnan
1,Brinta
2,Brisa
3,Britney
1,Britta
3,Brittany
1,Brittin
1,Brittnie
1,Britton
2,Brittyn
1,Brixton
1,Briya
1,Briyanah
1,Briyanna
1,Brodee
1,Brodi
1,Brodie
1,Bronte
8,Bronwyn
1,Bronwynne
3,Brook
52,Brooke
2,Brookelyn
1,Brooklin
1,Brooklyen
126,Brooklyn
37,Brooklynn
2,Brooklynne
1,Brooklyn-Paige
1,Bryan
2,Bryanna
3,Bryar
1,Bryar-Dawn
3,Bryer
1,Brylee
1,Bryli
1,Brylie
2,Brylin
12,Bryn
1,Brynja
12,Brynlee
3,Brynleigh
5,Brynley
40,Brynn
2,Brynna
1,Brynnlee
1,Brynn-Lee
1,Bsma
1,Bukhsish
1,Burklie
1,Bushra
1,Busime
1,Bwiza
1,Byabene
1,Byan
3,Cadance
1,Cadele
20,Cadence
1,Cadie
1,Caeli
1,Caelyn
2,Cai
1,Caia 
1,Caiden
2,Caidence
1,Cailean
1,Cailee
1,Caileigh
2,Cailey
2,Cailyn
1,Cailynn
1,Caiomhe
1,Cairi
1,Cairo
1,Cait
1,Caithlyn
7,Caitlin
12,Caitlyn
1,Cala
1,Cale
1,Caledonia
1,Caleesi
2,Caleigh
13,Cali
2,Calia
1,Caliah
2,Caliana
1,Caliber
1,California
1,Cali-Lynn
1,Calise
1,Calissa
5,Calista
1,Calix
4,Calla
1,Calle
1,Cal-Lee
3,Calleigh
1,Calley
1,Callia
25,Callie
1,Calyannabella
1,Calynn
2,Calyse
2,Cambria
1,Camden
3,Camdyn
1,Camelia
1,Camellia
5,Cameron
12,Camila
1,Camilia
3,Camilla 
7,Camille
2,Camira
1,Camiryn
11,Camryn
2,Candace
1,Candice
1,Candis
1,Candy
1,Cansseys
1,Caoimhe
6,Capri
1,Caprice
9,Cara
1,Caragyn
1,Caralysa
2,Carina
1,Caris
1,Cariss
1,Carissa
1,Carla
2,Carlee
1,Carleen
1,Carleigh
2,Carlene
2,Carley
3,Carlie
1,Carlishia
13,Carly
1,Carlyle
1,Carmalena
1,Carmel
1,Carmela
2,Carmella
1,Carmelle
8,Carmen
1,Carmi
1,Carmondy
4,Carol
1,Caroley
2,Carolina
11,Caroline
7,Carolyn
2,Carolynn
1,Carrera
2,Carrie
1,Carrie-Ann
1,Carrigan
1,Carson
1,Carsyn
1,Caryn
8,Carys
1,Casca
7,Casey
1,Casey-Ann
1,Casiena
1,Cassady
14,Cassandra
1,Cassandra-Ivee
1,Cassenia
1,Cassey
2,Cassia
1,Cassian
1,Cassidie-Anne
25,Cassidy
2,Cassie
2,Cassie-Lynn
1,Cassiope
1,Caszandra
3,Cataleya
5,Catalina
3,Catarina
1,Catelyn
1,Caterina
1,Cathana
1,Catharina
22,Catherine
1,Catherine-Ann
1,Cathleen
1,Cathy
1,Cattalaya
1,Cattleya
1,Caydance
4,Caydence
1,Cayelle
2,Cayla
3,Caylee
2,Cayleigh
2,Cayley
1,Cayli
2,Caylie
1,Cayson
4,Cecelia
12,Cecilia
1,Cécilia
5,Cecily
5,Cedar
1,Cegod
1,Ceicillia
1,Ceili
2,Ceilidh 
1,Ceira
1,Cela
1,Celes
11,Celeste
2,Celestine
1,Celestyn
4,Celia
7,Celina
7,Celine
1,Celliene
1,Celtie
1,Cemre
1,Centraya
1,Cera
1,Ceraphina
1,Cerridwen
1,Cetta
2,Chaela
1,Chahd
1,Chalice
1,Cham
1,Chamadaska
1,Chana
1,Chancy
1,Chandelle
1,Chandini
5,Chanel
3,Chanelle
3,Channing
1,Chantal
1,Chantayis
2,Chantelle
1,Charice
4,Charity
1,Charizma
1,Charlea
1,Charleah
27,Charlee
5,Charleigh
2,Charlene
22,Charley
6,Charli
34,Charlie
1,Charlie-Jaye
1,Charliez
12,Charlize
1,Charllote
156,Charlotte
1,Charlotte-Rose
1,Charly 
1,Charlye-Jo
1,Charly-Mae
1,Charlyse
1,Charmaine
1,Chase
1,Chasheen
1,Chasity
1,Chassidy
1,Chasya
1,Chayce
1,Chayse
1,Chazlynn
1,Chazmyn
1,Che-Che
24,Chelsea
7,Chelsey
1,Cheluchi
1,Chelyn
1,Chenelle
1,Cher
1,Cherelle
1,Cheriah
1,Cherilen
1,Cherish
1,Cheriz
1,Cheryl
1,Cheska
1,Chesnee
1,Chesney
1,Chetan
2,Chevelle
1,Chevi
3,Cheyanne
9,Cheyenne
1,Chiamaka
1,Chiana
1,Chiara
1,Chidera
1,Chidinma
1,Chim-Amanda
1,Chisom
1,Chiyenum
2,Chizara
156,Chloe
10,Chloé
1,Chloë
1,Chloée
2,Chloey
1,Chol
1,Chrisma
1,Christa
1,Christal
1,Christia-Lynn
3,Christiana
1,Christianna
1,Christianne
2,Christie
21,Christina
12,Christine
1,Chrizshamae
1,Chrystal
1,Chudier
2,Chyanne
1,Chyrine
3,Ciana
1,Ciandra
14,Ciara
1,Ciaran
2,Ciarra
1,Cicely
1,Cici
1,Cielo
4,Cienna
1,Ciera
5,Cierra
1,Ciesa
1,Cigdem
1,Cikwanine
1,Cilka
2,Cindy
1,Cinrei
1,Cinthia
1,Citlali
1,Clair
5,Claira
98,Claire
1,Clairissa
49,Clara
1,Clara-Rain
5,Clare
1,Clarette
1,Clarice
1,Clariss
1,Clarissa
1,Clariz
1,Clark
2,Claudia
1,Clay
1,Claymar
1,Clea 
8,Cleo
1,Cleopatra
1,Clio
3,Cloe
2,Cloé
1,Cloey
1,Cloris
4,Clover
1,Cobie
1,Codi
1,Cohen
5,Colbie
2,Colby
1,Cole
2,Colette
1,Colleen
2,Collins
1,Connie
1,Conshens
1,Constance
9,Cora
1,Coralee
1,Coralie
5,Coraline
5,Cordelia
1,Corilea
1,Corinne
1,Cornelia
1,Corrie
1,Corrilyn
1,Corrine
1,Cortana
1,Cortez
1,Courage
1,Courtnee
4,Courtney
1,Cree
1,Creelee
1,Crimzen
1,Crisanna
1,Cris-Margarette
1,Cristal-Angel
1,Cristina
1,Cristine
1,Cristobel
3,Cruz
1,Crys
9,Crystal
1,Curia
1,Cyana 
1,Cybil
1,Cydney
1,Cymaridelle
1,Cymphanique
1,Cyndall
2,Cynthia
1,Cyra
1,Cyraj
1,Cyrena
3,Czarina
1,Daamvi
1,Daanya
2,Dacey
2,Dacia
1,Daeclyn
1,Daenarys
1,Dafne'
7,Dahlia
1,Dahna
1,Daija
1,Daijah
1,Daisha
1,D'Aisha
1,Daishona
9,Daisy
1,Dakoda
2,Dakota
1,Dakota-Dawn
1,Dalayla
1,Dali
4,Dalia
1,Dalie
1,Dalila
1,Dalilah
5,Dallas
1,Dallis
2,Dalyah
1,Dalyzia
1,Damaris
1,Damilola
8,Dana
1,Danae
1,Dandaline
1,Daneca
1,Daneesha
2,Danelle
4,Dani
4,Dania
33,Danica
1,Danicia
1,Danicka
3,Daniela
13,Daniella
22,Danielle
1,Danielle-Ezra
24,Danika
1,Dani-Lynn
1,Danise
1,Daniya
1,Daniyah
1,Daniyka
2,Danna
2,Danni
1,Dannica
1,Dannielle
1,Danni-lynn
1,Danya
2,Danyka
8,Daphne
1,Daphné
1,Daphne-Ysabel
1,Daralynn
1,Darasimi
1,Darby
1,Darcie
3,Darcy
1,Dareen
1,Darine
1,Darla-Jean
2,Darlene
1,Darrian
1,Darya
1,Daryna
2,Dasha
1,Dashlyn
1,D'Asia
1,Dava
1,Daveanna
1,Daveigh
1,Davene
1,Davey
1,Davika
1,Davilyn
1,Davita
1,Davyna
2,Dawn
1,Dawnn
2,Dawson
1,Dawsyn
1,Daxley 
3,Daya
1,Dayana
1,Dayerly
1,Dayla-Star
2,Daylee
1,Daylin
1,Daylyn
2,Dayna
1,Dayne
1,Dayzie
1,Dazlyn
1,Dea
1,Deah
2,Deandra
3,Deanna
1,Deanne
1,Debbie
1,Deborah
1,Decia
1,Declyn
3,Declynn
1,Deego
1,Deelisha
1,Deena
1,Deenah
1,Deetya
1,Deiddra
1,Deidre
1,Déja
1,Dejanae
1,Deklyn
1,Delainey
1,Delal
1,Delana
2,Delaney
1,Delany
1,Delfina
1,Delia
1,Delight
4,Delila
17,Delilah
1,Delina
1,Della
1,Delphine-Ann
1,Delta
1,Delyla
1,Delylah
1,Demetra
2,Demi
1,Demi-Enna 
1,Demitra
1,Deneh
1,Deneka
1,Denica
4,Denise
1,Denisse
1,Denize
1,Dennae
1,Dennise
1,Dennyka
1,Denvyr
1,Deozinda
1,Derin
1,Desarae
1,Deserae
1,Deshhna
4,Desirae
1,Desiray
8,Desiree
1,Despina
2,Dessa
2,Destinee
1,Destiney
10,Destiny
2,Devanshi
4,Devin
1,Devine
1,Devlyn
1,Devon
1,Devonee
9,Devyn
3,Devynn
1,Dezra
1,Dhanika
1,Dhanvi
1,Dhaya
1,Dhira
1,Dhrithi
2,Dia
1,Diaa
4,Diamond
10,Diana
1,Diana-Elisabeth
1,Dianarah
4,Diane
1,Dianellie
2,Dianna
1,Dibera
1,Dibora
1,Diella
1,Diem
1,Dignity
1,Diksha
1,Dilara
1,Dilivia
1,Dilkaren
1,Dillan
1,Dilnoor
2,Dilreet
1,Dilynn
3,Dina
1,Dinugi
1,Dion
1,Dior
1,Diti
1,Ditika
1,Diva
2,Divine
2,Divya
3,Dixie
1,Dixy
9,Diya
1,Diyana
1,Diyanna
1,Diyapreet
1,D'Layla
1,D'Lyn
1,D'Meika
1,Doanh
1,Dominica
4,Dominique
1,Domna
1,Donia
1,Donita-Laine
1,Doniya
1,D'Or
1,Dorcas
1,Doreen
1,Dori
1,Dorianna
1,Doris
6,Dorothy
1,Draya
1,Dream-Ardiliah
3,Drew
1,Dreya
1,Drina
1,Drita
1,Duaa
1,Duana 
1,Dulce
1,Dulcie
1,Dunia
2,Dunya
1,Durr-E-Shahwar
1,Dyami
1,Dyana-Reign
11,Dylan
1,Dylana
1,Dylanejasmine
2,Dylann
2,Dyllan
1,Ea
1,Eaveen
1,Eberle
1,Eberlee
2,Eberley
1,Eberlie
1,Eblashine
3,Ebony
1,Ebony-Rose
1,Ebube
1,Ebubechukwu
1,Ecaterina
1,Ecclesia
1,Echo
1,Eda
1,Edaena
1,Edalen
30,Eden
1,Edgely
1,Edie
4,Edith
1,Edna
1,Edom
1,Edwyn
1,Edyn
1,Eeman
1,Efrosinia
1,Ehornam
1,Ehsan
1,Eibhleann
1,Eibhlinn
1,Eighrene
1,Eila
3,Eileen
1,Eilidh
1,Eiliyah
1,Eilmyra
1,Eira 
1,Eirielle
1,Eirwyn
1,Eislee
1,Eisley
1,Ekagarjot
1,Ekampreet
1,Ekaterina
1,Ekelemchi
2,Eknoor
1,Ekram
1,Ekta
1,El
2,Ela
1,Eladia
8,Elaina
4,Elaine
3,Elana
1,Elania
3,Elanor
1,Elara
1,ElaRose
1,Elaura
1,Elayah
4,Elayna
4,Eldana
1,Eleana
17,Eleanor
1,Eleen
33,Elena
1,Eleni
1,Eleonora
1,Eleonore
1,Elethea
1,Elexus
1,Eleyna
1,Elezebeth
1,Elham
27,Eliana
1,Eliane
1,Éliane
6,Elianna
3,Elif
1,Elifnaz
1,Eliina
2,Elijah
1,Elim
1,Elin
1,Elina
2,Elinor
1,Eliora
1,Eliora-Marilou
8,Elisa
14,Elisabeth
33,Elise
8,Elisha
1,Elisia
3,Elissa
1,Eliya
1,Eliyah
2,Eliz
17,Eliza
111,Elizabeth
2,Elizah
1,Elizaveta
1,Elize
1,Elizibeth
152,Ella
1,Ellah
1,Ellaha
1,Ella-jaye
1,EllaLynn
1,Ella-Marie
1,Ellamenda
1,Ellamichele
1,Ellanor
1,Ella-Rose
1,Ellary
1,Ellayna
20,Elle
1,Ellee
5,Ellen
1,Ellene
3,Ellery
1,Ellexa
1,Ellexis
1,Ellham
2,Ellia
1,Elliah
9,Elliana
1,Ellianah
2,Ellianna
1,Ellicia
51,Ellie
1,Ellie-Jo
1,Ellie-Mai
2,Elliette
1,Ellinore
1,Ellionne
7,Elliot
5,Elliott 
1,Elliotte
1,Ellisha
1,Ellissa
1,Elloise
1,Ellone
1,Ellse
6,Elly
2,Ellyana
1,EllyMay
1,Ellyse
1,Ellyss
1,Elnadah
5,Elodie
1,Élodie
1,Eloisa
12,Eloise
1,Éloïse
8,Elora
2,Elouise
2,Elowyn
8,Elsa
1,Elsa-Evangeline
1,Elsbeth
1,Elsi
24,Elsie
2,Elspeth
1,Elstridar
1,Elswyth
1,Elwyn
3,Elyana
1,Elyanna
3,Elyn
13,Elyse
2,Elysia
3,Elyssa
1,Elzahné
6,Emaan
1,Emalee
1,Emaleigh
1,Emalie
1,Emaly
2,Emalyn
3,Eman
1,Emani
1,Emanuela
1,Emathyst
2,Emaya
15,Ember
2,Emberlee
4,Emberly 
1,Emberlynn
7,Emelia
1,Emelie
3,Emely
3,Emelyn
2,Emerald
1,Emeri
1,Emerie
1,Emerlee
1,Emerrie
31,Emerson
20,Emersyn
26,Emery
1,Emery-Lee
3,Emi
1,Emijah
1,Emilea
4,Emilee
1,Emilena
33,Emilia
7,Emilie
1,Émilie
1,Emilija
1,Emilisse
1,Emiliya
249,Emily
1,Emily-Joy
1,Emily-lynn
1,Emilynn
271,Emma
1,Emmaculate
1,Emma-Grace
1,Emma-Jade
1,Emma-Lea
2,Emmalee
2,Emma-Lee
1,Emmalia
1,Emmalie
1,Emmaline
1,Emmaly
1,Emmalyn
1,Emma-Lyn
1,Emmalynn
5,Emma-Lynn
1,Emma-Nicole
3,Emmanuela
4,Emmanuella
1,Emmanuelle
1,Emmarie
1,Emma-Tiger
2,Emme
1,Emmel
1,Emmelia
1,Emmeline
1,Emmellia-Rose
1,Emmelyn
1,Emmercyn
4,Emmerson
5,Emmersyn
1,Emmery
1,Emmi
6,Emmie
1,Emmitt
6,Emmy
1,Emmyjoyce
3,Emmylou
1,Emnet
1,Emonah
1,Emree
1,Emrey
1,Emri
1,Emrosie
4,Emry
2,Emsley
1,Emy-Jade
1,Enaya
1,Eniza
1,Enny
1,Enolla
2,Enya
2,Eowyn
1,Epherata
1,Erabella
1,Eralynn
1,Erhin
15,Erica
2,Erich
1,Ericka
1,Eriel
11,Erika
1,Erikka
15,Erin
1,Erina
1,Eris
1,Erleen
1,Erma
1,Erna
1,Errah
1,Erwina
1,Eryka 
1,Eryss
1,Erza
1,Esha
7,Eshaal
8,Eshal
2,Esmae
1,Esmay
1,Esme
2,Esmé
1,Esmée
1,Esmeralda
1,Esmerelda
1,Esmey
1,Esra
1,Esta
1,Estela
2,Estella
4,Estelle
1,Estera
18,Esther
1,Esthera
1,Estrella
1,Etana
1,Eta-Oko
2,Eternity
1,Etnee
2,Etta
1,Eudora
1,Eugeneca
1,Eugenia
1,Eun
2,Eunice
1,Eunique
1,Euphie
88,Eva
2,Éva
1,Evalie
2,Evalina
4,Evalyn
1,Eva-Lynn
1,Evana
4,Evangelina
19,Evangeline
1,Evangelyn
1,Evania
1,Evans
1,Evany
14,Eve
1,Eveada
1,Eveleen 
3,Evelina
2,Eveline
71,Evelyn
2,Evelyne
2,Evelynn
1,Ever
1,Everlea
3,Everlee
10,Everleigh
3,Everley
1,Everlie
33,Everly
1,Everly-Rose
1,Everyn
1,Evessa
2,Evey
1,Evi
1,Eviah
1,Evianna
1,Evianne
9,Evie
1,Evita
1,Evlalia
1,Evleen
2,Evolette
1,Evolot
1,Evra
1,Evren
1,Evy
3,Evyn
1,Evynn
1,Ewaldine
1,Ewaoluwa
1,Eyla
1,Eysugen
1,Eza
1,Ezabella
1,Ezekielle
1,Ezioma
1,Ezmae
1,Ezmay
4,Ezra
1,Ez'ra
1,Ezrah
2,Ezri
1,Fabianna
1,Fabienne
1,Faesa
46,Faith
1,Faith-Anne
1,Faiyth
2,Faiza
1,Fajar
1,Fajr
1,Falak
1,Falen
1,Falene
1,Falhado
2,Fallon
3,Fallyn
1,Fallyne
2,Falon
1,Fana
1,Fantasia
2,Farah
1,Fareha
1,Farica
1,Farida
1,Faridah
1,Farin
1,Fariya
1,Farkhonda
1,Faron
10,Farrah
1,Farren
1,Farsa
1,Fartun
1,Farykah
1,Faryn
2,Fatema
1,Fatemah
1,Fatemeh
1,Fathima
1,Fathiya
1,Fathya
1,Fatiha
19,Fatima
7,Fatimah
1,Fatma
1,Fatou
1,Fatumo
1,Fauska
1,Faustina
1,Favour
5,Faye
1,Fayiza
1,Fayola
4,Feather
1,Featherlee
1,Feben 
1,Fei
1,Feleke
4,Felicia
15,Felicity
1,Felix
1,Feranmi
2,Fern
1,Feyza
1,Fezza
1,Ffion
1,Fiana
2,Finlay
2,Finlee
1,Finleigh
17,Finley
1,Finola
1,Finot
1,Fiolaoluwa
23,Fiona
1,Fionna
1,Fiza
1,Fleur
4,Flora
3,Florence
3,Flynn
1,Flynne
1,Folakunmi
1,Fowzia
1,Francelyn
4,Frances
10,Francesca
1,Francess
1,Franchesca
1,Francheska
5,Francine
1,Franciska
1,Franjesca
1,Frankee
1,Franki
3,Frankie
1,Franklynn
1,Franz
1,Franzene
1,Franziska
1,Fra'Oll
1,Freahnna
1,Freda
1,Freia
1,Freida
1,Freija 
1,Freixelyne
1,Fressia
18,Freya
3,Freyja
1,Frishta
1,Fryal
1,Fushia
1,Fynnlee
1,Gabbie
1,Gabi
1,Gabrellia
1,Gabriel
6,Gabriela
1,Gabriela-Melánia
49,Gabriella
1,Gabriellah
1,Gabriella-Rose
40,Gabrielle
1,Gabryel
2,Gale
1,Galia
1,Galilea
1,Gargi
1,Garima
1,Garnet
1,Gavynn
1,Geana
1,Geet
1,Geetika
1,Gelsey
1,Gemini
27,Gemma
1,Genea-Aubrey
1,Genesee
2,Genesis
5,Geneva
12,Genevieve
1,Geneviève
61,Georgia
1,Georgiana
2,Georgina
1,Georja
1,Gerelynn
1,Geri-Lee
2,Getruda
1,Ghazal
1,Ghazel
1,Ghazia
1,Ghila-Ushria
12,Gia
1,Giada
1,Gialeyssa
2,Giana
14,Gianna
1,Giannelle
1,Gianpreet
1,Giavanna
1,Giavonna
1,Gibbrielle
1,Gila
1,Gilda
1,Gilia
1,Gillian
1,Gillianne
4,Gina
1,Ginger
1,Ginny
1,Giollana
1,Giovanna
1,Girmina
1,Gisela
1,Gisela-Lyxzen
2,Gisele
4,Giselle
1,Gitika
1,Giulia
1,Giuliana
1,Gizele
1,Glamour
1,Gleila
7,Gloria
1,Glorianna
1,Glyzl
1,Gnama
1,Godwill
1,Golden
115,Grace
2,Gracee
5,Gracelyn
1,Grace-Lyn
3,Gracelynn
1,GraceLynn
2,Grace-Lynn
1,Gracemarie
1,Gracen
2,Gracey
31,Gracie
1,Gracie-Lou
2,Gracyn
1,Graecyn 
1,Gray
2,Graycee
1,Graycen
1,Grayson
2,Grecia
1,Greigh
5,Greta
1,Gretchen
1,Gretta
1,Guadalupe
1,Guenna
1,Guinevere
3,Guneet
1,Gunsaar
1,Guntas
1,Gurasees
1,Gureet
1,Gurlaaj
6,Gurleen
1,Gurliv
1,Gurman
1,Gurmannat
1,Gurnaaz
5,Gurneet
2,Gurnoor
3,Gurreet
1,Gurseerat
1,Gursheerat
1,Gursimran
1,Gursimrat
1,Gustina
8,Gwen
8,Gwendolyn
1,Gwenevere
2,Gwenyth
1,Gwinn
5,Gwyneth
1,Gwynevere
1,Haadiyah
1,Haani
2,Habiba
1,Habsita
1,Hadassa
4,Hadassah
4,Haddie
1,Hadessa
2,Hadia
1,Hadiyah
1,Hadja
2,Hadlee 
4,Hadleigh
38,Hadley
1,Haelo
6,Hafsa
1,Hafsah
1,Haidee-Wynter
1,Haiden
3,Haidyn
7,Hailee
1,Hailee-Ann
1,Haileigh
1,Hailen
106,Hailey
2,Hailie
1,Hailyn
1,Haiqa
1,Haiven
1,Haizly
1,Haja
4,Hajar
1,Hajjarah
1,Hajra
1,Hajrah
4,Hala
1,Halee
2,Haleema
1,Haleigh
1,Halen
11,Haley
2,Hali
2,Halia
2,Halima
2,Halina
23,Halle
2,Hallee
2,Halli
2,Hallie
3,Halo
1,Halsey
1,Hamarti
1,Hamasah
1,Hamna
1,Hamsika
1,Hamzia
12,Hana
1,Hanalei
3,Hanan
2,Hanar
1,Haneen
1,Hangel
1,Hania
1,Hanifa
1,Hanifah
3,Haniya
25,Hanna
138,Hannah
1,Hannah-Belen
1,Hannah-Lee
1,Hannah-Rae
1,Hannaneh
1,Hao
1,Happy
1,Haram
1,Hareem
4,Hargun
1,Harjyot
2,Harlee
8,Harleen
5,Harleigh
2,Harlem
11,Harley
1,Harlie
1,Harliv
2,Harlo
21,Harlow
2,Harlowe
1,Harlyn
2,Harlynn
1,Harman
1,Harmehar
1,Harmfatima
1,Harmonia
1,Harmonie
14,Harmony
2,Harneet
2,Harnoor
78,Harper
2,Harriet
1,Harriett
3,Harseerat
1,Harshini
1,Harshneet
1,Harsirat
1,Hartley
1,Hartlyn
1,Haru
1,Harummy
5,Harveen
1,Harwyn
1,Hasali 
1,Hasanat
1,Hashleen
1,Hathera
1,Hatley
1,Hatouma
3,Hattie
1,Hattilynn
2,Havana
11,Haven
1,Havilland
2,Havyn
1,Hawi
1,Hawraa
2,Haya
1,Hayaat
3,Hayat
23,Hayden
1,Hayden-Willow
1,Haylah
1,Haylea
4,Haylee
1,Hayleigh
1,Haylen
20,Hayley
1,Haylin
1,Hayru
1,Hazal
1,Haze
39,Hazel
1,Hazelle
1,Heart
8,Heather
4,Heaven
1,Heba
1,Hebatullah
1,Hebe
1,Hedaya
1,Hedyeh
1,Heer
25,Heidi
1,Hekima
1,Helaina
1,Helayna
1,Heldi
1,Heleine
5,Helen
15,Helena
1,Heléna
1,Helene
1,Heli 
1,Helia
1,Helin
1,Helina
1,Helisha
1,Hemakshi
1,Hemen
2,Hendrix
6,Henley
1,Hennessy
1,Hera
1,Heran
1,Hermela
1,Hermione
1,Hewan
1,Hewrain
1,Heyab
1,Hia
5,Hiba
1,Hibah
1,Hibo
1,Hifza
2,Hilary
1,Hileena
3,Hillary
1,Hilton
1,Hina
1,Hind
1,Hirah
1,Hivasha
2,Hiyab
2,Hla
1,Hldana
1,Holden
1,Holland
5,Hollie
1,Hollie-Rose
19,Holly
2,Honey
2,Honor
1,Honora
1,Hooriya
15,Hope
1,Hoxie
1,Hua
6,Huda
3,Hudson
1,Hudsyn
1,Huey
1,HuiXin
1,Humayra
1,Humera
10,Hunter
1,Hunter-Lee
1,Hunter-Leeanne
3,Husna
1,Huxley
1,Hydra
1,Hyoju
1,Hysna
1,Iancéy
1,Ianna
1,Iba
1,Ibana
1,Ibtesam
1,Icchya
1,Iceis
2,Ida
1,Ieena
1,Iesha
1,Ieslyn
1,Ieysha
1,Ifar
1,Ifedola
1,Iffet
1,Ifraax
1,Iilah
1,Ikeda
1,Ikhbal
1,Ikhlaas
1,Ikhuemi
1,Ikiram
1,Ikman
1,Ikraan
1,Ikram
2,Ila
1,Ilayna
1,Ileah
2,Ileana
1,Ilhan
3,Iliana
1,Illauna
1,Ilona
1,Ilse
1,Ilwad
1,Ily
1,Ilyana
2,Imaan
1,Imagine
8,Iman
1,Imanat 
2,Imani
1,Imara
1,Immary
6,Imogen
2,Inaaya
7,Inara
1,Inari
1,Inas
5,Inaya
1,Inayah
2,Inayat
3,India
1,Indiana
1,Ines
1,Inez
1,Inga
1,Inima
1,Injila
1,Inne
2,Iona
1,Ione
2,Iqra
2,Ira
5,Ireland
3,Irelyn
1,Irelynn
2,Irene
1,Ireoluwa
1,Ireoluwatomi
1,Iretomiwa
1,Irha
9,Iris
2,Iryna
1,Isa
2,Isabeau
26,Isabel
3,Isabela
4,Isabell
144,Isabella
88,Isabelle
1,Isabelle-Anne
4,Isadora
1,Isbah
1,Isebella
2,Isha
1,Ishana
1,Ishanvi
1,Ishara
2,Ishika
1,Ishmeet 
1,Isidora
5,Isis
102,Isla
1,Islette
4,Isobel
1,Isola
1,Isolde
3,Isra
4,Israa
1,Israel
1,Itandehui
1,Itman
1,Itzayana
1,Iva
5,Ivana
1,Ivanka
4,Ivanna
1,Ivey
1,Ivoree
2,Ivory
52,Ivy
1,Ivyanna
1,Ivy-Rose
1,Iyah
9,Iyla
1,Izabel
1,Izabela
10,Izabella
5,Izabelle
1,Izadora
1,Izavel
1,Izel
1,Izley
1,Izsabella
1,Izumi
2,Izzabella
1,Izzah
1,Izzy
1,Jaanvi
4,Jacey
1,Jacie
2,Jacinda
2,Jacinta
1,Jacklynn
1,Jackson
2,Jaclyn
1,Jacoby
4,Jacqueline
7,Jada
1,Jadah
1,Jadalynn
1,Jada-Rae
1,Jadazia
42,Jade
4,Jaden
2,Jadesola
2,Jadeyn
1,Jadira
1,Jady
4,Jadyn
3,Jaeda
1,Jaedin
2,Jaedyn
2,Jael
1,Jaeleigh
7,Jaelyn
5,Jaelynn
1,Jae-Marie
1,Jaemi
1,Jagger
1,Jagjot
1,Jahnavi
1,Jai
1,Jaiah
1,Jaicha
5,Jaida
1,Jaiden
1,Jailey
1,Jailyn
3,Jaime
1,Jaimie
3,Jaina
1,Jairabel
1,Jaiveer
1,Jaivyn
2,Jaiya
1,Jaiyhel
1,Jake
1,Jal
1,Jalesse
1,Jalexa
1,Jalia
1,Jalissa
1,Jalyn
1,Jalyssa
1,Jamaerah
5,Jamie
1,Jamiecel
1,Jamie-Lee
1,Jamieleigh 
1,Jams
10,Jana
3,Janae
1,Janaea
1,Janah
1,Janah-Antonette
2,Janaya
1,Janaya-lee
1,Janaye
17,Jane
1,Janeika
1,Janella
11,Janelle
12,Janessa
1,Janessah
3,Janet
2,Janiah
1,Janica
1,Janielynn
1,Janina
3,Janine
4,Janna
4,Jannah
1,Jannai
5,Jannat
1,Jannea
1,Janneiah
1,Jannice
1,Jannyn
3,Japji
1,Japjia
1,Japjot
1,Japleen
1,Japman
3,Japneet
1,Japnoor
1,Japsirat
1,Jaqueline
1,Jarren
1,Jaryn
1,Jasa
1,Jasher
2,Jaskirat
12,Jasleen
1,Jaslynn
4,Jasmeen
1,Jasmeet
1,Jasmeh
1,Jasmia
3,Jasmin 
42,Jasmine
1,Jasmyne
1,Jasmynn
1,Jasmyra
1,Jasneet
1,Jasnera
3,Jasnoor
3,Jasper
1,Jaspreet
1,Jassmeet
1,Jassmina
1,Jassmine
1,Javahir
1,Jawaher
1,Jawahir
1,Jaweriya
2,Jaxynn
4,Jaya
3,Jayce
3,Jaycee
1,Jayce-Lee
1,Jayd
15,Jayda
1,Jaydaa
1,Jaydah
9,Jayden
16,Jayla
1,Jaylea
4,Jaylee
1,Jayleena
1,Jaylene
1,Jayley
1,Jaylie
1,Jaylin
1,Jay-Lin
1,Jayln
2,Jaylyn
1,Jaylynn
1,Jayme
1,Jaymi
3,Jayna
4,Jayne
1,Jayvrie
1,Jazba
1,Jaziah
1,Jazleen
6,Jazlyn
3,Jazlynn
3,Jazmin
4,Jazmine
2,Jazmyn
1,Jazmynn
1,Jazna
1,Jazz
1,Jazzell
1,Jazzlynn
1,Jazz-Lynn
1,Jazzlynne
2,Jazzmin
1,Jeabe
1,Jean
1,Jeana
1,Jeanae
1,Jeanette
1,Jean-Ju
1,Jeanna
1,Jeannob-Elle
1,Jecienda
1,Jeevat
2,Jeeya
1,Jelanna
3,Jelena
1,Jelica
1,Jelinda
1,Jelisa
1,Jelissa
1,Jelyn
1,Jemika
2,Jemima
1,Jemimah
11,Jemma
1,Jena
1,Jenae
1,Jenah
1,Jenan
1,Jenara
1,Jenastasia
1,Jenaya
3,Jenessa
1,Jenesta
1,Jenica
1,Jenielle
1,Jenisee
1,Jenisha
29,Jenna
1,Jenna-Marie
1,Jennavea
1,Jenna-Zoe
1,Jenni
1,Jennicka 
3,Jennie
17,Jennifer
4,Jenny
1,Jennyfer
2,Jensyn
1,Jeremy
1,Jerileigh
1,Jeriz
2,Jernee
1,Jerra-Lee
3,Jerrica
6,Jersey
1,Jersie
1,Jerzy
1,Jeslene-Ann
1,Jeslinah
1,Jess
7,Jessa
1,Jessah
1,Jessalynn
41,Jessica
7,Jessie
1,Jessie-Jodenna
1,Jessilyn
1,Jessi-Rae
1,Jesslynn
1,Jett
2,Jetta
1,Jeuel
1,Jevayah
10,Jewel
1,Jhamie
2,Jhanelle
1,Jhanvi
1,Jhasmin
1,Jhasmine
1,Jhenamarie
1,Jhetta
3,Jia
1,Jiah
1,Jiajun
1,Jianina
1,Jianna
1,Jianne
1,Jidapha
1,Jierah
1,Jihane
1,Jillette
1,Jillia
24,Jillian 
2,Jillianne
1,Jilmil
1,Jimi
1,Jimin
1,Jin
1,Jina
1,Jindh
1,Jinelle
1,Jinger
1,Jinny
1,Jinyao
1,Jireh
1,Jisoo
1,Jitu
3,Jiya
3,Joan
1,Joana
13,Joanna
1,Joanna-Katharine
2,Joanne
1,Joceleen
23,Jocelyn
1,Jocelynne
3,Jodi
1,Jody
1,Joe
1,Joelie
7,Joelle
1,Joelynn
2,Joey
1,Joeylou
1,Joezee
11,Johanna
1,Johannaa
1,Johannah
1,Johanne
1,Johnny
1,Jojo
1,Jolee
9,Jolene
3,Jolie
1,Jonah
2,Joni
1,Jonie
1,Jonise
5,Jordan
3,Jordana
1,Jordann
2,Jordanna
1,Jordell
34,Jordyn
5,Jordynn
1,Joree
2,Jorgia
1,Jorgie
1,Jori-Lynn
1,Jorin
7,Jorja
1,Jorjetta
1,Jorra
1,Josanna
2,Josée
1,Joselyn
2,Josephene
20,Josephine
1,Joséphine
1,Josephine-Rae
1,Joshlene
2,Josi
1,Josiah
15,Josie
1,Joslyn
1,Joslynn
1,Joss
1,Josselyn
1,Joud
1,Jourdynne
3,Journey
2,Jovanna
1,Jovannah
2,Jovi
4,Jovie
13,Joy
1,Joyanne
10,Joyce
1,Joyce-Ashley
1,Joycelyn
1,Joyoti
1,Jozee
2,Juana
1,Juanita
1,Jubilee
1,Judah
5,Jude
1,Judea
1,Judey
3,Judith
13,Judy
1,Jugpal
1,Juleanna 
1,Juleena
2,Jules
1,Juli
67,Julia
1,Juliahna
15,Juliana
1,Juliann
21,Julianna
2,Julianne
15,Julie
1,Juliella
1,Julienne
1,JulieRose
1,Juliessa
17,Juliet
2,Julieta
13,Juliette
1,Julissa
1,July
3,Jumana
1,Jumanah
1,Jun
7,June
1,Junie
2,Juniper
1,Junnat
4,Juno
1,Jupji
6,Justice
7,Justina
1,Justine
1,Justyce
2,Justyna
1,Juwairia
1,Juwayriah
1,Jyazinth
1,Jyra
1,Jyree
1,Kaakurire
1,Kaavika
1,Kaavya
1,Kacedra
4,Kacey
2,Kaci
2,Kacie
1,Kacy
1,Kaddie
16,Kadence
3,Kadie
2,Kadlin 
1,Kaebree
1,Kaebri
2,Kaedence
1,Kaela
3,Kaeleigh
17,Kaelyn
3,Kaelynn
1,Kaetlyn
1,Kaetochi
3,Kahlan
1,Kahlen
2,Kai
10,Kaia
1,Kaibri
1,Kaibrie
1,Kaida
1,Kaidance
2,Kaidence
1,Kaidyn
1,Kaija
1,Kaila
2,Kailee
1,Kaileena
1,Kaileigh
12,Kailey
1,Kailia
1,Kailie
2,Kailyn
2,Kailynn
1,Kainat
1,Kaira
1,Kairi
1,Kairleen
1,Kaisen
1,Kaisley
1,Kaislyn
11,Kaitlin
48,Kaitlyn
5,Kaitlynn
1,Kaitlynne
1,Kaity
3,Kaiya
1,Kaiyah
2,Kala
1,Kalaya
1,Kalcie
4,Kalea
2,Kaleah
1,Kaleh
1,Kaleia
4,Kaleigh
1,Kaleigha
2,Kalena
9,Kaley
1,Kaleyah
19,Kali
4,Kalia
1,Kalilea
6,Kalina
1,Kalindah
2,Kalisi
1,Kalissa
2,Kalista
2,Kaliyah
1,Kalkidan
1,Kalleigh
2,Kalli
11,Kallie
1,Kalliope
1,Kaly
1,Kalyn
1,Kalynn
1,Kamara
1,Kamaria
1,Kambree
1,Kambryah
1,Kamdyn
1,Kamea
1,Kameaka
1,Kameron
1,Kamila
1,Kamila-Aiesha
3,Kamilah
1,Kamiya
1,Kamry
6,Kamryn
2,Kamrynn
1,Kamsioluebube
2,Kamsiyochukwu
1,Kamylia
1,Kana
1,Kanakdeep
1,Kandice
1,Kaniele
1,Kanya
1,Kaori
1,Kapri
22,Kara
1,Karalina
1,Karamia 
1,Kareema
1,Karelia
4,Karen
1,Karesa
2,Kari
1,Karilee
2,Karina
1,Karinka
6,Karis
1,Karisa
1,Karishma
10,Karissa
3,Karla
6,Karlee
1,Karley
2,Karli
1,Karly
4,Karma
2,Karman
1,Karmann
1,Karmanpreet
1,Karmen
1,Karmiela
1,Karnika
1,Karoleena
1,Karolina
1,Karoll
1,Karra
1,Karrina
1,Karson
5,Karsyn
1,Karsynn
3,Karter
3,Karys
1,Karyssa
2,Kasandra
5,Kasey
1,Kashaf
1,Kashtyn
5,Kasia
1,Kasie
1,Kasper
13,Kassandra
2,Kassia
1,Kassiddy
1,Kassidie
7,Kassidy
2,Kassie
1,Kassim
1,Kassondra 
1,Kasumi
1,Kaszandra
1,Kataleia
1,Katalin
1,Katalina
1,Katalyha
1,Katalyn
1,Katana
1,Katanna-ash
1,Katari
5,Katarina
1,Kataryna
1,Katarzyna
44,Kate
1,Kateari
1,Kateleen
1,Katelin
43,Katelyn
4,Katelynn
1,Katelynne
1,Katen
4,Katerina
1,Katey
1,Katharina
2,Katharine
2,Katherin
1,Katherina
1,Katherina-Jane
48,Katherine
1,Kathie
8,Kathleen
1,Kathrin
1,Kathrine
12,Kathryn
5,Kathy
2,Katia
1,Katiana
30,Katie
1,Katie-Ann
1,Katie-lee
1,Katiya
1,Katlin
2,Katlyn
1,Kato
1,Katoua
1,Katrielle
11,Katrina
1,Katteri
1,Kattia
1,Katy
2,Katya
1,Katyanna
1,Katy-Rose
1,Kaul
1,Kauthar
1,Kavenadangi
1,Kavikirat
1,Kavita
1,Kavni
1,Kavyaa
1,Kawsar
5,Kaya
1,Kayanna
1,Kaybrie
4,Kaycee
4,Kayda
1,Kaydance
1,Kaydee
1,Kayden
18,Kaydence
2,Kaydie
1,Kaydin
1,Kaye
1,Kayelynn
1,Kayenna
1,Kayja-Kongo
45,Kayla
2,Kaylah
1,Kaylana
48,Kaylee
1,Kayleen
16,Kayleigh
1,Kayleigha
3,Kayley
1,Kayli
1,Kayliah
1,Kayliana
7,Kaylie
5,Kaylin
1,Kaylon
1,Kaylor
1,Kaylyn
3,Kaylynn
1,Kayra
1,Kaysa
1,Kaysha
1,Kaysie
1,Kayslie
1,Kaytaya-Rain
1,Kayyo 
1,Kayza
1,Kaze
1,Kazeiah
1,Kazia
1,Keagan
1,Keali
1,Kealtie
4,Keanna
1,Keanndra
1,Keanne
1,Keara
1,Kearsten
1,Kebron
1,Keegan
1,Keela
1,Keelah
1,Keelee
3,Keeley
1,Keeli
1,Keelie
3,Keely
1,Keena
1,Keera
8,Keerat
1,Keeratpal
1,Keerthana
1,Keerti
1,Keiara
1,Keighley
1,Keiko
1,Keilah
1,Keilee
1,Keili
39,Keira
1,Keirah
2,Keirra
1,Keirsen
1,Keiryn
3,Keisha
1,Keithan
1,Keji
1,Keli
1,Kella-Aryel
1,Kelleigh
1,Kellen
3,Kelly
1,Kellyanne
1,Kellyn
1,Kelsea
9,Kelsey 
1,Kelsi
1,Kelti
2,Keltie
1,Kelty
1,Kemayah
1,Kenadee
1,Kenadi
1,Kendahl
3,Kendal
15,Kendall
1,Kendellyn
23,Kendra
3,Kendyl
1,Kenice
1,Kenidee
1,Kenisha
7,Kenley
1,Kenlyn
4,Kenna
1,Kennadie
2,Kennedi
31,Kennedy
1,Kensey
2,Kensi
4,Kensie
2,Kensington
1,Kensingtyn
2,Kensley
2,Kenza
5,Kenzi
29,Kenzie
1,Kenzie-Jane
1,Keona
1,Keoni
1,Keren
1,Kérene
1,Keri
1,Kerielle
1,Kerissa
2,Kerri
1,Kerrie-Lea
1,Késhaya
1,Keshvi
1,Kesler
1,Keslyn
1,Kessiney
1,Kessler
1,Ketaki
1,Keva
2,Keya
2,Keyana
1,Key'Ara
1,Keyra
4,Kezia
4,Keziah
2,Kezzia
1,Kgarebe
1,Khadidja
5,Khadija
4,Khadijah
1,Khadiya
1,Khadro
3,Khaleesi
1,Khalia
1,Khalie
1,Khaliya
1,Khalli
1,Khanyisile
1,Kharis
1,Khassy
1,Khawla
1,Khizara
44,Khloe
2,Khloé
1,Khloë
1,Khloee
1,Khloris
1,Khoen
1,Khoya
1,Khujista
2,Khushi
1,Khushmeet
1,Khyla-Rae
9,Kiana
8,Kianna
12,Kiara
1,Kida
17,Kiera
6,Kierra
1,Kiersten
1,Kierstyn
1,Kieryn
1,Kieva
1,Kiisih
1,Kiko
1,Kiley
4,Kim
1,Kimber
2,Kimberley
19,Kimberly 
1,Kimia
1,Kimmy
1,Kingsley
1,Kinlee
1,Kinleigh
38,Kinley
1,Kinnin
2,Kinnley
2,Kinsey
1,Kinsie
1,Kinslea
22,Kinsley
1,Kinza
1,Kinzee
2,Kinzie
1,Kinzley
1,Kioma
1,Kiptyn
26,Kira
1,Kiran
2,Kirby
1,Kiriakia
1,Kirra
1,Kirsteen
6,Kirsten
1,Kirstie
1,Kiryanna
1,Kisa
1,Kisenya
1,Kisik
2,Kismat
1,Kitana
1,Kitawna
1,Kitona
1,Kiya
1,Kiyara
1,Klaira
3,Klaire
1,Klara
1,Klára
1,Klarybel
1,Klerinda
1,Kloe
3,Klover
1,Kobe
1,Kocandra
1,Kodey
1,Kody
1,Koket
1,Kolbie 
1,Kollyn
1,Kolyns
1,Kona
1,Kooper
1,Koos
1,Kopelin
6,Kora
1,Koral
1,Koralea
2,Koraline
1,Koree
3,Kori
3,Korra
1,Korri-Lynn
1,Korrina
1,Kory
1,Kothai
1,Kourtnee
3,Kourtney
1,Kowther
1,Kra
1,Kree
1,Kreearah
1,Kree-Dance
1,Kreely
1,Kree-Lynn
3,Kreesha
1,Kres-An
1,Kreshenda
1,Kreszens
1,Kripa
1,Kriselle
1,Krisha
1,Krishna
1,Krisly
2,Krista
1,Kristain
5,Kristen
2,Kristiana
2,Kristin
7,Kristina
5,Kristine
1,Kristy
2,Kristyn
1,Kritika
1,Krizia
1,Kruthi
1,Kryssa
1,Krystal
1,Krystel
2,Krystina
1,Kryztina
1,Ksenia
1,Kuak
1,Kuechaar
1,Kulsum
1,Kundhen
1,Kurt
1,Kushleen
1,Ku'ualoha
2,Kya
2,Kyah
1,Kyalia
1,Kyana
1,Kyanna
1,Kyara
1,Kyeisha
1,Kyelee
1,Kyia
18,Kyla
1,Kylah
12,Kylee
3,Kyleigh
2,Kyleigha
1,Kylenna
1,Kyley
1,Kylia
42,Kylie
1,Kyliee
1,Kyliegh
1,Kylie-Rae
1,Kyllie
1,Kylum
2,Kynlee
1,Kynley
1,Kynsley
1,Kynzie
16,Kyra
1,Kyra-Lynn
1,Kyra-Lynne
1,Kyrea
1,Kyrell
2,Kyrie
1,Laasyah
1,Lacee
11,Lacey
1,Laci
1,Lacie
1,Lacie-Mae
4,Lacy 
1,Ladaya
1,Ladya
2,Lael
1,Laelia
1,Laera
1,Lahni
4,Laiba
1,Laikyn
1,Laikynn
13,Laila
1,LaiLa
2,Lailah
1,Lailah-Dawn
2,Laina
3,Laine
4,Lainey
1,Laira
1,Lakara
1,LaKayis
1,Lake
1,Lakelyn
1,Lakendra
1,Lakota
1,Lala
1,Lalayna
1,Lam
4,Lamar
3,Lamees
2,Lamia
1,Lamija
1,Lamira
9,Lana
1,Lanae
2,Lanaya
1,Lanaye
1,Landra
2,Lane
1,Laney
1,Langley
1,Lanyi
7,Lara
1,Laramie
1,Lareen
1,Lariah
1,Larinne
4,Larissa
1,Larsen
1,Larysa
1,Lashawnda
1,LaTayvia 
1,Latefa
1,Latia
1,Latifah
1,Latisha
1,Laughlin
1,Launa
20,Laura
1,Laura-Lee
1,Laura-Schmitt
5,Laurel
68,Lauren
1,Laurette
1,Laurianne
2,Laurie
1,Laurra
2,Lauryn
1,Lava
1,Lavender
1,Lavinia
1,Lawrissa
3,Laya
6,Layal
3,Layan
1,Laydee
1,Laykin
46,Layla
1,Layla-Lynn
1,Laylen
2,Layna
2,Layne
1,Laynie
1,Lazarus
2,Lea
1,Léa
1,Lèa
1,Leaem
66,Leah
1,Leanda
1,Leaney
1,Leann
4,Leanna
2,Leanne
1,Lebibe
1,Lecia
1,Leda
1,Leddy
1,Lee-El
2,Leela
1,Leelah
1,LeeLee
1,Leema
1,Leeman
3,Leen
7,Leena
1,Leeyan
1,Legacy
1,Lehansa
7,Leia
1,Leidisi
1,Leigh
1,Leigha
2,Leighla
8,Leighton
1,Leihanna
1,Leihsim-Dlans
15,Leila
1,Leïla
1,Leilani
1,Lei-Lynn
1,Leira
1,Leiyah
1,Lema
1,Lemar
20,Lena
1,Lenessa
2,Leni
1,Lenisha
2,Lenix
1,Lenna
1,Lennan
1,Lennela
1,Lennie
3,Lennix
7,Lennon
3,Lennox
1,Lennyn
2,Lenora
1,Lenore
1,Lenssa
1,Lenya
1,Leola
4,Leona
1,Leoni
3,Leonie
1,Leonina
1,Leonita
1,Leonna
1,Leonne
1,Leonor
1,Leora 
1,Lerah
1,Leshaya
1,Leslene
1,Lesli
1,Leslie
1,Leticia
1,Letitia
1,Letti
1,Lettie
1,Levae
1,Levi
1,Levina
2,Levy
1,Levyn
1,Lexa
33,Lexi
1,Lexia
1,Lexianna
15,Lexie
1,Lexie-Andrea
1,Lexiebelle
2,Lexine
1,Lexington
7,Lexus
1,Lexxie
4,Lexy
1,Leyah
1,Leyla
1,Leyman
2,Leyna
6,Lia
1,Liabella
1,Lian
4,Liana
1,Liane
1,Lianne
2,Liara
7,Libby
6,Liberty
1,Lida
1,Lidya
1,Liedya
1,Liezl
20,Lila
11,Lilah
1,Lilaya
9,Lilia
13,Lilian
11,Liliana
2,Liliane 
4,Lilianna
1,Lilien
1,Lilija
5,Lilith
2,Liliya
1,Lilla
1,Lillee
1,Lilley
1,Lilli
44,Lillian
4,Lilliana
1,Lilliann
7,Lillianna
2,Lillie
1,Lillien
36,Lilly
1,Lillyana
2,Lilly-Ann
1,Lillyanna
2,Lillyanne
1,Lilly-Grace
1,Lilou
156,Lily
2,Lilya
1,Lilyan
1,Lilyann
1,Lily-Ann
4,Lilyanna
1,Lilyanne
1,Lily-Anne
1,Lily-anne
1,Lilyauna
1,Lily-Genia
1,Lilymay
1,Lilyn
1,Lilyrose
1,Limunga
11,Lina
1,Linayah
2,Lincoln
9,Linda
1,Linden
7,Lindsay
6,Lindsey
2,Linley
2,Linnea
1,Linnéa
1,Linta
1,Liora
13,Lisa
1,Lise
1,Lissette
1,Liston
8,Liv
1,Liva
13,Livia
1,Livian
1,Livleen
1,Livyah
5,Liya
1,Liyana
1,Liyanne
1,Liyara
2,Liza
1,Lizbeth
1,Lizzy
1,LJ
1,Loara
1,Lochley
1,Lochlyn
1,Lochlynn
3,Locklyn
8,Logan
3,Logann
1,Lohgan
2,Lois
20,Lola
1,Lomini
1,Londiwe
22,London
1,London-Ella-Marie
8,Londyn
1,Loni
1,Lootii
1,Lora
3,Lorelai
2,Lorelei
1,Loren
1,Lorena
1,Lorenne
2,Loretta
2,Lori
3,Loriann
1,Lorie
1,Lorien
2,Lorraine
1,Lottie
1,Lottie-Jo
2,Lotus
1,Loudonya 
1,Louella
2,Louisa
3,Louise
1,Loveen
1,Lovelene
1,Lovella
1,Lowen
1,Loxliegh
1,Loza
1,Lszybelle
1,Lua
2,Luana
1,Lubna
3,Luca
1,Lucca
1,Luccandra
10,Lucia
8,Luciana
1,Lucianna
4,Lucie
1,Lucieanna
1,Lucienne
1,Lucila
4,Lucille
2,Lucinda
59,Lucy
1,Lucy-Marie
1,Luella
4,Luisa
1,Luise
1,Luizah
1,Lujane
1,Lujayn
2,Luka
1,Lula
1,Luliyat
1,Lumen
1,Lumiya
10,Luna
1,Lunati
1,Lusi
1,Lutana
1,Luvada
1,Luvena
5,Lux
1,Luxa
1,Luzia
1,Lya
1,Lyal
1,Lyan 
1,Lyanne
1,Lyden
38,Lydia
1,Lyette
1,Lyka
21,Lyla
5,Lylah
1,Lyna
1,Lynden
1,Lyndsey
1,Lynessa
1,Lynette
1,Lynha
1,Lynkkin
2,Lynn
2,Lynnea
1,Lynzett
5,Lyra
1,Lyrah
6,Lyric
2,Lyvia
1,Lyvonne
1,Lyzelle
2,Ma.
1,Maahi
1,Maanya
1,Maaria
4,Mabel
1,Mabruka
1,Macayla
10,Macey
1,Machaela-Rose
9,Maci
2,Macie
1,Maci-Rae
2,Mackayla
1,MacKayla
1,Mackena
2,MacKenna
1,Mackenna
1,Mackensie
1,Mackenzi
65,Mackenzie
7,MacKenzie
2,Mackinley
1,Macklyn
1,Mackynzie
1,Maclean
15,Macy
1,Mada
1,Madaleen
1,Madaly
2,Madalyn
3,Madalynn
1,Madalynne
3,Madden
1,Maddi
2,Maddie
1,Maddie-Rose
1,Maddilyn
17,Maddison
1,Maddisyn
1,Maddox
2,Maddyn
1,Madelaine
25,Madeleine
1,Madeleine-Marie
1,Madelen
1,Madelief
1,Madeliene
1,Madelina
36,Madeline
1,Madelon
34,Madelyn
6,Madelynn
3,Madilyn
3,Madilynn
2,Madina
123,Madison
7,Madisyn
1,Madysin
5,Madyson
1,Maea
1,Maeanna
1,Maeby
1,Maebyn
1,Maelie
1,Maélie
4,Maelle
4,Maëlle
1,Maely
3,Maelyn
2,Maelynn
2,Maëlys
1,Maeryn
1,Maesyn
1,Maeva
1,Maëva
11,Maeve
1,Magaretha 
1,Magda
1,Magdalen
3,Magdalena
3,Magdalene
18,Maggie
2,Magnolia
3,Maha
1,Maham
1,Ma-Hawa
1,Mahdia
1,Mahée
5,Maheen
1,Mahek
1,Mahema
1,Maher
1,Mahera
7,Mahi
1,Mahima
1,Mahinder
1,Mahleen
2,Mahlet
1,Mahra
1,Mahrukh
1,Mahum
1,Mahveen
1,Mahya
1,Mai
9,Maia
1,Maiara
1,Maicha
1,Maida
2,Maidah
1,Maija
1,Maïly
1,Mailyn
1,Mai-Lynn
3,Maira
1,Maisee
1,Maisey
10,Maisie
3,Maisy
5,Maiya
1,Maiyumi
1,Maiza
2,Maizey
3,Maizie
2,Maizy
3,Maja
1,Majandra
1,Majarahjnee 
1,Makaela
1,Makaiah
1,Makaila
1,Makalah
1,Makalyn
1,Makara
1,Makaya
31,Makayla
1,MaKayla
1,Makaylah
10,Makena
13,Makenna
2,MaKenna
1,Makenzee
3,Makenzie
1,Maketa
1,Makinley
1,Makynlea
1,Makynlee
2,Malaak
1,Malaea
5,Malaika
5,Malak
3,Malaya
2,Malea
1,Maleah
2,Malece
1,Maleigh
1,Malena
15,Malia
1,Maliah
1,Malieah
1,Malieya
1,Maligna
6,Malika
1,Malila
2,Malin
2,Malina
2,Malinda
1,Malisha
1,Maliya
4,Maliyah
1,Malka
7,Mallory
2,Malorie
1,Malory
1,Maluk
1,Mam
1,Manahal
1,Manahil
1,Manajé
1,Manchahat
1,Mandy
1,Manefa
2,Manessa
2,Manha
1,Maninha
11,Mannat
9,Manreet
1,Manroop
2,Manseerat
1,Manseeret
1,Manserat
1,Mansi
1,Mansirat
1,Manteej
1,Manuela
1,Manvi
2,Maple
1,Maquinna
4,Mara
1,Marabel
1,Marabelle
2,Mara-Jade
1,Marasiah
2,Marcelina
1,Marcia
1,Marda
1,Mardie
4,Maren
1,Margad
21,Margaret
1,Margaretha
1,Margarita
4,Margaux
1,Margherita
2,Margo
2,Margot
1,Margret
1,Marguerite
62,Maria
1,Maria-Alexandra
1,Maria-Evidelia
13,Mariah
1,Mariah-Aisha
14,Mariam
5,Mariana
1,Mariane
1,Marianna
1,Marianne 
1,Maria-Sofia
1,Maribelle
9,Marie
1,Mariebell
1,Marie-Claire
2,Mariel
4,Mariella
3,Marielle
1,Mariette
1,Marilone
1,Marilou
4,Marilyn
6,Marin
2,Marina
1,Marion
1,Maris
2,Marisa
4,Marissa
1,Marita
1,Maritu
2,Mariya
2,Marjorie
1,Marjuline
2,Markelle
1,Markis
1,Marla
1,Marlea
1,Marleah
3,Marlee
1,Marleen
2,Marleigh
3,Marlene
16,Marley
2,Marli
1,Marlie
2,Marlo
2,Marlow
3,Marlowe
1,Marly
2,Marna
1,Marni
1,Marnie
1,Marquel
1,Marrick
12,Martha
1,Martie
7,Martina
2,Martyna
1,Marvi
4,Marwa 
1,Marxia
29,Mary
5,Marya
23,Maryam
1,Maryama
1,Maryan
1,Mary-Ann
1,Maryanna
1,Mary-annah
1,Maryanne
1,Marybeth
1,Maryem
1,Mary-Flora
1,MaryJane
1,Mary-Jane
1,MaryJo
1,Mary-Jo
1,Mary-Joseph
1,Mary-Lou
1,Marym
4,Maryn
1,Marysia
1,Marysse
1,Masah
1,Mashal
1,Masie
1,Massiliya
1,Masyn
2,Masynn
3,Mataya
2,Matea
1,Mateja
1,Matejka
1,Mateya
2,Mathea
1,Mathilda
7,Matilda
1,Matisse
3,Mattea
1,Mattia
3,Mattie
1,Maua-Ombe
1,Maub
2,Maude
1,Maura
1,Mauria
1,Maven
1,Mavie-Anne
1,Mavis
1,Maxemilia
2,Maxene
1,Maxim
2,Maxine
1,Maxwell
78,Maya
1,Mayafaye
3,Mayah
1,Mayameen
1,Mayan
1,Mayar
1,Mayce
1,Mayci
1,Maycie
1,Maycin
1,Maycyn
1,Maye
1,Mayeni
1,Mayher
1,Maykayla
3,Mayla
1,Maylea
1,Mayleigh
1,Maylin
1,Maymunah
1,Maysa
1,Maysam
1,Maysie
1,Mayson
1,Mayya
1,Mayzlee
1,Mbaw
1,Mbukamuna
1,McAley
1,Mckaleigh
4,McKayla
3,Mckayla
1,Mckeena
30,McKenna
9,Mckenna
9,McKenzie
8,Mckenzie
1,Mckinleigh
5,McKinley
2,McKinnley
2,Mea
7,Meadow
6,Meagan
1,Meaghan
1,Meba
2,Mecca 
1,Medena
1,Medha
2,Medina
1,Medine
1,Medpyew
1,Meela
1,Meelin
1,Meena
4,Meera
1,Meeran
1,Meg
34,Megan
1,Megan-Kiyana
1,Meggan
2,Megha
8,Meghan
1,Mehak
1,Mehakjot
4,Mehar
3,Meher
1,Meheret
1,Meherr
1,Mehndi
2,Mehreen
1,Mehrunnisa
1,Mei
1,Meijia
1,Meikenna
1,Meila
1,Meira
1,Meiral
1,Meka
1,Mekah
1,Meklit
1,Melael
1,Melaina
1,Melania
6,Melanie
2,Melany
1,Meley
4,Melia
1,Melika
1,Melike
7,Melina
1,Melina-Lynn
1,Melinda
3,Melisa
14,Melissa
1,Melodee
2,Melodie 
12,Melody
4,Memphis
1,Memphys
1,Menaal
1,Menare
1,Menisa
1,Menissa
1,Mera
1,Merab
1,Mercadez
4,Mercedes
1,Mercèdes
5,Mercy
5,Meredith
1,Mergia
1,Meriam
1,Merida
1,Merideth
1,Merissa
1,Merita
2,Meron
1,Merrick
1,Merridy
1,Merrilee
1,Merrow
1,Merseydez
1,Mersiha
1,Merve
1,Merveille
1,Meryam
1,Meryem
1,Meryl
2,Mesa
1,Methuli
1,Meti
1,Metou
3,Meya
1,Meyer
1,Mezziah
1,Mfoniso
1,Mhairi
1,Mhilan
2,Mi
115,Mia
3,Miah
1,Miana
1,Mica
1,Micael
7,Micah
1,Mical
2,Micha
13,Michaela
1,Michamarie
1,Michante
1,Michell
27,Michelle
1,Michelle-Marie
1,Mickinley
1,Midhusi
1,Mieke
1,Miela
1,Mielle
1,Miera
1,Mihika
1,Miia
1,Miikka
1,Miila
1,Miju
2,Mika
1,Mikacey
14,Mikaela
2,Mikaella
1,Mikaia
3,Mikaila
1,Mikal
32,Mikayla
1,Mikayle
1,Mikeal
1,Mikeighla
1,Mikelle
1,Mikheilla
2,Mikka
1,Mikkenzie
3,Mikyla
84,Mila
1,Milaana
1,Milagros
3,Milah
1,Milajna
2,Milan
4,Milana
1,Milani
1,Milaya
1,Mildred
1,Milee
1,Mileigh-Maddison
1,Milen
3,Milena
8,Miley
1,Milica 
1,Milina
1,Milki
1,Milla
2,Miller
1,Milliana
4,Millicent
8,Millie
3,Milly
1,Milo
8,Mina
1,Minaal
1,Minael
1,Minah
1,Minami
1,Mineli
1,Minette
1,Mingshi
2,Minha
1,Minh-Anne
1,Minnie
1,Minori
1,Mio
12,Mira
2,Mirabella
2,Miracle
9,Miranda
1,Miraya
1,Mireille
1,Mirella
1,Mirelle
3,Mireya
1,Miriah
9,Miriam
1,Mirin
1,Mirinda
4,Mischa
2,Misha
1,Misha-Bernice
1,Mishel
2,Mishika
2,Misk
1,Miski
1,Misky
1,Missyarah
1,Mistaya
1,Misty
1,Mitch
1,Mithila
1,Miu
8,Miya 
2,Miyah
1,Miyanui
1,Mlak
1,Mohammed
2,Moira
1,Moira-Jane
1,Moise
1,Moksha
4,Mollie
43,Molly
1,Molly-Anne
1,Molly-Mae
3,Momina
1,Momna
5,Mona
7,Monica
1,Monifeoluwa
2,Monika
2,Monique
6,Monroe
1,Mòrag-Elizabeth
1,Morello
43,Morgan
1,Morgann
2,Moriah
1,Morley
1,Mosunmola
1,Motunrayo
1,Mreya
1,Mrihanna
1,Mudra
1,Muja
1,Mumtaz
1,Munachïmso
1,Muneefa
2,Munira
1,Muniya
1,Munroop
2,Muntas
1,Muntasha
1,Mun-Ying
1,Murielle
1,Murryla
1,Mursal
1,Musfirah
1,Musharafatu
1,Muska
3,Muskaan
1,Muskaanvir
1,Musutak
1,Muwani
1,Mwa
63,Mya
6,Myah
1,Myana
1,Myar
1,Myel
1,Myelle
1,Myelli
1,Myer
1,Myia
1,Myka
1,Mykah
1,Mykayla
1,Mykelti
1,Mykessa
20,Myla
5,Mylah
2,Mylee
2,Myleigh
1,Mylena
1,Mylene
2,Myles
3,Mylie
1,Mylo
7,Myra
1,Myrah-Lynn
2,Myriam
1,Myrna-Lea
2,Mysha
1,Myshia
1,Myya
1,Naalah
1,Naana
1,Naarah
1,Naatahi
2,Naaz
1,Nabaa
1,Nabat
3,Nabiha
1,Nada
1,Nadene
1,Nadezhda
13,Nadia
8,Nadine
2,Nadira
1,Nadja
1,Nadza
1,Naeela
1,Nael 
1,Naema
1,Naemi
1,Naemo
1,Naeum
1,Nafeesah
1,Nafisa
1,Naha
1,Naheda
1,Nahili
2,Nahla
1,Nahlirem
2,Naia
1,Naiarah
1,Naije
2,Naila
1,Naïlo
2,Naima
1,Na'ima
1,Naina
2,Naiomi
1,Nairah
1,Naisha
1,Naishe
2,Naiya
1,Najiah
1,Najla
3,Najma
1,Nakenya
1,Nakisha
2,Nakita
1,Nakota
1,Naksharaa
1,Naleigha
2,Nalia
1,Nalla
1,Nally
1,Nameera
1,Namira
1,Nanayaa
8,Nancy
1,Nandini
1,Nanelle
1,Nangialai
1,Naniso
40,Naomi
3,Naomie
1,Naphtalie
1,Nara
2,Nardos
2,Narelle 
1,Nariya
1,Narjes
1,Narjess
1,Narmin
1,Narra
1,Naseeb
1,Naseem
1,Nasera
1,Nashea
1,Nashira
1,Nashwa
1,Nasima
1,Nasmah
1,Nasrin
1,Nassica
1,Nasteha
1,Natacha
1,Nataiah
1,Natalee
1,Natali
27,Natalia
82,Natalie
2,Natalina
1,Nataline
2,Nataliya
4,Natalya
2,Natania
1,Natanielle
1,Natanya
14,Natasha
1,Nataya
1,Nataylia
2,Nathalia
3,Nathalie
2,Nathaly
1,Nathaniella
1,Natsumi
1,Nausica
1,Navaria
1,Navayah
2,Naveah
1,Naveda
1,Naveena
1,Navjot
1,Navlyn
1,Navnoor
4,Navreet
1,Navy
3,Navya
1,Nawaal
5,Nawal
1,Nawat
1,Nawla
10,Naya
2,Nayab
1,Nayah
1,Nayasha
2,Nayla
1,Naynthini
1,Naysa
1,Nazahah
1,Nazaya
1,N'azia
1,Nazira
1,Ndeye
1,Ndjozikiro
1,Neaa
1,Neala
1,Nebiat
1,Nebras
1,Nebraska
1,Neci
2,Neely
1,Nefeli
1,Nehal
1,Neharika
1,Nehmat
1,Neiah
1,Neivika
1,Nela
1,Nelika
1,Nelinora
1,Nell
3,Nella
1,Nelli
7,Nellie
5,Nelly
1,Nelsyne
1,Nelya
1,Nema
1,Neraya
1,Neredisia
3,Neriah
1,Neriah-Lois
2,Nerissa
1,Nesha
1,Nesiha
1,Nesochi
1,Nesrianne
2,Nessa 
1,Nessah
1,Nessia
1,Netheya
1,Netty
1,Neva
2,Nevada
1,Nevada-Rose
63,Nevaeh
1,Nevaya
3,Neve
1,Nevea
4,Neveah
1,Neveyah
1,Nevin
1,Nevina
1,Neyayesh
1,Ngahivirikue
1,Ngok
1,Nhu
1,Ni
4,Nia
3,Niah
2,Niamh
1,Niaron
1,Niat
3,Nico
2,Nicola
36,Nicole
2,Nida
1,Niema
1,Nieve
1,Nigella
2,Nika
1,Nikaela
1,Nika-Rae
1,Nikatilaya
4,Nikita
2,Nikki
1,Niko
1,Nikoah
1,Nikol
1,Nikole
1,Nikolina
1,Nikyla
3,Nila
1,Nimat
1,Nimra
4,Nimrat
1,Nimratveer
4,Nimrit 
1,Nimrith
12,Nina
1,Ninelle
1,Niniola
1,Ni'omi
1,Nira
1,Nisha
1,Nishat
1,Nishika
2,Nishka
1,Nishtha
1,Nitanis
1,Niti
1,Niva
1,Nixa
1,Nixee
2,Nixie
1,Nixon
1,Niya
2,Niyah
1,Niyamat
1,Njoki
1,Nkemjika
1,Nneotake-Obase
6,Noa
1,Noä
2,Noah
1,Nobomi
1,Noel
3,Noella
11,Noelle
2,Noémie
2,Noha
7,Nola
1,Nolah
1,Nolia
1,Nomana
1,Nonna
1,Nonofo
1,Noomi
12,Noor
1,Noor-Al-Huda
1,Noorul
1,Noor-Us-Sama
1,Noorvir
52,Nora
39,Norah
1,Norriah
1,Norvanna
2,Nour
2,Noureen
1,Nourhan
1,Nourleen
17,Nova
3,Novah
2,Novalee
1,Novella
1,November
1,Nsovo
1,Nuela
2,Nuha
1,Nuhar
1,Nunu
3,Nusaybah
12,Nya
1,Nyabol
1,Nyachang
6,Nyah
1,Nyarieka
1,Nychelle
1,Nyekhan
1,Nyesha
1,Nyia
1,Nyiah
1,Nyiara
1,Nyibol
1,Nyieil
1,Nyisa
4,Nyla
10,Nylah
1,Nylee
3,Nyomi
2,Nyssa
1,Nyxan
5,Oakley
4,Oaklyn
1,Oaklynn
1,Ocea
3,Ocean
1,Oceane
1,Oceania
1,Oceanne
1,Ocean-Tuzikamisa
3,Octavia
1,Odessa
2,Odette
1,Odia
1,Odufa
1,Ofaira
1,Ofeloreoluwa 
1,Ogechukwukamma
1,Oghenefegor
1,Oghogho
1,Okami
1,Olayide
2,Olena
1,Oliana
1,Olina
1,Olise
26,Olive
293,Olivia
1,Olivia-Ann
1,Oliviah
1,Olivia-Lauren
1,Olivya
1,Oliwia
1,Olsa
1,Oluchukwu
1,Olukemi
1,Olunifemi
2,Oluwadamilola
3,Oluwadarasimi
1,Oluwademilade
1,Oluwafunke
1,Oluwanimilo
1,Oluwaromisola
1,Oluwatojumi
1,Oluwatomilola
1,Oluwatosin
1,Olwyn
2,Olyvia
1,Omaima
1,Omalkhayr
1,Omenia
1,Omna
1,Omnia
1,Omonigho
1,Omonye
1,Omphemetse
1,Onali
1,Onaya
1,Onevaeh
1,Onguvii
1,Onjali
1,Onohije
1,Onoseriemen
1,Oonagh
1,Opal
3,Ophelia
1,Orchid 
1,Oree
2,Oriana
1,Orianna
1,Orla
1,Orlie
1,Orryn
1,Osamagbe
1,Osha
1,Oshyn
1,Otêhimin
1,Otter
1,Ottilie
1,Oudrey
1,Owajiiyem
1,Owusu-Jada
1,O'zali
1,Paaras
1,Pachelle
1,Padmahasini
1,Pahola
58,Paige
1,Paighton
3,Paislee
1,Paisleigh
52,Paisley
1,Paison
1,Paitlyn
1,Paitlynn
8,Paityn
1,Paizlee
3,Paizley
2,Palak
5,Palmer
1,Palmita-Oli
3,Pamela
2,Pandora
1,Paniya
2,Paola
1,Paolina
1,Pareen
1,Pari
1,Paridhi
1,Parineet
1,Parinoor
1,Pariroop
4,Paris
1,Parisa
22,Parker
1,Parnaz
2,Parneet
1,Parniya
1,Parys
7,Patience
6,Patricia
1,Patroula
4,Paula
1,Pauleen
1,Paulette
3,Paulina
1,Paulinda
1,Pauline
1,Paulyn
1,Pavitarpuneet
1,Pavleen
1,Pavneet
1,Pavnoor
1,Pavreet
1,Paxtyn
1,Payden
1,Paynton
2,Payson
1,Payten
1,Paytin
1,Paytin-Mae
57,Payton
1,Payton-Lyn
1,Paytyn
1,Payvand
12,Pearl
1,Pei
2,Peighton
1,Penellope
49,Penelope
1,Pénélope
1,Penelope-Farida
1,Pennelope
11,Penny
6,Pepper
1,Percera
1,Perri
1,Persaeus
1,Persais
1,Persayaz
1,Persephone
1,Persius
1,Peta
2,Petra
1,Peyseance
1,Peytin-Leanne
84,Peyton 
2,Phaedra
1,Phallita
1,Pheonix
3,Philippa
1,Philmena
5,Phoebe
11,Phoenix
1,Phoenyx
1,Phryankah
2,Pia
1,Piath
1,Pihu
1,Pilara
1,Pillar
1,Pina
55,Piper
2,Pippa
1,Piyashma
1,Plamedi
1,Poetry
1,Polina
2,Poni
1,Pooja
7,Poppy
5,Portia
1,Prabhjot
1,Prabhleen
1,Prabhnam
1,Prabhnoor
1,Prabhreet
1,Prabhroop
1,Prabhveer
1,Pragathi
1,Pragunn
1,Pranati
2,Pranavi
1,Pranisha
1,Prasiddhi
1,Pratapi
5,Precious
2,Preet
1,Preity
3,Preslee
35,Presley
1,Preslie
1,Preston
1,Pretty
1,Primrose
5,Princess
1,Priscila 
1,Priscilla
3,Prisha
1,Priskilla
1,Prisma
11,Priya
1,Priyah
1,Priyamvda
1,Promise
1,Prosperity
1,Prudence
12,Pyper
1,Qiu
1,Qori
1,Quaila
1,Queen
1,Queenzy
1,Quill
1,Quin
1,Quineisha
2,Quinlan
95,Quinn
1,Quinna
1,Quinnley
1,Quinnlyn
1,Quinnlynn
1,Quynn
1,Qwynn
1,Raaniya
1,Raavya
1,Rabab
1,Rabail
2,Rabia
1,Rabiabasri
1,Rabiya
8,Rachael
1,Rachael-Philea
1,Rachaul
2,Racheal
47,Rachel
1,Rachelann
4,Rachelle
1,Radiyah
1,Raeanna
1,Raechel
1,Raechelle
1,Raedyn
1,Raegan
1,Raegyn
1,Raeka
1,Raelan
1,Raelana
3,Raelee
4,Raeleigh
1,Raelene
1,Raeley
5,Raelyn
1,Rae-Lyne
8,Raelynn
1,Rae-Lynn
1,Raemi
1,Raeshí
1,Rafaella
1,Raffaella
1,Raghad
1,Ragvi
2,Rahaf
1,Raheal
1,Raheel
1,Rahel
4,Rahma
1,Rahmah
1,Raho-Rayane
1,Raia
1,Raianna
1,Raica
1,Raiha
1,Raika
1,Raily
1,Raima
1,Raimey
9,Raina
4,Raine
1,Rainelle
2,Raiya
1,Raiyna
1,Raizalyn
2,Raizel
1,Rajneeshma
1,Rajvi
1,Raliyah
3,Rama
1,Ramiya
1,Ramlah
2,Ramneek
3,Ramona
2,Rana
1,Randa
1,Randi
3,Raneem
1,Ranger 
2,Rani
4,Rania
1,Ranim
2,Ranya
1,Raphaëlla
1,Raqiya
6,Raquel
1,Rasmiya
1,Ratayah
4,Raveen
3,Raven
1,Ravennah
1,Ravleen
2,Ravneet
3,Rawan
1,Rawiwan
19,Raya
1,Rayaan
3,Rayah
3,Rayan
3,Rayann
2,Rayanne
1,Raychel
1,Rayden
1,Rayell
1,Rayelle
1,Rayhana
2,Rayla
3,Raylee
2,Rayleigh
2,Raylene
1,Rayley
9,Rayna
1,Raynah
4,Rayne
1,Raysha
1,Rayya
3,Rayyan
1,Razzi
1,Rea
8,Reagan
1,Realeen
1,Realyn
1,Rean
2,Reanna
2,Reata
1,Reave
35,Rebecca
1,Rebecca-George
1,Rebecka 
16,Rebekah
2,Rebekka
1,Rebel
1,Rebel-Mae
1,Reeam
1,Reeba
3,Reece
6,Reem
1,Reena
29,Reese
3,Reet
6,Regan
1,Reggi
1,Regina
1,Rehab
1,Rehema
1,Reichel
1,Reid
1,Reign
1,Reilly
1,Reillyn
3,Reina
4,Remi
1,Remidey
1,Remington
3,Remy
2,Rena
1,Renad
3,Renae
3,Renata
1,Renaz
3,Renee
4,Renée
1,Renelle
1,Renesmae
3,Renesmee
1,Renezamay
1,Renna
1,Renne
1,Retaj
1,Reteah
1,Reya
2,Reyah
1,Reyann
1,Reyhanna
2,Reyna
1,Reynah
1,Reynaii
1,Rhaya
9,Rhea
2,Rheanna
1,Rheianna
1,Rhema
1,Rhenleigh
4,Rhian
2,Rhianne
1,Rhiannon
1,Rhievin
4,Rhiley
1,Rhilynn
1,Rhiya
1,Rhoanynn
1,Rhoda
1,Rhoen
1,Rhone
1,Rhoxanne
3,Rhya
3,Rhyan
1,Rhylin
2,Rhys
1,Rhyzza
2,Ria
1,Rialyn
1,Rian
1,Riane
1,Riane-Rochelle
1,Rianne
1,Richelle
1,Rico
2,Rida
1,Riddhi
1,Ridhima
1,Ridima
2,Riel
1,Riella
5,Rielle
1,Rifa
1,Rihan
1,Rihanna
1,Riilee
1,Rijameka
1,Rikia
1,Rilanie
1,Rilee
1,Rileigh
1,Rilena
26,Riley
1,Rilyn
1,Rilynn
1,Rinoa 
2,Rio
1,Ripley
1,Risa
1,Rise
1,Risha
1,Rishan
1,Rishika
1,Rishma
2,Rita
1,Ritage
1,Rital
8,River
11,Riya
3,Riyan
1,Rizlea
1,Robe
1,Roberta
1,Robhei
1,Robica
3,Robin
10,Robyn
2,Rochelle
1,Rocklyn
3,Rodas
1,Rodayna
1,Rodiat
1,Róisín
1,Rokaya
1,Rokheya
2,Romane
1,Romay
1,Romy
1,Roni
2,Ronia
1,Ronin
1,Roniya
1,Roohie
1,Rookmyn
1,Roop
1,Rorey
2,Rori
1,Rorie
8,Rory
2,Rosa
1,Rosabella
1,Rosabelle
1,Rosaleigh
1,Rosali
1,Rosalia
16,Rosalie 
1,Rosalina
2,Rosalind
1,Rosaly
3,Rosalyn
2,Rosanna
1,Rosanne
22,Rose
2,Rosealee
1,Rosealeigh
1,Roseann
1,Roseanne
1,Roselle
1,Rosemanie
1,Rose-Marie
6,Rosemary
1,Rose-Mary
6,Rosie
1,Roslinn
1,Roslyn
1,Roukaya
18,Rowan
4,Rowen
1,Rowena
8,Rowyn
1,Rowynn
1,Rowynne
1,Roxane
1,Roxanna
3,Roxanne
1,Roxee
1,Roxy
2,Rozalia
1,Rozina
1,Rozlyn
45,Ruby
1,Ruby-Ann
1,Rucira
1,Rudina
1,Rue
1,Ruhaani
1,Ruhee
1,Ruhma
1,Rumaisa
1,Ruman
1,Rumaysa
1,Rumina
1,Runelle
1,Ruolin
1,Rupali
1,Rupinder
1,Ruqaiyah
12,Ruth
1,Ruthie
1,Rutvi
2,Ruwayda
1,Ruweyda
2,Ruya
1,Ruzivo
5,Rya
1,Ryah
5,Ryan
1,Ryana
6,Ryann
1,Ry-ann
1,Ry-Anna
1,Ryanne
6,Ryder
2,Rydia
1,Rye-Lee
1,Ryker
1,Ryla
1,Rylah
4,Rylan
1,Rylann
1,Rylea
34,Rylee
13,Ryleigh
1,Rylene
3,Ryley
6,Rylie
1,Rylie-Ann
1,Rylie-Anne
4,Rylin
1,Ryllie
2,Rylyn
3,Rylynn
1,Ryna
2,Ryver
1,Ryzah
1,Saaili
1,Saala
2,Saba
2,Sabaa
1,Sabella
1,Sabiha
1,Sabilah
2,Sabina
2,Sabine
1,Sabirena
1,Sabirin 
1,Sabraya
2,Sabreen
1,Sabrielle
2,Sabrin
13,Sabrina
1,Saccura
3,Sachi
1,Sachini
1,Sachleen
1,Sacred
1,Sacura
1,Sadee
1,Sadey
3,Sadia
118,Sadie
1,Sadie-Ann
1,Sadie-Grace
1,Sadira
1,Saesha
5,Safa
1,Safana
1,Saffi
1,Saffire
5,Safia
1,Safina
1,Safire
2,Safiya
2,Safiyah
1,Safiyyah
1,Saga
3,Sagal
13,Sage
1,Sahaj
1,Sahal
1,Sahana
2,Sahar
3,Sahara
1,Saheba
1,Sahej
2,Sahib
1,Sahiba
1,Sahibjot
1,Sahij
1,Sahlara
1,Sahnaaz
1,Sahon
2,Sahra
1,Saidah
1,Saidie
1,Saidy 
7,Saige
1,SaigeLee
1,Saihaj
1,Saihajdeep
1,Sailor
1,Saimithra
1,Saira
1,Saisana
1,Saiya
1,Sai-Yu
3,Saja
1,Sajda
1,Saje
3,Sakara
3,Sakina
1,Sakinah
2,Sakura
1,Salayna
1,Saleen
1,Saleena
1,Salem
2,Salena
1,Saliha
4,Sally
10,Salma
2,Salome
1,Salomé
1,Salwa
1,Sama
2,Samaira
63,Samantha
1,Samantha-Jane
1,Samar
16,Samara
1,Samaria
1,Sameena
1,Samerra
4,Samira
1,Samiya
1,Samorra
1,Samreet
1,Samyra
5,Sana
5,Sanaa
1,Sanah
1,Sanaya
3,Sandra
1,Sandrina
1,Sandy
1,Sandy-lee
1,Sangreet
1,Sanha
1,Saniya
1,Saniyah
1,Saniye
1,Sanjam
1,Sanjana
1,Sansa
1,Santana
1,Sanuja
2,Sanvi
3,Sanya
3,Saoirse
1,Saphera
1,Saphhire
1,Saphia
2,Saphina
7,Saphira
1,Saphirey
3,Sapphira
2,Sapphire
51,Sara
1,Sarabeth
86,Sarah
1,Sarai
1,Saralynn
3,Saray
1,Saraya
1,Sarayah
1,Sarea
1,Sarem
1,Saren
1,Sarenity
3,Sargun
2,Saria
1,Sariah
1,Sarika
3,Sarina
2,Sariya
4,Saron
1,Saroya
1,Sarpreet
1,Sarwa
1,Saryna
1,Saryun
11,Sasha
1,Satori
1,Saukra
1,Saumya
1,Saumyaa 
1,Savahna
1,Savana
2,Savanah
11,Savanna
53,Savannah
1,Savanna-Lee
1,Savaya
1,Savayah
2,Saveah
1,Savera
2,Savreen
1,Sawa
1,Sawera
1,Sawsan
30,Sawyer
1,Sawyer-Mae
1,Saya
1,Sayda
1,Saydee
2,Saydie
1,Sayha
1,Sayje
2,Saylor
1,Sayri
1,Sayvrie
11,Scarlet
71,Scarlett
9,Scarlette
1,Scotia
2,Scotlyn
1,Scottlyn
2,Scout
1,Seadrah
4,Seanna
1,Seara
1,Seedra
1,Seena
10,Seerat
4,Seerit
1,Seerith
4,Sehaj
1,Sehajo
3,Sehajpreet
1,Seham
1,Sehjnoor
1,Seira
4,Selah
14,Selena
1,Selhom
5,Selina 
1,Selma
1,Selorm
1,Selyna
1,Semhal
1,Seneca
1,Senna
1,Senoria
1,Sensa
1,Senya
1,Seon
1,Seonaid
1,Sequoia
2,Serafina
2,Serah
1,Seraph
1,Seraphena
5,Seraphina
4,Sereen
1,Sereena
2,Seren
17,Serena
5,Serene
24,Serenity
1,Serenity-Rayelle
2,Serina
2,Serine
1,Sesina
1,Seva
1,Sevaya
1,Sevin
1,Shaam
1,Shadai
5,Shae
1,Shaely
1,ShaeLyn
1,Shaelyn
1,Shaelynn
1,Shaelynne
1,Shaena
1,Shaeya
1,Shahad
1,Shaheena
1,Shahli
1,Shahnoor
1,Shahud
1,Shaila
1,Shaine
1,Shaista
1,Shakila
2,Shakira
1,Shakirah
1,Shalayna
1,Shallane
5,Shalom
1,Shalysa
1,Shamaliya
1,Shamikksha
1,Shams
3,Shana
1,Shanae
1,Shanaekqaheart
1,Shanalee
1,Shanara-Lea
8,Shanaya
1,Shandae
1,Shandre
2,Shanella
5,Shanelle
1,Shani
8,Shania
1,Shanika
1,Shannah
1,Shanneil
1,Shannell
1,Shannen
1,Shannia
4,Shannon
1,Shantel
1,Shanty
2,Shanzay
1,Shanzy
1,Shaoyi
1,Shaquira
1,Sharith
1,Sharla
1,Sharlaine
1,Sharlize
2,Sharon
1,Shathana
1,Shativa
2,Shauna
2,Shawn
1,Shawna
2,Shay
1,Shayan
1,Shayanna
1,Shayanne
1,Shayce
1,Shayda
1,Shaydon 
3,Shaye
1,Shayera
13,Shayla
1,Shayla-Marie
1,Shaylee
1,Shaylyn
1,Shaylynn
1,Shayma
2,Shea
1,Shealah
1,Sheaya
3,Sheena
1,Sheer
1,Sheilbe
1,Shekhinah
3,Shekinah
1,Shelaine
1,Shelayne
1,Shelbby
16,Shelby
1,Shelby-Lynn
1,Shelby-lynn
1,Shella
1,Shelley
1,Sheona
1,Sherah
1,Sheri
1,Sheridan
1,Sherise
2,Sherlyn
1,Sherylyn
1,Shia
1,Shianne
2,Shifa
1,Shifra
1,Shihaam
1,Shikshya
1,Shilo
13,Shiloh
1,Shina
1,Shine
1,Shirali
1,Shirhan
2,Shirley
1,Shivangi
1,Shivani
1,Shivani-Sri
1,Shívanna
1,Shivaughn
1,Shivonne 
1,Shiya
1,Shiza
2,Shona
1,Shoshana
1,Shoshannah
1,Shravia
1,Shrea
1,Shreeya
1,Shreshta
5,Shreya
2,Shriya
1,Shruthi
1,Shruti
1,Shubhneet
1,Shurwe
1,Shuxin
1,Shy
1,Shyana
3,Shyanne
1,Shyerra
1,Shyiane
8,Shyla
1,Shylee
1,Shymaa
1,Shyna
1,Shyne
1,Siah
1,Sianna
1,Siara
1,Siarra
1,Sibell
1,Sibyl
1,Sidak
1,Sidanna
1,Sidara
1,Sidhak
5,Sidney
3,Siena
35,Sienna
1,Siera
35,Sierra
1,Sierrah
1,Sifa
1,Sifath
1,Siga
1,Sigourney
3,Siham
1,Sika-Boatemaa
1,Sikha
1,Silin
1,Silvana
1,Silver
1,Silverlynn
1,Silvia
1,Simab
1,Simale
4,Simar
1,Simisayoluwa
1,Simleen
1,Simona
6,Simone
1,Simonna
1,Simra
3,Simran
4,Simrat
1,Simreet
3,Simrit
1,Sina
1,Sincere
1,Sinead
1,Singitan
1,Sini-Marja
3,Siobhan
1,Sirat
2,Sireen
2,Siri
1,Sisily
1,Sivagami
1,Siya
1,Siyham
1,Siying
1,Skarlett
4,Sky
10,Skye
1,Skyelar
9,Skyla
3,Skylah
31,Skylar
10,Skyler
1,Skylynn
1,Slash
11,Sloan
23,Sloane
1,Snehal
1,Snowy
1,Socorro
1,Soffey
1,Sofi
101,Sofia
1,Sofía 
5,Sofie
2,Sofina
1,Sofiyah
1,Sohana
1,Sohna
1,Sojoud
1,Sokhna
1,Solafa
1,Solana
1,Solania
1,Solaris
1,Soleia
1,Soleija
3,Soleil
1,Soley
2,Soliana
1,Solina
1,Solomiya
1,Solveig
1,Solyana
1,Sonam
1,SongYue
9,Sonia
2,Sonja
1,Sony
2,Sonya
1,Sophea
1,Sophee
241,Sophia
1,Sophia-Claudia
2,Sophia-Lynn
108,Sophie
1,Sophya
1,Sopia
1,Soraia
2,Soraya
2,Sorcha
1,Sorina
2,Sosan
1,Soulairah
1,Soultana
1,Soulyana
1,Sourayah
1,Sparda
1,Sparrow
2,Spencer
1,Spruha
1,Sri
1,Srieja
1,Srinandha 
4,Stacey
1,Stacie
2,Stacy
1,Stamatina
1,Starla
1,Starlet
1,Starling
1,Starly
2,Starr
1,Stasia
1,Staycey
1,Staysh
1,Stefani
1,Stefania
1,Steff
1,Stelah
48,Stella
1,Stella-Marie
14,Stephanie
1,Stephany
2,Sterling
2,Stevie
1,Stevie-Lynn
1,Stoli
1,Storie
2,Storm
1,Stormie
1,Story
1,Su-Ah
1,Subeida
1,Subin
1,Suela
1,Sufi
3,Suhaila
1,Suhair
1,Suhan
1,Suhati
1,Suhayla
1,Suheyla
1,Sujood
1,Sukaina
1,Sukena
1,Sukhkeerat
1,Sukhman
4,Sukhmani
1,Sukhpreet
1,Sukriti
1,Sulamita
1,Suleidys
1,Sullivan
1,Sumaiyah
1,Sumanya
1,Sumara
5,Sumaya
1,Sumeeya
1,Sumeya
44,Summer
1,Summer-Rose
1,Sumnima
2,Sunday
2,Sundus
1,Sunelle
1,Suniti
1,Sunney
3,Sunny
2,Sunshine
1,Sunshyne
1,Supriya
2,Suraya
3,Suri
1,Surina
2,Surveen
1,Surya
3,Susan
6,Susana
1,Susanna
1,Susannah
1,Susi
2,Susie
1,Susun
3,Susy
1,Sutten
6,Sutton
2,Suttyn
1,Suvi
2,Suzanna
2,Suzanne
1,Suzy
1,Sydnee
58,Sydney
1,Sydney-Lynn
2,Syeda
1,Syeda-Zaynab
1,Sylver
5,Sylvia
3,Sylvie
1,Sylvie-Anne
1,Sylvrienna
1,Symphony
2,Syra 
1,Syrah
1,Syrena
1,Syrenitie
1,Szyrelle
1,Taaj
1,Tabasum
4,Tabea
1,Tabi
3,Tabitha
1,Ta-Char
1,Taedum
1,Taegan
1,Taelor
2,Taelyn
2,Taelynn
2,Tahia
1,Tahira
1,Tahli
5,Tahlia
1,Tahseen
1,Taia
1,Taif
1,Taija
1,Taila
2,Taisia
1,Taissabell
1,Taiwo
1,Taja
1,Tajhmarriah
1,Takau
1,Takaya
1,Takunda
6,Tala
1,Talayla
2,Talea
4,Taleah
1,Taleaha-Teagan
7,Taleen
1,Taleesha-ann
1,Taleigha
1,Talena-faye
29,Talia
1,Taliá
1,Taliah
1,Talianna
1,Talie
1,Talie-Anouk
1,Talin
1,Talisa
1,Talissa 
1,Talitha
2,Taliya
3,Taliyah
1,Tallia
1,Talliana
1,Talon
2,Talya
1,Talyah
1,Talyn
5,Tamara
1,Tamber
1,Tameka
1,Tamelia
1,Tamia
1,Tamika
1,Tamiris
1,Tamiyo
1,Tamsen
1,Tanaia
1,Tanequil
1,Taneya
1,Taniela
2,Tanique
1,Tanis
3,Tanisha
1,Tanishi
1,Tanishka
1,Tanishtha
1,Taniya
1,Tannis
1,Tanny
2,Tanreet
1,Tanu
1,Tanushribye
1,Tanveer
2,Tanvi
2,Tanvir
1,Tanya
1,Taqdeer
4,Tara
1,Taranpreet
1,Tariah
1,Tarja
1,Tarnav
11,Taryn
1,Tarynn
4,Tasha
1,Tashina
3,Tasneem
1,Tasnim
4,Tatiana
1,Tatiyana
10,Tatum
1,Tatyana
1,Tatyanna
1,Tavaiyah
1,Tavleen
1,Tawekleya
1,Tawny
12,Taya
1,Tayana
1,Tayanna
1,Tayen
1,Tayia
1,Tayja
4,Tayla
1,Taylayna
1,Taylee
1,Tayler
2,Taylin
49,Taylor
1,Taylormarie
2,Taylyn
1,Taylynn
1,Tay-lynn
1,Taynjerine
1,Tayo
1,Tayonna
1,Taysha
1,Taysius
1,Tayson
1,Tayten
1,Taytum
2,Tayva
1,Tayvah
1,Tayyibah
1,TeaDora
15,Teagan
1,Teaghan
1,Teah
1,Teal
1,Teale
1,Teanna
1,Teary
1,Teegan
1,Teela
1,Teesta
11,Tegan
1,Tehya
1,Tehzeeb 
1,Teiah
1,Teighan
1,Teja
1,Tejasvini
1,Telena
3,Temperance
1,Tempest
1,Tena
1,Tenikya
15,Tenley
1,Tennessee
1,Tenysa
1,Tenzilee
2,Tenzin
1,Teodora
1,Tera
1,Terah
1,Teraiza-Rae
10,Teresa
1,Teresita
1,Tergel
1,Teri
1,Terisha
2,Terra
1,Terranna
1,Terri
1,Terry-Ann
3,Tesla
2,Tess
32,Tessa
1,Tessalyn
1,Tessianna
1,Tevya
1,Teya
1,Teyanna
2,Teyla
1,Thais
2,Thalia
1,Thandeka
1,Thayden
17,Thea
1,Theaora
1,Theda
4,Theia
2,Theodora
7,Theresa
1,Therese
1,Thérèse
1,Thereza
1,Theryn 
1,Thiingdong
1,Thorayya
1,Thy
11,Tia
2,Tiah
1,Tia-Louise
8,Tiana
1,Tiandra
12,Tianna
1,Tiannah
1,Tiara
1,Tiare
1,Tiayana
1,Tierley
1,Tierra
1,Tiffanie
9,Tiffany
1,Tigist
1,Tijana
1,Tillie
2,Tilly
10,Tina
1,Tinly
1,Tiona
1,Tionne
1,Tiquarious
1,Tirenioluwa
3,Tirzah
1,Tishanna
1,Tisza
1,Titiksha
1,Tiwalade
2,Tiyamike
1,Tiyanna
4,Toni
1,Tonto
2,Tora
3,Tori
1,Toria
1,Toriann
2,Torri
1,Torrie
1,Torunn
1,Tory
1,Toryn
1,Tova
1,Tovah
1,Tracey
1,Tracey-Lynn
1,Tracy
1,Trae-Lynn
1,Tranaye
1,Treasa
1,Treasure
1,Treesa
1,Tregan
1,Tressa
1,Trezure
1,Trina
1,Trinité
1,Triniti
20,Trinity
1,Trinnity
4,Trisha
3,Trista
1,Tristan-Renee
1,Tristyn
1,Trixie
1,Tru
1,Trudi
1,Trudith
3,Trudy
1,True
1,Truett
1,Truleigh
1,Trystan
1,Trystnn
1,Tseneat
1,Tsifira
1,Tsion
1,Tsula
1,Tula
1,Tulja
2,Tulsa
1,Tvisha
1,Twyla
1,Ty
1,Tya
1,Tyanee
2,Tyanna
1,Tyara
1,Tygra
1,Tyibh
5,Tyla
1,Tylah
1,Tylar
1,Tyler
1,Tylie
1,Ty-Marie
1,Tymeena 
1,Tyra
1,Tyrese
1,Uakamuinavi
1,Uforo-Abasi
1,Ugbad
1,Ujaala
1,Umamah
1,Umaymah
1,Umber
1,Umeran
1,Umi
1,Umika
4,Una
1,Unique
1,Unna
1,Upjit
1,Urijah
1,Ursula
1,Urvi
2,Urwa
1,Usra
1,Uzoma
1,Vaani
2,Vada
2,Vaida
1,Vailea
1,Vailynn
1,Vaishali
1,Vaishvi
1,Vala
1,Valeighya
10,Valentina
1,Valentine
8,Valeria
1,Valéria-Marie
12,Valerie
1,Valiree
1,Valla
1,Vanea
1,Vaneet
1,Vanelle
1,Vanesa
23,Vanessa
1,Vaneza
1,Vania
1,Vanille
1,Vanity
1,Vanna
2,Vanya
1,Vashtee 
1,Vasylyna
6,Vayda
1,Vayla
6,Veda
1,Veera
1,Veerah
1,Veerjot
1,Velica
1,Venayah
1,Venelope
1,Venia
1,Venora
3,Venus
14,Vera
1,Véra
3,Verity
1,Verna
1,Vernalle
1,Vernice
17,Veronica
2,Veronika
1,Veronyka
1,Vesa
3,Vesper
1,Vevangee
1,Vi
1,Vian
2,Viana
1,Vianne
1,Vibhuti
1,Vicky
69,Victoria
1,Victoria-Marie
1,Victory
4,Vida
2,Vidhi
1,Viella
1,Vielle
10,Vienna
1,Vierra
1,Viktoria
1,Vinnie
4,Viola
77,Violet
2,Violeta
1,Violetrose
2,Violett
1,Violetta
2,Violette
1,Virgilie
3,Virginia
1,Virginia-Rae
2,Vista
1,Vittoria
2,Viveka
1,Vivia
13,Vivian
1,Viviana
1,Viviane
1,Vivianna
1,Vivien
1,Viviene
8,Vivienne
1,Viyan
1,Vrielle
1,Vyda
1,Vyllain
1,Waadaa
1,Wacey
1,Waithira
1,Wajeeha
1,Wajen
1,Wâmnîomnî
1,Wanda
2,Wania
1,Waniyah
1,Waniyedu
1,Ward
1,Warda
1,Wareesha
1,Warisha
1,Waseskwan
1,Wateen
1,Watinodaishe
1,Waverley
1,Waverly
1,Wednesday
1,WeiLing
2,Wendy
1,Wendyam
1,Wenonah
1,Westyn
1,Westynn
1,Whinney
1,Whitley
10,Whitney
1,Whitton
1,Wilemina
9,Willa
39,Willow 
1,Winelle
3,Winnie
1,Winry
13,Winter
1,Winter-Wray
1,Woodleigh
11,Wren
1,Wrenn
1,Wriana
1,Wylee
1,Wynn
2,Wynne
1,Wynona
1,Wynsor
4,Wynter
1,Xanthia
1,Xcianna
2,Xenia
1,Xenovia
1,Xin
1,Xing
1,Xvanna
1,Xyelle
1,Xyla
1,Xyler
1,Xyreyn
1,Xyrie
1,Xyrille
1,Xyza
1,Ya
1,Yadicone
1,Yael
1,Yaffa
1,Yakira
1,Yalda
1,Yana
1,Yandi
1,Yang
1,Yanichel-Zaina
1,Yannah
1,Yanthelle
1,Yanti
3,Yara
1,Yaray
1,Yardley
1,Yari
1,Yarina
1,Yasashvi
1,Yashi
1,Yashnoor 
1,Yashvi
7,Yasmeen
7,Yasmin
10,Yasmine
1,Yasminh
1,Yasna
1,Yassa
2,Yassmin
1,Yatzil
1,Yazmine
1,Yedidya
1,Yeganah
1,Yehosheva
2,Yelena
1,Yemanya
1,Yena
1,Yenna
1,Yenny
1,Yeona
1,Yero
1,Yeshka
1,Yi
1,YiQiao
1,Yixin
1,Yizhen
1,Ynes
1,Yohan
1,Yohana
1,Yohanne-Iza
3,Yolanda
1,Yosra
1,Youlanda
1,Youstina
2,Ysabel
1,Ysabella
3,Ysabelle
1,Ysobella
1,Yssabella
1,Yuexin
1,Yui
1,Yukina
1,Yuliana
1,Yumi
1,Yumna
9,Yusra
1,Yusrah
1,Yuzuki
1,Yvette
1,Yvette-Lee
1,Yvita
3,Yvonne
1,Yzabella
6,Zaara
1,Zackiah
1,Zada
2,Zadie
1,Zahara-Jolie
1,Zahavah
1,Zaheen
12,Zahra
1,Zahraa
1,Zahria
1,Zaida
1,Zaidee
1,Zaidy
1,Zaiesha
3,Zaina
12,Zainab
2,Zaira
1,Zairah
1,Zaithwa
1,Zaiyna
1,Zaja
1,Zakirah
1,Zakiyah
1,Zala
1,Zalanda
1,Zalienna
1,Zallia
1,Zama
1,Zamzam
1,Zandra
1,Zandreya
1,Zanieka
1,Zaniyah
2,Zannah
1,Zappa
12,Zara
1,Zarah
1,Zaria
2,Zariah
1,Zariyah
1,Zarka
1,Zarmina
1,Zarsanga
1,Zasha
1,Zatira
1,Zawadi
2,Zaya
4,Zayda 
2,Zayla
1,Zaylah
2,Zaylee
1,Zaylie
1,Zaylin
2,Zayna
8,Zaynab
3,Zaynah
1,Zéa
1,Zeah
1,Zeba
1,Zeena
1,Zeenat
1,Zeenia
1,Zeeva
1,Zeher
1,Zehra
2,Zeina
3,Zelda
1,Zelena
1,Zelly
1,Zenaya
4,Zendaya
1,Zeniya
2,Zenya
1,Zerra
1,Zeva
1,Zhaina
1,Zharick
1,Zhe
1,Zia
1,Ziah
1,Zibiah
1,Zida
1,Zienna
1,Zikorah
1,Zimal
2,Zinnia
1,Zion
3,Zipporah
2,Zirwa
2,Ziya
1,Ziyah
1,Ziyana
1,Ziyang
1,Zlata
1,Zoa
73,Zoe
4,Zoé
8,Zoë 
1,Zoee
1,Zoë-Grey
1,Zoé-Jade
1,Zoë-Jasmine
1,Zoëlie
94,Zoey
1,Zoeya
1,Zoey-Kay
4,Zofia
8,Zoha
2,Zoie
1,Zoila
1,Zola
1,Zoliah
1,Zooey
1,Zophia
2,Zora
1,Zorianna
12,Zoya
1,Zoyaa
1,Zra
1,Zsuzanna
1,Zubaida
1,Zuha
1,Zuhra
1,Zuhur
3,Zunaira
1,Zunairah
1,Zuraya
1,Zuri
1,Zurnain
1,Zusana
1,Zuzanna
1,Zxianne
1,Zyanya
1,Zyeira
2,Zyla
1,Zyler
1,Zylia
1,Zymal
1,Zynah
1,Zynnia
2,Zyra