2,Aadhya
1,Aaditri
3,Aadya
1,Aafreen
1,Aahana
1,Aaima
3,Aaira
1,Aakriti
1,Aala
3,Aaliya
7,Aaliyah
1,Aalyiah
1,Aalyshia
1,Aambar
3,Aaminah
1,Aana
1,Aanayah
1,Aanvi
2,Aanya
2,Aara
4,Aaradhya
1,Aaralyn
1,Aaralynn
1,Aarefa
1,Aaria
1,Aariana
1,Aarielle
1,Aariya
1,Aarj
3,Aarna
1,Aarohee
1,Aarohi
1,Aarolynn
1,Aarti
1,Aarushi
2,Aarya
1,Aaryana
1,Aashna
1,Aashvi
1,Aasma
1,Aasmi
1,Aaya
2,Aayat
1,Aayla
1,Abagail
1,Abagale
1,Abak
3,Abbey
3,Abbie 
1,Abbigael
5,Abbigail
1,Abbigale
1,Abbilyn
7,Abby
3,Abbygail
2,Abbygale
1,Abby-Lucia
1,Abeda
2,Abeer
2,Abeera
1,Abegail
1,Abeha
1,Abel-Lynn
1,Aberdeen
1,Abhavya
1,Abhineet
1,Abhiroop
1,Abigael
1,Abigaelle
4,Abigail
1,Abigail-Celeste
3,Abigale
1,Abigall
4,Abigayle
1,Abiha
1,Abira
1,Abirami
1,Aboya
1,Abrar
1,Abria
4,Abriella
5,Abrielle
1,Abril
3,Abuk
1,Abygael
3,Abygail
5,Acacia
1,Acadia
1,Acelyn
1,Acelynn
1,Achai
2,Achan
1,Achen
2,Achol
1,Achot
1,Achsah
3,Ada
1,Adaara 
1,Adabel
1,Adahra
1,Adaiah
2,Adaira
1,Adaja
2,Adalee
1,Adalene
1,Adaley
1,Adalia
2,Adalie
4,Adalind
1,Adalinn
1,Adalyn
1,Adalyn-Kaye
4,Adalynn
3,Adalynne
1,Adamae
1,Adamari
1,Adan
1,Adara
2,Adau
2,Adaya
1,Adayla
1,Addalee
1,Addalin
1,Addalyn
1,Addalynd
1,Addelin
1,Addeline
1,Addelyn
1,Addelynn
1,Addie
3,Addilyn
2,Addilynn
1,Addisen
5,Addison
1,Addison-Jane
1,Addison-Jean
6,Addisyn
1,Addley
8,Addyson
1,Adedoyin
1,Adeen
1,Adefolarin
1,Adejoke
1,Adel
1,Adela
8,Adelaide
1,Adelanke
3,Adele
3,Adèle
1,Adeleine
2,Adelia
6,Adelina
5,Adeline
1,Adelise
1,Adelita
4,Adella
5,Adelle
7,Adelyn
1,Adelyne
5,Adelynn
1,Adelynne
1,Aden
1,Aderinsola
1,Adessa
1,Adesuwa
1,Adetowunmi
1,Adhieu
1,Adhira
2,Adhya
1,Adiannah
1,Adilee
2,Adilyn
4,Adilynn
6,Adina
1,Adira
1,Adison
1,Adisson
1,Adissyn
1,Adit
3,Aditi
1,Adjoa
1,Adlee
1,Adlene
1,Adler
2,Adley
1,Adna
1,Adonai
2,Adora
1,Adorée
1,Adrea
1,Adreiona
2,Adria
2,Adrian
5,Adriana
5,Adrianna
1,Adrianne 
4,Adrielle
2,Adrienne
1,Adrijana
2,Adrina
1,Aduk
1,Adunoluwa
2,Adut
1,Adyaniza
1,Adylee
3,Adyson
1,Aebriana
2,Aela
1,Aenaya
1,Aeon
1,Aerawyn
2,Aerin
1,Aeris
1,Aerith
1,AeroLynn
1,Aerona
1,Aeryn
1,Aeva
1,Afaf
1,Afia
1,Afifa
1,Afiifa
2,Afnan
1,Afogoluwahan
1,Afrah
1,Afsana
1,Agamjot
1,Agampreet
8,Aganetha
3,Agatha
1,Aggie
4,Agnes
1,Agot
2,Ahana
1,Ahlam
1,Ahliyah
1,Ahnyia
1,Ahona
2,Ahri
1,Ahriela
1,Aiah
1,Aiana
1,Aibrie
1,Aicha
1,Aida 
1,Aideen
1,Aidra
1,Aidrianna
1,Aidy
1,Aidyn
1,Aieceia
1,Aiesha
1,Aijia
1,Aika
1,Aikam
2,Aiknoor
6,Aila
1,Ailani
1,Aila-Sofia
1,Ailee
6,Aileen
1,Ailey
2,Aili
1,Ailin
1,Ailli
2,Ailynn
1,Aimal
1,Aiman
4,Aimee
1,Aimsley
1,Ain
1,Aine
1,Ainslee
1,Ainsleigh
1,Ainsley
1,Ainslie
1,Ainzley
1,Aireanna
1,Airyn
8,Aisha
2,A'isha
1,Aishah
1,Aïsha-Koumba
1,Aishat
2,Aishleen
1,Aishreet
1,Aishwarya
1,Aisia
1,Aisla
3,Aisley
2,Aislin
2,Aislyn
2,Aislynn
1,Aismee
1,Aissatu
1,Aiva
1,Aivah
1,Aiven
1,Aivley
5,Aiyana
1,Aiyanna
1,Aiyat
1,Aiyla
2,Aiza
2,Aizah
1,Aizlynn
1,Ajah
2,Ajok
2,Ajooni
1,Ajoonijot
1,Ajunei
1,Ajuni
1,Ajwah
1,Akana
1,Akasha
1,Akeerat
1,Akeila
1,Akeisha
7,Akira
1,Akleia
2,Akosua
1,Akshara
1,Akshata
1,Akshaya
1,Akua
1,Akuany
1,Akuol
1,Alafiya
1,Alahjra
2,Alaina
1,Alainna
1,Alainnah
1,Alaira
1,Alaiza
8,Alana
1,Alani
1,Alanis
9,Alanna
1,Alannis
1,Alasandra
2,Alaska
1,Alassandra
1,Alaura 
5,Alaya
6,Alayah
1,Alayia
1,Alayla
2,Alayna
1,Albina
2,Alea
1,Aléa
9,Aleah
2,Aleaha
1,Alec
1,Alecia
1,Aleeah
2,Aleen
4,Aleena
1,Aleeya-Venize
5,Aleeza
1,Aleia
2,Aleigha
1,Aleina
1,Aleisha
1,Aleiyah
4,Alejandra
1,Alek
1,Aleksa
4,Aleksandra
1,Alektra
1,Alekxa
9,Alena
1,Alene
1,Alenka
2,Alenna
2,Alesha
1,Alessa
6,Alessandra
3,Alessia
4,Alex
6,Alexa
0,Alexandra
1,Alexandrea
3,Alexandria
1,Alexandriah
1,Alexanna
3,Alexi
1,Alexia
1,Alexie
1,Alexina
2,Alexis
1,Alexis-Rae 
1,Alexus
1,Alexys
1,Alexzhandra
1,Aleya
2,Aleyah
1,Aleythia
1,Alezandra
6,Ali
0,Alia
1,Alian
3,Alianna
7,Alice
1,Alice-Lee
3,Alicia
1,Aliese
1,Alieta
1,Alieyah
1,Aliina
1,Alila
1,Alimothy
7,Alina
2,Aline
3,Alisa
1,Alisar
1,Alish
1,Alisha
2,Alishba
1,Alison
3,Alissa
1,Alita
1,Alitta
8,Alivia
1,Aliviah
4,Alix
1,Alixia
5,Aliya
3,Aliyah
1,Aliyana
1,Aliyannah
9,Aliza
1,Alizabeth
1,Alizah
1,Alizay
1,Alizehy
1,Alizeth
1,Aljima-Nafissa
1,Aljona
1,Allana
1,Allanora
1,Allaynah
1,Allegra
1,Alleice
1,Allexandra
2,Allia
1,Alliah
1,Alliana
1,Allianna
5,Allie
1,Alliee
1,Allieya
1,Allika
8,Allison
2,Alliyah
1,Allora
5,Ally
1,Allyanna
1,Allyannah
1,Allyrrie
1,Allysa
1,Allyse
1,Allysha
7,Allyson
1,Allyssa
1,Allythia
3,Alma
1,Almeera
1,Almila
1,Almina
1,Almira
1,Alondra
1,Alonwyn
5,Alora
1,Aloria
1,Alphonsia
1,Altha
1,Althea
1,Althya
2,Aluet
1,Aluex
1,Alva
1,Alvalynn
2,Alveena
1,Alveira
2,Alvira
6,Alya
1,Alyce
1,Alycia
1,Alyka 
1,Alyn
1,Alyna
1,Alyra
2,Alyse
2,Alysha
1,Alysia
6,Alyson
1,Alyssa
2,Alyssandra
1,Alysse
3,Alyssia
1,Alyta
1,Alytta
3,Alyvia
1,Alyxandra
3,Alyza
1,Amaara
1,Amaayera
1,Amaia
1,Amal
1,Amalea
3,Amalia
1,Amalie
1,Amalle
1,Amalynn
5,Amanat
7,Amanda
2,Amani
1,Amanie
1,Amar
9,Amara
2,Amarah
1,Amari
2,Amariah
1,Amarie
3,Amaris
2,Amarissa
1,Amarjeet
1,Amarvir
1,Amaryn
1,Amarys
4,Amaya
2,Amayah
1,Ambar
3,Amber
1,Amberley
2,Amberly
1,Ambreen
1,Ameelia 
3,Ameera
1,Ameerah
1,Ameilia
1,Ameira
8,Amelia
1,Amélia
1,Amelia-Grace
7,Amelie
2,Amélie
1,Ameliya
2,Amellia
4,Amelya
3,Amen
2,Amena
1,Ameria
1,Amerys
1,Amethyst
2,Ameya
1,Amia
1,Amiah
1,Amiel
1,Amiira
1,Amily
6,Amina
9,Aminah
4,Aminata
3,Amira
6,Amirah
1,Amirra
1,Amithis
1,Amiya
4,Amiyah
1,Ammara
6,Amna
1,Amneet
1,Amora
1,Amorie
1,Amoslyn
1,Amran
3,Amreen
2,Amreet
1,Amrin
1,Amrit
1,Amurah
1,Amy
1,Amy-Leeya
3,Amyra
1,Amyrah
1,Amyrha
2,An
9,Ana
1,Anabel
1,Anabell
2,Anabella
2,Anabelle
3,Anabia
1,Anagha
1,Anahita
1,Anahlia
1,Anai
1,Anaia
1,Anaira
1,Anais
1,Anaïs
3,Anaiya
2,Anaiyah
2,Analeigh
1,Analena
2,Analise
1,Analynn
1,Anamarie
3,Ananya
2,Anashe
1,Anasofia
4,Anastasia
1,Anastasiya
1,Anasztazia
1,Anathalie
8,Anaya
6,Anayah
2,Anayat
1,Anaysha
1,Andee
1,Anderson
8,Andi
3,Andie
1,Andie-May
1,Andra
1,Andrae
1,Andralyn
1,Andraya
6,Andrea
1,Andreea
1,Andrena
1,Andreya
1,Andria
1,Andrienne
1,Anechka 
1,Aneeka
1,Aneela
1,Aneesa
1,Aneira
1,Aneko
1,Aneksanna
1,Anela
1,Anemone
1,Anesi
1,Anessa
1,Anevay
1,Anexia
1,Anfa
1,Anfesa
1,Angel
2,Angela
1,Angel-Amy
1,Angelar
1,Angelbert
1,Angeli
1,Angelia
7,Angelica
1,Angelie
2,Angelika
1,Angelin
9,Angelina
3,Angeline
2,Angelique
1,Angelise
2,Angelpreet
1,Angelyn
1,Anguet
1,Angwon
2,Ania
1,Aniah
3,Anica
1,Anida
1,Aniiah-Love
8,Anika
1,Anika-Mae
1,Anikita
1,Anikka
1,Anirlan
3,Anisa
1,Anisia
1,Anissa
1,Aniston
1,Anistyn
7,Anita 
3,Aniya
3,Anja
1,Anjal
1,Anjali
1,Anjalie
1,Anjana
1,Anjeliqa
1,Anjelita
1,Anliya
2,Anmol
1,Anmolpreet
2,Anna
1,Annabel
2,Annabell
0,Annabella
7,Annabelle
3,Annabeth
1,Anna-Birgitte
1,Anna-Claire
1,Annaëlle-Priscilla
2,Annah
1,Annaija
1,Annalaia
2,Annalee
2,Annaleigh
1,AnnaLeigh
1,Annaleis
1,Annaleise
1,Annaleisse
1,Annalena
1,Annali
1,Annalie
4,Annaliese
1,Annalís
8,Annalise
1,Annalissa
1,Annalyn
2,Annalynn
1,Anna-Lynn
1,Anna-lynn
1,Anna-Lynne
1,Annamae
1,AnnaMaria
1,Annamarie
1,Anna-Marie
1,Annanda
1,Annariella
1,Anna-Sofia
1,Annastyn
1,AnnaZophia
4,Anne
1,Anneika
2,Anneka
2,Anneke
1,Annelies
5,Anneliese
2,Annelise
2,Anne-Marie
1,Anne-Renée
1,Annesha
1,Annesly
3,Annette
1,Anngerline
1,Annica
3,Annie
1,Anniisaa
6,Annika
1,Annikah
1,Annilynn
1,Annina
1,Annisa
1,Anniston
1,Ann-Marie
1,Annora
1,Anny
1,Annyka
1,Anok
2,Anoop
1,Anora
2,Anouk
1,Anousheh
1,Ansa
1,Anthea
1,Antoinetta
2,Antoinette
4,Antonia
1,Antonija
1,Anu
1,Anuki
1,Anum
1,Anumeha
2,Anupama
1,Anushka
2,Anvi
1,Anvita
1,Anwei
1,Anwen
1,Anwyn 
1,Anya
1,Anyieth
1,Anyi-nkong
1,Anyssa
1,Aoibheann
1,Aoife
1,Apaan
1,Apehe
1,Apiyo
1,Apolena
1,Apolle
2,Apple
1,April
1,Aprill
1,Aqila
2,Aqua
2,Ara
2,Arabella
3,Arabelle
1,Araceli
1,Aradhana
1,Aradia
1,Arahbella
1,Araiya
1,Aralia
1,Aralyn
2,Aralynn
1,Aray
2,Araya
3,Arayah
1,Archelle
1,Archi
1,Archielle
2,Arden
1,Ardith
1,Ardo
1,Areeba
2,Areej
2,Areen
1,Arek
1,Arexia
1,Arfa
1,Arfaa
3,Ari
0,Aria
3,Ariadne
5,Ariah
2,Arial
2,Ariam 
9,Ariana
1,Ariana-Lee
1,Ariane
1,Arianna
5,Ariannah
1,Arianna-Harmony
1,Arianna-Lynn
1,Ariannda
3,Arianne
1,Aria-Rose
1,Aria-Simone
1,Aridanne
2,Arie
0,Ariel
1,Ariela
9,Ariella
1,Ariellah
4,Arielle
1,Arien
1,Arienna
1,Arienne
1,Ariet
1,Arijana
2,Arilynn
1,Arina
1,Aris
4,Arisha
3,Arissa
6,Ariya
1,Ariyah
1,Ariyana
1,Ariya-Rose
1,Arizona
1,Arja
2,Arleen
1,Arlen
2,Arlene
1,Arlette
1,Arley
2,Armani
1,Armeet
1,Armina
2,Arohi
2,Aroosh
1,Arora
1,Arosha
4,Aroush
1,Arrayah
1,Arrieanna
1,Arsema
2,Arshia
3,Arshpreet
2,Artemis
1,Artemisia
1,Arush
1,Arusha
1,Arvi
4,Arwa
1,Arwaa
6,Arwen
1,Arya
2,Aryah
1,Aryam
4,Aryana
0,Aryanna
1,Aryauna
1,Aryelle
1,Aryia
1,Aryiah
1,Aryianna
1,Aryn
2,Arysa
1,Asahi
1,Asanti
4,Aseel
1,Aseem
4,Asees
1,Asenat
2,Asha
1,Ashbah
1,Ashby
2,Asheri
2,Ashlee
1,Ashleigh
6,Ashley
1,Ashley-Marie
3,Ashlin
6,Ashlyn
3,Ashlynn
1,Ashmann
1,Ashmit
1,Ashna
1,Ashra
2,Ashriya
4,Ashton
8,Ashtyn
1,Ashwynn
1,Ashyia 
4,Asia
1,Asia-Anne
1,Asia-Rae
1,Asil
1,Asis
4,Asiya
2,Asiyah
1,Asiye
1,Asjad
1,Asli
1,Aslynn
1,Asma
1,Asmara
9,Aspen
2,Aspyn
1,Assatou
1,Assil
1,Aster
1,Astoria
1,Astou
0,Astrid
1,Asuka
1,Aswan
3,Asya
1,Atale
1,Atara
2,Atarah
1,Atarra
1,Atasha
1,Athalia
1,Athana
1,Athanasia
1,Atheena
1,Athena
1,Athéna
1,Athens-Ava
1,Athiang
1,Athie
1,Athyei
1,Atina
2,Atley
1,Atticus
1,Attilyn
0,Aubree
1,Aubree-Alexis
1,Aubreigh
1,Aubreigh-Ann
1,Aubreny
8,Aubrey 
1,Aubri
2,Aubrianna
4,Aubrie
1,Aubriee
1,Aubrielle
2,Audra
1,Audree-Jane
1,Audrena
9,Audrey
1,Audreymae
2,Audriana
3,Audrina
1,August
1,Augusta
1,Aunnah
3,Aura
1,Aurayana
2,Aurelia
2,Aurélia
4,Auria
4,Auriana
1,Auriel
1,Aurielle
8,Aurora
1,Aurorah
1,Aurundhothi
1,Austen
4,Austin
4,Austyn
7,Autumn
9,Ava
1,Avaani
1,AvaGrace
5,Avah
1,Avah-Rose
1,Avaiah
1,Ava-Lauryn
1,Ava-Lee
1,Avaleen
2,Avaleigh
1,Avaline
1,Avalon
5,Avalynn
2,Ava-Lynn
1,Avalynne
1,AvaMae
1,Ava-Marie
1,Avangeline
1,Avani
1,Ava-Rae
1,Avari
2,Avarie
1,Ava-Rose
1,Avary
5,Avaya
1,Avayah
2,Aveah
1,Aveen
2,Avelina
4,Aveline
3,Avelyn
6,Aven
1,Avenell
1,Avenlee
1,Avenley
1,Averi
3,Averie
1,Averley
2,Averly
3,Avery
1,Avery-Marie
1,Aveya
1,Aveyah
3,Avi
2,Avia
1,Aviah
3,Aviana
4,Avianna
1,Avie
1,Aviehail
1,Avika
1,Avisha
1,Avital
1,Aviva
1,Avjot
7,Avleen
1,Avlinh
9,Avneet
3,Avni
1,Avnie
1,Avonlee
1,Avonnlea
3,Avreet
1,Avrey
3,Avrie
2,Avrielle
5,Avril
1,Avril-Jayne 
1,Avryl
2,Avya
2,Avyn
1,Awasikan
1,Awena
1,Aweng
1,Awiel
1,Awut
1,Axel
7,Aya
1,Ayadah
4,Ayah
1,Ayak
1,Ayami
1,Ayan
8,Ayana
1,Ayanda
4,Ayanna
2,Ayantu
1,Ayat
7,Ayda
1,Aydan
1,Aydea
1,Ayen
1,Ayene
3,Ayesha
7,Ayla
1,Ayla-Eve
4,Aylah
1,Aylalin
1,Aylee
2,Aylie
1,Aylin
1,Ayna
1,Aynslie
1,Ayokunmi
2,Ayomide
1,Ayomiposi
2,Ayra
1,Ayrabella
1,Ayra-Raheel
1,Ayria
1,Ayse
2,Aysha
1,Ayumi
6,Ayva
2,Ayvah
1,Ayvalyn
1,Ayza 
1,Ayzlee
1,Aza
1,Azaelia
1,Azairah
7,Azalea
1,Azaleah
1,Azaleiyah
1,Azalia
1,Azallah
1,Azaraya
2,Azaria
3,Azariah
1,Azayla
1,Azelynne
1,Azhettea
1,Azia
1,Azita
1,Aziza
1,Azizinder
1,Azlind
1,Azlyn
1,Azlynn
1,Azmaira
1,Azmin
1,Azmiyah
4,Azra
1,Azura
3,Baani
1,Baby
1,Baelyn
1,Bahira
1,Bahrahn
1,Bailee
1,Bailey
1,Bailynn
1,Bajramsha
1,Bandit
1,Bani
1,Banna
1,Bao
1,Barbara
1,Barbare
1,Bareera
1,Barsala
1,Barunni
1,Basmalah
1,Bassma
1,Basya
1,Batoul
1,Batul
1,Bavleen
1,Bawer
1,Bay
1,Baya
1,Bayan
1,Baybee
6,Baylee
1,Bayley
1,Baylie
1,Beatrice
2,Béatrice
5,Beatrix
3,Beau
1,Beaux
1,Becara
3,Becca
1,Beesan
1,Begoa
1,Beiksa
1,Bekka
1,Bela
1,Belen
1,Belén
1,Belena
1,Belkis
8,Bella
1,Bella-Alexa
1,Bella-Jane
1,Bellamee
1,Bella-Rose
1,Bellatrix
6,Belle
2,Bennett
1,Bennu
1,Bentlee
1,Bentleigh
3,Bentley
1,Berdie
1,Bergen
1,Berkeley
1,Berkleigh
8,Berkley
2,Berlin
4,Berlyn
1,Berlynn
2,Bernadette
2,Bernice
1,Berta 
2,Bertha
1,Beryl
1,Betanya
1,Beteal
1,Betel
3,Beth
1,Bethaline
1,Bethannie
9,Bethany
3,Bethel
1,Bethlehem
1,Bethsheba
1,Betselot
1,Bettina
5,Betty
1,Betty-Jane
2,Beverly
1,Bevleen
4,Bexley
1,Beyza
1,Bhagvir
1,Bhavleen
1,Bhavneet
1,Bhavya
1,Bhuvneet
1,Bia
0,Bianca
1,Bibba
1,Bibhasa
1,Bienise
1,Bietiel
1,Bijou
1,Bilen
1,Billiana
4,Billie
1,Billy
1,Bindi
1,Bintou
1,Bioseoluwa
1,Birkley
1,Bishaaro
1,Bita
1,Bitanya
1,Bithia
1,Blaike
1,Blaine
8,Blair
9,Blaire
7,Blake 
8,Blakely
2,Blakley
1,Blanca
1,Blane
3,Blayke
2,Blaze
1,Blen
1,Bless
1,Blessed
2,Blessie
1,Blessing
1,Blien
1,Bloudine
2,Blythe
1,Bo
1,Bobbi
1,Bobbie
1,Bonita
1,Bonnie
1,Borbala
1,Borwornwan
2,Boston
2,Bostyn
1,Bowen
2,Bradie
1,Bradlea
3,Brady
1,Braeleigh
1,Braeley
1,Braelyn
7,Braelynn
2,Brailey
1,Bramisha
1,Brandi
3,Brandy
1,Brantlee
1,Branwyn
1,Braxton
1,Braxtyn
1,Bray
1,Braya
4,Braylee
1,Braylie
1,Braylin
1,Bray-Lynn
4,Brea
1,Breagh
1,Breah
1,Breann
1,Breanna
2,Breanne
1,Breannia
8,Bree
1,Breelyn
1,Breighly
1,Breilyn
1,Breitling
1,Breitly-Rae
1,Brenda
1,Brenley
3,Brenna
1,Brennan
3,Breslyn
1,Breton
1,Brett
1,Breylin
4,Bria
1,Briagha
3,Briana
8,Brianna
5,Brianne
7,Briar
1,Briarleigh
7,Bridget
3,Bridgette
1,Brie
1,Brieal
1,Brieanna
3,Briella
8,Brielle
1,Brienna
2,Brier
1,Brieya
2,Brighton
1,Brigit
1,Brigitte
1,Brihanna
1,Brilee
2,Briley
1,Brin
1,Brinell
1,Brinkley
1,Brinlee
3,Brinley
1,Brinsley
1,Brionne
1,Brisbane
3,Britney 
2,Britta
2,Brittany
1,Brittnee
1,Brittney
1,Brixton
1,Brodie
1,Bronson
2,Bronwen
4,Bronwyn
1,Brook
4,Brooke
1,Brookelan
4,Brookelyn
2,Brookelynn
9,Brooklyn
1,Brooklyne
6,Brooklynn
1,Brook-lynn
1,Brooklynne
1,Bryanna
2,Bryar
2,Bryce
1,Bryelle
5,Brylee
3,Bryleigh
1,Bryley
1,Brylynn
6,Bryn
1,Brynja
1,Brynlee
5,Brynleigh
4,Brynley
1,Brynly
2,Brynn
2,Brynna
4,Brynnlee
1,Brynn-Lee
1,Brynnlie
1,Bryton
1,Cabela
1,Cadderly
6,Cadence
1,Cadence-Linisa
1,Caelan
1,Caeleigh
1,Caelie
1,Cahira
2,Caia
1,Caila 
2,Caileigh
1,Cailey
2,Cailin
1,Cailyn
1,Cainsley
1,Caisie
1,Caisley
2,Caitlin
8,Caitlyn
1,Caiya-May
1,Calais
1,Caleah
1,Caleigh
1,Calesi
1,Caley
6,Cali
3,Calia
1,Caliegh
1,Calienna
1,Calila
1,Calina
1,Calissi
1,Calista
6,Calla
1,Callan
2,Calleigh
1,Calleigh-Rae
2,Calliah
5,Callie
1,Calliegh
1,Calliel
1,Calliope
1,Callista
1,Calum
1,Calyssa
1,Cambre
3,Cambree
1,Cambria
1,Cambrie
1,Camden
1,Cameilla
4,Cameron
1,Camila
0,Camilla
6,Camille
1,Camilo
2,Campbell
8,Camryn
1,Candace
4,Candice
1,Caoimhe
1,Caprice
9,Cara
1,Caradie
1,Carah
2,Carina
1,Caris
4,Carissa
1,Carla
3,Carlee
2,Carlena
2,Carlene
4,Carley
1,Carli
1,Carlie
1,Carling
9,Carly
1,Carmel
1,Carmella
0,Carmen
1,Carmina
1,Carolin
1,Carolina
2,Caroline
7,Carolyn
1,Carolynn
1,Carrera
2,Carrie
1,Carsyn
4,Carter
1,Caryll
8,Carys
1,Caryse
2,Casandra
8,Casey
1,Cashlynn
1,Casie
7,Cassandra
3,Cassia
1,Cassiah
1,Cassian
1,Cassiani
0,Cassidy
6,Cassie
1,Castiana
2,Catalaya
5,Cataleya
7,Catalina 
1,Catelleiya
1,Catelyn
8,Catherine
1,Cathy
1,Catlan
1,Catlean
1,Catriona
1,Cayden
5,Caydence
2,Cayenne
1,Cayla
1,Cayla-Jane
3,Caylee
1,Cayleigh
1,Caylex
2,Cayley
1,Caysa
1,Ceana
1,Ceanna
9,Cecelia
1,Ceci
1,Cecile
4,Cecilia
4,Cecily
4,Cedar
1,Ceira
1,Cela
1,Celena
5,Celeste
2,Céleste
1,Celestia
3,Celestine
7,Celia
1,Celilia
7,Celina
8,Celine
1,Celise
1,Celisse
1,Cellina
1,Ceroxity
1,Cersei
1,Chaarvi
1,Chaavi
1,Chabi-Malaïka
1,Chades
1,Chalarin
1,Chana
1,Chancee
1,Chancellor 
1,Chandré
1,Chanel
5,Chanelle
2,Chantal
1,Chantale
1,Chantaya
3,Chantel
3,Chantelle
1,Charanjeet
1,Charie
3,Charis
3,Charity
2,Charlea
8,Charlee
1,Charlee-Ann
1,Charlee-Grace
1,Charlee-Mackenzie
1,Charleen
5,Charleigh
4,Charlene
3,Charley
2,Charli
4,Charlie
1,Charlise
5,Charlize
6,Charlotte
2,Charly
1,Charmaine
1,Charmi
1,Charmy
1,Cheanesa
1,Chelesile
1,Chelry
0,Chelsea
1,Chelsea-Janelle
5,Chelsey
2,Chelsie
1,Cheluchi
1,Chenaya
1,Chenoa
1,Chenoah
1,Chenova
1,Cherena
1,Cherie
1,Cherilyn
1,Cherish
1,Cheryl
1,Cheska
1,Chesna
2,Chesney
4,Chevelle
1,Cheveyo
1,Chewon
1,Cheyann
4,Cheyanne
9,Cheyenne
1,Cheylynn
1,Chhavi
1,Chian
1,Chianti
1,Chiara
2,Chidera
1,Chideraa
1,Chidisonma
1,Chieza
1,Chimdindu
1,Chimera
1,Chimzara
1,Chinazaekpere
1,Chinkemka
1,Chinon
1,Chinonyerem
1,Chisi
1,Chisimdi
2,Chisom
2,Chizaram
1,Chizitel
3,Chloe
8,Chloé
1,Chloë
1,Chloe-Nicole
1,Chloey
1,Chrisandra
1,Chriselle
1,Chrisia
1,Chrislene
1,Christa
1,Christabel
1,Christelle
1,Christen
1,Christianna
1,Christie
6,Christina
0,Christine
1,Christle
1,Chryscial
1,Ciandra
1,Cianne 
2,Ciara
1,Ciarrah
1,Cicely
1,Cicilia
1,Cicily
1,Cielo
1,Ciera
2,Cierra
1,Cierrah
1,Ciinkim
6,Cindy
1,Cing
1,Cionne
1,Cira
1,Cistee
1,Ckyann
1,Clair
5,Claira
7,Claire
1,Clairity
4,Clara
2,Clarabelle
3,Clare
1,Claretta
1,Clarice
1,Clarisa
2,Clarissa
2,Clarity
1,Clarke
2,Claudette
4,Claudia
2,Clea
1,Clementine
1,Cleo
1,Cleony
1,Clio
1,Clíodhna
1,Cliona
1,Clodagh-Mary
1,Cloe
1,Cloe-Emilia
2,Clover
1,Cobie
1,Codi
7,Colbie
1,Coleen
3,Colette
1,Colleen
1,Collen 
3,Collins
2,Collyns
1,Collynz
2,Connie
1,Constance
1,Constancia
1,Constanza
3,Cooper
5,Cora
1,Coral
1,Coralai
1,Coralee
3,Coralie
2,Coraline
1,Coralynn
1,Cora-Lynn
1,Corbin
1,Corbynn
5,Cordelia
1,Cori
1,Cori-Lynn
1,Corina
1,Corinn
1,Corinne
1,Corlis
1,Corrie
3,Cortana
2,Cosette
4,Courtney
1,Cove
1,Coy
1,Cozette
2,Cree
1,Creeann
1,Creedance
1,Creelyn
1,Creelynn
1,Crimson
1,Crimsyn
1,Crislyn
1,Cristi
3,Cristina
5,Crystal
1,Crystaline
1,Cryz
1,Cshailaya
1,Cubbie
1,Cyan
1,Cyanna
1,Cyanne
1,Cybele
3,Cydney
1,Cyillian
1,Cyndi
0,Cynthia
1,Cynthia-Ingrid-Joyce
1,Cypress
1,Cyrine
1,Cyzarine
1,Czarina
1,Dacie
1,Daeha
2,Daenerys
1,Daeun
1,Dagmara
1,Dahlia
1,Dahnya
0,Daisy
8,Dakota
1,Dalairah
1,Dalal
1,Daleen
1,Daley
4,Dalia
1,Dalianna
1,Dalida
1,Dalila
7,Dallas
1,Dallia
1,Dally
1,Damal
1,Daman
1,Damandeep
1,Damaris
1,Damilola
1,Dana
2,Danae
1,Danali
1,Danaya
1,Danaye
1,Daneet
1,Daneli
1,Danelle
4,Dani
7,Dania
8,Danica
8,Daniela
3,Daniella 
6,Danielle
1,Danielle-Maree
1,Daniellyn
1,Danijela
1,Danika
1,Danikka
1,Danirae
1,Danna
1,DannyRay
1,Danya
1,Danyah
3,Danyka
1,Daphne
1,Daphné
1,Dara
1,Darcey
1,Daria
1,Darian
1,Darine
1,Darion
2,Darlene
1,Daronne
1,Darrielle
1,Darsh
1,Darya
1,Daryelle
2,Daryn
1,Daryna
1,Dasha
1,Dasha-Lynn
1,Davi
1,Davida
5,Davina
2,Dawn
3,Dawsyn
1,Daya
1,Daydence
1,Daylee
2,Daylen
1,Daylin-Ava
1,Daylyn
1,Day'lynn
1,Dayna
1,Daysha
1,Dayton
1,Dayvie
1,Dazzlin
1,Ddendyll
1,Dea 
1,Deakin
1,Deandra
2,Deanna
1,DeAnna
1,De-Anna
1,Deanndra
1,Debbie
2,Debora
6,Deborah
3,Debra
1,Declyn
1,Declynn
1,Deeka
1,Deeksha
1,Deema
3,Deena
1,Deepika
1,Deethya
1,Deeva
1,Defne
1,Deh'kyaa
1,Deia
1,Deianeira
1,Deidre
1,Deighton
1,Deirdre
1,Deja
1,Deka
2,Deklynn
1,Delane
7,Delaney
1,DeLaney
1,Delcie
1,Delcy
1,Deleen
1,Deleena
3,Delia
1,Delia-Ray
1,Delila
3,Delilah
5,Delina
1,Delphine
1,Delta
3,Demi
1,Demitria
1,Demy
1,Denae
1,Denai
1,Denali
1,Denay
1,Denéssa
1,Denielle
1,Denika
1,Denina
3,Denise
1,Denisse
1,Deniz
1,Deniza
1,Depashmita
1,Derya
1,Deshaye
1,Deshiry
1,Desirae
1,Desire
4,Desiree
1,Deslyn
1,Destanie
6,Destiny
1,Deu
1,Devanna
2,Devanshi
1,Deven
2,Devin
3,Devina
2,Devon
1,Devorah
6,Devyn
1,Dezaray
1,Deziray
1,Dezyrae
1,Dezzeray
1,Dhaara
1,Dhamali
1,Dhanshree
1,Dhanvikruthi
1,Dhrithi
1,Dhyana
1,Dhyniz
1,Dia
1,Diae
4,Diamond
7,Diana
1,Dianna
1,Dianthe
1,Dibdrisht
1,Dibora
1,Dijana
1,Dila 
1,Diljot
1,Dillan
1,Dilman
2,Dilpreet
1,Dilreet
1,Dima
2,Dina
1,Dinah
1,Dinayat
1,Diora
1,Disa
1,Disney
2,Dita
1,Divanna
4,Divine
1,Divjot
1,Dixie-Lee
7,Diya
1,Diyaashree
1,Diyala
1,Diyan
1,Diyanna
1,Diyoni
1,Djecell
1,Dollie
1,Dolly
1,Dominic
1,Dominick
1,Dominika
1,Dominique
1,Domino
1,Don
1,Dona
2,Donna
1,Donnalynn
3,Dora
2,Doreen
1,Doris
1,Dorocas
1,Dorothea
3,Dorothy
1,Dorsaf
1,Dorthy
1,Dottie
1,Dottie-Ray
1,Dotty
1,Douaa
1,Dounya
1,Dovah 
1,Dreia
8,Drew
1,Dria
1,Drishti
2,Dristi
1,Drusilla
1,D'Shayla
3,Dua
1,Duaa
1,Dunya
1,Durva
1,Duryaab
1,Dwisha
9,Dylan
1,Dylann
1,Dylin
1,Dyllan
1,Éabha
1,Eamin
1,Easton
3,Eastyn
1,Eavan
1,Eberle
1,Eberlee
1,Eberley
1,Eberly
1,Ebondy
2,Ebony
1,Ebubechukwu
1,Ebuwa
3,Echo
1,Echo-May
2,Eda
1,Edan
1,Edana
1,Edda
1,Edelle
0,Eden
1,Edison
6,Edith
1,Edrea
1,Edriana
1,Edyta
1,Edythe
1,Edzelle
1,Eemaan
1,Eeman
2,Eesha
1,Eevie
1,Effah
3,Effie
1,Egiana
1,Eiffel
1,Eila
1,Eildan
7,Eileen
1,Eileithyia
1,Eilene
3,Eilidh
1,Eiliyah
1,Eiman
1,Eireen
1,Eisele
1,Eishaal
1,Eishal
1,Eisis
1,Eisleigh
3,Eisley
3,Ekam
2,Ekamjot
1,Ekaterini
1,Ekemini
2,Ekjot
1,Ekroop
3,Ela
1,Elain
2,Elaina
1,Elainah
2,Elaine
1,Elani
1,Elanna
1,Elara
1,Elaska
1,Elayna
2,Eldana
1,Eléa
1,Eleah
3,Eleana
1,Eléana
9,Eleanor
4,Eleanora
1,Eleanore
1,Elei
1,Elektra
1,Elen
7,Elena
2,Eleni
1,Elenn 
1,Elenora
1,Eleonor
1,Eleonora
1,Elessy
1,Elexis
1,Elfie
1,Elfriede
1,Elhana
2,Elia
1,Eliah-May
6,Eliana
2,Elianah
9,Elianna
1,Eliannah
1,Elianne
1,Elicia
1,Elif
1,Eliiana
2,Elika
1,Elikia
1,Elilta
4,Elin
6,Elina
5,Elinor
1,Eliny
2,Eliora
1,Elis
8,Elisa
1,Elisabel
1,Elisabeta
8,Elisabeth
1,Elisapea
1,Elisavet
1,Elise
1,Elisen
7,Elisha
1,Elisha-Carleigh
1,Elissa
1,Elisse
1,Élissia
2,Eliz
4,Eliza
1,Elizabella
1,Elizabelle
7,Elizabeth
1,Élizabeth
1,Elizabeth-Serenity
1,Elizabith
2,Elizah 
1,Elizaveta
1,Elize
1,Élize
7,Ella
1,Ella-Grace
1,Ella-Marie
1,Ellary
1,Ellasandra
1,Ella-Sophia
5,Elle
1,Elleanor
1,Elleena
5,Ellen
1,Ellena
1,Ellenor
1,Elleree
1,Ellerie
5,Ellery
1,Ellesse
1,Ellexis
1,Elli
3,Ellia
1,Elliah
1,Elliahna
1,Elliana
3,Ellianna
5,Ellie
1,Ellieanna
1,Elliet
7,Elliette
1,Ellin
8,Elliot
8,Elliott
1,Elliotte
2,Ellis
2,Ellise
1,Ellisha
1,Ellison
1,Ellivia
1,Elliya
1,Ellona
2,Ellora
1,Ellory
1,Elly
1,Ellyana
1,Elly-May
1,Ellyndriel
1,Ellyse
1,Ellysha
1,Elma
1,Elodey
4,Elodie
2,Élodie
2,Elohor
1,Eloisa
1,Eloise
1,Éloïse
7,Elora
1,Elorm
3,Elouise
1,Elowen
0,Elsa
1,Elsha
1,Elshaday
1,Elshalom
6,Elsie
3,Elva
1,Elvana
1,Elvira
1,Elwyn
1,Ely
1,Elyana
1,Elyca
1,Elyce
1,Elyn
1,Elynn
0,Elyse
3,Elyssa
4,Elyza
1,Ema
5,Emaan
2,Emaleigh
2,Emalene
1,Emaline
2,Emalyn
2,Emalynn
2,Eman
1,Emanda
6,Ember
1,Ember-Lee
2,Emberleigh
1,Emberley
2,Emberlyn
1,Emberlynn
1,Embree
1,Embrey
1,Emeilia
2,Emeli 
7,Emelia
1,Emelina
1,Emeliya
1,Emeliyah
1,Emelyn
1,Emer
4,Emerald
1,Emerie
1,Emerly
4,Emersen
8,Emerson
0,Emersyn
1,Emersynn
0,Emery
1,Emherald
2,Emi
1,Emika
1,Emiko
7,Emilee
1,Emili
3,Emilia
1,Émilia
2,Emiliana
0,Emilie
4,Émilie
1,Emily
1,Emily-Rae
1,Emilyse
1,Emina
1,Eminet
1,Emirra
1,Emlyn-Rose
2,Emma
1,Emmah
1,Emma-Jane
1,Emmalane
1,Emmalee
2,Emma-Lee
1,Emma-lee
1,Emmaleiah
2,Emma-Leigh
1,Emmalin
1,Emma-Louise
2,Emmalyn
2,Emma-Lynn
1,Emma-Marie
1,Emmanuela
1,Emmanuella
2,Emmanuelle 
1,Emma-Rae
1,Emma-Rose
2,Emmary
3,Emme
7,Emmeline
3,Emmerson
1,Emmersyn
3,Emmery
1,Emmha
5,Emmie
1,Emmry
7,Emmy
1,Emna
3,Emnet
2,Empress
1,Emree
2,Emrie
4,Emry
1,Emryn
1,Emrys
2,Emsley
1,Émy-Jade
1,Emylia
1,Emyrsen
1,Ena
1,Enaarah
1,Enani
1,Endelyn
1,Enid
1,Enitan
1,Eniyaahl
1,Enjema
1,Enli
1,Enna
1,Enoch
1,Enotobong
1,Enslie
1,Enya
1,Enyonam
1,Eowyn
2,Ephrata
1,Era
2,Eraj
1,Erere
7,Erica
2,Erich
1,Ericha
1,Ericka
6,Erika
1,Erilyn
9,Erin
1,Erin-Conette
1,Erinn
1,Erioluwa
1,Eriona
2,Eris
2,Eryn
1,Erynn
1,Erys
1,Erza
2,Eseosa
3,Esha
8,Eshaal
8,Eshal
1,Esma
2,Esmae
2,Esmay
4,Esme
3,Esmé
1,Esmeralda
1,Esra
1,Essence
1,Estée
3,Estella
3,Estelle
9,Esther
1,Estrella
1,Étaín
1,Eternity
1,Ethalya
1,Ethanny
2,Ethar
1,Etheldreda
1,Ethiopia
1,Etige
5,Etta
1,Ettalina
1,Ettianne
1,Euhmie
1,Eujean
1,Eula
4,Eunice
1,Euri
8,Eva
3,Éva
1,Evaia
1,Evaley
1,Evalie 
3,Evalina
1,Evaline
5,Evalyn
1,Evalynn
1,EvaMarie
2,Eva-Marie
2,Evan
2,Evana
1,Evangaline
2,Evangelina
6,Evangeline
1,Evangelynn
1,Evanjalyn
1,Evanjela
1,Evanjoline
3,Evanna
1,Evanthia
5,Eve
3,Ève
1,Evelette
4,Evelina
1,Eveline
1,Eveliya
7,Evelyn
1,Evelyna
2,Evelyne
1,Évelyne
7,Evelynn
1,Eve-Lynn
1,Evelyn-Rose
1,Ever
1,Evera
1,Everett
1,Everette
1,Everlea
5,Everlee
1,EverLee
8,Everleigh
1,Everley
1,Everli
2,Everly
1,Everly-Ann
2,Evey
1,Evia
1,Eviana
1,Evianna
1,Evianne
8,Evie
1,Evolia 
1,Evony
1,Evra
2,Evva
3,Evyn
1,Evynn
1,Ewa
1,Ewaen
1,Eya
1,Eymen
1,Eynan
1,Eysan
1,Ezah
1,Ezmaiyh
3,Ezra
2,Ezrah
4,Ezri
1,Ezriella
2,Fae
1,Fahtima
1,Fainne
0,Faith
2,Faiza
1,Fajr
1,Falah
1,Falak
6,Fallon
2,Fallyn
1,Falyn
1,Falynn
1,Famtima
7,Farah
1,Fareeza
1,Farha
2,Farhiya
4,Farida
2,Fariha
4,Farrah
2,Farren
1,Faryal
1,Faryn
1,Farzana
1,Fatiha
8,Fatima
5,Fatimah
1,Fatimatou
1,Fatimetuzehra
1,Fatin
1,Fatma
1,Fatna
1,Fatou
1,Fatoumata
1,Faven
1,Fawn
1,Fawna
1,Fay
1,Fayble
4,Faye
1,Fayeza
1,Fayha
1,Fayine
1,Fayrose
2,Fayth
2,Feather
1,Febie
1,Feby
7,Felicia
6,Felicity
1,Felizity
1,Fenaan
1,Fenet
1,Ferguson
3,Fern
2,Fernanda
1,Ferris
1,Feveya
1,Fia
2,Filza
1,Finfinne
1,Finlay
3,Finley
1,Finnlea
5,Finnley
1,Fiona
1,Fionna
2,Fiorella
2,Firdaus
1,Firdoos
1,Fizza
1,Flor
2,Flora
1,Flordelouise
5,Florence
1,Floria
1,Florie
1,Flynn
1,Forest
1,Foster
2,Fox 
1,Frahywet
1,Frai
1,Franca
8,Frances
7,Francesca
1,Francesca-Louise
1,Franceska
2,Francess
3,Franchesca
2,Francheska
2,Francine
2,Francis
1,Francisca
2,Franka
3,Frankie
1,Franklyn
1,Franny
1,Freda
1,Frederica
3,Freja
9,Freya
1,Freyal
4,Freyja
1,Frida
1,Frida-Christina
5,Frieda
1,Furaha
1,Fymzen
1,Fynleigh
1,Fynn
1,Fynnley
1,Gabreanna
1,Gabrhiela
0,Gabriela
8,Gabriella
9,Gabrielle
1,Gabryella
1,Gadge
1,Gael
1,Gaela
1,Gaige
1,Gai-Inn
3,Gail
1,Ganesa
1,Gargi
1,Garnette
2,Gauri
1,Gavrietta
1,Gavyn 
1,Gazal
1,Geanne
1,Geet
1,Geeyan
1,Gelila
1,Gellela
1,Gemini
8,Gemma
1,Genesa
3,Genesis
1,Geneve
2,Genevieve
4,Geneviève
1,Genèvieve
4,Georgia
1,Georgia-Mae
1,Georgianna
2,Georgie
2,Georgina
1,Geraldine
1,Gertrude
1,Getruda
1,Ghaelle
2,Ghazal
1,Ghina
1,Gia
1,Giada
5,Gianna
1,Gia-Rose
1,Gia-Tue
1,Gibson
1,Gienna
1,Gifti
1,Gigi
7,Gillian
1,Gina
1,Giniah
1,Gionna
2,Giovanna
1,Girishla
1,Gisele
1,Gisella
3,Giselle
1,Giulia
1,Giuliana
1,Givi
1,Gladys
1,Gladys-Mae
1,Gleyana
8,Gloria
1,Gnouma
1,Goamar
1,Godlina
1,Gofran
1,Golden
1,Gorgeous
3,Grace
2,Gracee
1,Grace-Joy
8,Gracelyn
2,Gracelynn
3,Gracey
2,Gracia
5,Gracie
1,Gracie-Lee
1,Gracie-Mae
1,Gracious
1,Gracy
1,Gráinne
1,Gratia
2,Gray
3,Graysen
1,Grayson
1,Greer
1,Greja
0,Greta
1,Gretl
2,Grey
1,Greyson
1,Griffin
1,Guinevere
1,Gulnaz
1,Gunaaz
4,Guneet
1,Guneev
1,Guntaas
2,Gurbani
1,Gurimanat
1,Gurjinder
1,Gurjup
8,Gurleen
2,Gurman
2,Gurmehar
1,Gurnaaz
1,Gurnaz
4,Gurneet
5,Gurnoor
1,Gurseerat 
1,Gursehaj
1,Gurshine
1,Gurtaj
1,Gurveen
1,Guyatu
1,Gwely
3,Gwen
0,Gwendolyn
2,Gwenyth
1,Gweyne
1,Gwyn
2,Gwyneth
1,Gwynn
1,Gwynne
1,Haaniya
1,Haben
3,Habiba
1,Habisan
1,Habo
2,Hadassah
5,Haddie
1,Hadeel
1,Hadessa
2,Hadia
1,Hadija
2,Hadiya
1,Hadiyah
2,Hadlee
2,Hadleigh
1,Hadley
2,Hadlie
1,Haelee
1,Haelyn
1,Haelynn
5,Hafsa
1,Hafza
1,Haidan
1,Haidee
2,Haidyn
3,Hailee
1,Haileigh
6,Hailey
1,Hailey-May
3,Hailie
1,Hailie-anne
1,Hailley
1,Haily
2,Hailyn
1,Haisleigh 
1,Haixin
1,Haizel
4,Hajar
1,Hajira
1,Hakshaya
2,Hala
3,Haleema
1,Haleemah
0,Haley
3,Hali
1,Halia
1,Halie
2,Halima
1,Halina
5,Halle
1,Halleah
1,Hallee
1,Halley
8,Hallie
2,Hally
3,Halo
1,Hamda
1,Hameeda
1,Hamin
1,Hamnah
1,Han
4,Hana
1,Hanaa
1,Hanae
1,Hana-Gin
1,Hanah
1,Hanamiko
2,Hanan
1,Hanbing
2,Haneen
1,Haneet
1,Hani
1,Hania
6,Haniya
1,Hanley
2,Hanna
6,Hannah
1,Hannah-Lynn
1,Hannah-Mae
1,Hannalena
1,Hanna-May
1,Hannas
1,Hanneliese
1,Haqeelah
1,Harbaksh
1,Harbin
1,Harbor
1,Hardeep
1,Hardhika
8,Hareem
1,Hargeet
4,Hargun
2,Hargunn
1,Hargurpreet
1,Harini
3,Harjas
1,Harjazz
1,Harjee
1,Harjot
1,Harkiret
1,Harlea
5,Harlee
4,Harleen
1,Harleen-Kaur
1,Harleigh
1,Harlene
1,Harlequin
4,Harley
1,Harlie
1,Harlo
9,Harlow
3,Harlyn
4,Harlynn
1,Harmenie
1,Harmonie
2,Harmony
1,Harneer
1,Harneya
2,Harnoor
5,Harper
1,Harper-Moon
2,Harriet
2,Harseerat
2,Harsimran
1,Harsimrat
3,Hartley
1,Harveen
2,Harveer
1,Harvest-Rose
1,Harwyn
1,Hasanat
1,Haset-Abraham
2,Hasina 
3,Hasrat
1,Hasret
1,Hasset
1,Hassina
2,Hattie
1,Hattie-Kay
1,Haunna
1,Havana
2,Haven
1,Havisha
1,Havyk
3,Havyn
2,Hawa
1,Hawine
3,Hawwa
3,Haya
1,Hayat
1,Hayden
1,Haydie
1,Haydn
1,Hayla
7,Haylee
2,Hayleigh
3,Hayley
1,Haylie
1,Haylise
1,Haysten
1,Hayven
1,Hayzley
6,Hazel
1,Hazelpreet
1,Hazen
2,Heart
1,Heartly
4,Heather
1,Heaton
7,Heaven
1,Heavenly
1,Heba
1,Hebron
1,Heela
2,Heer
1,Heeya
8,Heidi
1,Heidy
1,Heiya
1,Hekima
1,Helaina
0,Helen 
8,Helena
1,Helen-Praise
1,Helia
1,Helin
1,Helina
1,Hellen
1,Hellena
1,Hema
1,Hendrix
1,Henleigh
8,Henley
1,Hennessey
1,Hennley
1,Henrietta
2,Heran
1,Hermela
1,Hetvi
1,Hevenly
1,Hewan
2,Heyab
1,Heyabel
5,Hiba
1,Hibatullah
1,Hibba
1,Hibo
1,Hiermiela
1,Hikari
1,Hikmo
3,Hilary
1,Hilda
2,Hind
1,Hinley
1,Hinna
1,Hira
1,Hiree
1,Hiyab
1,Hiyabel
1,Hiyam
1,Hiyori
1,Holland
4,Hollie
7,Holly
2,Honey
1,Hong
9,Honor
1,Hoodo
4,Hope
1,Hope-Angel
1,Hosiana
1,Hour
1,Hridhvi
5,Huda
3,Hudson
1,Hulan
1,Humaira
1,Humna
9,Hunter
5,Husna
1,Husnaa
1,Husnita
2,Huxlee
2,Huxley
1,Hyacenth
1,Hyatt
1,Hylie
1,Ibiza
2,Ibtisam
1,Icie
1,Icyse
3,Ida
1,Idalia
1,Ieman
1,Iesha
1,Ifedayo
1,Ifeoluwadayomi
2,Ifra
1,Ignacia
1,Ihana
1,Iiniikakatootsii
5,Ila
1,Ilaf
1,Ilah
1,Ilana
1,Ilaria
1,Ileana
1,Ileigh
1,Ilexi
1,Ilhan
3,Iliana
1,Iliya
1,Illeanna
1,Illyana
1,Ilona
1,Ilwad
1,Ilya
2,Ilyana
1,Ilyse
1,Imaan 
4,Iman
1,Imanela
1,Imani
1,Imara
1,Ime
1,Imee
1,Imisioluwa
1,Immanuelle
4,Imogen
1,Imogene
1,Inaara
4,Inaaya
1,Inabiyah
7,Inara
5,Inaya
1,Inayah
1,Inayat
2,India
1,Indica
3,Indie
1,Indie-Rose
1,Indigo
1,Indika
2,Indira
1,Indy
1,Indyana
1,Ines
1,Inez
5,Ingrid
2,Inioluwa
1,Inna
1,Innessa
1,Innocenta
2,Insiya
1,Insiyah
1,Ioana
1,Ioanna
1,Ionie
4,Iqra
1,Iqra-Noor
2,Ira
5,Ireland
2,Irelynn
1,Iren
6,Irene
1,Irie
1,Irina
1,Irinna
5,Iris 
1,Irissa
1,Irsa
4,Isabel
2,Isabela
1,Isabell
8,Isabella
1,Isabella-Selina
1,Isabelle
1,Isabelle-Lena
1,Isadora
1,Isbah
4,Isha
1,Ishaa
1,Ishana
1,Ishani
1,Ishmeet
1,Isidora
5,Isis
1,Isis-Serenity
0,Isla
1,Isla-Belle
1,Islan
1,Islay
1,Islea
1,Isley
1,Ismahan
5,Isobel
2,Isolde
2,Isra
2,Israa
1,Israella
1,Issabella
1,Isyss
1,Ita
1,It'aza
1,Itsub
3,Iva
1,Ivalee
1,Ivana
5,Ivanna
1,Ivee
1,Iveryn
1,Ivey
1,Ivie
1,Ivis
4,Ivory
1,Ivree
1,Ivreen
5,Ivy
1,Ixchel
1,Iyana
1,Iyanuoluwa
6,Iyla
1,Iynara
1,Iysrish
3,Izabel
2,Izabela
4,Izabella
1,Izabellah
5,Izabelle
1,Izaël
1,Izea
1,Izna
1,Izobella-Rose
1,Iztlixochitl
1,Izza
1,Izzabella
1,Jaaylee
3,Jacey
1,Jacie
1,Jacinta
1,Jacinth
1,Jackalyn
1,Jackson
1,Jackz
2,Jaclyn
1,Jacquelin
4,Jacqueline
1,Jacy
1,Jada
1,Jada-Lynn
1,Jade
1,Jadelynn
2,Jaden
1,Jadeyn
1,Jadie
2,Jadyn
1,Jadzia
1,Jae
2,Jaeda
1,Jaedah
2,Jael
1,Jaelah
2,Jaelie
5,Jaelyn
3,Jaelynn
1,Jahlayzia
2,Jai 
3,Jaida
1,Jaide
1,Jaideen
3,Jaiden
1,Jaidene
1,Jaidyn
1,Jaiinder
1,Jailey
1,Jaime
1,Jaimey
2,Jaina
1,Jaina-Leigh
2,Jairah
1,Jaisa
1,Jaisalynn
1,Jaismeen
1,Jaisveen
1,Jaivika
2,Jakayla
1,Jake-lynn
2,Jalane
1,Jalaya
1,Jalene
1,Jalesa
1,Jalia
1,Jalisse
1,Jaliyah
1,Jamariah
3,Jamie
1,Jamie-Lynn
2,Jamila
1,Jamison
1,Jana
2,Janae
1,Janah
1,Janaiah
1,Janaki
1,Janat
4,Janaya
1,Jancis
1,Jandavi
1,Jandria
8,Jane
1,Janeah
1,Janeeva
2,Janella
6,Janelle
2,Janessa
2,Janet 
1,Janeyah
1,Janice
1,Janiesha
2,Janika
1,Janina
1,Janine
1,Janita
1,Ja'Niyalee
1,Jann
3,Janna
1,Jannabella
7,Jannah
3,Jannat
2,Jannelle
1,Jansi
1,Januli
1,Janvi
3,Japji
1,Japjot
4,Japleen
1,Japman
1,Japna
3,Japneet
2,Japnoor
2,Japreet
1,Japs
1,Jaquelynn
1,Jarine
1,Jasclee
1,Jashrah
1,Jasia
1,Jaskirat
5,Jasleen
1,Jasmeen
1,Jasmeet
2,Jasmeh
3,Jasmin
1,Jasmine
1,Jasmine-Marie
1,Jasmyn
3,Jasmyne
2,Jasneet
2,Jasnoor
2,Jasper
1,Jasreet
1,Jassnoor
1,Jasveen
1,Jasynda
1,JaVera
1,Javeria
1,Jaxelle
1,Jaxson
1,Jaxsy
1,Jaxsyn
7,Jaya
1,Jayaana
1,Jayani
4,Jaycee
5,Jayda
2,Jayde
7,Jayden
1,Jayke
5,Jayla
2,Jaylah
2,Jaylee
1,Jayleigh-ann
1,Jaylen
3,Jaylene
3,Jaylin
3,Jaylyn
3,Jaylynn
1,Jay-Lynn
3,Jayme
1,Jaymie
3,Jayna
1,Jayza
1,Jayzariah
1,Jaza
1,Jazetin
1,Jazlene
9,Jazlyn
1,Jazlynn
5,Jazmin
3,Jazmine
1,Jazmyn
1,Jazzlyn
1,Jeah
1,Jean
2,Jeana
1,Jeanelle
1,Jeaninah
2,Jeanine
1,Jeanna
1,Jeannie
1,Jeannine
1,Jeena
1,Jeenat
1,Jeevan 
1,Jehane
1,Jei
1,Jeinezt
1,Jelane
1,Jelena
1,Jeliah
1,Jemima
1,Jemimah
1,Jemira
0,Jemma
2,Jena
1,Jenae
1,Jenaeva
1,Jenan
1,Jenayea
1,Jenchael
1,Jenelle
1,Jenessa
2,Jeneva
1,Jenica
1,Jeniya
1,Jenle
0,Jenna
1,Jennai
1,Jenna-Lee
1,Jenna-sky
1,Jennaya
1,Jennie
5,Jennifer
6,Jenny
1,Jensen
1,Jenuli
1,Jeovana
1,Jericho
1,Jerri
2,Jerrica
2,Jersey
1,Jersey-lee
1,Jersie
1,Jesca
1,Jesiah
1,Jesica
1,Jesley
1,Jeslin
0,Jessa
1,Jessabelle
2,Jessalyn
1,Jesse
1,Jessi-Anne 
7,Jessica
1,Jessicca
3,Jessie
2,Jesslynn
1,Jesykah
1,Jetahl
2,Jett
2,Jetta
9,Jewel
1,Jewelle
1,Jewel-Lea
2,Jewels
1,Jeyah
1,Jezabella
1,Jezebel
1,Jezreel
1,Jezryl
1,Jhanvi
1,Jhasreil
1,Jheanne
1,Jhillian
1,Jhonell
2,Jia
1,Jiana
1,Jiani
1,Jianne
1,Ji-Hae
1,Jilian
1,Jilien
4,Jill
5,Jillian
1,Jilliana
4,Jilliane
1,Jilliann
1,Jillianne
1,Jillyan
1,Jimiefer
1,Jin
1,Jinal
2,Jinan
1,Jind
1,Jinisha
1,Jinyao
1,Jiuqing
1,Jivika
5,Jiya
1,J'Lyn
1,Jo
4,Joan
4,Joann
8,Joanna
1,JoAnne
1,Joanne
1,Joban
9,Jocelyn
2,Jodi
3,Jodie
1,Jo'el
1,Joelina
1,Joella
6,Joelle
1,Joëlle
2,Joey
1,Joeylynn
1,Johanna
2,Johannah
1,Johnet
2,Joie
1,Jo-Leena
1,Joleigh
7,Jolene
4,Jolie
1,Jolyn
1,Joni
1,Jonnette
1,Joon
1,Joory
1,Joraine
1,Jordan
3,Jordana
1,Jordanika
1,Jordi
1,Jordyn
5,Jordynn
2,Jordynne
2,Jorgia
1,Jorhja
1,Jori
6,Jorja
1,Josèe
9,Josephine
1,Joséphine
1,Josephyne
1,Joshei
1,Josiane
8,Josie
2,Joslyn
1,Joss 
1,Jossalyn
2,Josslyn
1,Jourdan
1,Jouri
1,Journee
4,Journey
2,Jovana
2,Jovi
1,Jovian
3,Jovie
6,Joy
1,Joya
8,Joyce
1,Joycelyn
1,Joyia
1,Jozannah
1,Juana
2,Jubilee
1,Jude
6,Judith
2,Judy
1,Juleanne
1,Jules
1,Julia
5,Juliana
9,Julianna
6,Julianne
8,Julie
1,Julieanna
1,Julie-Auna
1,Julielle
1,Julie-Marie
1,Julien
2,Julienne
4,Juliet
1,Julieta
3,Juliette
1,Julliane
1,Jullianna
1,Julyannah
1,Jumaima
1,Juman
1,Jumana
1,Jumanah
1,Jun
1,Juna-Rose
0,June
1,Junia
6,Juniper 
1,Junnez
1,Juno
1,Junoah
1,Jupman
1,Jurnee
1,Jurni
1,Jurzi
2,Justice
1,Justice-Ava
0,Justina
1,Justine
2,Justyce
1,Jyelle
1,Jylian
1,Jylissa-Ann
1,Jynessa
1,Jyricka
1,Kabisha
1,Kabri
1,Kacetyn
2,Kacey
2,Kaci
3,Kacie
2,Kacy
1,Kadanna
2,Kadence
1,Kadianne
3,Kadie
1,Kadija
4,Kady
2,Kaede
1,Kaedyn
1,Kaelee
1,Kaeleen
1,Kaeley
1,Kaelyn
2,Kaelynn
1,Kaelyx
2,Kaeya
3,Kahlan
1,Kahlei
1,Kahleia
2,Kahli
1,Kahliah
1,Kahnle
1,Kahri
1,Kai
6,Kaia
1,Kaibree
1,Kaicen
1,Kaicey
1,Kaida
1,Kaidalyn
2,Kaidence
1,Kaidynce
1,Kaige
1,Kaija
1,Kaijah
1,Kaila
3,Kailee
2,Kaileigh
1,Kai'Leigh
1,Kailey
1,Kailleena
3,Kaillie
1,Kaily
5,Kailyn
1,Kai-Lynn
1,Kailyr
1,Kainaat
1,Kainetochukwu
2,Kairaluchi
1,Kairi
2,Kaisa
1,Kaisley
1,Kaitlen
8,Kaitlin
2,Kaitlyn
3,Kaitlynn
1,Kaitlynne
1,Kaity
7,Kaiya
1,Kaiyanna
1,Kaja
1,Kajsa
1,Kakuu
1,Kalani
2,Kalaya
1,Kalayna
1,Kalayziah
2,Kalea
1,Kaleah
1,Kalee
1,Kaleena
1,Kaleesia
3,Kaleigh
1,Kaleigh-mae
1,Kaleria 
3,Kaley
1,Kaleyann
0,Kali
4,Kalia
3,Kaliah
1,Kaliana
1,Kalianna
2,Kalilah
2,Kalina
1,Kalise
1,Kalissia
1,Kalista
3,Kaliya
6,Kaliyah
2,Kalla
1,Kalleigh
5,Kalli
2,Kallie
1,Kalliyah
1,Kally
1,Kalthoum
1,Kalya
1,Kalyna
1,Kalyssa
1,Kamaria
1,Kambren
2,Kambria
1,Kamea
1,Kamelia
1,Kameron
1,Kami
1,Kamia
4,Kamila
1,Kamill
1,Kamille
1,Kammy
1,Kamry
4,Kamryn
1,Kamrynn
1,Kamsiyochukwu
1,Kana
1,Kaniah
1,Kanisha
1,Kanishaa
1,Kanishka
1,Kanishkaa
1,Kanna
1,Kanvi
1,Kapri 
4,Kara
2,Karah
1,Karaleigh
1,Kara-lyn
1,Karamea
5,Karen
1,Kari
1,Karigan
3,Karina
3,Karis
1,Karishma
1,Karisma
0,Karissa
1,Kariza
2,Karla
1,Karlea
4,Karlee
1,Karleigh
1,Karlene
1,Karley
1,Karley-Rose
1,Karlie
1,Karlita
4,Karly
2,Karma
1,Karolena
1,Karsten
2,Karsyn
1,Karter
1,Kartika
1,Karyna
1,Kasandra
3,Kasey
1,Kasha
1,Kasha-Lynn
2,Kashi
2,Kashlyn
2,Kashlynn
2,Kashtyn
2,Kashvi
4,Kasia
1,Kaslyn
1,Kason
1,Kassadee
5,Kassandra
1,Kassia
8,Kassidy
1,Kassie
1,Kassy
1,Katalayah
3,Kataleya
1,Katalia
1,Katalin
2,Katana
1,Katanna
1,Katara
1,Katareena
3,Katarina
2,Katarzyna
9,Kate
1,Kateeri
1,Kateleyah
1,Kateline
3,Katelyn
3,Katelynn
4,Katerina
1,Kathalina
2,Katharina
4,Katharine
1,Katherina
8,Katherine
6,Kathleen
1,Kathrin
1,Kathrina
6,Kathryn
2,Kathy
1,Katia
1,Katianna
8,Katie
1,Katie-Jo
1,Katie-Mae
1,Katie-Shaena
1,Katija
1,Katlyn
2,Katniss
1,Katreece
1,Katriel
6,Katrina
5,Katy
1,Katylynn
1,Kaurah
1,Kavisha
1,Kavita
1,Kay
6,Kaya
1,Kayandra
1,Kayanna
1,Kayanne 
1,Kaybree
1,Kaycea
8,Kaycee
2,Kaycie
2,Kaydance
3,Kaydee
2,Kayden
1,Kaydence
1,Kayden-Marie
1,Kaydon
1,Kaydrin
1,Kayena
1,Kayia
3,Kayla
1,Kayla-Jade
1,Kaylani
2,Kaylee
2,Kayleen
2,Kayleigh
1,Kayleigh-Rae
4,Kayley
1,Kayli
1,Kaylia
1,Kayliana
5,Kaylie
6,Kaylin
2,Kaylyn
4,Kaylynn
1,Kay-Lynn
1,Kaymen
1,Kayris
1,Kaysia
1,Kaystin
1,Kaytia
1,Kaytin
1,Kaytlin
1,Kayvah
1,Kazaly
1,Kazdaya
1,KC
1,Keaira
1,Keala
2,Keana
2,Keandra
4,Keanna
1,Kearsin-Ryan
1,Kearstene
1,Keaton
1,Keegan 
1,Keelane
1,Keelee
4,Keeley
1,Keelie
3,Keely
1,Keera
4,Keerat
1,Keerit
2,Keeva
1,Keia
1,Keiana
1,KeiAnna
1,Keight
1,Keila
1,Keilah
1,Keila-Monique
2,Keira
1,Keirsten
3,Keisha
1,Keithley
3,Kelly
1,Kelsea
1,Kelsey
1,Kelsie
3,Keltie
1,Kelty
1,Kelys
1,Kelzey
1,Kema
1,Kemmie
1,Kena
1,Kenadee
1,Kenah
1,Kenda
8,Kendal
6,Kendall
1,Kendell
1,Kendra
1,Kendrix
2,Kendyl
1,Kenidee
1,Kenisha
4,Kenlee
1,Kenleigh
5,Kenley
7,Kenna
1,Kennady
1,Kennah
1,Kennedi
1,Kennedie
1,Kennedy
2,Kennley
1,Kensey
4,Kensi
1,Kensie
4,Kensington
3,Kensley
2,Kenya
2,Kenza
1,Kenza-Breanna
1,Kenzey
2,Kenzi
7,Kenzie
1,Kenzington
1,Kenzley
1,Kenzxi
2,Kenzy
1,Keola
1,Keona
1,Keren-Keziah
1,Keri
1,Kerissa
1,Kerra
1,Kerrin
1,Kes
1,Keshaye
1,Kesia
1,Kesiena
2,Kesler
1,Keslie
1,Kessler
1,Kestrel
1,Ketim
2,Ketsia
2,Keturah
1,Keva
1,Keyanah
1,Keyanna
1,Keyannah
1,Keyona
1,Keyshia
1,Keyshla
1,Keyton
3,Kezia
0,Keziah
1,Kezlyn
1,Kezziah
1,Khadeejah 
1,Khadidja
5,Khadija
2,Khadijah
1,Khadro
1,Khaela
1,Khaira
1,Khaleedah
4,Khaleesi
1,Khaleesia
1,Khali
1,Khalia
1,Khaliah
1,Khalina
1,Khaliya
1,Khana
1,Khari
1,Khasey
1,Khatie
1,Khattar
1,Khaya
1,Kheanne
1,Kherington
1,Kheriyae
1,Khia
1,Khiana
1,Khiara
6,Khloe
3,Khloé
1,Khloe-Lynn
1,Khloé-Rayne
1,Khorshed
1,Khrystal
1,Khushleen
1,Khushneet
1,Khushpreet
1,Khyle
1,Khylie
1,Kiaera
3,Kiana
1,Kiandra
1,Kiani
6,Kianna
7,Kiara
1,Kiarra
0,Kiera
1,Kiera-Lynn
1,Kieran
3,Kierra
1,Kierran 
4,Kiersten
2,Kierstyn
1,Kieryn
1,Kiesa
2,Kieva
1,Kievah
2,Kiley
1,Kimaya
1,Kimberlee
1,Kimberley
1,Kimberli
1,Kimberly
1,Kimberly-May
1,Kimia
1,Kimora
1,Kimuel
1,Kimzie
1,Kina
1,Kinan
1,Kinda
2,Kindle
5,Kingsley
1,Kingsly
4,Kinlee
2,Kinleigh
1,Kinley
1,Kinley-Anne
1,Kinnari
3,Kinnley
2,Kinsey
2,Kinslee
1,Kinsleigh
7,Kinsley
2,Kinza
1,Kinzey
1,Kinzlee
1,Kinzley
1,Kiosanaa
1,Kira
1,Kirat
1,Kiratkaur
1,Kirby
1,Kirpa
5,Kirsten
1,Kirstin
1,Kirtvir
1,Kisara
1,Kisik
1,Kismet
1,Kistynn
1,Kit
1,Kitt
1,Kitty
7,Kiya
1,Kiyanah
1,Klaire
4,Klara
2,Klarissa
1,Klary
2,Klaudia
1,Klea
1,Kleopatra
1,Klesta
2,Kloe
2,Kloey
1,Kloie
1,Knoxville
1,Kobie
1,Kobi-Grace
1,Koblenz
1,Kody
1,Kokomi
1,Kokona
1,Kolbie
4,Kolby
1,Kolleen
7,Kora
1,Koral
1,Kora-Lee
1,Korbyn
1,Koreena
1,Koreigh
3,Kori
1,Korianna
1,Korina
1,Korra
1,Korral
1,Kortney
1,Kosar
1,Kosisochukwu
1,Koston
1,Kother
1,Kourtney
1,Kovlyn
1,Koyinsola
1,Kreanna
3,Kree
1,Krisandra 
3,Krisha
1,Krishna
1,Krissy
1,Kristabel
1,Kristabelle
1,Kristal
3,Kristen
1,Kristen-Rhian
1,Kristie
2,Kristin
7,Kristina
2,Kristine
1,Kristin-Frances-Suzanne
1,Kristy
1,Kristyn
1,Kristyna
1,Kristyne
1,Krittika
1,Krymson
1,Krysiana
1,Krysta
4,Krystal
1,Krystelle
1,Krystiana
1,Krystina
1,Kudrat
1,Kudrit
1,Kuei
1,Kulani
1,Kulreet
1,Kura
1,Kuwe
1,Kweza
1,Kwinn
4,Kya
3,Kyah
1,Kyana
1,Kyara
3,Kyla
3,Kylah
2,Kylar
1,Kyle
1,Kylee
1,Kyleigh
2,Kylen
3,Kyler
1,Kyliann
0,Kylie
1,Kyliee 
1,Kymmie
1,Kyna
1,Kyne
4,Kynlee
1,Kynslea
1,Kynsleigh
2,Kynsley
1,Kynzie
1,Kynzlee
3,Kyra
4,Kyrah
1,Kyran
1,Kyranna
1,Kyrie
1,Kysea
1,La
5,Lacey
1,Lachlyn
1,Lachlynn
1,Lachrissa
2,Lacy
2,Lael
1,Laele
1,Laelle
1,Laenaya
1,Laiba
5,Laila
1,Lailah
1,Lailani
1,Lailynn
1,Laima
1,Lain
2,Laina
1,Lainee
6,Lainey
1,Laiya
1,Lakeira
2,Lakelyn
1,Lakeyn
1,Lakhtay
1,Lakota
1,Lakshana
1,Lakshanaa
2,Lakyn
1,Lalla
1,Lama
6,Lamar
1,Lamees
1,Lamiss
1,Lamya
9,Lana
1,Lanaeya
1,Lanah
4,Lanaya
1,Lanayce
1,Lane
1,Lanelle
4,Laney
1,Lani
1,Lanie
1,Laon
1,Lara
1,Laramie
1,Lara-Simon
1,Lareen
1,Lariah
1,Larina
6,Larissa
1,Larkin
1,Larkyn
1,Larra
1,Lashae
1,LaShayla
1,Lasini
1,Latana
1,Latifah
1,Latisha
2,Launa
1,Laura
1,Lauraine
1,Laureen
3,Laurel
1,Laurel-Spring
5,Lauren
1,Laurette
1,Laurie
1,Laurin
3,Lauryn
2,Lavender
1,Lavenia
1,Laveshnabye
1,Lavina
2,Lavinia
1,Layaan
1,Layah
1,Layal
6,Layan
9,Layla 
1,Laylee
2,Layna
1,Laynah
5,Layne
2,Laynee
2,Laynie
1,Laytoya
1,lazerah
1,Lea
4,Léa
1,Leab
7,Leah
1,Leahna
1,Leah-Rose
1,Lealynn
2,Leana
1,Leandra
1,Leanesse
1,Leann
2,Leanna
6,Leanne
1,Leaven
1,LeeAnna
1,Lee'iyah
5,Leela
5,Leen
2,Leena
1,Leenia
1,Leeza
1,Legacie
1,Legend
7,Leia
1,Leiah
1,Leiana
1,Leianne
3,Leigha
6,Leighton
1,Leikin
7,Leila
2,Leilani
1,Leila-Raine
1,Leillah
1,Leiralita
1,Leith
1,Lejla
1,Leliana
1,Lelliana
1,Lellyanna
1,Lemmy 
1,Lena
2,Lenae
1,Lenai
5,Lenaya
1,Leni
1,Lenix
1,Lenka
1,Lennie
4,Lennix
7,Lennon
7,Lennox
1,Lennyn
1,Lennyx
1,Lenox
2,Lensa
1,Lenyx
1,Leon
2,Leona
1,Leonie
1,Léonie
1,Lera
1,Leshia-Kay
1,Lesia
2,Leslie
1,Lesly
1,Leticia
1,Letitia
1,Letizia
2,Letty
1,Levy
1,Lewam
1,Lewhat
1,Lewonni
2,Lexa
6,Lexi
2,Lexianna
1,Lexi-Annika
8,Lexie
6,Lexis
1,Lexus
2,Lexxi
1,Lexyi
1,Lexyn
1,Leya
1,Leyann
1,Leyara
1,Leyden
5,Leyla
1,Leyli
1,Leyna
1,Leyton
0,Lia
1,Liam
1,Lian
8,Liana
1,Liane
3,Lianna
1,Lianne
1,Liara
6,Libby
1,Libertii
7,Liberty
1,Liesel
1,Liesl
1,Lifan
1,Light
6,Lila
2,Lilah
1,Lilas
2,Lilee
1,Lili
3,Lilia
1,Liliah
5,Lilian
7,Liliana
2,Liliane
4,Lilianna
1,Lilianne
1,Lilija
5,Lilith
2,Liliya
1,Lilla
3,Lilli
2,Lillian
5,Lilliana
2,Lillianna
3,Lillianne
4,Lillie
1,Lillith
7,Lilly
1,Lilly-Ann
2,Lillyanna
1,Lilly-Anna
1,LillyAnne
1,Lilly-Gail
1,Lilly-Mai
1,Lilly-Shea
1,Lilou 
2,Lily
2,Lilyan
1,Lilyana
1,LilyAnn
3,Lilyanna
1,LilyAnna
1,Lilyanne
1,Lilyjane
1,Lilyrose
1,Lilyth
1,Limar
1,Limra
5,Lina
2,Lincoln
6,Linda
1,Linden
1,Lindhi
1,Lindi
5,Lindsay
3,Lindsey
1,Lindy
1,Lindy-Rose
1,Lindzy
1,Linley
1,Linly
1,Linnaea
2,Linnea
1,Linsay
1,Liora
1,Lirik
1,Lisa
1,Lisette
1,Liska
2,Lissa
1,Lita
1,Liv
1,Liva
1,Lively
1,Livi
0,Livia
1,Liviana
1,Livienna
1,Livvie
4,Liya
1,Liyan
2,Liyana
1,Liyu
1,Liza
1,Lizabeth 
1,Lizaveta
1,Lizette
1,Lizzie
1,Loaaia
1,Lochlan
2,Lochlyn
3,Locklyn
1,Locklynn
6,Logan
1,Loha
1,Lohoree
4,Lois
1,Lokajanani
8,Lola
1,Lolita-Jean
2,Londen
3,London
2,Londyn
1,Londynn
1,Loni
1,Lora
1,Loreen
1,Lorelai
2,Lorelei
1,Loremaine
1,Lorenne
3,Loretta
4,Lori
1,Lorii
1,Lorin
1,Lorinda
1,Lorissa
2,Lorna
4,Lorraine
1,Lotus
1,Louange
1,Louelle
1,Louisa
1,Louise
1,Louize
1,Loula
1,Loura
1,Love
1,Loveleen
1,Lovely
1,Lovisa
1,Loza
1,Lua
1,Luana
3,Luca
1,Lucana
0,Lucia
5,Luciana
2,Lucie
1,Luciel
1,Lucie-Lynn
2,Lucienne
1,Lucila
4,Lucille
1,Lucinda
5,Lucy
1,Luella
1,Luiza
2,Lujain
1,Lujayn
2,Luka
1,Lul
1,Lula
3,Lulu
1,Lumen
1,Lumina
0,Luna
1,Luna-Amariella
1,Lupita
1,Luthien
8,Lux
1,Luxandrya
2,Luxe
1,Luxley
1,Luxx
1,Lyan
1,Lyana
1,Lyanna
6,Lydia
1,Lyka
0,Lyla
2,Lylah
1,Lylia
1,Lyllian
2,Lynae
1,Lynden
1,Lyne
1,Lyneah
1,Lynessa
2,Lynn
1,Lynna
1,Lynnace
1,Lynncoln 
1,Lynnda
1,Lynzee
1,Lynzie
1,Lyona
8,Lyra
1,Lyrah
1,Lyra-Isis
0,Lyric
1,Lysha
1,Lyzah
2,Ma.
1,Maahi
1,Maalaea
1,Maanaasaasri
1,Maayari
1,Mabel
1,MaBelle
1,Mabintu
1,Mabruka
6,Macey
4,Maci
1,Maci-Ann
6,Macie
1,Mackaia
3,Mackayla
4,Mackenna
1,MacKenna-Lynn
1,Mackenzi
9,Mackenzie
1,MacKenzie
1,Mackynzi
1,MacKynzie
1,Mackynzie
1,Maclyn
5,Macy
1,Madaleine
7,Madalyn
2,Madalynn
1,Madden
2,Maddi
2,Maddie
7,Maddison
1,Maddisyn
1,Maddox
1,Maddy
3,Maddyn
1,Madeena
1,Madelaine
6,Madeleine 
2,Madeliene
2,Madeline
2,Madelyn
4,Madelynn
1,Madi
1,Madiha
1,Madilee
9,Madilyn
1,Madilyne
5,Madilynn
3,Madina
1,Madinah
2,Madisen
3,Madison
1,Madissan
1,Madisson
5,Madisyn
1,Madisynn
1,Madleen
1,Madonna
4,Madyson
1,Madysonn
8,Mae
1,Maebelle
1,Mae-Belle
1,Maebry
1,Maedao
1,Maegan
1,Maële
1,Maeleigh
2,Maélie
1,Maelin
7,Maelle
4,Maëlle
2,Maelyn
2,Maelynn
1,Maelys
1,Mae'reg
1,Maesie
1,Maeve
1,Magalie
1,Magaretha
4,Magdalena
2,Magdalene
1,Magfera
6,Maggie
1,Maggie-Lynn
1,Maghfira
2,Maha
1,Mahalia
1,Maham
1,Mahathi
1,Mahdiya
1,Mahek
1,Mahfuza
2,Mahi
1,Mahira
1,Mahrain
1,Mahrosh
1,Mahrpiya
2,Mahya
2,Mai
0,Maia
1,Maica-Anne
1,Maidote
2,Maija
1,Maïka
1,Mailee
1,Mailen
1,Maille
1,Máire
2,Mairead
1,Mairi
1,Mais
1,Maisam
1,Maisha
2,Maisie
2,Maisley
9,Maisy
2,Maiya
1,Maiyla
1,Maizee
2,Maizie
1,Maizy
1,Majesty
2,Makaela
1,Makaii
3,Makaila
1,Makana
1,Makara
3,Makayla
1,MaKayla
1,Makayzia
1,Makeda
5,Makena
1,Makenley
4,Makenna
2,Makenzie 
1,MaKenzie-Ann
2,Makinlee
1,Makinley
1,Makkayla
1,Makyla
1,MaKynlee
2,Malaak
6,Malaika
3,Malak
6,Malaya
1,Malaya-Jade
1,Malaysia
2,Maleah
1,Maleck
1,Maleia
1,Malena
1,Mali
2,Malia
1,Maliah
1,Maliaka
3,Maliha
5,Malika
2,Malikah
2,Malin
2,Malina
1,Malinah
1,Malindi
2,Maliya
6,Maliyah
2,Malkia
1,Malli
1,Mallorey
3,Mallory
1,Maly
1,Malyuun
1,Mana
1,Manaahil
1,Manaal
2,Manahil
3,Manal
1,Manany
1,Manar
1,Mandeep
1,Mandolin
1,Maneet
1,Manessa
1,Mangeet
2,Manha
1,Manisa 
1,Manisha
1,Mankirat
1,Manna
5,Mannat
1,Manon
1,Manpreet
6,Manreet
2,Manroop
1,Manseerat
1,Mansimran
1,Mansukhdeep
1,Mantaek
1,Manuela
2,Manveer
1,Manvi
1,Manvinder
1,Maory
2,Maple
5,Mara
1,Mara'ana
1,Mara-Jade
2,Maraki
1,Maral
1,Maram
1,Maranatha
1,Marcelina
2,Marceline
3,Marcella
1,March
1,Marcheline
2,Marcia
1,Marciah
1,Mardhiah
1,Maredyth
7,Maren
5,Margaret
1,Margareth
3,Margaretha
1,Margarette
1,Margarida
1,Margarita
5,Margaux
1,Margherita
2,Margo
2,Margot
1,Margret
1,Marguerite
3,Mari
2,Maria
1,Maria-Elizaveta
1,Mariafaith
1,Mariah
1,Mariaj
0,Mariam
3,Mariama
3,Marian
4,Mariana
2,Marianna
1,Marianne
1,Maria-Sophie
1,Maribella
1,Marice
8,Marie
1,Marie-Jean
1,Marie-Ladouce
3,Marielle
1,Marijke
2,Marika
1,Mariko
4,Marilyn
2,Marilynn
4,Marin
5,Marina
2,Marion
1,Marisa
2,Mariska
2,Marisol
4,Marissa
1,Marium
1,Mariya
1,Marjela
1,Marla
1,Marlea
8,Marlee
1,Marleigh
1,Marlena
2,Marlene
4,Marley
3,Marlie
3,Marlo
4,Marlowe
1,Marly
1,Marnaath
1,Marnie
1,Marquesa
1,Marrella
1,Marriam
1,Marrion 
1,Marrione
1,Marshall-Heigl
1,Marta
1,Martel
4,Martha
1,Marthina
4,Martina
1,Marvee
1,Marvel
6,Marwa
2,Mary
2,Marya
1,Maryah
2,Maryam
3,Maryama
1,Maryan
3,Maryann
1,Maryanne
1,Mary-Anne
1,Mary-Beth
1,Marycela
1,Maryiam
1,Maryianne
1,MaryJane
1,Maryjane
1,Mary-Lynn
1,Maryn
1,Maryse
1,Maryssa
1,Masa
1,Masara
1,Mashaer
2,Mason
1,Mataeah
1,Mataia
3,Mataya
1,Matayah
1,Matea
1,Mathea
1,Mathilda
1,Matia
9,Matilda
1,Matina
1,Matlin
1,Matta
1,Mattaya
5,Mattea
1,Matthia
2,Mattie 
1,Mattigan
1,Mattylyn
1,Matyson
1,Maude
1,Maureena
1,Maurice
1,Mave
1,Maven
1,Mawada
1,Maxann
1,Maxeen
1,Maxene
1,Maxilynn
4,Maxine
1,Maxley
1,Maxwell
3,May
0,Maya
1,Mayan
1,Mayar
1,Maycee
2,Maycie
1,Mayghan
1,May-Jean
1,Mayla
2,Maylin
1,Maymunah
1,Mayra
2,Maysa
1,Maysah
1,Mayssam
2,Mayumi
1,Mazalyn
2,Mazie
1,Mbakoua
1,Mbwani
1,McCartney
1,Mckaela
2,McKayla
1,Mckenlee
1,McKenleigh
0,McKenna
2,Mckenna
1,McKenzee
8,Mckenzie
3,McKenzie
2,McKinlee
1,Mckinlee
1,Mckinleigh
5,McKinley
4,Mckinley
1,McKinnley
1,Mckyla
1,McKynlee
1,McLeasha
1,Mea
1,Méabh
9,Meadow
2,Meagan
1,Meaghan
1,Meah
1,Meara
1,Measha
1,Meba
1,Mechela
1,Medeux
1,Medina
1,Medrara
1,Meeah
1,Meegan
1,Meeghal
1,Meeka
1,Meela
1,Meer
2,Meera
2,Meerab
1,Meeya
1,Meg
7,Megan
4,Meghan
1,Meghavi
1,Meha
4,Mehar
2,Meher
1,Mehr
4,Mehreen
1,Mehret
1,Mehrmah
1,Mehroop
1,Mehrsa
1,Meia
2,Meike
1,Meila
1,Meiley
1,Meilin
2,Meira
1,Meirra
1,Meisa 
1,Meisha
1,Meixuan
1,Meiya
2,Meka
1,Mekayla
1,Mekila
1,Mekilit
1,Meklit
1,Mekylah
1,Melael
1,Melania
0,Melanie
1,Melayna
1,Meletina
1,Meley
1,Meleyah
1,Melia
4,Melina
1,Melinda
4,Melissa
1,Melissa-Jane
1,Melissia
1,Meliya
1,Mellee
2,Mellissa
1,Melodie
1,Mélodie
0,Melody
1,Melody-Claire
1,Melon
1,Mélya
1,Menall
1,Menika
1,Menna
1,Mentallah
2,Meral
1,Mercades
4,Mercedes
3,Mercy
5,Meredith
1,Meriam
1,Merianne
1,Merida
1,Merina
1,Merlyn
1,Merritt
1,Merryn
2,Meryem
1,Meryk 
1,Meryn
1,Mesgana
2,Mesha
1,Meskeb
1,Meya
2,Meyah
1,Meytal
1,Mhea
5,Mia
3,Miah
1,Mialy
1,Mia-Lynn
1,Mianne
1,Mianvi
1,Mia-Rayne
3,Micaela
1,Micaelah
3,Micah
1,Micha
6,Michaela
1,Michaelle
1,Micheala
1,Michele
3,Michelle
1,Micky
1,Mieka
1,Mielael
2,Miesha
1,Mihad
1,Miharu
1,Miheret
1,Miho
1,Mihrimah
1,Miia-Margaret
9,Mika
5,Mikaela
1,Mikaella
1,Mikah
2,Mikaila
1,Mikal
1,Mikala
1,Mikalah
1,Mikalea
2,Mikaya
8,Mikayla
1,Mikayle
1,Mikeella
1,Mikennah
1,Mikhail
1,Mikhyla
1,Mikka
2,Mikyla
9,Mila
1,Milagres
1,Milan
6,Milana
1,Milani
1,Milania
1,Mileena
5,Milena
1,Miles
4,Miley
1,Milin
1,Milkii
1,Milkom
4,Milla
3,Millicent
0,Millie
5,Milly
1,Mimuna
8,Mina
4,Minahil
1,Mina-May
1,Mindy
1,Mineko
1,Minenhle
1,Minerva
1,Minha
1,Minhee
1,Minka
1,Minnah
1,Minnie
1,Minsa
1,Mintge
1,Minyanna
4,Mira
1,Mirabel
2,Mirabelle
3,Miracle
1,Mirai
1,Miral
5,Miranda
1,Miraya
1,Mirei
2,Mireille
2,Mireya
5,Miriam
1,Mirielle 
1,Miriya
1,Mirren
1,Misgana
1,Misha
1,Mishall
1,Misheel
1,Mishl
1,Mishqaat
1,Missy
1,Mithra
1,Mitôs
1,Miura
4,Miya
2,Miyah
1,Miyah-Rae
1,Miyosow
1,Mjareilla
1,Mlat-Selay
1,Mohona
1,Moira
1,Moka
1,Molisa
1,Molisha
1,Molk
3,Mollie
8,Molly
4,Mona
5,Monica
3,Monika
3,Monique
0,Monroe
1,Moqadesa
1,Mora
9,Morgan
1,Morgana
1,Morgen
2,Morghan
2,Morgyn
3,Moriah
1,Moriel
1,Morifeolu
1,Morley
1,Morning-Star
1,Morriah
2,Morrigan
1,Moshni
1,Mouness
1,Mowafoluwa
1,Moyo 
1,Moyosolaoluwa
1,Mozalina
1,Mozhdah
1,Msgana
1,Muhabbat
1,Muhubo
1,Muluka
2,Mumtaz
2,Muna
1,Munira
1,Muntaha
1,Muram
1,Murphy
3,Muskaan
1,Muwahib
2,Mya
6,Myah
1,Myana
1,Myeisha
1,Myelle
1,Myer
2,Myka
1,Mykaella
1,Mykayla
8,Myla
1,Mylah
1,Mylaka
1,Mylee
1,Myleigh
1,Mylena-Wete
2,Mylo
6,Myra
4,Myrah
2,Myranda
1,Myriam
1,Myrna
1,Myrriah
1,Myzie
1,Na
1,Naaditoshi
1,Naavya
1,Naaz
1,Nabaa
2,Nabeeha
1,Nabeelah
1,Nabila
1,Nada
1,Nadeea
1,Nadeen
1,Nadelly
1,Nadene
4,Nadia
1,Nadife
7,Nadine
1,Nadirah
2,Nadiya
1,Nadiyah
1,NaeKayla
1,Nael
1,Naemi
1,Naeva
1,Nafisa
1,Nageena
1,Nagisa
1,Nagwa
1,Nahal
2,Nahanni
1,Naheeda
1,Nahlah
1,Naia
1,Naiah
1,Naielle
1,Naija
1,Naila
3,Nailah
1,Naïmie
1,Naiomi
2,Naiya
2,Najma
1,Najwa
1,Nakaia
2,Nakita
3,Nala
1,Nalani
1,Naledi
1,Naleen
1,Nalia
1,Naliya
1,Namal
1,Naman
1,Namika
1,Namrita
1,Namua
2,Nana
1,Nanahe
7,Nancy
1,Nandi
1,Nanki 
1,Naola
8,Naomi
2,Naomie
1,Naphtali
1,Naqwa
1,Nardos
1,Nari
1,Narmin
1,Naseeb
1,Nashaat
1,Nashita
1,Nashwa
1,Nasia
3,Nasra
1,Nasrin
1,Nasteha
3,Natalee
0,Natalia
1,Nataliah
1,Natalie
1,Nataly
3,Natalya
1,Natalya-Lynn
3,Natania
1,Natasa
3,Natasha
2,Nataya
1,Natee
1,Natellie
1,Natellie-Rose
1,Natete
1,Nathaleen
1,Nathalia
2,Nathalie
2,Nathania
1,Natsumi
1,Nattie
1,Natuk
1,Nautica
1,Navaeh
1,Naveen
1,Naveya
1,Navi
2,Navika
1,Navleen
1,Navneet
1,Navnita
1,Navpreet
1,Navreet 
1,Navroop
4,Navy
2,Navya
1,Nawaal
1,Nawal
1,Naya
1,Nayah
1,Nayah-Elizabeth
1,Naydia
2,Nayeli
1,Nayomi
1,Naysa
1,Nayvia
1,Nazareen
1,Naziha
1,Ndawa
3,Neda
2,Neela
1,Neelam
1,Neena
1,Neenah
1,Neeriah
1,Neeve
1,Neha
1,Neige
1,Neila
1,Neima
1,Neirah
1,Neka
1,Nekeisha
1,Nel
1,Nela
1,Nelia
6,Nella
7,Nellie
6,Nelly
1,Nely
1,Nelya
1,Nemo
9,Neriah
1,Nerita-Aleana
1,Nesochi
1,Nessiah
1,Netaya
1,Nethuni
2,Neva
1,Nevada
1,Nevadah
4,Nevaeh
1,Nevaehleigh
1,Nevaya
6,Neve
6,Neveah
1,Nevelle
1,Neveya
1,Neviah
1,Nevis
1,Newt
1,Neyat
1,Neytiri
1,Nguvitjiua
1,Nhatalia
9,Nia
3,Niah
2,Niamh
1,Niang
2,Nico
5,Nicola
6,Nicole
1,Nicoletta
1,Nicolette
1,Nida
1,Nidaa
1,Nihaam
1,Nihal
1,Nihira
3,Nika
1,Nikayla
1,Nikhat
1,Niki
1,Nikita
3,Nikki
1,Nikkilee
2,Nikola
1,Nikshitha
1,Nikta
8,Nimrat
2,Nimrit
1,Nina
1,Ninja
1,Ninjin
2,Niomi
1,Nipayastew
1,Nipin
2,Nirvana
3,Nisa
1,Nisha
1,Nishka 
1,Nisma
1,Nisreen
1,Nita
1,Nitha
1,Nivéah
1,Niveda
1,Nixie
2,Nixon
1,Nixxie
5,Niya
1,Niyah
1,Niyamat
1,Niyanthree
1,Niyousha
1,Niyya
1,Njankiir
1,Njeri
1,Nneamaka
2,Nneka
1,Nneoma
3,Noa
2,Noah
1,Noelia
4,Noella
1,Noelle
2,Noëlle
1,Noemi
2,Noemie
1,Noémy
1,Nof
7,Nola
1,Nolah
1,Noleah
1,Nomingoo
1,Nona
2,Noor
2,Noora
1,NooRah
0,Nora
2,Norah
1,Noralea
1,Nord
1,Noreen
1,Norrah
1,Nosazena
8,Nour
1,Noura
1,Noureen
3,Nova 
2,Novah
1,Novalee
1,Nova-Rae
1,Novayda
1,Novella
1,Nowal
2,Noya
1,Nsikan-Abasi
1,Nubia
1,Nuha
1,Nuhamin
1,Numphet
1,Nurhannah
1,Nuriah
1,Nuriya
1,Nuriyah
1,Nusaybah
1,Nuthara
6,Nya
1,Nyaari
1,Nyabaen
1,Nyabana
1,Nyabol
1,Nyabour
5,Nyah
1,Nyajak
1,Nyajal
1,Nyaliep
1,Nyana
1,Nyanchiok
1,Nyaniki
1,Nyannut
1,Nyanriak
1,Nyanyiik
1,Ny'Asia-lee
2,Nyat
1,Nyathok
1,Nyayan
1,Nydheng
1,Nyelle
1,Nyidier
7,Nyla
3,Nylah
1,Nyley
1,Nyomi
1,Nyx
1,Oaklee
6,Oakley
2,Oaklyn
1,Oaklynn
1,Obah
5,Ocean
2,Oceana
1,Oceanna
7,Octavia
1,Odelle
2,Odette
1,Oghenemine
1,Ogheneruno
1,Ogoluwakitan
1,Ohana
1,Ohanna
1,Okeri
1,Oksana
1,Olamide
1,Olasubomi
1,Olena
1,Olenna
1,Olga
1,Olivany
5,Olive
0,Olivia
1,Olivia-Jean
2,Olivya
1,Oluchi
1,Oluwadamilola
1,Oluwademilade
2,Oluwaferanmi
1,Oluwafisayo
1,Oluwafolakemi
2,Oluwafunmilayo
1,Oluwajetemi
1,Oluwanifemi
1,Oluwaseyifunmi
1,Oluwatemilorun
1,Oluwatoni
1,Olympia
1,Olyve
2,Olyvia
1,Omeeka
1,Omera
1,Ona
1,Onna
1,Onnalie
1,Onyxia
1,Opemiposi
8,Ophelia
1,Oreoluwa 
1,Ori
1,Oriah
5,Orianna
1,Oriel
1,Orissa-Marie
1,Orla
1,Orlina
1,Osana
1,Oshea
1,Oshyanna
1,Oskyiah
1,Othahel
1,Otsara
1,Ottilia
1,Oyinade
1,Oyun
1,Pacey
1,Padme
1,Paetyn
1,Pa'ia
2,Paige
1,Paisey
7,Paislee
1,Paisleigh
1,Paisleigha
2,Paisley
1,Paislie
1,Paislyn
1,Paitience
1,Paiton
7,Paityn
3,Paizley
1,Pakhi
1,Palak
1,Palakshi
1,Pallavi
1,Palmer
1,Palwasha
1,Pamela
1,Pandora
3,Pari
1,Paridhi
6,Paris
2,Parisa
1,Parishey
1,Pariza
3,Parker
1,Parmida
5,Parneet 
1,Parvaan
2,Pascale
4,Patience
1,Patrice
5,Patricia
1,Patrina
1,Patrisha
1,Patty
6,Paula
1,Paulette
7,Paulina
3,Pauline
1,Pauly-Jordyn
1,Pavan
3,Pavit
1,Pawkelblu
1,Pax
1,Paysley
5,Payten
7,Payton
1,Payzleigh
1,Paz
1,Pazliann
1,Peaches
9,Pearl
1,Pearleen
1,Peggy
1,Peia
3,Peighton
1,Peliah
5,Penelope
1,Penley
1,Pennelope
0,Penny
1,Pepper
3,Perla
1,Permaan
1,Perpetua
1,Perras
1,Perri
1,Perry
1,Persaius
1,Persaus
1,Persephone
1,Persephoney
1,Persis
9,Petra
1,Petrina
1,Peytan
1,Peyten
1,Peytin
8,Peyton
1,Phaedra
1,Phahannah
2,Philippa
1,Philomena
1,Philomene
4,Phoebe
1,Phoenicia
6,Phoenix
1,Phyllis
1,Phynlee
1,Pia
8,Piper
4,Pippa
1,Piroska
1,Pixie
2,Poet
1,Pola
1,Polaris
3,Polina
1,Pollyanna
2,Poppy
1,Porsche
2,Porter
1,Posey
1,Posie
1,Prabdip
4,Prabhgun
1,Prabhjeet
2,Prabhleen
1,Prabhnoor
2,Praise
1,Prakriti
1,Pranaira
1,Pranshi
1,Pranvi
1,Prashna
1,Prathana
1,Pravi
6,Precious
1,Preetjot
1,Prentyce
1,Presley
4,Preslie
1,Prestyn
1,Pria
1,Priah 
1,Primlee
1,Primm
1,Princess
3,Priscilla
1,Priseis
4,Prisha
1,Pristine
8,Priya
2,Priyanka
1,Priyansi
1,Prizm
1,Providence
2,Prudence
1,Pryce
1,Pryscilla
1,Psalm
3,Puneet
1,Purity
1,Pushti
7,Pyper
1,Qabool
1,Qayinat
1,Qendra
1,Qiersteine
1,Quarra
1,Queen
2,Queena
1,Quincey
3,Quinn
1,Quinnley
1,Quinnly
1,Quinnlyn
1,Quiyanna
1,Quynn
1,Qynne
1,Raagniya
1,Raah-Yieumm
1,Raakel
1,Raavi
1,Raazia
2,Rabab
1,Rabea
1,Rabecca
3,Rabia
1,Rabi'atu
1,Raby
7,Rachael
3,Rachel
3,Rachelle 
1,Racie
2,Racquel
1,Radhaa
1,Radie
1,Radiya
7,Rae
1,Rae-Ann
1,Rae-Anne
6,Raegan
1,Raegyn
1,Raeha
1,Raeleen
1,Raeleigh
5,Raelyn
7,Raelynn
2,Raelynne
1,Raevyn
1,Raewyn
1,Raffaela
1,Raha
1,Rahayla
1,Raheema
2,Rahel
1,Rahima
5,Rahma
1,Raia
1,Raianne
1,Raiden
1,Raihana
1,Raiizel
1,Raila
2,Raima
2,Rain
2,Raina
3,Rainbow
3,Raine
1,Raineeville
1,Raisa
1,Raiya
1,Raiyah
1,Rajorshi
1,Rajvir
1,Raleigha
1,Raley
1,Ralleah
1,Ramadevi
1,Rameen
1,Rameesha
1,Ramera
1,Ramneek
1,Ramneet
1,Ramona
1,Ramsha
2,Rana
1,Randa
1,Rane
1,Raneem
1,Ranelle
4,Rania
1,Ranim
1,Ranmeet
1,Raqia
3,Raquel
1,Rasam
1,Rasha
1,Rashi
1,Rasleen
1,Rasmay
1,Ravainah
1,Raveen
3,Raven
1,Raven-Alexie
3,Ravenna
1,Ravleen
3,Ravneet
1,Ravreet
1,Ravsirat
2,Ravyn
7,Rawan
1,Rawdah
0,Raya
1,Rayaan
3,Rayah
6,Rayan
2,Rayana
1,Rayane
2,Rayann
2,Rayanna
1,Rayannah
4,Rayelle
1,Rayhana
1,Rayla
1,Raylajane
1,Raylan
2,Raylee
1,Rayleigh
1,Raylene
1,Raylin 
1,Raylyn
1,Raylynn
1,Ray-Lynn
9,Rayna
1,Raynah
4,Rayne
1,Rayneah
1,Rayven
1,Rayyan
1,Rayyane
2,Razan
1,Raziela
1,Raziya
1,Reachael
1,Reagan
1,Reagen
1,Reahanne
1,Ream
1,Reann
3,Reanna
2,Reata
1,Reatta
1,Reba
1,RebaKah
1,Rebeca
8,Rebecca
1,Rebecca.T.Hofer
1,Rebeckah
0,Rebekah
4,Rebekka
1,Rediet
4,Reece
1,Reed
1,Reegan
2,Reeham
7,Reem
1,Reena-Raine
0,Reese
1,Reesie
7,Reet
2,Reeva
1,Regan
1,Reggie
2,Regina
2,Rehat
1,Rehema
5,Rehmat
1,Reid
1,Reide 
2,Reign
1,Reigna
2,Reilly
1,Reilynn
5,Reina
1,Reine
1,Reiyna
1,Reiz
1,Rekik
1,Relam
0,Remi
1,Remille
1,Remington
1,Ren
1,Renae
9,Renee
3,Renée
1,Reneh
1,Renna
1,Renya
2,Retaj
1,Retal
2,Reve
1,Reverie
1,Rexlyn
1,Reyam
1,Reybelle
2,Reyhan
2,Reyna
1,Reynolds
1,Rhadio
2,Rhaya
1,Rhayna
1,Rhaziah
6,Rhea
1,Rheanna
1,Rhedyn
1,Rhegeena
1,Rhenn
1,Rhese
4,Rheya
1,Rheyanna
1,Rhiah
3,Rhian
1,Rhiana-Zenith
3,Rhianne
2,Rhiannon
1,Rhielle
1,Rhode
1,Rhodes
1,Rhonin
4,Rhyan
1,Rhyanne
1,Rhye
1,Rhylea
1,Rhylee
1,Rhylynne
1,Rhys
1,Rhyse
1,Rhyzylle
4,Ria
1,Riahnna
3,Rian
1,Rianne
1,Richel
3,Richelle
1,Ricki
1,Riddhe
1,Ridhi
1,Ridhima
3,Ridley
1,Riel
2,Rielle
1,Rifna
1,Rihaab
1,Rihaan
1,Rihab
1,Riham
1,Rijameka
1,Rijamekee
1,Rikessah
1,Rikita
1,Rikkia
1,Rilee
8,Riley
1,Rilla
1,Rilyn
4,Rilynn
1,Rimsha
2,Rina
1,Rion
1,Rionna
3,Ripley
1,Risha
1,Rishita
1,Risim
1,Rita
1,Ritaj 
1,Rithmi
1,Rithythidar
1,Rittal
1,Riva
2,River
1,Rivva
5,Riya
1,Riyan
2,Riyana
1,Riyo
1,Riza
1,Rizelle-Shaila
1,Rizwangul
1,Roary-Anne
3,Robin
7,Robyn
4,Rochelle
1,Rocio
1,Rodae
1,Rodainah
1,Roda-Ombe
1,Roderica
1,Roe
1,Roeann
1,Rofydah
1,Rogan
3,Rogue
1,Roha
1,Rohan
1,Rohani
1,Rohi-Anaiah
1,Róisín
1,Rojeen
1,Rojvin
2,Rokaya
1,Rokhaya-Oulimata
1,Roksolana
1,Rola
1,Rollin
1,Roma
1,Romanda
1,Rome
1,Romy
1,Ronela
1,Ronin
1,Ronnie
1,Roop
1,Roqayyah
2,Rorie 
5,Rory
5,Rosa
1,RosaBell
1,Rosabella
1,Rosabelle
1,Rosalea
1,Rosaleah
3,Rosalee
1,Rosalia
8,Rosalie
1,Rosalina
3,Rosalind
1,Rosaline
1,Rosalyn
2,Rosalynn
1,Rosalynn-Violet-Jean
1,Rosanna
1,Rosanne
1,Rosario
7,Rose
2,Rosealie
1,Rosealynn
1,Roseann
1,Roseily
1,Roselina
1,Roselyn
1,Rose-Marie
5,Rosemary
1,Rosetta
1,Rosha
1,Roshni
0,Rosie
2,Roslyn
1,Rosslyn
1,Rosy
1,Roukaya
5,Rowan
4,Rowen
1,Rowena
7,Rowyn
1,Rowynn
1,Roxan
2,Roxana
1,Roxana-lea
4,Roxanne
1,Roxy
1,Roya
2,Royal
1,Royce
1,Royen
1,Rozalina
1,Rozayah
1,Rozelle
2,Rozlyn
2,Rozlynn
1,Rozy
1,Rozzlyn
1,Rrain
1,Rteel
1,Ruaa
1,Rua'a
1,Ruari
1,Rubab
1,Rubeen
5,Ruby
2,Ruby-Anne
1,Ruby-June
2,Rue
1,Rufaida
1,Rufayda
1,Rufta
1,Ruhama
1,Ruhani
1,Ruhanie
1,Ruhanijot
1,Ruistelle
1,Rukhsana
1,Rukhsar
1,Rulan
1,Rumaysa
1,Rumba
1,Runa
1,Rune
1,Rupreet
1,Ruqaiya
1,Ruqayyah
1,Ruqiya
1,Rushane
1,Rushaye
4,Ruth
1,Ruthann
1,Ruthie
1,Ruvae
1,Ruweydah
2,Rya
1,Ryaen
1,Ryah
1,Ryam 
8,Ryan
1,Ryana
1,Ryan-Frances
2,Ryann
1,Ryannah
1,Ryden
1,Ryder
1,Rydham
1,Ryka
1,Ryla
3,Rylan
2,Rylea
8,Rylee
1,Rylee-Jean
1,Rylee-Rai
0,Ryleigh
1,Rylen
4,Ryley
1,Ryli
0,Rylie
1,Rylin
1,Rylynn
1,Ryn
1,Ryna
1,Rythem
1,Rythym
2,Ryver
1,Ryza
1,Saabiriin
1,Saachi
1,Saaliha
1,Saanjhpreet
1,Saanuja
4,Saanvi
1,Saavi
3,Saba
1,Sabi
1,Sabina
2,Sabine
1,Sabirin
1,Sabirna
1,Sabrín
9,Sabrina
2,Sabrine
1,Sabthanaa
1,Sadan
1,Sadee
1,Sadeen
1,Sadhna 
1,Sadiana
8,Sadie
1,Sadie-Ann
1,Sadiqa
1,Sadiya
1,Saelem
1,Saesha
6,Safa
2,Safaa
1,Saffie
1,Saffire-Rayne
1,Saffiya
1,Saffron
1,Safia
1,Safía
1,Safina
1,Safiya
1,Safiyah
1,Safoorah
1,Safreen
1,Sagal
4,Sage
1,Sahai
1,Sahana
1,Sahar
1,Sahara
1,Sahasra
1,Sahej
1,Saheli
2,Sahib
1,Sahiba
1,Sahila
1,Sahkitowin
1,Sahtara
1,Sai
1,Saida
1,Saidi
7,Saige
1,Saigen
1,Saihaj
1,Sailor-Grae
1,Saima
1,Saindhavi
1,Saira
1,Saja
1,Saje
1,Sajia
1,Sajjal
1,Sakara
1,Sakeena
1,Sakshi
2,Sakura
1,Salam
1,Salara
1,Saleen
1,Saleeya
1,Saleigh
1,Salem
1,Salena
1,Salima
2,Salina
2,Sally
3,Salma
2,Salome
1,Salsabile
2,Salwa
1,Salymatou
1,Sam
3,Sama
2,Samah
2,Samaira
1,Samairah
1,Saman
9,Samantha
1,Samantha-Christine
1,Samanthah
1,Samar
3,Samara
1,Samaya
1,Sameeha
1,Samiha
1,Samina
3,Samira
1,Samirah
1,Samiyah
1,Sampada
2,Samrawit
1,Samreen
1,Samreet
1,Samrutha
1,Samuela
1,Samuella
1,Samya
0,Sana
1,Sanaa
1,Sanam
1,Sanaya
5,Sandra 
1,Saneya
2,Sanjam
1,Sankavi
1,Sanoah
1,Santana-Rose
1,Santina
6,Sanvi
1,Sanwar
1,Saoirse
1,Saphera
1,Saphia
4,Saphira
1,Saphire
2,Sapphira
3,Sapphire
1,Saptadweepa
1,Sara
1,SaraAnne
3,Sarah
1,Sarah-Isabella
1,Sarah-rose
3,Sarai
1,Saraya
1,Sarayia
1,Sareena
4,Sargun
1,Saria
2,Sariah
1,Sarika
6,Sarina
2,Saron
1,Saroop
1,Sarrinah
1,Sartu
1,Sarvani
1,Saryn
8,Sasha
2,Saskia
1,Satayana
1,Sathera
2,Satsuki
1,Saumya
1,Saunsa
1,Sauravi
2,Savana
1,Savanah
9,Savanna
0,Savannah
1,Savaya 
1,Saveera
1,Savera
1,Saverine
3,Savi
1,Savonnah
3,Savreen
1,Savreet
1,Savvanah
1,Sawda
1,Sawera
2,Sawyer
1,Sawyer-Jolene
3,Saya
1,Sayah
3,Saydee
1,Saylee
1,Saylem
1,Sayler
1,Saylor
1,Sayona
1,Sayuni
3,Scarlet
5,Scarlett
5,Scarlette
1,Scarlotte
1,Schneidine
3,Scotia
1,Scotti
2,Scout
1,Scylla
1,Seana
1,Seanna
1,Seda
1,Sedra
1,Seedra
1,Seeley
1,Seena
1,Seerat
3,Seerit
1,Seeya
5,Sehaj
1,Seher
1,Seija
6,Selah
2,Selam
7,Selena
2,Selene
1,Selighe
0,Selina
1,Seline
1,Sellina
1,Selvaria
1,Semhal
1,Semiah
2,Sena
1,Senanur
1,Senily
2,Senna
1,Seohyeon
1,Sephira
1,Sephora
1,Sephra
1,Sepiday
1,Serafina
2,Serah
1,Serana
1,Seraphiel
1,Seraphim
1,Seraphima
2,Seraphina
1,Serastella
1,Seratt
2,Sereen
1,Serelia
5,Seren
3,Serena
2,Serene
1,Serene-Zeinab
1,Serenidy
3,Serenity
1,Sergo
2,Serina
1,Serinity
1,Serra
1,Serrena
1,Serresa
1,Seshra
1,Sevilla
1,Seylah
1,Shadin
2,Shae
1,Shael
1,Shaelyn
2,Shaelynn
1,Shae-Lynn
1,Shae-lynn
1,Shaelynne
1,Shaesta 
1,Shahd
1,Shaheda
1,Shahnaz
1,Shaila
1,Shailene
1,Shaima
2,Shaina
1,Shaista
1,Shaivi
1,Shakerah
1,Shakia
2,Shakira
1,Shalaine
1,Shalayna
1,Shaleea
1,Shalina
1,Shaliyah
1,Shallan
4,Shalom
1,Sham
1,Shamear
1,Shanaeya
8,Shanaya
1,Shanayabir
1,Shandi
1,Shandy
1,Shanel
1,Shanell
2,Shanelle
1,Shanessa
1,Shani
3,Shania
1,Shaniah
1,Shaniya
1,Shannel
1,Shannese
4,Shannon
1,Shantasia
1,Shanvi
1,Shany
1,Shanzay
1,Sharaf-Lana
1,Sharikashree
1,Sharlett
1,Sharlotte
1,Sharmaine
1,Sharny
6,Sharon
1,Sharyea 
1,Shaughnessa
1,Shauna
1,Shaunille
1,Shauntia
1,Shawna
1,Shawnee
1,Shawnessy
1,Shawntaya
1,Shawnya
8,Shay
3,Shaya
1,Shayana
1,Shayden
1,Shaydi
1,Shaydix
1,Shaye
7,Shayla
1,Shayla-May
2,Shaylee
1,ShayLee
1,Shayleen
1,Shaylynn
1,Shaymaa
5,Shayna
1,Shayne
6,Shea
1,Shea-Lynn
3,Sheena
1,Shefali
1,Sheianne
1,Sheila
1,Sheine
1,Shekina
5,Shekinah
1,Shelbi
4,Shelby
1,Shelly
1,Shelou
1,Shelumiel
1,Shenann
1,Shenayah
1,Sheng
1,Sherae
1,Sherah
1,Sherann
2,Sheridan
1,Sherifa
1,Sheriff
1,Sherilyn
1,Sherrin
1,Sherrina
1,Sherrizah
1,Sherry
1,Sherylyn
1,Shevi-Lynn
1,Shevy
1,Sheyda
1,Sheylee
1,Sheyrell
1,Shifa
1,Shikha
1,Shilo
8,Shiloh
1,Shilynn
1,Shin
1,Shine
1,Shiori
1,Shira
5,Shirley
1,Shivani
1,Shivi
1,Shiyan
2,Shiza
1,Shonaya
1,Shoshana
1,Shravya
1,Shrestina
3,Shreya
1,Shristi
1,Shriya
1,Shubhreet
1,Shubreet
1,Shuhan
1,Shuhua
1,Shukrana
1,Shukri
2,Shyanne
1,Shyenne
5,Shyla
1,Shylah
1,Shylee
1,Shylyn
1,Shyna
1,Sia
1,Sian
1,Siany
1,Siarra
3,Sidney 
1,Sidonie
1,Sidra
2,Sidrah
1,Sidratal-Muntaha
1,Sieana
6,Siena
1,Sienna
1,Sienna-Lou
1,Sierra
1,Sierra-Lynn
1,Sifat
1,Sifi
1,Sifora
1,Siftia
1,SiHaam
1,Sihaam
1,Siham
1,Sila
2,Silvana
9,Silver
1,Silvi
2,Silvia
1,Silvie
1,Sima
1,Simar
2,Simarpreet
1,Simbran
1,Simer
1,Simona
6,Simone
1,Simra
1,Simrah
1,Simran
3,Simrat
1,Simreet
1,Simrin
1,Sina
1,Sinai
1,Sinan
1,Sinayah
1,Sindal
1,Sinéad
1,Sinesipho
1,Sinopa
2,Siobhan
1,Siobhán
1,Sirat
1,Siraya
1,Sireen 
1,Sirenity
1,Siri
1,Sisaundra
1,Sisi
1,Sitarra
1,Sivkan
1,Sixx
2,Siya
1,Siyam
1,Siyonna
1,Siyu
2,Skarlett
2,Sky
4,Skye
1,Skyelar
1,Skyla
5,Skylar
1,Skylee
1,Sky-lee
1,Skyleen
1,Skyleigh
0,Skyler
1,Skyler-Joyce
1,Skylie
1,Skylin
1,Skylyn
1,Skylynn
1,Slma
4,Sloan
6,Sloane
1,Sneh
1,Sneha
2,Snow
1,Sobha
1,Sofhia
5,Sofia
6,Sofie
2,Sofija
1,Sofy
1,Soha
2,Sokhna
1,Sol
1,Solana
1,Solanah
2,Solara
1,Solé
1,Soleiya
1,Solena
1,Soley
6,Soliana
1,Solie
1,Solikha
1,Solin
1,Soliyana
1,Solomia
1,Solomiya
2,Solyana
1,Somaya
2,Sonam
1,Sonaya
2,Sonia
2,Sonja
2,Sonya
1,Sookie
1,Sophee
1,Sophelia
0,Sophia
1,Sophia-Alice
1,Sophia-Angela
1,Sophiah
1,Sophia-Lynn
1,Sophia-Maria
1,Sophie
1,Sophie-Marie
2,Sophiya
1,Sora
1,Soraiya
5,Soraya
1,Sorcha
1,Soriya
1,Soula
1,Sparkle
2,Sparrow
7,Spencer
1,Spriha
1,Spring
2,Spruha
1,Srinithi
1,Sriprada
1,Srishti
1,Sriya
2,Stacey
1,Stacie
1,Stanleen
1,Starla
1,Starlyng
1,Starlynn
1,Starr 
1,Starra
2,Stassi
1,Staylee
1,Stela
1,Stella
1,Stella-Lynnae
1,Stephania
7,Stephanie
1,Stephanina
1,Stephenie
1,Sterling
1,Sterlyng
2,Stevie
3,Stirling
2,Storm
2,Story
1,Stuti
1,Suhaila
1,Suhani
1,Suhanna
1,Sujoud
1,Sukayna
1,Sukhjot
1,Sukhleen
2,Sukhmani
1,Sukhnoor
1,Sulekho
1,Sullivan
1,Sul-Rin
2,Sumaiya
1,Sumatt
5,Sumaya
1,Sumayah
1,Sumayo
1,Sumehra
2,Sumeya
1,Sumeyra
1,Sümeyye
1,Sumiaya
0,Summer
1,Summerlee
1,Summer-Lee
1,Summerly
1,Summer-Sage
1,Sunaina
1,Sunaira
3,Sundus
1,Sunniva
4,Sunny 
1,Surani
2,Suraya
1,Suri
1,Surili
1,Surveen
3,Susan
4,Susana
4,Susanna
2,Susannah
4,Susie
1,Susy
5,Sutton
1,Suzan
1,Suzanna
3,Suzanne
1,Suzette
1,Suzie
1,Suzy
1,Svara
2,Svea
1,Syaffa
1,Syann
1,Sybal
1,Sybella
2,Sybil
2,Sydnee
3,Sydney
1,Sydni
1,Sydnie
1,Sydniee
4,Syeda
1,Syeira
1,Syirsha
1,Sykora
1,Sylar
1,Sylver
6,Sylvia
7,Sylvie
1,Symmone
1,Symphany
1,Symphony
1,Syndrelle
1,Synthia
1,Syrah
1,Syrena
1,Syrene
1,Tabea
2,Tabitha
1,Tae-Chanel
1,Taehee
1,Taelor
2,Taelyn
2,Taeya
1,Tafadzwa
1,Tahiya
2,Tahlia
1,Taitlin
2,Taiya
1,Tajuana
1,Takarah
7,Tala
1,Talaiya
1,Talara
1,Talayna
1,Taleah
1,Taleaha
2,Taleen
1,Taleigha
1,Talen
1,Talena
6,Talia
1,Talía
3,Taliah
1,Taliah-Nyabel
1,Talimia
1,Taline
3,Taliyah
1,Tallulah-Rae
1,Talya
1,Talyah
1,Talyssa
2,Tamar
4,Tamara
1,Tamarah
1,Tamaris
1,Tameza
1,Tamika
2,Tamina
1,Tamiya
4,Tamsin
1,Tamzen
1,Tanash
2,Tanaya
1,Tanayah
1,Taneesha
1,Tanes
3,Tanisha
1,Tanisi 
1,Tanreet
1,Tansi
3,Tanvi
3,Tanya
1,Taqwa
8,Tara
1,Taraoluwa
1,Taren
1,Tarryn
1,Tarveah
6,Taryn
1,Tashlynn
2,Tasia
3,Tasneem
1,Tasnem
2,Tasnim
1,Tasnime
1,Tate
1,Tatenda
7,Tatiana
1,Tatjana
4,Tatum
3,Tauriel
1,Tava
1,Tavaya
1,Tavery
1,Tavia-Ann
3,Taya
1,Tayabba
5,Tayah
1,Tayahna
1,Tayezlin
1,Tayhlen
3,Tayla
1,Taylah
1,Taylan
3,Taylee
1,Tayleigh
1,Taylin
3,Taylor
1,Taylyn
1,Tayrn
1,Tayshen
1,Taytum
2,Tayva
1,Tazim
8,Teagan
3,Teagen
1,Téah 
1,Teanna
1,Teara
1,Tearyn
1,Tearza
1,Tecna
1,Teddy
2,Teegan
1,Teeka
1,Teely
1,Teena
1,Teeya
0,Tegan
1,Tegbir
1,Teghji
1,Tehlaya
2,Tehya
1,Tejvir
1,Teliandra
1,Temar
1,Temidola
1,Temiloluwa
1,Teminiolaoluwa
2,Temperance
1,Teneel
2,Tenelle
1,Tenir
1,Tenleigh
9,Tenley
1,Tenly
2,Tennessee
2,Tennesy
1,Tensley
2,Tenzin
1,Teqwa
1,Teraleigh
3,Teresa
1,Tereza
1,Terissa
1,Terra
1,Terri
1,Terrynn
1,Tesla
1,Teslyn
6,Tess
3,Tessa
1,Tessalyn
1,Tessanne
1,Tessla
1,Tesslene
1,Tetra
1,Tevia
2,Teya
1,Teyan
2,Teyla
1,Thai-An
1,Thaina
1,Thais
3,Thalia
0,Thea
1,Theda
4,Theia
1,Thelma
1,Theo
1,Theodora
3,Theresa
2,Therese
1,Thérèse
1,ThetRa
1,Thien
1,Thora
1,Thu
1,Thumbelina-Jane
1,Thuraya
8,Tia
1,Tiahnna
7,Tiana
7,Tianna
2,Tiara
1,Tiauna
1,Tiaunna
1,Tienna
1,Tierney
1,Tierra
4,Tiffany
1,Tiffany-Grace
1,Tiger-Lily
1,Tiianna
1,Tijhana
1,Tila
1,Tileah
1,Tilley
1,Tilly
1,Tillya
1,Timmohyeh
8,Tina
1,Tinir
1,Tinsae
1,Tion 
1,Tirza
1,Tisha
1,Tiva
2,Tiyana
1,Tmnit
1,Tobia
1,Tobyn
1,Toluwalogo
1,Tomi
1,Tomilola
1,Tommi
2,Toni
1,Tonisha
1,Tora
2,Torah
1,Toren
6,Tori
1,Toriana
1,Torrah
1,Torryn
1,Tory
1,Tova
1,Tovi
1,Toyin
1,Toyyibah
3,Tracy
1,Traeh
1,Traya
1,Treasure
1,Treazure
1,Treena
1,Treowyn
1,Tressie
1,Treyya
1,Trezlyn
1,Triana
1,Trimoye
1,Trinidad
1,Trinidy
0,Trinity
1,Trinity-Ann
1,Tripat
1,Tris
3,Trisha
2,Trista
1,Tristen
1,Tristyn
1,Trixia
2,Trixie 
6,Trudy
1,Trystan
1,Tselmuun
2,Tsion
1,Tuesday
1,Tugba
1,Tukira
1,Tvishi
1,Twinkle
1,Tyah
1,Tyanna
1,Tyleisha
1,Tylen
1,Tyler
1,Tylie
3,Tyra
1,Tyzaya
1,Ubah
1,Udia
1,Uetuesapi
1,Ugochi
1,Ujin
1,Ulothando
1,Ulyssa
1,Umaiza
1,Umaya
1,Umika
1,Umme-Haani
2,Una
1,Uningandu
3,Unique
1,Uniquee
1,Unomuinjo
1,Uriapehe
1,Urji
2,Ursula
1,Uyai
1,Vaani
3,Vada
1,Vagisha
1,Vaida
1,Vaigha
1,Vaila
1,Vaishno
1,Vale
3,Valentina
7,Valeria
8,Valerie
1,Valérie
1,Valery
1,Valkyrie
1,Vallée
1,Vando-Vandu
1,Vanesa
2,Vanessa
1,Vannah
1,Vanriel
1,Varya
1,Vasilisa
1,Vassa
2,Vaughn
1,Vayahden
2,Vayda
2,Veda
1,Veedhi
1,Veerat
1,Veira
1,Velair
1,Velaria
1,Venice
1,Venus
4,Vera
1,Verah
1,Vermond
1,Vernie
4,Veronica
3,Veronika
1,Véronique
1,Vesa
3,Vesper
1,Vhia
2,Viana
1,Vianne
1,Vianney
1,Via-star
1,Vibha
7,Victoria
1,Victoria-Lily
1,Victory
2,Vida
1,Vidya
6,Vienna
1,Viennah
1,Vienne
2,Viera
4,Viktoria
1,Vimbai
1,Vina 
1,Vincci
1,Vinoruveze
1,Vinuki
5,Viola
1,Violet
1,Violette
1,Viona
2,Virginia
1,Vishva
1,Vista
3,Vita
1,Vitalia
1,Vitaline
1,Vittoria
1,Vivi
6,Vivian
1,Viviana
1,Viviane
1,Vivianna
1,Vivianne
1,Vivica
1,Vivien
1,Viviena
8,Vivienne
1,Vlera
1,Vogue
1,Vrindha
1,Vy
1,Wadik
1,Wafa
1,Wahpan-ah-chak
1,Wailisser
1,Wakely
1,Walentyna
1,Waliya
1,Waliyah
1,Wallace
1,Wancong
1,Waniya
1,Wasihkwaw
1,Waverley
1,Weanita
1,Wednesday
2,Wendy
1,Wenepai
1,Whisper
7,Whitney
1,Wichardy
1,Wieler 
1,Wiktoria
2,Wilhelmina
2,Willa
0,Willow
1,Willow-Leigh
1,Windsor
1,Windy
1,Wing
2,Winifred
3,Winnie
1,Winnifred
1,Winsley
2,Winter
1,Worishmina
1,Wrayan
1,Wren
1,Wylic
1,Wynn
2,Wynne
4,Wynter
1,Wynter-Rose
1,Wynter-Skye
1,Xaivia
1,Xandrea
1,Xandria
1,Xanvia
1,Xavia
1,Xayleena
1,Xeana
2,Xena
1,Xeni
1,Xenia
1,Xiana
1,Xiangfei
1,Ximena
2,Xiomara
1,Xueying
1,Xuri
2,Xyla
1,Xyleah
1,Xyres
1,Xzandrea
1,Y
1,Ya'arah
1,Yael
1,Yagmur
1,Yalda
1,Yamnah
1,Yan
2,Yana
1,Yanchen
4,Yanet
1,Yanna
1,Yannisha
1,Yanzi
1,Yao
4,Yara
1,Yarah
3,Yaretzi
1,Yarra
1,Yashdeep
1,Yashika
1,Yashri
1,Yashvi
1,Yasin
5,Yasmeen
4,Yasmin
3,Yasmina
5,Yasmine
1,Yasna
1,Yassim
1,Yassmin
1,Yassmine
1,Ye
1,YegAneh
1,Yeisha
1,Yelda
1,Yera
1,Yerin
1,Yijing
1,Yilia
1,Yimei
1,Ying-Ci
1,Yiskah
1,Yizhen
1,Yllavie
1,Ylleona
1,Yohana
1,Yohanna
3,Yolanda
1,Yoon
1,Yoon-A
2,Yordanos
1,Yorkabel
1,Yosaan
1,Younha
1,Youra
1,Yrianne 
1,Ysabel
3,Ysabella
6,Ysabelle
1,Yuhan
2,Yulia
1,Yully
3,Yuna
1,Yunjean
1,Yuragi
6,Yusra
1,Yuvleen
1,Yvette
3,Yvonne
1,Yza
1,Yzabel
2,Yzabella
1,Yzabelle
1,Yzah
1,Zaab
1,Zaara
1,Zaarin
1,Zada
1,Zadee
1,Zafrina
1,Zahara
1,Zahlandra
4,Zahra
2,Zahraa
1,Zahra'a
1,Zahrah
1,Zaida
1,Zaidee
2,Zaina
1,Zainab
1,Zainah
1,Zairah
1,Zakia
1,Zalika
1,Zalynn
1,Zamirah
1,Zamzam
1,Zanaa
1,Zandrine
1,Zanyiah-Rae
1,Zaphira
8,Zara
3,Zarah
1,Zaraya
1,Zarayla 
4,Zaria
2,Zariah
1,Zarianna
1,Zarra
1,Zaryn
1,Zaya
1,Zaya-lee
2,Zayda
1,Zaydee
1,Zaydee-Lynn
2,Zayla
1,Zaylan
2,Zayna
5,Zaynab
1,Zaynah
1,Zayneb
1,Zaysha
1,Zealyn
1,Zee-Anna
3,Zehra
1,Zeia-Isabelle
1,Zeina
2,Zeinab
1,Zeisha
2,Zelda
1,Zellah
1,Zendaya
1,Zendeya
1,Zenechka
1,Zenta
1,Zenub
1,Zenya
1,Zenyn
1,Zephy
1,Zephyra
1,Zeplynn
1,Zereda
1,Zereen
1,Zerina
1,Zerreina
1,Zeta
1,Zethandra
1,Zeyana
1,Zeynep
1,Zhaine
1,Zhanaiya
1,Zhara
1,Zheira
1,Zhi
1,Zhoe
1,Ziah
1,Ziana
1,Zibah
1,Zieneb
1,Zieyeer
1,Zihan
1,Zilke
2,Zimal
1,Zimrah
2,Zina
1,Zinayah
1,Zinzi
1,Zion
1,Zipporah
1,Ziraiah
1,Zisaa
3,Ziva
1,Zixi
1,Zixuan
2,Ziya
1,Ziyi
1,Ziyu
1,Zlata
1,Zoa
4,Zoe
3,Zoé
6,Zoë
1,Zoée
2,Zoey
3,Zoeya
4,Zofia
5,Zoha
1,Zohra
3,Zoie
1,Zola
1,Zona
1,Zongwei
2,Zooey
1,Zophia
1,Zosia
1,Zoya
1,Zozie
1,Zubia
1,Zuha
1,Zuhour
1,Zulema
3,Zunairah
5,Zuri 
1,Zuria
1,Zuriel
1,Zurielle
1,Zyanah
1,Zyanya
1,Zyesha
3,Zyla
1,Zylene
2,Zyna
2,Zyra