1,Aadhana
1,Aadhya
1,Aadila
1,Aaditri
1,Aadrika
1,Aadya
1,Aafiya
1,Aahana
1,Aaicha
1,Aaiishah
1,Aaila
3,Aaira
1,Aairah
1,Aaleeyah
1,Aaleyah
2,Aalia
1,Aaliannah
1,Aaliya
26,Aaliyah
1,Aalsa
1,Aamena
1,Aamina
1,Aamira
1,Aamna
2,Aamya
1,Aanoum
1,Aanuoluwa
1,Aanvi
1,Aanvy
6,Aanya
1,Aaradhana
1,Aaradhya
1,Aareeta
1,Aareeth
1,Aarhian
1,Aarika
1,Aariyah
1,Aariyel
6,Aarna
2,Aarohi
2,Aarushi
4,Aarya
1,Aaryn
1,Aarza
1,Aashini
1,Aashka
2,Aashna
1,Aasiyah 1,Aasta
1,Aavya
1,Aayan
2,Aayat
1,Aayema
1,Aayla
1,Aayrah
1,Abaigael
1,Aba-Jeffey
1,Abbegale
3,Abbey
1,Abbeygayl
2,Abbie
4,Abbigail
3,Abbigale
19,Abby
1,Abby-Etia
2,Abbygail
1,Abbygale
1,Abbyrose
2,Abeer
1,Abeera
1,Abella
1,Abenezer
2,Aberdeen
1,Aberianna
1,Abieyuwa
1,Abigaelle
167,Abigail
1,Abigail-Aklilu
1,Abigaile
1,Abigayle
1,Abigiya
1,Abi-Gurl-Arianna-Kendra
2,Abiha
2,Abilene
1,Abir-Samir
1,Abishana
1,Abrassa
1,Abree
1,Abriana
1,Abriella
1,Abrielle
1,Abrik
1,Abrish
1,Absalat
1,Abygail
1,Abynabi 1,Abzeseala
2,Acacia
1,Acadia
1,Acasha
1,Accalia
2,Acelyn
1,Acelynn
1,Acha
1,Achan
1,Achok
1,Acka
10,Ada
1,Adah
1,Adaiah
1,Adair
2,Adaira
1,Adalaine
1,Adalee
2,Adaleigh
1,Adalia
1,Adalida
1,Adalie
2,Adalind
5,Adaline
1,Adalize
19,Adalyn
1,Adalyna
24,Adalynn
1,Adalynne
1,Adama
1,Adan
1,Adanna
1,Adaobi
2,Adara
3,Adau
3,Adaya
1,Addalyn
2,Addalynn
2,Addelyn
1,Addelynn
2,Addie
7,Addilyn
1,Addilynn
2,Addisen
90,Addison
9,Addisyn
3,Addley
1,Addysen
5,Addyson
1,Adeayooluwa
1,Adeena
1,Adejoke
1,Adekunbi
1,Adela
1,Adelade
1,Adelae
1,Adelai
21,Adelaide
2,Adelaine
5,Adele
2,Adèle
1,Adelei
1,Adeleigh
1,Adeleina
1,Adeleine
2,Adelie
6,Adelina
30,Adeline
1,Adeliya
3,Adelle
1,Adellie
1,Adellyn
1,Adelola
1,Adelpha
27,Adelyn
12,Adelynn
1,Aden
1,Aderet
1,Aderyn
1,Adesola
1,Adesua
1,Adhira
1,Adi
2,Adia
1,Adiella-Eva
1,Adilya
1,Adilynn
4,Adina
1,Adison
2,Adisyn
1,Aditi
1,Aditri
1,Adiya
2,Adlee
8,Adley
1,Adlyn 1,Adlynn
2,Adna
1,Adonaëlle
1,Adonna
1,Adora
1,Adoye
7,Adria
10,Adriana
21,Adrianna
1,Adrianne
1,Adriel
2,Adrielle
1,Adrija
1,Adrijana
1,Adrina
1,Adrionna
1,Adut
1,Adwi
1,Aebrielle
1,Aeden
1,Aeisha
1,Aeliana
1,Aely
1,Aenmary
1,Aennsli
1,Aeon
1,Aeowyn
1,Aera
1,Aeralynn
1,Aerielle
1,Aerilyn
1,Aeris
1,Aeryal
1,Aerys
1,Aerysyn
1,Aeva
1,Aevah
1,Aevan
1,Aeveryll
1,Afeya
1,Affelia
1,Affia
1,Afia
1,Afiyah
4,Afnan
1,Afra
1,Afrah
1,Afsa 2,Agamjot
1,Agamya
1,Aganetha
6,Agatha
1,Agau
1,Agnella
3,Agnes
1,Aguilera
1,Ahaana
2,Ahana
1,Ahlam
1,Ahlan-Muktar
1,Ahlena
1,Ahrang
1,Ahuva
1,Aia
1,Aibhlin
1,Aibhlinn
1,Aicha
1,Aichurek
1,Aicy
4,Aida
1,Aidah
1,Aika
4,Aikam
1,Aikaterini
1,Aiknoor
7,Aila
1,Ailee
3,Aileen
1,Ailey
1,Ailie
1,Ailsa
1,Ailyn
2,Aima
3,Aimee
1,Aina
1,Ainara
1,Aine
2,Áine
1,Ainejielle
1,Ainhoa
2,Ainslee
1,Ainsleigh
21,Ainsley
1,Ainsley-Lynn
3,Ainslie
1,Ainslynn
1,Ain-Ul-Haya
3,Aira
1,Airabelle
1,Airam
1,Aireana
1,Airianna
1,Airis
1,Airlie
21,Aisha
1,A'Isha
1,Aishani
1,Aishling
2,Aishlyn
1,Aishmit
1,Aishnoor
1,Aishreet
1,Aishwin
1,Aislin
2,Aislinn
3,Aislyn
3,Aislynn
1,Aissiatou
1,Aisymel
3,Aiva
1,Aivalynn
1,Aiverie
3,Aiya
2,Aiyana
2,Aiyanna
1,Aiyanna-Lily
2,Aiyla
1,Aiyne
4,Aiza
6,Aizah
1,Aizel
1,Ajaana
1,Ajah
1,Ajang
1,Ajok
1,Ajooni
1,Ajudah
1,Akaal
1,Akadya
3,Akeelah
1,Akiera
1,Akiko
4,Akira
1,Akole 1,Akshaya
1,Akshita
1,Akyar
6,Alaa
1,Alabhya
1,Alaijah
15,Alaina
1,Alainna
1,Alaiya
1,Alamelu
8,Alana
1,Alanah
5,Alanna
1,Alanya
2,Alarah
1,Alaryn
1,Alaska
1,Alastair
1,Alastrine
1,Alaura
4,Alaya
6,Alayah
1,Alayiah
12,Alayna
3,Alaynah
5,Alba
1,Albatoul
1,Alberta
1,Alea
6,Aleah
1,Aleandra
1,Aleanna
1,Alearrah
1,Alecksa
1,Aleeah
19,Aleena
1,Aleera
1,Aleesa
2,Aleesha
1,Aleeya
2,Aleeza
1,Alehna
1,Aleida
1,Aleigh
3,Aleigha
1,Aleighcia
1,Aleisha
1,Aleiyah 1,Alejandrina
1,Alek
1,Aleksandra
2,Alena
1,Alera
1,Alerya
1,Alesa
1,Alesha
2,Alessa
6,Alessandra
2,Alessia
2,Aletheia
4,Alex
39,Alexa
1,Alexa-Claire
1,Alexah
1,Alexanderia
49,Alexandra
1,Alexandra-Marie
1,Alexandra-Paige
3,Alexandrea
14,Alexandria
2,Alexi
12,Alexia
2,Alexie
1,Alexine
70,Alexis
1,Alexis-Kristina
1,Alexsa
1,Alexxis
4,Alexys
1,Alexzandria
1,Alfhea
2,Ali
7,Alia
2,Aliah
1,Aliai
3,Aliana
1,Alianna
63,Alice
20,Alicia
1,Aliciana
3,Alida
1,Alie
1,Alijah
1,Alijah-Lynn
1,Ali-Jay
1,Alilah
1,Alimata
22,Alina
1,Alinase
2,Aline
1,Alinna
9,Alisa
2,Alise
10,Alisha
11,Alison
6,Alissa
2,Alissia
24,Alivia
1,Alivienne
1,Alix
12,Aliya
25,Aliyah
1,Aliyah-Muna
2,Aliyana
1,Aliyanna
11,Aliza
2,Alizabeth
1,Alizeh
1,Aljawhara
1,Alkiah
1,Allaili
2,Allaine
1,Allana
1,Allayiah
1,Alleizsa
1,Allena
1,Allia
1,Allicia
13,Allie
26,Allison
1,Alliston
1,Allivia
1,Allura
6,Ally
1,Allyandra
1,Ally-Ann
2,Allyanna
1,Allyria
1,Allysen
2,Allyson
1,Allyza
3,Alma
2,Almaas
1,Alma-Hassan 1,Almas
1,Almeera
1,Almira
1,Alona
1,Alonna
5,Alora
6,Althea
1,Althena
1,Aluhet
2,Alva
1,Alveena
1,Alveera
1,Alvera
2,Alvina
2,Alya
2,Alyana
3,Alyanna
2,Alycia
1,Alycie
1,Alyda
1,Alyenna
1,Alyna
2,Alyse
6,Alysha
2,Alysia
3,Alyson
1,Alyss
54,Alyssa
1,Alyssa-Jane
1,Alyssia
4,Alyvia
1,Alyx
1,Alyxa
1,Amaanat
1,Amaari
1,Amaezly
1,Amaia
1,Amaira
1,Amaka
1,Amakyewaa
4,Amal
1,Amaleigh
7,Amalia
1,Amanat
20,Amanda
1,Amaneh-Zehra
2,Amani
1,Amansia 3,Amar
9,Amara
1,Amarachukwu
3,Amarah
1,Amarazoe
1,Amareigh
1,Amariah
1,Amarie
1,Amarise
1,Amashi
1,Amatul-Karim
16,Amaya
2,Amayah
1,Amayra
1,Amaziah
1,Amazing
21,Amber
1,Amberchloe
1,Amberlee
1,Amberly
1,Amber-lynn
1,Ambriel
1,Ambrin
1,Ambryn
1,Ame
1,Amedie
1,Ameelya
3,Ameera
2,Ameerah
142,Amelia
1,Amélia
6,Amelie
5,Amélie
1,Ameline
1,Amelliana
1,Amen
1,Amera
1,Ameran
1,Amerie
1,Amerika
1,Amery
1,Ameryn
1,Ameya
1,Ami
2,Amia
1,Amiah
1,Amica
1,Amidat
1,Amila
1,Amilea
18,Amina
4,Aminah
16,Amira
4,Amirah
1,Amisha
1,Amita
1,Amitis
1,Amitoj
1,Amiya
3,Amiyah
1,Ammara
3,Amna
1,Amor
2,Amora
1,Amorette
1,Amou
1,Amoura
1,Amoya
1,Amra
2,Amran
5,Amreen
1,Amreena
2,Amreet
3,Amrit
1,Amryn
33,Amy
2,Amya
1,Amyrah
1,Amysha
2,An
9,Ana
1,Anaad
1,Anaah
1,Anaahat
1,Anab
1,Anabel
1,Anabella
4,Anabelle
1,Anabia
1,Anaelle
4,Anahat
1,Anahi
1,Anaiah
1,Anaïs
1,Anaisha
1,Anaiya 1,Anaja
2,Analia
1,Analin
1,Analise
1,Analya
1,Analyn
1,Anam
1,Anamaria
1,Anamika
1,Anampreet
1,Anamta
1,Anand
1,Anant
1,Ananya
1,Anarchy
1,AnaSophia
26,Anastasia
1,Anastazia
1,Anasten
25,Anaya
2,Anayah
1,Anceline
1,Andella
6,Andi
5,Andie
1,Andorra
17,Andrea
1,Andréa
1,Andreya
2,Andria
1,Andrianah
1,Andylynn
1,Aneeka-Angela
1,Aneel
1,Aneesah
1,Aneha
1,Anfa
1,Anfal
1,Angaline
1,Angar
1,Angeir
16,Angel
24,Angela
1,Angela-Bright
1,Angèle
1,Angeleah
1,Angelee
1,Angelia 4,Angelica
1,Angelie-Sophie
1,Angélik
3,Angelika
8,Angelina
2,Angeline
1,Angelique
1,Angel-Keala
1,Angelyne
2,Angie
1,Anhad
2,Ani
6,Ania
1,Aniah
1,Aniaha
2,Anica
1,Anicca
1,Aniela
20,Anika
1,Anila
1,Anique
1,Anisa
1,Anise
2,Anisha
1,Anissa
2,Aniston
2,Anistyn
4,Anita
2,Aniyah
3,Anja
1,Anja-Eve
2,Anjali
1,Anjolaoluwa
1,Anmol
3,Ann
94,Anna
1,Anna-Angela
6,Annabel
2,Annabell
6,Annabella
2,Anna-Bella
41,Annabelle
3,Annabeth
1,Annaka
1,Anna-Kate
1,Annalae
1,Annalee
1,Annaleigh
1,Anna-Leigh
1,Annalette
1,Annalie
3,Annaliese
7,Annalise
2,Annalyn
1,AnnaLynn
1,Anna-Lynn
1,Anna-Maria
1,AnnaMarie
1,Anna-May
1,Annant
1,Annara
1,Anna-Sky
1,Annasophia
1,Annastin
1,Annastyn
1,Annataakii
1,Annayancy
2,Anne
1,Anneke
1,Annelief
1,Annelies
7,Anneliese
3,Annelise
2,Anne-Marie
1,Annetta
2,Annette
1,Annia
18,Annie
1,Anniemarie
22,Annika
1,Annimea
2,Anniston
2,Annistyn
1,Anniva
1,Annliya
1,Ann-Marie
1,Anny
1,Annyka
1,Anoop
1,Anora
1,Anorah
1,Anoushay
2,Anshi
1,Anshu
1,Ansley
1,Anslynn 1,Antara
1,Antaris
1,Anthea
3,Antonella
3,Antonia
1,Anubha
1,Anungoo
1,Anuoluwapo
3,Anureet
1,Anushka
1,Anushri
2,Anvi
1,Anwita
1,AnXue
21,Anya
1,Anyieth
1,Aoibhínn
5,Aoife
1,Apaarjeet
1,Apet
1,Apphia
12,April
1,Aquaida
1,Aqueela
1,Aquila
1,Aquilia
1,Aquinnah
6,Ara
23,Arabella
3,Arabelle
1,Aradene
1,Aradhana
1,Aradhya
1,Arafah
1,Araina
1,Araiya
1,Aralia
1,Aralina
1,Araluen
1,Aralyn
1,Arantza
1,Araoluwa
2,Arasta
9,Araya
2,Arayah
1,Araynia
1,Arba
1,Arcadia 1,Archa
1,Archer
3,Arden
1,Areeba
1,Areen
1,Areia
1,Arelie
1,Arella
1,Ares
1,Aresema
1,Arey
1,Areya
3,Ari
134,Aria
1,Aría
1,Ariadna
1,Ariadne
6,Ariah
2,Ariam
1,Arian
42,Ariana
1,Ariana-Elise
1,Arianda
1,Ariane
1,Arianell
1,Ariann
47,Arianna
1,Ariannah
6,Arianne
1,Arianni
1,Arianny
1,Aria-Zade
1,Arie
1,Arieana
1,Arieanna
32,Ariel
2,Ariela
9,Ariella
10,Arielle
1,Arienne
2,Arina
2,Arisha
1,Arissa
1,Aristeia
1,Aristelle
7,Ariya
4,Ariyah
1,Ariyanna
2,Arizona
1,Arleen
2,Arlene
1,Arleta
1,Arlette
1,Arley
1,Arlianna
1,Arlington
1,Arlo
1,Arlyss
1,Arnica
2,Arnika
1,Aroha
1,Arohi
1,Aroosh
1,Arora
2,Aroura
1,Aroush
3,Arpan
1,Arpita
1,Arralyssa
1,Arras
1,Arraya
1,Arriane
1,Arsaima
2,Arsema
1,Arshia
1,Arshiya
1,Arshnoor
3,Artemis
1,Arun
2,Arushi
1,Arveen
1,Arvella
1,Arvilla
4,Arwa
4,Arwen
2,Arwyn
2,Arwynn
36,Arya
2,Aryah
2,Aryam
4,Aryana
4,Aryanna
1,Aryiah
1,Arynn
1,Aryoni
1,Arzoie 1,Arzoo
1,Arzu
1,Asa
1,Asalia
1,Aseel
3,Asees
1,Ash
3,Asha
2,Ashanti
1,Ashauna
1,Ashbah
1,Ashees
1,Asher
1,Ashika
3,Ashlee
1,Ashleen
1,Ashleigh
23,Ashley
16,Ashlyn
4,Ashlynn
1,Ashlynne
1,Ashmi
1,Ashna
1,Ashreet
2,Ashton
3,Ashtyn
1,Ashvir
1,Ashvita
2,Asia
1,Asil
1,Asisjot
1,Asiya
1,Asiyah
1,Askja
5,Asma
2,Asmaa
2,Asmahan
1,Asmi
1,Asmita
17,Aspen
2,Aspyn
1,Asra
1,Assira
1,Assita
1,Assouan
1,Astoria
1,Astraijah
1,Astrea 5,Astrid
1,Asumi
1,Aswan
2,Asya
1,Atareh
1,Atashka
1,Ateet
1,Atessa
1,Atéya
1,Athalia
1,Athanasia
1,Athasca
1,Athelia
37,Athena
1,Athena-Lynn
1,Athiang
1,Atika
1,Atilade
1,Atiya
5,Atlee
1,Atley
1,Atong
1,Attica
34,Aubree
1,Aubree-Anna
83,Aubrey
3,Aubri
1,Aubrianna
1,Aubrianne
7,Aubrie
1,Aubriella
3,Aubrielle
1,Aubry
1,Aubryn
1,Aubrynne
1,Audey
1,Audie
1,Audina
1,Audrea
75,Audrey
1,Audriana
2,Audrianna
1,Audrie
4,Audrina
8,August
2,Augustine
1,August-Love
1,Aunna
5,Aura
1,Aurea
9,Aurelia
1,Aurélia
1,Auri
2,Auria
1,Auriella
1,Aurielle
81,Aurora
1,Aurorah
1,Aurya-Lynn
1,Austen
1,Austin
3,Austyn
1,Auttumn
67,Autumn
202,Ava
2,Avacyn
1,Avacynn
1,Avaeah
3,Avah
1,Avaiah
1,Avalanna
1,Avalea
1,Avalee
2,Avaleen
1,Avalei
2,Avaleigh
1,Avaley
1,Avalina
3,Avalon
4,Avalyn
5,Avalynn
1,Ava-Lynn
1,Ava-Lynne
1,Ava-Marie
1,Avamira
1,Avangeline
4,Avani
1,Avannah
2,Avanthika
4,Avarie
1,Avarrah
2,Avaya
2,Avayah
1,Aveiah
1,Avelin
1,Avelyn 1,Avemanay
5,Aven
1,Averay
1,Averey
1,Averi
10,Averie
156,Avery
1,Avery-Ann
1,Avery-Lyn
1,Aveyah
3,Avia
6,Aviana
5,Avianna
1,Avica
1,Avielle
1,Avieya
1,Avihe
1,Avila
1,Avily
1,Avilyn
1,Avina
1,Avineet
1,Avinika
1,Avisa
10,Avleen
5,Avneet
1,Avni
1,Avnoor
1,Avonleigh
1,Avory
1,Avra
2,Avreen
1,Avriana
1,Avrie
1,Avrielle
1,Avrièlle
1,Avrry
2,Avry
1,Avy
1,Avyanna
1,Avyna
1,Awak
1,Awtumn
1,Axell
10,Aya
1,Ayaana
12,Ayah
4,Ayak 1,Ayaka
1,Ayako
1,Ayan
4,Ayana
1,Ayanah
3,Ayanna
2,Ayat
1,Aybike
1,Aydalee
1,Ayeisha
2,Ayela
1,Ayelet
14,Ayesha
2,Ayeza
1,Ayjohnay
58,Ayla
2,Aylah
1,Ayla-Marie
2,Ayleen
1,Aylen
1,Ayley
5,Aylin
1,Aylina
1,Aynslee
1,Ayobami
4,Ayra
1,Ayrian
1,Ayse
1,Aysha
1,Aysia
1,Ayslin
1,Ayton
1,Ayuen
1,Ayulo
1,Ayumi
1,Ayushma
5,Ayva
2,Ayvah
1,Ayza
1,Ayzah
1,Azaeleah
1,Azaira
2,Azairia
5,Azalea
3,Azalia
1,Azara
1,Azaria
3,Azariah
1,Azayla
1,Azaylia
1,Azayliah
1,Azelie
1,Azhaar
1,Azka
2,Azlynn
3,Azra
1,Azriela-Chakupewa
1,Azure
1,Baaba
1,Baby
1,Bacha
1,Baelyn
1,Baeya
1,Baharan
1,Bahja
1,Bahto
5,Bailee
19,Bailey
1,Balsam
1,Balssam
2,Baneet
3,Bani
1,Bao
2,Barbara
1,Barbra
1,Bareen
2,Bareera
2,Barleen
1,Baruna
1,Bashir
1,Basmala
1,Batia
1,Batoul
1,Bavleen
2,Baya
2,Bayan
1,Baydan
1,Baylee
1,Bayley
1,Baysa
1,Bayyina
3,Bea
1,Beata
1,Beathani
10,Beatrice
4,Beatrix 2,Beau
2,Beautifull
2,Becca
1,Becka
2,Beckett
1,Becky
1,Behati
1,Behnaz
1,Beia-Kasydi
2,Belen
1,Belén
32,Bella
1,Bella-Lee
3,Bellamy
4,Belle
1,Belonna
2,Benita
1,Benji
1,Ben'Leiya
1,Bentlee
1,Bentleigh
9,Bentley
1,Berea
1,Berkeley
2,Berklee
3,Berkley
1,Berklie
1,Berlin
4,Berlyn
1,Berlynn
1,Bernadette
4,Bernice
1,Bertha
1,Betania
1,Betanya
1,Betel
6,Beth
1,Bethanny
20,Bethany
5,Bethel
1,Bethelina
1,Bethlehem
1,Betselot
2,Betty
4,Betul
2,Beverly
1,Bexley
1,Beyza 1,Bhanvi
1,Bhavya
1,Bhyllie
1,Biak
11,Bianca
1,Bianka
1,Biftu
1,Biiftuu
1,Bijou
2,Bilan
1,Bilen
4,Billie
1,Billie-Jean
1,Birkley
1,Bissan
1,Bissie
1,Bitania-Tesfalem
1,Bitanya
1,Bitanya-Shishai
1,Black-Feather
1,Blaikley
1,Blaine
9,Blair
9,Blaire
1,Blaise
1,Blaize
26,Blake
1,Blakeleigh
1,Blakeley
28,Blakely
1,Blakelyn
2,Blanka
2,Blayke
1,Blayne
1,Blaze
1,Blen
1,Bless
1,Blessia-Breah
6,Blessing
1,Blessinn'
2,Blossom
3,Blythe
2,Bo
1,Bobbi
1,Boluwatife
3,Bonnie
1,Bonse
1,Bonsitu
2,Boston
1,Bostynn
1,Bozena
1,Bradlee
2,Bradley
1,Bradlyn
1,Braedy
1,Braelin
13,Braelyn
5,Braelynn
1,Braeya
1,Brahmnoor
1,Brailynn
1,Brakelynn
1,Brandee
2,Brandi
1,Brandy
1,Branwen
1,Braylah
4,Braylee
1,Braylei
1,Brayleigh
2,Brayley
1,Braylin
1,Braylyn
4,Brea
1,Breana
6,Breanna
3,Breanne
12,Bree
1,Breeann
2,Breeanna
1,Bree-Anna
2,Breelyn
1,Bree-Lynn
1,Breitling
1,Brelynn
1,Brena
1,Brenette
7,Brenna
1,Brennyn
1,Breslin
1,Breslyn
1,Brett
1,Brette
1,Brexli
3,Breya
1,Breylin 1,Breylyyn
1,Bri
10,Bria
1,Briah
4,Briana
22,Brianna
4,Brianne
20,Briar
1,Briar-Lynn
1,Bríd
9,Bridget
1,Bridgett
6,Bridgette
1,Bridgit
1,Bridle
5,Brie
16,Briella
68,Brielle
1,Brielynn
1,Brienna
2,Brienne
1,Brietling
1,Brightyn
1,Brigitte
2,Briley
1,Brilyn
1,Brin
2,Brinlee
26,Brinley
1,Brinlyn
2,Brinn
2,Brinnley
1,Brinnly
1,Brisais
5,Bristol
1,Brit
2,Britain
4,Britney
1,Britney-Monique
1,Britta
1,Brittani
1,Brittany
2,Brittney
2,Britton
1,Brixton
1,Brixtyn
1,Brodie
1,Brody 1,Brogan
1,Bronte
7,Bronwyn
2,Brook
47,Brooke
2,Brookelynn
123,Brooklyn
1,BrookLyn
36,Brooklynn
3,Brooklynne
1,Bryanna
1,Bryar
1,Bryce
2,Bryella
2,Bryelle
4,Brylee
1,Bryleigh
1,Bryley
1,Brylin
4,Bryn
1,Brynja
17,Brynlee
3,Brynleigh
8,Brynley
2,Brynlie
1,Brynlyn
50,Brynn
3,Brynna
1,Brynne
3,Brynnlee
2,Brynnley
2,Brynnly
1,Bryor
1,Brytton
1,Buglem
1,Buhle-Nissi-Melody
1,Bunay
1,Bureqo
1,Burtyn
1,C.J.
1,Caaliyah
15,Cadence
1,Cadnisse
1,Cady
1,Cahlan
2,Caia
1,Caiane
3,Caileigh
1,Cailen
4,Cailin
1,Cailly
1,Cailyn
1,Caira
1,Caireann
1,Caisha
1,Caitie
9,Caitlin
11,Caitlyn
1,Caitlynn
1,Calah
1,Caleigh
22,Cali
1,Caliah
1,Caliana
1,Calico
1,Calilyn
2,Calissa
4,Calista
1,Caliya
7,Calla
1,Callea
1,Callen
1,Calli
34,Callie
1,Calligan
1,Callissa
1,Cally
1,Caman
1,Cambell
1,Cambree
2,Cambria
1,Cambrie
1,Cambriea
2,Camden
2,Camdyn
1,Camélia
1,Camellia
13,Cameron
1,Camerra
12,Camila
7,Camilla
16,Camille
2,Camira
1,Camlyn
1,Cammee
1,Camreen 13,Camryn
1,Camrynn
1,Canaan
3,Candace
1,Candes
4,Candice
1,Canyon
2,Caoimhe
5,Capri
9,Cara
1,Carah
1,Caraline
1,Carianna
2,Carissa
5,Carla
3,Carlee
1,Carlen
1,Carlene
1,Carley
1,Carliana
1,Carlie
1,Carlota
12,Carly
1,Carmel
4,Carmela
2,Carmella
1,Carmely
9,Carmen
1,Carmi
1,Carol
2,Caroleena
1,Carolen
1,Carolina
17,Caroline
2,Carolyn
1,Carolyne
1,Carolynn
2,Carrie
1,Carrie-Anne
1,Carrigan
1,Carrys
1,Carsyn
4,Carter
6,Carys
1,Caryss
1,Casdiel
1,Caselyn
8,Casey 1,Casiana
1,Casie
1,Casiya
16,Cassandra
1,Cassey
2,Cassi
7,Cassia
15,Cassidy
3,Cassie
1,Cassie-Layne
1,Cassity
1,Cassius
1,Cassy
2,Castiel
1,Catalaya
3,Cataleya
3,Catalina
1,Cate
1,Catelyn
1,Catelynn
21,Catherine
3,Cathy
1,Catrina
1,Catriona
1,Cattlaya
1,Caya
1,Cayden
1,Caydence
1,Caydri
1,Cayla
4,Caylee
1,Cayleigh
2,Cayley
1,Caysiah
2,Ceanna
1,Cecelia-Rae
1,Cecile
16,Cecilia
1,Cecilly
5,Cecily
5,Cedar
1,Ceili
1,Celaya
1,Celena
1,Celes
4,Celeste
3,Céleste
2,Celestine
4,Celia
8,Celina
1,Ce'Lina
12,Celine
1,Cemre
1,Ceres
1,Cereza
1,Cerise
1,Cerys
1,Chanae
1,Chanael-Rose
1,Chance
1,Chandice
1,Chandler
1,Chandra
1,Chandria
5,Chanel
3,Chanelle
1,Chanessa
1,Channa
2,Chantal
4,Chantel
7,Chantelle
2,Charis
1,Charisma
1,Charita
2,Charity
13,Charlee
1,Charleen
6,Charleigh
1,Charlene
2,Charlette
14,Charley
1,Charley-Taylor
6,Charli
60,Charlie
1,Charlie-May
4,Charlize
141,Charlotte
1,Charlotte-Marie
3,Charly
1,Charmagne
1,Charmaine
1,Charolette
1,Chase
1,Chasidy
2,Chaya
1,Chayden 1,Chayse
1,Chelayah
30,Chelsea
1,Chelsey
1,Chenelle
1,Chenoa
1,Cherine
2,Cherish
1,Cherokee
1,Chersey
2,Cheryl
1,Chesca
3,Chesney
4,Chevelle
1,Chevelle-Rae
2,Cheyanne
9,Cheyenne
1,Chhaya
1,Chi
1,Chiamaka
3,Chiara
1,Chiletam
2,Chimamanda
1,Chimdi
1,Chinabia
1,Chinaza
1,Ching-Chieh
1,Chinweaku
1,Chioma
1,Chisomaga
1,Chizirimnmaya
1,Chizitara
179,Chloe
6,Chloé
1,Chloe'
1,Chloe-Fay
1,Chloe-May
1,Chloey
1,Chrisheil
1,Chrislynn
2,Christa
1,Christal
1,Christalle
1,Christanel
1,Christian
1,Christiane
1,Christianna
1,Christianne 19,Christina
9,Christine
1,Christine-Angela
1,Christivie
1,Christy
1,Chryana
1,Chucel
1,Chukwukanechetam
1,Chyanne
1,Chyra
3,Ciana
2,Cianna
5,Ciara
1,Ciena
2,Cienna
1,Ciera
3,Cierra
1,Cieseth
1,Cimmeria
2,Cindy
1,Cinnedigh
1,Ciona
1,Cirel
1,Cirhuhirwe
1,Clachies
2,Clair
5,Claira
117,Claire
1,Clairlyn
62,Clara
5,Clare
1,Claret
3,Clarissa
1,Clarisse
1,Clarity
1,Clark
3,Clarke
3,Claudia
1,Clea
1,Clementine
2,Clémentine
2,Cleo
1,Cleobell
1,Cleona
1,Cleopatra
1,Clover
1,Codi
1,Cody-Rae
3,Colbie
1,Colby
1,Coleen
2,Colette
1,Collette
2,Collins
1,Collyns
1,Comfort
1,Connie
2,Constance
5,Cooper
20,Cora
1,Coral
1,Coralee
1,Corali
3,Coralie
3,Coraline
1,Coralynn
1,Cora-Lynn
1,Cora-Mae
5,Cordelia
5,Cori
1,Corinne
1,Corvin
1,Cory
2,Cosette
1,Cosha
1,Costandina
1,Cotomi
1,Coumba
1,Creasy
1,Creedence
1,Creelyn
1,CreeLynn
1,Creelynn
1,Creesha-Lynn
1,Cressida
2,Crimson
1,Cristel
1,Cristiana
1,Cristielaíz
3,Cristina
1,Cruz
1,Cruze
8,Crystal
1,Crystel
1,Cwaka
1,Cyan 1,Cyanna
2,Cyanne
1,Cydney
1,Cyena
1,Cyle
1,Cyndal
4,Cynthia
3,Cyra
1,Cyrhiez
1,Cyrine
1,Cythea
1,Czarina
1,Daanvi
1,Daat
1,Dacia
1,Dacinda
1,Daelynn
2,Daenerys
1,Daeneryz
2,Dafne
7,Dahlia
1,Dahnya
1,Daiea
1,Dailin
9,Daisy
1,DaisyLaine
1,Daisy-Margot
1,Daizey
1,Daizy
1,Dakira
1,Dakoda
8,Dakota
1,Dalayzah
1,Daleela
1,Daleigha
1,Daleyza
2,Dalia
1,Dalila
1,Dalissa
1,Daliza
1,Dallal
4,Dallas
1,Dallee
3,Dally
1,Dallyn
1,Dalton
1,Daman
1,Damaris 1,Damien
1,Damilola
1,Damira
8,Dana
2,Danae
1,Danah
1,Danamarie
1,Danaya
1,Danayah
1,Danbi
1,Daneah
1,Danelle
6,Dani
3,Dania
25,Danica
7,Daniela
11,Daniella
24,Danielle
1,Dani-Jette
11,Danika
1,Danika-Lynn
1,Danilynn
1,Danisiya
1,Danity
1,Daniya
1,Daniyah
2,Danna
1,Dannan
1,Danni
2,Danya
1,Danyelle
14,Daphne
1,Dara
2,Darby
1,Darci
1,Darcie
1,Darcie-Jean
1,Darcy
2,Daria
2,Darian
1,Darianna
1,Darina
1,Darlah
1,Darleen
4,Darlene
1,Darlyn
1,Darpan
1,Darrianna
1,Darya
1,Daryiel
1,Daryn
3,Dasha
1,Dashia
1,Dasia
1,Davette
1,Davey
2,Davina
1,Davonna
1,Dawn
1,Dawnis
1,Dawnti
1,Dawsin
2,Dawson
2,Dawsyn
1,Dawsynn
2,Daya
1,Dayah
1,Dayana
2,Dayla
1,Daylight
1,Daylin
1,Daylynn
2,Dayna
1,Dayva
1,Dayvoni
1,Dayzah
1,Dazah
1,Dea
1,Deana
1,Deandrea
4,Deanna
1,Dearit
1,Debangshi
1,Debbie
1,Debby
1,Debi
1,Debora
6,Deborah
1,December
1,Declyn
1,Dedar
1,Deegan
2,Deema
3,Deena
1,Deepana
1,Deethiya 1,Deidra
1,Deity
1,Deja
2,Deklynn
1,Delainey
3,Delaney
1,Delara
1,Delayah
1,Delayna
1,Delia
1,Delight
16,Delilah
3,Delina
5,Della
2,Dellina
1,Delma-lee
1,Delnia
1,Delphina
1,Delsie
2,Delta
1,Delylah
1,Demetria
1,Demie
1,Dena
1,Denae
1,Denaysha
1,Denee
1,Deng
1,Denice
1,Denicia
1,Deniela
1,Denika
1,Denikah
1,DeNilyah
4,Denise
1,Deniz
1,Deondra
1,Dereka
1,Desari
1,Deserae
1,Deshay
4,Desiree
1,Destany
1,Destin
2,Destinee
1,Destiney
15,Destiny
1,De'vani 2,Devanshi
1,Devi
1,Devon
1,Devorah
3,Devyn
1,Dexter
1,Dezlynn
1,Dhaanya
1,Dhalyn
1,Dhaniksha
1,Dhanvi
1,Dharmi
1,Dharticha
1,Dhivani
1,Dhivi
1,Dhrisha
1,Dhwani
1,Dhyana
1,Dia
1,Diala
2,Diamond
15,Diana
1,Diana-Milomba
3,Diane
1,Dianna-Kristi
1,Diara
1,Diaraye
1,Diba
1,Diedra
1,Diesinet
1,Dillon
1,Dillynia
1,Dilnoor
1,Dilpreet
1,Dilreet
1,Dilynn
1,Dima
1,Dimyana
1,Dina
2,Dinah
1,Dinara
2,Dior
1,Dioré
1,Dira
1,Diru
1,Divija
1,Divnir
1,Divya
2,Dixie
6,Diya
1,Diyenka
1,Djany
1,Djeneba
1,Doah
2,Dolce
1,Domenic
1,Dominica
1,Dominika
1,Dominique
1,Dona
1,Donatella
1,Donia
1,Donis
1,Dontez
2,Dora
3,Doreen
1,Dorette
2,Doris
2,Dorothea
6,Dorothy
1,Dorra
1,Dorsa
1,Dorsaf
1,Dory
1,Dot
1,Dotti
1,Dottie
1,Drea
1,Dresden
1,Dreshihmei
5,Drew
1,Dreya
1,Driva
1,Drolma
5,Dua
1,Duaa
1,Dunja
1,Durga
1,Durva
1,Dusty
5,Dylan
1,Dysis
1,Eadie
1,Eadyn
1,Eallaf
1,Eana 1,Easton
1,Eastyn
1,Ebany
2,Eberley
2,Ebony
1,Ebubechukwu
5,Echo
1,Eddison
1,Edee-Lynn
1,Edelle
28,Eden
1,Eden-Imani
3,Edie
1,Edina
1,Edison
13,Edith
1,Edna
1,Edom
1,Edwina
1,Edyn
1,Edyth
1,Eera
1,Eeva
1,Eevie
1,Effie
1,Efrata
1,Egypt
1,Ehhuphoe
1,Ehra
2,Eila
1,Eildana
3,Eileen
2,Eilidh
1,Eilish
1,Eiliyah
1,Eilley
1,Eimaan
1,Eimear
1,Einas
2,Eira
1,Eirian
1,Eirwyn
1,Eiryn
1,Eisla
4,Eisley
2,Eiza
3,Ekam
1,Ekamjeet 1,Ekamjot
1,Ekas
1,Ekaterina
1,Ekiza
1,Ekkam
3,Eknoor
1,Ekom
1,Ela
1,Eladah
10,Elaina
3,Elaine
3,Elan
2,Elana
1,Élandra
1,Elanor
1,Elanora
1,Elanur
1,Elayah
3,Elayna
5,Eldana
1,El'Dara
1,Elea
1,Eleana
52,Eleanor
1,Eleanore
1,Eleena
1,Eleiah
1,Elektra
33,Elena
1,Eleni
2,Elenna
1,Elenya
2,Eleonore
2,Eleri
3,Elhana
1,Elhanan
1,Elharia
2,Eli
1,Eliahnna
58,Eliana
1,Eliane
1,Eliani
3,Elianna
1,Elida
1,Elie
1,Elienna
1,Eliette
2,Elif
1,Elijah
1,Elika
3,Elim
1,Elin
5,Elina
1,Eline
1,Elion
3,Eliora
4,Elisa
1,Elisabeta-Emma
6,Elisabeth
1,Elisabeth-Mae
53,Elise
7,Élise
8,Elisha
1,Elishah
1,Eliska
9,Elissa
1,Elisse
1,Elixia
3,Eliyah
25,Eliza
140,Elizabeth
1,Élizabeth
1,Elizabethe
1,Elizabeth-Rose
1,Elizabeth-Tiwaloluwa-Ifeoluwa-Ifetayo
1,Elizah
1,Elizaven
2,Elize
1,Élize
1,Elke
167,Ella
2,Ellah
1,Ellaka
1,Ella-Rose
1,EllaSandra
1,Ellasyn
1,Ellavyne
1,Ellaya
13,Elle
1,Elleah
1,Elleana
1,Elleanor
4,Ellen
1,Ellena
3,Ellery 4,Ellia
9,Elliana
5,Ellianna
86,Ellie
1,Ellie-Mae
3,Elliette
1,Ellin
1,Ellinore
9,Elliot
5,Elliott
2,Elliotte
8,Ellis
1,Ellisa
2,Ellise
1,Ellison
2,Ellisyn
1,Elliya
2,Elliyah
1,Ellory
1,Ellouise
2,Ellta
8,Elly
1,Ellyotte
1,Ellyra
1,Ellyse
1,Elna
1,Elne'
5,Elodie
2,Élodie
1,Elody
1,Eloisa
21,Eloise
2,Eloïse
1,Éloise
1,Éloïse
9,Elora
2,Elowyn
7,Elsa
1,Elsabeth
14,Elsie
1,Elska
2,Elspeth
2,Elva
1,Elvayeh
1,Elya
1,Elyana
1,Elynn
1,Elynor 1,Elysa
6,Elyse
1,Élyse
1,Elysia
2,Elyssa
2,Elyza
1,Elyzbeth
1,Elza
3,Ema
4,Emaan
5,Emalyn
5,Eman
1,Emanuel
1,Emanuele
1,Emarie
2,Emaya
12,Ember
1,Emberlee
1,Emberley
2,Emberly
1,Emeleigh
7,Emelia
2,Emelie
1,Emelina
1,Emeline
1,Emelye
3,Emelyn
2,Emelynn
1,Ememobong
1,Emerald
1,Emeree
4,Emerie
1,Emerlee
1,Emerly
3,Emerlyn
1,Emerra
1,Emersan
22,Emerson
23,Emersyn
1,Emersynn
35,Emery
2,Emery-Lynn
1,Emi
1,Emiko
1,Emileah
5,Emilee
42,Emilia
2,Emiliana
9,Emilie
1,Émilie
1,Emilija
1,Emili-Rae
252,Emily
1,Emilyah
1,Emily-Etta-Lynn
1,Emiri
275,Emma
1,Emmafaye
1,Emma-Grace
1,Emmalee
3,Emma-Lee
2,Emma-Leigh
1,Emmalie
1,Emmaline
8,Emmalyn
1,Emmalynn
1,Emma-Lynn
4,Emmanuella
3,Emmanuelle
3,Emma-Rose
1,Emmary
2,Emme
5,Emmeline
2,Emmelyn
1,Emmerley
6,Emmerson
3,Emmersyn
1,Emmery
1,Emmi
1,Emmie
1,Emmilene
1,Emmlinn
1,Emmry
9,Emmy
1,Emmya
3,Emmylou
1,Emna
1,Emnet
1,Emory
2,Empress
2,Emree
1,Emreen
1,Emrey
2,Emri
1,Emrie
5,Emry 4,Emrys
1,Emslea
1,Emslie
1,Emubamwina
1,Emy
1,Emy-Leah
1,Emylee
1,Emyra
4,Ena
1,Enami
1,Enaya
1,Endza
1,Eniafe
1,Enid
1,Enileda
1,Eniolaoluwa
1,Enioluwa
1,Enioluwada
1,Enkhmargad
2,Enya
1,Enzlee
2,Eowyn
1,Ephrata
11,Erica
3,Ericka
7,Erika
20,Erin
1,Erine
3,Eris
1,Erisha
1,Eriss
1,Erius
1,Erjot
1,Ernstiene
1,Erolyn
1,Erona
1,Erum
1,Erva
1,Erveen
1,Eryka
1,Eryn
1,Esabella
1,Escarleth
1,Esene
1,Eseniya
1,Eseosa
1,Esha
6,Eshaal 1,Eshal
1,Eshani
1,Esila
1,Esma
3,Esmae
1,Esmay
3,Esme
1,Esmé
1,Esmè
2,Esmee
4,Esmée
1,Esmeralda
1,Espen
3,Esperanza
1,Esquire
1,Esra
3,Esraa
1,Esse
2,Essence
1,Essex
1,Essra
1,Essyl
1,Estée
2,Estella
7,Estelle
22,Esther
2,Estrella
1,Ettaline
1,Euandrea
1,Eueides
1,Eulalie
1,Eulla
1,Eumi
6,Eunice
1,Euri
1,Eurie
95,Eva
1,Éva
1,Evah
2,Evalee
1,Evaleigh
1,Evalin
2,Evalina
1,Evaline
4,Evalyn
2,Evalynn
3,Evan
2,Evana
1,Evangalene
3,Evangelina
26,Evangeline
1,Evangéline
1,Evangelyne
2,Evania
1,Evania-Eliza
1,Evanna
1,Eva-Ray
1,Evaya
1,Evdet
21,Eve
1,Eveleen
1,Evelette
1,Eveleyn
1,Evelin
5,Evelina
1,Evella
129,Evelyn
1,Evelyne
1,Évelyne
7,Evelynn
1,Eveneet
1,Evenia
1,Ever
1,Everest
1,Everett
1,Everina
1,Everlea
4,Everlee
10,Everleigh
1,Everlene
10,Everley
1,Everli
3,Everlie
96,Everly
1,Everra
1,Evette
1,Evey
1,Evia
1,Eviana
16,Evie
1,Evra
2,Evreen
1,Evriti
1,Evvie
2,Evy
2,Evyn 1,Evynn
2,Eyael
1,Eyla
1,Ezabella
1,Ezanne
1,Ezaz
1,Ezera
3,Ezmay
1,Ezmy
4,Ezra
2,Ezrah
1,Ezraya
2,Ezri
1,Ezriela
1,Fabrina
1,Fadiah
1,Fadima-Zahra
1,Faduma
1,Faeryn
1,Faerynn
1,Fahima
1,Faina
1,Faiqa
26,Faith
1,Faiya
1,Fajr
1,Falise
7,Fallon
4,Fallyn
1,Falyn
1,Famia
7,Farah
1,Fardous
2,Fardowsa
1,Fareeda
1,Fareedah
2,Farheen
2,Fariha
1,Farisha
1,Farnaaz
10,Farrah
1,Farren
1,Farrukh
1,Faryaal
1,Faryal
1,Faseeha
2,Fatema
1,Fatha 2,Fathi
37,Fatima
1,Fátima
2,Fatimah
1,Fatimatu
1,Fatin
3,Fatma
2,Fatou
1,Fatuma
1,Faustin
1,Favel
1,Favour
1,Fawn
1,Fayana
5,Faye
1,Fayth-Lillian
1,Fayza
1,Fearne
1,Feather
1,Featherly
1,Fedella
1,Fehryn
6,Felicia
17,Felicity
1,Felisha
1,Felwine
1,Felyce
1,Fenan
1,Fenglin
1,Fenix
1,Fenna
1,Fennela-Christina
1,Ferguson
1,Ferris
1,Feryal
1,Feyifoluwa
1,Feyza
2,Ffion
1,Fiadh
1,Fianna
1,Fien
1,Fikir
1,Filicity
1,Filomena
1,Filza
3,Finlay
2,Finleigh
32,Finley
1,Finnleigh
5,Finnley
1,Fiolaoluwa
20,Fiona
1,Firyal
1,Flavia
1,Flavie
2,Fleur
5,Flora
7,Florence
1,Forrester
1,Fotima
1,Fraia
2,France
1,Francella
1,Francelle
10,Frances
9,Francesca
1,Francesca-Ellie
3,Franchesca
1,Francheska
4,Francine
1,Frankee
7,Frankie
1,Frankie-Lee
1,Franz
1,Fraya
1,Freanna
1,Freedom
1,Frelhyn
1,Frenzes
37,Freya
1,Freya-Mea
10,Freyja
1,Freyja-Lucia
2,Frida
1,Friena
1,Friencis
1,Frohar
1,Frozenda
1,Fuchsia
1,Fyha
1,Fynley
1,Fynnigan
1,Fynnlee
1,Fynnleigh
2,Fynnley
1,Fynnli 1,Ga
1,Gabbreyella
1,Gabrelle
12,Gabriela
2,Gabriele
32,Gabriella
1,Gabriellah
36,Gabrielle
1,Gadisse
1,Gaeun
2,Gaia
1,Galeena
1,Galila
1,Galilea
1,Gamameda
1,Ganame
1,Gandom
1,Gannah
1,Garnet
1,Gaudelis
1,Gavi
1,Gayathri
1,Gayle
1,Gazal
1,Geet
1,Gelila
1,Gema-Lee
1,Gemini
18,Gemma
1,Gemmalee
1,Gemma-Lynn
1,Genelia
10,Genesis
1,Geneva
14,Genevieve
3,Geneviève
1,Gentry
58,Georgia
2,Georgiana
2,Georgie
6,Georgina
1,Georgina-Kate
1,Gerri
1,Getruda
1,Ghozlan
15,Gia
1,Giada
1,Gian 1,Giana
11,Gianna
1,Giannah
1,Giannina
1,Gielan
1,Gigi
1,Gilan
5,Gillian
1,Gillianne
4,Gina
1,Ginessa
2,Ginny
2,Giovanna
3,Gisele
8,Giselle
1,Gita
1,Giulia
3,Giuliana
1,Giulianna
12,Gloria
1,Glorianne
2,Glory
3,Goldie
1,Gonul
137,Grace
2,Grace-Anne
1,Gracelin
1,Gracelyan
10,Gracelyn
3,Gracelynn
1,Grace-Lynn
1,Gracen
1,Graceyn
1,Gracia
18,Gracie
1,Gracie-Amber
1,Graciella
1,Gracie-Lynn
1,Gracious-Gift
1,Gracy
1,Grae
3,Gray
2,Graycee
1,Graylin
1,Grayson
1,Graziella
1,Greatta
1,Greda
2,Greer
4,Greta
3,Gretchen
1,Gretl
1,Gretta
2,Grey
1,Greyce
1,Greyden
1,Greyleigh
1,Grier
1,Gulnaaz
2,Guneet
1,Guntaas
1,Guntaj
1,Guntas
1,Gurasees
1,Gurbani
1,Gurkirat
8,Gurleen
1,Gurman
1,Gurmanjeet
1,Gurmannat
1,Gurmehar
1,Gurnaaz
1,Gurnaz
1,Gurneel
1,Gurneet
10,Gurnoor
1,Gurseerat
2,Gurseerit
1,Gursehaj
2,Gursirat
1,Gursiret
1,Guruki
6,Gwen
1,Gwendalyn
1,Gwendalynne
12,Gwendolyn
1,Gwenevere
1,Gwenivere
2,Gwenn
2,Gwenyth
1,Gwyn
4,Gwyneth
1,Gwynne
1,Gyda
1,Gypsy
1,Haadia 2,Haadiya
2,Haajar
1,Haala
1,Habiba
1,Habsa
1,Hadara
1,Hadasah
7,Hadassah
1,Hadassan
3,Haddie
1,Hadessa
3,Hadia
1,Hadisa
2,Hadiya
1,Hadiyah
4,Hadlee
2,Hadleigh
34,Hadley
1,Haedyn
1,Haeleah
1,Haelee
1,Haeleigh
1,Haezel
10,Hafsa
1,Hafsah
2,Hafssa
1,Haifa
8,Hailee
2,Haileigh
85,Hailey
1,Hailie
1,Hailie-Nicole
1,Hailo
1,Hailow
2,Haisley
1,Haizel
1,Hajar
1,Hajer
2,Hajira
1,Hajja
1,Hakyra
1,Halan
2,Haleema
5,Haleigh
1,Haleina
1,Halema
1,Halen
1,Halena 18,Haley
2,Hali
2,Halia
1,Halie
4,Halima
2,Halimo
16,Halle
1,Hallelujah
8,Hallie
3,Halo
1,Halyah
2,Hamda
2,Hamnah
1,Hamona
20,Hana
1,Hanael
1,Hana-Girmay
2,Hanan
1,Hanar
1,Hanasa
1,Haneefah
2,Haneen
1,Haneet
1,Hangaatu
1,Han-Gia
1,Hani
3,Hania
1,Hanifa
5,Haniya
2,Haniyah
1,Hanley
23,Hanna
129,Hannah
1,Hannahbryell
1,Hansika
3,Hareem
1,Harenseine
5,Hargun
1,Hargunn
1,Hargyanreet
1,Harini
1,Harjas
1,Harjash
1,Harjeet
1,Harker
1,Harkirat
1,Harlan
6,Harlee
5,Harleen
3,Harleigh
1,Harlen
12,Harley
2,Harley-Quinn
1,Harli
4,Harlie
1,Harlin
2,Harlo
30,Harlow
2,Harlowe
4,Harlyn
2,Harlynn
10,Harmony
1,Harneet
2,Harneez
4,Harnoor
102,Harper
2,Harper-Rose
1,Harreet
3,Harriet
1,Harseerat
1,Harsheen
1,Harsimar
1,Harsimrat
1,Harsirat
1,Hartlee
1,Hartley
2,Harveen
1,Harvie
1,Hasanat
1,Hasena
1,Hasha
1,Hashini
1,Hasini
1,Hasmik
1,Hasrat
2,Hasset
1,Hasti
1,Hasyasri
1,Hatley
4,Hattie
1,Havah
1,Havan
8,Haven
1,Hawa
1,Hawaya
1,Hawi 5,Haya
1,Hayaat
1,Hayam
6,Hayat
1,Hayat-Fuad
24,Hayden
1,Hayla
1,Haylea
8,Haylee
3,Hayleigh
24,Hayley
1,Hayley-Elizabeth
1,Haylie
1,Haylo
1,Hayslee
1,Hayven
1,Hazal
68,Hazel
1,Hazelle
1,Hazel-Mae
1,Hazely
1,Hazielyn
1,Hazriel
1,Hdeat
1,Heart
1,Heartleigh
7,Heather
3,Heaven
1,Heaven-Lee
5,Heavenly
1,Hebathush
1,Hedaya
1,Heer
35,Heidi
1,Heilly
1,Hejer
1,Hekma
1,Heledana
4,Helen
18,Helena
2,Helga
1,Helina
1,Hellen
1,Heloise
1,Hemen
1,Henesie
1,Henesis
12,Henley 1,Hennessey
2,Hennessy
2,Henrietta
1,Henrriet
1,Hensley
2,Heran
1,Herlyn
1,Herma
3,Hermela
1,Hermella
1,Hermione
1,Hernandez
1,Hershyl
1,Heru-Za-Auset
1,Hesper
1,Hetty
1,Hezekiah
1,Hiam
4,Hiba
1,Hibah
1,Hidaaya
3,Hidaya
1,Hidayah
1,Hiemien
1,Hifza
1,Hilary
1,Hildegard
3,Hillary
1,Hillrary
1,Himani
1,Hind
1,Hira
1,Hirah
1,Hiromi
1,Hirwa
1,Hitjevi
1,Hiva
3,Hiyab
1,Hning
1,Hoda
1,Hodan
1,Hodaya
1,Hodo
2,Holland
1,Holleigh
1,Holley
1,Hollie
1,Holli-Mae
2,Hollis
25,Holly
1,Honesty
2,Honey
3,Honor
1,Honorah
1,Honour
1,Honour-Praise
1,Hooria
1,Hoorieh
21,Hope
1,Horstars
3,Hosanna
1,Howline
1,Hridya
5,Huda
1,Hudson
2,Huldah
1,Humra
1,Hunar
1,Hunny
9,Hunter
1,Huntleigh
1,Huntley
1,Hurain
1,Husay
2,Huxley
1,Iah
1,Iallah
1,Ianne
1,ibTihaal
4,Ida
2,Idil
1,Ifelayo
1,Ifeoluwa
1,Ifeoluwakitan
1,Iffah
2,Ifrah
1,Iha
1,I'keela
3,Ikhlas
1,Ikmanpreet
3,Ikram
1,Ikran
5,Ila
2,Ilana
1,Ilaria
1,Ilda 1,Ileri-Oluwa
1,Illa
1,Illana
1,Illey
1,Illyana
1,Ilona
1,Ilsa
1,Ilwaad
1,Ilyana
1,Ilyria
4,Imaan
1,Iman
7,Imogen
2,Inaara
3,Inaaya
2,Inaayah
6,Inara
1,Inas
6,Inaya
3,Inayah
1,Inayatpreet
1,Indi
3,India
3,Indiana
1,Indianna
5,Indie
1,Indie-Marie
1,Indigo
1,Indra
1,Indreanna
3,Indy
1,Ines
1,Inès
2,Inez
1,Ineza
1,Infiniti
2,Inga
1,Inge
2,Ingrid
1,Inna
1,Inomaza
1,Insaf
1,Inshirah
1,Inza
1,Iola
3,Iona
2,Iqra
6,Ira 1,Iraida
1,Iralynn
7,Ireland
3,Irelyn
1,Irelynd
1,IreLynn
1,Iremide
1,Irena
7,Irene
1,Iret
1,Iretomiwa
1,Irhaa
1,Iriel
3,Irina
17,Iris
1,Irish
1,Iriyana
1,Irsa
1,Isa
1,Isabeau
39,Isabel
2,Isabela
2,Isabell
125,Isabella
1,Isabellah
107,Isabelle
1,Isadora
1,Isatu
1,Isela
1,Ishani
2,Ishanvi
1,Ishbah
1,Ishiko
2,Ishita
1,Ishman
1,Ishmeen
3,Ishmeet
1,Ishnoor
1,Isir
109,Isla
1,Islay
1,Isly
8,Isobel
1,Isobella
4,Isra
1,Israa
1,Israel
1,Israelyn
1,Istabrak
1,Istahil-Abdikarim
2,Iszabella
2,Italia
1,Italya
1,Itisaar
1,Itotemevesho
1,Ivana
1,Ivania
4,Ivanka
3,Ivanna
1,Ivany
1,Ivee
3,Ivie
8,Ivory
1,Ivraz
63,Ivy
1,Ivy-Jane
1,Ivy-Lynn
1,Ivy-Marie
2,Iya
1,Iyaa
6,Iyla
2,Izabel
1,Izabela
19,Izabella
4,Izabelle
1,Izaylah
2,Izel
3,Izzabella
1,Izzabelle
1,Izzah
2,Izzy
1,Ja
1,Jaala
1,Jaan
1,Jaap
1,Jaapchet
1,Jacee
2,Jacelyn
4,Jacey
1,Jaci
1,Jackline
1,Jacklyn
3,Jaclyn
9,Jacqueline
1,Jacquelyn
1,Jacquline 1,Jacyntha
9,Jada
1,Jadayah
33,Jade
1,Jadelyn
4,Jaden
1,Jadenn
1,Jadesola
1,Jadésolá
1,Jadey
1,Jadie
1,Jadyn
3,Jae
1,Jaebrielle
1,Jaeden
1,Jaeley
8,Jaelyn
2,Jaelynn
1,Jaena
1,Jaetana
1,Jaeya
1,Jaeyda
1,Jagger
1,Jahmelia
1,Jahnear
1,Jahvanaè
1,Jahzíelle
1,Jaicee
1,Jaida
3,Jaiden
2,Jaidyn
1,Jaime
2,Jaimee
1,Jaime-Lynn
1,Jaimi
1,Jain
4,Jaina
1,Jaina-Lee
1,Jaine
1,Jaisleen
1,Jaisvin
1,Jaleesa
1,Jalissa
1,Ja'lynn
1,Jalyssa
1,Jameelah
1,Jameerah
1,Jamella 1,Jamesyn
1,Jameya
1,Jami
9,Jamie
1,Jamila
1,Jamillah
1,Jamilyn
1,Jamison
14,Jana
1,Jana-Faye
1,Janah
1,Janay
1,Janaya
1,Janayah
12,Jane
1,Janea
1,Janeen
2,Janella
7,Janelle
1,Janene
6,Janessa
7,Janet
1,Janica
4,Janice
1,Janie
1,Janina
2,Janine
1,Janita
3,Janna
6,Jannah
1,Jannai
1,Jannat
1,Jannilee
1,Janvi
6,Japji
2,Japleen
2,Japneet
1,Japreet
1,Jaren
1,Jase
1,Jasey
1,Jasgun
1,Jash
2,Jasiel
1,Jaskirat
3,Jasleen
1,Jaslyn
1,Jasmanpreet
1,Jasmeen
3,Jasmin
33,Jasmine
1,Jasmit
2,Jasmyn
1,Jasmyne
2,Jasneet
4,Jasnoor
1,Jasper
1,Jasreen
1,Jasreet
1,Jassmin
1,Jaudrey
1,Javeria
1,Jax
1,Jaxlynn
1,Jaxon
4,Jaya
1,Jayanna
1,Jayanne
1,Jayce
8,Jaycee
1,Jaycie
1,Jayd
16,Jayda
1,Jaydah
9,Jayde
9,Jayden
2,Jaydyn
1,Jaye
1,Jayelle
15,Jayla
1,Jayla-Ray
4,Jaylee
1,JayLeen
1,Jayleisa
1,Jaylene
3,Jaylin
3,Jaylyn
4,Jaylynn
1,Jayme
1,Jaymee
3,Jaymie
4,Jayna
1,Jayzelle
1,Jazarah
1,Jazleen
5,Jazlyn 2,Jazlynn
1,Jazmin
7,Jazmine
1,Jazminn
1,Jazmyne
1,Jazveen
1,Jazzei
1,Jazzleen
1,Jazzmyn
1,Jeanan
1,Jeanelle
1,Jeann
3,Jeanne
1,Jeanne-Hope
1,Jedda
1,Jedeiah
1,Jeevat
1,Jehan
1,JéHanne
1,Jeirah
1,Jela
1,Jella
1,Jema
1,Jemie
10,Jemma
3,Jena
1,Jenan
1,Jenavae
1,Jenaya
1,Jeneline
1,Jenelle
1,Jenesis
1,Jenessa
1,Jeneva
1,Jenevieve
1,Jenicca
1,Jenin
1,Jenisha
12,Jenna
2,Jennah
1,Jenna-Lynn
1,Jennessa
1,Jennie
21,Jennifer
5,Jenny
1,Jennyrose
1,Jense
1,Jensen 1,Jeordana
1,Jeraldine
1,Jeramae
4,Jersey
1,Jersey-Lynn
1,Jerusalem
1,Jerusha
1,Jerzey
1,Jerzie-Jay
1,Jesilynn
1,Jeslyn
11,Jessa
1,Jessabelle
1,Jessah
2,Jessalyn
2,Jessi
1,Jessiah
32,Jessica
1,Jessica-Kim
8,Jessie
1,Jessika
2,Jessy
2,Jetta
1,Jeunesse
4,Jewel
1,Jezebel
1,Jezrybel
1,Jhade
3,Jhanella
1,Jhanica
1,Jhanne
1,Jhansirani
1,Jhayden
1,Jhea-Anne
1,Jhoanna
1,Jhyla
1,Jhyllian
3,Jia
1,Jialin
1,Jiana
1,Jianah
1,Jiaqi
1,Jiaxin
1,Jiayu
1,Jihan
4,Jill
12,Jillian
1,Jilliane
1,Jillianne
2,Jillienne
1,Jimena
1,Jimi
1,Jimmy-Lyn
1,Jinal
1,Jing
1,Jingyi
1,Jireh-Immanuelle
1,Jishaa
1,Jitu
1,Jiwoo
1,JLa
1,Joana
1,Joann
15,Joanna
1,Joanne
1,Jobelle
22,Jocelyn
1,Jocelyne
1,Jocelynn
1,Joclynn
1,Jodi
1,Jody
1,Joecee
1,Joelie
1,Joella
7,Joelle
1,Joenel-Lois
1,Johana
7,Johanna
1,Johannah
1,Johanne
1,Johna
1,Jolayne
1,Joleanna
1,Joleen
1,Jolena
6,Jolene
1,Jolenne
5,Jolie
1,Jolie-Bintu
1,Jonalee
1,Jonavie
1,Jonelle
4,Joni
1,Jonnie
2,Jood 1,Jordaine
13,Jordan
1,Jordana
1,Jordelle
1,Jordin
1,Jordis
1,Jordy
31,Jordyn
2,Jordynn
2,Jorgia
1,Jorgia-Lee
2,Jori
1,Jorie
13,Jorja
1,Jornet
1,Josaphinaa
1,Joscelyn
1,Josefa
1,Joselyn
20,Josephine
2,Joséphine
1,Josey
20,Josie
1,Josophia
1,Joud
1,Joumana
1,Jouri
2,Journee
3,Journey
1,Journiee
2,Joury
2,Jovanna
2,Jovi
1,Jovia
4,Jovie
1,Jowana
2,Joy
1,Joyaa
4,Joyce
1,Joy-Grace
1,Juakayta
1,Juan
2,Juanita
2,Jubilee
3,Jude
1,Judi
1,Judiann
1,JudiAnne 7,Judith
14,Judy
1,Juel
1,Juena
5,Jules
76,Julia
2,Juliah
13,Juliana
16,Julianna
8,Julianne
15,Julie
1,Julieana
1,Julie-Anna
1,Julieanne
1,Julien
3,Julienne
12,Juliet
2,Julieta
1,Julieth
14,Juliette
1,Julina
2,Julissa
1,Jullianna
1,Julliette
1,Junaina
17,June
1,Junefer
8,Juniper
5,Juno
1,Jupiter
1,Jupji
1,Jury
1,Jusinta
3,Justice
10,Justina
2,Justine
1,Juwayriyyah
1,Jyllyann
1,Jzeiah
1,Kaavyaa
1,Kabinaya
1,Kabria
1,Kabrie
1,Kacee
7,Kacey
1,Kaci
3,Kacie
1,Kadee
12,Kadence
2,Kadie
1,Kadley
1,Kadra-Arafa
3,Kady
1,Kaede
1,Kaeden
1,Kaedence
5,Kaela
1,Kaeleigh
1,Kaelene
1,Kaeley
1,Kaella
7,Kaelyn
4,Kaelynn
1,Kaelyx
1,Kah
1,Kahepako
1,Kahless
1,Kahli
1,Kahlia
4,Kai
12,Kaia
1,Kaiah-Jaide
1,Kaicey
1,Kaidance
3,Kaidence
1,Kaidyn
3,Kaila
1,Kailah
3,Kailee
1,Kaileesi
1,Kaileigh
12,Kailey
1,Kailiann
1,Kailoni
2,Kailyn
3,Kailynn
1,Kainat
2,Kaira
1,Kairaluchi
1,Kairaluchukwu
2,Kairi
1,Kaiser
1,Kaislee
1,Kaiti
1,Kaitlin
27,Kaitlyn 1,Kaitlynn
1,Kaity
8,Kaiya
1,Kaiyah
1,Kaizlee
1,Kaja
2,Kajsa
1,Kala
1,Kalani-Rose
3,Kalea
3,Kaleah
2,Kaleigh
1,Kalena
6,Kaley
22,Kali
2,Kalia
2,Kaliah
1,Kalianne
1,Kalie
1,Kaliina
3,Kalina
1,Kalissa
3,Kalista
1,Kaliya
2,Kaliyah
1,Kalkidan
1,Kalkldan
2,Kalla
1,Kallah
1,Kallia
12,Kallie
1,Kalliopi
1,Kallista
1,Kally
1,Kalyna
1,Kalyssa
1,Kambree
2,Kameela
1,Kamella
2,Kamila
1,Kamilah
7,Kamryn
1,Kanani
1,Kandra
1,Kanna
1,Kapeyaskowat
1,Kapualeihaliaokumupiko
20,Kara 1,Karah
1,Kareena
5,Karen
1,Karessa
2,Kari
1,Karilyn
8,Karina
1,Karis
1,Karisma
1,Kariss
4,Karissa
5,Karlee
1,Karleena
1,Karley
2,Karli
2,Karlie
1,Karlin
2,Karlina
1,Karlotta
2,Karly
5,Karma
3,Karman
1,Karmeen
1,Karmyn
2,Karolina
1,Karoline
1,Karolyn
1,Karrah
1,Karren
1,Karrington
2,Karsyn
2,Karter
1,Karylle
1,Karyn
1,Karys
1,Kasey
1,Kasey-Hayze
1,Kash
3,Kasha
1,Kashish
1,Kashmaeen
1,Kashvi
2,Kasia
1,Kasidee
1,Kasiya
1,Kaslyn
7,Kassandra
1,Kassi
2,Kassia
7,Kassidy
1,Kassymadison
5,Kataleya
4,Katalina
2,Katana
1,Katani
1,Katanna
6,Katarina
1,Katarzyna
46,Kate
1,Katelin
32,Katelyn
9,Katelynn
1,Katence
3,Kateri
1,Katerie
6,Katerina
2,Kathalia
1,Kathalina
4,Katharina
1,Katharine
1,Katherin
1,Katherina
35,Katherine
2,Katheryn
1,Katheryne
2,Kathleen
14,Kathryn
1,Kathryn-Anne
3,Kathy
1,Kathyanna
1,Kathyrrine
3,Katia
27,Katie
1,Katie-Anne
1,Katniss
8,Katrina
1,Katsia
1,Katy
1,Kavesana
1,Kavin
1,Kavneet
1,Kavreet
3,Kavya
1,Kavyaba
1,Kawrin
3,Kaya 1,Kayah
1,Kayal
1,Kayanna
2,Kaycee
2,Kayci
1,Kaycie
1,Kayda
1,Kayda-Lee
1,Kaydalyn
2,Kaydance
1,Kaydee
4,Kayden
10,Kaydence
1,Kaydenz
1,Kaydi
1,Kaydia-Lee
1,Kaydy
1,Kayean
34,Kayla
1,Kaylah
36,Kaylee
1,Kaylee'
1,Kayleen
1,Kayleena
9,Kayleigh
1,Kaylen
2,Kayley
10,Kaylie
6,Kaylin
1,Kaylyn
1,Kaynee
1,Kaysa
1,Kaysen
1,Kaytlynn
1,Kayze-Leigh
1,Kayzlyn
1,Kazi
1,Kazia
1,Kazley
1,Kazlin
1,Kazlyn
1,Kazzandra
1,KC
1,Kcenia
1,KC-Kendall
2,Kealey
4,Keanna
1,Keaton 1,Keatyn
1,Kedah
1,Kedest
1,Keegan
3,Keeley
2,Keena
1,Keera
3,Keerat
1,Keerthana
1,Keerthisha
1,Keeti
1,Keeva
1,Keeyanna
1,Keighva
1,Keighya
1,Keiko
1,Keilani
1,Keiora
45,Keira
1,Keirah
1,Keiralee
1,Keirra
4,Keisha
1,Kejanna
1,Kekeli
1,Kelaiah
1,Kelby
1,Kelcey
1,Keleah
1,Keleigha
1,Kelina
1,Kelissa
1,Kellie
2,Kelly
2,Kellyn
1,Kelsea
8,Kelsey
1,Kelsey-Naickha
1,Kelsi
1,Kelsie
1,Kemi
1,Kemisha
1,Kena
1,Kenan
2,Kenda
1,Kendahl
3,Kendal
11,Kendall
1,Kendall-Rose
1,Kendelle
1,Kendiss
19,Kendra
3,Kendyl
1,Keneya
1,Kenidi
2,Kenlee
6,Kenley
1,Kenlianne
13,Kenna
1,Kennady
1,Kenne
3,Kennedi
37,Kennedy
1,Kennedy-Ann
1,Kensey
4,Kensi
1,Kensi-Lea
4,Kensington
1,Kenslee
1,Kensley
1,Kenya
1,Kenysha
1,Kenz
4,Kenza
1,Kenzee
9,Kenzi
41,Kenzie
1,Kenzington
2,Kenzlee
1,Kenzly
1,Kenzy
2,Keona
1,Keraj
1,Kerly
1,Kerri
1,Kerrigan
1,Kerrington
1,Kersley
1,Kessaley
1,Keti
1,Ketsia-Melva
2,Keturah
1,Kevanna
1,Kevleen
1,Kevreen
1,Keya 1,Keyana
1,Keyara
1,Keylee
6,Kezia
4,Keziah
1,Kezlynn
1,Khadeejah
1,Khadeja
1,Khadidja
15,Khadija
7,Khadijah
1,Khailie
1,Khaisley-Trishel
1,Khale
1,Khaleeci
5,Khaleesi
1,Khalilah
1,Khaliya
1,Khalyssa
1,Khameron
1,Khate
1,Khawla
1,Khebri
1,Kheevi
1,Kheren
1,Kheyro
1,Khivee
22,Khloe
2,Khloee
1,Khloe-Jade-Marry-ann
1,Khole
1,Khrisha
1,Khryzha
1,Khursand
1,Khushdeep
1,Khushi
1,Khushleen
1,Khushmeet
1,Khushreet
1,Khya
1,Khylin
1,Kiahna
1,Kian
6,Kiana
1,Kianah
9,Kianna
1,Kianne
17,Kiara 1,Kiarah
1,Kiarra
1,Kiauna
1,Kieanna
1,Kiela
1,Kieley
18,Kiera
2,Kierra
1,Kierrah
6,Kiersten
1,Kiesha
1,Kigh
1,Kiley
1,Kim
1,Kimber
2,Kimberley
1,Kimberlie
1,Kimberlly
14,Kimberly
1,Kimberlyn
1,Kimia
1,Kimmy
1,Kimowan
1,Kimreet
1,Kina
1,Kindah
5,Kingsley
1,Kingston
1,Kiniki
2,Kinlee
26,Kinley
1,Kinley-Jean
1,Kinnleigh
1,Kinnley
2,Kinsey
3,Kinslee
44,Kinsley
2,Kinza
1,Kinzie
1,Kinzley
1,Kinzlie
1,Kiona
1,Kiora
1,Kipling
21,Kira
2,Kirah
2,Kiranjot
3,Kirat
1,Kiriakia
1,Kirksteen
3,Kirpa
2,Kirra
3,Kirsten
2,Kirstyn
1,Kirti
1,Kisanet
1,Kishanne
1,Kismat
1,Kissarne
2,Kitagbe
2,Kitana
1,Kitanna-Ash
2,Kitty
1,Kiyahkii
2,Kiyana
1,Kiyanna
1,Kiyara
1,Kiza
1,Klaire
6,Klara
1,Klarah
1,Klarisse
1,Klayre
1,Klea
1,Klementina
1,Kleopatra
1,Klhoe
1,Kliio
1,Kloe
2,Kloee
1,Klover
1,Knila
1,Kodie
1,Kohie
1,Kohynn
1,Kolbey
2,Kolbi
1,Kolby
1,Komal
6,Kora
1,Kori
1,Korie
1,Korotoumou
1,Korra
1,Kory
1,Kosisochukwu 3,Kourtney
1,Kowsar
1,Krayelee
1,Kreedynce
1,Kreena
4,Krisha
1,Krishamae
1,Krishika
1,Krishna
1,Krista
1,Kristeen
5,Kristen
1,Kristhea
1,Kristiana
1,Kristianna
1,Kristiffany
9,Kristina
1,Kristine
1,Kristy
2,Kristyn
1,Kriti
1,Kritya
1,Kryssabelle
2,Krysta
6,Krystal
1,Krystelle
1,Ksena
3,Ksenia
1,Kuazikua
1,Kubra
1,Kudrat
1,Kultej
1,Kume
1,Kushreet
1,Kuvira
1,Kvitka
1,Kwinn
6,Kya
3,Kyah
1,Kyanna
1,Kyara
1,Kyelle
15,Kyla
1,Kylah
1,Kyla-Mae
8,Kylee
2,Kyleigh
2,Kyler 3,Kyley
37,Kylie
1,Kylie-Drew
1,Kylie-Rae
1,Kylie-Rei
1,Kylin
1,Kymani
1,Kymania
1,Kymiah
1,Kyna
2,Kynlee
1,Kynley
1,Kynzley
1,Kynzlie
1,Kynzly
12,Kyra
1,Kyrabelle
1,Kyrie
1,Kyriëlle
1,Kysa
1,La-Aziza
13,Lacey
1,Lachlyn
1,Lael
1,Laela
1,Laelia
1,Laena
1,Laetitia
1,Laetyn
1,Lahshane
4,Laiba
1,Laiel
1,Laiken
17,Laila
1,Lailah
1,Laila-Marie
1,Laili
1,Laina
1,Laine
5,Lainey
1,Lainie
1,Laiyah
1,Laiyn
1,Lakana
1,Lakayla
2,Lakelynn
1,Laker
1,Lakey
2,Lakota
1,Lakyn
1,Lala
1,Lalena
1,Lalie
1,Lalitha
1,Lama
1,Lamaisah
1,Lamar
3,Lamees
1,Lameese
1,Lamese
1,Lamia
1,Lamya
20,Lana
1,Lanah
1,Lanaysha
1,Landace
1,Landis
1,Landy
1,Landynn
3,Lane
1,Lanelle
1,Lanha
1,Lania
1,Laniyah
13,Lara
1,Laramie-Lynn
1,Larayiah
1,Larina
4,Larissa
1,Lark
1,Larra
1,Larysa
1,Latai
3,Latisha
1,Latoya
1,Laughlyn
1,Launa
1,Launa-Lee
1,Launna
16,Laura
11,Laurel
2,Laurelle
35,Lauren
1,Laurence
1,Lauren-Gwen
1,Laurenza 1,Lauriane
1,Laurie
1,Lauryanne
7,Lauryn
1,Lavanya
1,Laveah
2,Lavinia
1,Layaal
1,Layaan
1,Layah
2,Layal
8,Layan
1,Layana
1,Layanne
1,Layklin
54,Layla
1,Laylah
1,Layne
3,Laynee
6,Lea
1,Léa
88,Leah
1,Léah
1,Leah-Lynn
2,Leana
1,Leandra
1,Leann
9,Leanna
11,Leanne
1,Leanne-Myles
1,Lebin
1,Ledare
2,Lee
1,Leeah
1,Leeanna
4,Leela
1,Leelai
1,Leelynn
4,Leen
6,Leena
1,Leeor
1,Leeye
3,Legacy
1,Léhanna
8,Leia
2,Leiah
2,Leigh
1,Leigha 1,Leigh-Ana
1,Leighanna
1,Leighla
11,Leighton
1,Leightyn
15,Leila
1,Leilah
3,Leilani
1,Leilina
1,Leira
1,Leisha
1,Lejla
2,Léla
1,Lemia
28,Lena
1,Lenée
4,Leni
1,Lenin
1,Lenka
3,Lenna
1,Lennex
2,Lenni
1,Lennin
1,Lennix
25,Lennon
3,Lennox
3,Lennyn
2,Lennyx
1,Lenox
1,Lensa
2,Lenynn
1,Lenyx
1,Lenyxx
8,Leona
1,Leonie
1,Léonie
1,Leonine
1,Leonna
1,Leonora
1,Leontine
1,Lera
2,Lesley
3,Leslie
1,Leticia
1,Lettie
3,Letty
1,Levana
1,Leveah
1,Levina
1,Levvy
1,Levyn
1,Lexa
32,Lexi
1,Lexia
12,Lexie
1,Lexington
2,Lexis
1,Lexsa
1,Lexy
1,Lexy-Anne
1,Lexzi
2,Leya
1,Leyana
3,Leyla
1,Leylla
1,Leyou
1,Leyton
10,Lia
2,Lian
5,Liana
1,Liane
2,Lianna
3,Lianne
3,Liara
1,Libah
1,Libbey
3,Liberty
1,Librity
1,Lico
1,Lidia
1,Liesl
1,Liezl
1,Lihan
25,Lila
2,Lilac
11,Lilah
1,Lilandra
1,Lilee-Grace
10,Lilia
11,Lilian
8,Liliana
2,Liliane
4,Lilianna
1,Lilianne
1,Liliea
6,Lilith 1,Liliwen
1,Liliyan
1,Liliyn
1,Lillah
2,Lillia
62,Lillian
2,Lilliana
1,Lillian-Alexandra
4,Lillianna
1,Lillian-Olive
1,Lillian-Rose
1,Lillianza
2,Lillie
3,Lillith
24,Lilly
2,Lillyana
2,Lillyanna
1,Lilly-Jade
1,Lillyn
1,Lilly-Rose
125,Lily
4,Lilyana
1,Lilyann
1,Lily-Ann
4,Lilyanna
1,Lilyanne
4,Lily-Anne
1,Lilyen
1,Lily-Grace
1,Lily-Marie
5,Lily-Rose
17,Lina
1,Lincoln
6,Linda
1,Linden
5,Lindsay
1,Lindsay-Mae
4,Lindsey
1,Lindy
1,Lindyann
2,Linnaea
6,Linnea
1,Linnéa
1,Linsey
1,Lirisha
1,Lis
11,Lisa
1,Lissette 1,Lith
8,Liv
18,Livia
1,Livianna
1,Livie
1,Livvy
2,Livya
5,Liya
1,Liyaan
2,Liyah
1,Liya-Mariam
4,Liyana
1,Liyat
1,Liyla
1,Liyu
1,Lizabeth
1,Lizzy
1,LJ
1,Llyr
2,Lochlyn
4,Locklyn
6,Logan
1,Logann
5,Lois
1,Loïs
1,Loklyee-Snow
8,Lola
28,London
5,Londyn
1,Loni
1,Lorali
1,Lorchel
1,Lorde
1,Loreena
8,Lorelai
3,Lorelei
2,Loren
2,Lorena
2,Loretta
1,Lori
1,Lori-Ann
1,Lorna
1,Lorraine
1,Lorri
1,Lorrisa
1,Lorryn-Rose
1,Lottie
1,Lotus
4,Lou
1,Louange
1,Louieah
3,Louisa
11,Louise
2,Loula
1,Lovaiah
1,Lovat
1,Loveah
1,Loveen
1,Loveisha
1,Lovella
1,Lovely
1,Lovina
1,Lovisa
1,Lowan
1,Loza
2,Luana
1,Lubov
3,Luca
1,Lucah
19,Lucia
7,Luciana
4,Lucie
5,Lucille
1,Lucina
1,Luckproy
58,Lucy
1,Lucy-Anna
5,Luella
3,Luisa
1,Luise
2,Luiza
1,Lujaein
1,Lujain
1,Lulia
2,Lumen
1,Lumi-Tarina
15,Luna
1,Lunarae
1,Lúthien
9,Lux
1,Luxton
1,Lyanna
1,Lyca
1,Lycana
46,Lydia
1,Lydja 28,Lyla
3,Lylah
1,Lyla-Lynn
2,Lylee
1,Lyllac
1,Lyllah
1,Lyllith
1,Lynae
1,Lyncoln
1,Lynden
1,Lyndsey
1,Lyndyn
1,Lynelle
1,Lynette
1,Lynley
1,Lynly
1,Lynn
1,Lynnae
1,Lynndon
1,Lynne
1,Lynnea
1,Lynneah
1,Lynnelle
1,Lynnette
1,Lynzy
7,Lyra
1,Lyrea
6,Lyric
2,Lyrica
1,Lyrik
1,Lyrin
1,Lysa
1,Lyvia
1,Lyvonn
1,Lyza
1,M.
1,Ma.
1,Maaliyah
2,Maanvi
3,Maarya
1,Maayra
10,Mabel
1,Mabelle
1,Mabinon
1,Mable
1,Macara
1,Macaria
1,Macee 9,Macey
1,Macheia
7,Maci
8,Macie
1,Mackaelyn
1,MacKayla
1,Mackayla
1,Mackena
4,Mackenna
74,Mackenzie
12,MacKenzie
1,Mackie
2,Mackinley
1,MacKinley
1,Macoah
1,MaCrssyn
21,Macy
1,Macy-Kate
1,Madailein
1,Madalen
2,Madalena
1,Madalina
1,Madaline
4,Madalyn
1,Maddalena
1,Maddelyn
3,Madden
1,Maddi
5,Maddie
1,Maddielynn
28,Maddison
1,Maddix
2,Maddox
2,Maddyn
1,Maddyson
1,Madeeha
2,Madeena
1,Madelaina
2,Madelaine
22,Madeleine
1,Madelena
1,Madelief
38,Madeline
36,Madelyn
4,Madelynn
1,Madi
9,Madilyn
4,Madilynn
4,Madina
1,Madinah
117,Madison
1,Madison-Rich
2,Madisson
7,Madisyn
1,Madisynn
1,Madiyah
1,Madonna
1,Madoxx
1,Madyn
3,Madyson
6,Mae
1,Maebrie
1,Maecie
1,Maecy
1,Maehly
1,Maelee
1,Maella
4,Maelle
5,Maëlle
1,Maëlly
2,Maelyn
1,Maera
1,Maeryn
1,Maesen
1,Maesie
1,Maeva
1,Maevah
1,Maevan
20,Maeve
2,Magda
8,Magdalena
2,Magdalene
1,Magdelyn
17,Maggie
1,Magnificent
1,Magoa
2,Maha
1,Mahaela
1,Maham
1,Mahashree
1,Mahathi
1,Mahder
1,Mahdia
1,Mahealani
1,Maheen
1,Mahek 1,Mahi
1,Mahilini
1,Mahira
1,Mahlet
1,Mahnam
2,Mahnoor
1,Mahum
1,Mai
10,Maia
1,Maia-Lyn
1,Maielle
1,Mailena
1,Maimoona
6,Maira
1,Mairendelle
1,Mairwyn
1,Maisam
1,Maise
2,Maisey
12,Maisie
2,Maisy
1,Maitreya
1,Maive
3,Maiya
2,Maizey
2,Maizie
2,Maizy
2,Maja
1,Makaeda
1,Makala
1,Makalzoum
1,Makarei
1,Makaya
35,Makayla
1,MaKayla
1,Makaylee
1,Makeda
8,Makena
18,Makenna
1,MaKenna
6,Makenzie
1,Makenzy
1,Maki
2,Makinlee
1,Makinley
1,Makiya
1,Makoche
1,Makynlee 2,Malaak
2,Malaika
1,Malaïka
1,Malaika-Safowaa
5,Malak
1,Malakai
1,Malaki
1,Malania
1,Malath
6,Malaya
1,Malayka
1,Maleah
2,Maleeha
2,Malena
1,Malerie
7,Malia
3,Maliah
1,Maliena
1,Maliha
2,Malika
2,Malikah
4,Malin
2,Malina
1,Maliya
3,Maliyah
1,Malley
1,Mallie
1,Mallorie
7,Mallory
1,Malone
1,Mame
1,Manahil
1,Manaia
3,Manal
1,Manar
1,Manasik
1,Manat
1,Mandisa
3,Mandy
1,Manessa
7,Manha
1,Manika
1,Manissa
1,Manjot
2,Manmeet
1,Manna
13,Mannat
1,Mannielu
6,Manreet
1,Manroop
1,Manseerat
1,Mansirat
1,Manuella
2,Manya
1,Manyata
1,Maple
4,Mara
1,Marae
1,Marah
1,Maralinna
1,Maranata
3,Marcela
2,Marcelina
2,Marceline
1,Marceyde
1,Marcher
1,Marcia
1,Marcy
1,Marda
1,Mareike
1,Marelle
6,Maren
1,Maresa
19,Margaret
3,Margaretha
6,Margaux
1,Margaux-Xalene
1,Margie
3,Margo
2,Margot
1,Margret
2,Mari
59,Maria
1,Maria-Elena
13,Mariah
17,Mariam
3,Mariama
1,Mariamawit
1,Mariami
2,Marian
10,Mariana
2,Marianna
1,Marianne
1,Maribel
1,Marice
1,Maricela 7,Marie
1,Marie-Ange
1,Marie-Grace
2,Mariel
1,Mariela
1,Mariella
3,Marielle
4,Marigold
2,Marija
1,Mari-Jane
2,Marilla
2,Marilyn
1,Marilynn
4,Marin
5,Marina
1,Mariola
3,Marion
1,Marisa
1,Marishka
1,Mariso
7,Marissa
2,Marium
2,Mariyah
1,Markan
1,Marki
1,Marlea
3,Marlee
3,Marleigh
14,Marley
1,Marley-Rae
1,Marlhyza
1,Marli
1,Marliese
1,Marlise
2,Marlize
4,Marlo
3,Marlow
7,Marlowe
1,Marranda
1,Marrissa
1,Marsaili
1,Marsha
1,Marta
18,Martha
3,Martina
1,Martyna
7,Marwa
1,Marwah 1,Marwayne
31,Mary
1,Marya
27,Maryam
1,Maryama
1,Maryamaueit
1,Maryan
1,MaryAngel
2,Maryann
1,MaryAnn
1,Mary-Ann
1,Maryanne
2,Mary-Anne
1,Maryjane
1,Marylu
1,Maryn
1,Marzia
2,Masa
1,Masey
1,Masna
2,Mason
1,Masooma
1,Massey
2,Masyn
3,Mataya
2,Matayah
3,Matea
1,Mateja
1,Matenneh
2,Mateya
1,Mathilda
1,Matia
6,Matilda
6,Mattea
1,Mattéa
1,Matteah
2,Matthea
1,Maud
2,Maura
1,Mauri
1,Maven
4,Mavis
1,Mawaddah
1,Maxene
1,Maxielyn
1,Maxime
2,Maxine
1,Maxwell
2,May
89,Maya
1,Maya-Lynn
1,Mayanne
1,Mayar
1,Maybel
1,Maybry
1,Mayla
1,Mayla-Marielle
1,Maylee
2,Maylin
1,Maymun
1,Maymuna
1,Mayra
1,Mayram-Nursema
4,Maysa
1,Maysun
1,Mazie
1,Mazy
4,McKayla
2,Mckayla
1,McKayleh
1,Mckenlee
15,McKenna
7,Mckenna
1,McKenzi
9,McKenzie
5,Mckenzie
1,McKenzie-Rose
2,McKinlee
1,Mckinlee
12,McKinley
3,Mckinley
1,McKinley-Grace
1,Mckinnley
1,McKinzi
1,McKynlee
2,Mea
2,Méabh
8,Meadow
2,Meagan
2,Meah
1,Meamui
5,Meara
1,Mearage
4,Medina
1,Meekai
1,Meena 1,Meenal
4,Meera
1,Meerab
1,Meetra
2,Meeya
1,Meeyah
1,Mefo
1,Meg
16,Megan
4,Meghan
1,Meghna
3,Mehak
1,Mehakpreet
8,Mehar
1,Mehdiah
1,Mehek
4,Meher
1,Mehetabel
1,Mehnaaz
1,Mehr
4,Mehreen
1,Mehreet
1,Mehrene
1,Mehrish
1,Mehrnoush
2,Mehvish
3,Mei
1,Meia
3,Meika
2,Meila
2,Meilani
1,Meira
1,Méïssa
1,Mekah
1,Mekayla
1,Mekleit
1,Mekseb
3,Melania
11,Melanie
1,Melaniya
2,Melat
1,Meleah
2,Melek
3,Melia
1,Meliah
1,Méliane
1,Melika
6,Melina 1,Mélina
2,Melinda
1,Méline
15,Melissa
1,Meliza
2,Melodie
24,Melody
1,Melynda
3,Memphis
1,Memphys
1,Mem'ree
1,Memunatu
2,Mena
2,Menaal
1,Meng
1,Mera
1,Merah
1,Mercea
3,Mercedes
1,Mercedez
1,Mercer
6,Mercy
1,Mercyfavor
8,Meredith
4,Merida
1,Méridiane
1,Merina
1,Merliah
1,Merlin
1,Meron
1,Merritt
1,Merry
1,Mersadez
1,Meryam
2,Meryem
1,Meryum
1,Messiva
1,Methuli
1,Meya
1,Mezette
1,Mhariya
1,Mhia
1,Mhiret
127,Mia
1,Miabella
3,Miah
1,Miaha
1,Mia-Rai
1,Mia-Valentina
1,Miaya
6,Micaela
3,Micah
1,Micaiah
2,Micha
9,Michaela
1,Michaela-Maisie
2,Michaella
1,Michaelle-Margaret
1,Michele
7,Michelle
1,Michket
1,Mickeigh
1,Mickeline
1,Midhadu
1,Mielle
1,Miesha
1,Miguel
1,Miharu
1,Mihika
1,Mihran
1,Mihret
1,Miia
5,Mika
16,Mikaela
1,Mikaella
1,Mikah
1,Mikal
1,Mikayala
25,Mikayla
1,Mikaylah
1,Mikeala
3,Mikenna
2,Mikhaela
1,Mikhaila
1,Mikwan
1,Mikwan-Rosecaroline
1,Mikyla
78,Mila
1,Milagros
2,Milah
3,Milan
13,Milana
1,Milani
2,Milania
1,Mildred
1,Mileah 10,Milena
1,Miley
1,Milica
1,Militza
1,Milka
3,Milla
5,Millie
1,Milly
2,Milo
1,Mimoza
2,Min
8,Mina
1,Minaal
1,Minahil
1,Mindge
1,Mindie
1,Mindy
1,Miné
1,Minh
3,Minha
1,Minhah
3,Minna
1,Minnah
1,Minnatullah
1,Minnie
1,Minreet
1,Minya
21,Mira
1,Mirabelle
5,Miracle
1,Mirage
1,Mirakle
2,Miral
14,Miranda
1,Miranda-Lynn
1,Miraya
1,Mireille
3,Mireya
12,Miriam
1,Mirinda
1,Mirka
1,Mirleigha
1,Mirra
2,Mirren
1,Miryam
2,Mischa
1,Mischelle
3,Misha 1,Mishaal
1,Mishael
1,Mishall
1,Mishka
1,Mishuka
1,Misky
1,Misri
1,Mistaya
1,Mistysky
1,Mithra
2,Mitra
1,Mixx
6,Miya
2,Miyah
1,Miyako
1,Mnjessica
1,Mobina
1,Mobinah
1,Modesola
1,Moihrae
3,Moira
1,Moira-Rose
2,Mojolaoluwa
1,Moko
1,Molad
32,Molly
2,Momina
3,Mona
1,Monessa
1,Monet
5,Monica
2,Monika
6,Monroe
2,Montana
1,Moraine
1,Morelia
1,Morena
36,Morgan
1,Morgana
1,Moria
3,Moriah
1,Morisette
1,Morley
1,Morning
1,Mornin-Starr
1,Morrigan
1,Motunrayo
1,Moxa
2,Moyinoluwa
1,Moyosoluwa
1,Mozan
1,Mraeven
1,Msgana
1,Muhrael
1,Muizah
1,Mulisha
1,Muna
1,Munachi
1,Munayza
1,Muneefa
1,Muniba
2,Munira
1,Munise
1,Muntaha
2,Muriel
1,Murron
1,Muskaan
1,Mustabshira
1,Muwadda
1,Muzhda
1,Muzika
1,My
51,Mya
8,Myah
1,Myah-Reign
1,Myer
2,Myia
1,Mykaela
1,Mykah
2,Mykelti
20,Myla
1,Mylah
1,Myleenah
21,Myra
3,Myrah
1,Myrcella
1,Myriam
1,Myrie
1,Myroslava
1,Myrtle
1,Mysha
2,Mystique
1,NaaLa
1,Nabilah
1,Nachella
5,Nada 1,Nadeen
1,Nadezhda
16,Nadia
2,Nadine
1,Nadiyah
1,Nadya
1,Naeema
1,Naela
1,Naevie
1,Nafa
1,Nafissa
1,Nafla
1,Nahal
1,Nahbella
1,Nahili
4,Nahla
1,Nahomin
1,Naia
2,Naiara
1,Naida
1,Naila
1,Na'ima
1,Naiomi
3,Naira
2,Naisha
1,Naiya
1,Najah
1,Najla
2,Najma
1,Nakiesha
1,Nakita
1,Nakoda
1,Naliah
2,Nalin
1,Naliya
1,Nalla
1,Nalule
2,Namirah
8,Nancy
1,Nandika
1,Nandini
1,Nanye
45,Naomi
2,Naomie
1,Napeyok
1,Naqiyah
1,Naraya
1,Nardine 1,Nareena
1,Narin
1,Narumukizh
1,Naseem
1,Nashlyn
1,Nashville
1,Nasiba
1,Nasma
1,Nasreen
1,Nasri
1,Nassima
1,Nataleah
4,Natalee
1,Nataleigh
20,Natalia
82,Natalie
1,Natalija
1,Nataliya
1,Nataliyah
5,Natalya
10,Natasha
1,Natashae
1,Natayah
1,Nathalia
5,Nathalie
1,Nathalya
1,Nathania
1,Nathania-Candace
1,Nathany
1,Natia
1,Nations
1,Natiri
1,Natoli
1,Naujot
1,Naunidh
2,Nava
1,Navada
1,Navaya-Lynn
1,Navdeep
1,Naveah
1,Naveena
1,Navi
1,Navia
1,Navleen
1,Navneet
2,Navreen
4,Navy
1,Navya
2,Nawal
1,Nay
9,Naya
1,Naydene
1,Nayeli
1,Nayely
1,Nayla
1,Nazah
1,Nazlisinem
1,Ndeye
1,Nead
3,Neala
1,Neda
1,Neelia
1,Neelum
1,Neely
1,Neenah
1,Neesa
1,Neeva
1,Neeve
1,Negheen
1,Neha
1,Nehv
2,Neila
1,Neka
1,Nel
3,Nela
1,Nelanora
1,Nelayah
1,Nell
6,Nella
2,Nellie
6,Nelly
5,Neriah
1,Nesia
1,Nesreen
1,Nesrine
1,Nessa
1,Nesta
1,Neta
1,Netheah
1,Nev
1,Neva
3,Nevada
40,Nevaeh
1,Nevaeya
1,Nevaya
1,Nevayah 9,Neve
2,Neveah
1,Nevelle
1,Nevia
1,Nevin
1,Nevya
1,Neziah
1,Nfuranziza
1,Ngatjikare
1,Ngatuunde
1,Ngumesora
1,Ngurimuje
1,Nhien
1,Nhiya
5,Nia
1,Niah
1,Nia-Lee
1,Niamh
1,Niayah
1,Nicaiah
1,Nichelle
2,Nichole
1,Nico
20,Nicole
1,Nicté
1,Nidhi
1,Nieva
1,Nieve
2,Nihal
1,Nihira
1,Niiya
2,Nika
1,Nikasha
1,Nikayla
1,Nikhisha
5,Nikita
3,Nikki
1,Nikkita
1,Nikol
1,Nikola
1,Nila
1,Nile
1,Niloufer
1,Nima
1,Nimah
1,Nimar
1,Nimo
1,Nimonee 4,Nimrat
2,Nimrit
1,Nimrita
22,Nina
1,Ninakii
1,Nino
1,Nion
1,Nirvana
1,Nisha
1,Nishima
1,Nishitha
1,Nishka
1,Nitanis
1,Nitara
1,Nithela
1,Niva
3,Nixon
2,Niya
4,Niyah
1,Niyat
1,Niyoosha
1,Nneka
1,Nnenda
1,Nnenna
1,Nneoma
5,Noa
3,Noah
1,Noami
1,Noelani
4,Noella
13,Noelle
1,Noemi
1,Noemie
1,Nokutenda
7,Nola
1,Nolah
1,Noluthando
1,Noon
11,Noor
1,Noora
1,Nooralhadi
1,Nooran
69,Nora
48,Norah
1,Norah-Gwyen
1,Nora-Lynn
1,Noran
1,Nora-Victoria
1,Noreen
1,Nori
1,Nosayamen
1,Nouara
4,Nour
3,Noura
1,Nour-Elaine
1,Nour-Islam
41,Nova
3,Novah
1,Novah-Lynn
2,Novalee
1,Nova-Lee
3,Nova-Leigh
1,Novali
1,Novaliyah
1,Novaya
1,Noviana
1,Nuam
1,Nuella
2,Nuhamin
1,Nun
2,Nura
1,Nuraya
1,Nuria
3,Nusaiba
1,Nusesi
1,Nuseyba
1,Nuwairah
1,Nux
6,Nya
1,Nyaban
11,Nyah
1,N'yah
1,Nyakueth
1,Nyala
1,Nyalaatni
1,Ny-Alha
1,Nyaliep
1,Nyamam
1,Nyana
1,Nyanit
1,Nyankor
1,Nyantoch
1,Nyanwir
1,Nyarieko
1,Nyat
1,Nybol 1,Nyedin
1,Nyelle
1,Nyepouch
1,Nyiah-Reign
1,Nykoa
10,Nyla
1,Nylah
1,Nyrah
1,Nyrel
3,Nyssa
2,Oaklee
2,Oakleigh
1,Oaklen
7,Oakley
2,Oaklyn
2,Oaklynn
2,Oaklynne
1,Obosamawen
1,Obseeti
1,Obsine
1,Obsolete
6,Ocean
1,Oceana
17,Octavia
1,Öctavia
2,Odessa
4,Odette
1,Ofelia
1,Ogooluwa
1,Ohanna
1,Ojal
1,Okisikow
1,Olamiposi
1,Olana
1,Olancee
1,Olaoluwa
1,Olegate
2,Olga
1,Olia
1,Oliva
25,Olive
1,Olivella
294,Olivia
1,Olivija
1,Olivya
2,Ollie
1,Oluchi
1,Olufisayo 1,Oluwadamilola
1,Oluwademilade
1,Oluwafeyikemi
1,Oluwakanyinsolami
2,Oluwanifemi
2,Oluwatishe
1,Oluwatomi
1,Oluwatomilade
1,Olyve
1,Olyvia
1,Omolewa
1,Omorinola
1,Omosede
1,Omuua
1,Onae
1,Onalee
1,Onika
1,Onlavi
1,Onora
3,Oona
1,Opal
16,Ophelia
1,Oputjo
1,Orah
1,Oren
1,Oreoluwa
3,Oriana
2,Orianna
1,Oriya
1,Orlana
1,Orly
1,Oromia
1,Osarieme
1,Osarumwense
1,Osayamen
1,Osayimwense
1,Oshadhi
1,Oslyn
1,Ottilia
1,Oumaima
1,Ovee
1,Owynne
1,Paavni
1,Pacey
1,Paesyn
2,Paetyn
1,Paetynn
57,Paige
1,Paightyn
9,Paislee
1,Paislee-Rae
68,Paisley
1,Paisley-Ann
1,Paisley-Lynne
1,Paisley-Mae
4,Paityn
2,Paitynn
1,Paizlei
4,Paizley
1,Paizley-Ann
1,Palmer
2,Pandora
1,Pania
1,Paolyn
1,Paradise
1,Pardis
1,Pari
1,Parinaaz
12,Paris
23,Parker
1,Parks
3,Parneet
1,Parnoor
1,Parsa
1,Parteet
1,Parveen
1,Pascale
1,Pascalle
1,Pascha
2,Pasindi
4,Patience
1,Patientia
7,Patricia
1,Patsy
1,Patvabelle
4,Paula
1,Paulette
1,Paulina
1,Pauline
1,Pavan
3,Paxton
1,Paxtyn
1,Payge
1,Payslee
2,Payten
50,Payton 1,Paytra
1,Payzleigh
1,Paz
1,Peace
14,Pearl
1,Pearle
2,Peighton
1,Peleen
1,Pender
64,Penelope
1,Penélope
2,Pénélope
1,Peng
1,Pennie
6,Penny
2,Pepper
1,Perez
1,Perla
1,Perri
2,Perry
1,Perryn
6,Persephone
1,Perseus
1,Persia
1,Persis
1,Petara
10,Petra
62,Peyton
2,Phaedra
1,Phakmo
1,Pheiffer
1,Phenix
1,Phera
1,Philippa
2,Phillipa
3,Philomena
8,Phoebe
12,Phoenix
1,Phoneix
1,Phoymany
1,Phyllis
1,Pia
1,Pierce
1,Pietra
1,Pihu
82,Piper
1,Pipin
7,Pippa 2,Pisim
1,Pisimoyapiy
1,Pluriana-Bella
1,Poet
1,Polina
2,Polly
19,Poppy
1,Porsche
1,Porsha
1,Porter
1,Portlyn
1,Posey
1,Posy
1,Prabhjot
1,Prabhleen
2,Prabhnoor
1,Prachi
1,Prajna
1,Prakriti
2,Pranika
1,Pranisha
2,Pranshi
1,Pranya
1,Prashi
1,Prashuna
1,Pratyuksha
1,Pravera
6,Precious
1,Prentice
1,Prescilla
2,Preslee
1,Presleigh
32,Presley
1,Presley-Anne
1,Pretty
1,Preya
1,Preyana
1,Preyasi
1,Pricilla
1,Prim
1,Primrose
5,Princess
8,Priscilla
1,Prisha
1,Pristine
7,Priya
1,Prize
1,Promise
1,Providence
1,Prudence
1,Psalms
1,Punarvika
2,Puneet
1,Punya
1,Pushti
9,Pyper
1,Qadra
1,Qali
1,Qanita
1,Qaur
1,QianYu
1,Qirat
1,Q'orinti
1,Queen
1,Queena
1,Quenn
1,Quetzali
2,Quincee
3,Quincy
1,Quinlee
2,Quinley
1,Quinly
1,Quin-lyn
96,Quinn
1,Quinnlee
1,Qurrat-Ul-Ain
2,Quynn
1,Raabia
1,Raameen
1,Rabab
1,Rabail
1,Rabianoor
1,Rabiya
1,Rabjit
1,Racette
4,Rachael
41,Rachel
1,Rachele
1,Rachelle
1,Racylle
1,Radha
1,Radhika
1,Radhya
1,Radin
2,Rae
1,RaeAnne 1,Raeanne
1,Raechal
1,Raechel
6,Raegan
1,Raegen
2,Raela
1,Raeleah
1,Raelee
3,Raelyn
6,Raelynn
2,Rae-Lynn
1,Raemie
1,Raena
1,Raevene
1,Raey
2,Raeya
1,Rafaela
2,Rafaella
1,Rafaelle
1,Rahbot
1,Rahf
6,Rahma
2,Rahmah
1,Rahmo
1,Raiha
1,Raihaneh
1,Railea
1,Raileigh
1,Railey
1,Rain
8,Raina
1,Raine
1,Rainne
1,Rainy
1,Raisa
1,Raissa
1,Raistlin
2,Raiya
1,Raiyalyse
1,Raj
1,Rakeb
1,Raleigh
1,Rama
1,Ramatoulaye
1,Rameelagne
1,Rameen
1,Rameet
1,Ramneek 1,Ramneet
3,Ramona
1,Ramsha
1,Ramya-Loren
1,Ran
5,Rana
1,Randilynn
1,Randuli
1,Raneem
1,Rangreet
1,Rani
1,Rania
1,Ranya
1,Raphaelle
1,Raphiyah
1,Raqia
3,Raquel
1,Rasha
1,Rashadah
1,Rashelle
1,Rashi
1,Rateel
1,Ravaala
1,Raveen
3,Raven
1,Ravenna
1,Ravi
1,Ravleen
1,Ravn
1,Ravneet
1,Ravnoor
3,Ravyn
2,Rawan
17,Raya
1,Rayah
3,Rayan
1,Rayann
3,Rayanne
1,Rayden
1,Rayla
3,Raylee
2,Rayleigh
1,Raylyn
1,Raylynn
9,Rayna
6,Rayne
1,Raysha
2,Rayven
1,Rayyana
2,Razan
1,Razbee
1,Rea
8,Reagan
1,Reann
1,Reanne
3,Reata
1,Reatta
1,Rebeca
44,Rebecca
2,Rebeka
13,Rebekah
1,Rebekah-Elise
1,Rebekkah
1,Rebel
1,Rebell
1,Rediet
1,Rediette
1,Reeane
5,Reece
2,Reegan
4,Reem
1,Reema
3,Reena
25,Reese
1,Rees-Marie
2,Reet
1,Reetinder
2,Reeve
1,Reeves
2,Regina
1,Regina-Anthonella
1,Reham
1,Rehmat
1,Rehoboth
2,Reid
1,Reighlei
1,Reighvyn
2,Reign
1,Reihana
1,Reika
1,Reilly
1,Reily
1,Rein
3,Reina
1,Reine
1,Reis 2,Rema
8,Remi
1,Remi-Sage
1,Remmington
1,Ren
1,Rena
1,Renad
3,Renae
1,Renalynn
1,Renas
3,Renee
1,Renley
1,Renly
1,Rennea
1,Renzzel
1,Reshali
1,Reta
1,Retal
1,Retly
1,Reuelle
3,Reva
1,Revan
1,Reyah
1,Reyna
1,Reynajett-Angela
1,Reynelle
1,Reznor
1,Rhae
1,Rhaelle
9,Rhea
1,Rhéa
1,Rheanna
2,Rhema
1,Rhenna-Ann
1,Rhett
1,Rheya
3,Rhian
1,Rhianna
1,Rhianndra
1,Rhianne
1,Rhoda
1,Rhodae
1,Rhoswyn
1,Rhya
2,Rhyan
1,Rhyanne
1,Rhyelle
1,Rhylan 1,Rhylee
2,Rhylynn
2,Rhyme
3,Rhythm
2,Ria
1,Rian
1,Riana
1,Riann
2,Rianna
3,Riata
1,Riatta
1,Richa
2,Richelle
1,Richelle-Anne
1,Rida-E-Zainab
2,Ridhi
1,Ridhima
1,Ridhvi
1,Ridley
1,Ridwan
1,Rielee
1,Riella
1,Rielle
1,Rielynn
2,Rihan
3,Rihanna
1,Rijandjee
1,Rijanne
1,Rijja
1,Rijula
1,Rikkelle
1,Rikki
1,Rilea
1,Rileigh
38,Riley
1,Riley-Jasmine
2,Rilynn
3,Rim
1,Rimsha
1,Rimshaa
1,Rin
1,Rinad
1,Rinah
2,Rinoa
3,Rio
1,Riona
1,Rionelle
2,Ripley
2,Rishika
1,Rishita
1,Rishm
7,Rita
1,Ritaj
1,Ritvi
2,Riva
1,Riven
14,River
1,Rivka
1,Rixi
1,Rixyn
5,Riya
1,Riyah
1,Riyana
1,Roaa
1,Roan
2,Roanne
1,Robbine
1,Robe
1,Roberta
1,Robin
1,Robryn
11,Robyn
2,Rochelle
1,Rodyna
1,Rogina
2,Rogue
1,Roha
1,Roisin
1,Roísín
2,Róisín
1,Rojan
1,Romaissa
1,Romaysae
1,Romie
2,Romina
2,Romy
1,Ronalee
1,Rongdhonu
1,Roni
1,Roniese
2,Ronika
1,Ronnah
1,Ronnie
1,Roobani
1,Rooke
1,Roop 1,Roopjot
1,Roqayya
1,Roquee
1,Rorianne
12,Rory
4,Rosa
1,Rosabel
2,Rosalee
1,Rosaleen
1,Rosaleigh
1,Rosalena
1,Rosali
2,Rosalia
17,Rosalie
1,Rosalina
1,Rosalind
4,Rosalyn
1,Rosalynn
1,Rosamund
1,Rosann
1,Rosanna
1,Rosanne
38,Rose
1,Rosealyn
1,Roseann
1,Rose-Ann
3,Roseanne
1,Roselyn
1,Roselynn
5,Rosemary
1,Rosetta
1,Rosha
1,Roshni
3,Rosie
1,Roslin
3,Roslyn
1,Roslynn
1,Rosslyn
1,Rosy
1,Rovie
26,Rowan
4,Rowen
1,Rowena
5,Rowyn
1,Rowynn
1,Roxanne
1,Roxaya
1,Roxy 1,Roya
2,Royal
1,Rozalia
1,Rozel
1,Rozette
2,Rozlyn
1,Rozsa
1,Rozwean
1,Rozzilyn
1,Rua
1,Ruba
1,Rubaa
1,Rubal
1,Rubani
2,Rubee
1,Rubey
1,Rubin
49,Ruby
1,Rubylyn
1,Rue
1,Rufaidah
1,Rufaydah
1,Rughd
1,Ruhama
1,Ruhamah
1,Ruhani
1,Ruheen
1,Ruhi
1,Rui
1,Rukhiya
2,Rumaisa
1,Rumani
1,Rumeisah
1,Rumer
1,Rumi
1,Rumiya
1,Rupam
1,Rupan
1,Ruqiya
2,Rushda
18,Ruth
2,Ruthie
1,Ruthie-Grace
1,Ruwaida
1,Ruwayda
1,Rya
3,Ryah
10,Ryan
3,Ryann
1,Ryanna
4,Ryanne
1,Ryann-Taren
1,Ryden
1,Ryeanna
1,Ryelan
1,Ryelie
1,Ryelle
1,Ryhanna
2,Ryker
1,Rylan
1,Rylann
1,Rylea
36,Rylee
1,Ryleé
1,Rylee-Anne
13,Ryleigh
4,Ryley
1,Ryli
9,Rylie
5,Rylin
1,Rylyn
4,Rylynn
1,Ryveah
2,Ryver
1,Ryxea
1,Saadat
1,Saalem
1,Saana
1,Saanvi
1,Saara
1,Saathvika
3,Saba
1,Sabarna
1,Sabeel-Zahra
1,Sabeen
2,Sabella
3,Sabine
1,Sabira
1,Sabirin
1,Sable
2,Sabrin
17,Sabrina
1,Sabrine
1,Sacdiya
1,Sachelle
2,Sachiko 1,Sacid
2,Sadaf
1,Sada-Medhin
1,Saddie
1,Sadia
1,Sadiah
111,Sadie
1,Sadie-Joy
1,Sadie-Rayee
1,Sady-Ann
6,Safa
1,Safaya
2,Saffron
4,Safia
1,Safiyyah
1,Safurah
1,Sagal
19,Sage
1,Sagel
1,Sahaiya
1,Sahajnoor
1,Sahana
2,Sahar
2,Sahara
1,Saharah
1,Saharrah
1,Sahasra
1,Sahej
1,Saheli
1,Sahini
3,Sahra
1,Sahtaysha
1,Saiakshara
13,Saige
1,Saije
1,Sailakshmi
1,Sailinda
1,Sailish
3,Sailor
1,Saina
1,Saithra
1,Saiya
1,Saja
1,Sajda
1,Saje
1,Sakina
1,Sakinaa
1,Sakora 4,Sakura
1,Salamata
1,Saleena
1,Salem
1,Salena
2,Saliha
3,Sally
13,Salma
3,Salome
2,Salomé
1,Saloni
1,Salsabeel
1,Salsabil
2,Salwa
1,Sam
1,Samairaa
62,Samantha
1,Samantha-Blair
1,Samantha-Lynn
1,Samanvi
11,Samara
2,Samaya
1,Samayrah
1,Samecha
1,Sameena
1,Sameya
2,Samia
1,Samikshya
2,Samina
5,Samira
1,Samiya
1,Samiyah
1,Sammi
1,Sammie
1,Samreen
1,Samria
1,Samuela
1,Samuela-Akandeka
1,Samuelle
2,Samyuktha
7,Sana
3,Sanaa
1,Sanam
1,Sanay
1,Sanaya
1,Sandhya
5,Sandra
1,Sandy
1,Sanika
1,Sanjam
2,Sanna
1,Sanreet
1,Sansa
1,Santana
3,Sanvi
3,Sanya
1,Sanza
5,Saoirse
1,Saphira
1,Saphire
1,Sapphira
4,Sapphire
1,SaQueira
43,Sara
1,Sarabelle
1,Sarafina
104,Sarah
1,SarahMae
1,Saraiya
1,Saral
1,Saralynn
1,Saramina
2,Sarang
1,Saranya
1,Saraya
1,Sareena
2,Sarena
1,Sarena-Marie
5,Sargun
1,Saria
3,Sariah
3,Sarika
2,Sarina
1,Sarinah
1,Sariyah
1,Sarrinah
1,Saryn
16,Sasha
1,Sashi
1,Sassa
1,Satori
1,Satta
1,Sauryaa
1,Sauryn
1,Sautonya
2,Savana 1,Savanah
13,Savanna
50,Savannah
1,SavannahRae
1,Savera
1,Saverah
2,Savina
3,Savreen
1,Savya
1,Sawara
42,Sawyer
2,Saya
1,Sayde
3,Saydee
1,Sayen
3,Sayler
6,Saylor
1,Sayva
15,Scarlet
128,Scarlett
4,Scarlette
2,Scotia
1,Scotland
3,Scotlyn
2,Scotlynn
3,Scottie
3,Scout
1,Seana
4,Seanna
1,Sebastiana
1,Sebia
1,Sedra
15,Seerat
1,Seerath
1,Seeratt
1,Seeret
1,Seerit
1,Sefari
1,Seglinde
4,Sehaj
1,Sehajleen
1,Sehajpreet
2,Seham
1,Sehejvir
1,Sehr
1,Seirria
1,Seiyana
1,Sejal 3,Selah
1,Selayna
18,Selena
1,Selena-Rose
3,Selene
1,Selia
3,Selihom
12,Selina
1,Selly
2,Selma
1,Semónne
1,Sena
1,Senaali
1,Seneca
1,Sened
1,Senju
2,Senna
1,Sennen
1,Sénora
1,Senuli
1,Senumi
1,Senya
1,Senzelwe
1,Seona
1,Seoyoo
1,Sephina
1,Sephira
1,Sephora
1,September
1,September-Lynn
1,Sequoia
1,Sequoyia
1,Serafima
1,Serafina
3,Serah
7,Seraphina
2,Seraya
2,Sereen
3,Seren
27,Serena
4,Serene
31,Serenity
1,Serin
2,Serina
1,Serinity
1,Setayesh
1,Seveah
1,Sevyn
2,Seya
1,Seyedeh
1,Seynabou
1,Seyran
1,Seyvah
1,Shaadi
1,Shaanvi
1,ShabAn
1,Shabina
1,Shadhana
1,Shadow
4,Shae
6,Shaelyn
1,Shaelynn
1,Shafrisha
1,Shaghaf
2,Shahd
1,Shahed
1,Shahlalai
1,Shahoney
1,Shailee
1,Shailynn
1,Shaima
2,Shaina
1,Shainah
1,Shainna
1,Shakira
1,Shakoda
1,Shakoia
1,Shalaya
1,Shaleigh
1,Shallyn
2,Shalom
1,Shalva
1,Shama
1,Shamira
1,Shamiso
1,Shana
1,Shanaiah
1,Shanaley
12,Shanaya
1,Shandi
2,Shane
2,Shanelle
1,Shanisha
1,Shaniya
1,Shankul
2,Shanley 2,Shannon
1,Shanoah
1,Shante
2,Shanti
1,Shanzae
1,Shanzay
1,Shanzeh
1,Shaohannah
1,Shaoli
1,Sharanya
1,Sharee
1,Sharlene
1,Sharlette
1,Sharmine
2,Sharon
1,Sharrah
1,Sharveen
1,Shasta-Faye
1,Shauntay
1,Shauntle
3,Shawna
4,Shay
2,Shayanna
1,Shayara
1,Shaye
7,Shayla
1,Shaylee
1,Shayleen
2,Shaylin
4,Shayna
2,Shayne
1,Shaza
7,Shea
1,Sheana
1,Sheannelle
2,Sheena
1,Sheila
3,Shekinah
1,Shelayah
3,Shelbie
17,Shelby
1,Shelley
1,Shelly
1,Shen
1,Shenille
1,Shenoah
1,Shenu
1,Sheona 1,Shera
1,Sheral
1,Sherice
1,Sherry
1,Sheryl
1,Shey
1,Sheza
1,Shia
1,Shiann
1,Shianne
1,Shiar
1,Shiara
1,Shiley
13,Shiloh
1,Shindara
1,Shiphrah
1,Shira
1,Shire
1,Shireen
1,Shirelle
1,Shiriyah
1,Shivani
1,Shivleen
2,Shiza
1,Shizue
1,Shloka
1,Shobe
1,Sholenn
1,Shoni
1,Shoshanna
1,Shreya
1,Shri
1,Shriya
1,Shruti
1,Shubhangi
1,Shubhdeep
1,Shubhreet
1,Shukri
1,Shunda
1,Shuyan
1,Shvaye
1,Shyah
1,Shyann
4,Shyanne
5,Shyla
1,Shylla
1,Shyloh
3,Shyne
3,Sia
1,Siah-Clarisse
1,Siahna
1,Sian
1,Siara
1,Siarra
1,Sibora
1,Sibrat
1,Sidak
1,Siddhi
3,Sidney
2,Sidra
4,Siena
30,Sienna
2,Siera
20,Sierra
1,Sierrah
1,Sieva
1,Sifatreet
1,Signe
1,Siham
1,Siina
1,Sikila
1,SiLa
1,Sila
5,Silver
1,Simal
2,Simar
1,Simboo
1,Similolaoluwa
1,Simisola
8,Simone
3,Simran
2,Simrat
1,Simreet
2,Simrit
1,Singtan
1,Sining
1,Sinit
1,Sinthiya
3,Siobhan
2,Siobhán
1,Sioux
1,Sireen
1,Sirein
1,Sirikanda
1,Sirin
1,Sirine 1,Sirit
1,Sirjan
1,Sisilia
3,Siya
1,Siyana
1,Siyansa
1,Siye
1,Skori
8,Sky
1,Skya
24,Skye
1,Skye-Anne
1,Skyelar
6,Skyla
1,Skylah
1,Skylann
36,Skylar
11,Skyler
1,Skylett
1,Skylynde
2,Skylynn
1,Skyrah
1,Slma
20,Sloan
27,Sloane
1,Sneha
1,Snimar
1,Snit
1,Sniti
1,Sochikaima
1,Soda
1,Sodany
80,Sofia
2,Sofía
1,Sofia-Alsu
1,Sofia-Lauren
4,Sofie
1,Sofija
2,Sofiya
1,Soha
1,Sohavi
1,Sohayla
2,Solace
1,Solanjeet
1,Solara
1,Soleen
5,Soleil
3,Soliana 1,Soliyana
1,Solmaz
1,Solome
1,Somaya
1,Sommachi
1,Somya
1,Sonam
4,Sonia
1,Sonihra
2,Sonja
1,Sonny
3,Sonya
1,Sophi
205,Sophia
1,Sophia-Maddison
1,Sophia-Marie
1,Sophia-Rose
96,Sophie
1,Sophie-Ana
1,Sophiella
1,Sophie-Lynn
1,Sophi-Lynn
1,Sora
1,Soraia
2,Soraya
2,Sorcha
1,Soren
1,Soreya
1,Sosuna
1,Sotheara
1,Sovanna
1,Sowda
2,Sparrow
1,Sparrows
10,Spencer
1,Sreena
1,Sreepriya
1,Srina
1,Srisai
1,Sriya
1,Srushti
7,Stacey
1,Staci
1,Stacy
1,Stadler
1,Stana
1,Star
1,Starla
1,Starlight
1,Starlit
1,Starr
1,Starrly
1,Stasia
2,Steele
1,Steena
3,Stefanie
76,Stella
17,Stephanie
1,Ster
6,Stevie
1,Stirling
1,Stone
1,Storie
1,Stormie
1,Stormy
1,Story
1,Stylin
1,Suad
1,Suada
1,Sualeha
1,Subani
1,Subhneet
2,Sudhiksha
1,Sudor
1,Suhaila
1,Suhailah
2,Suhana
1,Suhavi
1,Suhayla
1,Suhayla-Awo
1,Suheda
1,Suheyla
1,Sujaan
1,Sujood
1,Sukhjot-Kaur
1,Sukhleen
2,Sukhman
2,Sukhmani
1,Sukhmanjot
1,Sukhneet
1,Sukhreet
1,Sullie
1,Suman
5,Sumaya
1,Sumayah
1,Sumayo 1,Sumayya
1,Sumayyah
1,Sumer
1,Sumeya
1,Summaya
32,Summer
1,Summer-Rose
1,Sunday
1,Sundis
2,Sundus
1,Sunny
1,Sunsaar
1,Sunshine
2,Supreet
1,Sura
1,Surah
2,Suraya
2,Suri
1,Surrender
1,Surriya
1,Suruthy
5,Susan
4,Susana
2,Susanna
1,Susend
2,Susie
1,Sussie
2,Susy
4,Sutton
1,Suttyn
1,Suveera
1,Suvera
2,Suzanne
1,Suzette
1,Suzy
1,Sveva
1,Swara
1,Swayzie
1,Sweeta
1,Sya
1,Syan
1,Syanne
1,Syara
3,Sybil
36,Sydney
1,Sydnie
2,Syeda
1,Syla 1,Syliss
1,Sylvee
1,Sylver
1,Sylvi
4,Sylvia
3,Sylvie
1,Symphany
1,Symphony
2,Synthia
1,Syraeya
1,Syrah
1,Syrine
1,Szarinna
1,Taashvi
1,Tabasom
1,Tabasum
1,Tabatha
4,Tabea
1,Tabetha
2,Tabitha
1,Tadiswa
2,Taegan
2,Taelyn
1,Taelynn
1,Taesha
2,Taeva
1,Taeya
1,Tahani
1,Tahleem
5,Tahlia
1,Tahlinna
1,Tahliya
2,Taia
1,Taianna
1,Taija
1,Taijah
1,Taisiya
1,Taiya
1,Taiye
1,Tajia
5,Tala
2,Taleah
1,Taleen
1,Taleigha
1,Tali
38,Talia
2,Taliah
1,Taliaina
1,Talise
1,Talisha
2,Talissa
2,Talitha
1,Taliya
2,Taliyah
1,Talla
1,Tallis
1,Tallulah
1,Talon
3,Talya
1,Talyh
1,Talyn
1,Tamah
1,Tamam
9,Tamara
1,Tameah
1,Tamera
1,Tamina
1,Tammy
1,Tamzin
1,Tanaya
1,Taneesha
1,Taneisha
1,Tanishi
1,Tanitoluwa
1,Tanmeet
1,Tanveer
1,Tanveet
1,Tanvi
1,Tanvir
8,Tanya
1,Tanzeela
1,Tao
1,Taonga
1,Taqdeer
1,Taqwa
9,Tara
1,Tarah
1,Taralynn
1,Tarina
1,Tarryn
3,Taryn
1,Tasa
1,Tasha
1,Tasia
1,Tasian
1,Tasmia 5,Tasneem
2,Tasnim
1,Tasnime
6,Tatiana
6,Tatum
1,Tatyana
2,Tauriel
1,Tavaeh
1,Tavani
1,Taveia
1,Tavleen
1,Tavon
1,Tawananyasha
16,Taya
4,Tayah
1,Tayana
1,Taydee-May
1,Tayden
7,Tayla
2,Tayler
43,Taylor
1,Tayona
1,Tayt-Lynn
4,Taytum
2,Tayva
1,Tayzia
1,Tayzin
1,Tazzlynn
2,Téa
25,Teagan
1,Teaghan
1,Teale
1,Tealya
1,Teanna
1,Teeana
1,Teegan
1,Teejay
1,Teena
1,Teeryn
13,Tegan
1,Tehilla
1,Tehya
2,Teigan
1,Teiran
1,Teiya
1,Teklya
1,Telasia
1,Tellaira 1,Temika
1,Temima
1,Temìna
3,Temperance
1,Temperley
1,Teneng
1,Tenessy
1,Tenielle
1,Tenille
1,Teniola
20,Tenley
1,Tennyson
1,Tenyang
3,Tenzin
2,Teodora
1,Terah
5,Teresa
1,Terese
1,Tereslyn
1,Terissa
1,Terra
1,Terralynn
4,Tesla
4,Tess
41,Tessa
1,Tessah
1,Tessanne
1,Tesslie
1,Testimony
1,Tevley
2,Teya
1,Teyana
2,Teyla
1,Thais
3,Thalia
1,Thaliya
1,Thana
1,Thao
1,Thaovy
1,Thara
1,Tharuna
34,Thea
1,Theana
1,Theanna
1,Theda
3,Theia
1,Thembile
1,Thenivie
2,Theresa
3,Therese
1,Theries
1,Thespina
1,Thi
1,Thierina
1,Thimna
1,Thinaya
1,Thinuli
1,Thiya
1,Thiyaga
1,Thokriel
2,Thora
1,Thresa
1,Thulokuhle
1,Thusha
7,Tia
1,Tiahna
4,Tiana
6,Tianna
1,Tiannah
1,Tianna-Lee
3,Tiara
1,Tiariah
1,Tiarra
1,Tiauna
1,Tiba
2,Tiegan
1,Tiengirt
12,Tiffany
1,Tiffany-Faith
1,Tiimabasi
1,Tijana
1,Tilli
1,Tilliese
1,Tilly
1,Timbrel
7,Tina
1,Tinashe
1,Tinita
1,Tinotenda
1,Tinsleigh
1,Tirah
3,Tirzah
1,Tiwalayo
1,Tiwalolaoluwa
1,Tiwaloluwa
1,Tiwatope 3,Tiya
1,Tjaritje
1,Tochi
1,Tokunbo
1,Toluwalayo
2,Toluwani
1,Tomi-Lynn
1,Tommi
1,Toni
1,Torah
7,Tori
1,Torin
1,Torri
1,Torrin
2,Torryn
1,Toryn
1,Toshiye
1,Totreonna
1,Tova
1,Tracey
2,Tracy
1,Treanne
1,Treasure
1,Triaa
1,Triesha
1,Trilby
2,Trina
1,Trinitee
20,Trinity
1,Tripat
4,Trisha
1,Trishita
1,Triss
1,Trista
1,Tristyn
1,Triveni
2,Trixie
1,Triza
1,Trmae
1,Troya
4,Trudy
1,Trula
1,Tsedalemariam
1,Tuiren
1,Tula
1,Twinkle
2,Twisha
1,Tyanna 1,Tyeisha
2,Tyla
1,Tylee
3,Tyler
1,Tylin
1,Tylo
1,Tynashé
1,Tynne
3,Tyra
1,Tyris
1,Tysa
1,Tysanna
1,Tyshanae
1,Uairirira
1,Ubah
1,Uchechi
1,Uendjisuvera
1,Ulanda
1,Umaima
1,Umaiza
1,Umali
1,Umama
2,Umamah
1,Umber
1,Umnia
1,Una
1,Unah
1,Undji
2,Unique
1,Unity
1,Unomasa
1,Urji
1,Urwa
1,Urwah
1,Ushria
1,Utopia
1,V
5,Vada
1,Vaeda
2,Vaida
1,Vaidehi
1,Vail
1,Vala
1,Valecia
9,Valentina
2,Valeria
9,Valerie
1,Valérie
2,Valkyrie
1,Valora
1,Valyncia
1,Vance
1,Vandyn
1,Vanesa
20,Vanessa
1,Vanhnem
1,Vania
1,Vanshika
1,Varnoor
1,Vaughn
1,Vaya
4,Vayda
1,Vayla
1,Vearah
2,Veda
1,Vedetta
2,Veera
1,Veeya
1,Vela
1,Vencita
1,Venessa
1,Venezia
3,Venice
1,Venita-Rose
1,Venmuhil
1,Venus
12,Vera
1,Verena
5,Verity
1,Verna
1,Vernice
2,Verona
12,Veronica
2,Verónica
5,Veronika
1,Veronique
1,Verunduruka
1,Vervania
1,Vespa
1,Veyah
1,Vhylix
1,Viana
2,Vianna
1,Vianne
1,Viarrah
2,Vibha 2,Vicky
111,Victoria
1,Vida
1,Videl
1,Vidhathri
1,Viella
1,Vien
17,Vienna
1,Vienne
1,Viglina
2,Viha
4,Viktoria
1,Vini
7,Viola
98,Violet
1,Violeta
2,Violett
1,Violetta
2,Violette
1,Vira
2,Virginia
1,Visha
1,Vismaya
1,Vitalia
1,Vittoria
20,Vivian
1,Viviane
1,Vivianna
1,Vivianne
1,Vivielyn
3,Vivien
17,Vivienne
1,Viviénne
1,Viya
1,Viyan
1,Vjosa
1,Vrinda
1,Vrishiya
1,Vrunda
1,Vrutti
1,Vyany
1,Waka
1,Wamil
2,Waniya
1,Wan-Ting
1,Warhpeh-iirh
1,Wasia
2,Waverly 1,Waynita
1,Wed
1,Wednesday
1,Wei
1,Wenissa
1,Wenny
1,Wenona
1,Wensha
1,Wessa
3,Whitley
6,Whitney
1,Wilamina
1,Wilde
4,Wilhelmina
10,Willa
1,Willo
1,Willoh
57,Willow
1,Willow-Mae
1,Winchester
1,Wind
2,Windsor
5,Winifred
5,Winnie
1,Winnifred
2,Winona
1,Winry
1,Winslo
1,Winsome
5,Winter
17,Wren
2,Wrenn
2,Wyatt
3,Wynn
1,Wynsor
1,Wynstelle
1,Wynston
9,Wynter
1,Wynter-Grace
1,Wyvrn
1,Xabrina
1,Xanthe
1,Xaria
1,Xavierra
1,Xelda
1,Xenia
1,Xi
2,Xiana
1,Xiang-Yun
1,Xianne
1,Xiaoen
1,Xiaoyue
2,Xin
1,Xoey
1,Xolenn
1,Xxena
1,Xyreine
1,Xyrelle
1,Yae
3,Yael
1,Yaela
1,Yaëlle
1,Yafa
1,Yaffa
1,Yahaira
1,Yalaina
1,Yaline
1,Yam
1,Yamila
1,Yamilet
4,Yana
1,Yanna
1,Yannah
1,Yanni
1,Yanxi
2,Yar
6,Yara
1,Yarah
1,Yarame
1,Yarvo
1,Yash
1,Yashaswinie
1,Yashi
1,Yashikha
2,Yashvi
6,Yasmeen
1,Yasmi
10,Yasmin
3,Yasmina
3,Yasmine
1,Yasna
1,Yaye
1,Yeabkal
2,Yelaina
1,Yeliz
1,Yelizaveta 1,Yema
1,Yena
1,Yenny
1,Yeno
2,Yesha
1,Yeyn
1,Yhana
1,Yihan
1,Yina
1,Yiren
1,Yllana
1,Ylleanor
1,Yllethea
1,Yoadan
1,Yocelyn
1,Yodan
1,Yohanan
1,Yohanna
1,Yolanda
1,Yolanda-Maria
1,Yolande
1,Yom
1,Yomindi
2,Yoona
2,Yosan
1,Youl
2,Youmna
1,Yousra
1,Ysabel
4,Ysabella
1,Ysabella-Joann
5,Ysabelle
1,Ystefania
1,Yubin
1,Yue
1,Yuika
1,Yuju
1,Yuki
1,Yumiko
1,Yumn
5,Yuna
1,Yunjin
1,Yurie
1,Yusaira
1,Yusairah
4,Yusra
1,Yuval
2,Yuzuki 2,Yvaine
1,Yvenne
2,Yvette
1,Yvonne
1,Yvriellebon
1,Yza
1,Yzabel
2,Yzabella
2,Yzabelle
1,Yzahbella
1,Zabella
1,Zadaya
1,Zadence
1,Zadia
1,Zadie-Lynn
1,Zaely
1,Zafeera
1,Zafiroula
1,Zahaa
1,Zahara
1,Zahkeria
21,Zahra
4,Zahraa
1,Zahra'a
1,Zahriana
1,Zaiah
1,Zaileah
1,Zailey
17,Zainab
1,Zainah
2,Zaira
2,Zaiya
3,Zakia
2,Zakiyah
1,Zakyra
1,Zalakai
1,Zalaya
1,Zaleigha
1,Zali
1,Zalika
1,Zalynah
1,Zamda
1,Zamzam
1,Zanay
1,Zanaya
1,Zaniah
25,Zara
1,Zarabeen
1,Zarabella
1,Zara-Lee
1,Zaranna
2,Zaraya
2,Zareen
3,Zaria
6,Zariah
1,Zarianna
1,Zarina
1,Zariyah
1,Zaryn
1,Zavayah
1,Zavria
2,Zaya
1,Zayaah
1,Zayabella
1,Zaydi
1,Zaydrea
7,Zayla
1,Zaylea
4,Zaylee
2,Zayleigh
1,Zayley
1,Zaylyn
1,Zayna
8,Zaynab
1,Zaynah
2,Zeba
1,Zebaish
1,Zeel
3,Zeenat
3,Zehra
3,Zeina
2,Zeinab
3,Zelda
1,Zema
1,Zemara
3,Zena
3,Zendaya
2,Zenia
1,Zenlyn
1,Zenya
1,Zephirin
1,Zepplin
1,Zepplyn
1,Zerina
1,Zeynab
1,Zeynep 1,Zhan-Yee
1,Zharah
1,Zhea
1,Zhiru
10,Zia
1,Zianne
1,Zikora
1,Zilyana
1,Zina
1,Zinat
1,Zinia
2,Zinnia
1,Zion
1,Ziona
1,Zitlaly
2,Ziva
3,Ziya
72,Zoe
5,Zoé
7,Zoë
2,Zoee
1,Zoe-Elizabeth
1,Zoë-Etta
1,Zoei
109,Zoey
1,Zoey-Lynne
3,Zofia
1,Zoha
1,Zohya
1,Zoi
1,Zoia
5,Zoie
1,Zokarra
2,Zola
1,Zolah
2,Zooey
1,Zophie
1,Zoriana
1,Zorianna
1,Zoryanna
1,Zosha
1,Zoshena
14,Zoya
1,Zsofiah
1,Zubaydah
1,Zufash
1,Zuha
1,Zuhra 1,Zümra
2,Zunaira
2,Zunairah
2,Zuri
1,Zuriah
1,Zurie
1,Zuriel
1,Zurielle
1,Zurwa
1,Zuzanna
1,Zya
1,Zyana
1,Zykiah
2,Zylah
1,Zyra
1,Zyri