Babies' first forenames: births registered in Scotland in 1995,,,,,,
,,,,,,
Information about the basis of the list can be found via the 'Babies' First Names' page on the National Records of Scotland website.,,,,,,
,,,,,,
Boys,,,,Girls,,
,,,,,,
Position,Name,Number of babies,,Position,Name,Number of babies
1,Ryan,1026,,1,Lauren,874
2,Andrew,859,,2,Rebecca,730
3,Daniel,699,,3,Emma,706
4,Scott,692,,4,Shannon,694
5,James,662,,5,Amy,687
6,David,646,,6,Sarah,537
7,Connor,621,,7,Rachel,523
8,Ross,614,,8,Nicole,489
9,Jack,612,,9,Megan,482
10,Jordan,605,,10,Laura,469
11,Liam,571,,11,Kirsty,438
12,Craig,564,,12,Hannah,429
13,Michael,542,,13,Chloe,412
14,Christopher,524,,14,Caitlin,392
15,Kieran,509,,15,Danielle,361
16,Lewis,507,,16,Jennifer,326
17,Cameron,476,,17,Sophie,311
18,Sean,475,,18,Samantha,302
19,Mark,455,,19,Stephanie,287
20,John,439,,20,Erin,282
21,Callum,407,,21,Katie,277
22,Jamie,403,,22,Claire,267
23,Matthew,400,,23,Louise,266
24=,Calum,372,,24,Eilidh,229
24=,Kyle,372,,25,Heather,228
26,Thomas,360,,26,Gemma,223
27,Dylan,355,,27=,Lisa,219
28,Steven,325,,27=,Natalie,219
29,Stuart,320,,29,Nicola,218
30,Robert,318,,30,Emily,213
31,Alexander,301,,31,Ashleigh,208
32=,Adam,292,,32,Jade,201
32=,Darren,292,,33,Hayley,199
34,Paul,280,,34,Melissa,192
35,Fraser,275,,35,Lucy,191
36,William,250,,36,Kayleigh,184
37,Stephen,247,,37,Rachael,178
38,Lee,220,,38,Holly,177
39,Grant,215,,39,Ashley,163
40,Declan,189,,40,Zoe,162
41=,Dean,186,,41,Jessica,161
41=,Jonathan,186,,42,Aimee,157
41=,Shaun,186,,43,Robyn,154
44,Conor,184,,44,Natasha,150
45,Joshua,171,,45,Victoria,143
46,Nathan,168,,46=,Courtney,135
47,Gary,167,,46=,Jodie,135
48,Aaron,158,,46=,Kimberley,135
49,Euan,156,,49,Anna,134
50=,Gavin,155,,50=,Abbie,132
50=,Marc,155,,50=,Charlotte,132
52,Jason,147,,50=,Chelsea,132
53,Martin,143,,53,Beth,127
54,Kevin,142,,54=,Catherine,126
55,Dale,141,,54=,Kirsten,126
56,Joseph,140,,56,Kerry,125
57,Luke,136,,57,Fiona,124
58,Greg,135,,58,Elizabeth,117
59,Ben,132,,59,Bethany,115
60,Sam,129,,60,Amanda,102
61,Samuel,123,,61=,Demi,97
62,Aidan,121,,61=,Jenna,97
63=,Blair,117,,63=,Alice,95
63=,Robbie,117,,63=,Amber,95
63=,Rory,117,,65,Alison,94
66,Peter,116,,66=,Catriona,93
67,Josh,114,,66=,Taylor,93
68,Alan,111,,68,Alexandra,89
69,Ian,108,,69=,Kathryn,88
70=,Patrick,103,,69=,Kelly,88
70=,Reece,103,,71,Stacey,86
72,Benjamin,102,,72,Iona,85
73=,Duncan,101,,73,Leanne,83
73=,Iain,101,,74,Gillian,81
75,Alistair,97,,75=,Katherine,80
76,Ewan,94,,75=,Paige,80
77,Anthony,93,,77,Olivia,78
78,Stewart,91,,78=,Cara,75
79=,Jake,90,,78=,Michelle,75
79=,Richard,90,,80,Joanne,74
81,Gregor,89,,81=,Abigail,72
82=,Brian,87,,81=,Carly,72
82=,Colin,87,,83,Siobhan,69
84,Nicholas,86,,84=,Kate,68
85,Neil,85,,84=,Mhairi,68
86,Angus,81,,86=,Alana,66
87,Rhys,79,,86=,Naomi,66
88,Harry,78,,88=,Jemma,64
89,Gordon,75,,88=,Morgan,64
90,Alasdair,68,,90=,Christina,61
91=,Charles,67,,90=,Clare,61
91=,Graham,67,,92,Karen,60
93=,Bradley,66,,93,Ruth,59
93=,Graeme,66,,94,Molly,58
95,Allan,65,,95,Leah,57
96,George,64,,96,Rebekah,56
97=,Ciaran,61,,97=,Hollie,55
97=,Keiran,61,,97=,Shona,55
99=,Douglas,59,,97=,Toni,55
99=,Murray,59,,100=,Lindsay,54
101,Dominic,56,,100=,Sara,54
102,Taylor,55,,102,Kathleen,52
103,Corey,54,,103,Eleanor,49
104=,Brandon,53,,104=,Ellie,48
104=,Kenneth,53,,104=,Hazel,48
104=,Oliver,53,,106,Ellen,47
107=,Niall,52,,107=,Chantelle,46
107=,Owen,52,,107=,Jasmine,46
109,Finlay,51,,109=,Adele,45
110=,Alastair,50,,109=,Christie,45
110=,Mohammed,50,,109=,Joanna,45
112,Jay,48,,112=,Katy,44
113,Dillon,44,,112=,Kelsey,44
114,Louis,42,,114=,Caroline,43
115=,Drew,41,,114=,Lynsey,43
115=,Hamish,41,,116=,Kimberly,42
117=,Barry,40,,116=,Leigh,42
117=,Max,40,,116=,Mairi,42
119=,Brendan,39,,119=,Ailsa,41
119=,Calvin,39,,119=,Cheryl,41
121=,Edward,38,,119=,Dionne,41
121=,Elliot,38,,119=,Julie,41
121=,Joe,38,,119=,Nikki,41
121=,Marcus,38,,124=,Kerri,40
125=,Derek,37,,124=,Susan,40
125=,Garry,37,,126=,Ainsley,39
125=,Jacob,37,,126=,Jacqueline,39
128=,Donald,35,,126=,Nadia,39
128=,Fergus,35,,129,Lori,38
128=,Ruairidh,35,,130=,Kirstin,37
131=,Daryl,33,,130=,Maria,37
131=,Greig,33,,132=,Brogan,36
133=,Arran,31,,132=,Brooke,36
133=,Keith,31,,132=,Carla,36
135=,Curtis,30,,132=,Jane,36
135=,Martyn,30,,136=,Angela,35
137,Glen,29,,136=,Rhiannon,35
138=,Bruce,28,,138=,Abby,34
138=,Conner,28,,138=,Alanna,34
138=,Logan,28,,138=,Georgia,34
138=,Philip,28,,138=,Helen,34
138=,Shane,28,,138=,Isla,34
143=,Bryan,27,,138=,Kaitlin,34
143=,Frazer,27,,138=,Michaela,34
143=,Gareth,27,,138=,Paula,34
143=,Keir,27,,146=,Deborah,33
143=,Ruaridh,27,,146=,Julia,33
148=,Billy,26,,146=,Katrina,33
148=,Tom,26,,146=,Mary,33
148=,Tyler,26,,150,Grace,32
151=,Alex,25,,151=,Christine,31
151=,Danny,25,,151=,Kara,31
151=,Jon,25,,151=,Linzi,31
151=,Jonathon,25,,151=,Lorna,31
155=,Jordon,24,,151=,Meghan,31
155=,Kieron,24,,151=,Suzanne,31
155=,Kristopher,24,,157=,Connie,30
155=,Mohammad,24,,157=,Melanie,30
155=,Russell,24,,157=,Niamh,30
160=,Kieren,23,,157=,Rhona,30
160=,Stefan,23,,157=,Shannen,30
160=,Tony,23,,162=,Ciara,29
163=,Campbell,22,,162=,Eve,29
163=,Charlie,22,,162=,Kim,29
163=,Simon,22,,162=,Rosie,29
166=,Brodie,21,,166=,Frances,28
166=,Darryl,21,,166=,Georgina,28
166=,Hugh,21,,166=,Vanessa,28
166=,Raymond,21,,169=,Becky,27
166=,Zak,21,,169=,Pamela,27
171=,Aiden,20,,169=,Shelby,27
171=,Ethan,20,,169=,Tamara,27
171=,Hayden,20,,173=,Amie,26
171=,Lyle,20,,173=,Carrie,26
171=,Muhammad,20,,175=,Charlene,25
176,Francis,19,,175=,Colette,25
177=,Evan,18,,175=,Gabrielle,25
177=,Kerr,18,,175=,Jamie,25
179=,Justin,17,,175=,Lara,25
179=,Mathew,17,,175=,Morven,25
179=,Timothy,17,,175=,Sally,25
182=,Gerard,16,,175=,Shelley,25
182=,Innes,16,,175=,Tyler,25
182=,Kris,16,,184=,Chelsey,24
182=,Lloyd,16,,184=,Kirstie,24
182=,Mitchell,16,,184=,Zara,24
187=,Antony,15,,187=,Dawn,23
187=,Bobby,15,,187=,Lesley,23
187=,Damien,15,,187=,Tanya,23
187=,Ronald,15,,190=,Colleen,22
191=,Henry,14,,190=,Jillian,22
191=,Kane,14,,190=,Jordan,22
191=,Lawrence,14,,190=,Lindsey,22
191=,Macaulay,14,,190=,Lois,22
191=,Ricky,14,,190=,Margaret,22
191=,Struan,14,,190=,Nadine,22
197=,Arron,13,,190=,Roisin,22
197=,Glenn,13,,190=,Terri,22
197=,Gregory,13,,199=,Andrea,21
197=,Lachlan,13,,199=,Bethan,21
197=,Malcolm,13,,199=,Lyndsay,21
197=,Roy,13,,199=,Lyndsey,21
203=,Corrie,12,,203=,Abbey,20
203=,Ewen,12,,203=,Alex,20
203=,Isaac,12,,203=,April,20
203=,Jed,12,,203=,Francesca,20
207=,Ashley,11,,203=,Hayleigh,20
207=,Connar,11,,203=,Hope,20
207=,Joel,11,,203=,Lana,20
207=,Magnus,11,,203=,Sian,20
207=,Robin,11,,211=,Alicia,19
207=,Ruaraidh,11,,211=,Alix,19
207=,Zachary,11,,211=,Ellis,19
214=,Brad,10,,211=,Eva,19
214=,Brett,10,,211=,Freya,19
214=,Damon,10,,211=,Jodi,19
214=,Ellis,10,,211=,Rose,19
214=,Eric,10,,211=,Rowan,19
214=,Jared,10,,211=,Tiffany,19
214=,Kai,10,,220=,Bryony,18
214=,Karl,10,,220=,Caitlyn,18
214=,Kristofer,10,,220=,Claudia,18
214=,Kurtis,10,,220=,Donna,18
214=,Marco,10,,220=,Monica,18
214=,Stephan,10,,220=,Tammy,18
214=,Wayne,10,,220=,Tara,18
214=,Zack,10,,227=,Allana,17
228=,Ali,9,,227=,Briony,17
228=,Alister,9,,227=,Chelsie,17
228=,Anton,9,,227=,Clara,17
228=,Cory,9,,227=,Dannielle,17
228=,Findlay,9,,227=,Debbie,17
228=,Finn,9,,227=,Jenny,17
228=,Gregg,9,,227=,Rhianna,17
228=,Hamzah,9,,235=,Alannah,16
228=,Harvey,9,,235=,Corrie,16
228=,Macauley,9,,235=,Elaine,16
228=,Maxwell,9,,235=,Emma-Louise,16
228=,Myles,9,,235=,Kiera,16
228=,Omar,9,,235=,Kristina,16
228=,Ronan,9,,235=,Lydia,16
228=,Scot,9,,235=,Shannan,16
228=,Vincent,9,,235=,Simone,16
244=,Abdul,8,,235=,Sinead,16
244=,Adrian,8,,245=,Aileen,15
244=,Clark,8,,245=,Alisha,15
244=,Darrell,8,,245=,Antonia,15
244=,Frank,8,,245=,Dana,15
244=,Hassan,8,,245=,Elise,15
244=,Johnathan,8,,245=,Jamie-Lee,15
244=,Keiren,8,,245=,Kerrie,15
244=,Leo,8,,245=,Sarah-Jane,15
244=,Leon,8,,245=,Skye,15
244=,Murdo,8,,254=,Aisha,14
244=,Ronnie,8,,254=,Billie,14
244=,Rowan,8,,254=,Danni,14
244=,Tommy,8,,254=,Dayna,14
258=,Amir,7,,254=,Gail,14
258=,Bryce,7,,254=,Harriet,14
258=,Carl,7,,254=,Keira,14
258=,Christian,7,,254=,Leona,14
258=,Connall,7,,254=,Lily,14
258=,Damian,7,,254=,Sheryl,14
258=,Dario,7,,254=,Teri,14
258=,Dillan,7,,265=,Annabel,13
258=,Elliott,7,,265=,Anne,13
258=,Harrison,7,,265=,Elisha,13
258=,Kurt,7,,265=,Flora,13
258=,Levi,7,,265=,Katharine,13
258=,Matt,7,,265=,Kayla,13
258=,Morgan,7,,265=,Lucie,13
258=,Reiss,7,,265=,Lynsay,13
258=,Sandy,7,,265=,Marianne,13
258=,Sohail,7,,265=,Nina,13
258=,Usman,7,,265=,Phoebe,13
276=,Ahmad,6,,265=,Poppy,13
276=,Alisdair,6,,265=,Rhianne,13
276=,Archibald,6,,265=,Rosemary,13
276=,Blake,6,,265=,Yasmin,13
276=,Cailean,6,,280=,Ainslie,12
276=,Cal,6,,280=,Amelia,12
276=,Dexter,6,,280=,Ami,12
276=,Gerald,6,,280=,Brodie,12
276=,Hamza,6,,280=,Christy,12
276=,Harris,6,,280=,Coral,12
276=,Johnathon,6,,280=,Daisy,12
276=,Johnny,6,,280=,Imogen,12
276=,Keiron,6,,280=,India,12
276=,Kelvin,6,,280=,Jayde,12
276=,Kristoffer,6,,280=,Jayne,12
276=,Kyran,6,,280=,Jill,12
276=,Laurence,6,,280=,Kaitlyn,12
276=,Mason,6,,280=,Keri,12
276=,Mohamed,6,,280=,Linda,12
276=,Nathaniel,6,,280=,Lynn,12
276=,Nico,6,,280=,Marie,12
276=,Oscar,6,,280=,Rebekka,12
276=,Phillip,6,,280=,Sheree,12
276=,Ruari,6,,280=,Stacy,12
276=,Saif,6,,280=,Yvonne,12
276=,Seamus,6,,301=,Annie,11
276=,Shawn,6,,301=,Charlie,11
276=,Tristan,6,,301=,Charmaine,11
276=,Warren,6,,301=,Daniella,11
276=,Zain,6,,301=,Elle,11
306=,Alessandro,5,,301=,Esther,11
306=,Antonio,5,,301=,Jay,11
306=,Archie,5,,301=,Jaye,11
306=,Ayden,5,,301=,Karla,11
306=,Benedict,5,,301=,Kendal,11
306=,Bernard,5,,301=,Louisa,11
306=,Bilal,5,,301=,Saffron,11
306=,Casey,5,,301=,Sarah-Louise,11
306=,Conan,5,,301=,Shauni,11
306=,Darryn,5,,315=,Abbi,10
306=,Dylon,5,,315=,Ailie,10
306=,Gianluca,5,,315=,Alexandria,10
306=,Guy,5,,315=,Allison,10
306=,Imran,5,,315=,Alyson,10
306=,Jak,5,,315=,Anya,10
306=,Kamran,5,,315=,Bobbie,10
306=,Kevan,5,,315=,Charley,10
306=,Kierran,5,,315=,Collette,10
306=,Kirk,5,,315=,Dominique,10
306=,Kristian,5,,315=,Eilish,10
306=,Kyler,5,,315=,Fern,10
306=,Moray,5,,315=,Kayley,10
306=,Nile,5,,315=,Kristy,10
306=,Rikki,5,,315=,Maryam,10
306=,Ritchie,5,,315=,Miriam,10
306=,Roderick,5,,315=,Nicolle,10
306=,Sebastian,5,,315=,Nikita,10
306=,Syed,5,,315=,Roxanne,10
306=,Terence,5,,315=,Sophia,10
306=,Todd,5,,315=,Tayler,10
306=,Umar,5,,315=,Valerie,10
337=,Aaran,4,,337=,Ailidh,9
337=,Antoni,4,,337=,Ann,9
337=,Arthur,4,,337=,Annalise,9
337=,Asif,4,,337=,Bronwyn,9
337=,Austin,4,,337=,Carmen,9
337=,Bailey,4,,337=,Casey,9
337=,Chad,4,,337=,Cassandra,9
337=,Cole,4,,337=,Chiara,9
337=,Colm,4,,337=,Darcy,9
337=,Conar,4,,337=,Denise,9
337=,Crawford,4,,337=,Diane,9
337=,Dane,4,,337=,Ella,9
337=,Darragh,4,,337=,Elspeth,9
337=,Darrin,4,,337=,Evie,9
337=,Darroch,4,,337=,Haley,9
337=,Declyn,4,,337=,Josephine,9
337=,Domhnall,4,,337=,Justine,9
337=,Eoin,4,,337=,Karina,9
337=,Felix,4,,337=,Kay,9
337=,Harley,4,,337=,Kelsie,9
337=,Haroon,4,,337=,Laurie,9
337=,Haydn,4,,337=,Lorraine,9
337=,Hugo,4,,337=,Madeleine,9
337=,Jackson,4,,337=,Mandy,9
337=,Jorden,4,,337=,Mollie,9
337=,Kalvin,4,,337=,Monique,9
337=,Maximilian,4,,337=,Patricia,9
337=,Miles,4,,337=,Rachelle,9
337=,Mitchel,4,,337=,Shanice,9
337=,Mungo,4,,337=,Sharon,9
337=,Nicol,4,,337=,Shauna,9
337=,Pierce,4,,337=,Vicki,9
337=,Rian,4,,337=,Vicky,9
337=,Rob,4,,370=,Alanah,8
337=,Roberto,4,,370=,Arlene,8
337=,Roddy,4,,370=,Bianca,8
337=,Ruairi,4,,370=,Bonnie,8
337=,Terry,4,,370=,Cassie,8
337=,Toby,4,,370=,Cody,8
337=,Tomas,4,,370=,Corinne,8
337=,Troy,4,,370=,Devon,8
337=,Wesley,4,,370=,Evelyn,8
337=,Zen,4,,370=,Gayle,8
380=,Aarron,3,,370=,Hailey,8
380=,Abbas,3,,370=,Helena,8
380=,Aden,3,,370=,Jasmin,8
380=,Ahmed,3,,370=,Jo-Anne,8
380=,Alun,3,,370=,Jody,8
380=,Benn,3,,370=,Joy,8
380=,Cairn,3,,370=,Kennedy,8
380=,Caleb,3,,370=,Kirsteen,8
380=,Callan,3,,370=,Kirstyn,8
380=,Carlo,3,,370=,Loren,8
380=,Chris,3,,370=,Natalia,8
380=,Cian,3,,370=,Rhea,8
380=,Coll,3,,370=,Ruby,8
380=,Conal,3,,370=,Sasha,8
380=,Conall,3,,370=,Savannah,8
380=,Connaire,3,,370=,Susannah,8
380=,Dalton,3,,370=,Tessa,8
380=,Darius,3,,370=,Theresa,8
380=,Darrel,3,,398=,Amna,7
380=,Davie,3,,398=,Amy-Louise,7
380=,Davis,3,,398=,Aoife,7
380=,Dayle,3,,398=,Audrey,7
380=,Dennis,3,,398=,Ayesha,7
380=,Donnie,3,,398=,Celine,7
380=,Dyllan,3,,398=,Charli,7
380=,Edmund,3,,398=,Constance,7
380=,Forbes,3,,398=,Crystal,7
380=,Frederick,3,,398=,Dani,7
380=,Haris,3,,398=,Deanna,7
380=,Haseeb,3,,398=,Ebony,7
380=,Hashim,3,,398=,Eden,7
380=,Humza,3,,398=,Emma-Jane,7
380=,Jasper,3,,398=,Erica,7
380=,Jedd,3,,398=,Gabriella,7
380=,Jeremy,3,,398=,Harley,7
380=,Jonas,3,,398=,Hilary,7
380=,Ka,3,,398=,Holli,7
380=,Konrad,3,,398=,Iqra,7
380=,Laurie,3,,398=,Isabel,7
380=,Lawrie,3,,398=,Jaclyn,7
380=,Leigh,3,,398=,Jamie-Leigh,7
380=,Leighton,3,,398=,Jordyn,7
380=,Lindsay,3,,398=,Karis,7
380=,Mac,3,,398=,Kellie,7
380=,Mackenzie,3,,398=,Kristen,7
380=,Milo,3,,398=,Larissa,7
380=,Mohd,3,,398=,Lee,7
380=,Muir,3,,398=,Leeanne,7
380=,Munro,3,,398=,Lynne,7
380=,Nethan,3,,398=,Marissa,7
380=,Nicolas,3,,398=,Martha,7
380=,Norman,3,,398=,Maxine,7
380=,Osama,3,,398=,Morag,7
380=,Pierre,3,,398=,Pauline,7
380=,Qasim,3,,398=,Rhiann,7
380=,Ralph,3,,398=,Rosalind,7
380=,Ramsay,3,,398=,Shaunie,7
380=,Rees,3,,398=,Stevie,7
380=,Reese,3,,398=,Summer,7
380=,Rehman,3,,398=,Tamsin,7
380=,Ricardo,3,,440=,Adrienne,6
380=,Ricki,3,,440=,Alexis,6
380=,Robson,3,,440=,Brittany,6
380=,Rogan,3,,440=,Candice,6
380=,Roger,3,,440=,Carina,6
380=,Rohan,3,,440=,Carley,6
380=,Rudi,3,,440=,Carlie,6
380=,Samir,3,,440=,Carol,6
380=,Sean-Paul,3,,440=,Carolyn,6
380=,Spencer,3,,440=,Catrina,6
380=,Theodore,3,,440=,Chanel,6
380=,Thorfinn,3,,440=,Chanelle,6
380=,Xavier,3,,440=,Cherie,6
380=,Zac,3,,440=,Clair,6
380=,Zach,3,,440=,Elisa,6
455=,Adem,2,,440=,Eloise,6
455=,Adil,2,,440=,Erika,6
455=,Ahsan,2,,440=,Eryn,6
455=,Alain,2,,440=,Faith,6
455=,Albert,2,,440=,Faye,6
455=,Aled,2,,440=,Fionnuala,6
455=,Aleksander,2,,440=,Gaynor,6
455=,Alen,2,,440=,Georgie,6
455=,Ally,2,,440=,Heidi,6
455=,Amos,2,,440=,Isabella,6
455=,Andreas,2,,440=,Jamielee,6
455=,Aodhan,2,,440=,Judith,6
455=,Arian,2,,440=,Kendall,6
455=,Arjan,2,,440=,Kristin,6
455=,Armaan,2,,440=,Kyla,6
455=,Arnold,2,,440=,Laura-Ann,6
455=,Aron,2,,440=,Leonie,6
455=,Arrin,2,,440=,Levi,6
455=,Asad,2,,440=,Lisa-Marie,6
455=,Barnaby,2,,440=,Mairead,6
455=,Blain,2,,440=,Maisie,6
455=,Blane,2,,440=,Marion,6
455=,Blayne,2,,440=,Marisa,6
455=,Brady,2,,440=,Maureen,6
455=,Branden,2,,440=,Mikaela,6
455=,Brent,2,,440=,Nida,6
455=,Bryn,2,,440=,Rabia,6
455=,Byron,2,,440=,Ria,6
455=,Caillan,2,,440=,Rochelle,6
455=,Caine,2,,440=,Roslyn,6
455=,Cale,2,,440=,Sabrina,6
455=,Cavan,2,,440=,Sandie,6
455=,Chalmers,2,,440=,Seonaid,6
455=,Christie,2,,440=,Shereen,6
455=,Christy,2,,440=,Sheridan,6
455=,Chun,2,,440=,Stefanie,6
455=,Cieran,2,,440=,Tammi,6
455=,Clay,2,,440=,Veronica,6
455=,Clyde,2,,493=,Ainsleigh,5
455=,Cody,2,,493=,Aisling,5
455=,Coner,2,,493=,Alia,5
455=,Conlan,2,,493=,Alisa,5
455=,Connell,2,,493=,Anisah,5
455=,Conrad,2,,493=,Arianne,5
455=,Coray,2,,493=,Bernadette,5
455=,Corie,2,,493=,Beverley,5
455=,Cormac,2,,493=,Bronagh,5
455=,Corry,2,,493=,Callie,5
455=,Courtney,2,,493=,Ceri,5
455=,Cyrus,2,,493=,Codie,5
455=,Danyal,2,,493=,Corey,5
455=,Daren,2,,493=,Courteney,5
455=,Dariush,2,,493=,Debra,5
455=,Darran,2,,493=,Fatima,5
455=,Daryn,2,,493=,Hanna,5
455=,Declin,2,,493=,Isabelle,5
455=,Deen,2,,493=,Ishbel,5
455=,Denis,2,,493=,Jocelyn,5
455=,Devlin,2,,493=,Johanna,5
455=,Devon,2,,493=,Karly,5
455=,Diarmid,2,,493=,Karyn,5
455=,Dilan,2,,493=,Kaya,5
455=,Dominik,2,,493=,Kendra,5
455=,Donal,2,,493=,Kira,5
455=,Dougal,2,,493=,Kristie,5
455=,Dugald,2,,493=,Leighanne,5
455=,Dyllon,2,,493=,Leila,5
455=,Eamon,2,,493=,Linsey,5
455=,Eathan,2,,493=,Madelaine,5
455=,Eddie,2,,493=,Madeline,5
455=,Eli,2,,493=,Maegan,5
455=,Eliot,2,,493=,Marnie,5
455=,Eoghan,2,,493=,Meg,5
455=,Erik,2,,493=,Nichola,5
455=,Faisal,2,,493=,Nichole,5
455=,Faris,2,,493=,Penny,5
455=,Fearghas,2,,493=,Rae,5
455=,Finbar,2,,493=,Rhiain,5
455=,Floyd,2,,493=,Sacha,5
455=,Frankie,2,,493=,Sadia,5
455=,Frederic,2,,493=,Sana,5
455=,Gabriel,2,,493=,Sharlene,5
455=,Garth,2,,493=,Sonia,5
455=,Geordie,2,,493=,Staci,5
455=,Giancarlo,2,,493=,Tabitha,5
455=,Giovanni,2,,493=,Tasmin,5
455=,Giuseppe,2,,493=,Vivienne,5
455=,Gordan,2,,493=,Wendy,5
455=,Grahame,2,,493=,Zahra,5
455=,Haaris,2,,493=,Zainab,5
455=,Hal,2,,545=,Ailish,4
455=,Hector,2,,545=,Aimie,4
455=,Idrees,2,,545=,Aleisha,4
455=,Ioannis,2,,545=,Aliesha,4
455=,Irvine,2,,545=,Allanah,4
455=,Ivan,2,,545=,Alysha,4
455=,Jac,2,,545=,Angharad,4
455=,Jaime,2,,545=,Anita,4
455=,Jaimie,2,,545=,Annabelle,4
455=,Jakob,2,,545=,Anne-Marie,4
455=,Jamie-Lee,2,,545=,Aqsa,4
455=,Jarrad,2,,545=,Astrid,4
455=,Jarvis,2,,545=,Atlanta,4
455=,Jaryd,2,,545=,Ava,4
455=,Jefferson,2,,545=,Avril,4
455=,Jessica,2,,545=,Barbara,4
455=,Johannes,2,,545=,Blythe,4
455=,Johnnie,2,,545=,Brenna,4
455=,Jordyn,2,,545=,Caley,4
455=,Jose,2,,545=,Camilla,4
455=,Julian,2,,545=,Carli,4
455=,Karim,2,,545=,Carolanne,4
455=,Kenny,2,,545=,Carron,4
455=,Kern,2,,545=,Caryn,4
455=,Kian,2,,545=,Ceara,4
455=,Kriss,2,,545=,Ceilidh,4
455=,Kwok,2,,545=,Cerys,4
455=,Kylle,2,,545=,Clarissa,4
455=,Lalit,2,,545=,Courtnay,4
455=,Lance,2,,545=,Demi-Louise,4
455=,Leonard,2,,545=,Diana,4
455=,Leslie,2,,545=,Dianne,4
455=,Lliam,2,,545=,Dion,4
455=,Louie,2,,545=,Dione,4
455=,Lucas,2,,545=,Eileen,4
455=,Luis,2,,545=,Elaina,4
455=,Lyall,2,,545=,Ellice,4
455=,Mario,2,,545=,Enya,4
455=,Matteo,2,,545=,Errin,4
455=,Mckenzie,2,,545=,Evan,4
455=,Micheil,2,,545=,Finlay,4
455=,Millar,2,,545=,Francine,4
455=,Mohamad,2,,545=,Genevieve,4
455=,Morrison,2,,545=,Geraldine,4
455=,Naill,2,,545=,Gina,4
455=,Nathin,2,,545=,Gwen,4
455=,Neal,2,,545=,Islay,4
455=,Nicki,2,,545=,Jackie,4
455=,Nicky,2,,545=,Jaime,4
455=,Nikki,2,,545=,Janet,4
455=,Norton,2,,545=,Janna,4
455=,Oran,2,,545=,Jean,4
455=,Paddy,2,,545=,Jessie,4
455=,Raheel,2,,545=,Jo,4
455=,Rana,2,,545=,Jordanne,4
455=,Raphael,2,,545=,June,4
455=,Ray,2,,545=,Kali,4
455=,Reice,2,,545=,Kaylee,4
455=,Reuben,2,,545=,Kerryn,4
455=,Rhuari,2,,545=,Kiran,4
455=,Rhyan,2,,545=,Kristi,4
455=,Robb,2,,545=,Lacey,4
455=,Rorie,2,,545=,Leanna,4
455=,Saad,2,,545=,Leeann,4
455=,Sami,2,,545=,Lianne,4
455=,Saqib,2,,545=,Lucinda,4
455=,Saul,2,,545=,Lyn,4
455=,Seth,2,,545=,Mackenzie,4
455=,Shaan,2,,545=,Madison,4
455=,Shahrukh,2,,545=,Mariam,4
455=,Shannon,2,,545=,Maryann,4
455=,Sohaib,2,,545=,Maya,4
455=,Sonny,2,,545=,Meagan,4
455=,Stanley,2,,545=,Mhari,4
455=,Stefano,2,,545=,Mia,4
455=,Steve,2,,545=,Miranda,4
455=,Stevie,2,,545=,Rebeka,4
455=,Subhan,2,,545=,Roseanne,4
455=,Suhaib,2,,545=,Sammi-Jo,4
455=,Tayler,2,,545=,Sammy,4
455=,Tenzin,2,,545=,Sarah-Ann,4
455=,Toni,2,,545=,Sarah-Jayne,4
455=,Torquil,2,,545=,Saskia,4
455=,Tyrone,2,,545=,Shaunagh,4
455=,Usmaan,2,,545=,Shonagh,4
455=,Wallace,2,,545=,Sorcha,4
455=,Walter,2,,545=,Sylvia,4
455=,Yousef,2,,545=,Tegan,4
455=,Yuta,2,,545=,Tracey,4
455=,Zachariah,2,,545=,Vikki,4
455=,Zacharie,2,,545=,Vivien,4
455=,Zachery,2,,545=,Wai,4
455=,Zackary,2,,545=,Whitney,4
455=,Zakary,2,,545=,Yasmine,4
455=,Zeeshan,2,,639=,Ailis,3
455=,Zubair,2,,639=,Aine,3
641=,Aadal,1,,639=,Ali,3
641=,Aadam,1,,639=,Aliya,3
641=,Aadil,1,,639=,Allyson,3
641=,Aamir,1,,639=,Alyssa,3
641=,Aannan,1,,639=,Amiee,3
641=,Aarondeep,1,,639=,Amina,3
641=,Aaryn,1,,639=,Amye,3
641=,Abd,1,,639=,Anastasia,3
641=,Abd-Arrahman,1,,639=,Angelina,3
641=,Abdalla,1,,639=,Anmol,3
641=,Abdallah,1,,639=,Annmarie,3
641=,Abdelkader,1,,639=,Ariana,3
641=,Abdelkarim,1,,639=,Asma,3
641=,Abdu-Alla,1,,639=,Autumn,3
641=,Abduelrahman,1,,639=,Ayla,3
641=,Abdulaziz,1,,639=,Aynsley,3
641=,Abdulrahman,1,,639=,Bernice,3
641=,Abdur,1,,639=,Bethanie,3
641=,Abed-Elrhman,1,,639=,Blair,3
641=,Abhijit,1,,639=,Broghan,3
641=,Abraar,1,,639=,Camille,3
641=,Abtean,1,,639=,Caragh,3
641=,Abul,1,,639=,Carlene,3
641=,Abyaz,1,,639=,Carlyn,3
641=,Adamson,1,,639=,Carol-Anne,3
641=,Adan,1,,639=,Carolann,3
641=,Addison,1,,639=,Caron,3
641=,Adedamola,1,,639=,Carys,3
641=,Adeel,1,,639=,Chantell,3
641=,Adian,1,,639=,Charelle,3
641=,Adin,1,,639=,Charis,3
641=,Adnaan,1,,639=,Charly,3
641=,Adnan,1,,639=,Cherise,3
641=,Adris,1,,639=,Cicely,3
641=,Adyan,1,,639=,Claire-Louise,3
641=,Aedan,1,,639=,Clodagh,3
641=,Aftab,1,,639=,Codey,3
641=,Ahad,1,,639=,Cora,3
641=,Ahren,1,,639=,Corrine,3
641=,Ahzha,1,,639=,Cree,3
641=,Aidenn,1,,639=,Daena,3
641=,Aiman,1,,639=,Dara,3
641=,Aisa,1,,639=,Darryl,3
641=,Ajdin,1,,639=,Demi-Leigh,3
641=,Akash,1,,639=,Demmi,3
641=,Akbar,1,,639=,Devin,3
641=,Akib,1,,639=,Drew,3
641=,Akil,1,,639=,Elena,3
641=,Akram,1,,639=,Elinor,3
641=,Alamin,1,,639=,Elisabeth,3
641=,Alec,1,,639=,Elly,3
641=,Alessio,1,,639=,Ellyn,3
641=,Alexandre,1,,639=,Esme,3
641=,Alexandros,1,,639=,Fallon,3
641=,Alexis,1,,639=,Florence,3
641=,Alfatih,1,,639=,Hana,3
641=,Alfie,1,,639=,Hoi,3
641=,Alfred,1,,639=,Ikra,3
641=,Ali-Abbas,1,,639=,Ilana,3
641=,Alim,1,,639=,Iman,3
641=,Allastair,1,,639=,Irum,3
641=,Allister,1,,639=,Isra,3
641=,Almir,1,,639=,Jacqui,3
641=,Alvar,1,,639=,Jadene,3
641=,Alvin,1,,639=,Jan,3
641=,Aman,1,,639=,Janey,3
641=,Amand,1,,639=,Jayden,3
641=,Amar,1,,639=,Jaydene,3
641=,Amardeep,1,,639=,Jenni,3
641=,Ameer,1,,639=,Julie-Anne,3
641=,Amirul,1,,639=,Juliet,3
641=,Amr,1,,639=,Juliette,3
641=,Anas,1,,639=,Karin,3
641=,Andi,1,,639=,Karlie,3
641=,Andouce,1,,639=,Katelyn,3
641=,Andre,1,,639=,Kathrine,3
641=,Andrei,1,,639=,Katriona,3
641=,Aneil,1,,639=,Kealy,3
641=,Anes,1,,639=,Keirra,3
641=,Aniket,1,,639=,Kellyann,3
641=,Anser,1,,639=,Kelsay,3
641=,Anshu,1,,639=,Kelsea,3
641=,Antoin,1,,639=,Kelsi,3
641=,Antoine,1,,639=,Kenzie,3
641=,Antonis,1,,639=,Keziah,3
641=,Aonghas,1,,639=,Layla,3
641=,Aqib,1,,639=,Lee-Ann,3
641=,Areeb,1,,639=,Linsay,3
641=,Arjun,1,,639=,Lorena,3
641=,Arnjit,1,,639=,Lorien,3
641=,Arryn,1,,639=,Luisa,3
641=,Arsal,1,,639=,Lynette,3
641=,Arsalan,1,,639=,Maeve,3
641=,Asam,1,,639=,Marie-Claire,3
641=,Asfand,1,,639=,Marina,3
641=,Ashish,1,,639=,Martine,3
641=,Ashten,1,,639=,Mary-Anne,3
641=,Ashton,1,,639=,Matilda,3
641=,Asier,1,,639=,Meaghan,3
641=,Asim,1,,639=,Meggan,3
641=,Asjid,1,,639=,Michaella,3
641=,Asmaar,1,,639=,Misha,3
641=,Assim,1,,639=,Nathalie,3
641=,Aston,1,,639=,Nia,3
641=,Atif,1,,639=,Nikkita,3
641=,Atticus,1,,639=,Niomi,3
641=,Attique,1,,639=,Perri,3
641=,Aurelio,1,,639=,Philippa,3
641=,Austen,1,,639=,Polly,3
641=,Austyn,1,,639=,Priya,3
641=,Avais,1,,639=,Rhian,3
641=,Avery,1,,639=,Rio,3
641=,Avtar,1,,639=,Rona,3
641=,Axel,1,,639=,Roni,3
641=,Ayaz,1,,639=,Rosalie,3
641=,Aydin,1,,639=,Rosanna,3
641=,Ayisy,1,,639=,Roseanna,3
641=,Ayman,1,,639=,Rowena,3
641=,Aynslie,1,,639=,Sadie,3
641=,Azhar,1,,639=,Samantha-Jane,3
641=,Bailie,1,,639=,Sanah,3
641=,Baillee,1,,639=,Sandi,3
641=,Balal,1,,639=,Sangeeta,3
641=,Balaraj,1,,639=,Sarra,3
641=,Balraj,1,,639=,Selina,3
641=,Balram,1,,639=,Shanna,3
641=,Barney,1,,639=,Shanon,3
641=,Barri,1,,639=,Sheena,3
641=,Barrie,1,,639=,Shirley,3
641=,Barry-John,1,,639=,Sophie-Louise,3
641=,Basil,1,,639=,Stacie,3
641=,Baxter,1,,639=,Tamsyn,3
641=,Beau,1,,639=,Tracy,3
641=,Behailu,1,,639=,Vaila,3
641=,Benan,1,,639=,Willow,3
641=,Benjamen,1,,639=,Zarah,3
641=,Bhupinder,1,,639=,Zoey,3
641=,Bhurkat,1,,778=,Abigayle,2
641=,Bikramjit,1,,778=,Adelle,2
641=,Billie,1,,778=,Adriana,2
641=,Blaid,1,,778=,Aime,2
641=,Blaine,1,,778=,Aishah,2
641=,Blayre,1,,778=,Aislinn,2
641=,Blue,1,,778=,Alaa,2
641=,Boaz,1,,778=,Aleasha,2
641=,Bobbi,1,,778=,Alessandra,2
641=,Bobby-Jordan,1,,778=,Alexa,2
641=,Bonar,1,,778=,Alexsandra,2
641=,Bora,1,,778=,Alicea,2
641=,Boris,1,,778=,Alissa,2
641=,Braden,1,,778=,Allena,2
641=,Bradie,1,,778=,Amarpreet,2
641=,Bradlay,1,,778=,Ami-Leigh,2
641=,Brenan,1,,778=,Aminah,2
641=,Brendyn,1,,778=,Ammarah,2
641=,Bret,1,,778=,Amy-Lee,2
641=,Brodye,1,,778=,Anisa,2
641=,Brogan,1,,778=,Anjali,2
641=,Brook,1,,778=,Ann-Marie,2
641=,Bruce-Robert,1,,778=,Anna-Maria,2
641=,Bruno,1,,778=,Annalisa,2
641=,Bryans,1,,778=,Annemarie,2
641=,Bryar,1,,778=,Arran,2
641=,Brynly,1,,778=,Ashlie,2
641=,Burhan,1,,778=,Ashton,2
641=,Cade,1,,778=,Asli,2
641=,Cahir,1,,778=,Ayleigh,2
641=,Cai,1,,778=,Aysha,2
641=,Cairns,1,,778=,Bailey,2
641=,Calan,1,,778=,Beckie,2
641=,Calin,1,,778=,Billie-Jean,2
641=,Callam,1,,778=,Billie-Jo,2
641=,Callen,1,,778=,Brenda,2
641=,Callin,1,,778=,Bridget,2
641=,Callyn,1,,778=,Bushra,2
641=,Calumn,1,,778=,Cailin,2
641=,Cameran,1,,778=,Caoimhe,2
641=,Cameron-Jack,1,,778=,Carey,2
641=,Camran,1,,778=,Cari,2
641=,Caolan,1,,778=,Carole,2
641=,Carrick,1,,778=,Carrianne,2
641=,Carwyn,1,,778=,Carson,2
641=,Cary,1,,778=,Casie,2
641=,Cathal,1,,778=,Cecily,2
641=,Ceiran,1,,778=,Celeste,2
641=,Ceohilan,1,,778=,Celia,2
641=,Chace,1,,778=,Chantel,2
641=,Chadd,1,,778=,Charlee,2
641=,Charanjit,1,,778=,Charmain,2
641=,Charanveer,1,,778=,Chelcie,2
641=,Chedean,1,,778=,Chelsi,2
641=,Chee,1,,778=,Cherelle,2
641=,Chen-Guang,1,,778=,Cheri,2
641=,Cheuk,1,,778=,Cherry,2
641=,Chow,1,,778=,Cheyanne,2
641=,Chum,1,,778=,Chloe-Louise,2
641=,Chum-Nam,1,,778=,Ciorstaidh,2
641=,Ciar,1,,778=,Claire-Marie,2
641=,Ciara,1,,778=,Clementine,2
641=,Ciaron,1,,778=,Cliona,2
641=,Cihan,1,,778=,Coleen,2
641=,Cillian,1,,778=,Corran,2
641=,Ciro,1,,778=,Corrin,2
641=,Clarke,1,,778=,Corrina,2
641=,Clifford,1,,778=,Courtenay,2
641=,Clinton,1,,778=,Daina,2
641=,Clive,1,,778=,Dale,2
641=,Cobayne,1,,778=,Dania,2
641=,Coby,1,,778=,Daniel,2
641=,Coen,1,,778=,Daniela,2
641=,Coire,1,,778=,Danna,2
641=,Colby,1,,778=,Dannika,2
641=,Colbyn,1,,778=,Darci,2
641=,Colyn,1,,778=,Darian,2
641=,Con,1,,778=,Daryl,2
641=,Conhor,1,,778=,Demi-Lee,2
641=,Conn,1,,778=,Deni,2
641=,Connan,1,,778=,Derry,2
641=,Connel,1,,778=,Derya,2
641=,Connlan,1,,778=,Devyn,2
641=,Connor-Stewart,1,,778=,Domenica,2
641=,Conroy,1,,778=,Donna-Marie,2
641=,Cooper,1,,778=,Dorothy,2
641=,Coran,1,,778=,Edan,2
641=,Corin,1,,778=,Edith,2
641=,Corran,1,,778=,Eireann,2
641=,Correy,1,,778=,Eithne,2
641=,Cosmo,1,,778=,Elin,2
641=,Culley,1,,778=,Elina,2
641=,Cuthred,1,,778=,Elishia,2
641=,Daemien,1,,778=,Elli,2
641=,Dalen,1,,778=,Ellouise,2
641=,Daley,1,,778=,Emilie,2
641=,Damion,1,,778=,Emily-Anne,2
641=,Dan,1,,778=,Emma-Lee,2
641=,Danaidh,1,,778=,Erinn,2
641=,Dani,1,,778=,Esmee,2
641=,Danial,1,,778=,Euphemia,2
641=,Daniel-Graeme,1,,778=,Faizah,2
641=,Daniel-Robert,1,,778=,Farrah,2
641=,Dannie,1,,778=,Farrell,2
641=,Dante,1,,778=,Fay,2
641=,Dany,1,,778=,Ferne,2
641=,Darian,1,,778=,Franki,2
641=,Darin,1,,778=,Fyonna,2
641=,Daris,1,,778=,Haleigh,2
641=,Darrenjeet,1,,778=,Halla,2
641=,Darryll,1,,778=,Harleigh,2
641=,Darwin,1,,778=,Harpreet,2
641=,Dary,1,,778=,Haylie,2
641=,Daryne,1,,778=,Hiba,2
641=,Daud,1,,778=,Hifsa,2
641=,David-James,1,,778=,Hira,2
641=,Davie-Joe,1,,778=,Humera,2
641=,Davin,1,,778=,Iesha,2
641=,Dawood,1,,778=,Ilona,2
641=,Dayne,1,,778=,Indiana,2
641=,Deacon,1,,778=,Indigo,2
641=,Deakyn,1,,778=,Innes,2
641=,Deane,1,,778=,Isobel,2
641=,Dearn,1,,778=,Ivana,2
641=,Dechlan,1,,778=,Jacklyn,2
641=,Decklyn,1,,778=,Jaimie,2
641=,Declan-John,1,,778=,Jana,2
641=,Declen,1,,778=,Janice,2
641=,Deklan,1,,778=,Janine,2
641=,Del,1,,778=,Janis,2
641=,Dele,1,,778=,Jaymee,2
641=,Dempsey,1,,778=,Jeanette,2
641=,Dempster,1,,778=,Jeanne,2
641=,Denny,1,,778=,Jena,2
641=,Denver,1,,778=,Jennie,2
641=,Derick,1,,778=,Jilly,2
641=,Derk,1,,778=,Joe-Anna,2
641=,Dermot,1,,778=,Johan,2
641=,Derrick,1,,778=,Jolene,2
641=,Derryl,1,,778=,Jordane,2
641=,Desmond,1,,778=,Jordanna,2
641=,Deveron,1,,778=,Josie,2
641=,Devin,1,,778=,Juliana,2
641=,Dhaine,1,,778=,Kacy,2
641=,Dhaneil,1,,778=,Kaireen,2
641=,Diarmaid,1,,778=,Kaleigh,2
641=,Dickon,1,,778=,Kari,2
641=,Dillian,1,,778=,Karleen,2
641=,Dilyan,1,,778=,Karra,2
641=,Dion,1,,778=,Karri,2
641=,Dirk,1,,778=,Karrie,2
641=,Dolton,1,,778=,Kasia,2
641=,Domhail-Iain,1,,778=,Katelynn,2
641=,Don,1,,778=,Katelynne,2
641=,Donnacha,1,,778=,Katie-Louise,2
641=,Donnchadh,1,,778=,Katrin,2
641=,Dougall,1,,778=,Kaylay,2
641=,Doyle,1,,778=,Kayleigh-Anne,2
641=,Dre,1,,778=,Keara,2
641=,Duane,1,,778=,Keeley,2
641=,Dwain,1,,778=,Kelley,2
641=,Dwaine,1,,778=,Kenedi,2
641=,Dylan-Rhys,1,,778=,Kerrianne,2
641=,Dylin,1,,778=,Kerrie-Anne,2
641=,Dylyn,1,,778=,Kerris,2
641=,Dymtro,1,,778=,Kerry-Anne,2
641=,Eachann,1,,778=,Keryn,2
641=,Eamonn,1,,778=,Khadijah,2
641=,Ean,1,,778=,Khloe,2
641=,Eassa,1,,778=,Kiah,2
641=,Ebrahim,1,,778=,Kirsty-Leigh,2
641=,Edan,1,,778=,Kitty,2
641=,Edvin,1,,778=,Krystyna,2
641=,Eemon,1,,778=,Kyra,2
641=,Eessa,1,,778=,Laken,2
641=,Eimad,1,,778=,Larisa,2
641=,Eion,1,,778=,Laura-Jane,2
641=,Elfego,1,,778=,Lauran,2
641=,Elias,1,,778=,Laurin,2
641=,Elijah,1,,778=,Leane,2
641=,Elio,1,,778=,Leann,2
641=,Eliot-Beau,1,,778=,Lee-Anne,2
641=,Elle,1,,778=,Leesa,2
641=,Elliot-Paul,1,,778=,Leigh-Ann,2
641=,Emannuel,1,,778=,Leoni,2
641=,Emile,1,,778=,Leonna,2
641=,Emilio,1,,778=,Lesleyanne,2
641=,Emmanuel,1,,778=,Lia,2
641=,Emmet,1,,778=,Liana,2
641=,Eoghainn,1,,778=,Libby,2
641=,Eoghann,1,,778=,Liberty,2
641=,Erlend,1,,778=,Lindy,2
641=,Erno,1,,778=,Lisamarie,2
641=,Erran,1,,778=,Liza,2
641=,Errington,1,,778=,Lora,2
641=,Etir,1,,778=,Lorne,2
641=,Eufryn,1,,778=,Luci,2
641=,Eugene,1,,778=,Lucia,2
641=,Evert,1,,778=,Lynda,2
641=,Ewing,1,,778=,Maddison,2
641=,Eyvind,1,,778=,Madiha,2
641=,Fabian,1,,778=,Magan,2
641=,Fabien,1,,778=,Mahri,2
641=,Fabio,1,,778=,Mandeep,2
641=,Fabrizio,1,,778=,Mandi,2
641=,Faisle,1,,778=,Mari,2
641=,Faraz,1,,778=,Mariann,2
641=,Farhaan,1,,778=,Marilyn,2
641=,Farhan,1,,778=,Mariya,2
641=,Farrikh,1,,778=,Marriyah,2
641=,Fasial,1,,778=,Maryanne,2
641=,Feargus,1,,778=,Marysia,2
641=,Fenn,1,,778=,Maud,2
641=,Ferguson,1,,778=,Maxi,2
641=,Fezan,1,,778=,Meghann,2
641=,Fiach,1,,778=,Mellisa,2
641=,Filip,1,,778=,Melody,2
641=,Finley,1,,778=,Mena,2
641=,Finnegan,1,,778=,Merran,2
641=,Finnian,1,,778=,Millie,2
641=,Fionnlagh,1,,778=,Morgen,2
641=,Firaaz,1,,778=,Morna,2
641=,Firaz,1,,778=,Moya,2
641=,Fletcher,1,,778=,Naila,2
641=,Fodil,1,,778=,Nancy,2
641=,Francisco,1,,778=,Natalya,2
641=,Franki,1,,778=,Necole,2
641=,Frasier,1,,778=,Neelam,2
641=,Freddy,1,,778=,Nikola,2
641=,Fritz,1,,778=,Nirvana,2
641=,Furmaan,1,,778=,Nisa,2
641=,Furqan,1,,778=,Nuala,2
641=,Fynn,1,,778=,Oonagh,2
641=,Gaber,1,,778=,Oriana,2
641=,Gaige,1,,778=,Paris,2
641=,Gair,1,,778=,Pearl,2
641=,Galen,1,,778=,Penelope,2
641=,Garen,1,,778=,Piper,2
641=,Garran,1,,778=,Purdey,2
641=,Garrick,1,,778=,Raechel,2
641=,Garrie,1,,778=,Raegan,2
641=,Garrin,1,,778=,Rana,2
641=,Garrion,1,,778=,Rebbecca,2
641=,Gary-Allan,1,,778=,Rebecka,2
641=,Geir,1,,778=,Rebekha,2
641=,Georgos,1,,778=,Rhia,2
641=,Giampiero,1,,778=,Ricki,2
641=,Gifarie,1,,778=,Robynn,2
641=,Gijs,1,,778=,Rohanne,2
641=,Gilbert,1,,778=,Ronny,2
641=,Giles,1,,778=,Rosa,2
641=,Gillan,1,,778=,Rosanne,2
641=,Gillespie,1,,778=,Roselyn,2
641=,Gilmore,1,,778=,Rosslyn,2
641=,Girvan,1,,778=,Rowanne,2
641=,Glyn,1,,778=,Rubina,2
641=,Glynn,1,,778=,Rudi,2
641=,Grace,1,,778=,Rukhsar,2
641=,Gregah,1,,778=,Sabah,2
641=,Grieg,1,,778=,Sabine,2
641=,Grigorios,1,,778=,Saira,2
641=,Grzegorz,1,,778=,Sam,2
641=,Guanlan,1,,778=,Samantha-Jayne,2
641=,Guraj,1,,778=,Samara,2
641=,Gurdev,1,,778=,Sammi,2
641=,Gurdit,1,,778=,Saniya,2
641=,Gurnam,1,,778=,Sarah-Anne,2
641=,Gurronak,1,,778=,Sarahjane,2
641=,Gursunil,1,,778=,Sehar,2
641=,Gurvir,1,,778=,Selena,2
641=,Hadi,1,,778=,Seonaidh,2
641=,Haiden,1,,778=,Serena,2
641=,Haider,1,,778=,Severine,2
641=,Haig,1,,778=,Shana,2
641=,Hamid,1,,778=,Shannice,2
641=,Hamilton,1,,778=,Shannon-Lee,2
641=,Hammad,1,,778=,Shantel,2
641=,Haneef,1,,778=,Shara,2
641=,Hanzla,1,,778=,Shauney,2
641=,Hardev,1,,778=,Shawna,2
641=,Harold,1,,778=,Shawny,2
641=,Harpal,1,,778=,Shelagh,2
641=,Harri,1,,778=,Shelbie,2
641=,Harun,1,,778=,Shelly,2
641=,Hasyim,1,,778=,Sheona,2
641=,Hateley,1,,778=,Shirelle,2
641=,Hatem,1,,778=,Sidrah,2
641=,Hazim,1,,778=,Sofia,2
641=,Heath,1,,778=,Sofie,2
641=,Hew,1,,778=,Sonya,2
641=,Hou,1,,778=,Steffanie,2
641=,Howard,1,,778=,Steffi,2
641=,Humzah,1,,778=,Stella,2
641=,Hussamuddin,1,,778=,Storm,2
641=,Hussan,1,,778=,Suman,2
641=,Huw,1,,778=,Suzanna,2
641=,Huzaifah,1,,778=,Syeda,2
641=,Huzefa,1,,778=,Taelor,2
641=,Ibegbunam,1,,778=,Talia,2
641=,Ibraheem,1,,778=,Tami,2
641=,Ibrahim,1,,778=,Tammie,2
641=,Ieaun,1,,778=,Tania,2
641=,Ieuan,1,,778=,Tanith,2
641=,Ievan,1,,778=,Taryn,2
641=,Iftikar,1,,778=,Tasneem,2
641=,Ihsan,1,,778=,Taylor-Louise,2
641=,Ikmal,1,,778=,Tess,2
641=,Ikraam,1,,778=,Thea,2
641=,Ikram,1,,778=,Tia,2
641=,Ilan,1,,778=,Tiana,2
641=,Ilian,1,,778=,Tiffini,2
641=,Imraan,1,,778=,Tiffney,2
641=,Inderbier,1,,778=,Toni-Lee,2
641=,Innis,1,,778=,Trisha,2
641=,Irfan,1,,778=,Tylar,2
641=,Irsalain,1,,778=,Ursula,2
641=,Ishaq,1,,778=,Vhairi,2
641=,Isiah,1,,778=,Vhari,2
641=,Islam,1,,778=,Winifred,2
641=,Isma'il,1,,778=,Winnie,2
641=,Ismael,1,,778=,Yolanda,2
641=,J-Jay,1,,778=,Yvette,2
641=,Jabran,1,,778=,Zahraa,2
641=,Jacques,1,,1101=,Aamina,1
641=,Jaden,1,,1101=,Aaminah,1
641=,Jae,1,,1101=,Aamnah,1
641=,Jagdeep,1,,1101=,Aaryn,1
641=,Jagdev,1,,1101=,Abagail,1
641=,Jagjeet,1,,1101=,Abbimarie,1
641=,Jago,1,,1101=,Abbylee,1
641=,Jagpreet,1,,1101=,Abi,1
641=,Jahn,1,,1101=,Abiegail,1
641=,Jai,1,,1101=,Abigael,1
641=,Jai-Krishan,1,,1101=,Abshiro,1
641=,Jaidon,1,,1101=,Aby,1
641=,Jaimz,1,,1101=,Acoya,1
641=,Jameel,1,,1101=,Adel,1
641=,Jamieson,1,,1101=,Adella,1
641=,Jan,1,,1101=,Adrianna,1
641=,Janek,1,,1101=,Aemilia,1
641=,Jarred,1,,1101=,Affia,1
641=,Jarryd,1,,1101=,Afia,1
641=,Javed,1,,1101=,Afraa,1
641=,Jaxon,1,,1101=,Afton,1
641=,Jayden,1,,1101=,Aga,1
641=,Jaye,1,,1101=,Agnes,1
641=,Jayjay,1,,1101=,Aibhilin,1
641=,Jayke,1,,1101=,Aicha,1
641=,Jeb,1,,1101=,Aida,1
641=,Jediah,1,,1101=,Aieyesha,1
641=,Jeevan,1,,1101=,Ailee,1
641=,Jeff,1,,1101=,Aileigh,1
641=,Jeffrey,1,,1101=,Aillie,1
641=,Jehrone,1,,1101=,Ailsah,1
641=,Jem,1,,1101=,Aimee-Jo,1
641=,Jerren,1,,1101=,Aimi,1
641=,Jesper,1,,1101=,Aimsley,1
641=,Jesse,1,,1101=,Ainne,1
641=,Jevon,1,,1101=,Airley,1
641=,Jhordan,1,,1101=,Aki,1
641=,Jhy,1,,1101=,Akiera,1
641=,Ji,1,,1101=,Akram,1
641=,Jilal,1,,1101=,Aksa,1
641=,Jim,1,,1101=,Ala'a,1
641=,Jo,1,,1101=,Alahna,1
641=,Jodh,1,,1101=,Aldra,1
641=,Joey,1,,1101=,Aleena,1
641=,John-Anthony,1,,1101=,Aleesha,1
641=,John-Graham,1,,1101=,Aleighsha,1
641=,John-James,1,,1101=,Alessia,1
641=,Jon-Gordon,1,,1101=,Alethea,1
641=,Jonah,1,,1101=,Alex'e,1
641=,Jonathen,1,,1101=,Alexanderina,1
641=,Jonjack,1,,1101=,Alexina,1
641=,Jonjo,1,,1101=,Alica,1
641=,Jonothan,1,,1101=,Alishah,1
641=,Jonothon,1,,1101=,Alishia,1
641=,Jordanne,1,,1101=,Alixs,1
641=,Jordun,1,,1101=,Alla,1
641=,Jordy,1,,1101=,Allanna,1
641=,Jorge,1,,1101=,Allie-Marie,1
641=,Josef,1,,1101=,Allis,1
641=,Joss,1,,1101=,Allwyn,1
641=,Ju,1,,1101=,Allysha,1
641=,Jules,1,,1101=,Allyx,1
641=,Junaid,1,,1101=,Alveena,1
641=,Jye,1,,1101=,Alys,1
641=,Kaash,1,,1101=,Alyshea,1
641=,Kaelin,1,,1101=,Alysia,1
641=,Kah,1,,1101=,Alyssia,1
641=,Kaiden,1,,1101=,Amalia,1
641=,Kailas,1,,1101=,Amalie,1
641=,Kailin,1,,1101=,Amanda-Jane,1
641=,Kairren,1,,1101=,Amani,1
641=,Kaleem,1,,1101=,Amanpret,1
641=,Kaleemuddin,1,,1101=,Amardeep,1
641=,Kaljeven,1,,1101=,Amber-Anne,1
641=,Kallum,1,,1101=,Amber-Lee,1
641=,Kalom,1,,1101=,Amber-Leigh,1
641=,Kamal,1,,1101=,Amber-Louise,1
641=,Kamar,1,,1101=,Amber-Marie,1
641=,Kamin,1,,1101=,Amber-Rose,1
641=,Kamron,1,,1101=,Amberly,1
641=,Kar,1,,1101=,Ambreen,1
641=,Karanjit,1,,1101=,Ameenah,1
641=,Karmjit,1,,1101=,Ameirh,1
641=,Kashaf,1,,1101=,Amena,1
641=,Kasim,1,,1101=,Ami-Jayne,1
641=,Kavin,1,,1101=,Amia,1
641=,Kayode,1,,1101=,Amie-Sol,1
641=,Kaz,1,,1101=,Aml,1
641=,Kealan,1,,1101=,Ammaarah,1
641=,Kealson,1,,1101=,Ammandeep,1
641=,Keanu,1,,1101=,Ammie,1
641=,Kearean,1,,1101=,Amonda,1
641=,Kearney,1,,1101=,Amra,1
641=,Kearron,1,,1101=,Amy-Beth,1
641=,Keaten,1,,1101=,Amy-Lauren,1
641=,Keeran,1,,1101=,Amy-Marie,1
641=,Kegan,1,,1101=,Anabelle,1
641=,Keinan,1,,1101=,Analise,1
641=,Keirin,1,,1101=,Andaleeb,1
641=,Keiryan,1,,1101=,Andi,1
641=,Kellon,1,,1101=,Andie,1
641=,Kemar,1,,1101=,Andreanna,1
641=,Ken,1,,1101=,Aneeka,1
641=,Kenan,1,,1101=,Aneela,1
641=,Kendal,1,,1101=,Aneeqa,1
641=,Kendren,1,,1101=,Aneesa,1
641=,Kennedy,1,,1101=,Aneesah,1
641=,Kerrin,1,,1101=,Aneesha,1
641=,Kerry,1,,1101=,Aneka,1
641=,Keryn,1,,1101=,Anemay,1
641=,Keshan,1,,1101=,Angel,1
641=,Keshav,1,,1101=,Angelean,1
641=,Khaleel,1,,1101=,Angeline,1
641=,Khalid,1,,1101=,Anishka,1
641=,Khalil,1,,1101=,Anissa,1
641=,Khizr,1,,1101=,Anja,1
641=,Khomall,1,,1101=,Anjlee,1
641=,Khurram,1,,1101=,Anna-Louise,1
641=,Khursand,1,,1101=,Anna-Siobhan,1
641=,Kiaran,1,,1101=,Annabell,1
641=,Kiefer,1,,1101=,Annah,1
641=,Kieffer,1,,1101=,Annamaria,1
641=,Kier,1,,1101=,Annastassia,1
641=,Kierian,1,,1101=,Anneka,1
641=,Kiernan,1,,1101=,Annis,1
641=,Kiernin,1,,1101=,Annishah,1
641=,Kierron,1,,1101=,Annmaree,1
641=,Kin,1,,1101=,Annsa,1
641=,King-Fan,1,,1101=,Annum,1
641=,Kirandeep,1,,1101=,Annyah,1
641=,Kirsten,1,,1101=,Anona,1
641=,Kobe,1,,1101=,Anouska,1
641=,Konal,1,,1101=,Ansley,1
641=,Konnor,1,,1101=,Anthea,1
641=,Konor,1,,1101=,Antoinette,1
641=,Korin,1,,1101=,Anzala,1
641=,Korrie,1,,1101=,Aqeela,1
641=,Kosuke,1,,1101=,Arabella,1
641=,Kourosh,1,,1101=,Aran,1
641=,Kouta,1,,1101=,Arden,1
641=,Krisstofer,1,,1101=,Argyle,1
641=,Kristen,1,,1101=,Argyll,1
641=,Kristin,1,,1101=,Aria,1
641=,Kristofor,1,,1101=,Arianah,1
641=,Kristophor,1,,1101=,Ariane,1
641=,Kunal,1,,1101=,Arianna,1
641=,Kuranvir,1,,1101=,Aries,1
641=,Kye,1,,1101=,Arifah,1
641=,Kyrin,1,,1101=,Arigh,1
641=,Labeeq,1,,1101=,Arin,1
641=,Lagan,1,,1101=,Arlena,1
641=,Lars,1,,1101=,Armani,1
641=,Latharn,1,,1101=,Armeet,1
641=,Laughlan,1,,1101=,Arooj,1
641=,Law,1,,1101=,Arubah,1
641=,Layton,1,,1101=,Arvilla,1
641=,Lea,1,,1101=,Asfia,1
641=,Lee-Arron,1,,1101=,Asha,1
641=,Lee-Mon,1,,1101=,Ashlea,1
641=,Leeland,1,,1101=,Ashleen,1
641=,Leif,1,,1101=,Ashleigh-Jane,1
641=,Leith,1,,1101=,Ashleighe,1
641=,Lennie,1,,1101=,Ashlinn,1
641=,Leodhas,1,,1101=,Ashlyn,1
641=,Leonardo,1,,1101=,Ashlyne,1
641=,Leopoldo,1,,1101=,Ashlynn,1
641=,Lewes,1,,1101=,Ashlynne,1
641=,Leyam,1,,1101=,Asia,1
641=,Lhiam,1,,1101=,Aslihan,1
641=,Liall,1,,1101=,Aspen,1
641=,Liam-Jason,1,,1101=,Assira,1
641=,Lias,1,,1101=,Aston,1
641=,Linden,1,,1101=,Astrud,1
641=,Linn,1,,1101=,Astyn,1
641=,Linton,1,,1101=,Atiqa,1
641=,Lio,1,,1101=,Atya,1
641=,Liston,1,,1101=,Aurora,1
641=,Lochlann,1,,1101=,Aya,1
641=,Lochluinn,1,,1101=,Ayeisha,1
641=,Lorenz,1,,1101=,Ayia,1
641=,Lorenzo,1,,1101=,Aylesha,1
641=,Lorima,1,,1101=,Aylie,1
641=,Lorn,1,,1101=,Aylish,1
641=,Lu,1,,1101=,Aymie,1
641=,Luainn,1,,1101=,Aymie-Ann,1
641=,Luc,1,,1101=,Aynslie,1
641=,Luca,1,,1101=,Ayse,1
641=,Lucca,1,,1101=,Ayshah,1
641=,Lukas,1,,1101=,Azha,1
641=,Lunan,1,,1101=,Azra,1
641=,Lydon,1,,1101=,Bailie,1
641=,Lynden,1,,1101=,Baillie,1
641=,Macaully,1,,1101=,Barbara-Ann,1
641=,Macauly,1,,1101=,Basak,1
641=,Mahir,1,,1101=,Beathan,1
641=,Mahmoud,1,,1101=,Beatrice,1
641=,Mahomed,1,,1101=,Becca,1
641=,Mahtabh,1,,1101=,Beccie,1
641=,Maison,1,,1101=,Belinda-Marie,1
641=,Marc-Anthony,1,,1101=,Bethanay,1
641=,Marcello,1,,1101=,Bethane,1
641=,Marley,1,,1101=,Bethaney,1
641=,Marram,1,,1101=,Bethannay,1
641=,Marten,1,,1101=,Betsy,1
641=,Marti,1,,1101=,Bianca-Louise,1
641=,Marvin,1,,1101=,Billie-Jane,1
641=,Marvyn,1,,1101=,Billiejean,1
641=,Masaki,1,,1101=,Billy-Jo,1
641=,Mateusz,1,,1101=,Birta,1
641=,Mattan,1,,1101=,Bismah,1
641=,Matteas,1,,1101=,Blaire,1
641=,Mauro,1,,1101=,Blaize,1
641=,Mazin,1,,1101=,Blayne,1
641=,Mcrae,1,,1101=,Blayre,1
641=,Melvin,1,,1101=,Bobbi,1
641=,Merlin,1,,1101=,Bobbie-Lee,1
641=,Mervyn,1,,1101=,Bonnie-Marie,1
641=,Metin,1,,1101=,Bonny,1
641=,Michal,1,,1101=,Boonyarak,1
641=,Micheill,1,,1101=,Boroka,1
641=,Mikael,1,,1101=,Boston,1
641=,Mikey,1,,1101=,Braxton,1
641=,Mikhail,1,,1101=,Breagh,1
641=,Mikie,1,,1101=,Breanna,1
641=,Milan,1,,1101=,Brendalee,1
641=,Miller,1,,1101=,Briagh,1
641=,Mirza,1,,1101=,Briana,1
641=,Mischa,1,,1101=,Brianna,1
641=,Moadh,1,,1101=,Briege,1
641=,Moaz,1,,1101=,Brighid,1
641=,Moez,1,,1101=,Brihanne,1
641=,Mohan,1,,1101=,Brioney,1
641=,Mohannad,1,,1101=,Brioni,1
641=,Mohmmad,1,,1101=,Britt,1
641=,Mohmmed,1,,1101=,Brodi,1
641=,Mohsan,1,,1101=,Brody,1
641=,Mohsian,1,,1101=,Brogan-Kitty,1
641=,Mohsin,1,,1101=,Brogan-Taylor,1
641=,Mohtashim,1,,1101=,Bronte,1
641=,Moir,1,,1101=,Brontey,1
641=,Mong,1,,1101=,Bronwen,1
641=,Monzam,1,,1101=,Brookeashley,1
641=,Moritz,1,,1101=,Brooklyn,1
641=,Morven,1,,1101=,Burcu,1
641=,Mouad,1,,1101=,Caera,1
641=,Mouatez,1,,1101=,Caileigh,1
641=,Mousbah,1,,1101=,Caillie,1
641=,Muaz,1,,1101=,Caira,1
641=,Mubashar,1,,1101=,Caireen,1
641=,Mudassir,1,,1101=,Cairinne,1
641=,Muhammed,1,,1101=,Cairnie,1
641=,Mujahed,1,,1101=,Cait,1
641=,Mujahid,1,,1101=,Caitilin,1
641=,Mulkeet,1,,1101=,Caitlain,1
641=,Mumin,1,,1101=,Caitlan,1
641=,Mun,1,,1101=,Caitlen,1
641=,Muneeb,1,,1101=,Caitlhan,1
641=,Munn,1,,1101=,Caitlind,1
641=,Muntasir,1,,1101=,Caitlynn,1
641=,Murat,1,,1101=,Caledonia,1
641=,Murry,1,,1101=,Caleigh,1
641=,Musaab,1,,1101=,Cali,1
641=,Mustafa,1,,1101=,Callan,1
641=,Mutswairo,1,,1101=,Calli,1
641=,Naazim,1,,1101=,Camelia,1
641=,Nabeel,1,,1101=,Camryn,1
641=,Nadeem,1,,1101=,Candace,1
641=,Naeem,1,,1101=,Caprice,1
641=,Naheem,1,,1101=,Cara-Louise,1
641=,Naim,1,,1101=,Caralyn,1
641=,Nairn,1,,1101=,Carean,1
641=,Najeeb,1,,1101=,Carianne,1
641=,Naren,1,,1101=,Carin,1
641=,Natalie,1,,1101=,Caris,1
641=,Nathan-Joseph,1,,1101=,Carise,1
641=,Nathanael,1,,1101=,Cariss,1
641=,Nathanial,1,,1101=,Carisse,1
641=,Nathanjames,1,,1101=,Carle,1
641=,Nathen,1,,1101=,Carleen,1
641=,Naveed,1,,1101=,Carly-Jane,1
641=,Navid,1,,1101=,Carmela,1
641=,Nayl,1,,1101=,Carol-Ann,1
641=,Nazeel,1,,1101=,Carolina,1
641=,Neale,1,,1101=,Carolynne,1
641=,Necdet,1,,1101=,Caronann,1
641=,Nereus,1,,1101=,Carrie-Ann,1
641=,Neta,1,,1101=,Carrie-Anne,1
641=,Nickel,1,,1101=,Carrone,1
641=,Nicki-Lee,1,,1101=,Casey-Louise,1
641=,Nicklas,1,,1101=,Cassay,1
641=,Nicola,1,,1101=,Casseia,1
641=,Nicolaj,1,,1101=,Cassi,1
641=,Nicoll,1,,1101=,Cassia,1
641=,Nicolo,1,,1101=,Cassiopeia,1
641=,Niel,1,,1101=,Cassy,1
641=,Nikhil,1,,1101=,Catelyn,1
641=,Niki,1,,1101=,Cathaleen,1
641=,Nikita,1,,1101=,Catherin,1
641=,Ninian,1,,1101=,Catherine-Anne,1
641=,Niyel,1,,1101=,Catheryn,1
641=,Nor-Dean,1,,1101=,Cathleen,1
641=,Norry,1,,1101=,Cathryn,1
641=,Nuri,1,,1101=,Cathrynn,1
641=,Nyall,1,,1101=,Catrine,1
641=,Nyle,1,,1101=,Catya,1
641=,Octavio,1,,1101=,Caylee,1
641=,Oisin,1,,1101=,Cayleigh,1
641=,Olafur,1,,1101=,Cayrn,1
641=,Ossian,1,,1101=,Caysie,1
641=,Otello,1,,1101=,Cecilia,1
641=,Otis,1,,1101=,Ceira,1
641=,Otitodilichukwu,1,,1101=,Ceit,1
641=,Owain,1,,1101=,Ceitlin,1
641=,Ozair,1,,1101=,Celda,1
641=,Padraig,1,,1101=,Celena,1
641=,Paris,1,,1101=,Celina,1
641=,Parvinder,1,,1101=,Celtia,1
641=,Pasqualino,1,,1101=,Ceri-Anne,1
641=,Patricio,1,,1101=,Cersty,1
641=,Patrik,1,,1101=,Chahinez,1
641=,Paul-Dayo,1,,1101=,Chana,1
641=,Pavandeep,1,,1101=,Chanaise,1
641=,Pearce,1,,1101=,Chaniece,1
641=,Pepijn,1,,1101=,Chanise,1
641=,Peter-Cameron,1,,1101=,Chanley,1
641=,Phavenvir,1,,1101=,Channen,1
641=,Phil,1,,1101=,Channon,1
641=,Pietro,1,,1101=,Chanttelle,1
641=,Pontus,1,,1101=,Charesse,1
641=,Preston,1,,1101=,Chariese,1
641=,Qaiser,1,,1101=,Charity,1
641=,Quincey,1,,1101=,Charlaine,1
641=,Quinn,1,,1101=,Charleigh,1
641=,Quintin,1,,1101=,Charlly,1
641=,Quinton,1,,1101=,Charlotte-Ann,1
641=,Raamish,1,,1101=,Charlotte-Anne,1
641=,Rabinder,1,,1101=,Charlynne,1
641=,Rae,1,,1101=,Charmagne,1
641=,Raffe,1,,1101=,Charmayne,1
641=,Rafi,1,,1101=,Chavon,1
641=,Raheem,1,,1101=,Chavonne,1
641=,Rahib,1,,1101=,Chearlich,1
641=,Rahul,1,,1101=,Chehana,1
641=,Rais,1,,1101=,Chelbie,1
641=,Raja,1,,1101=,Chelciann,1
641=,Rajan,1,,1101=,Chellby,1
641=,Rameez,1,,1101=,Chelle-Jane,1
641=,Rami,1,,1101=,Chellsea,1
641=,Ramis,1,,1101=,Chelsae,1
641=,Randall,1,,1101=,Chelsea-Ann,1
641=,Rao,1,,1101=,Chelsea-Anne,1
641=,Rasool,1,,1101=,Chelseamay,1
641=,Ravi,1,,1101=,Chelsee,1
641=,Rayhan,1,,1101=,Cher-Rae,1
641=,Rayman,1,,1101=,Chereen,1
641=,Reace,1,,1101=,Cherlyn,1
641=,Reagan,1,,1101=,Chermaine,1
641=,Redmond,1,,1101=,Cherri,1
641=,Rehaan,1,,1101=,Cherrie,1
641=,Reid,1,,1101=,Cherylann,1
641=,Reno,1,,1101=,Chevonne,1
641=,Rex,1,,1101=,Cheyenne-Marie,1
641=,Rhian,1,,1101=,Ching,1
641=,Rhies,1,,1101=,Chishimba,1
641=,Rhiordan,1,,1101=,Chivonne,1
641=,Rhodri,1,,1101=,Chloe-Anne,1
641=,Rhory,1,,1101=,Chloe-Emma,1
641=,Rhuairdhri,1,,1101=,Chloe-Rebecca,1
641=,Rhuaridh,1,,1101=,Chloey,1
641=,Rhyian,1,,1101=,Chloie,1
641=,Riain,1,,1101=,Chongo,1
641=,Riccardo,1,,1101=,Christabel,1
641=,Ricci,1,,1101=,Christella,1
641=,Rickie,1,,1101=,Christen,1
641=,Riki,1,,1101=,Christey,1
641=,Rikkie,1,,1101=,Christian,1
641=,Riley,1,,1101=,Christy-Jo,1
641=,Rium,1,,1101=,Christyanna,1
641=,Robbie-Lee,1,,1101=,Chyrsten,1
641=,Robert-James,1,,1101=,Ciana,1
641=,Roch,1,,1101=,Ciara-Rua,1
641=,Rodney,1,,1101=,Ciera,1
641=,Rohail,1,,1101=,Cieren,1
641=,Rohman,1,,1101=,Ciorsdan,1
641=,Roindubh,1,,1101=,Clari,1
641=,Romanii,1,,1101=,Clarise,1
641=,Romano,1,,1101=,Claudea,1
641=,Rowen,1,,1101=,Cleo,1
641=,Royce,1,,1101=,Cloe,1
641=,Ruaidhri,1,,1101=,Cloudia,1
641=,Ruairioh,1,,1101=,Cody-Ann,1
641=,Rufus,1,,1101=,Coire,1
641=,Ruiri,1,,1101=,Coni,1
641=,Rupert,1,,1101=,Conichia,1
641=,Saajid,1,,1101=,Connie-Lee,1
641=,Sabeel,1,,1101=,Connor,1
641=,Sacha,1,,1101=,Cora-Louise,1
641=,Sahibzada,1,,1101=,Corah,1
641=,Sahin,1,,1101=,Coral-Elizabeth,1
641=,Saiful,1,,1101=,Coralie,1
641=,Saim,1,,1101=,Coreen,1
641=,Sajid,1,,1101=,Corin,1
641=,Salah,1,,1101=,Corinna,1
641=,Salmaan,1,,1101=,Corra-Leigh,1
641=,Salman,1,,1101=,Correigh,1
641=,Sameer,1,,1101=,Corri,1
641=,Samer,1,,1101=,Corrie-Beth,1
641=,Sammi,1,,1101=,Corry,1
641=,Sammy,1,,1101=,Corryn,1
641=,Sandeep,1,,1101=,Corryna,1
641=,Sanjay,1,,1101=,Corryne,1
641=,Sante,1,,1101=,Cory,1
641=,Saqlain,1,,1101=,Courtney-Jane,1
641=,Sarat,1,,1101=,Courtni,1
641=,Saulaman,1,,1101=,Cressida,1
641=,Sayaan,1,,1101=,Cristiana,1
641=,Saydul,1,,1101=,Cristina,1
641=,Sayf,1,,1101=,Crysta,1
641=,Se,1,,1101=,Cyan,1
641=,Seaghan,1,,1101=,Cynthia,1
641=,See,1,,1101=,Daisey,1
641=,Sehrose,1,,1101=,Dakota,1
641=,Sejad,1,,1101=,Dalenna,1
641=,Selahiddin,1,,1101=,Dalia,1
641=,Senad,1,,1101=,Danah,1
641=,Seoras,1,,1101=,Danella,1
641=,Sergio,1,,1101=,Danelle,1
641=,Seumas,1,,1101=,Dani-Rose,1
641=,Shabaz,1,,1101=,Danica,1
641=,Shadman,1,,1101=,Danielle-Louise,1
641=,Shahar,1,,1101=,Danika,1
641=,Shahbaz,1,,1101=,Danna-Lee,1
641=,Shahid,1,,1101=,Danni-Louise,1
641=,Shahrez,1,,1101=,Dannica,1
641=,Shahroz,1,,1101=,Danniella,1
641=,Shamen,1,,1101=,Danya,1
641=,Shane-Mulleigh,1,,1101=,Dara-Louise,1
641=,Shantanu,1,,1101=,Darcey,1
641=,Shaquile,1,,1101=,Darcie,1
641=,Shaquille,1,,1101=,Darelle,1
641=,Shaun-Michael,1,,1101=,Darianne,1
641=,Shaw,1,,1101=,Dariene,1
641=,Shayne,1,,1101=,Darion,1
641=,Shea,1,,1101=,Darlene,1
641=,Sher,1,,1101=,Darragh,1
641=,Sheraton,1,,1101=,Darriane,1
641=,Sheraz,1,,1101=,Deaven,1
641=,Sheryar,1,,1101=,Debby,1
641=,Shiraz,1,,1101=,Debi,1
641=,Shivan,1,,1101=,Debrakay,1
641=,Shoaib,1,,1101=,Dee,1
641=,Shuaib,1,,1101=,Deenna,1
641=,Shuji,1,,1101=,Deirdre,1
641=,Shun,1,,1101=,Delara,1
641=,Siddharth,1,,1101=,Della,1
641=,Sidney,1,,1101=,Delphine,1
641=,Sikotilani,1,,1101=,Demelza,1
641=,Simeon,1,,1101=,Demi-Anne,1
641=,Simranjote,1,,1101=,Demi-Marie,1
641=,Sion,1,,1101=,Demie,1
641=,Sole,1,,1101=,Demilee,1
641=,Solomon,1,,1101=,Demilynn,1
641=,Soma,1,,1101=,Demmie,1
641=,Somhairle,1,,1101=,Dena,1
641=,Spyridon,1,,1101=,Deneka,1
641=,Steen,1,,1101=,Deniz,1
641=,Steffan,1,,1101=,Dennen,1
641=,Steffen,1,,1101=,Dennie,1
641=,Stephane,1,,1101=,Deon,1
641=,Steven-John,1,,1101=,Derri-Jayne,1
641=,Stevenson,1,,1101=,Derryn,1
641=,Stirling,1,,1101=,Deryn,1
641=,Storm,1,,1101=,Desiree,1
641=,Stuart-James,1,,1101=,Destiny,1
641=,Sufian,1,,1101=,Devamsha,1
641=,Suhail,1,,1101=,Devonne,1
641=,Sui,1,,1101=,Dewi,1
641=,Sukhjinder,1,,1101=,Dexi-Lee,1
641=,Sukhpal,1,,1101=,Dexy,1
641=,Sulaiman,1,,1101=,Dhani,1
641=,Sultan,1,,1101=,Dhileas,1
641=,Sunjay,1,,1101=,Dilara,1
641=,Sunni,1,,1101=,Dima,1
641=,Suraj,1,,1101=,Dionne-Leigh,1
641=,Surjeet,1,,1101=,Donna-Louise,1
641=,Tabassum,1,,1101=,Dulcie,1
641=,Tabish,1,,1101=,Dvorah,1
641=,Tadeusz,1,,1101=,Eabha,1
641=,Tadhg,1,,1101=,Eaden,1
641=,Taha,1,,1101=,Eadie,1
641=,Taimur,1,,1101=,Ebba,1
641=,Tajinder,1,,1101=,Ebonnie,1
641=,Tak,1,,1101=,Eda,1
641=,Talhaa,1,,1101=,Ehlana,1
641=,Tali,1,,1101=,Eilaish,1
641=,Tannis,1,,1101=,Eilean,1
641=,Tanvir,1,,1101=,Eileidh,1
641=,Tarim,1,,1101=,Eilis,1
641=,Tariq,1,,1101=,Eilisha,1
641=,Tarran,1,,1101=,Eillidh,1
641=,Tarun,1,,1101=,Eillish,1
641=,Tauqir,1,,1101=,Einas,1
641=,Taymoor,1,,1101=,Eiren,1
641=,Teaghen,1,,1101=,Eishel,1
641=,Teejay,1,,1101=,Ekjot,1
641=,Tegan,1,,1101=,Elaf,1
641=,Terrence,1,,1101=,Elaine-Maree,1
641=,Teymoor,1,,1101=,Elana,1
641=,Thair,1,,1101=,Elayne,1
641=,Theo,1,,1101=,Eleanore,1
641=,Theofanis,1,,1101=,Electra,1
641=,Theron,1,,1101=,Eleisha,1
641=,Thomas-James,1,,1101=,Elen,1
641=,Tim,1,,1101=,Eleze,1
641=,Timo,1,,1101=,Elham,1
641=,Tirlochen,1,,1101=,Elishaba,1
641=,Tit,1,,1101=,Eliss,1
641=,Tj,1,,1101=,Eliza,1
641=,Tober,1,,1101=,Elizabeth-Ann,1
641=,Tommy-Lee,1,,1101=,Elizabethanne,1
641=,Tonio,1,,1101=,Elke,1
641=,Torran,1,,1101=,Ellana,1
641=,Traherne,1,,1101=,Ellese,1
641=,Travis,1,,1101=,Ellesse,1
641=,Tre,1,,1101=,Elleyse,1
641=,Trevor,1,,1101=,Ellie-Ann,1
641=,Tristam,1,,1101=,Ellie-May,1
641=,Troi,1,,1101=,Ellinor,1
641=,Tuomas,1,,1101=,Elliot,1
641=,Tyron,1,,1101=,Ellisha,1
641=,Tze,1,,1101=,Ellyce,1
641=,Uisdean,1,,1101=,Ellyse,1
641=,Ulric,1,,1101=,Elma,1
641=,Umair,1,,1101=,Elsbeth,1
641=,Umayr,1,,1101=,Elyse,1
641=,Usama,1,,1101=,Elysee,1
641=,Usheen,1,,1101=,Elysha,1
641=,Uthmaan,1,,1101=,Emarose,1
641=,Uwais,1,,1101=,Emel,1
641=,Vassileios,1,,1101=,Emer,1
641=,Vassilies,1,,1101=,Emilee,1
641=,Vinicius,1,,1101=,Emili,1
641=,Vishahan,1,,1101=,Emilyjane,1
641=,Vito,1,,1101=,Emma-Jay,1
641=,Wacas,1,,1101=,Emma-Jayne,1
641=,Wai-Geit,1,,1101=,Emma-Leigh,1
641=,Wajahat,1,,1101=,Emma-Lykke,1
641=,Walker,1,,1101=,Emma-Marie,1
641=,Waqaar,1,,1101=,Emmelene,1
641=,Waqar,1,,1101=,Emmelie,1
641=,Warrick,1,,1101=,Emmy,1
641=,Warwick,1,,1101=,Ennae,1
641=,Waseem,1,,1101=,Eran,1
641=,Wedamuni,1,,1101=,Eren,1
641=,Wesam,1,,1101=,Erin-Jayne,1
641=,Whiseem,1,,1101=,Erin-Louise,1
641=,Wilfred,1,,1101=,Erin-Marie,1
641=,Wiliam,1,,1101=,Erinne,1
641=,Wilson,1,,1101=,Erinni,1
641=,Wing,1,,1101=,Erryn,1
641=,Wo,1,,1101=,Eryane,1
641=,Xiangyu,1,,1101=,Esra,1
641=,Xuan,1,,1101=,Estelle,1
641=,Yacine,1,,1101=,Evana,1
641=,Yasir,1,,1101=,Evangeline,1
641=,Yassine,1,,1101=,Eve-Anne,1
641=,Yazdon,1,,1101=,Everial,1
641=,Yee-Ton,1,,1101=,Evlyn,1
641=,Yehudah,1,,1101=,Fabianne,1
641=,Ying,1,,1101=,Faemma,1
641=,Yousaf,1,,1101=,Faheema,1
641=,Youssef,1,,1101=,Fahmida,1
641=,Yousuf,1,,1101=,Faiza,1
641=,Ythan,1,,1101=,Fann,1
641=,Ythen,1,,1101=,Farah,1
641=,Yu-Keung,1,,1101=,Farhana,1
641=,Yuji,1,,1101=,Farihah,1
641=,Yung,1,,1101=,Farran,1
641=,Yusaf,1,,1101=,Farri,1
641=,Yusef,1,,1101=,Farvah,1
641=,Yusuf,1,,1101=,Fatema-Zahra,1
641=,Zacharias,1,,1101=,Fauve,1
641=,Zackari,1,,1101=,Fawn,1
641=,Zackariah,1,,1101=,Fazeelath,1
641=,Zackarie,1,,1101=,Fearn,1
641=,Zackery,1,,1101=,Feryn,1
641=,Zahid,1,,1101=,Feuna,1
641=,Zaid,1,,1101=,Fheirn,1
641=,Zaiem,1,,1101=,Fia,1
641=,Zain-Ali,1,,1101=,Fiaza,1
641=,Zain-Ul-Abedeen,1,,1101=,Fidra,1
641=,Zaker,1,,1101=,Filomena,1
641=,Zaki,1,,1101=,Finuala,1
641=,Zakir,1,,1101=,Fiona-Margaret,1
641=,Zakk,1,,1101=,Fionn,1
641=,Zanang,1,,1101=,Fionnula,1
641=,Zander,1,,1101=,Fizza,1
641=,Zane,1,,1101=,Flor,1
641=,Zarcur,1,,1101=,Florianne,1
641=,Zargham,1,,1101=,Floridh,1
641=,Zarq,1,,1101=,Forest,1
641=,Zayyan,1,,1101=,Freyja,1
641=,Zeeshawn,1,,1101=,Funmilayo,1
641=,Zehn,1,,1101=,Fyona,1
641=,Zein,1,,1101=,Gabriel,1
641=,Zenn,1,,1101=,Gabriele,1
641=,Zeyad,1,,1101=,Gael,1
641=,Zia,1,,1101=,Gaenor,1
641=,Zico,1,,1101=,Gar,1
641=,Zimran,1,,1101=,Gayl,1
641=,Zion,1,,1101=,Gayla,1
641=,Zishaan,1,,1101=,Gayner,1
641=,Zishan,1,,1101=,Geetika,1
,,,,1101=,Gemma-Louise,1
,,,,1101=,Gemma-Marie,1
,,,,1101=,Genna,1
,,,,1101=,Gennifer,1
,,,,1101=,Georgi,1
,,,,1101=,Georgiana,1
,,,,1101=,Georgina-Lesley,1
,,,,1101=,Ghada,1
,,,,1101=,Ghenna,1
,,,,1101=,Ghulam,1
,,,,1101=,Gi,1
,,,,1101=,Gilda,1
,,,,1101=,Giorgia,1
,,,,1101=,Giovanna,1
,,,,1101=,Giulia,1
,,,,1101=,Giuliana,1
,,,,1101=,Gloria,1
,,,,1101=,Gracie,1
,,,,1101=,Grainne,1
,,,,1101=,Grazyna,1
,,,,1101=,Greer,1
,,,,1101=,Greta,1
,,,,1101=,Grete,1
,,,,1101=,Gurjeet,1
,,,,1101=,Gurpreet,1
,,,,1101=,Gurujoth,1
,,,,1101=,Gwen-Louise,1
,,,,1101=,Haadyia,1
,,,,1101=,Haajrah,1
,,,,1101=,Haarisah,1
,,,,1101=,Hadia,1
,,,,1101=,Haidee,1
,,,,1101=,Hailiegh,1
,,,,1101=,Hailley,1
,,,,1101=,Haillie,1
,,,,1101=,Hajra,1
,,,,1101=,Hajrah,1
,,,,1101=,Hala,1
,,,,1101=,Halima,1
,,,,1101=,Halimatu-Sadiya,1
,,,,1101=,Halle,1
,,,,1101=,Halpawattage,1
,,,,1101=,Hamelia,1
,,,,1101=,Hanan,1
,,,,1101=,Haneen,1
,,,,1101=,Hania,1
,,,,1101=,Hannah-Louise,1
,,,,1101=,Hannah-Marie,1
,,,,1101=,Happiness,1
,,,,1101=,Hardip,1
,,,,1101=,Hareem,1
,,,,1101=,Harlay,1
,,,,1101=,Harli,1
,,,,1101=,Harmony,1
,,,,1101=,Harsimran,1
,,,,1101=,Harvinder,1
,,,,1101=,Hatice,1
,,,,1101=,Hawra,1
,,,,1101=,Haydn,1
,,,,1101=,Hayly,1
,,,,1101=,Hayoung,1
,,,,1101=,Hdeer,1
,,,,1101=,Hebba,1
,,,,1101=,Heena,1
,,,,1101=,Helanna,1
,,,,1101=,Heloise,1
,,,,1101=,Henna,1
,,,,1101=,Henrietta,1
,,,,1101=,Herin,1
,,,,1101=,Hermione,1
,,,,1101=,Hing,1
,,,,1101=,Hirah,1
,,,,1101=,Hollie-Anne,1
,,,,1101=,Hollie-Louise,1
,,,,1101=,Holliegh,1
,,,,1101=,Hov,1
,,,,1101=,Howe,1
,,,,1101=,Huma,1
,,,,1101=,Humaira,1
,,,,1101=,Husna,1
,,,,1101=,Hyunsun,1
,,,,1101=,Ianthe,1
,,,,1101=,Ida,1
,,,,1101=,Ieisha,1
,,,,1101=,Iferonke,1
,,,,1101=,Igra,1
,,,,1101=,Ihram,1
,,,,1101=,Ila,1
,,,,1101=,Ilesha,1
,,,,1101=,Ima,1
,,,,1101=,Imelia,1
,,,,1101=,Imen,1
,,,,1101=,Ina-Rieke,1
,,,,1101=,Indea,1
,,,,1101=,Indi,1
,,,,1101=,India-May,1
,,,,1101=,Indianna,1
,,,,1101=,Indra,1
,,,,1101=,Indya,1
,,,,1101=,Inez,1
,,,,1101=,Inga,1
,,,,1101=,Ingrid,1
,,,,1101=,Insaf,1
,,,,1101=,Ionagh,1
,,,,1101=,Ione,1
,,,,1101=,Iqraha,1
,,,,1101=,Iram,1
,,,,1101=,Irene,1
,,,,1101=,Irini,1
,,,,1101=,Iris,1
,,,,1101=,Iroha,1
,,,,1101=,Isha,1
,,,,1101=,Isioma,1
,,,,1101=,Iyetomiwa,1
,,,,1101=,Jaana,1
,,,,1101=,Jacaline,1
,,,,1101=,Jacinta,1
,,,,1101=,Jacquline,1
,,,,1101=,Jade-Elise,1
,,,,1101=,Jade-Hannagh,1
,,,,1101=,Jade-Marie,1
,,,,1101=,Jadine,1
,,,,1101=,Jahan,1
,,,,1101=,Jahura,1
,,,,1101=,Jaimee,1
,,,,1101=,Jalisha,1
,,,,1101=,James,1
,,,,1101=,Jamielea,1
,,,,1101=,Jamieleigh,1
,,,,1101=,Janelle,1
,,,,1101=,Janette,1
,,,,1101=,Janie,1
,,,,1101=,Jaskaren,1
,,,,1101=,Jasmaine,1
,,,,1101=,Jasmen,1
,,,,1101=,Jasper,1
,,,,1101=,Jaspreet,1
,,,,1101=,Jay-Jay,1
,,,,1101=,Jaya,1
,,,,1101=,Jayme,1
,,,,1101=,Jaymie,1
,,,,1101=,Jaymie-Lee,1
,,,,1101=,Jayney,1
,,,,1101=,Jazmin,1
,,,,1101=,Jazmine,1
,,,,1101=,Jazz,1
,,,,1101=,Jazzmin,1
,,,,1101=,Jeanan,1
,,,,1101=,Jeanie,1
,,,,1101=,Jeanlouise,1
,,,,1101=,Jemaima,1
,,,,1101=,Jemma-Lee,1
,,,,1101=,Jenifer,1
,,,,1101=,Jeniffer,1
,,,,1101=,Jenna-Lee,1
,,,,1101=,Jenna-Marie,1
,,,,1101=,Jeri,1
,,,,1101=,Jerusha,1
,,,,1101=,Jesme,1
,,,,1101=,Jess,1
,,,,1101=,Jia,1
,,,,1101=,Jillanne,1
,,,,1101=,Jily,1
,,,,1101=,Jo-Ann,1
,,,,1101=,Jo-Anna,1
,,,,1101=,Jo-Dene,1
,,,,1101=,Jo-Marie,1
,,,,1101=,Joan,1
,,,,1101=,Jocasta,1
,,,,1101=,Jocelyne,1
,,,,1101=,Jodie-Ann,1
,,,,1101=,Jodie-Leigh,1
,,,,1101=,Jodielee,1
,,,,1101=,Joeanne,1
,,,,1101=,Joely,1
,,,,1101=,Johann,1
,,,,1101=,Johanne,1
,,,,1101=,Johara,1
,,,,1101=,Johdie,1
,,,,1101=,Joni,1
,,,,1101=,Joni-Beth,1
,,,,1101=,Jordahn,1
,,,,1101=,Jordana,1
,,,,1101=,Jordann,1
,,,,1101=,Jorden,1
,,,,1101=,Jorgie,1
,,,,1101=,Joscelyn,1
,,,,1101=,Josianne,1
,,,,1101=,Joud,1
,,,,1101=,Joyleen,1
,,,,1101=,Ju-Young,1
,,,,1101=,Judy,1
,,,,1101=,Julie-Ann,1
,,,,1101=,Jun,1
,,,,1101=,Justeen,1
,,,,1101=,Ka,1
,,,,1101=,Kacey,1
,,,,1101=,Kadie,1
,,,,1101=,Kahlie,1
,,,,1101=,Kaileigh,1
,,,,1101=,Kailey,1
,,,,1101=,Kaili-Anne,1
,,,,1101=,Kailley,1
,,,,1101=,Kairyn,1
,,,,1101=,Kaitelyn,1
,,,,1101=,Kaitlyn-Anne,1
,,,,1101=,Kajol,1
,,,,1101=,Kali-Ann,1
,,,,1101=,Kaliegh,1
,,,,1101=,Kalli,1
,,,,1101=,Kar,1
,,,,1101=,Karah,1
,,,,1101=,Karalan,1
,,,,1101=,Karen-Marie,1
,,,,1101=,Karensa,1
,,,,1101=,Kariann,1
,,,,1101=,Karine,1
,,,,1101=,Karisha,1
,,,,1101=,Karishma,1
,,,,1101=,Karlee,1
,,,,1101=,Karli,1
,,,,1101=,Karling,1
,,,,1101=,Karma,1
,,,,1101=,Karman,1
,,,,1101=,Karmen,1
,,,,1101=,Karmin,1
,,,,1101=,Karolina,1
,,,,1101=,Karolyn,1
,,,,1101=,Karris,1
,,,,1101=,Karrlyn,1
,,,,1101=,Karys,1
,,,,1101=,Kasey,1
,,,,1101=,Kassey,1
,,,,1101=,Kassidi,1
,,,,1101=,Katala,1
,,,,1101=,Katarina,1
,,,,1101=,Kateah,1
,,,,1101=,Katelin,1
,,,,1101=,Katelyne,1
,,,,1101=,Katerena,1
,,,,1101=,Katey,1
,,,,1101=,Kathlyn,1
,,,,1101=,Kathrin-Joy,1
,,,,1101=,Katie-Ann,1
,,,,1101=,Katie-Ellen,1
,,,,1101=,Katiera,1
,,,,1101=,Katlyn,1
,,,,1101=,Katlynd,1
,,,,1101=,Katrien,1
,,,,1101=,Katrine,1
,,,,1101=,Kaval,1
,,,,1101=,Kavneet,1
,,,,1101=,Kay-Leigh,1
,,,,1101=,Kayleighanne,1
,,,,1101=,Kaylie,1
,,,,1101=,Kayliegh,1
,,,,1101=,Kayliegh-Anne,1
,,,,1101=,Kaylin,1
,,,,1101=,Kayren,1
,,,,1101=,Kayrine,1
,,,,1101=,Kayrn,1
,,,,1101=,Kayryn,1
,,,,1101=,Kaytlin,1
,,,,1101=,Keana,1
,,,,1101=,Keavagh,1
,,,,1101=,Keeleigh,1
,,,,1101=,Keenya,1
,,,,1101=,Keera,1
,,,,1101=,Kegan,1
,,,,1101=,Keighley,1
,,,,1101=,Keilidh,1
,,,,1101=,Kelan,1
,,,,1101=,Kelci,1
,,,,1101=,Kelcy,1
,,,,1101=,Kelee,1
,,,,1101=,Kellen,1
,,,,1101=,Kelli,1
,,,,1101=,Kelli-Marie,1
,,,,1101=,Kellie-Nicole,1
,,,,1101=,Kellis,1
,,,,1101=,Kelly-Ann,1
,,,,1101=,Kelly-Anne,1
,,,,1101=,Kelly-Maree,1
,,,,1101=,Kellyanne,1
,,,,1101=,Kellymarie,1
,,,,1101=,Kelso,1
,,,,1101=,Kendel,1
,,,,1101=,Kendell,1
,,,,1101=,Kendle,1
,,,,1101=,Kenniday,1
,,,,1101=,Keren,1
,,,,1101=,Keri-Anne,1
,,,,1101=,Kerkyra,1
,,,,1101=,Kern,1
,,,,1101=,Kerri-Ann,1
,,,,1101=,Kerriann,1
,,,,1101=,Kerrie-Ann,1
,,,,1101=,Kerry-Ann,1
,,,,1101=,Kerry-Leigh,1
,,,,1101=,Kerry-Louise,1
,,,,1101=,Kerryann,1
,,,,1101=,Kerryanne,1
,,,,1101=,Kerryl,1
,,,,1101=,Kerrylee,1
,,,,1101=,Kerryleigh,1
,,,,1101=,Kerstin,1
,,,,1101=,Kerstine,1
,,,,1101=,Keryne,1
,,,,1101=,Keterin,1
,,,,1101=,Keth,1
,,,,1101=,Keyleigh,1
,,,,1101=,Kezia,1
,,,,1101=,Khadija,1
,,,,1101=,Khadijat,1
,,,,1101=,Kheira,1
,,,,1101=,Khelsey,1
,,,,1101=,Kheryn-Louise,1
,,,,1101=,Khizra,1
,,,,1101=,Khunsah,1
,,,,1101=,Kiarrai,1
,,,,1101=,Kiely,1
,,,,1101=,Kieren,1
,,,,1101=,Kierra,1
,,,,1101=,Kimberle,1
,,,,1101=,Kimberlee,1
,,,,1101=,Kimberleyann,1
,,,,1101=,Kimiko,1
,,,,1101=,Kinsey,1
,,,,1101=,Kiranjeet,1
,,,,1101=,Kiri-Louise,1
,,,,1101=,Kirin,1
,,,,1101=,Kirran,1
,,,,1101=,Kirrie,1
,,,,1101=,Kirsti,1
,,,,1101=,Kirstiann,1
,,,,1101=,Kirsty-Lee,1
,,,,1101=,Kirsty-Louise,1
,,,,1101=,Kirtsen,1
,,,,1101=,Kita-Louise,1
,,,,1101=,Kiya,1
,,,,1101=,Kizzie,1
,,,,1101=,Kobire,1
,,,,1101=,Kodie,1
,,,,1101=,Koemal,1
,,,,1101=,Komal,1
,,,,1101=,Koni,1
,,,,1101=,Kori,1
,,,,1101=,Kori-Anne,1
,,,,1101=,Korine,1
,,,,1101=,Korinne,1
,,,,1101=,Koro,1
,,,,1101=,Kourtney,1
,,,,1101=,Kourtniy,1
,,,,1101=,Krishma,1
,,,,1101=,Krisia,1
,,,,1101=,Kristena,1
,,,,1101=,Kristine,1
,,,,1101=,Krystal,1
,,,,1101=,Krystie,1
,,,,1101=,Kubra,1
,,,,1101=,Kumval,1
,,,,1101=,Kyera,1
,,,,1101=,Kylie,1
,,,,1101=,Kymm,1
,,,,1101=,Kyra-Lea,1
,,,,1101=,Kyrena,1
,,,,1101=,Kyrie,1
,,,,1101=,Kythe,1
,,,,1101=,Laina,1
,,,,1101=,Laine,1
,,,,1101=,Lainey,1
,,,,1101=,Lakini,1
,,,,1101=,Lani,1
,,,,1101=,Lanjia,1
,,,,1101=,Lannah,1
,,,,1101=,Lao,1
,,,,1101=,Lara-Jane,1
,,,,1101=,Laraib,1
,,,,1101=,Laras,1
,,,,1101=,Laren,1
,,,,1101=,Larra,1
,,,,1101=,Latasha,1
,,,,1101=,Laura-Anne,1
,,,,1101=,Laura-Ashley,1
,,,,1101=,Laure,1
,,,,1101=,Laurel,1
,,,,1101=,Lauren-Anne,1
,,,,1101=,Lauretta,1
,,,,1101=,Laurianne,1
,,,,1101=,Laurita,1
,,,,1101=,Lauryn,1
,,,,1101=,Leagsaidh,1
,,,,1101=,Leasa,1
,,,,1101=,Leasha,1
,,,,1101=,Leeanna,1
,,,,1101=,Leelah,1
,,,,1101=,Leeona,1
,,,,1101=,Lei,1
,,,,1101=,Leigha,1
,,,,1101=,Leighann,1
,,,,1101=,Leighanna,1
,,,,1101=,Leighona,1
,,,,1101=,Leilah,1
,,,,1101=,Leisha,1
,,,,1101=,Lena,1
,,,,1101=,Leo-Rebecca,1
,,,,1101=,Lesa,1
,,,,1101=,Lesley-Ann,1
,,,,1101=,Leslie,1
,,,,1101=,Leslieann,1
,,,,1101=,Levana,1
,,,,1101=,Levis,1
,,,,1101=,Lexie,1
,,,,1101=,Lexymarie,1
,,,,1101=,Leyla,1
,,,,1101=,Lilani,1
,,,,1101=,Lilian,1
,,,,1101=,Lilly,1
,,,,1101=,Lim,1
,,,,1101=,Lin,1
,,,,1101=,Lina,1
,,,,1101=,Lindsay-Anne,1
,,,,1101=,Linnea,1
,,,,1101=,Linsey-Anne,1
,,,,1101=,Linzi-Jayne,1
,,,,1101=,Lissa,1
,,,,1101=,Liza-Marie,1
,,,,1101=,Loesje,1
,,,,1101=,Logan,1
,,,,1101=,Lola,1
,,,,1101=,Lonna,1
,,,,1101=,Lora-Louise,1
,,,,1101=,Loretta-Jane,1
,,,,1101=,Lorette,1
,,,,1101=,Lori-Ann,1
,,,,1101=,Lori-Lee,1
,,,,1101=,Lori-Marie,1
,,,,1101=,Lorin,1
,,,,1101=,Lorina,1
,,,,1101=,Lorissa-Maree,1
,,,,1101=,Lorn,1
,,,,1101=,Lorreann,1
,,,,1101=,Lorren,1
,,,,1101=,Loryn,1
,,,,1101=,Lottie,1
,,,,1101=,Lucci,1
,,,,1101=,Lucy-Ann,1
,,,,1101=,Luke,1
,,,,1101=,Lyana,1
,,,,1101=,Lynice,1
,,,,1101=,Lynnsay,1
,,,,1101=,Lynsey-Anne,1
,,,,1101=,Lynsie,1
,,,,1101=,Lynzi,1
,,,,1101=,Lynzie,1
,,,,1101=,Maaike,1
,,,,1101=,Maaria,1
,,,,1101=,Maariyah,1
,,,,1101=,Maarya,1
,,,,1101=,Macaulee,1
,,,,1101=,Machala,1
,,,,1101=,Maddieson,1
,,,,1101=,Madihah,1
,,,,1101=,Maeva,1
,,,,1101=,Magdelaine,1
,,,,1101=,Maggie,1
,,,,1101=,Maha,1
,,,,1101=,Maham,1
,,,,1101=,Mahdieh,1
,,,,1101=,Maheen,1
,,,,1101=,Mahim,1
,,,,1101=,Mahnoor,1
,,,,1101=,Mahreen,1
,,,,1101=,Mahronisa,1
,,,,1101=,Mahshid,1
,,,,1101=,Maia,1
,,,,1101=,Maighdlin,1
,,,,1101=,Maila,1
,,,,1101=,Maili,1
,,,,1101=,Maire,1
,,,,1101=,Mairhi,1
,,,,1101=,Mairi-Louise,1
,,,,1101=,Mairiann,1
,,,,1101=,Maisy,1
,,,,1101=,Majella,1
,,,,1101=,Malaika,1
,,,,1101=,Maleehah,1
,,,,1101=,Mallissa,1
,,,,1101=,Man,1
,,,,1101=,Manahil,1
,,,,1101=,Mandie,1
,,,,1101=,Maneesha,1
,,,,1101=,Manisha,1
,,,,1101=,Manpreet,1
,,,,1101=,Maram,1
,,,,1101=,Marcee,1
,,,,1101=,Marcella,1
,,,,1101=,Marcena,1
,,,,1101=,Marcia,1
,,,,1101=,Mareassa,1
,,,,1101=,Mareeha,1
,,,,1101=,Mareena,1
,,,,1101=,Marei,1
,,,,1101=,Maren,1
,,,,1101=,Margaret-Anne,1
,,,,1101=,Margaret-Marie,1
,,,,1101=,Margaretann,1
,,,,1101=,Margeaux,1
,,,,1101=,Mari-Sa,1
,,,,1101=,Maria-Carla,1
,,,,1101=,Mariaconcetta,1
,,,,1101=,Mariah,1
,,,,1101=,Marianna,1
,,,,1101=,Marianthi,1
,,,,1101=,Marie-Ann,1
,,,,1101=,Marihah,1
,,,,1101=,Marilees,1
,,,,1101=,Mariska,1
,,,,1101=,Mariyam,1
,,,,1101=,Marjun,1
,,,,1101=,Marley,1
,,,,1101=,Marli,1
,,,,1101=,Marly,1
,,,,1101=,Marsaili,1
,,,,1101=,Marsha,1
,,,,1101=,Martina,1
,,,,1101=,Marwa,1
,,,,1101=,Mary-Beth,1
,,,,1101=,Mary-Luisa,1
,,,,1101=,Marybeth,1
,,,,1101=,Marycia,1
,,,,1101=,Maryhelen,1
,,,,1101=,Marylou,1
,,,,1101=,Maryth,1
,,,,1101=,Maryyam,1
,,,,1101=,Mashal,1
,,,,1101=,Mason,1
,,,,1101=,Maura,1
,,,,1101=,Maxime,1
,,,,1101=,May,1
,,,,1101=,May-Elizabeth,1
,,,,1101=,Meabh,1
,,,,1101=,Mediha,1
,,,,1101=,Megan-Lavinia,1
,,,,1101=,Megyn,1
,,,,1101=,Mehren,1
,,,,1101=,Mehtab,1
,,,,1101=,Meleeha,1
,,,,1101=,Melisa,1
,,,,1101=,Melissa-Alison,1
,,,,1101=,Melissa-Ann,1
,,,,1101=,Melita,1
,,,,1101=,Mellissa,1
,,,,1101=,Melodie,1
,,,,1101=,Melonie,1
,,,,1101=,Menley,1
,,,,1101=,Merissa,1
,,,,1101=,Merren,1
,,,,1101=,Meryn,1
,,,,1101=,Mhair,1
,,,,1101=,Mhairead,1
,,,,1101=,Mhairee,1
,,,,1101=,Mhairhi,1
,,,,1101=,Mhairi-Therese,1
,,,,1101=,Mhairianne,1
,,,,1101=,Mharie,1
,,,,1101=,Mhoraig,1
,,,,1101=,Micaela,1
,,,,1101=,Micha,1
,,,,1101=,Micheala,1
,,,,1101=,Michealla,1
,,,,1101=,Mikaella,1
,,,,1101=,Mikayla,1
,,,,1101=,Mindy,1
,,,,1101=,Mirrah,1
,,,,1101=,Misato,1
,,,,1101=,Misba,1
,,,,1101=,Mischa,1
,,,,1101=,Mishka,1
,,,,1101=,Misty,1
,,,,1101=,Moe,1
,,,,1101=,Moira,1
,,,,1101=,Mojisola,1
,,,,1101=,Mona,1
,,,,1101=,Moneeza,1
,,,,1101=,Moonisah,1
,,,,1101=,Moreen,1
,,,,1101=,Morgaine,1
,,,,1101=,Morrison,1
,,,,1101=,Mossie,1
,,,,1101=,Moufida,1
,,,,1101=,Munira,1
,,,,1101=,Munro,1
,,,,1101=,Murdag,1
,,,,1101=,Muriel,1
,,,,1101=,Murron,1
,,,,1101=,Mychaela,1
,,,,1101=,Myda,1
,,,,1101=,Myfanwy,1
,,,,1101=,Mykaela,1
,,,,1101=,Mykala,1
,,,,1101=,Myranda,1
,,,,1101=,Naailah,1
,,,,1101=,Nabilah,1
,,,,1101=,Nadean,1
,,,,1101=,Nadeera,1
,,,,1101=,Nadelle,1
,,,,1101=,Nahida,1
,,,,1101=,Naho,1
,,,,1101=,Naidene,1
,,,,1101=,Naiomi,1
,,,,1101=,Najwa,1
,,,,1101=,Nakisha,1
,,,,1101=,Nandini,1
,,,,1101=,Nao,1
,,,,1101=,Nargis,1
,,,,1101=,Narmeen,1
,,,,1101=,Nasuha,1
,,,,1101=,Nataleigh,1
,,,,1101=,Nataline,1
,,,,1101=,Natasha-Anne,1
,,,,1101=,Natasha-Leigh,1
,,,,1101=,Natashia,1
,,,,1101=,Nayab,1
,,,,1101=,Nazia,1
,,,,1101=,Nazish,1
,,,,1101=,Nazreen,1
,,,,1101=,Neave,1
,,,,1101=,Neillidh,1
,,,,1101=,Nella,1
,,,,1101=,Neoma,1
,,,,1101=,Nerissa,1
,,,,1101=,Nessa,1
,,,,1101=,Nicci,1
,,,,1101=,Nicki,1
,,,,1101=,Nickola,1
,,,,1101=,Nicky,1
,,,,1101=,Nico,1
,,,,1101=,Nicole-Jade,1
,,,,1101=,Niesha,1
,,,,1101=,Nikita-Hedy,1
,,,,1101=,Nikitta,1
,,,,1101=,Nilah,1
,,,,1101=,Nilay,1
,,,,1101=,Nimat,1
,,,,1101=,Nimet,1
,,,,1101=,Nimra,1
,,,,1101=,Nitasha,1
,,,,1101=,Nivana,1
,,,,1101=,Nnenne,1
,,,,1101=,Nor,1
,,,,1101=,Norika,1
,,,,1101=,Noriko,1
,,,,1101=,Norliza,1
,,,,1101=,Nosha,1
,,,,1101=,Noura,1
,,,,1101=,Nur,1
,,,,1101=,Nuriye,1
,,,,1101=,Nurul,1
,,,,1101=,Nusaiba,1
,,,,1101=,Nyesha,1
,,,,1101=,Nykitta,1
,,,,1101=,Oceanne,1
,,,,1101=,Ockje,1
,,,,1101=,Oighrig,1
,,,,1101=,Olga,1
,,,,1101=,Olive,1
,,,,1101=,Orianne,1
,,,,1101=,Orlaith,1
,,,,1101=,Oyiza,1
,,,,1101=,Paddy,1
,,,,1101=,Page,1
,,,,1101=,Paisley,1
,,,,1101=,Pamela-Jane,1
,,,,1101=,Pariti,1
,,,,1101=,Parvinder,1
,,,,1101=,Pascale,1
,,,,1101=,Paulina,1
,,,,1101=,Payge,1
,,,,1101=,Peigi,1
,,,,1101=,Petrena,1
,,,,1101=,Phayth,1
,,,,1101=,Phebe,1
,,,,1101=,Phillippa,1
,,,,1101=,Philomena,1
,,,,1101=,Phoenix,1
,,,,1101=,Phyllis,1
,,,,1101=,Pierra,1
,,,,1101=,Pooja,1
,,,,1101=,Prairie,1
,,,,1101=,Premilia,1
,,,,1101=,Primaljit,1
,,,,1101=,Priyanka,1
,,,,1101=,Puneet,1
,,,,1101=,Puravi,1
,,,,1101=,Querida,1
,,,,1101=,Rabab,1
,,,,1101=,Rabeah,1
,,,,1101=,Rabeel,1
,,,,1101=,Rabiya,1
,,,,1101=,Racheal,1
,,,,1101=,Rachel-May,1
,,,,1101=,Rachele,1
,,,,1101=,Racquel,1
,,,,1101=,Racquell,1
,,,,1101=,Radha,1
,,,,1101=,Rae-Anne,1
,,,,1101=,Raeesa,1
,,,,1101=,Raeesah,1
,,,,1101=,Raegen,1
,,,,1101=,Raewyn,1
,,,,1101=,Rahime,1
,,,,1101=,Rahma,1
,,,,1101=,Rahmee,1
,,,,1101=,Raina,1
,,,,1101=,Raine,1
,,,,1101=,Rainne,1
,,,,1101=,Raisa,1
,,,,1101=,Rajia,1
,,,,1101=,Rameeza,1
,,,,1101=,Raudhan,1
,,,,1101=,Raven,1
,,,,1101=,Rawdhah,1
,,,,1101=,Ray,1
,,,,1101=,Rayahan,1
,,,,1101=,Rayanne,1
,,,,1101=,Rayner,1
,,,,1101=,Rayvon,1
,,,,1101=,Reagan,1
,,,,1101=,Rebbeka,1
,,,,1101=,Rebbekah,1
,,,,1101=,Rebeca,1
,,,,1101=,Rebecca-Jane,1
,,,,1101=,Rebecca-Jayne,1
,,,,1101=,Rebekah-Jane,1
,,,,1101=,Rebekkah,1
,,,,1101=,Ree,1
,,,,1101=,Reeba,1
,,,,1101=,Reece,1
,,,,1101=,Reem,1
,,,,1101=,Regan,1
,,,,1101=,Reigan,1
,,,,1101=,Reika,1
,,,,1101=,Reina,1
,,,,1101=,Renah,1
,,,,1101=,Renatta,1
,,,,1101=,Renee,1
,,,,1101=,Renie,1
,,,,1101=,Reo,1
,,,,1101=,Rewa,1
,,,,1101=,Rhae,1
,,,,1101=,Rhanna,1
,,,,1101=,Rheanna,1
,,,,1101=,Rheanne,1
,,,,1101=,Rhianda,1
,,,,1101=,Rhiannan,1
,,,,1101=,Rhianon,1
,,,,1101=,Rhiona,1
,,,,1101=,Rhittika,1
,,,,1101=,Rhoda,1
,,,,1101=,Rhonwen,1
,,,,1101=,Rhonwyn,1
,,,,1101=,Rhya,1
,,,,1101=,Rhyane,1
,,,,1101=,Rhyia,1
,,,,1101=,Rianna,1
,,,,1101=,Riannan,1
,,,,1101=,Riannon,1
,,,,1101=,Rida,1
,,,,1101=,Rikki,1
,,,,1101=,Rikkie,1
,,,,1101=,Riley,1
,,,,1101=,Riona,1
,,,,1101=,Ritu,1
,,,,1101=,Rivka,1
,,,,1101=,Robab,1
,,,,1101=,Robin,1
,,,,1101=,Robina,1
,,,,1101=,Robynne,1
,,,,1101=,Rochene,1
,,,,1101=,Rogan,1
,,,,1101=,Rohanna,1
,,,,1101=,Rohini,1
,,,,1101=,Rois,1
,,,,1101=,Rokayya,1
,,,,1101=,Romany,1
,,,,1101=,Romi,1
,,,,1101=,Romy,1
,,,,1101=,Roos,1
,,,,1101=,Rosaline,1
,,,,1101=,Rosalynde,1
,,,,1101=,Rose-Ada,1
,,,,1101=,Rose-Marie,1
,,,,1101=,Roselle,1
,,,,1101=,Roshann,1
,,,,1101=,Roshine,1
,,,,1101=,Rosie-Ann,1
,,,,1101=,Rosie-Jo,1
,,,,1101=,Rosin,1
,,,,1101=,Roslyne,1
,,,,1101=,Rowane,1
,,,,1101=,Rowen,1
,,,,1101=,Roxanna,1
,,,,1101=,Royan,1
,,,,1101=,Rozanne,1
,,,,1101=,Rozenn,1
,,,,1101=,Ruadhan,1
,,,,1101=,Ruathy,1
,,,,1101=,Ruba,1
,,,,1101=,Rubbab,1
,,,,1101=,Rubie,1
,,,,1101=,Rujveer,1
,,,,1101=,Rukaiya,1
,,,,1101=,Ruzena,1
,,,,1101=,Rye,1
,,,,1101=,Saarah,1
,,,,1101=,Saba,1
,,,,1101=,Sabella,1
,,,,1101=,Sabia,1
,,,,1101=,Sabrena,1
,,,,1101=,Sadaf,1
,,,,1101=,Sadiyah,1
,,,,1101=,Safa,1
,,,,1101=,Safiyyah,1
,,,,1101=,Sahiba,1
,,,,1101=,Sahra,1
,,,,1101=,Saibah,1
,,,,1101=,Saja,1
,,,,1101=,Sakina,1
,,,,1101=,Salisa,1
,,,,1101=,Sally-Ann,1
,,,,1101=,Saman,1
,,,,1101=,Samantha-Jo,1
,,,,1101=,Samantha-May,1
,,,,1101=,Samara-Jane,1
,,,,1101=,Samarra,1
,,,,1101=,Samera,1
,,,,1101=,Samhain,1
,,,,1101=,Samia,1
,,,,1101=,Samina,1
,,,,1101=,Samiyah,1
,,,,1101=,Sammayah,1
,,,,1101=,Sammie,1
,,,,1101=,Sammiyah,1
,,,,1101=,Sammy-Jo,1
,,,,1101=,Samya,1
,,,,1101=,Sanaa,1
,,,,1101=,Sandhya,1
,,,,1101=,Sandra,1
,,,,1101=,Sanna,1
,,,,1101=,Santina,1
,,,,1101=,Saoirse,1
,,,,1101=,Sarah-Jade,1
,,,,1101=,Sarah-Jo,1
,,,,1101=,Sarahlouise,1
,,,,1101=,Sare,1
,,,,1101=,Sareece,1
,,,,1101=,Sari,1
,,,,1101=,Saria,1
,,,,1101=,Sascha,1
,,,,1101=,Sasha-Nicole,1
,,,,1101=,Satveer,1
,,,,1101=,Savanagh,1
,,,,1101=,Savanah,1
,,,,1101=,Savanna,1
,,,,1101=,Sayeeda,1
,,,,1101=,Sayra,1
,,,,1101=,Scarlet,1
,,,,1101=,Scotia,1
,,,,1101=,Se-Ember,1
,,,,1101=,Seana,1
,,,,1101=,Seanie,1
,,,,1101=,Seema,1
,,,,1101=,Seher,1
,,,,1101=,Sehrish,1
,,,,1101=,Selene,1
,,,,1101=,Semone,1
,,,,1101=,Seo,1
,,,,1101=,Seona,1
,,,,1101=,Seonagh,1
,,,,1101=,Sephora,1
,,,,1101=,Seri,1
,,,,1101=,Shaanan,1
,,,,1101=,Shabana,1
,,,,1101=,Shagufta,1
,,,,1101=,Shahad,1
,,,,1101=,Shalene,1
,,,,1101=,Shamaila,1
,,,,1101=,Shamain,1
,,,,1101=,Shamara,1
,,,,1101=,Shamragh,1
,,,,1101=,Shams,1
,,,,1101=,Shamsah,1
,,,,1101=,Shanell,1
,,,,1101=,Shanelle,1
,,,,1101=,Shani,1
,,,,1101=,Shani-Lee,1
,,,,1101=,Shanie-Lee,1
,,,,1101=,Shanique,1
,,,,1101=,Shanise,1
,,,,1101=,Shannel,1
,,,,1101=,Sharda,1
,,,,1101=,Sharelle,1
,,,,1101=,Sharissa,1
,,,,1101=,Sharmaine,1
,,,,1101=,Sharmane,1
,,,,1101=,Sharmilla,1
,,,,1101=,Sharmin,1
,,,,1101=,Sharnie,1
,,,,1101=,Sharon-Marie,1
,,,,1101=,Sharrelle,1
,,,,1101=,Sharron,1
,,,,1101=,Sharyn,1
,,,,1101=,Shaumyla,1
,,,,1101=,Shaun,1
,,,,1101=,Shaunee,1
,,,,1101=,Shaunelle,1
,,,,1101=,Shaunie-Leigh,1
,,,,1101=,Shaunilee,1
,,,,1101=,Shaunine,1
,,,,1101=,Shaunnae-Marie,1
,,,,1101=,Shaunnie,1
,,,,1101=,Shaunny,1
,,,,1101=,Shauny,1
,,,,1101=,Shayna,1
,,,,1101=,Shazia,1
,,,,1101=,Sheereen,1
,,,,1101=,Shelayne,1
,,,,1101=,Shelbey,1
,,,,1101=,Shelbi,1
,,,,1101=,Shelby-Teri,1
,,,,1101=,Sheldon,1
,,,,1101=,Shellana,1
,,,,1101=,Shellby,1
,,,,1101=,Shellbymarie,1
,,,,1101=,Shelley-Anne,1
,,,,1101=,Shellie,1
,,,,1101=,Shenna,1
,,,,1101=,Sheraine,1
,,,,1101=,Sherall,1
,,,,1101=,Sheriecarol,1
,,,,1101=,Sherri,1
,,,,1101=,Sherridan,1
,,,,1101=,Sherrisse,1
,,,,1101=,Shireen,1
,,,,1101=,Shonad,1
,,,,1101=,Shoni,1
,,,,1101=,Shonila,1
,,,,1101=,Shonya,1
,,,,1101=,Shri,1
,,,,1101=,Shuna,1
,,,,1101=,Shynese,1
,,,,1101=,Si,1
,,,,1101=,Sianan,1
,,,,1101=,Siananne,1
,,,,1101=,Sianice,1
,,,,1101=,Siann,1
,,,,1101=,Siannon,1
,,,,1101=,Sianon,1
,,,,1101=,Sidra,1
,,,,1101=,Sienna,1
,,,,1101=,Silvie,1
,,,,1101=,Sima,1
,,,,1101=,Simeone,1
,,,,1101=,Simmone,1
,,,,1101=,Simran,1
,,,,1101=,Sina,1
,,,,1101=,Sineade,1
,,,,1101=,Sineeta,1
,,,,1101=,Siobhain,1
,,,,1101=,Siobhann,1
,,,,1101=,Siobhon,1
,,,,1101=,Siolhanne,1
,,,,1101=,Sioned,1
,,,,1101=,Sky,1
,,,,1101=,Skyler,1
,,,,1101=,Smirah,1
,,,,1101=,Sneha,1
,,,,1101=,Sofi,1
,,,,1101=,Sogol,1
,,,,1101=,Sohaila,1
,,,,1101=,Solita,1
,,,,1101=,Somer-Marie,1
,,,,1101=,Somiea,1
,,,,1101=,Sondies,1
,,,,1101=,Sophie-Anne,1
,,,,1101=,Sophie-Jayne,1
,,,,1101=,Stacey-Louise,1
,,,,1101=,Stacia,1
,,,,1101=,Stacyann,1
,,,,1101=,Steffani,1
,,,,1101=,Steffny,1
,,,,1101=,Stephaine,1
,,,,1101=,Stephanie-Lynn,1
,,,,1101=,Stephenie,1
,,,,1101=,Stephney,1
,,,,1101=,Stevie-Leigh,1
,,,,1101=,Stevie-Marie,1
,,,,1101=,Subah,1
,,,,1101=,Subba,1
,,,,1101=,Sufia,1
,,,,1101=,Sughara,1
,,,,1101=,Suhaila,1
,,,,1101=,Sui,1
,,,,1101=,Sum,1
,,,,1101=,Sumayyah,1
,,,,1101=,Sumiya,1
,,,,1101=,Summer-Lea,1
,,,,1101=,Summera,1
,,,,1101=,Sunah,1
,,,,1101=,Sunna,1
,,,,1101=,Sunneen,1
,,,,1101=,Sunnie,1
,,,,1101=,Sunniva,1
,,,,1101=,Sunya,1
,,,,1101=,Surinder,1
,,,,1101=,Susanna,1
,,,,1101=,Susanne,1
,,,,1101=,Susie,1
,,,,1101=,Suzannah,1
,,,,1101=,Suzi,1
,,,,1101=,Syara,1
,,,,1101=,Syarifah,1
,,,,1101=,Sydney,1
,,,,1101=,Syma,1
,,,,1101=,Symone,1
,,,,1101=,Taahirah,1
,,,,1101=,Tabatha,1
,,,,1101=,Tal,1
,,,,1101=,Taliah,1
,,,,1101=,Talitha,1
,,,,1101=,Tamarah,1
,,,,1101=,Tamarra,1
,,,,1101=,Tamera,1
,,,,1101=,Tamisha,1
,,,,1101=,Tammara,1
,,,,1101=,Tammie-Lee,1
,,,,1101=,Tammy-Louise,1
,,,,1101=,Tamzin,1
,,,,1101=,Tanaya,1
,,,,1101=,Tanaysha,1
,,,,1101=,Tanisha,1
,,,,1101=,Tannera,1
,,,,1101=,Tanveer,1
,,,,1101=,Tarra,1
,,,,1101=,Tasha,1
,,,,1101=,Tashana,1
,,,,1101=,Tasia,1
,,,,1101=,Tasneam,1
,,,,1101=,Tassie,1
,,,,1101=,Tatiana,1
,,,,1101=,Tawny,1
,,,,1101=,Tay,1
,,,,1101=,Tayla,1
,,,,1101=,Taylar,1
,,,,1101=,Taylor-Jo,1
,,,,1101=,Taylor-Marie,1
,,,,1101=,Taylore,1
,,,,1101=,Tayloure,1
,,,,1101=,Tayyaba,1
,,,,1101=,Teagan,1
,,,,1101=,Teigan,1
,,,,1101=,Teighan,1
,,,,1101=,Teighlor,1
,,,,1101=,Tejasvi,1
,,,,1101=,Temitayo,1
,,,,1101=,Tequila-Paris,1
,,,,1101=,Teresa,1
,,,,1101=,Teri-Lee,1
,,,,1101=,Terri-Claire,1
,,,,1101=,Terri-Louise,1
,,,,1101=,Terri-Marie,1
,,,,1101=,Terrilaa,1
,,,,1101=,Tiffani,1
,,,,1101=,Tiffeny,1
,,,,1101=,Tiffiny,1
,,,,1101=,Tigan,1
,,,,1101=,Timmarah,1
,,,,1101=,Tina,1
,,,,1101=,Tiona,1
,,,,1101=,Tirion,1
,,,,1101=,Tobiana,1
,,,,1101=,Toni-Marie,1
,,,,1101=,Tori-Leigh,1
,,,,1101=,Torisa,1
,,,,1101=,Torria,1
,,,,1101=,Touka,1
,,,,1101=,Toyah,1
,,,,1101=,Tracey-Anne,1
,,,,1101=,Tracie,1
,,,,1101=,Tricia,1
,,,,1101=,Trudi,1
,,,,1101=,Trudie,1
,,,,1101=,Twandile,1
,,,,1101=,Tyla,1
,,,,1101=,Tyne,1
,,,,1101=,Tyra,1
,,,,1101=,Tyreena,1
,,,,1101=,Tze,1
,,,,1101=,Ula,1
,,,,1101=,Uma,1
,,,,1101=,Umara,1
,,,,1101=,Unity,1
,,,,1101=,Urvashi,1
,,,,1101=,Usma,1
,,,,1101=,Vada,1
,,,,1101=,Vahri,1
,,,,1101=,Valentina,1
,,,,1101=,Vana,1
,,,,1101=,Varay,1
,,,,1101=,Vega-Jay,1
,,,,1101=,Verity,1
,,,,1101=,Vickie,1
,,,,1101=,Viktoria,1
,,,,1101=,Vimbai,1
,,,,1101=,Vivian,1
,,,,1101=,Vivyan,1
,,,,1101=,Vykky,1
,,,,1101=,Wadhah,1
,,,,1101=,Wah,1
,,,,1101=,Wajeeha,1
,,,,1101=,Wallace,1
,,,,1101=,Wallis,1
,,,,1101=,Warda,1
,,,,1101=,Waverley,1
,,,,1101=,Wednesday,1
,,,,1101=,Witley,1
,,,,1101=,Wyona,1
,,,,1101=,Xanthe,1
,,,,1101=,Xatrina,1
,,,,1101=,Xiao,1
,,,,1101=,Yanecka,1
,,,,1101=,Yanna,1
,,,,1101=,Yasamin,1
,,,,1101=,Yasmien,1
,,,,1101=,Yasmina,1
,,,,1101=,Yasminn,1
,,,,1101=,Yazmynn,1
,,,,1101=,Yee,1
,,,,1101=,Yemaya,1
,,,,1101=,Yen,1
,,,,1101=,Yette,1
,,,,1101=,Yeung,1
,,,,1101=,Yhana,1
,,,,1101=,Yi,1
,,,,1101=,Yocheved,1
,,,,1101=,Yola,1
,,,,1101=,Yong,1
,,,,1101=,Yu,1
,,,,1101=,Yuen,1
,,,,1101=,Yuka,1
,,,,1101=,Yumeko,1
,,,,1101=,Yuval,1
,,,,1101=,Yvie,1
,,,,1101=,Yvon,1
,,,,1101=,Zafirah,1
,,,,1101=,Zahrah,1
,,,,1101=,Zaiba,1
,,,,1101=,Zaira,1
,,,,1101=,Zakiyah,1
,,,,1101=,Zakiyya,1
,,,,1101=,Zana,1
,,,,1101=,Zaraali,1
,,,,1101=,Zaria,1
,,,,1101=,Zarina,1
,,,,1101=,Zena,1
,,,,1101=,Zenab,1
,,,,1101=,Zeta,1
,,,,1101=,Zhara,1
,,,,1101=,Ziera,1
,,,,1101=,Zina,1
,,,,1101=,Zireen,1
,,,,1101=,Zoahe,1
,,,,1101=,Zodi,1
,,,,1101=,Zoeh,1
,,,,1101=,Zoelisa,1
,,,,1101=,Zohrah,1
,,,,1101=,Zoie,1
,,,,1101=,Zoubida,1
,,,,1101=,Zoya,1
,,,,1101=,Zozefina,1
,,,,1101=,Zulakha,1
,,,,1101=,Zulekha,1
,,,,1101=,Zunaira,1
,,,,1101=,Zunnerah,1
,,,,,,
� Crown Copyright 2015,,,,,,
