Babies' first forenames: births registered in Scotland in 1994,,,,,,
,,,,,,
Information about the basis of the list can be found via the 'Babies' First Names' page on the National Records of Scotland website.,,,,,,
,,,,,,
Boys,,,,Girls,,
,,,,,,
Position,Name,Number of babies,,Position,Name,Number of babies
1,Ryan,1098,,1,Lauren,973
2,Andrew,913,,2,Rebecca,758
3,Scott,817,,3,Emma,729
4,David,768,,4,Amy,640
5,Michael,694,,5,Sarah,585
6,James,687,,6,Laura,580
7,Jordan,652,,7,Megan,528
8,Christopher,646,,8,Nicole,515
9,Ross,634,,9,Rachel,508
10,Craig,615,,10,Hannah,505
11,Daniel,598,,11,Kirsty,462
12,Jack,528,,12,Stephanie,397
13,John,512,,13,Jennifer,376
14,Mark,484,,14,Danielle,363
15,Connor,479,,15,Claire,359
16,Jamie,477,,16,Shannon,322
17,Liam,452,,17=,Caitlin,321
18,Sean,427,,17=,Samantha,321
19,Lewis,426,,19,Gemma,319
20,Matthew,414,,20,Nicola,317
21,Callum,413,,21,Louise,309
22,Cameron,404,,22,Chloe,296
23,Steven,389,,23,Lisa,279
24,Kieran,374,,24,Katie,270
25,Thomas,373,,25,Sophie,255
26,Robert,371,,26,Ashley,252
27,Stuart,352,,27=,Heather,224
28,Calum,335,,27=,Melissa,224
29,Darren,327,,29,Jade,223
30,Stephen,325,,30,Natalie,222
31,Paul,316,,31,Kayleigh,221
32,Adam,291,,32,Lucy,219
33,Kyle,286,,33,Rachael,208
34,Fraser,285,,34,Erin,207
35=,Alexander,280,,35,Robyn,195
35=,William,280,,36,Hayley,192
37,Dean,264,,37,Emily,191
38,Lee,260,,38,Eilidh,177
39,Jonathan,248,,39,Fiona,176
40,Gary,239,,40,Zoe,170
41,Martin,222,,41,Holly,166
42,Shaun,212,,42,Ashleigh,165
43,Dylan,205,,43,Natasha,164
44,Dale,203,,44,Jodie,158
45,Grant,198,,45,Aimee,152
46,Kevin,194,,46,Chelsea,142
47,Conor,181,,47,Amanda,139
48=,Aaron,166,,48,Jessica,138
48=,Declan,166,,49,Kimberley,137
50,Peter,165,,50,Victoria,135
51,Joseph,159,,51,Charlotte,133
52,Euan,154,,52,Anna,129
53=,Marc,144,,53,Catherine,126
53=,Robbie,144,,54,Kerry,124
55,Alan,143,,55=,Gillian,122
56,Jason,140,,55=,Kirsten,122
57,Blair,136,,57,Stacey,117
58,Sam,135,,58,Joanne,114
59=,Gavin,134,,59,Kathryn,111
59=,Luke,134,,60=,Alison,108
61,Joshua,131,,60=,Michelle,108
62,Nathan,128,,62,Kelly,107
63,Iain,124,,63,Elizabeth,102
64,Samuel,122,,64,Beth,96
65,Greg,121,,65,Katherine,94
66,Anthony,116,,66,Bethany,91
67,Neil,114,,67,Catriona,90
68,Douglas,112,,68=,Jenna,89
69,Nicholas,111,,68=,Paige,89
70,Stewart,110,,70=,Alice,86
71,Alistair,109,,70=,Siobhan,86
72,Colin,106,,72,Alexandra,83
73,Duncan,99,,73=,Demi,82
74,Graeme,97,,73=,Leanne,82
75=,Aidan,96,,75=,Amber,79
75=,Benjamin,96,,75=,Courtney,79
77,Rory,95,,75=,Jemma,79
78,Josh,92,,78,Mhairi,78
79,Alasdair,88,,79=,Clare,76
80,Reece,87,,79=,Naomi,76
81=,Jake,86,,81=,Abigail,74
81=,Richard,86,,81=,Iona,74
83=,Gordon,85,,83,Carly,71
83=,Ian,85,,84=,Cara,69
83=,Rhys,85,,84=,Ruth,69
86,Ben,84,,84=,Taylor,69
87=,Ewan,83,,87=,Chantelle,68
87=,Gregor,83,,87=,Cheryl,68
87=,Patrick,83,,87=,Hollie,68
90,Graham,82,,90=,Helen,67
91,Brian,79,,90=,Toni,67
92,George,75,,92,Julie,66
93,Charles,73,,93,Joanna,64
94,Allan,71,,94,Olivia,61
95,Kenneth,68,,95=,Abbie,59
96,Angus,67,,95=,Christina,59
97,Alastair,65,,95=,Lindsay,59
98,Keiran,60,,95=,Rebekah,59
99,Murray,58,,99,Nikki,58
100,Niall,55,,100=,Karen,57
101=,Ciaran,54,,100=,Paula,57
101=,Owen,54,,102,Sara,56
103=,Bradley,51,,103=,Caroline,54
103=,Derek,51,,103=,Kelsey,54
105,Daryl,50,,105=,Ellen,53
106=,Dominic,49,,105=,Lynsey,53
106=,Gareth,49,,107,Hazel,52
108=,Harry,48,,108,Ailsa,51
108=,Taylor,48,,109=,Alana,50
110=,Donald,47,,109=,Mary,50
110=,Mohammed,47,,111=,Kate,49
112=,Edward,46,,111=,Shannen,49
112=,Oliver,46,,113=,Jacqueline,48
114,Bryan,44,,113=,Jordan,48
115=,Bruce,43,,113=,Kirstin,48
115=,Jay,43,,113=,Suzanne,48
117,Marcus,42,,117=,Adele,47
118=,Elliot,41,,117=,Lorna,47
118=,Ruairidh,41,,119,Kathleen,46
118=,Simon,41,,120=,Jasmine,45
121=,Greig,40,,120=,Leigh,45
121=,Philip,40,,120=,Pamela,45
123=,Barry,39,,120=,Shona,45
123=,Corey,39,,124,Katy,44
123=,Finlay,39,,125,Michaela,43
126=,Arran,38,,126,Meghan,42
126=,Brandon,38,,127=,Brogan,41
128=,Glen,36,,127=,Kimberly,41
128=,Martyn,36,,127=,Kirstie,41
128=,Shane,36,,127=,Leah,41
131=,Frazer,35,,131=,Ainsley,40
131=,Joe,35,,131=,Kim,40
133,Garry,33,,131=,Mairi,40
134=,Aiden,32,,131=,Molly,40
134=,Jacob,32,,135=,Deborah,39
134=,Louis,32,,135=,Katrina,39
134=,Stefan,32,,135=,Margaret,39
138,Jonathon,31,,138=,Eleanor,37
139,Max,30,,138=,Julia,37
140=,Keith,29,,138=,Maria,37
140=,Tom,29,,138=,Rhiannon,37
142=,Conner,28,,142=,Andrea,36
142=,Drew,28,,142=,Kerri,36
144,Mathew,27,,144=,Nicolle,35
145=,Brendan,26,,144=,Rosie,35
145=,Calvin,26,,144=,Simone,35
145=,Hamish,26,,147=,Dionne,34
145=,Hugh,26,,147=,Ellie,34
145=,Kerr,26,,147=,Shelley,34
145=,Russell,26,,150=,Tammy,33
151=,Fergus,25,,150=,Yasmin,33
151=,Gerard,25,,152=,Angela,32
153,Mohammad,24,,152=,April,32
154=,Antony,23,,152=,Jane,32
154=,Campbell,23,,152=,Melanie,32
154=,Lawrence,23,,152=,Morgan,32
154=,Malcolm,23,,152=,Sian,32
154=,Ruaridh,23,,158=,Abby,31
159=,Darryl,22,,158=,Amie,31
159=,Dillon,22,,158=,Lyndsay,31
159=,Struan,22,,161=,Eve,30
162=,Evan,21,,161=,Grace,30
162=,Jed,21,,161=,Linzi,30
162=,Jon,21,,161=,Lori,30
162=,Robin,21,,161=,Nadia,30
166=,Alex,20,,166=,Brooke,29
166=,Danny,20,,166=,Christie,29
166=,Kris,20,,166=,Dawn,29
166=,Kristopher,20,,166=,Donna,29
166=,Raymond,20,,166=,Jillian,29
166=,Tony,20,,166=,Lesley,29
172=,Brett,19,,172=,Elaine,28
172=,Justin,19,,172=,Georgia,28
172=,Muhammad,19,,172=,Lindsey,28
172=,Ronan,19,,172=,Rhona,28
176=,Arron,18,,172=,Roisin,28
176=,Billy,18,,172=,Shelby,28
176=,Brodie,18,,178=,Francesca,27
176=,Harris,18,,178=,Vanessa,27
176=,Lyle,18,,180=,Alannah,26
181=,Dayle,17,,180=,Becky,26
181=,Francis,17,,180=,Carla,26
181=,Keir,17,,180=,Christine,26
184=,Damien,16,,180=,Lara,26
184=,Ethan,16,,180=,Morven,26
184=,Joel,16,,180=,Nadine,26
184=,Jordon,16,,180=,Susan,26
184=,Kane,16,,188=,Debbie,25
184=,Mitchell,16,,188=,Ellis,25
184=,Timothy,16,,188=,Lynn,25
191=,Eoin,15,,188=,Tamara,25
191=,Gregory,15,,188=,Tiffany,25
191=,Kieron,15,,193=,Alisha,24
191=,Zachary,15,,193=,Jill,24
195=,Ewen,14,,193=,Kara,24
195=,Henry,14,,196=,Alix,23
195=,Logan,14,,196=,Antonia,23
195=,Marco,14,,196=,Diane,23
199=,Elliott,13,,196=,Isla,23
199=,Glenn,13,,196=,Maxine,23
199=,Lloyd,13,,196=,Tara,23
199=,Tyler,13,,202=,Charlene,22
203=,Corrie,12,,202=,Gayle,22
203=,Findlay,12,,202=,Georgina,22
203=,Johnathan,12,,202=,Leona,22
203=,Kristofer,12,,202=,Sally,22
203=,Leigh,12,,202=,Vicky,22
203=,Magnus,12,,208=,Alanna,21
203=,Terry,12,,208=,Annie,21
210=,Abdul,11,,208=,Bryony,21
210=,Adrian,11,,208=,Freya,21
210=,Ashley,11,,208=,Jamie,21
210=,Charlie,11,,213=,Alex,20
210=,Cory,11,,213=,Alicia,20
210=,Hayden,11,,213=,Ciara,20
210=,Innes,11,,213=,Connie,20
210=,Maxwell,11,,213=,Marianne,20
210=,Omar,11,,213=,Niamh,20
210=,Ricky,11,,213=,Roxanne,20
210=,Ronald,11,,220=,Frances,19
210=,Roy,11,,220=,Hayleigh,19
222=,Ali,10,,220=,Jodi,19
222=,Carl,10,,220=,Kaitlin,19
222=,Curtis,10,,220=,Nikita,19
222=,Ramsay,10,,220=,Rowan,19
226=,Brad,9,,226=,Gail,18
226=,Frank,9,,226=,Keri,18
226=,Guy,9,,226=,Laurie,18
226=,Keiron,9,,226=,Yvonne,18
226=,Kieren,9,,226=,Zara,18
226=,Nicky,9,,231=,Claudia,17
226=,Phillip,9,,231=,Jenny,17
226=,Roderick,9,,231=,Lois,17
226=,Sebastian,9,,231=,Lyndsey,17
235=,Alisdair,8,,231=,Marie,17
235=,Alister,8,,231=,Sarah-Louise,17
235=,Bernard,8,,231=,Sasha,17
235=,Christian,8,,231=,Sophia,17
235=,Darrell,8,,239=,Aileen,16
235=,Dennis,8,,239=,Alanah,16
235=,Isaac,8,,239=,Justine,16
235=,Jackson,8,,239=,Katharine,16
235=,Nico,8,,239=,Keira,16
235=,Nicol,8,,239=,Linsey,16
245=,Cal,7,,239=,Rosemary,16
245=,Callan,7,,246=,Caitlyn,15
245=,Chris,7,,246=,Clair,15
245=,Corin,7,,246=,Colette,15
245=,Damian,7,,246=,Coral,15
245=,Damon,7,,246=,Corrie,15
245=,Daryn,7,,246=,Fern,15
245=,Eddie,7,,246=,Judith,15
245=,Ellis,7,,246=,Kerrie,15
245=,Haris,7,,246=,Kiera,15
245=,Harrison,7,,246=,Lorraine,15
245=,Haydn,7,,246=,Madeleine,15
245=,Joss,7,,246=,Sinead,15
245=,Kenny,7,,246=,Terri,15
245=,Laurence,7,,246=,Tessa,15
245=,Levi,7,,260=,Ainslie,14
245=,Nathaniel,7,,260=,Allana,14
245=,Neal,7,,260=,Briony,14
245=,Oscar,7,,260=,Eva,14
245=,Ritchie,7,,260=,Jamie-Lee,14
245=,Rowan,7,,260=,Jayne,14
245=,Saif,7,,260=,Josephine,14
245=,Sandy,7,,260=,Kay,14
245=,Terence,7,,260=,Lily,14
245=,Theo,7,,260=,Linda,14
245=,Tristan,7,,260=,Sarah-Jane,14
245=,Umar,7,,260=,Shauna,14
245=,Zain,7,,272=,Alexandria,13
245=,Zak,7,,272=,Daisy,13
274=,Adil,6,,272=,Daniella,13
274=,Ahmed,6,,272=,Haley,13
274=,Antonio,6,,272=,Hope,13
274=,Austin,6,,272=,Patricia,13
274=,Benedict,6,,272=,Stacy,13
274=,Benn,6,,279=,Allison,12
274=,Blake,6,,279=,Amelia,12
274=,Connaire,6,,279=,Carol,12
274=,Crawford,6,,279=,Carolyn,12
274=,Finn,6,,279=,Charmaine,12
274=,Gerald,6,,279=,Clara,12
274=,Hamza,6,,279=,Dana,12
274=,Haroon,6,,279=,Ebony,12
274=,Hassan,6,,279=,Gabrielle,12
274=,Johnathon,6,,279=,Harriet,12
274=,Karl,6,,279=,Imogen,12
274=,Kierran,6,,279=,Jody,12
274=,Lachlan,6,,279=,Kellie,12
274=,Laurie,6,,279=,Rose,12
274=,Leon,6,,279=,Shannan,12
274=,Lucas,6,,279=,Sharon,12
274=,Mason,6,,279=,Wendy,12
274=,Nicolas,6,,296=,Ailie,11
274=,Scot,6,,296=,Anne,11
274=,Toby,6,,296=,Carrie,11
299=,Alec,5,,296=,Charley,11
299=,Anton,5,,296=,Chelsey,11
299=,Cailean,5,,296=,Chelsie,11
299=,Caleb,5,,296=,Colleen,11
299=,Chay,5,,296=,Deanna,11
299=,Christy,5,,296=,Elisha,11
299=,Cole,5,,296=,Ella,11
299=,Daryll,5,,296=,Erica,11
299=,Deane,5,,296=,Flora,11
299=,Derrick,5,,296=,Jasmin,11
299=,Frederick,5,,296=,Jayde,11
299=,Gabriel,5,,296=,Kaitlyn,11
299=,Gregg,5,,296=,Louisa,11
299=,Jared,5,,296=,Mairead,11
299=,Jeff,5,,296=,Monica,11
299=,Junaid,5,,296=,Morag,11
299=,Kelvin,5,,296=,Nina,11
299=,Kristian,5,,296=,Poppy,11
299=,Kristoffer,5,,296=,Rhea,11
299=,Kurt,5,,296=,Shauni,11
299=,Lawrie,5,,296=,Shaunie,11
299=,Murdo,5,,320=,Adrienne,10
299=,Ruaidhri,5,,320=,Ailidh,10
299=,Ruaraidh,5,,320=,Ayesha,10
299=,Syed,5,,320=,Bethan,10
299=,Wayne,5,,320=,Brodie,10
325=,Aamir,4,,320=,Cassie,10
325=,Aarron,4,,320=,Eileen,10
325=,Adnan,4,,320=,Emma-Louise,10
325=,Amir,4,,320=,Jo,10
325=,Aron,4,,320=,Karina,10
325=,Asif,4,,320=,Karis,10
325=,Ayden,4,,320=,Karyn,10
325=,Boyd,4,,320=,Kym,10
325=,Cian,4,,320=,Leonie,10
325=,Clark,4,,320=,Lynne,10
325=,Conal,4,,320=,Marissa,10
325=,Conall,4,,320=,Martha,10
325=,Conar,4,,320=,Phoebe,10
325=,Dane,4,,320=,Rhianna,10
325=,Dario,4,,320=,Skye,10
325=,Declyn,4,,320=,Tanya,10
325=,Dillan,4,,320=,Veronica,10
325=,Dion,4,,342=,Abbey,9
325=,Donnie,4,,342=,Bernadette,9
325=,Edwin,4,,342=,Billie,9
325=,Eric,4,,342=,Bobbie,9
325=,Faisal,4,,342=,Carmen,9
325=,Harley,4,,342=,Casey,9
325=,Harvey,4,,342=,Chanelle,9
325=,Hugo,4,,342=,Collette,9
325=,Imran,4,,342=,Corinne,9
325=,Jaimie,4,,342=,Dayna,9
325=,Keiren,4,,342=,Debra,9
325=,Lyall,4,,342=,Dominique,9
325=,Mackenzie,4,,342=,Elise,9
325=,Miles,4,,342=,Hilary,9
325=,Morgan,4,,342=,Kendall,9
325=,Neill,4,,342=,Lana,9
325=,Nikki,4,,342=,Lydia,9
325=,Qasim,4,,342=,Mariam,9
325=,Rian,4,,342=,Marina,9
325=,Ronnie,4,,342=,Nichola,9
325=,Ruari,4,,342=,Philippa,9
325=,Samir,4,,342=,Rhian,9
325=,Sammy,4,,342=,Rona,9
325=,Seamus,4,,342=,Ruby,9
325=,Shannon,4,,342=,Sandra,9
325=,Shawn,4,,342=,Savannah,9
325=,Todd,4,,342=,Serena,9
325=,Tomas,4,,342=,Shanice,9
325=,Usman,4,,342=,Stefanie,9
325=,Vincent,4,,342=,Teri,9
325=,Wallace,4,,372=,Alexis,8
325=,Warren,4,,372=,Alyssa,8
325=,Zach,4,,372=,Annalise,8
375=,Aaran,3,,372=,Arlene,8
375=,Ahmad,3,,372=,Bronwyn,8
375=,Alessandro,3,,372=,Christy,8
375=,Alexandros,3,,372=,Cody,8
375=,Ally,3,,372=,Dannielle,8
375=,Aodhan,3,,372=,Denise,8
375=,Archibald,3,,372=,Elspeth,8
375=,Barrie,3,,372=,Evelyn,8
375=,Blayne,3,,372=,Faith,8
375=,Bobby,3,,372=,Faye,8
375=,Chad,3,,372=,Gabriella,8
375=,Christie,3,,372=,Gaynor,8
375=,Chun,3,,372=,Helena,8
375=,Cieran,3,,372=,India,8
375=,Connel,3,,372=,Johanna,8
375=,Connell,3,,372=,Jordyn,8
375=,Conrad,3,,372=,Joy,8
375=,Courtney,3,,372=,Kayley,8
375=,Darius,3,,372=,Kelly-Ann,8
375=,Darran,3,,372=,Kelsie,8
375=,Denver,3,,372=,Kendal,8
375=,Dyllan,3,,372=,Lia,8
375=,Dylon,3,,372=,Lucie,8
375=,Eamon,3,,372=,Marion,8
375=,Eamonn,3,,372=,Mollie,8
375=,Gianluca,3,,372=,Rosalind,8
375=,Gurpreet,3,,372=,Roslyn,8
375=,Hasan,3,,372=,Sana,8
375=,Ieuan,3,,372=,Saskia,8
375=,Irfan,3,,372=,Seonaid,8
375=,Ivan,3,,372=,Vicki,8
375=,Jaymie,3,,406=,Aisha,7
375=,Jayson,3,,406=,Allanah,7
375=,Jeffrey,3,,406=,Amna,7
375=,Jeremy,3,,406=,Ann,7
375=,Jethro,3,,406=,Anne-Marie,7
375=,John-Paul,3,,406=,Bianca,7
375=,Johnny,3,,406=,Caragh,7
375=,Jordin,3,,406=,Charlie,7
375=,Josef,3,,406=,Charly,7
375=,Julian,3,,406=,Constance,7
375=,Jun,3,,406=,Hailey,7
375=,Kai,3,,406=,Karla,7
375=,Kamran,3,,406=,Kirsti,7
375=,Kier,3,,406=,Kristina,7
375=,Kirk,3,,406=,Lee,7
375=,Kishan,3,,406=,Leigh-Anne,7
375=,Kurtis,3,,406=,Levi,7
375=,Kyran,3,,406=,Mandy,7
375=,Leighton,3,,406=,Marisa,7
375=,Lindsay,3,,406=,Sabrina,7
375=,Lorne,3,,406=,Sheryl,7
375=,Louie,3,,406=,Stacie,7
375=,Luis,3,,406=,Summer,7
375=,Marcos,3,,406=,Theresa,7
375=,Marti,3,,406=,Tracy,7
375=,Muir,3,,431=,Adelle,6
375=,Myles,3,,431=,Aisling,6
375=,Neale,3,,431=,Annabel,6
375=,Paolo,3,,431=,Aynsley,6
375=,Pierce,3,,431=,Aysha,6
375=,Pierre,3,,431=,Bobbi,6
375=,Ranald,3,,431=,Cally,6
375=,Riccardo,3,,431=,Candice,6
375=,Richie,3,,431=,Carolanne,6
375=,Rikki,3,,431=,Caryn,6
375=,Rudi,3,,431=,Ceri,6
375=,Rupert,3,,431=,Chantal,6
375=,Seoras,3,,431=,Charis,6
375=,Seumas,3,,431=,Cherie,6
375=,Sohail,3,,431=,Corin,6
375=,Spencer,3,,431=,Dee,6
375=,Steffan,3,,431=,Eden,6
375=,Stephan,3,,431=,Eilish,6
375=,Stevie,3,,431=,Elena,6
375=,Tommy,3,,431=,Eloise,6
375=,Trevor,3,,431=,Evangeline,6
375=,Walter,3,,431=,Geraldine,6
375=,Waqar,3,,431=,Gina,6
375=,Waqas,3,,431=,Isabel,6
375=,Wesley,3,,431=,Isobel,6
375=,Zac,3,,431=,Janine,6
375=,Zackary,3,,431=,Jay,6
375=,Zohaib,3,,431=,Jaye,6
459=,Aadam,2,,431=,Jocelyn,6
459=,Aadil,2,,431=,Kari,6
459=,Abdel,2,,431=,Kayla,6
459=,Abdullah,2,,431=,Keren,6
459=,Abid,2,,431=,Kirstyn,6
459=,Adeeb,2,,431=,Leighann,6
459=,Adeel,2,,431=,Maisie,6
459=,Aden,2,,431=,Marnie,6
459=,Aeron,2,,431=,Miranda,6
459=,Ahsan,2,,431=,Nathalie,6
459=,Akash,2,,431=,Rochelle,6
459=,Aleksander,2,,431=,Sacha,6
459=,Allen,2,,431=,Savanna,6
459=,Allister,2,,431=,Sheena,6
459=,Alvin,2,,431=,Sheree,6
459=,Aman,2,,431=,Shereen,6
459=,Amer,2,,431=,Sofia,6
459=,Amit,2,,431=,Susannah,6
459=,Ammar,2,,431=,Tammie,6
459=,Amritpal,2,,431=,Tamsin,6
459=,Andrea,2,,431=,Tegan,6
459=,Andy,2,,431=,Tina,6
459=,Anees,2,,431=,Tracey,6
459=,Antoni,2,,431=,Tyler,6
459=,Aonghas,2,,431=,Zainab,6
459=,Arjun,2,,484=,Abbigail,5
459=,Arthur,2,,484=,Aimie,5
459=,Asim,2,,484=,Aleisha,5
459=,Azeem,2,,484=,Allyson,5
459=,Baljit,2,,484=,Alyson,5
459=,Barnaby,2,,484=,Ami,5
459=,Basil,2,,484=,Amiee,5
459=,Brady,2,,484=,Amy-Louise,5
459=,Bryce,2,,484=,Anita,5
459=,Brydon,2,,484=,Ashton,5
459=,Byron,2,,484=,Barbara,5
459=,Cain,2,,484=,Beverley,5
459=,Cairan,2,,484=,Bronwen,5
459=,Carson,2,,484=,Brooklyn,5
459=,Casey,2,,484=,Camilla,5
459=,Cem,2,,484=,Carlyn,5
459=,Chi,2,,484=,Cassandra,5
459=,Cody,2,,484=,Chiara,5
459=,Colm,2,,484=,Danni,5
459=,Connal,2,,484=,Devon,5
459=,Cormac,2,,484=,Elle,5
459=,Correy,2,,484=,Elyse,5
459=,D'arcy,2,,484=,Errin,5
459=,Dameon,2,,484=,Evie,5
459=,Damion,2,,484=,Isabella,5
459=,Dani,2,,484=,Jaclyn,5
459=,Danilo,2,,484=,Jamielee,5
459=,Daniyal,2,,484=,Jan,5
459=,Danyal,2,,484=,Janette,5
459=,Daren,2,,484=,Jean,5
459=,Dechlan,2,,484=,Jenifer,5
459=,Deklan,2,,484=,Josie,5
459=,Deklyn,2,,484=,June,5
459=,Derri,2,,484=,Karin,5
459=,Derry,2,,484=,Karly,5
459=,Desmond,2,,484=,Kirsteen,5
459=,Devlin,2,,484=,Kristen,5
459=,Dimitri,2,,484=,Larissa,5
459=,Eliot,2,,484=,Leeanne,5
459=,Emilio,2,,484=,Leoni,5
459=,Eoghan,2,,484=,Lesley-Ann,5
459=,Erik,2,,484=,Linsay,5
459=,Ernest,2,,484=,Loren,5
459=,Fabian,2,,484=,Lucinda,5
459=,Farhan,2,,484=,Madeline,5
459=,Finley,2,,484=,Maeve,5
459=,Galen,2,,484=,Maryam,5
459=,Garth,2,,484=,Miriam,5
459=,Geoff,2,,484=,Paris,5
459=,Geoffrey,2,,484=,Pauline,5
459=,Geordie,2,,484=,Polly,5
459=,Gerry,2,,484=,Rebekka,5
459=,Gino,2,,484=,Rhianne,5
459=,Giovanni,2,,484=,Ria,5
459=,Haaris,2,,484=,Rosa,5
459=,Haider,2,,484=,Roseann,5
459=,Harald,2,,484=,Roseanne,5
459=,Harpreet,2,,484=,Sabah,5
459=,Hector,2,,484=,Sammy,5
459=,Ibrahim,2,,484=,Sarah-Jayne,5
459=,Idrees,2,,484=,Selina,5
459=,Ilyaas,2,,484=,Seona,5
459=,Innis,2,,484=,Shanna,5
459=,Ioannis,2,,484=,Shelbi,5
459=,Jae,2,,484=,Sheridan,5
459=,Jamie-Lee,2,,484=,Shonagh,5
459=,Jarred,2,,484=,Sorcha,5
459=,Jaskaran,2,,484=,Stevie,5
459=,Jasper,2,,484=,Tess,5
459=,Jay-Thomas,2,,484=,Valerie,5
459=,Jaye,2,,554=,Abbi,4
459=,Jimi,2,,554=,Ailish,4
459=,John-Ross,2,,554=,Ainsleigh,4
459=,Johnnie,2,,554=,Alysha,4
459=,Jordyn,2,,554=,Anisah,4
459=,Josiah,2,,554=,Avril,4
459=,Jozef,2,,554=,Aynsleigh,4
459=,Junior,2,,554=,Blair,4
459=,Justyn,2,,554=,Bonnie,4
459=,Ka,2,,554=,Bronte,4
459=,Kal,2,,554=,Carina,4
459=,Kallum,2,,554=,Cerys,4
459=,Karim,2,,554=,Coleen,4
459=,Kealan,2,,554=,Darcy,4
459=,Keelan,2,,554=,Darlene,4
459=,Keenan,2,,554=,Daryl,4
459=,Ker,2,,554=,Demmi,4
459=,Kerin,2,,554=,Eireann,4
459=,Khalid,2,,554=,Ellyn,4
459=,Kierin,2,,554=,Elsa,4
459=,Kiran,2,,554=,Erika,4
459=,Kriss,2,,554=,Esme,4
459=,Leigham,2,,554=,Esther,4
459=,Leo,2,,554=,Farah,4
459=,Leyton,2,,554=,Florence,4
459=,Lorenzo,2,,554=,Honor,4
459=,Lori,2,,554=,Ilona,4
459=,Luc,2,,554=,Ione,4
459=,Luca,2,,554=,Jacquelyn,4
459=,Luthais,2,,554=,Jaime,4
459=,Mac,2,,554=,Jamie-Leigh,4
459=,Man,2,,554=,Joni,4
459=,Markus,2,,554=,Jordanne,4
459=,Marshall,2,,554=,Juliet,4
459=,Massimo,2,,554=,Kaley,4
459=,Mathias,2,,554=,Karli,4
459=,Matthias,2,,554=,Kaye,4
459=,Maximillian,2,,554=,Kelsea,4
459=,Michele,2,,554=,Kiran,4
459=,Miguel,2,,554=,Kristi,4
459=,Mohamed,2,,554=,Kristin,4
459=,Mohd,2,,554=,Layla,4
459=,Muhammed,2,,554=,Leigh-Ann,4
459=,Mustafa,2,,554=,Lena,4
459=,Nadeem,2,,554=,Lianne,4
459=,Nairn,2,,554=,Lynda,4
459=,Nathanial,2,,554=,Lynsay,4
459=,Nigel,2,,554=,Mari,4
459=,Norman,2,,554=,Martine,4
459=,Nyall,2,,554=,Maya,4
459=,Osamah,2,,554=,Meagan,4
459=,Owain,2,,554=,Mhari,4
459=,Ralph,2,,554=,Mia,4
459=,Ray,2,,554=,Michele,4
459=,Raza,2,,554=,Moira,4
459=,Reginald,2,,554=,Monique,4
459=,Rhuary,2,,554=,Rachelle,4
459=,Ricki,2,,554=,Rebeca,4
459=,Riley,2,,554=,Rhiann,4
459=,Roan,2,,554=,Romy,4
459=,Robb,2,,554=,Rosalyn,4
459=,Robbi,2,,554=,Rosanna,4
459=,Robby,2,,554=,Roseanna,4
459=,Robert-James,2,,554=,Saffron,4
459=,Roddy,2,,554=,Sharmaine,4
459=,Rogan,2,,554=,Shawnie,4
459=,Ruairi,2,,554=,Sherilyn,4
459=,Russel,2,,554=,Sonia,4
459=,Ryhs,2,,554=,Steffi,4
459=,Saeed,2,,554=,Susanne,4
459=,Saleem,2,,554=,Tayler,4
459=,Sami,2,,554=,Teresa,4
459=,Sammi,2,,554=,Tia,4
459=,Santino,2,,554=,Tori,4
459=,Sarah-Jane,2,,554=,Zahra,4
459=,Sasha,2,,629=,Aaisha,3
459=,Saul,2,,629=,Afton,3
459=,Shahbaz,2,,629=,Aishah,3
459=,Shaune,2,,629=,Aislinn,3
459=,Sion,2,,629=,Aleena,3
459=,Steve,2,,629=,Aliya,3
459=,Stirling,2,,629=,Amyleigh,3
459=,Tahir,2,,629=,Andi,3
459=,Tariq,2,,629=,Aneesa,3
459=,Terrence,2,,629=,Annette,3
459=,Tim,2,,629=,Annmarie,3
459=,Travis,2,,629=,Ariane,3
459=,Tyrone,2,,629=,Ashlie,3
459=,Uisdean,2,,629=,Audrey,3
459=,Victor,2,,629=,Billie-Jo,3
459=,Wing,2,,629=,Blythe,3
459=,Xavier,2,,629=,Breige,3
459=,Zaid,2,,629=,Brenda,3
459=,Zakaria,2,,629=,Caleigh,3
459=,Zakary,2,,629=,Carlie,3
459=,Zayyan,2,,629=,Carol-Ann,3
459=,Zen,2,,629=,Carolann,3
459=,Zishan,2,,629=,Caron,3
652=,Aalim,1,,629=,Carra,3
652=,Aaman,1,,629=,Carrieann,3
652=,Aarun,1,,629=,Catrina,3
652=,Abbaas,1,,629=,Ceilidh,3
652=,Abdallah,1,,629=,Chanice,3
652=,Abdeldjalil,1,,629=,Cora,3
652=,Abdol,1,,629=,Corinna,3
652=,Abdolrazak,1,,629=,Corrina,3
652=,Abdul-Kareem,1,,629=,Danika,3
652=,Abdul-Rehman,1,,629=,Dorothy,3
652=,Abdulazeam,1,,629=,Emer,3
652=,Abdulaziz,1,,629=,Eryn,3
652=,Abdulbadeea,1,,629=,Evan,3
652=,Abdulhamed,1,,629=,Fatima,3
652=,Abdulhameed,1,,629=,Felicity,3
652=,Abdulkarim,1,,629=,Ferne,3
652=,Abdulmohsin,1,,629=,Gael,3
652=,Abdulrahman,1,,629=,Gemma-Louise,3
652=,Abdulsamih,1,,629=,Georgi,3
652=,Abdur,1,,629=,Haleigh,3
652=,Abhinandan,1,,629=,Hana,3
652=,Abraham,1,,629=,Harley,3
652=,Adem,1,,629=,Heidi,3
652=,Adnaan,1,,629=,Holli,3
652=,Adnann,1,,629=,Ingrid,3
652=,Adolfo,1,,629=,Iram,3
652=,Adum,1,,629=,Isha,3
652=,Aedan,1,,629=,Janelle,3
652=,Aftab,1,,629=,Janet,3
652=,Agostino,1,,629=,Janey,3
652=,Ahamer,1,,629=,Jennie,3
652=,Ahmet,1,,629=,Jessie,3
652=,Aidyn,1,,629=,Joan,3
652=,Ailean,1,,629=,Joann,3
652=,Aimen,1,,629=,Jolene,3
652=,Ajay,1,,629=,Jordane,3
652=,Ajhod,1,,629=,Julie-Ann,3
652=,Akbar,1,,629=,Juliette,3
652=,Akif,1,,629=,Ka,3
652=,Akshay,1,,629=,Karine,3
652=,Alaa,1,,629=,Karlie,3
652=,Alaeddeen,1,,629=,Katelyn,3
652=,Alejandro,1,,629=,Katriona,3
652=,Alessio,1,,629=,Katya,3
652=,Alexandar,1,,629=,Keara,3
652=,Alexander-Josep,1,,629=,Keely,3
652=,Alexis,1,,629=,Kelly-Marie,3
652=,Alfred,1,,629=,Kelsi,3
652=,Alfredo,1,,629=,Kenna,3
652=,Ali-Milad,1,,629=,Kerry-Ann,3
652=,Alick,1,,629=,Khadija,3
652=,Alisha,1,,629=,Kloe,3
652=,Allah-Rukha,1,,629=,Laura-Anne,3
652=,Allistair,1,,629=,Laura-Jane,3
652=,Allyn,1,,629=,Lauran,3
652=,Almir,1,,629=,Lea,3
652=,Aly,1,,629=,Linzie,3
652=,Alyn,1,,629=,Lisa-Marie,3
652=,Alyx,1,,629=,Lisamarie,3
652=,Alzahir,1,,629=,Lorelle,3
652=,Amal,1,,629=,Lorin,3
652=,Amandeep,1,,629=,Lucia,3
652=,Amar,1,,629=,Luisa,3
652=,Amber,1,,629=,Maaria,3
652=,Ameen,1,,629=,Madison,3
652=,Ameer-Khan,1,,629=,Maegan,3
652=,Amendeep,1,,629=,Margaret-Anne,3
652=,Amier,1,,629=,Mariah,3
652=,Amr,1,,629=,Marsali,3
652=,Amran,1,,629=,Martina,3
652=,Amrit,1,,629=,Mary-Jane,3
652=,Amritanshu,1,,629=,Matilda,3
652=,Amun,1,,629=,Maureen,3
652=,Amy,1,,629=,Meaghan,3
652=,Anas,1,,629=,Meg,3
652=,Anddy,1,,629=,Meghann,3
652=,Andre,1,,629=,Mehreen,3
652=,Andreas,1,,629=,Mellissa,3
652=,Andrej,1,,629=,Melody,3
652=,Andres,1,,629=,Mica,3
652=,Angelo,1,,629=,Mikaela,3
652=,Anis,1,,629=,Misbah,3
652=,Antoin,1,,629=,Misha,3
652=,Aodan,1,,629=,Montana,3
652=,Aqeeb,1,,629=,Morghan,3
652=,Aqeel,1,,629=,Nichole,3
652=,Aqib,1,,629=,Nicki,3
652=,Arainn,1,,629=,Nida,3
652=,Aravindaraghava,1,,629=,Niki,3
652=,Archie,1,,629=,Nuala,3
652=,Ardalan,1,,629=,Paisley,3
652=,Areeb,1,,629=,Penelope,3
652=,Argyle,1,,629=,Penny,3
652=,Arif,1,,629=,Racheal,3
652=,Arkan,1,,629=,Raegan,3
652=,Arne,1,,629=,Raquel,3
652=,Arran-Craig,1,,629=,Rhonda,3
652=,Arun,1,,629=,Rowena,3
652=,Asgar,1,,629=,Samia,3
652=,Ashcon,1,,629=,Sandie,3
652=,Ashir,1,,629=,Sehar,3
652=,Ashton,1,,629=,Shana,3
652=,Assad,1,,629=,Shaunagh,3
652=,Asyhrafuddin,1,,629=,Shirley,3
652=,Ateeq,1,,629=,Sidra,3
652=,Atholl,1,,629=,Susanna,3
652=,Atif,1,,629=,Suzanna,3
652=,Atta,1,,629=,Suzannah,3
652=,Austen,1,,629=,Tammi,3
652=,Austinlee,1,,629=,Tamsyn,3
652=,Aya,1,,629=,Tania,3
652=,Aydan,1,,629=,Tasmin,3
652=,Aydin,1,,629=,Tilly,3
652=,Ayoub,1,,629=,Trudi,3
652=,Ayrton,1,,629=,Uzma,3
652=,Azaad,1,,629=,Verity,3
652=,Azar,1,,629=,Vhari,3
652=,Azhar,1,,629=,Vikki,3
652=,Azzam,1,,629=,Vivien,3
652=,Baha,1,,629=,Zoey,3
652=,Bahoo,1,,629=,Zoie,3
652=,Bahre,1,,773=,Abigayle,2
652=,Baillie,1,,773=,Adelaide,2
652=,Bas,1,,773=,Adrianne,2
652=,Baxter,1,,773=,Ailis,2
652=,Beinn,1,,773=,Aimee-Leigh,2
652=,Benaries,1,,773=,Aksa,2
652=,Benedic,1,,773=,Alayna,2
652=,Besah,1,,773=,Aleshia,2
652=,Bheinn,1,,773=,Alessia,2
652=,Bilal,1,,773=,Alia,2
652=,Billi,1,,773=,Alina,2
652=,Billie,1,,773=,Alisa,2
652=,Billy-James,1,,773=,Alishia,2
652=,Blade,1,,773=,Alissa,2
652=,Blain,1,,773=,Alysia,2
652=,Blane,1,,773=,Amanda-Jane,2
652=,Blare,1,,773=,Amey,2
652=,Blue,1,,773=,Amina,2
652=,Blythe,1,,773=,Amra,2
652=,Bobbi,1,,773=,Amrit,2
652=,Bodhi,1,,773=,Amy-Jane,2
652=,Bonnar,1,,773=,Andie,2
652=,Boston,1,,773=,Aneesah,2
652=,Braden,1,,773=,Angelina,2
652=,Bradey,1,,773=,Ann-Marie,2
652=,Bradlee,1,,773=,Anna-Marie,2
652=,Braidy,1,,773=,Annalie,2
652=,Branko,1,,773=,Anneliese,2
652=,Brendon,1,,773=,Anya,2
652=,Brent,1,,773=,Aoife,2
652=,Breon,1,,773=,Arianne,2
652=,Bret,1,,773=,Arwa,2
652=,Briar,1,,773=,Ashlea,2
652=,Brogan,1,,773=,Ashlee,2
652=,Broghin,1,,773=,Ashlene,2
652=,Brook,1,,773=,Ashlyn,2
652=,Bror,1,,773=,Asmaa,2
652=,Bruck,1,,773=,Astrid,2
652=,Bryden,1,,773=,Augusta,2
652=,Brydone,1,,773=,Aurora,2
652=,Bryer,1,,773=,Aynslie,2
652=,Bryn,1,,773=,Bebhinn,2
652=,Cadriann,1,,773=,Bobby,2
652=,Caelin,1,,773=,Breagh,2
652=,Cailin,1,,773=,Bria,2
652=,Cainan,1,,773=,Bridget,2
652=,Cairn,1,,773=,Briege,2
652=,Cairns,1,,773=,Brittany,2
652=,Calam,1,,773=,Broghan,2
652=,Calan,1,,773=,Cameron,2
652=,Calanach,1,,773=,Caris,2
652=,Calder,1,,773=,Carmel,2
652=,Calen,1,,773=,Carrianne,2
652=,Calumn,1,,773=,Carrin,2
652=,Calvyn,1,,773=,Carron,2
652=,Caolan,1,,773=,Carys,2
652=,Carlo,1,,773=,Cathrine,2
652=,Carmichael,1,,773=,Cathryn,2
652=,Carney,1,,773=,Catrin,2
652=,Cary,1,,773=,Celia,2
652=,Caspar,1,,773=,Celine,2
652=,Cathal,1,,773=,Chanel,2
652=,Ceidiog,1,,773=,Charlay,2
652=,Chadarran,1,,773=,Charli,2
652=,Chaim,1,,773=,Charmain,2
652=,Charley,1,,773=,Chelcie,2
652=,Chelsea,1,,773=,Chellaine,2
652=,Chen,1,,773=,Chelsi,2
652=,Chez,1,,773=,Chrissie,2
652=,Ching,1,,773=,Christiana,2
652=,Chiron,1,,773=,Ciorstan,2
652=,Choudhry,1,,773=,Clarice,2
652=,Chu,1,,773=,Clarinda,2
652=,Chung,1,,773=,Claudine,2
652=,Ciar'an,1,,773=,Clayre,2
652=,Claran,1,,773=,Codie,2
652=,Clarke,1,,773=,Corina,2
652=,Clayne,1,,773=,Corrine,2
652=,Clayton,1,,773=,Cortney,2
652=,Clement,1,,773=,Cristina,2
652=,Clive,1,,773=,Crystal,2
652=,Cnochur,1,,773=,Cynthia,2
652=,Coinneach,1,,773=,Daina,2
652=,Collwyn,1,,773=,Dale,2
652=,Colton,1,,773=,Dania,2
652=,Colum,1,,773=,Danica,2
652=,Comhnall,1,,773=,Daniela,2
652=,Coner,1,,773=,Danna,2
652=,Conhor,1,,773=,Danniella,2
652=,Conna,1,,773=,Dannika,2
652=,Connall,1,,773=,Danya,2
652=,Connan,1,,773=,Dara,2
652=,Connar,1,,773=,Darby,2
652=,Connon,1,,773=,Darcey,2
652=,Connor-Lee,1,,773=,Davina,2
652=,Conor-Jamie,1,,773=,Debi,2
652=,Conran,1,,773=,Demi-Lee,2
652=,Cori,1,,773=,Demi-Leigh,2
652=,Cornelius,1,,773=,Dennie,2
652=,Corri,1,,773=,Derryn,2
652=,Corrin,1,,773=,Desiree,2
652=,Corry,1,,773=,Dexy,2
652=,Cosmo,1,,773=,Donnamarie,2
652=,Craigh,1,,773=,Eibhlin,2
652=,Creag,1,,773=,Eilean,2
652=,Cresswell,1,,773=,Elana,2
652=,Crispin,1,,773=,Elinor,2
652=,Csanad,1,,773=,Elisa,2
652=,Cullen,1,,773=,Elisabeth,2
652=,Culzean,1,,773=,Eliza,2
652=,Cy,1,,773=,Elli,2
652=,Cynan,1,,773=,Elysia,2
652=,Daibidh,1,,773=,Emma-Leigh,2
652=,Dain,1,,773=,Farzana,2
652=,Dan,1,,773=,Fatma,2
652=,Danaan,1,,773=,Fenella,2
652=,Danaidh,1,,773=,Fionnuala,2
652=,Danayal,1,,773=,Freyja,2
652=,Daneel,1,,773=,Georgie,2
652=,Daniell,1,,773=,Gwen,2
652=,Danielle,1,,773=,Hafsah,2
652=,Danne,1,,773=,Halle,2
652=,Danni,1,,773=,Haniyyah,2
652=,Dannie,1,,773=,Hanna,2
652=,Dara,1,,773=,Harly,2
652=,Darcie,1,,773=,Harmony,2
652=,Darien,1,,773=,Hauwa,2
652=,Dariusz,1,,773=,Haylie,2
652=,Daroll,1,,773=,Henna,2
652=,Darroch,1,,773=,Henrietta,2
652=,Darron,1,,773=,Huda,2
652=,Darryll,1,,773=,Indya,2
652=,Darryn,1,,773=,Inez,2
652=,Davie,1,,773=,Iqra,2
652=,Davoud,1,,773=,Iqrah,2
652=,Dayl,1,,773=,Irene,2
652=,Daylan,1,,773=,Ishbel,2
652=,Daylen,1,,773=,Jakki,2
652=,Deacon,1,,773=,Janna,2
652=,Decklan,1,,773=,Jaya,2
652=,Declin,1,,773=,Jazmine,2
652=,Deepak,1,,773=,Jeanna,2
652=,Deepinder,1,,773=,Jemima,2
652=,Deha,1,,773=,Jena,2
652=,Deihtriece,1,,773=,Jeni,2
652=,Dein,1,,773=,Jenni,2
652=,Delali,1,,773=,Jerry,2
652=,Delroy,1,,773=,Jess,2
652=,Demi-Jo,1,,773=,Joelle,2
652=,Dene,1,,773=,Joely,2
652=,Denis,1,,773=,Joi,2
652=,Denny,1,,773=,Jorden,2
652=,Denzel,1,,773=,Kaleigh,2
652=,Dermot,1,,773=,Kareen,2
652=,Derri-Jason,1,,773=,Karlene,2
652=,Derryjames,1,,773=,Kasey,2
652=,Derryn,1,,773=,Kasia,2
652=,Deryck,1,,773=,Kassandra,2
652=,Devin,1,,773=,Kassie,2
652=,Devindar,1,,773=,Katlin,2
652=,Devon,1,,773=,Kaylee,2
652=,Dewar,1,,773=,Kaylie,2
652=,Dhananjay,1,,773=,Kaylin,2
652=,Diarmid,1,,773=,Keeley,2
652=,Diderik,1,,773=,Keighley,2
652=,Dieter,1,,773=,Keli,2
652=,Dilip,1,,773=,Kelli,2
652=,Diljit,1,,773=,Kellsie,2
652=,Dillin,1,,773=,Kelly-Anne,2
652=,Dillion,1,,773=,Kellyann,2
652=,Dilraaj,1,,773=,Kellyanne,2
652=,Dimitris,1,,773=,Kelsay,2
652=,Dinos,1,,773=,Kendra,2
652=,Djamel,1,,773=,Kenzie,2
652=,Dmitri,1,,773=,Kerie,2
652=,Domenic,1,,773=,Kerin,2
652=,Domhnall,1,,773=,Keris,2
652=,Dominick,1,,773=,Kerrin,2
652=,Don,1,,773=,Kerris,2
652=,Donal,1,,773=,Kerry-Anne,2
652=,Donavan,1,,773=,Kerry-Louise,2
652=,Donnchadh,1,,773=,Kerryann,2
652=,Donovan,1,,773=,Kerryn,2
652=,Dor,1,,773=,Khara,2
652=,Doran,1,,773=,Kiara,2
652=,Dougie,1,,773=,Kieron,2
652=,Drey,1,,773=,Kira,2
652=,Duke,1,,773=,Klara,2
652=,Dwayne,1,,773=,Kristie,2
652=,Eachan,1,,773=,Kristine,2
652=,Eadan,1,,773=,Kristy,2
652=,Eann,1,,773=,Krystal,2
652=,Edouard,1,,773=,Kyla,2
652=,Ehsaan,1,,773=,Kymberley,2
652=,Ehsin,1,,773=,Lacey,2
652=,Eigo,1,,773=,Latasha,2
652=,Eion,1,,773=,Lawrie,2
652=,Eithan,1,,773=,Leanna,2
652=,Ejaz,1,,773=,Leeann,2
652=,El-Hussein,1,,773=,Leighanne,2
652=,Elijah,1,,773=,Leslie,2
652=,Eliott,1,,773=,Liana,2
652=,Emerson,1,,773=,Libby,2
652=,Emhemed,1,,773=,Lindy,2
652=,Emille,1,,773=,Liza,2
652=,Engku,1,,773=,Logan,2
652=,Enrico,1,,773=,Lorena,2
652=,Enrique,1,,773=,Lorne,2
652=,Eric-John,1,,773=,Luci,2
652=,Erland,1,,773=,Lynette,2
652=,Erlend,1,,773=,Lynnette,2
652=,Eughan,1,,773=,Lynzi,2
652=,Eunis,1,,773=,Maheen,2
652=,Ewing,1,,773=,Maia,2
652=,Ezra,1,,773=,Malissa,2
652=,Faasle,1,,773=,Maree,2
652=,Fabio,1,,773=,Marianna,2
652=,Fahad,1,,773=,Marielle,2
652=,Faheem,1,,773=,Mariya,2
652=,Fahim,1,,773=,Marriann,2
652=,Fahrhed,1,,773=,Maryanne,2
652=,Faizaan,1,,773=,Mei,2
652=,Faizan,1,,773=,Melisa,2
652=,Faizul,1,,773=,Mercedes,2
652=,Faraaz,1,,773=,Meredith,2
652=,Faraz,1,,773=,Merve,2
652=,Faris,1,,773=,Michaella,2
652=,Faroz,1,,773=,Monisha,2
652=,Farquhar,1,,773=,Morna,2
652=,Farris,1,,773=,Morvern,2
652=,Fayzan,1,,773=,Morvyn,2
652=,Feargal,1,,773=,Nabeela,2
652=,Feargus,1,,773=,Nada,2
652=,Felix,1,,773=,Nakita,2
652=,Fenton,1,,773=,Neelam,2
652=,Fenwick,1,,773=,Nicholle,2
652=,Fillan,1,,773=,Niomi,2
652=,Findley,1,,773=,Nisha,2
652=,Fion,1,,773=,Nur,2
652=,Fionnlagh,1,,773=,Nyomi,2
652=,Flavio,1,,773=,Nyree,2
652=,Florian,1,,773=,Orla,2
652=,Flynn,1,,773=,Paloma,2
652=,Forbes,1,,773=,Parissa,2
652=,Forrest,1,,773=,Pearl,2
652=,Franco,1,,773=,Peggy,2
652=,Francois,1,,773=,Priya,2
652=,Frankie,1,,773=,Rabia,2
652=,Franklin,1,,773=,Rachell,2
652=,Franky,1,,773=,Rae,2
652=,Fred,1,,773=,Raeesa,2
652=,Freddie,1,,773=,Rebeka,2
652=,Freddy,1,,773=,Rebekkah,2
652=,Fredrik,1,,773=,Regan,2
652=,Furkan,1,,773=,Remi,2
652=,Furqan,1,,773=,Renee,2
652=,Ga-Keen,1,,773=,Rhaegan,2
652=,Gage,1,,773=,Rhiana,2
652=,Gagondeep,1,,773=,Rhiannah,2
652=,Gavan,1,,773=,Rhiannan,2
652=,Gavyn,1,,773=,Rhoda,2
652=,Gennaro,1,,773=,Riah,2
652=,Geordan,1,,773=,Rio,2
652=,Georden,1,,773=,Roberta,2
652=,Georgeos,1,,773=,Robin,2
652=,Geraint,1,,773=,Robynn,2
652=,Gia-Hou,1,,773=,Roma,2
652=,Gian-Carlo,1,,773=,Rosamund,2
652=,Giancarlo,1,,773=,Rosemarie,2
652=,Gianni,1,,773=,Rowanne,2
652=,Giles,1,,773=,Rozina,2
652=,Giulio,1,,773=,Rozlyn,2
652=,Giuseppe,1,,773=,Rudi,2
652=,Giustino,1,,773=,Rukhsar,2
652=,Gorvinder,1,,773=,Saarah,2
652=,Grady,1,,773=,Saba,2
652=,Grahame,1,,773=,Sadia,2
652=,Grieg,1,,773=,Safina,2
652=,Grigor,1,,773=,Saima,2
652=,Grymmsdyke,1,,773=,Salma,2
652=,Guillaume,1,,773=,Sam,2
652=,Gurcharn,1,,773=,Samara,2
652=,Gurjeet,1,,773=,Samina,2
652=,Gursamson,1,,773=,Samira,2
652=,Gurveer,1,,773=,Sammy-Jo,2
652=,Gustavo,1,,773=,Sanah,2
652=,Habeeb-U-Rehman,1,,773=,Sandi,2
652=,Haig,1,,773=,Sandy,2
652=,Hakim,1,,773=,Sara-Jane,2
652=,Hal,1,,773=,Sarah-Lee,2
652=,Haldane,1,,773=,Sarahjane,2
652=,Halil,1,,773=,Satnam,2
652=,Hamad,1,,773=,Savanah,2
652=,Hammam,1,,773=,Scarlett,2
652=,Hamzah,1,,773=,Sean,2
652=,Hanahn,1,,773=,Shagufta,2
652=,Hani,1,,773=,Shahd,2
652=,Hanif,1,,773=,Shahed,2
652=,Harinder,1,,773=,Shamila,2
652=,Harith,1,,773=,Shannah,2
652=,Harold,1,,773=,Shari,2
652=,Haroun,1,,773=,Shauney,2
652=,Haseeb,1,,773=,Shaunni,2
652=,Hashim,1,,773=,Sheila,2
652=,Hatley,1,,773=,Shelbie,2
652=,Haydin,1,,773=,Shelly,2
652=,Hazim,1,,773=,Shenice,2
652=,Hazique,1,,773=,Sheona,2
652=,Hazwan,1,,773=,Sianhan,2
652=,He,1,,773=,Siddrah,2
652=,Heath,1,,773=,Sigourney,2
652=,Hei,1,,773=,Sinitta,2
652=,Heindrik,1,,773=,Soibhan,2
652=,Hesham,1,,773=,Staci,2
652=,Hieronymus,1,,773=,Stefania,2
652=,Hiroki,1,,773=,Steffani,2
652=,Hoa,1,,773=,Steffany,2
652=,Hong,1,,773=,Stella,2
652=,Hov,1,,773=,Stevi,2
652=,Hughie,1,,773=,Tammara,2
652=,Humza,1,,773=,Tamzin,2
652=,Humzah,1,,773=,Tanisha,2
652=,Hunter,1,,773=,Tayla,2
652=,Hussein,1,,773=,Taylor-Marie,2
652=,Hzair,1,,773=,Thea,2
652=,Iddo,1,,773=,Tyla,2
652=,Ido,1,,773=,Tyra,2
652=,Idris,1,,773=,Ursula,2
652=,Ihsan,1,,773=,Vhairi,2
652=,Ilyas,1,,773=,Virginia,2
652=,Inderbir,1,,773=,Vivienne,2
652=,Iqbal,1,,773=,Vyvyan,2
652=,Irteza,1,,773=,Whitney,2
652=,Ismail,1,,773=,Wing,2
652=,Issam,1,,773=,Yasemin,2
652=,Izak,1,,773=,Yuen,2
652=,Izzat,1,,773=,Zayna,2
652=,Izzatillah,1,,773=,Zehra,2
652=,Jac,1,,773=,Zena,2
652=,Jace,1,,1112=,Aabeer,1
652=,Jackie,1,,1112=,Aafia,1
652=,Jacky,1,,1112=,Aamana,1
652=,Jacqueline,1,,1112=,Aamina,1
652=,Jade,1,,1112=,Aasia,1
652=,Jagdev,1,,1112=,Abbeigh,1
652=,Jagroop,1,,1112=,Abbigale,1
652=,Jai,1,,1112=,Abeer,1
652=,Jaime,1,,1112=,Abi,1
652=,Jak,1,,1112=,Abimbola,1
652=,Jakub,1,,1112=,Ada,1
652=,Jamaal,1,,1112=,Adana,1
652=,Jamie-John,1,,1112=,Adedolapo,1
652=,Jamieson,1,,1112=,Adele-Frances,1
652=,Janek,1,,1112=,Adeline,1
652=,Jansimran,1,,1112=,Adella,1
652=,Jarad,1,,1112=,Adreanne,1
652=,Jardine,1,,1112=,Adriana,1
652=,Jareth,1,,1112=,Aellia,1
652=,Jarl,1,,1112=,Aeron,1
652=,Jarrett,1,,1112=,Afnan,1
652=,Jarrid,1,,1112=,Afrique,1
652=,Jarrod,1,,1112=,Afsha,1
652=,Jason-Lee,1,,1112=,Afshan,1
652=,Jaspreet,1,,1112=,Agnes,1
652=,Javed,1,,1112=,Agnetha,1
652=,Javeed,1,,1112=,Agostina,1
652=,Jaydan,1,,1112=,Aileigh,1
652=,Jayde,1,,1112=,Ailise,1
652=,Jean,1,,1112=,Ailysh,1
652=,Jedd,1,,1112=,Aime,1
652=,Jeetinder,1,,1112=,Aimee-Jane,1
652=,Jefferson,1,,1112=,Aimee-Lee,1
652=,Jens,1,,1112=,Aimee-Luiz,1
652=,Jenson,1,,1112=,Aimiee,1
652=,Jera,1,,1112=,Aimii,1
652=,Jermain,1,,1112=,Aine,1
652=,Jerome,1,,1112=,Aisia,1
652=,Jess,1,,1112=,Aisleen,1
652=,Jez,1,,1112=,Aithne,1
652=,Jim,1,,1112=,Aiza,1
652=,Jimmy,1,,1112=,Aja,1
652=,Jing,1,,1112=,Akiko,1
652=,Jinge,1,,1112=,Aksah,1
652=,Jo,1,,1112=,Ala,1
652=,Joachim,1,,1112=,Alaa,1
652=,Joaquin,1,,1112=,Alba,1
652=,Joash,1,,1112=,Albany,1
652=,Jock,1,,1112=,Aleighsh,1
652=,Joealan,1,,1112=,Alesa,1
652=,Joey,1,,1112=,Alesha,1
652=,John-Angus,1,,1112=,Aletia,1
652=,John-Gerard,1,,1112=,Alexa,1
652=,John-Greig,1,,1112=,Alexanderia,1
652=,John-Michael,1,,1112=,Alexanderina,1
652=,John-Robert,1,,1112=,Alexandrea,1
652=,John-William,1,,1112=,Alexandrina,1
652=,Johnah,1,,1112=,Aliah,1
652=,Johnathanjames,1,,1112=,Alicica,1
652=,Johnlewis,1,,1112=,Aliesha,1
652=,Johnryan,1,,1112=,Alis,1
652=,Jon-Bradley,1,,1112=,Alisanne,1
652=,Jon-Paul,1,,1112=,Alixandra,1
652=,Jonah,1,,1112=,Alixe,1
652=,Jonjoe,1,,1112=,Aliyah,1
652=,Jonn,1,,1112=,Aliza,1
652=,Jonstone,1,,1112=,Alla,1
652=,Joop,1,,1112=,Allanna,1
652=,Jordan-Kyle,1,,1112=,Allannah,1
652=,Jorden,1,,1112=,Allasan,1
652=,Jordie,1,,1112=,Allie,1
652=,Jorge,1,,1112=,Allix,1
652=,Jorrie,1,,1112=,Alyce,1
652=,Jory,1,,1112=,Alycia,1
652=,Jos,1,,1112=,Alys,1
652=,Jose,1,,1112=,Alyx,1
652=,Joseph-George,1,,1112=,Amal,1
652=,Joshau,1,,1112=,Amalie,1
652=,Jude,1,,1112=,Amandeep,1
652=,Julien,1,,1112=,Amani,1
652=,Junad,1,,1112=,Amara,1
652=,Justen,1,,1112=,Amarah,1
652=,Kade,1,,1112=,Ambar,1
652=,Kadeem,1,,1112=,Amber-Louise,1
652=,Kadir,1,,1112=,Amberly,1
652=,Kaffe,1,,1112=,Ambika,1
652=,Kalim,1,,1112=,Ambreen,1
652=,Kalum,1,,1112=,Amel,1
652=,Kalvin,1,,1112=,Amera,1
652=,Kalvyn,1,,1112=,Ami-Lea,1
652=,Kameron,1,,1112=,Amii,1
652=,Karam,1,,1112=,Aminah,1
652=,Karan,1,,1112=,Amirah,1
652=,Karandeep,1,,1112=,Amita,1
652=,Karanvir,1,,1112=,Ammarah,1
652=,Karr,1,,1112=,Ammay,1
652=,Kasam,1,,1112=,Ammy,1
652=,Kasim,1,,1112=,Amnah,1
652=,Kate,1,,1112=,Amy-Beth,1
652=,Katherine,1,,1112=,Amy-Christine,1
652=,Katie,1,,1112=,Amy-Hannah,1
652=,Katy,1,,1112=,Amy-Jo,1
652=,Kavan,1,,1112=,Amy-Lee,1
652=,Kayil,1,,1112=,Amy-Leigh,1
652=,Kaymen,1,,1112=,Amylea,1
652=,Kearn,1,,1112=,Amylee,1
652=,Keff,1,,1112=,Ana-Maria,1
652=,Keifer,1,,1112=,Anais,1
652=,Keirran,1,,1112=,Anastasia,1
652=,Keirron,1,,1112=,Andrena,1
652=,Kelly,1,,1112=,Andria,1
652=,Ken,1,,1112=,Ane,1
652=,Kent,1,,1112=,Aneeka,1
652=,Kerran,1,,1112=,Aneela,1
652=,Kerrin,1,,1112=,Angel,1
652=,Kes,1,,1112=,Angelica,1
652=,Keshev,1,,1112=,Angelique,1
652=,Keven,1,,1112=,Anika,1
652=,Kevyn,1,,1112=,Anis,1
652=,Khalil,1,,1112=,Anisa,1
652=,Khazar,1,,1112=,Anja,1
652=,Khezer,1,,1112=,Ann-Kathrin,1
652=,Khurram,1,,1112=,Annabell,1
652=,Khwaja,1,,1112=,Annabella,1
652=,Kiaran,1,,1112=,Annabelle,1
652=,Kiefer,1,,1112=,Annagene,1
652=,Kielan,1,,1112=,Annah,1
652=,Kieran-John,1,,1112=,Annalea,1
652=,Kiernan,1,,1112=,Annalee,1
652=,Kin,1,,1112=,Annam,1
652=,Kirsti,1,,1112=,Annelise,1
652=,Kit,1,,1112=,Annemarie,1
652=,Kjeilan,1,,1112=,Annie-Jane,1
652=,Kok,1,,1112=,Annilie,1
652=,Konar,1,,1112=,Anomita,1
652=,Konnar,1,,1112=,Ansley,1
652=,Konnor,1,,1112=,Anthea,1
652=,Konstantinos,1,,1112=,Antionette,1
652=,Kook-Cheol,1,,1112=,Antonette,1
652=,Korede,1,,1112=,Anum,1
652=,Kori,1,,1112=,Apryl,1
652=,Koya,1,,1112=,Apryll,1
652=,Krishnavhardhan,1,,1112=,Apurva,1
652=,Kristen,1,,1112=,Aqsa,1
652=,Kristofor,1,,1112=,Aqua,1
652=,Kultaar,1,,1112=,Arabella,1
652=,Kumar,1,,1112=,Archanna,1
652=,Kunaal,1,,1112=,Arefeh,1
652=,Kurk,1,,1112=,Areifa,1
652=,Kwok,1,,1112=,Arfa,1
652=,Kyasat,1,,1112=,Ariadne,1
652=,Kyl,1,,1112=,Ariana,1
652=,Kyljit,1,,1112=,Arianna,1
652=,Kynan,1,,1112=,Arifah,1
652=,Kyron,1,,1112=,Arleanna,1
652=,Lachie,1,,1112=,Arleen,1
652=,Lachlann,1,,1112=,Arlena,1
652=,Laird,1,,1112=,Arooj,1
652=,Laith,1,,1112=,Aroojh,1
652=,Lauchlan,1,,1112=,Aroosa,1
652=,Layton,1,,1112=,Arouj,1
652=,Lea,1,,1112=,Arouje,1
652=,Leandro,1,,1112=,Arran,1
652=,Leom,1,,1112=,Arriane,1
652=,Leonard,1,,1112=,Arrti,1
652=,Leopold,1,,1112=,Artemis,1
652=,Leslie,1,,1112=,Aryan,1
652=,Lhiam,1,,1112=,Aryanne,1
652=,Li,1,,1112=,Ashleen,1
652=,Liall,1,,1112=,Ashley-Anne,1
652=,Lian,1,,1112=,Ashley-Leona,1
652=,Linton,1,,1112=,Asirah,1
652=,Lisle,1,,1112=,Asma,1
652=,Llyr,1,,1112=,Aspasia,1
652=,Lochlan,1,,1112=,Aspen,1
652=,Logie,1,,1112=,Asta,1
652=,Lok,1,,1112=,Astelle,1
652=,Lorn,1,,1112=,Astra,1
652=,Lucanas,1,,1112=,Astyn,1
652=,Luciano-Max,1,,1112=,Athia,1
652=,Lukas,1,,1112=,Atiqa,1
652=,Lyndon,1,,1112=,Atousa,1
652=,Macaulay,1,,1112=,Audra,1
652=,Madni,1,,1112=,Autumn,1
652=,Mafi,1,,1112=,Ava,1
652=,Mahar,1,,1112=,Ave,1
652=,Maher,1,,1112=,Averil,1
652=,Malachi,1,,1112=,Avigail,1
652=,Malik,1,,1112=,Aya,1
652=,Manish,1,,1112=,Ayah,1
652=,Mansell,1,,1112=,Ayden,1
652=,Mansoor,1,,1112=,Ayeisha,1
652=,Manveer,1,,1112=,Ayeshaa,1
652=,Marcello,1,,1112=,Ayisha,1
652=,Marley,1,,1112=,Ayla,1
652=,Marlin,1,,1112=,Aylishia,1
652=,Martin-Anthony-,1,,1112=,Aymee,1
652=,Marty,1,,1112=,Azaria,1
652=,Marwan,1,,1112=,Azeema,1
652=,Mateo,1,,1112=,Azmath,1
652=,Mathieu,1,,1112=,Basille,1
652=,Matt,1,,1112=,Beatrice,1
652=,Matteo,1,,1112=,Beatrix,1
652=,Maurice,1,,1112=,Beattie,1
652=,Maxmillian-Dani,1,,1112=,Beccy,1
652=,Maxx,1,,1112=,Becki,1
652=,Mazhar,1,,1112=,Beckie,1
652=,Md,1,,1112=,Belinda,1
652=,Mehran,1,,1112=,Bella,1
652=,Melville,1,,1112=,Bess,1
652=,Menachem,1,,1112=,Bethan-Kate,1
652=,Merfyn,1,,1112=,Bethanee,1
652=,Merlin,1,,1112=,Bethaney,1
652=,Mhayo,1,,1112=,Bethanie,1
652=,Michall,1,,1112=,Bethany-Jane,1
652=,Micheal,1,,1112=,Bethany-Jo,1
652=,Micky,1,,1112=,Bethany-Louise,1
652=,Mikel,1,,1112=,Bethea,1
652=,Mikey,1,,1112=,Betsy,1
652=,Mikie,1,,1112=,Bettina,1
652=,Miller,1,,1112=,Bevin,1
652=,Ming,1,,1112=,Bhavna,1
652=,Mir,1,,1112=,Biancha-Jade,1
652=,Mirko,1,,1112=,Bibiana,1
652=,Miro,1,,1112=,Billiejay,1
652=,Mitesh,1,,1112=,Birani,1
652=,Moghaddas,1,,1112=,Blaire,1
652=,Mohanned,1,,1112=,Blaize,1
652=,Mohit,1,,1112=,Blossom,1
652=,Mohummed,1,,1112=,Bobbi-Jean,1
652=,Mojtaba,1,,1112=,Bobbi-Jo,1
652=,Moktar,1,,1112=,Bobbi-Louisa,1
652=,Moneer,1,,1112=,Bobbielee,1
652=,Montassar,1,,1112=,Bobby-Jane,1
652=,Montgomery,1,,1112=,Bobby-Lea,1
652=,Morad,1,,1112=,Bobby-Lee,1
652=,Moray,1,,1112=,Bobi,1
652=,Mordechai,1,,1112=,Bonamy,1
652=,Morris,1,,1112=,Bonita,1
652=,Morrison,1,,1112=,Bonny,1
652=,Mortimer,1,,1112=,Bozenia,1
652=,Moses,1,,1112=,Brace,1
652=,Moshin,1,,1112=,Brady,1
652=,Mostafa,1,,1112=,Bramble,1
652=,Mowa,1,,1112=,Breadih,1
652=,Mowad,1,,1112=,Breagha,1
652=,Mowafag,1,,1112=,Breaghan,1
652=,Muaadh,1,,1112=,Brenna,1
652=,Muaaz,1,,1112=,Brennagh,1
652=,Mukhtar,1,,1112=,Briagh,1
652=,Mun,1,,1112=,Briagha,1
652=,Murphy,1,,1112=,Briar,1
652=,Murrae,1,,1112=,Brid,1
652=,Murtaza,1,,1112=,Brie,1
652=,Mustjab,1,,1112=,Brodi,1
652=,Mykael,1,,1112=,Brody,1
652=,Mykell,1,,1112=,Bronach,1
652=,Naeem,1,,1112=,Bronwynn,1
652=,Naeem-Ur-Rahman,1,,1112=,Brooklynn,1
652=,Nafees,1,,1112=,Bruna,1
652=,Nahum,1,,1112=,Bryanie,1
652=,Nahyan,1,,1112=,Bryoni,1
652=,Narain,1,,1112=,Bushra,1
652=,Nasif,1,,1112=,Cachelle,1
652=,Natale,1,,1112=,Cadhla,1
652=,Nathanael,1,,1112=,Caeli,1
652=,Nathaneal,1,,1112=,Caelin,1
652=,Navdeep,1,,1112=,Caera,1
652=,Nawful,1,,1112=,Cailey,1
652=,Nazim,1,,1112=,Cailin,1
652=,Nazmal,1,,1112=,Caillie,1
652=,Nazmul,1,,1112=,Cairistiona,1
652=,Neall,1,,1112=,Cairn,1
652=,Nedal,1,,1112=,Cairney,1
652=,Nehal,1,,1112=,Cairstiona,1
652=,Nethan,1,,1112=,Cairy,1
652=,Neville,1,,1112=,Cait,1
652=,Niall-Andrew,1,,1112=,Caitlan,1
652=,Nick,1,,1112=,Caitland,1
652=,Nicki,1,,1112=,Caitlyne,1
652=,Nickolas,1,,1112=,Caitlynne,1
652=,Nicola,1,,1112=,Caledonia,1
652=,Nils,1,,1112=,Caley,1
652=,Niven,1,,1112=,Calhounnah,1
652=,Noam,1,,1112=,Cali,1
652=,Noel,1,,1112=,Callia,1
652=,Norrie,1,,1112=,Callie,1
652=,Nortey,1,,1112=,Calluna,1
652=,Norwood,1,,1112=,Callyn,1
652=,Nur,1,,1112=,Camille,1
652=,Nyle,1,,1112=,Candace,1
652=,Oasmaan,1,,1112=,Candi,1
652=,Oban,1,,1112=,Candida,1
652=,Obinna,1,,1112=,Candii-Jane,1
652=,Ole,1,,1112=,Candis,1
652=,Oleg,1,,1112=,Candy,1
652=,Olivier,1,,1112=,Cara-Marie,1
652=,Olmo,1,,1112=,Caralyn,1
652=,Omer,1,,1112=,Carianne,1
652=,Omid,1,,1112=,Carin,1
652=,On-Chung,1,,1112=,Carine,1
652=,Oran,1,,1112=,Carise,1
652=,Orlanzo,1,,1112=,Carlann,1
652=,Orrin,1,,1112=,Carley,1
652=,Osama,1,,1112=,Carly-Ann,1
652=,Osi,1,,1112=,Carmela,1
652=,Oskar,1,,1112=,Carmine,1
652=,Osman,1,,1112=,Carmyle,1
652=,Otis,1,,1112=,Carol-Anne,1
652=,Ousman,1,,1112=,Carole,1
652=,Owsama,1,,1112=,Carolyne,1
652=,Padraig,1,,1112=,Carolynn,1
652=,Padraigh,1,,1112=,Carra-Lynn,1
652=,Paul-Louis,1,,1112=,Carri,1
652=,Pearce,1,,1112=,Carri-Anne,1
652=,Pepe,1,,1112=,Carrie-Ann,1
652=,Perminder,1,,1112=,Carrieanne,1
652=,Pervinder,1,,1112=,Cassey,1
652=,Phelim,1,,1112=,Cassia,1
652=,Phil,1,,1112=,Cassidy,1
652=,Philipe,1,,1112=,Catherine-Ann,1
652=,Pietrantonio,1,,1112=,Cathleen,1
652=,Pradyum,1,,1112=,Caylie,1
652=,Pranav,1,,1112=,Ceara,1
652=,Preetam,1,,1112=,Cearraidh,1
652=,Puyan,1,,1112=,Cecilia,1
652=,Quade,1,,1112=,Cee-Jay,1
652=,Quaid,1,,1112=,Ceejay,1
652=,Rafael,1,,1112=,Ceira,1
652=,Rafee,1,,1112=,Ceire,1
652=,Rahat,1,,1112=,Celena,1
652=,Rahman,1,,1112=,Celina,1
652=,Raja,1,,1112=,Celsea,1
652=,Rajab,1,,1112=,Cerri,1
652=,Rajah,1,,1112=,Cerry,1
652=,Rajbir,1,,1112=,Cetayesh,1
652=,Rajiv,1,,1112=,Chanisse,1
652=,Rakash,1,,1112=,Chanley,1
652=,Raman,1,,1112=,Channel,1
652=,Randall,1,,1112=,Channen,1
652=,Rashid,1,,1112=,Channi,1
652=,Rauridh,1,,1112=,Chantel,1
652=,Ravinder,1,,1112=,Chantele,1
652=,Rayan,1,,1112=,Chantell,1
652=,Reece-David,1,,1112=,Chantelle-Marie,1
652=,Rees,1,,1112=,Charelle,1
652=,Reg,1,,1112=,Charity,1
652=,Reggie,1,,1112=,Charlee,1
652=,Rehan,1,,1112=,Charleigh,1
652=,Rehmat,1,,1112=,Charlette,1
652=,Reice,1,,1112=,Charline,1
652=,Reiss,1,,1112=,Charmane,1
652=,Rene-Marcel,1,,1112=,Charrelle,1
652=,Rheece,1,,1112=,Chase,1
652=,Rhian,1,,1112=,Chavonne,1
652=,Rhodri,1,,1112=,Chay,1
652=,Rhuairidh,1,,1112=,Chay-Lee,1
652=,Rhuardi,1,,1112=,Chelbey,1
652=,Rhuaridh,1,,1112=,Chelby,1
652=,Rhuridh,1,,1112=,Chellbie,1
652=,Rhy,1,,1112=,Chelsea-Ann,1
652=,Rhys-Allan,1,,1112=,Chelsea-Louise,1
652=,Ricardo,1,,1112=,Chelsy,1
652=,Richey,1,,1112=,Cher,1
652=,Richmond,1,,1112=,Cherday,1
652=,Ridhwan,1,,1112=,Cheree,1
652=,Riess,1,,1112=,Cheri,1
652=,Riki,1,,1112=,Cherilyn,1
652=,Rio,1,,1112=,Cherina,1
652=,Riyad,1,,1112=,Cherise,1
652=,Rizwan,1,,1112=,Cherish,1
652=,Rob,1,,1112=,Cherrie,1
652=,Roberto,1,,1112=,Cherrisse,1
652=,Rodney,1,,1112=,Cherry,1
652=,Rodrigo,1,,1112=,Cherryl,1
652=,Roger,1,,1112=,Cheryce,1
652=,Rohail,1,,1112=,Cheryl-Ann,1
652=,Romain,1,,1112=,Cheryll,1
652=,Romano,1,,1112=,Chesney,1
652=,Ronak,1,,1112=,Chevrolet,1
652=,Roraidh,1,,1112=,Cheyney,1
652=,Rori,1,,1112=,Chi,1
652=,Rorie,1,,1112=,Chivon,1
652=,Roshan,1,,1112=,Chloe-Louise,1
652=,Ruraidh,1,,1112=,Chloe-May,1
652=,Ryen,1,,1112=,Chor,1
652=,Ryhan,1,,1112=,Chor-Hung,1
652=,Sa'aid,1,,1112=,Christi,1
652=,Saad,1,,1112=,Christianne,1
652=,Safa,1,,1112=,Christina-Jo,1
652=,Safah,1,,1112=,Christina-Leoni,1
652=,Safwaan,1,,1112=,Christopher,1
652=,Sahan,1,,1112=,Chrystina,1
652=,Sahil,1,,1112=,Chyrelle,1
652=,Sahir,1,,1112=,Ciera,1
652=,Saif-Ali,1,,1112=,Cindy,1
652=,Sakib,1,,1112=,Clare-Marie,1
652=,Salim,1,,1112=,Clarese,1
652=,Salim-Edine,1,,1112=,Claudette,1
652=,Saliu,1,,1112=,Cleo,1
652=,Salman,1,,1112=,Clodagh,1
652=,Sameer,1,,1112=,Cloe,1
652=,Samil,1,,1112=,Coady,1
652=,Samiullah,1,,1112=,Concetta,1
652=,Sammie,1,,1112=,Conni,1
652=,Samual,1,,1112=,Corale,1
652=,Sandeep,1,,1112=,Coreen,1
652=,Sander,1,,1112=,Corey,1
652=,Sanders,1,,1112=,Cori,1
652=,Sandesh,1,,1112=,Corie,1
652=,Sani,1,,1112=,Cornelia,1
652=,Sanjay,1,,1112=,Corra,1
652=,Sanjeevan,1,,1112=,Corralle,1
652=,Saqib,1,,1112=,Correen,1
652=,Sarah,1,,1112=,Corrin,1
652=,Sarfraz,1,,1112=,Cory,1
652=,Sarjit,1,,1112=,Coryne,1
652=,Sathveer,1,,1112=,Courteney,1
652=,Sean-Paul,1,,1112=,Courtnay,1
652=,Seimi,1,,1112=,Cree,1
652=,Sena,1,,1112=,Cria,1
652=,Seonaidh,1,,1112=,Criselle,1
652=,Seorus,1,,1112=,Cristiana,1
652=,Seumus,1,,1112=,Cristine,1
652=,Shabazz,1,,1112=,Cyra,1
652=,Shahrukh,1,,1112=,D'arcy,1
652=,Shahzad,1,,1112=,Daan,1
652=,Shakeal,1,,1112=,Daena,1
652=,Shakeel,1,,1112=,Dahlia,1
652=,Shakir,1,,1112=,Daile,1
652=,Shamas,1,,1112=,Dalziel,1
652=,Shames,1,,1112=,Damal,1
652=,Shamsun,1,,1112=,Damla,1
652=,Shan,1,,1112=,Dana-Leigh,1
652=,Shang,1,,1112=,Danae,1
652=,Shannan,1,,1112=,Danah,1
652=,Sharez,1,,1112=,Danai,1
652=,Shariq,1,,1112=,Dani,1
652=,Shaughn,1,,1112=,Danielle-Marie,1
652=,Shaunie,1,,1112=,Danis,1
652=,Shayne,1,,1112=,Danish,1
652=,Shazad,1,,1112=,Dannie,1
652=,Shazadah,1,,1112=,Danniele,1
652=,Shazaib,1,,1112=,Dannii,1
652=,Shea,1,,1112=,Danuta,1
652=,Sheikh,1,,1112=,Darci,1
652=,Shem,1,,1112=,Darcie,1
652=,Sheridan,1,,1112=,Darelle,1
652=,Sherif,1,,1112=,Daria,1
652=,Sherwin,1,,1112=,Darian,1
652=,Shi-Da,1,,1112=,Darien,1
652=,Shim,1,,1112=,Darienne,1
652=,Shing,1,,1112=,Darnikka,1
652=,Shirazi,1,,1112=,Darragh,1
652=,Shoaib,1,,1112=,Darrian,1
652=,Shon,1,,1112=,Darryl,1
652=,Shuyab,1,,1112=,Daryl-Lea,1
652=,Sil,1,,1112=,Daryll,1
652=,Sinclair,1,,1112=,David,1
652=,Slaine,1,,1112=,Davidona,1
652=,Snorri,1,,1112=,Deana,1
652=,Soban,1,,1112=,Deann,1
652=,Sohabe,1,,1112=,Deanne,1
652=,Sohaib,1,,1112=,Debra-Louise,1
652=,Sol,1,,1112=,Deena,1
652=,Sonny,1,,1112=,Deepika,1
652=,Soo,1,,1112=,Deirdre,1
652=,Sophien,1,,1112=,Delaina,1
652=,Soufian,1,,1112=,Delia,1
652=,Spielberg,1,,1112=,Delli,1
652=,Stanley,1,,1112=,Demi-Marie,1
652=,Stanton,1,,1112=,Demilee,1
652=,Stefano,1,,1112=,Dempsey,1
652=,Stephanos,1,,1112=,Deni,1
652=,Steven-James,1,,1112=,Denis,1
652=,Stevenson,1,,1112=,Deniz,1
652=,Stevyn,1,,1112=,Denna,1
652=,Suckwinder,1,,1112=,Deone,1
652=,Sufyaan,1,,1112=,Deonne,1
652=,Suhayb,1,,1112=,Deri,1
652=,Sukhdeep,1,,1112=,Deryn,1
652=,Sukhjeven,1,,1112=,Deva,1
652=,Sulman,1,,1112=,Devika,1
652=,Sultan-Bahoo,1,,1112=,Devin,1
652=,Suraaj,1,,1112=,Devlin,1
652=,Suraj,1,,1112=,Devyn,1
652=,Suret,1,,1112=,Dheerij,1
652=,Sutherland,1,,1112=,Diana,1
652=,Sven,1,,1112=,Dianne,1
652=,Tahsin,1,,1112=,Dielle,1
652=,Tajinder,1,,1112=,Dill,1
652=,Takuhiro,1,,1112=,Dilmeet,1
652=,Talal,1,,1112=,Dina,1
652=,Talen,1,,1112=,Dione,1
652=,Taler,1,,1112=,Dominic,1
652=,Tamer,1,,1112=,Donalda,1
652=,Tanveer,1,,1112=,Donetta,1
652=,Taran,1,,1112=,Donna-Marie,1
652=,Tarkan,1,,1112=,Dylan,1
652=,Tarlochan,1,,1112=,Dyllyn,1
652=,Tarsvinder,1,,1112=,Ealana,1
652=,Taryn,1,,1112=,Early,1
652=,Taurab,1,,1112=,Ebbe,1
652=,Tawgeer,1,,1112=,Eboni,1
652=,Teddi,1,,1112=,Eesha,1
652=,Teddie,1,,1112=,Effie,1
652=,Teddin,1,,1112=,Eilis,1
652=,Teitur,1,,1112=,Eillidh,1
652=,Tejay,1,,1112=,Eillish,1
652=,Thaddeus,1,,1112=,Eimer,1
652=,Thaine,1,,1112=,Eireanne,1
652=,Tharmveer,1,,1112=,Eirene,1
652=,Thiemo,1,,1112=,Eirinn,1
652=,Thom,1,,1112=,Elanna,1
652=,Tien,1,,1112=,Elanor,1
652=,Tobias,1,,1112=,Eleanore,1
652=,Tommi,1,,1112=,Elenor,1
652=,Tomos,1,,1112=,Eleonor,1
652=,Torii,1,,1112=,Elidgh,1
652=,Torin,1,,1112=,Eliesha,1
652=,Torquil,1,,1112=,Elildh,1
652=,Torrin,1,,1112=,Elin,1
652=,Trell,1,,1112=,Elina,1
652=,Troy,1,,1112=,Elishiah,1
652=,Troy-Fraser,1,,1112=,Elizabeth-Anne,1
652=,Trym,1,,1112=,Elizabethann,1
652=,Tufan,1,,1112=,Ellaine,1
652=,Ty,1,,1112=,Ellece,1
652=,Tyler-James,1,,1112=,Ellenor,1
652=,Tyler-Jordan,1,,1112=,Ellentiah-Myrri,1
652=,Tyrell,1,,1112=,Ellesha,1
652=,Umberto,1,,1112=,Ellesse,1
652=,Umeer,1,,1112=,Ellie-May,1
652=,Usaamah,1,,1112=,Ellier,1
652=,Usama,1,,1112=,Ellin,1
652=,Usamah,1,,1112=,Ellise,1
652=,Valentin,1,,1112=,Ellys,1
652=,Vassilios,1,,1112=,Ellyss,1
652=,Vaughan,1,,1112=,Elysha,1
652=,Venkat,1,,1112=,Eman,1
652=,Verdun,1,,1112=,Emerald,1
652=,Vhaeed,1,,1112=,Emilie,1
652=,Vheshman,1,,1112=,Emily-Jane,1
652=,Vichren,1,,1112=,Emine,1
652=,Vickram,1,,1112=,Emma-Christina,1
652=,Vikramjeet,1,,1112=,Emma-James,1
652=,Vincenzo,1,,1112=,Emma-Rebecca,1
652=,Vinni,1,,1112=,Emmaline,1
652=,Viren,1,,1112=,Emmerie,1
652=,Vishal,1,,1112=,Emmie,1
652=,Vivek,1,,1112=,Enaish,1
652=,Waheem,1,,1112=,Enisa,1
652=,Wahid,1,,1112=,Eowyn,1
652=,Wajahat,1,,1112=,Erinn,1
652=,Wajhaht,1,,1112=,Erraid,1
652=,Waleed,1,,1112=,Ersin,1
652=,Wijnand,1,,1112=,Esraa,1
652=,Wilfred,1,,1112=,Eunice,1
652=,Will,1,,1112=,Eva-Maria,1
652=,Willem,1,,1112=,Evgenia,1
652=,William-John,1,,1112=,Evita,1
652=,Willum,1,,1112=,Evlyn,1
652=,Wilson,1,,1112=,Evonne,1
652=,Wufric,1,,1112=,Ewa,1
652=,Xander,1,,1112=,Ezdehar,1
652=,Yan,1,,1112=,Fabia,1
652=,Yazan,1,,1112=,Fabiya,1
652=,Yehudah,1,,1112=,Fakhirah,1
652=,Yinghua,1,,1112=,Fallon,1
652=,Yinnam,1,,1112=,Fang,1
652=,Yiu,1,,1112=,Fareeha,1
652=,Young,1,,1112=,Fariha,1
652=,Young-Suk,1,,1112=,Farkhunda,1
652=,Yousaf,1,,1112=,Faron,1
652=,Yousif,1,,1112=,Farrah,1
652=,Yousuf,1,,1112=,Farrell,1
652=,Yozan,1,,1112=,Faseeha,1
652=,Yuh-Ming,1,,1112=,Fathima,1
652=,Yusuf,1,,1112=,Fatimah,1
652=,Yves,1,,1112=,Fay,1
652=,Zaak,1,,1112=,Fayme,1
652=,Zachariah,1,,1112=,Fayzah,1
652=,Zack,1,,1112=,Fazah,1
652=,Zackaria,1,,1112=,Fearn,1
652=,Zackiri,1,,1112=,Feona,1
652=,Zaheed,1,,1112=,Feroza,1
652=,Zaheer,1,,1112=,Fhiona,1
652=,Zahir,1,,1112=,Fhionnagh,1
652=,Zain-Ul-Abideen,1,,1112=,Finlay,1
652=,Zakariya,1,,1112=,Finnuala,1
652=,Zakwan,1,,1112=,Finulla,1
652=,Zander,1,,1112=,Firouzeh,1
652=,Zanoor,1,,1112=,Fiyinfolu,1
652=,Zarak,1,,1112=,Flavia,1
652=,Zaveia,1,,1112=,Flynn,1
652=,Zayd,1,,1112=,Folakemi,1
652=,Ze,1,,1112=,Franquie,1
652=,Zed,1,,1112=,Fraser,1
652=,Zein,1,,1112=,Friha,1
652=,Zeke,1,,1112=,Furoza,1
652=,Zeshaan,1,,1112=,Gabi,1
652=,Zimar,1,,1112=,Gaenor,1
652=,Zuber,1,,1112=,Gale,1
,,,,1112=,Ganga,1
,,,,1112=,Gauhar,1
,,,,1112=,Geneva,1
,,,,1112=,Genevieve,1
,,,,1112=,Geordine,1
,,,,1112=,Georgia-May,1
,,,,1112=,Geri,1
,,,,1112=,Gerri,1
,,,,1112=,Ghada,1
,,,,1112=,Ghita,1
,,,,1112=,Ghulam,1
,,,,1112=,Gi,1
,,,,1112=,Gilleon,1
,,,,1112=,Giorgia,1
,,,,1112=,Git,1
,,,,1112=,Gita,1
,,,,1112=,Giuliana,1
,,,,1112=,Glenn,1
,,,,1112=,Glenna,1
,,,,1112=,Gloria,1
,,,,1112=,Grania,1
,,,,1112=,Greer,1
,,,,1112=,Gruach,1
,,,,1112=,Gulnaz,1
,,,,1112=,Gulsah,1
,,,,1112=,Gurpage,1
,,,,1112=,Gursimran,1
,,,,1112=,Hadia,1
,,,,1112=,Hafsa,1
,,,,1112=,Haidee,1
,,,,1112=,Haileigh,1
,,,,1112=,Haleema,1
,,,,1112=,Haleena,1
,,,,1112=,Haley-Jane,1
,,,,1112=,Halime,1
,,,,1112=,Hanan,1
,,,,1112=,Haneen,1
,,,,1112=,Hanein,1
,,,,1112=,Haram,1
,,,,1112=,Harbinder,1
,,,,1112=,Hareem,1
,,,,1112=,Harjeet,1
,,,,1112=,Harlae,1
,,,,1112=,Harmeet,1
,,,,1112=,Harneet,1
,,,,1112=,Harpreet,1
,,,,1112=,Harriett,1
,,,,1112=,Harsharon,1
,,,,1112=,Harvey,1
,,,,1112=,Hayely,1
,,,,1112=,Haylea,1
,,,,1112=,Heather-Sylvie,1
,,,,1112=,Hedera,1
,,,,1112=,Heena,1
,,,,1112=,Helaina,1
,,,,1112=,Helga,1
,,,,1112=,Helyn,1
,,,,1112=,Hennah,1
,,,,1112=,Hermione,1
,,,,1112=,Hester,1
,,,,1112=,Hiba,1
,,,,1112=,Hinna,1
,,,,1112=,Ho,1
,,,,1112=,Hoi,1
,,,,1112=,Holea,1
,,,,1112=,Holley,1
,,,,1112=,Hollie-Ann,1
,,,,1112=,Holly-Anne,1
,,,,1112=,Hollymarie,1
,,,,1112=,Hope-Frances,1
,,,,1112=,How,1
,,,,1112=,Hrisi,1
,,,,1112=,Humera,1
,,,,1112=,Humerah,1
,,,,1112=,Husnat,1
,,,,1112=,Iman,1
,,,,1112=,Indiana,1
,,,,1112=,Indriya,1
,,,,1112=,Inga,1
,,,,1112=,Inger,1
,,,,1112=,Inshah,1
,,,,1112=,Iona-Joy,1
,,,,1112=,Iony,1
,,,,1112=,Iqraa,1
,,,,1112=,Irem,1
,,,,1112=,Irram,1
,,,,1112=,Irsah,1
,,,,1112=,Isabelle,1
,,,,1112=,Iseabal,1
,,,,1112=,Ishabel,1
,,,,1112=,Ishbal,1
,,,,1112=,Ishrat,1
,,,,1112=,Ismay,1
,,,,1112=,Isobell,1
,,,,1112=,Isra'a,1
,,,,1112=,Issmat,1
,,,,1112=,Itzel,1
,,,,1112=,Iyona,1
,,,,1112=,Jackalyn,1
,,,,1112=,Jacki,1
,,,,1112=,Jacky,1
,,,,1112=,Jacolyn,1
,,,,1112=,Jacquelyne,1
,,,,1112=,Jacquetta,1
,,,,1112=,Jacqulyn,1
,,,,1112=,Jade-Chantel,1
,,,,1112=,Jade-Lee,1
,,,,1112=,Jade-Louise,1
,,,,1112=,Jadeallan,1
,,,,1112=,Jadie,1
,,,,1112=,Jael,1
,,,,1112=,Jaerin,1
,,,,1112=,Jai,1
,,,,1112=,Jaid,1
,,,,1112=,Jaime-Leigh,1
,,,,1112=,Jaimee,1
,,,,1112=,Jamee,1
,,,,1112=,Jamie-Anne,1
,,,,1112=,Jamie-Lea,1
,,,,1112=,Jana,1
,,,,1112=,Janan,1
,,,,1112=,Janie,1
,,,,1112=,Jann,1
,,,,1112=,Jannah,1
,,,,1112=,Jaskiran,1
,,,,1112=,Jasleen,1
,,,,1112=,Jaslyn,1
,,,,1112=,Jasmyn,1
,,,,1112=,Jasveer,1
,,,,1112=,Jaunita,1
,,,,1112=,Jayah,1
,,,,1112=,Jayme,1
,,,,1112=,Jaymee,1
,,,,1112=,Jaymilee,1
,,,,1112=,Jeananne,1
,,,,1112=,Jeanette,1
,,,,1112=,Jeanine,1
,,,,1112=,Jeasidh,1
,,,,1112=,Jee-Wan,1
,,,,1112=,Jema,1
,,,,1112=,Jemma-Louise,1
,,,,1112=,Jeniffer,1
,,,,1112=,Jenn,1
,,,,1112=,Jennean,1
,,,,1112=,Jeong,1
,,,,1112=,Jerri,1
,,,,1112=,Jerrylee,1
,,,,1112=,Jessica-Ann,1
,,,,1112=,Jessika,1
,,,,1112=,Jeung,1
,,,,1112=,Jhoth,1
,,,,1112=,Jil,1
,,,,1112=,Jillease,1
,,,,1112=,Jillin,1
,,,,1112=,Jilly,1
,,,,1112=,Jinny,1
,,,,1112=,Jo-Ann,1
,,,,1112=,Jocelynne,1
,,,,1112=,Jodi-Lee,1
,,,,1112=,Jodie-Lee,1
,,,,1112=,Joel,1
,,,,1112=,Johanne,1
,,,,1112=,John,1
,,,,1112=,Johnann,1
,,,,1112=,Jolanda,1
,,,,1112=,Joleen,1
,,,,1112=,Jollette,1
,,,,1112=,Jomana,1
,,,,1112=,Jordan-Leah,1
,,,,1112=,Jordan-Leigh,1
,,,,1112=,Jordann,1
,,,,1112=,Jordanna,1
,,,,1112=,Jordian,1
,,,,1112=,Jordin,1
,,,,1112=,Jorgie,1
,,,,1112=,Joscelin,1
,,,,1112=,Josceline,1
,,,,1112=,Joslyn,1
,,,,1112=,Jozette,1
,,,,1112=,Judy,1
,,,,1112=,Juli,1
,,,,1112=,Julianna,1
,,,,1112=,Julianne,1
,,,,1112=,Julie-Anne,1
,,,,1112=,Julieann,1
,,,,1112=,Julieanne,1
,,,,1112=,Juno,1
,,,,1112=,Justine-Juliett,1
,,,,1112=,Justyn,1
,,,,1112=,Kadi,1
,,,,1112=,Kadie,1
,,,,1112=,Kai,1
,,,,1112=,Kailey,1
,,,,1112=,Kairean,1
,,,,1112=,Kaireen,1
,,,,1112=,Kairen,1
,,,,1112=,Kairn,1
,,,,1112=,Kaitlinn,1
,,,,1112=,Kali,1
,,,,1112=,Kaoibha,1
,,,,1112=,Kara-Lyn,1
,,,,1112=,Karin-Ann,1
,,,,1112=,Karine-Louise,1
,,,,1112=,Kariss,1
,,,,1112=,Karissa,1
,,,,1112=,Karisse,1
,,,,1112=,Karleigh,1
,,,,1112=,Karley,1
,,,,1112=,Karlynn,1
,,,,1112=,Karmen,1
,,,,1112=,Karoline,1
,,,,1112=,Karra,1
,,,,1112=,Karrie,1
,,,,1112=,Karrie-Ann,1
,,,,1112=,Karys,1
,,,,1112=,Kasay,1
,,,,1112=,Kassy,1
,,,,1112=,Katana,1
,,,,1112=,Katelin,1
,,,,1112=,Katelyne,1
,,,,1112=,Katerina,1
,,,,1112=,Katey,1
,,,,1112=,Kathanna,1
,,,,1112=,Katharin,1
,,,,1112=,Katherene,1
,,,,1112=,Katherine-Louis,1
,,,,1112=,Kathryne,1
,,,,1112=,Katie-Anne,1
,,,,1112=,Katie-Jay,1
,,,,1112=,Katie-Lee,1
,,,,1112=,Katrin,1
,,,,1112=,Katrise,1
,,,,1112=,Katryn,1
,,,,1112=,Katy-Louise,1
,,,,1112=,Kaumal,1
,,,,1112=,Kauther,1
,,,,1112=,Kay-Leigh,1
,,,,1112=,Kaya,1
,,,,1112=,Kayla-Leigh,1
,,,,1112=,Kayleigh-Ann,1
,,,,1112=,Kayleigh-Louise,1
,,,,1112=,Kayleigh-Marie,1
,,,,1112=,Kaylene,1
,,,,1112=,Kayley-Ann,1
,,,,1112=,Kaylyn,1
,,,,1112=,Kayrn,1
,,,,1112=,Kaysley,1
,,,,1112=,Kazli,1
,,,,1112=,Kc,1
,,,,1112=,Keana,1
,,,,1112=,Kearney,1
,,,,1112=,Keary-Erin,1
,,,,1112=,Kearyn,1
,,,,1112=,Keavy,1
,,,,1112=,Keidra,1
,,,,1112=,Keirra,1
,,,,1112=,Keiver,1
,,,,1112=,Kelcey,1
,,,,1112=,Kelcie,1
,,,,1112=,Kellianne,1
,,,,1112=,Kellie-Jane,1
,,,,1112=,Kellie-Marie,1
,,,,1112=,Kellsey,1
,,,,1112=,Kelly-Louise,1
,,,,1112=,Kelseah,1
,,,,1112=,Kelsey-Anne,1
,,,,1112=,Kelsey-Leigh,1
,,,,1112=,Kelsey-Victoria,1
,,,,1112=,Kelsie-Lee,1
,,,,1112=,Kendell,1
,,,,1112=,Kentess,1
,,,,1112=,Kerianne,1
,,,,1112=,Kerina,1
,,,,1112=,Kerrae,1
,,,,1112=,Kerri-Anne,1
,,,,1112=,Kerri-Marie,1
,,,,1112=,Kerrilee,1
,,,,1112=,Kerrisann,1
,,,,1112=,Kerry-Marie,1
,,,,1112=,Kerstin,1
,,,,1112=,Keryl,1
,,,,1112=,Keryn,1
,,,,1112=,Kerys,1
,,,,1112=,Keshia,1
,,,,1112=,Kessiah,1
,,,,1112=,Kezziah,1
,,,,1112=,Khadeeja,1
,,,,1112=,Khadijah,1
,,,,1112=,Khalila,1
,,,,1112=,Khiah,1
,,,,1112=,Khiara,1
,,,,1112=,Ki,1
,,,,1112=,Kiana,1
,,,,1112=,Kiara-Anne,1
,,,,1112=,Kiaya,1
,,,,1112=,Kiedra,1
,,,,1112=,Kiele,1
,,,,1112=,Kiera-Leanne,1
,,,,1112=,Kierah,1
,,,,1112=,Kierney,1
,,,,1112=,Kim-Lesley,1
,,,,1112=,Kim-Louise,1
,,,,1112=,Kimberla,1
,,,,1112=,Kimberlay,1
,,,,1112=,Kimberlee,1
,,,,1112=,Kimberly-Anne,1
,,,,1112=,Kinsey,1
,,,,1112=,Kiranjit,1
,,,,1112=,Kiree,1
,,,,1112=,Kiri,1
,,,,1112=,Kirpa,1
,,,,1112=,Kirstie-Ann,1
,,,,1112=,Kirstine,1
,,,,1112=,Kirsty-Ann,1
,,,,1112=,Kirsty-Anne,1
,,,,1112=,Kirsty-Lee,1
,,,,1112=,Kirstyann,1
,,,,1112=,Kirti,1
,,,,1112=,Kitty,1
,,,,1112=,Kiya,1
,,,,1112=,Kiyrie,1
,,,,1112=,Kizzylou,1
,,,,1112=,Kodie,1
,,,,1112=,Kohlby,1
,,,,1112=,Kohrri,1
,,,,1112=,Koreen,1
,,,,1112=,Koren,1
,,,,1112=,Kori,1
,,,,1112=,Korinn,1
,,,,1112=,Krissie,1
,,,,1112=,Krisstan,1
,,,,1112=,Krista,1
,,,,1112=,Kristiane,1
,,,,1112=,Krysta,1
,,,,1112=,Krystal-Louise,1
,,,,1112=,Krystie,1
,,,,1112=,Krystina,1
,,,,1112=,Krystle,1
,,,,1112=,Krystyna,1
,,,,1112=,Ksenia,1
,,,,1112=,Kumtaeng,1
,,,,1112=,Kushbir,1
,,,,1112=,Kyara,1
,,,,1112=,Kyeron,1
,,,,1112=,Kyesha,1
,,,,1112=,Kylan,1
,,,,1112=,Kylie,1
,,,,1112=,Kyna,1
,,,,1112=,Kyree,1
,,,,1112=,Kyrenia,1
,,,,1112=,Kyrin,1
,,,,1112=,Kyrsten,1
,,,,1112=,Laarab,1
,,,,1112=,Ladonia,1
,,,,1112=,Lahana,1
,,,,1112=,Lai,1
,,,,1112=,Laila,1
,,,,1112=,Laken,1
,,,,1112=,Lale,1
,,,,1112=,Lameese,1
,,,,1112=,Lamia,1
,,,,1112=,Laonie,1
,,,,1112=,Lareb,1
,,,,1112=,Larisa,1
,,,,1112=,Larisah,1
,,,,1112=,Larraine,1
,,,,1112=,Larysa,1
,,,,1112=,Laura-Ann,1
,,,,1112=,Laura-Beth,1
,,,,1112=,Laura-Jayne,1
,,,,1112=,Laura-Jo,1
,,,,1112=,Laura-Nicole,1
,,,,1112=,Laurajayne,1
,,,,1112=,Laurel,1
,,,,1112=,Lauren-Anne,1
,,,,1112=,Lauren-Nicole,1
,,,,1112=,Lauren-Ruth,1
,,,,1112=,Laurene,1
,,,,1112=,Lauri,1
,,,,1112=,Laurina,1
,,,,1112=,Laverne,1
,,,,1112=,Lawren,1
,,,,1112=,Layha,1
,,,,1112=,Leagh,1
,,,,1112=,Leah-Brooklyn,1
,,,,1112=,Leane,1
,,,,1112=,Lee-Anne,1
,,,,1112=,Leeanna,1
,,,,1112=,Leena,1
,,,,1112=,Lehanne,1
,,,,1112=,Leigha,1
,,,,1112=,Leila,1
,,,,1112=,Leilah,1
,,,,1112=,Leillah,1
,,,,1112=,Leisha,1
,,,,1112=,Leith,1
,,,,1112=,Lelia,1
,,,,1112=,Leni,1
,,,,1112=,Leoke,1
,,,,1112=,Leone,1
,,,,1112=,Leonna,1
,,,,1112=,Leonni,1
,,,,1112=,Leonnie,1
,,,,1112=,Lesley-Anne,1
,,,,1112=,Levee,1
,,,,1112=,Li,1
,,,,1112=,Liane,1
,,,,1112=,Lianna,1
,,,,1112=,Liberty,1
,,,,1112=,Lidia,1
,,,,1112=,Liesa,1
,,,,1112=,Lieselotte,1
,,,,1112=,Lila,1
,,,,1112=,Lilah,1
,,,,1112=,Lilian,1
,,,,1112=,Lilias,1
,,,,1112=,Lilith,1
,,,,1112=,Lilli,1
,,,,1112=,Lillian,1
,,,,1112=,Lily-Ann,1
,,,,1112=,Lisa-Jayne,1
,,,,1112=,Lisanne,1
,,,,1112=,Litisha-Jade,1
,,,,1112=,Livia,1
,,,,1112=,Llana,1
,,,,1112=,Lora,1
,,,,1112=,Loretta,1
,,,,1112=,Lorisa,1
,,,,1112=,Lorissa,1
,,,,1112=,Lorren,1
,,,,1112=,Lorriane,1
,,,,1112=,Lorrie,1
,,,,1112=,Loryn,1
,,,,1112=,Lotte,1
,,,,1112=,Loui,1
,,,,1112=,Louisa-Jane,1
,,,,1112=,Louissa,1
,,,,1112=,Lucianna,1
,,,,1112=,Lucilia,1
,,,,1112=,Lucy-Ann,1
,,,,1112=,Lucy-May,1
,,,,1112=,Lueje,1
,,,,1112=,Lydsay,1
,,,,1112=,Lyla,1
,,,,1112=,Lyn,1
,,,,1112=,Lyndzi,1
,,,,1112=,Lynlay,1
,,,,1112=,Lynn-Maree,1
,,,,1112=,Lynsay-Leigh,1
,,,,1112=,Lynzie,1
,,,,1112=,Maariya,1
,,,,1112=,Machaela,1
,,,,1112=,Mackenzie,1
,,,,1112=,Madailein,1
,,,,1112=,Maddalen,1
,,,,1112=,Madeeha,1
,,,,1112=,Madelaine,1
,,,,1112=,Madelin,1
,,,,1112=,Madelyn,1
,,,,1112=,Madhuvanti,1
,,,,1112=,Madiha,1
,,,,1112=,Madihah,1
,,,,1112=,Madilyn,1
,,,,1112=,Madonna,1
,,,,1112=,Maeghan,1
,,,,1112=,Maelle,1
,,,,1112=,Mafalda,1
,,,,1112=,Magenta,1
,,,,1112=,Maggie,1
,,,,1112=,Maha,1
,,,,1112=,Mahbub,1
,,,,1112=,Maherra,1
,,,,1112=,Mahmoona,1
,,,,1112=,Mahri,1
,,,,1112=,Mahrukh,1
,,,,1112=,Maighan,1
,,,,1112=,Maimie,1
,,,,1112=,Maira,1
,,,,1112=,Mairiann,1
,,,,1112=,Maleeha,1
,,,,1112=,Malena,1
,,,,1112=,Malin,1
,,,,1112=,Malvina,1
,,,,1112=,Mamoona,1
,,,,1112=,Man,1
,,,,1112=,Manal,1
,,,,1112=,Manasa,1
,,,,1112=,Mandy-Lee,1
,,,,1112=,Maninder,1
,,,,1112=,Manisha,1
,,,,1112=,Mara,1
,,,,1112=,Maram,1
,,,,1112=,Mareem,1
,,,,1112=,Marelle,1
,,,,1112=,Margaret-Elizab,1
,,,,1112=,Margaret-Rose,1
,,,,1112=,Margherita,1
,,,,1112=,Margi,1
,,,,1112=,Margo,1
,,,,1112=,Marhielle,1
,,,,1112=,Mari-Ann,1
,,,,1112=,Mariama,1
,,,,1112=,Marian,1
,,,,1112=,Mariann,1
,,,,1112=,Marie-Claire,1
,,,,1112=,Mariea,1
,,,,1112=,Marieke,1
,,,,1112=,Mariel,1
,,,,1112=,Mariem,1
,,,,1112=,Mariesa,1
,,,,1112=,Mariessa,1
,,,,1112=,Marijke,1
,,,,1112=,Marika,1
,,,,1112=,Mariko,1
,,,,1112=,Marilyn,1
,,,,1112=,Marin,1
,,,,1112=,Marisha,1
,,,,1112=,Marium,1
,,,,1112=,Mariyam,1
,,,,1112=,Marjory,1
,,,,1112=,Marleen,1
,,,,1112=,Marlene,1
,,,,1112=,Marley-Paige,1
,,,,1112=,Marli,1
,,,,1112=,Marlie,1
,,,,1112=,Marney,1
,,,,1112=,Marone,1
,,,,1112=,Marsaili,1
,,,,1112=,Marsailidh,1
,,,,1112=,Marsha,1
,,,,1112=,Marshalina,1
,,,,1112=,Marwa,1
,,,,1112=,Mary-Rose,1
,,,,1112=,Maryisa,1
,,,,1112=,Maryjay,1
,,,,1112=,Marylee,1
,,,,1112=,Matthew,1
,,,,1112=,Mauada,1
,,,,1112=,May,1
,,,,1112=,Meagan-Jane,1
,,,,1112=,Meara,1
,,,,1112=,Mechelle,1
,,,,1112=,Meena,1
,,,,1112=,Meera,1
,,,,1112=,Meerun,1
,,,,1112=,Megan-Rose,1
,,,,1112=,Megann,1
,,,,1112=,Meganne,1
,,,,1112=,Meggan,1
,,,,1112=,Megumi,1
,,,,1112=,Megyn,1
,,,,1112=,Mehran,1
,,,,1112=,Mehwish,1
,,,,1112=,Meighan,1
,,,,1112=,Meike,1
,,,,1112=,Melannie,1
,,,,1112=,Meral,1
,,,,1112=,Mercy,1
,,,,1112=,Merethe,1
,,,,1112=,Merissa,1
,,,,1112=,Merran,1
,,,,1112=,Meryl,1
,,,,1112=,Metta,1
,,,,1112=,Mhairi-Ailsa,1
,,,,1112=,Mhairi-Jane,1
,,,,1112=,Mhairianne,1
,,,,1112=,Micaela,1
,,,,1112=,Micha,1
,,,,1112=,Michael,1
,,,,1112=,Micheala,1
,,,,1112=,Michela,1
,,,,1112=,Mickaela,1
,,,,1112=,Midori,1
,,,,1112=,Mikala,1
,,,,1112=,Mikayla,1
,,,,1112=,Mikhaila,1
,,,,1112=,Miko,1
,,,,1112=,Mila,1
,,,,1112=,Milissa,1
,,,,1112=,Millie,1
,,,,1112=,Millisa,1
,,,,1112=,Minaz-Parol,1
,,,,1112=,Miri,1
,,,,1112=,Mirren,1
,,,,1112=,Miya,1
,,,,1112=,Mohini,1
,,,,1112=,Momina,1
,,,,1112=,Mona,1
,,,,1112=,Monaca,1
,,,,1112=,Monika,1
,,,,1112=,Moray,1
,,,,1112=,Morbheinn,1
,,,,1112=,Motaram,1
,,,,1112=,Motunrayo,1
,,,,1112=,Mourisa,1
,,,,1112=,Moyosolu,1
,,,,1112=,Moyra,1
,,,,1112=,Mugure,1
,,,,1112=,Munisah,1
,,,,1112=,Muriam,1
,,,,1112=,Myisha,1
,,,,1112=,Myrna,1
,,,,1112=,Nabeena,1
,,,,1112=,Nadeen,1
,,,,1112=,Nadene,1
,,,,1112=,Nadia-Claire,1
,,,,1112=,Nadiya,1
,,,,1112=,Nadya,1
,,,,1112=,Nafeesa,1
,,,,1112=,Nafisaf,1
,,,,1112=,Nahla,1
,,,,1112=,Naidene,1
,,,,1112=,Nailah,1
,,,,1112=,Naima,1
,,,,1112=,Naimh,1
,,,,1112=,Naiomi,1
,,,,1112=,Naireen,1
,,,,1112=,Nairne,1
,,,,1112=,Naleisha,1
,,,,1112=,Namrta,1
,,,,1112=,Nancy,1
,,,,1112=,Naraina,1
,,,,1112=,Nargis,1
,,,,1112=,Narhys,1
,,,,1112=,Narmeen,1
,,,,1112=,Nasreen,1
,,,,1112=,Natal,1
,,,,1112=,Natalea,1
,,,,1112=,Natalia,1
,,,,1112=,Natalie-Ann,1
,,,,1112=,Natalie-Anne,1
,,,,1112=,Natalya,1
,,,,1112=,Natanya,1
,,,,1112=,Natasha-Jade,1
,,,,1112=,Natashia,1
,,,,1112=,Natasja,1
,,,,1112=,Natassja,1
,,,,1112=,Nathia,1
,,,,1112=,Natisha,1
,,,,1112=,Nattalie,1
,,,,1112=,Naveen,1
,,,,1112=,Nayha,1
,,,,1112=,Nayomi,1
,,,,1112=,Nayreen,1
,,,,1112=,Nazlu,1
,,,,1112=,Necole,1
,,,,1112=,Neena,1
,,,,1112=,Neeru,1
,,,,1112=,Neila,1
,,,,1112=,Nekole,1
,,,,1112=,Nelaam,1
,,,,1112=,Ngozi,1
,,,,1112=,Niahla,1
,,,,1112=,Niaomi,1
,,,,1112=,Nica,1
,,,,1112=,Nicia,1
,,,,1112=,Nicky,1
,,,,1112=,Nico,1
,,,,1112=,Nicoline,1
,,,,1112=,Nidah,1
,,,,1112=,Niha,1
,,,,1112=,Nikki-Lauren,1
,,,,1112=,Nikkitta,1
,,,,1112=,Nila,1
,,,,1112=,Nim,1
,,,,1112=,Nimah,1
,,,,1112=,Nimrat,1
,,,,1112=,Niome,1
,,,,1112=,Niomie,1
,,,,1112=,Nionne,1
,,,,1112=,Nirvanna,1
,,,,1112=,Nissara,1
,,,,1112=,Niva,1
,,,,1112=,Noami,1
,,,,1112=,Noor,1
,,,,1112=,Noor-Ul-Aushna,1
,,,,1112=,Nora,1
,,,,1112=,Norma,1
,,,,1112=,Nula,1
,,,,1112=,Nushrat,1
,,,,1112=,Nusrat,1
,,,,1112=,Nyala,1
,,,,1112=,Nyla,1
,,,,1112=,Nyome,1
,,,,1112=,Ola,1
,,,,1112=,Oonagh,1
,,,,1112=,Opal,1
,,,,1112=,Paisleigh,1
,,,,1112=,Pamala,1
,,,,1112=,Parastu,1
,,,,1112=,Parbinder,1
,,,,1112=,Parisa,1
,,,,1112=,Parnell,1
,,,,1112=,Pascale,1
,,,,1112=,Pashmina,1
,,,,1112=,Patrice,1
,,,,1112=,Pavan,1
,,,,1112=,Pelvi,1
,,,,1112=,Penella,1
,,,,1112=,Perdeep,1
,,,,1112=,Perdita,1
,,,,1112=,Pershia,1
,,,,1112=,Petra,1
,,,,1112=,Phemie,1
,,,,1112=,Phillipa,1
,,,,1112=,Pippa,1
,,,,1112=,Pixie,1
,,,,1112=,Po-Yee,1
,,,,1112=,Pooja,1
,,,,1112=,Poonam,1
,,,,1112=,Porscha,1
,,,,1112=,Presley,1
,,,,1112=,Princess,1
,,,,1112=,Priscilla,1
,,,,1112=,Prithpal,1
,,,,1112=,Pui,1
,,,,1112=,Putri,1
,,,,1112=,Qubra,1
,,,,1112=,Raabia,1
,,,,1112=,Rabiah,1
,,,,1112=,Rabiya,1
,,,,1112=,Radha,1
,,,,1112=,Raeann,1
,,,,1112=,Raeannon,1
,,,,1112=,Raechael,1
,,,,1112=,Raeesah,1
,,,,1112=,Raegen,1
,,,,1112=,Ragan,1
,,,,1112=,Rahana,1
,,,,1112=,Raheissa,1
,,,,1112=,Rahila,1
,,,,1112=,Rahima,1
,,,,1112=,Raiesha,1
,,,,1112=,Rajpreet,1
,,,,1112=,Rajveer,1
,,,,1112=,Rameet,1
,,,,1112=,Rana,1
,,,,1112=,Ranee,1
,,,,1112=,Rani,1
,,,,1112=,Raonaid,1
,,,,1112=,Rasheida,1
,,,,1112=,Rashelle,1
,,,,1112=,Rawand,1
,,,,1112=,Rayne,1
,,,,1112=,Raysham,1
,,,,1112=,Reah,1
,,,,1112=,Rebbecca-Louise,1
,,,,1112=,Rebbeka,1
,,,,1112=,Rebecca-Lynn,1
,,,,1112=,Rebeccah,1
,,,,1112=,Rebeckah,1
,,,,1112=,Rebekah-May,1
,,,,1112=,Reia,1
,,,,1112=,Rekha,1
,,,,1112=,Remy,1
,,,,1112=,Renae,1
,,,,1112=,Renu,1
,,,,1112=,Reona,1
,,,,1112=,Rhayanne,1
,,,,1112=,Rhea-Jayne,1
,,,,1112=,Rheanna,1
,,,,1112=,Rheannan,1
,,,,1112=,Rhegann,1
,,,,1112=,Rhorie,1
,,,,1112=,Rhyannon,1
,,,,1112=,Ridha,1
,,,,1112=,Riffit-Tahira,1
,,,,1112=,Righley,1
,,,,1112=,Rishika,1
,,,,1112=,Riyoko,1
,,,,1112=,Roanna,1
,,,,1112=,Roanne,1
,,,,1112=,Robeela,1
,,,,1112=,Robyne,1
,,,,1112=,Robynne,1
,,,,1112=,Rohan,1
,,,,1112=,Roisain,1
,,,,1112=,Romana,1
,,,,1112=,Romanai,1
,,,,1112=,Romany,1
,,,,1112=,Ronni,1
,,,,1112=,Ronny,1
,,,,1112=,Rosaleen,1
,,,,1112=,Rosalynd,1
,,,,1112=,Rosana,1
,,,,1112=,Rosanne,1
,,,,1112=,Roselyn,1
,,,,1112=,Rosha,1
,,,,1112=,Rosheen,1
,,,,1112=,Roshni,1
,,,,1112=,Rosinah,1
,,,,1112=,Roslin,1
,,,,1112=,Rosol,1
,,,,1112=,Rosy,1
,,,,1112=,Roukaya,1
,,,,1112=,Roxane,1
,,,,1112=,Roxanna,1
,,,,1112=,Roxy,1
,,,,1112=,Rubina,1
,,,,1112=,Ruchi,1
,,,,1112=,Rukayya,1
,,,,1112=,Rukayyat,1
,,,,1112=,Rukayyatu,1
,,,,1112=,Ruksaar,1
,,,,1112=,Rumsha,1
,,,,1112=,Rwan,1
,,,,1112=,Ryan,1
,,,,1112=,Saadia,1
,,,,1112=,Saahirah,1
,,,,1112=,Sabaa,1
,,,,1112=,Sabha,1
,,,,1112=,Sabine,1
,,,,1112=,Sadie,1
,,,,1112=,Sadiya,1
,,,,1112=,Safa,1
,,,,1112=,Safeena,1
,,,,1112=,Safia,1
,,,,1112=,Safiyyah,1
,,,,1112=,Sahar,1
,,,,1112=,Saher,1
,,,,1112=,Saibh,1
,,,,1112=,Sairah,1
,,,,1112=,Sajida,1
,,,,1112=,Samanth-Jane,1
,,,,1112=,Samantha-Jo,1
,,,,1112=,Samanthajean,1
,,,,1112=,Samme,1
,,,,1112=,Sammer,1
,,,,1112=,Sammi,1
,,,,1112=,Sammyjo,1
,,,,1112=,Samra,1
,,,,1112=,Samsara,1
,,,,1112=,Sanaa,1
,,,,1112=,Sancha,1
,,,,1112=,Sanna,1
,,,,1112=,Sanpreet,1
,,,,1112=,Saorsa,1
,,,,1112=,Saphron,1
,,,,1112=,Sapphire,1
,,,,1112=,Sappho,1
,,,,1112=,Sara-Jayne,1
,,,,1112=,Sara-Leigh,1
,,,,1112=,Sara-Louise,1
,,,,1112=,Sarah-Ann,1
,,,,1112=,Sarai,1
,,,,1112=,Saraya,1
,,,,1112=,Sarena,1
,,,,1112=,Sarina,1
,,,,1112=,Saska,1
,,,,1112=,Sassi,1
,,,,1112=,Satveer,1
,,,,1112=,Satveera,1
,,,,1112=,Savanagh,1
,,,,1112=,Savannha,1
,,,,1112=,Savita,1
,,,,1112=,Seandelle,1
,,,,1112=,Seaniece,1
,,,,1112=,Sebrina,1
,,,,1112=,Sedona,1
,,,,1112=,Seetil,1
,,,,1112=,Sehher,1
,,,,1112=,Sehir,1
,,,,1112=,Semone,1
,,,,1112=,Sephrenia,1
,,,,1112=,Seren,1
,,,,1112=,Shada,1
,,,,1112=,Shahida,1
,,,,1112=,Shahjia,1
,,,,1112=,Shailaa,1
,,,,1112=,Shakira,1
,,,,1112=,Shalaine,1
,,,,1112=,Sham,1
,,,,1112=,Shamiala,1
,,,,1112=,Shanelle,1
,,,,1112=,Shani-Lee,1
,,,,1112=,Shania,1
,,,,1112=,Shanine,1
,,,,1112=,Shanise,1
,,,,1112=,Shanley,1
,,,,1112=,Shannel,1
,,,,1112=,Shannice,1
,,,,1112=,Shannon-Leigh,1
,,,,1112=,Shannonleigh,1
,,,,1112=,Shanon,1
,,,,1112=,Shantelle,1
,,,,1112=,Shanyn,1
,,,,1112=,Shanzay,1
,,,,1112=,Sharece,1
,,,,1112=,Shareece,1
,,,,1112=,Shareen,1
,,,,1112=,Sharie,1
,,,,1112=,Sharina,1
,,,,1112=,Sharleane,1
,,,,1112=,Sharleen,1
,,,,1112=,Sharlene,1
,,,,1112=,Sharmin,1
,,,,1112=,Sharona,1
,,,,1112=,Sharrow,1
,,,,1112=,Sharyn,1
,,,,1112=,Shaughney,1
,,,,1112=,Shaun,1
,,,,1112=,Shaunah,1
,,,,1112=,Shaunee,1
,,,,1112=,Shaunette,1
,,,,1112=,Shaungh,1
,,,,1112=,Shaunnay,1
,,,,1112=,Shaunni-May,1
,,,,1112=,Shaunnie,1
,,,,1112=,Shavvan,1
,,,,1112=,Shawnee,1
,,,,1112=,Shawni,1
,,,,1112=,Shaybah,1
,,,,1112=,Shayna,1
,,,,1112=,Shazia,1
,,,,1112=,Sheema,1
,,,,1112=,Sheereen,1
,,,,1112=,Sheila-Ann,1
,,,,1112=,Sheilah,1
,,,,1112=,Shelagh,1
,,,,1112=,Shelbey-Leigh,1
,,,,1112=,Shellby,1
,,,,1112=,Shelley-Anne,1
,,,,1112=,Shelley-Marie,1
,,,,1112=,Shenisse,1
,,,,1112=,Sheridan-Louise,1
,,,,1112=,Sherlea,1
,,,,1112=,Sherleen,1
,,,,1112=,Sherlynn,1
,,,,1112=,Sherri,1
,,,,1112=,Sheryl-Anne,1
,,,,1112=,Sherylyn,1
,,,,1112=,Shevaune,1
,,,,1112=,Shevonne,1
,,,,1112=,Shima,1
,,,,1112=,Shiobhan,1
,,,,1112=,Shiree,1
,,,,1112=,Shireen,1
,,,,1112=,Shirelle,1
,,,,1112=,Shirley-Anne,1
,,,,1112=,Shivani,1
,,,,1112=,Shiza,1
,,,,1112=,Shobha,1
,,,,1112=,Shohreh,1
,,,,1112=,Shoyna,1
,,,,1112=,Shuk,1
,,,,1112=,Shynese,1
,,,,1112=,Sian-Wyn,1
,,,,1112=,Siannon,1
,,,,1112=,Sianon,1
,,,,1112=,Sidonie,1
,,,,1112=,Sidrah,1
,,,,1112=,Sidyra,1
,,,,1112=,Sigrid,1
,,,,1112=,Silke,1
,,,,1112=,Silvia,1
,,,,1112=,Simona,1
,,,,1112=,Simonne,1
,,,,1112=,Sindi,1
,,,,1112=,Sindianna,1
,,,,1112=,Sineela,1
,,,,1112=,Siobhain,1
,,,,1112=,Siobhann,1
,,,,1112=,Siobhian,1
,,,,1112=,Siobhon,1
,,,,1112=,Siouxsie-May,1
,,,,1112=,Siri,1
,,,,1112=,Siti,1
,,,,1112=,Siubhan-Felicit,1
,,,,1112=,Sofie,1
,,,,1112=,Sommer,1
,,,,1112=,Sonam,1
,,,,1112=,Sondos,1
,,,,1112=,Sonera,1
,,,,1112=,Sophie-Anna,1
,,,,1112=,Sophie-Jane,1
,,,,1112=,Sophie-Louisa,1
,,,,1112=,Sophie-Thomason,1
,,,,1112=,Sorrel-Louise,1
,,,,1112=,Sorrell,1
,,,,1112=,Stacey-Leigh,1
,,,,1112=,Stacey-Louise,1
,,,,1112=,Staci-Louise,1
,,,,1112=,Stacia,1
,,,,1112=,Stefani,1
,,,,1112=,Stefene,1
,,,,1112=,Stephanie-Anne,1
,,,,1112=,Stephanie-Jane,1
,,,,1112=,Stephanie-Jayne,1
,,,,1112=,Stephanie-Louis,1
,,,,1112=,Stephannie,1
,,,,1112=,Stephany,1
,,,,1112=,Stephie,1
,,,,1112=,Sterre,1
,,,,1112=,Stevie-Jane,1
,,,,1112=,Stevie-Leigh,1
,,,,1112=,Stevii-Lea,1
,,,,1112=,Stine,1
,,,,1112=,Sukhveer,1
,,,,1112=,Sukhvinder,1
,,,,1112=,Sumeyye,1
,,,,1112=,Sumiyah,1
,,,,1112=,Suna,1
,,,,1112=,Sunara,1
,,,,1112=,Sunia,1
,,,,1112=,Sunna,1
,,,,1112=,Sunny,1
,,,,1112=,Suraya,1
,,,,1112=,Susie,1
,,,,1112=,Suzan,1
,,,,1112=,Suzann,1
,,,,1112=,Suzie,1
,,,,1112=,Suzy,1
,,,,1112=,Suzzanne,1
,,,,1112=,Syann,1
,,,,1112=,Sylvia,1
,,,,1112=,Tabatha,1
,,,,1112=,Tabitha,1
,,,,1112=,Tacha,1
,,,,1112=,Taegan,1
,,,,1112=,Tahira,1
,,,,1112=,Talita,1
,,,,1112=,Tamar,1
,,,,1112=,Tamarra,1
,,,,1112=,Tami,1
,,,,1112=,Tamie,1
,,,,1112=,Tamilla,1
,,,,1112=,Tamlyn,1
,,,,1112=,Tammy-Anne,1
,,,,1112=,Tamzyn,1
,,,,1112=,Tanayaih-Louise,1
,,,,1112=,Tanith,1
,,,,1112=,Tanja,1
,,,,1112=,Tanys,1
,,,,1112=,Taryn,1
,,,,1112=,Tasha,1
,,,,1112=,Taskeen,1
,,,,1112=,Tasmeia,1
,,,,1112=,Tasneam,1
,,,,1112=,Tasneem,1
,,,,1112=,Tasnem,1
,,,,1112=,Tasnim,1
,,,,1112=,Tatum,1
,,,,1112=,Tauni,1
,,,,1112=,Tayebah,1
,,,,1112=,Taylar,1
,,,,1112=,Taylor-Jane,1
,,,,1112=,Taylor-Jayne,1
,,,,1112=,Tehreem,1
,,,,1112=,Tekisha,1
,,,,1112=,Tere,1
,,,,1112=,Teri-Anne,1
,,,,1112=,Terin,1
,,,,1112=,Terri-Ann,1
,,,,1112=,Terri-Anne,1
,,,,1112=,Terri-Lee,1
,,,,1112=,Terri-Louise,1
,,,,1112=,Terry,1
,,,,1112=,Tessa-Louise,1
,,,,1112=,Thahiya,1
,,,,1112=,Thalia,1
,,,,1112=,Tianna,1
,,,,1112=,Tiebah,1
,,,,1112=,Tieri,1
,,,,1112=,Tiphany,1
,,,,1112=,Tiree,1
,,,,1112=,Toni-Lee,1
,,,,1112=,Tosca,1
,,,,1112=,Tracie,1
,,,,1112=,Treya,1
,,,,1112=,Trudy,1
,,,,1112=,Tuesday,1
,,,,1112=,Tyne,1
,,,,1112=,Ujala,1
,,,,1112=,Umamah,1
,,,,1112=,Ume,1
,,,,1112=,Una,1
,,,,1112=,Urooj,1
,,,,1112=,Urvah,1
,,,,1112=,Uzoamaka,1
,,,,1112=,Valentina,1
,,,,1112=,Valeria,1
,,,,1112=,Vari,1
,,,,1112=,Varri,1
,,,,1112=,Vasilisa,1
,,,,1112=,Venessa,1
,,,,1112=,Vera,1
,,,,1112=,Verena,1
,,,,1112=,Vicci,1
,,,,1112=,Vickie,1
,,,,1112=,Victoria-Ellena,1
,,,,1112=,Vin,1
,,,,1112=,Vinessa,1
,,,,1112=,Violet,1
,,,,1112=,Vittoria,1
,,,,1112=,Vivian,1
,,,,1112=,Viviana,1
,,,,1112=,Wai,1
,,,,1112=,Wajeha,1
,,,,1112=,Walla,1
,,,,1112=,Wallis,1
,,,,1112=,Wardah,1
,,,,1112=,Wendy-Louise,1
,,,,1112=,Williamina,1
,,,,1112=,Win,1
,,,,1112=,Winifred,1
,,,,1112=,Witni,1
,,,,1112=,Wui,1
,,,,1112=,Yasmine,1
,,,,1112=,Yazmin,1
,,,,1112=,Yazmyn,1
,,,,1112=,Yi,1
,,,,1112=,Yolanda,1
,,,,1112=,Yousra,1
,,,,1112=,Yuan,1
,,,,1112=,Yuet,1
,,,,1112=,Yumiko,1
,,,,1112=,Yvette,1
,,,,1112=,Yvonne-Marie,1
,,,,1112=,Zaheera,1
,,,,1112=,Zahia,1
,,,,1112=,Zakia,1
,,,,1112=,Zanna,1
,,,,1112=,Zarah,1
,,,,1112=,Zarine,1
,,,,1112=,Zaynab,1
,,,,1112=,Zayne,1
,,,,1112=,Zeba,1
,,,,1112=,Zeinab,1
,,,,1112=,Zhanna,1
,,,,1112=,Zhora,1
,,,,1112=,Zikra,1
,,,,1112=,Zin,1
,,,,1112=,Zina,1
,,,,1112=,Zita,1
,,,,1112=,Zoay,1
,,,,1112=,Zoe-Louise,1
,,,,1112=,Zoe-Megan,1
,,,,1112=,Zohrah,1
,,,,1112=,Zoia,1
,,,,1112=,Zora,1
,,,,1112=,Zorona,1
,,,,1112=,Zowie,1
,,,,1112=,Zoya,1
,,,,1112=,Zuhra,1
,,,,1112=,Zulehkha,1
,,,,1112=,Zunera,1
,,,,1112=,Zynab,1
,,,,,,
� Crown Copyright 2015,,,,,,
