Babies' first forenames: births registered in Scotland in 1981,,,,,,
,,,,,,
Information about the basis of the list can be found via the 'Babies' First Names' page on the National Records of Scotland website.,,,,,,
,,,,,,
Boys,,,,Girls,,
,,,,,,
Position,Name,Number of babies,,Position,Name,Number of babies
1,David,1965,,1,Laura,1181
2,John,1422,,2,Claire,917
3,Andrew,1289,,3,Lisa,844
4,Christopher,1143,,4,Nicola,786
5,James,1105,,5,Emma,690
6,Paul,1039,,6,Louise,682
7,Steven,920,,7,Jennifer,675
8,Craig,887,,8,Michelle,666
9,Michael,853,,9,Sarah,628
10,Scott,843,,10,Fiona,591
11,Kevin,790,,11,Karen,561
12,Robert,786,,12,Gillian,525
13,Mark,775,,13,Kirsty,440
14,Stuart,681,,14,Donna,430
15,Stephen,618,,15,Kelly,413
16,Gary,617,,16,Pamela,386
17,Alan,604,,17,Susan,384
18,William,586,,18,Julie,373
19,Ross,557,,19,Angela,358
20,Colin,519,,20,Amanda,339
21,Martin,509,,21,Lynsey,322
22,Thomas,472,,22,Sharon,313
23,Barry,455,,23,Lynne,296
24,Brian,431,,24,Deborah,288
25,Neil,427,,25=,Joanne,285
26,Richard,422,,25=,Victoria,285
27,Graeme,417,,27,Caroline,276
28,Peter,379,,28,Alison,265
29,Iain,368,,29,Leanne,263
30,Gordon,359,,30,Gemma,259
31,Ian,345,,31,Elaine,258
32,Alexander,301,,32,Jacqueline,256
33,Darren,300,,33,Lesley,251
34,Derek,299,,34,Elizabeth,250
35=,Graham,294,,35,Lorraine,229
35=,Ryan,294,,36,Kerry,222
37,Jamie,287,,37,Heather,219
38,Kenneth,286,,38,Debbie,215
39,Allan,285,,39,Catherine,214
40,Gavin,244,,40,Lynn,213
41,Jonathan,241,,41,Lorna,212
42,Daniel,235,,42,Tracy,203
43,George,215,,43,Suzanne,199
44,Douglas,195,,44,Yvonne,188
45,Stewart,191,,45,Cheryl,184
46,Matthew,189,,46,Natalie,180
47=,Anthony,177,,47,Margaret,174
47=,Keith,177,,48,Lindsay,167
49,Grant,176,,49,Diane,166
50,Sean,170,,50=,Helen,163
51,Simon,162,,50=,Pauline,163
52,Gareth,160,,52,Ashley,160
53=,Garry,157,,53,Rachel,157
53=,Lee,157,,54,Clare,155
55,Fraser,156,,55,Carol,153
56,Alistair,148,,56=,Christine,151
57,Adam,145,,56=,Linda,151
58,Joseph,143,,58,Dawn,144
59,Nicholas,142,,59,Rebecca,143
60,Bryan,137,,60,Stephanie,142
61,Charles,134,,61,Jill,137
62,Duncan,125,,62,Tracey,133
63=,Philip,117,,63,Jane,132
63=,Russell,117,,64,Stacey,130
65,Donald,114,,65,Paula,129
66=,Edward,108,,66,Shona,128
66=,Marc,108,,67,Anna,126
68=,Alastair,106,,68,Charlene,124
68=,Greg,106,,69,Anne,123
70,Euan,104,,70,Marie,121
71,Raymond,102,,71,Catriona,118
72,Shaun,100,,72,Samantha,116
73,Ewan,91,,73,Joanna,114
74,Jason,88,,74,Ruth,113
75,Patrick,87,,75,Andrea,110
76,Alasdair,78,,76,Mary,109
77=,Gerard,77,,77,Denise,104
77=,Malcolm,77,,78,Kim,101
79,Calum,76,,79,Mhairi,98
80,Liam,73,,80,Hazel,97
81=,Bruce,71,,81,Lauren,96
81=,Ronald,71,,82=,Amy,94
83,Kris,70,,82=,Kathryn,94
84=,Hugh,67,,84=,Carrie,92
84=,Lewis,67,,84=,Lyndsey,92
86=,Dean,62,,86,Lucy,91
86=,Greig,62,,87=,Gail,90
88=,Benjamin,61,,87=,Katherine,90
88=,Wayne,61,,89=,Christina,89
90,Martyn,60,,89=,Linsey,89
91,Niall,59,,89=,Wendy,89
92,Callum,55,,92=,Katrina,86
93,Francis,54,,92=,Kimberley,86
94,Cameron,52,,94,Ann,83
95,Gregor,51,,95=,Lee,82
96,Angus,50,,95=,Sara,82
97,Aaron,49,,97=,Jillian,81
98=,Blair,44,,97=,Melanie,81
98=,Dale,44,,99,Kathleen,80
100=,Samuel,41,,100,Lindsey,78
100=,Timothy,41,,101,Kirsten,77
102,Robin,39,,102,Lyndsay,76
103,Murray,37,,103,Vicky,74
104=,Barrie,36,,104,Alana,69
104=,Gerald,36,,105=,Mairi,68
106=,Mohammed,34,,105=,Zoe,68
106=,Rory,34,,107,Aileen,67
108,Dominic,31,,108,Patricia,66
109,Adrian,29,,109,Leigh,64
110,Jon,28,,110,Sandra,62
111,Kieran,27,,111,Shelley,61
112,Roy,25,,112,Carolyn,60
113,Brendan,24,,113=,Eilidh,59
114=,Oliver,23,,113=,Maria,59
114=,Vincent,23,,113=,Vicki,59
116=,Henry,22,,116=,Arlene,58
116=,Justin,22,,116=,Gayle,58
116=,Leigh,22,,118,Mandy,57
116=,Phillip,22,,119,Rachael,55
116=,Roderick,22,,120=,Hannah,54
121=,Drew,21,,120=,Rhona,54
121=,Leon,21,,122,Erin,52
121=,Mohammad,21,,123,Frances,51
121=,Nathan,21,,124,Leeanne,50
121=,Owen,21,,125,Diana,49
126=,Bernard,20,,126=,Danielle,48
126=,Hamish,20,,126=,Kate,48
126=,Robbie,20,,126=,Katie,48
129=,Campbell,19,,129=,Allison,47
129=,Eric,19,,129=,Lynda,47
129=,Gregg,19,,129=,Marion,47
129=,Jordan,19,,132=,Barbara,46
129=,Shane,19,,132=,Stacy,46
134=,Antony,18,,134,Kirsteen,45
134=,Frank,18,,135=,Melissa,44
134=,Nicky,18,,135=,Siobhan,44
137=,Kristopher,17,,137=,Adele,42
137=,Terence,17,,137=,Hayley,42
139=,Billy,16,,139=,Nichola,41
139=,Ewen,16,,139=,Vikki,41
139=,Luke,16,,141=,Jenna,40
142=,Damian,15,,141=,Leeann,40
142=,Evan,15,,141=,Lynsay,40
142=,Norman,15,,144=,Emily,39
145=,Alisdair,14,,144=,Jayne,39
145=,Ben,14,,146,Lee-Ann,38
145=,Chris,14,,147,Naomi,37
145=,Fergus,14,,148=,Ashleigh,36
145=,Frazer,14,,148=,Cara,36
145=,Kyle,14,,148=,Charlotte,36
151=,Alex,13,,148=,Colette,36
151=,Damien,13,,148=,Judith,36
151=,Glenn,13,,148=,Louisa,36
151=,Karl,13,,148=,Maureen,36
151=,Tony,13,,148=,Morag,36
156=,Dylan,12,,148=,Nadia,36
156=,Gregory,12,,148=,Theresa,36
156=,Kirk,12,,158=,Janice,35
156=,Laurence,12,,158=,Lianne,35
156=,Mathew,12,,160=,Audrey,34
156=,Sandy,12,,160=,Katy,34
162=,Archibald,11,,160=,Lee-Anne,34
162=,Bradley,11,,160=,Lynette,34
162=,Christian,11,,160=,Natasha,34
162=,Grahame,11,,165,Alyson,33
162=,Harry,11,,166=,Beverley,32
162=,Jeffrey,11,,166=,Carla,32
162=,Kristoffer,11,,166=,Clair,32
162=,Marcus,11,,166=,Kirstin,32
162=,Murdo,11,,166=,Rosemary,32
162=,Neal,11,,171,Janet,31
162=,Scot,11,,172=,Alexandra,30
162=,Trevor,11,,172=,Sonia,30
174=,Brett,10,,172=,Valerie,30
174=,Darran,10,,175=,Carly,29
174=,Derrick,10,,175=,Dianne,29
174=,Desmond,10,,175=,Isla,29
174=,Kristofer,10,,175=,Kay,29
174=,Laurie,10,,175=,Lyn,29
174=,Lawrence,10,,175=,Marianne,29
174=,Lindsay,10,,181=,Alanna,28
174=,Omar,10,,181=,Julia,28
174=,Ritchie,10,,181=,Shirley,28
174=,Ronnie,10,,184=,Alice,27
185=,Alister,9,,184=,Eleanor,27
185=,Clark,9,,186=,Erica,26
185=,Crawford,9,,186=,Lara,26
185=,Imran,9,,186=,Leah,26
185=,Jack,9,,186=,Leona,26
185=,Jay,9,,186=,Nikki,26
185=,Jody,9,,191=,Alexis,25
185=,Keir,9,,191=,Bernadette,25
185=,Kevan,9,,191=,Carole,25
185=,Leslie,9,,191=,Eileen,25
185=,Maurice,9,,191=,Michele,25
185=,Roger,9,,196=,Colleen,24
185=,Walter,9,,196=,Geraldine,24
198=,Archie,8,,196=,Jade,24
198=,Carl,8,,196=,Jodie,24
198=,Darryl,8,,196=,Kimberly,24
198=,Dennis,8,,196=,Morven,24
198=,Guy,8,,202=,Ailsa,23
198=,Innes,8,,202=,Jaclyn,23
198=,Lloyd,8,,202=,Jean,23
198=,Neill,8,,205=,Debra,22
198=,Rikki,8,,205=,Nicole,22
198=,Sam,8,,207=,Jemma,21
198=,Stefan,8,,207=,Kerrie,21
209=,Aidan,7,,207=,Linzi,21
209=,Arthur,7,,207=,Moira,21
209=,Bryce,7,,207=,Sally,21
209=,Danny,7,,212=,Georgina,20
209=,Duane,7,,212=,Hilary,20
209=,Frederick,7,,212=,Irene,20
209=,Glen,7,,212=,Karin,20
209=,Johnathan,7,,212=,Tammy,20
209=,Magnus,7,,212=,Teresa,20
209=,Muhammad,7,,218=,Ann-Marie,19
209=,Nigel,7,,218=,Evelyn,19
209=,Noel,7,,218=,Jan,19
209=,Ranald,7,,218=,Jessica,19
209=,Ray,7,,218=,Leigh-Ann,19
209=,Ricky,7,,218=,Rosalind,19
209=,Ruari,7,,218=,Sheena,19
209=,Terry,7,,218=,Sian,19
209=,Wai,7,,218=,Tanya,19
227=,Austin,6,,218=,Veronica,19
227=,Carlo,6,,228=,Ellen,18
227=,Don,6,,228=,Faye,18
227=,Dougal,6,,228=,Janine,18
227=,Edwin,6,,228=,Jenny,18
227=,Finlay,6,,228=,Kerri,18
227=,Jim,6,,228=,Nadine,18
227=,Kristofor,6,,228=,Rona,18
227=,Mitchell,6,,228=,Stefanie,18
227=,Moray,6,,228=,Susanne,18
227=,Nadeem,6,,228=,Sylvia,18
227=,Nicol,6,,238=,Josephine,17
227=,Ralph,6,,238=,Roslyn,17
227=,Rhys,6,,238=,Sarah-Jane,17
227=,Roddy,6,,241=,Abigail,16
227=,Rowan,6,,241=,Annette,16
227=,Ruairidh,6,,241=,Esther,16
227=,Steve,6,,241=,Iona,16
227=,Tom,6,,241=,Kaye,16
227=,Tommy,6,,241=,Kirstie,16
227=,Tristan,6,,241=,Sheryl,16
227=,Wesley,6,,248=,Anne-Marie,15
249=,Allen,5,,248=,Avril,15
249=,Arron,5,,248=,Joan,15
249=,Ashley,5,,248=,Jodi,15
249=,Dario,5,,248=,Kerry-Ann,15
249=,Darrin,5,,248=,Sharlene,15
249=,Darryn,5,,254=,Anita,14
249=,Daryl,5,,254=,Brenda,14
249=,Elliot,5,,254=,Dana,14
249=,Elliott,5,,254=,Eve,14
249=,Erik,5,,254=,Jolene,14
249=,Geoffrey,5,,254=,Linsay,14
249=,Gerrard,5,,254=,Liza,14
249=,Joe,5,,254=,Monica,14
249=,Joel,5,,254=,Selina,14
249=,Johnny,5,,254=,Terri,14
249=,Julian,5,,264=,Evonne,13
249=,Kerr,5,,264=,Gaynor,13
249=,Leonard,5,,264=,Grace,13
249=,Louis,5,,264=,Holly,13
249=,Marco,5,,264=,Kara,13
249=,Mario,5,,264=,Katharine,13
249=,Maxwell,5,,264=,Kellie,13
249=,Morgan,5,,264=,Sharron,13
249=,Neale,5,,272=,Aimee,12
249=,Riccardo,5,,272=,Chloe,12
249=,Roland,5,,272=,Dionne,12
249=,Struan,5,,272=,Elspeth,12
276=,Abdul,4,,272=,Isobel,12
276=,Alun,4,,272=,Karyn,12
276=,Antonio,4,,272=,Marina,12
276=,Arfan,4,,272=,Rowan,12
276=,Bobby,4,,280=,Annmarie,11
276=,Ciaran,4,,280=,Charmaine,11
276=,Darrell,4,,280=,Dee,11
276=,Darron,4,,280=,Gwen,11
276=,Deryck,4,,280=,Janis,11
276=,Edmund,4,,280=,June,11
276=,Ernest,4,,280=,Kristin,11
276=,Felix,4,,280=,Lana,11
276=,Frankie,4,,280=,Laurie,11
276=,Gillan,4,,280=,Lori,11
276=,Gillon,4,,280=,Maxine,11
276=,Harold,4,,280=,Miriam,11
276=,Jacob,4,,280=,Nina,11
276=,Jaimie,4,,280=,Stella,11
276=,Jeremy,4,,280=,Tina,11
276=,Keiran,4,,280=,Vivien,11
276=,Kwok,4,,296=,Alicia,10
276=,Lachlan,4,,296=,Collette,10
276=,Marek,4,,296=,Connie,10
276=,Mohamed,4,,296=,Davina,10
276=,Nicolas,4,,296=,Jocelyn,10
276=,Nikki,4,,296=,Jody,10
276=,Raja,4,,296=,Liane,10
276=,Rodger,4,,296=,Marissa,10
276=,Warren,4,,296=,Olivia,10
276=,Wing,4,,296=,Philippa,10
306=,Adnan,3,,296=,Roseanne,10
306=,Ahmad,3,,296=,Sheila,10
306=,Ahmed,3,,296=,Simone,10
306=,Aiden,3,,296=,Sinead,10
306=,Ajay,3,,296=,Sophia,10
306=,Albert,3,,296=,Vivienne,10
306=,Amar,3,,312=,Adrienne,9
306=,Amer,3,,312=,Aisha,9
306=,Amir,3,,312=,Allana,9
306=,Arran,3,,312=,Cherie,9
306=,Asif,3,,312=,Isabel,9
306=,Atif,3,,312=,Jacquelyn,9
306=,Casey,3,,312=,Joyce,9
306=,Chi,3,,312=,Julie-Anne,9
306=,Chun,3,,312=,Justine,9
306=,Clifford,3,,312=,Kari,9
306=,Cornelius,3,,312=,Karina,9
306=,Daley,3,,312=,Lesley-Ann,9
306=,Denis,3,,312=,Martha,9
306=,Derick,3,,312=,Mhari,9
306=,Domenico,3,,312=,Rebekah,9
306=,Eoghann,3,,312=,Saira,9
306=,Eoin,3,,312=,Sonya,9
306=,Francesco,3,,312=,Vanessa,9
306=,Garreth,3,,312=,Zara,9
306=,Garrie,3,,331=,Amelia,8
306=,Gilbert,3,,331=,Andrena,8
306=,Glyn,3,,331=,Annemarie,8
306=,Harvey,3,,331=,Carol-Ann,8
306=,Hector,3,,331=,Carol-Anne,8
306=,Hew,3,,331=,Cassandra,8
306=,Imtiaz,3,,331=,Erika,8
306=,Ivan,3,,331=,Felicity,8
306=,Jai,3,,331=,Jacqui,8
306=,Jared,3,,331=,Layla,8
306=,Jon-Paul,3,,331=,Lesley-Anne,8
306=,Jonathon,3,,331=,Megan,8
306=,Joshua,3,,331=,Rhonda,8
306=,Jude,3,,331=,Rose,8
306=,Kai,3,,331=,Sabrina,8
306=,Kamran,3,,331=,Seonaid,8
306=,Ken,3,,331=,Shabana,8
306=,Kenny,3,,331=,Sonja,8
306=,Khalid,3,,331=,Tara,8
306=,Kieron,3,,331=,Vickie,8
306=,Kriss,3,,351=,Adelle,7
306=,Lawrie,3,,351=,Agnes,7
306=,Lorne,3,,351=,Ailie,7
306=,Mohd,3,,351=,Allyson,7
306=,Myles,3,,351=,Annie,7
306=,Nairn,3,,351=,Carina,7
306=,Niel,3,,351=,Christy,7
306=,Osman,3,,351=,Clara,7
306=,Ramon,3,,351=,Coleen,7
306=,Ricki,3,,351=,Daniella,7
306=,Roberto,3,,351=,Elisa,7
306=,Ruairi,3,,351=,Emma-Louise,7
306=,Ruaridh,3,,351=,Eva,7
306=,Rupert,3,,351=,Fay,7
306=,Stanley,3,,351=,Francesca,7
306=,Terrence,3,,351=,Gina,7
306=,Toby,3,,351=,Jackie,7
368=,Abbas,2,,351=,Janette,7
368=,Abid,2,,351=,Johanna,7
368=,Abu,2,,351=,Joni,7
368=,Adeel,2,,351=,Karla,7
368=,Aldo,2,,351=,Kirsti,7
368=,Alick,2,,351=,Lea,7
368=,Allistair,2,,351=,Leighann,7
368=,Allister,2,,351=,Lydia,7
368=,Alwyn,2,,351=,Madeleine,7
368=,Alyn,2,,351=,Marlene,7
368=,Amandeep,2,,351=,Maryann,7
368=,Amit,2,,351=,May,7
368=,Andrea,2,,351=,Rhea,7
368=,Andreas,2,,351=,Roisin,7
368=,Antoni,2,,351=,Rosalyn,7
368=,Balraj,2,,351=,Sheree,7
368=,Barry-John,2,,351=,Wilma,7
368=,Boyd,2,,385=,Aimi,6
368=,Brent,2,,385=,Ainsley,6
368=,Byron,2,,385=,Alexandria,6
368=,Chad,2,,385=,Amber,6
368=,Chee,2,,385=,Annabel,6
368=,Christie,2,,385=,Beth,6
368=,Christos,2,,385=,Carolann,6
368=,Clement,2,,385=,Corinne,6
368=,Clive,2,,385=,Donna-Marie,6
368=,Constantine,2,,385=,Elise,6
368=,Crispin,2,,385=,Emma-Jane,6
368=,Dane,2,,385=,Flora,6
368=,Dareen,2,,385=,Freya,6
368=,Daren,2,,385=,Gael,6
368=,Declan,2,,385=,Genna,6
368=,Derry,2,,385=,Ingrid,6
368=,Deryk,2,,385=,Isabella,6
368=,Dileep,2,,385=,Jennie,6
368=,Donal,2,,385=,Jo-Anne,6
368=,Dwayne,2,,385=,Joann,6
368=,Eamon,2,,385=,Johanne,6
368=,Eamonn,2,,385=,Joy,6
368=,Edmond,2,,385=,Judy,6
368=,Elio,2,,385=,Juliette,6
368=,Eugene,2,,385=,Kelly-Anne,6
368=,Finn,2,,385=,Kristen,6
368=,Fintan,2,,385=,Kristine,6
368=,Forbes,2,,385=,Leigh-Anne,6
368=,Gabriel,2,,385=,Leighanne,6
368=,Giancarlo,2,,385=,Lisa-Marie,6
368=,Giovanni,2,,385=,Marisa,6
368=,Howard,2,,385=,Michaela,6
368=,Humphrey,2,,385=,Miranda,6
368=,Irfan,2,,385=,Nancy,6
368=,Irvin,2,,385=,Norma,6
368=,Irvine,2,,385=,Roberta,6
368=,Isaac,2,,385=,Roseann,6
368=,Ivor,2,,385=,Sacha,6
368=,Jacky,2,,385=,Saima,6
368=,Jake,2,,385=,Tamsin,6
368=,Jamal,2,,385=,Yvette,6
368=,Jeff,2,,385=,Zoey,6
368=,Jimmy,2,,427=,Alexa,5
368=,John-Paul,2,,427=,Antonia,5
368=,Johnnie,2,,427=,Bethan,5
368=,Kam,2,,427=,Bridget,5
368=,Keiron,2,,427=,Candice,5
368=,Kelvin,2,,427=,Carolyne,5
368=,Kerry,2,,427=,Carrie-Ann,5
368=,Kristian,2,,427=,Carrie-Anne,5
368=,Lance,2,,427=,Catrina,5
368=,Lauchlan,2,,427=,Constance,5
368=,Leighton,2,,427=,Corrina,5
368=,Levi,2,,427=,Dorothy,5
368=,Loren,2,,427=,Elinor,5
368=,Luigi,2,,427=,Elisabeth,5
368=,Lyle,2,,427=,Farzana,5
368=,Mahmood,2,,427=,Haley,5
368=,Majid,2,,427=,Jaimie,5
368=,Man,2,,427=,Jamie,5
368=,Marshall,2,,427=,Jeanette,5
368=,Marvin,2,,427=,Julie-Ann,5
368=,Max,2,,427=,Kelly-Ann,5
368=,Maximilian,2,,427=,Kelly-Marie,5
368=,Melville,2,,427=,Kellyanne,5
368=,Miles,2,,427=,Kirsty-Anne,5
368=,Mirza,2,,427=,Kristina,5
368=,Mohsin,2,,427=,Laura-Jane,5
368=,Morris,2,,427=,Lea-Anne,5
368=,Murdoch,2,,427=,Leann,5
368=,Nathaniel,2,,427=,Leesa,5
368=,Naveed,2,,427=,Leila,5
368=,Nazim,2,,427=,Lynnette,5
368=,Osama,2,,427=,Mari,5
368=,Pardeep,2,,427=,Marnie,5
368=,Quentin,2,,427=,Morna,5
368=,Rakesh,2,,427=,Nazia,5
368=,Razwan,2,,427=,Penelope,5
368=,Reece,2,,427=,Rhiannon,5
368=,Rian,2,,427=,Ria,5
368=,Richie,2,,427=,Robyn,5
368=,Rizwan,2,,427=,Rochelle,5
368=,Rob,2,,427=,Sandie,5
368=,Rocco,2,,427=,Sharleen,5
368=,Rodney,2,,427=,Shazia,5
368=,Rognvald,2,,427=,Shelly,5
368=,Ronan,2,,427=,Sophie,5
368=,Rowland,2,,472=,Abbie,4
368=,Ruaraidh,2,,472=,April,4
368=,Rudolf,2,,472=,Ayesha,4
368=,Sajad,2,,472=,Beatrice,4
368=,Sanjay,2,,472=,Beverly,4
368=,Shahbaz,2,,472=,Bianca,4
368=,Shahid,2,,472=,Bryony,4
368=,Shahzad,2,,472=,Carlene,4
368=,Shamus,2,,472=,Carlyn,4
368=,Shan,2,,472=,Carolanne,4
368=,Shawn,2,,472=,Corinna,4
368=,Shazad,2,,472=,Dominique,4
368=,Sheridan,2,,472=,Estelle,4
368=,Sohail,2,,472=,Freda,4
368=,Stefano,2,,472=,Gabriella,4
368=,Stevan,2,,472=,Gabrielle,4
368=,Stevie,2,,472=,Hanna,4
368=,Sukhraj,2,,472=,Helena,4
368=,Sydney,2,,472=,Janey,4
368=,Taylor,2,,472=,Johan,4
368=,Tim,2,,472=,Joleen,4
368=,Torquil,2,,472=,Jordana,4
368=,Usman,2,,472=,Karolyn,4
368=,Vi,2,,472=,Karrie,4
368=,Victor,2,,472=,Katriona,4
368=,Vijay,2,,472=,Kelli,4
368=,Vikram,2,,472=,Keri,4
368=,Vishal,2,,472=,Kirstine,4
368=,Wallace,2,,472=,Laura-Ann,4
368=,Yosef,2,,472=,Lesa,4
368=,Zaheer,2,,472=,Leslie,4
503=,Aapo,1,,472=,Lia,4
503=,Aaran,1,,472=,Lilian,4
503=,Abdel-Monem,1,,472=,Lois,4
503=,Abdur,1,,472=,Lora,4
503=,Abed,1,,472=,Lucia,4
503=,Abhijit,1,,472=,Lucie,4
503=,Abhinav,1,,472=,Lucinda,4
503=,Adawari,1,,472=,Maeve,4
503=,Adefemi,1,,472=,Maree,4
503=,Adegoke,1,,472=,Marian,4
503=,Adel,1,,472=,Marianna,4
503=,Adeyemi,1,,472=,Morgan,4
503=,Aeneas,1,,472=,Nathalie,4
503=,Afshin,1,,472=,Penny,4
503=,Ahmet,1,,472=,Rae,4
503=,Ainerua,1,,472=,Rowena,4
503=,Ainslie,1,,472=,Roxanne,4
503=,Ainudin,1,,472=,Sadia,4
503=,Ajaz,1,,472=,Sasha,4
503=,Akbar,1,,472=,Senga,4
503=,Akber,1,,472=,Serena,4
503=,Akmal,1,,472=,Shannon,4
503=,Akram,1,,472=,Shauna,4
503=,Al-Hasan,1,,472=,Shelagh,4
503=,Al-Husein,1,,472=,Sheona,4
503=,Alain,1,,472=,Shonagh,4
503=,Alasdhair,1,,472=,Susanna,4
503=,Alastor,1,,472=,Tamara,4
503=,Alban,1,,472=,Teri,4
503=,Alec,1,,472=,Tessa,4
503=,Alessandro,1,,472=,Therese,4
503=,Alexandros,1,,472=,Toni,4
503=,Alexis,1,,472=,Trudy,4
503=,Alfred,1,,472=,Williamina,4
503=,Alhakam,1,,537=,Afshan,3
503=,Ali,1,,537=,Aislinn,3
503=,Allyn,1,,537=,Alaina,3
503=,Aloysius,1,,537=,Alayne,3
503=,Alvin,1,,537=,Alexandrina,3
503=,Aman,1,,537=,Alyssa,3
503=,Amandip,1,,537=,Amanda-Jane,3
503=,Amanjit,1,,537=,Angharad,3
503=,Ameen,1,,537=,Angie,3
503=,Americo,1,,537=,Anouska,3
503=,Amjad,1,,537=,Anthea,3
503=,Amjid,1,,537=,Arwen,3
503=,Amran,1,,537=,Ashlie,3
503=,Amre,1,,537=,Asma,3
503=,Amrik,1,,537=,Belinda,3
503=,Amy,1,,537=,Bethany,3
503=,Anand,1,,537=,Brigid,3
503=,Anas,1,,537=,Brooke,3
503=,Andeep,1,,537=,Camilla,3
503=,Andres,1,,537=,Cari,3
503=,Andrw,1,,537=,Carmen,3
503=,Andy,1,,537=,Carolynn,3
503=,Anees,1,,537=,Carolynne,3
503=,Angelo,1,,537=,Carron,3
503=,Anil,1,,537=,Caryn,3
503=,Anson,1,,537=,Carys,3
503=,Anstruther,1,,537=,Casey,3
503=,Anton,1,,537=,Celia,3
503=,Arbab,1,,537=,Ceri,3
503=,Arif,1,,537=,Cherise,3
503=,Arnab,1,,537=,Cherry,3
503=,Aron,1,,537=,Ciara,3
503=,Arpit,1,,537=,Coral,3
503=,Arturo,1,,537=,Corrie,3
503=,Arun,1,,537=,Corrine,3
503=,Asa,1,,537=,Crystal,3
503=,Ashburn,1,,537=,Daniela,3
503=,Ashiq,1,,537=,Dayna,3
503=,Ashish,1,,537=,Deanne,3
503=,Asim,1,,537=,Donnamarie,3
503=,Atholl,1,,537=,Elena,3
503=,Atief,1,,537=,Elizabeth-Anne,3
503=,Atin,1,,537=,Elsa,3
503=,Atiph,1,,537=,Farrah,3
503=,Aurelien,1,,537=,Florence,3
503=,Austen,1,,537=,Gillean,3
503=,Awais,1,,537=,Hailey,3
503=,Axel,1,,537=,Harriet,3
503=,Aylwin,1,,537=,Heidi,3
503=,Aymer,1,,537=,Imogen,3
503=,Azad,1,,537=,Ishbel,3
503=,Azeem,1,,537=,Islay,3
503=,Azhar,1,,537=,Jaime,3
503=,Aziz,1,,537=,Jasmine,3
503=,Azman,1,,537=,Jay,3
503=,Baktash,1,,537=,Jenifer,3
503=,Balal,1,,537=,Jenni,3
503=,Baljeet,1,,537=,Jessie,3
503=,Baqar,1,,537=,Jo-Ann,3
503=,Barnabas,1,,537=,Josie,3
503=,Barnabus,1,,537=,Julianne,3
503=,Barrijon,1,,537=,Juliet,3
503=,Beinn,1,,537=,Kareen,3
503=,Benedict,1,,537=,Karlyn,3
503=,Benn,1,,537=,Kellyann,3
503=,Bernardo,1,,537=,Kerry-Anne,3
503=,Bevan,1,,537=,Krista,3
503=,Bharat,1,,537=,Kristy,3
503=,Billie,1,,537=,Kyla,3
503=,Billy-Jo,1,,537=,Lai,3
503=,Bjorn,1,,537=,Leeona,3
503=,Blaal,1,,537=,Leisa,3
503=,Bobbi,1,,537=,Leonie,3
503=,Bobbie,1,,537=,Lillian,3
503=,Bobby-Joe,1,,537=,Linzie,3
503=,Bodie,1,,537=,Lisa-Anne,3
503=,Boise,1,,537=,Loraine,3
503=,Brandon,1,,537=,Loretta,3
503=,Brenden,1,,537=,Luan,3
503=,Brendon,1,,537=,Lucille,3
503=,Brinthan,1,,537=,Luisa,3
503=,Bron,1,,537=,Marcia,3
503=,Brooks,1,,537=,Marie-Claire,3
503=,Brown,1,,537=,Marjory,3
503=,Caleb,1,,537=,Martine,3
503=,Calvin,1,,537=,Melody,3
503=,Can,1,,537=,Merle,3
503=,Carey,1,,537=,Monique,3
503=,Carle,1,,537=,Muriel,3
503=,Carlos,1,,537=,Myra,3
503=,Cary,1,,537=,Naila,3
503=,Catherine,1,,537=,Nicolette,3
503=,Cem,1,,537=,Nikola,3
503=,Chamkor,1,,537=,Polly,3
503=,Chan,1,,537=,Rhian,3
503=,Charbel,1,,537=,Rohan,3
503=,Charif,1,,537=,Rosanne,3
503=,Charleton,1,,537=,Rosie,3
503=,Charlton,1,,537=,Rosslyn,3
503=,Chaw,1,,537=,Rozanne,3
503=,Chen,1,,537=,Sabina,3
503=,Chien,1,,537=,Sameena,3
503=,Ching,1,,537=,Sarra,3
503=,Choudhry,1,,537=,Selena,3
503=,Chris-Best,1,,537=,Sharyn,3
503=,Christiano,1,,537=,Stephenie,3
503=,Christophe,1,,537=,Susannah,3
503=,Chukwudi,1,,537=,Suzie,3
503=,Chum,1,,537=,Tammie,3
503=,Churk,1,,537=,Tania,3
503=,Churl,1,,537=,Toyah,3
503=,Cian,1,,537=,Verity,3
503=,Clarke,1,,537=,Yasmin,3
503=,Clint,1,,537=,Zahra,3
503=,Cody,1,,651=,Adela,2
503=,Colen,1,,651=,Alena,2
503=,Coll,1,,651=,Alia,2
503=,Collin,1,,651=,Aline,2
503=,Colm,1,,651=,Amina,2
503=,Colum,1,,651=,Anastasia,2
503=,Con,1,,651=,Andrina,2
503=,Connor,1,,651=,Angelina,2
503=,Conrad,1,,651=,Anja,2
503=,Corey,1,,651=,Anneke,2
503=,Cristopher,1,,651=,Anneliese,2
503=,Cromar,1,,651=,Anoushka,2
503=,Cunningham,1,,651=,Ariane,2
503=,Curtis,1,,651=,Arlaine,2
503=,Damon,1,,651=,Ashlay,2
503=,Daniela,1,,651=,Asiya,2
503=,Danilo,1,,651=,Ban,2
503=,Dannie,1,,651=,Becky,2
503=,Dante,1,,651=,Beenish,2
503=,Daoud,1,,651=,Belen,2
503=,Darach,1,,651=,Briony,2
503=,Daragh,1,,651=,Candace,2
503=,Darien,1,,651=,Candy,2
503=,Darnell,1,,651=,Caran,2
503=,Darrian,1,,651=,Careen,2
503=,Darroch,1,,651=,Carleen,2
503=,Daryn,1,,651=,Carra,2
503=,Daryne,1,,651=,Carri,2
503=,Dau,1,,651=,Cecilia,2
503=,Dave,1,,651=,Celeste,2
503=,Davey,1,,651=,Celina,2
503=,David-Jonathan,1,,651=,Charis,2
503=,Davy,1,,651=,Charisse,2
503=,Debasis,1,,651=,Charline,2
503=,Dee,1,,651=,Charmain,2
503=,Deeran,1,,651=,Cherl,2
503=,Del,1,,651=,Chiara,2
503=,Dene,1,,651=,Ching,2
503=,Deon,1,,651=,Chor,2
503=,Dereck,1,,651=,Christa,2
503=,Derek-John,1,,651=,Ciaran,2
503=,Dermot,1,,651=,Claire-Louise,2
503=,Des,1,,651=,Claudia,2
503=,Di,1,,651=,Clayre,2
503=,Digby,1,,651=,Colene,2
503=,Dinsel,1,,651=,Colin,2
503=,Dinuka,1,,651=,Cori,2
503=,Diyar,1,,651=,Courtney,2
503=,Donnam,1,,651=,Cristina,2
503=,Donnie,1,,651=,Cynthia,2
503=,Donny,1,,651=,Dale,2
503=,Dou-Gea,1,,651=,Deana,2
503=,Dougald,1,,651=,Debby,2
503=,Dugald,1,,651=,Debi,2
503=,Duy,1,,651=,Deeanne,2
503=,Dwain,1,,651=,Dena,2
503=,Eddy,1,,651=,Diann,2
503=,Edgar,1,,651=,Dianna,2
503=,Ehab,1,,651=,Elaina,2
503=,Ehsan,1,,651=,Elana,2
503=,Ehson,1,,651=,Elanor,2
503=,Ehssan,1,,651=,Elene,2
503=,Eion,1,,651=,Elin,2
503=,Eli,1,,651=,Ella,2
503=,Ellis,1,,651=,Ellis,2
503=,Emran,1,,651=,Emilia,2
503=,Ephraim,1,,651=,Erynn,2
503=,Erin,1,,651=,Euphemia,2
503=,Erland,1,,651=,Farah,2
503=,Erlend,1,,651=,Fareeha,2
503=,Errol,1,,651=,Farhana,2
503=,Erron,1,,651=,Genevieve,2
503=,Erskine,1,,651=,Georgette,2
503=,Euain,1,,651=,Georgia,2
503=,Eugen,1,,651=,Gianna,2
503=,Evert-Jan,1,,651=,Greta,2
503=,Everton,1,,651=,Hamera,2
503=,Eze,1,,651=,Helen-Marie,2
503=,Fabien,1,,651=,Hillary,2
503=,Faheem,1,,651=,Hoi,2
503=,Faisal,1,,651=,Humera,2
503=,Faizal,1,,651=,Ilona,2
503=,Faizan,1,,651=,Inga,2
503=,Farai,1,,651=,Iram,2
503=,Faraz,1,,651=,Jacklyn,2
503=,Farid,1,,651=,Janelle,2
503=,Farouq,1,,651=,Janie,2
503=,Farquhar,1,,651=,Janise,2
503=,Fawaz,1,,651=,Janna,2
503=,Fernando,1,,651=,Jehane,2
503=,Findlay,1,,651=,Jena,2
503=,Firyadali,1,,651=,Jilly,2
503=,Floris,1,,651=,Jo,2
503=,Floyd,1,,651=,Jordan,2
503=,Frances,1,,651=,Jordanna,2
503=,Francisco,1,,651=,Julieanne,2
503=,Franco,1,,651=,Karena,2
503=,Francois,1,,651=,Karlene,2
503=,Fullerton,1,,651=,Karly,2
503=,Furrakh,1,,651=,Karn,2
503=,Galen,1,,651=,Karri,2
503=,Gallino,1,,651=,Keira,2
503=,Garath,1,,651=,Kelly-Louise,2
503=,Garrick,1,,651=,Kenna,2
503=,Garron,1,,651=,Keren,2
503=,Garth,1,,651=,Kerri-Ann,2
503=,Garyth,1,,651=,Kerryann,2
503=,Geoff,1,,651=,Kerstin,2
503=,Gerarde,1,,651=,Kezia,2
503=,Gerardo,1,,651=,Kiran,2
503=,Gerry,1,,651=,Kirsty-Ann,2
503=,Ghassan,1,,651=,Kirsty-Marie,2
503=,Giancario,1,,651=,Klaire,2
503=,Gideon,1,,651=,Kristeen,2
503=,Gilby,1,,651=,Kristyn,2
503=,Giles,1,,651=,Kylie,2
503=,Gillies,1,,651=,Laurin,2
503=,Giuseppe,1,,651=,Lauryn,2
503=,Glynn,1,,651=,Lawrie,2
503=,Gobi,1,,651=,Layna,2
503=,Godfrey,1,,651=,Leah-Anne,2
503=,Graig,1,,651=,Leanna,2
503=,Greger,1,,651=,Leianne,2
503=,Griogair,1,,651=,Leilah,2
503=,Guljar,1,,651=,Leonna,2
503=,Gunnar,1,,651=,Lesleyann,2
503=,Gurbachn,1,,651=,Letitia,2
503=,Gurbinder,1,,651=,Leza,2
503=,Gurprit,1,,651=,Lian,2
503=,Gurseph,1,,651=,Liana,2
503=,Gyan,1,,651=,Lindsay-Ann,2
503=,Gylen,1,,651=,Lindy,2
503=,Haaris,1,,651=,Linn,2
503=,Habib,1,,651=,Lisa-Jane,2
503=,Hafizur,1,,651=,Lisamarie,2
503=,Haldane,1,,651=,Lizanne,2
503=,Hamilton,1,,651=,Lori-Anne,2
503=,Hammadi,1,,651=,Lyla,2
503=,Hammond,1,,651=,Lyne,2
503=,Hardeep,1,,651=,Lynsey-Anne,2
503=,Harinder,1,,651=,Lynsie,2
503=,Harjeet,1,,651=,Lynzie,2
503=,Harjit,1,,651=,Madeline,2
503=,Harjivan,1,,651=,Mairead,2
503=,Harminder,1,,651=,Mara,2
503=,Haroon,1,,651=,Margaret-Anne,2
503=,Haroun,1,,651=,Marilyn,2
503=,Harrison,1,,651=,Marjorie,2
503=,Harvie,1,,651=,Marlyn,2
503=,Harvindar,1,,651=,Marrianne,2
503=,Haseen,1,,651=,Marsali,2
503=,Hashim,1,,651=,Martina,2
503=,Hassan,1,,651=,Meika,2
503=,Heh,1,,651=,Melinda,2
503=,Henri,1,,651=,Melisa,2
503=,Herjeet,1,,651=,Mellisa,2
503=,Hesham,1,,651=,Mellissa,2
503=,Heyman,1,,651=,Michael,2
503=,Hezli,1,,651=,Mona,2
503=,Hjalmar,1,,651=,Ngoc,2
503=,Ho,1,,651=,Nickola,2
503=,Hon,1,,651=,Noor,2
503=,Hosea,1,,651=,Nora,2
503=,Hsai,1,,651=,Noreen,2
503=,Hubert,1,,651=,Nyree,2
503=,Hughie,1,,651=,Pamala,2
503=,Hugo,1,,651=,Paola,2
503=,Humair,1,,651=,Pat,2
503=,Humayun,1,,651=,Phillippa,2
503=,Hung,1,,651=,Pippa,2
503=,Hunter,1,,651=,Pooja,2
503=,Iaian,1,,651=,Rashada,2
503=,Ibrahim,1,,651=,Rhia,2
503=,Ibrar,1,,651=,Rhianna,2
503=,Ifiok,1,,651=,Rhoda,2
503=,Ifran,1,,651=,Rosa,2
503=,Ihsan,1,,651=,Rosanna,2
503=,Imara,1,,651=,Rosemarie,2
503=,Inam,1,,651=,Rozlyn,2
503=,Iqvir,1,,651=,Rubina,2
503=,Irving,1,,651=,Safina,2
503=,Ishtiaq,1,,651=,Sajida,2
503=,Ismael,1,,651=,Samina,2
503=,Ita,1,,651=,Sandi,2
503=,Jabdul,1,,651=,Sara-Jane,2
503=,Jackie,1,,651=,Sarah-Louise,2
503=,Jackson,1,,651=,Sarahjane,2
503=,Jae,1,,651=,Sarita,2
503=,Jagdesh,1,,651=,Satnam,2
503=,Jagjeet,1,,651=,Shabila,2
503=,Jaime,1,,651=,Shabnam,2
503=,Jameel,1,,651=,Shabnem,2
503=,Jamel,1,,651=,Shahla,2
503=,Jardine,1,,651=,Shama,2
503=,Jasdeep,1,,651=,Shanna,2
503=,Jasim,1,,651=,Sharan,2
503=,Jasmeet,1,,651=,Shari,2
503=,Jaspal,1,,651=,Sharon-Louise,2
503=,Jasper,1,,651=,Sheelagh,2
503=,Jatindar,1,,651=,Sheenagh,2
503=,Javier,1,,651=,Shelley-Anne,2
503=,Jaymie,1,,651=,Shenaz,2
503=,Jayson,1,,651=,Shiree,2
503=,Jean,1,,651=,Shirley-Ann,2
503=,Jens,1,,651=,Shirley-Anne,2
503=,Jermine,1,,651=,Sine,2
503=,Jerome,1,,651=,Siti,2
503=,Jery,1,,651=,Sofia,2
503=,Jerzy,1,,651=,Stephen,2
503=,Jethro,1,,651=,Stroma,2
503=,Jevan,1,,651=,Susie,2
503=,Jevon,1,,651=,Suzannah,2
503=,Joaquin,1,,651=,Suzi,2
503=,Jodi,1,,651=,Tahira,2
503=,Jodie,1,,651=,Tamsyn,2
503=,John-Carlo,1,,651=,Tanith,2
503=,John-Sebastian,1,,651=,Tanzeela,2
503=,Johnathon,1,,651=,Thea,2
503=,Johnson,1,,651=,Tiffany,2
503=,Jono,1,,651=,Tracie,2
503=,Jorawar,1,,651=,Trisha,2
503=,Jordon,1,,651=,Trudi,2
503=,Josef,1,,651=,Una,2
503=,Joss,1,,651=,Vivian,2
503=,Judd,1,,651=,Wing,2
503=,Julie,1,,651=,Yasmine,2
503=,Junior,1,,651=,Yin,2
503=,Justus,1,,651=,Yolanda,2
503=,Ka,1,,651=,Zarina,2
503=,Kaivan,1,,651=,Zynab,2
503=,Kamal,1,,881=,Aalaa,1
503=,Karim,1,,881=,Abbey,1
503=,Kashaf,1,,881=,Abidah,1
503=,Kashie,1,,881=,Adaoma,1
503=,Kashif,1,,881=,Adekemi,1
503=,Kasim,1,,881=,Adelaide,1
503=,Katumuowajilo,1,,881=,Adeline,1
503=,Kaveh,1,,881=,Adetayo,1
503=,Keil,1,,881=,Adetokunbo,1
503=,Keirghan,1,,881=,Adriane,1
503=,Kelechi,1,,881=,Adrianne,1
503=,Keneth,1,,881=,Afaya,1
503=,Kent,1,,881=,Afton,1
503=,Kesar,1,,881=,Afua,1
503=,Kester,1,,881=,Agneta,1
503=,Keth,1,,881=,Ahlaam,1
503=,Kevin-Lee,1,,881=,Aideen,1
503=,Kham,1,,881=,Aila,1
503=,Khuram,1,,881=,Aille,1
503=,Khurram,1,,881=,Ailleen,1
503=,Khurum,1,,881=,Aimel,1
503=,Kiccardo,1,,881=,Aimie,1
503=,Kier,1,,881=,Ainee,1
503=,Kijebaned,1,,881=,Ainslee,1
503=,Kim,1,,881=,Ainsleigh,1
503=,Kin,1,,881=,Ainslie,1
503=,Kinloch,1,,881=,Ainul,1
503=,Kiran,1,,881=,Airlie,1
503=,Kishan,1,,881=,Aishah,1
503=,Kong,1,,881=,Aisling,1
503=,Kori,1,,881=,Aji-Laran,1
503=,Krishan,1,,881=,Ajit,1
503=,Kristan,1,,881=,Akilah,1
503=,Kristyn,1,,881=,Alaine,1
503=,Krystofer,1,,881=,Alanah,1
503=,Kuram,1,,881=,Aleina,1
503=,Kwabena,1,,881=,Aleishia,1
503=,Lai,1,,881=,Alessia,1
503=,Lal,1,,881=,Aleta,1
503=,Lanyon,1,,881=,Alex-Anne,1
503=,Lap,1,,881=,Alexandrea,1
503=,Lars,1,,881=,Alexis-Anne,1
503=,Laura,1,,881=,Alicia-Jane,1
503=,Lauri,1,,881=,Alida,1
503=,Lawson,1,,881=,Aliea,1
503=,Laythe,1,,881=,Alina,1
503=,Leam,1,,881=,Alisa,1
503=,Leif,1,,881=,Alischia,1
503=,Leon-Paul,1,,881=,Alisha,1
503=,Lester,1,,881=,Alissa,1
503=,Leuis,1,,881=,Alix,1
503=,Lieam,1,,881=,Allyna,1
503=,Ling,1,,881=,Alya,1
503=,Linton,1,,881=,Alysha,1
503=,Lisa,1,,881=,Aman,1
503=,Logan,1,,881=,Amanda-Lee,1
503=,Lok,1,,881=,Amandajane,1
503=,Lorenzo,1,,881=,Ameeta,1
503=,Lorn,1,,881=,Amie,1
503=,Louie,1,,881=,Amiee,1
503=,Louise,1,,881=,Amira,1
503=,Lucais,1,,881=,Amnah,1
503=,Ludovic,1,,881=,Amra,1
503=,Luong,1,,881=,Amritpal,1
503=,Lup,1,,881=,Amuchenu,1
503=,Lyall,1,,881=,Amy-Jane,1
503=,Mac,1,,881=,Anbrien,1
503=,Mack,1,,881=,Anda,1
503=,Magubo,1,,881=,Andree,1
503=,Mahfooz,1,,881=,Andreina,1
503=,Mahidon,1,,881=,Andrene,1
503=,Mahsoom,1,,881=,Andria,1
503=,Mahtab,1,,881=,Andriena,1
503=,Malachi,1,,881=,Andrinne,1
503=,Malik,1,,881=,Aneila,1
503=,Mandar,1,,881=,Angela-Jane,1
503=,Mandeep,1,,881=,Angeline,1
503=,Mandip,1,,881=,Anh,1
503=,Mandp,1,,881=,Ania,1
503=,Manjot,1,,881=,Anilla,1
503=,Manmohan,1,,881=,Anisa,1
503=,Mansur,1,,881=,Anjana,1
503=,Manuel,1,,881=,Anmarie,1
503=,Marcel,1,,881=,Ann-Louise,1
503=,Marcello,1,,881=,Ann-Maree,1
503=,Margaret,1,,881=,Anna-Louise,1
503=,Marik,1,,881=,Anna-Maree,1
503=,Markus-Daniel,1,,881=,Anna-Maria,1
503=,Mashhour,1,,881=,Anna-Marie,1
503=,Masood,1,,881=,Annalise,1
503=,Massimo,1,,881=,Annamarie,1
503=,Mathen,1,,881=,Anndrea,1
503=,Maurizio,1,,881=,Anne-Charlotte,1
503=,Mbiko,1,,881=,Anne-Margaret,1
503=,Mckinlay,1,,881=,Annick,1
503=,Md,1,,881=,Annisa,1
503=,Mehrdad,1,,881=,Annjane,1
503=,Meredith,1,,881=,Anousha,1
503=,Mervyn,1,,881=,Antania,1
503=,Michael-John,1,,881=,Antoinette,1
503=,Michal,1,,881=,Anwen,1
503=,Micheal,1,,881=,Aphra,1
503=,Michele,1,,881=,Ariana,1
503=,Michiel,1,,881=,Arianna,1
503=,Minhal,1,,881=,Arianne,1
503=,Mohamad,1,,881=,Arleen,1
503=,Mohinder,1,,881=,Arlene-Anne,1
503=,Momen,1,,881=,Arlette,1
503=,Morne,1,,881=,Arline,1
503=,Morten,1,,881=,Arlyne,1
503=,Morven,1,,881=,Arriyanna,1
503=,Muhaimin,1,,881=,Arwa,1
503=,Muhamad,1,,881=,Arzoo,1
503=,Muhammed,1,,881=,Asa,1
503=,Muir,1,,881=,Asha,1
503=,Mujtaba,1,,881=,Ashi,1
503=,Mullangi,1,,881=,Ashlee,1
503=,Muminur,1,,881=,Ashley-Ann,1
503=,Mumzad,1,,881=,Ashline,1
503=,Mungo,1,,881=,Ashly,1
503=,Munwar,1,,881=,Asiah,1
503=,Muthupalaniappa,1,,881=,Asima,1
503=,Naeramit,1,,881=,Astri,1
503=,Najeeb,1,,881=,Astrid,1
503=,Najm,1,,881=,Athmar,1
503=,Nam,1,,881=,Audree,1
503=,Narciso,1,,881=,Audrey-Jane,1
503=,Narinderpal,1,,881=,Aurel,1
503=,Navid,1,,881=,Autumn,1
503=,Navinder,1,,881=,Auzma,1
503=,Nazeef,1,,881=,Ava,1
503=,Nazif,1,,881=,Averil,1
503=,Neall,1,,881=,Avon,1
503=,Neim,1,,881=,Avronne,1
503=,Nelson,1,,881=,Ayla,1
503=,Neville,1,,881=,Aylin,1
503=,Nial,1,,881=,Aymee,1
503=,Nicio,1,,881=,Aynsley,1
503=,Nicki,1,,881=,Aziah,1
503=,Nii,1,,881=,Bahar,1
503=,Niki,1,,881=,Balvinder,1
503=,Nikiforos,1,,881=,Barbara-Ann,1
503=,Niko,1,,881=,Barbara-Anne,1
503=,Nikolas,1,,881=,Barbra,1
503=,Niloy,1,,881=,Barnette,1
503=,Nils,1,,881=,Basant,1
503=,Nirpal,1,,881=,Basma,1
503=,Nisar,1,,881=,Becki,1
503=,Nissar,1,,881=,Beckie,1
503=,Niyaz,1,,881=,Beeta,1
503=,Njal,1,,881=,Begum,1
503=,Nnaemeka,1,,881=,Belina,1
503=,Nordine,1,,881=,Benazir,1
503=,Nurul,1,,881=,Beryl-Anne,1
503=,Nyameama,1,,881=,Beya,1
503=,Nyeem,1,,881=,Biba,1
503=,Obadiah,1,,881=,Bincy,1
503=,Oghenekevbe,1,,881=,Blaire,1
503=,Oisin,1,,881=,Bobbi,1
503=,Olabanji,1,,881=,Bobbie,1
503=,Olivier,1,,881=,Bobby,1
503=,Olubunmi,1,,881=,Bobi,1
503=,Olufemi,1,,881=,Bonnie,1
503=,Olufunso,1,,881=,Borghild,1
503=,Olukanni,1,,881=,Bree,1
503=,Olunadamilola,1,,881=,Breige,1
503=,Olusoji,1,,881=,Brett,1
503=,Oluwaseyi,1,,881=,Brighid,1
503=,Omer,1,,881=,Brittony,1
503=,Onyedikachukwu,1,,881=,Brook,1
503=,Orhan,1,,881=,Broska,1
503=,Oskar,1,,881=,Brydie,1
503=,Ou-Wei,1,,881=,Bushra,1
503=,Ou-Yue,1,,881=,Ca,1
503=,Owain,1,,881=,Caireen,1
503=,Oyewole,1,,881=,Cairine,1
503=,Ozan,1,,881=,Caitrin,1
503=,Padraig,1,,881=,Caleigh,1
503=,Pang,1,,881=,Caley,1
503=,Parmdeep,1,,881=,Calley,1
503=,Pascal,1,,881=,Cally,1
503=,Pascoe,1,,881=,Camelle,1
503=,Pat,1,,881=,Camellia,1
503=,Patric,1,,881=,Camille,1
503=,Paul-Jonathan,1,,881=,Cara-Louise,1
503=,Paulo,1,,881=,Cara-Marie,1
503=,Pawandeep,1,,881=,Caraline,1
503=,Petar,1,,881=,Carena,1
503=,Petum,1,,881=,Carie,1
503=,Phaidraig,1,,881=,Carin,1
503=,Phoebus,1,,881=,Carine,1
503=,Phuc,1,,881=,Carla-Louise,1
503=,Piere,1,,881=,Carlan,1
503=,Piero,1,,881=,Carlanne,1
503=,Piers,1,,881=,Carley,1
503=,Piotr,1,,881=,Carlie,1
503=,Po,1,,881=,Carline,1
503=,Polaw,1,,881=,Carole-Anne,1
503=,Prahalad,1,,881=,Caroleanne,1
503=,Praveen,1,,881=,Caroline-Ann,1
503=,Preston,1,,881=,Caroline-Jane,1
503=,Punjab,1,,881=,Caron,1
503=,Puok,1,,881=,Carran,1
503=,Quanah,1,,881=,Carriann,1
503=,Quinnan,1,,881=,Carrieann,1
503=,R,1,,881=,Carrieanne,1
503=,Rael,1,,881=,Carrol,1
503=,Rahman,1,,881=,Carry,1
503=,Rajeev,1,,881=,Caryleann,1
503=,Rajinderpal,1,,881=,Cassie,1
503=,Rajiu,1,,881=,Catharine,1
503=,Rajpal,1,,881=,Catheren,1
503=,Rakeish,1,,881=,Cathleen,1
503=,Ralston,1,,881=,Cathreen,1
503=,Rami,1,,881=,Cathrene,1
503=,Ramsay,1,,881=,Cathryn,1
503=,Rana,1,,881=,Catriena,1
503=,Ranna,1,,881=,Catrin,1
503=,Raoul,1,,881=,Catrine,1
503=,Rashed,1,,881=,Cavell,1
503=,Rashid,1,,881=,Ceara,1
503=,Rawson,1,,881=,Cecile,1
503=,Raye,1,,881=,Celena,1
503=,Raza,1,,881=,Cerice,1
503=,Reagan,1,,881=,Cerry,1
503=,Redford,1,,881=,Cha,1
503=,Reginald,1,,881=,Chanah,1
503=,Rehman,1,,881=,Chantel,1
503=,Remo,1,,881=,Chantelle,1
503=,Rennie,1,,881=,Charelle,1
503=,Reon,1,,881=,Charissa,1
503=,Reza,1,,881=,Charleen,1
503=,Rhian,1,,881=,Chaya,1
503=,Rhuari,1,,881=,Che,1
503=,Ricci,1,,881=,Chenene,1
503=,Rizvan,1,,881=,Cher,1
503=,Robertson,1,,881=,Cheree,1
503=,Robinson,1,,881=,Cherelle,1
503=,Rock,1,,881=,Cherenay,1
503=,Rocky,1,,881=,Cheriee,1
503=,Rod,1,,881=,Cherlene,1
503=,Rodd,1,,881=,Cheryl-Ann,1
503=,Roderic,1,,881=,Cheryle,1
503=,Rodi,1,,881=,Cheryse,1
503=,Rolan,1,,881=,Chevonne,1
503=,Rolf,1,,881=,Chi,1
503=,Rollo,1,,881=,Chiala,1
503=,Romil,1,,881=,Chinyelu,1
503=,Rondeep,1,,881=,Chirsty,1
503=,Roni,1,,881=,Chiu,1
503=,Roosbeh,1,,881=,Chloe-Ann,1
503=,Rosheen,1,,881=,Chloe-Gabrielle,1
503=,Royan,1,,881=,Choe,1
503=,Ruaidhri,1,,881=,Chrisanna,1
503=,Ruard,1,,881=,Chrissy,1
503=,Rudi,1,,881=,Christabel,1
503=,Rudie,1,,881=,Christen,1
503=,Rudy,1,,881=,Christian,1
503=,Rundeep,1,,881=,Christopher,1
503=,Russel,1,,881=,Chrystal,1
503=,Rustum,1,,881=,Chrystele,1
503=,Ryan-John,1,,881=,Chui,1
503=,Sabraj,1,,881=,Cindy,1
503=,Sahzaad,1,,881=,Cindy-Anna,1
503=,Saifal,1,,881=,Claribel,1
503=,Saifar,1,,881=,Clarie,1
503=,Saikat,1,,881=,Clarissa,1
503=,Saiyf,1,,881=,Clarisse,1
503=,Sajid,1,,881=,Clementine,1
503=,Sajjad,1,,881=,Clorette,1
503=,Salam,1,,881=,Coila,1
503=,Salvador,1,,881=,Colinne,1
503=,Salvatore,1,,881=,Collene,1
503=,Samer,1,,881=,Coney,1
503=,Samitr,1,,881=,Coralie,1
503=,Sandesh,1,,881=,Cordelia,1
503=,Sarfaraz,1,,881=,Coreen,1
503=,Sarfraz,1,,881=,Corin,1
503=,Sarmad,1,,881=,Corine,1
503=,Satveer,1,,881=,Corran,1
503=,Satwindar,1,,881=,Corri,1
503=,Saul,1,,881=,Corri-Ann,1
503=,Seamus,1,,881=,Cressida,1
503=,Sebastian,1,,881=,Cristal,1
503=,Sedrik,1,,881=,Cyvonne,1
503=,Senthooran,1,,881=,D'arcy,1
503=,Serfraz,1,,881=,Dailene,1
503=,Serge,1,,881=,Daisy,1
503=,Sergio,1,,881=,Dalia,1
503=,Sevan,1,,881=,Danae,1
503=,Seyyed,1,,881=,Danelle,1
503=,Shabbir,1,,881=,Danna,1
503=,Shad,1,,881=,Danya,1
503=,Shafaq,1,,881=,Daria,1
503=,Shahan,1,,881=,Darina,1
503=,Shahdath,1,,881=,Darleen,1
503=,Shaheide,1,,881=,Darlene,1
503=,Shajaz,1,,881=,Darralyn,1
503=,Shakheel,1,,881=,Darrianna,1
503=,Shamas,1,,881=,Davana,1
503=,Shamoon,1,,881=,Davena,1
503=,Shao,1,,881=,Dawne,1
503=,Sharaz,1,,881=,Dawnna,1
503=,Shart,1,,881=,Daylean,1
503=,Sharyarr,1,,881=,Deanna,1
503=,Shashank,1,,881=,Debbi,1
503=,Shaunessy,1,,881=,Debora,1
503=,Shavaiz,1,,881=,Deborah-Anne,1
503=,Shavn,1,,881=,Deborrah,1
503=,Shaw,1,,881=,Deepa,1
503=,Shayne,1,,881=,Deirdre,1
503=,Shazaid,1,,881=,Delena,1
503=,Shehzad,1,,881=,Demelza,1
503=,Sherard,1,,881=,Denice,1
503=,Shingirayi,1,,881=,Deniz,1
503=,Shiro,1,,881=,Denna,1
503=,Shohel,1,,881=,Denys,1
503=,Sholto,1,,881=,Deone,1
503=,Shubhankar,1,,881=,Desiree,1
503=,Shui,1,,881=,Deveron,1
503=,Sidney,1,,881=,Dian,1
503=,Silvano,1,,881=,Dinah,1
503=,Simeon,1,,881=,Dini,1
503=,Simom,1,,881=,Disna,1
503=,Simon-Robert,1,,881=,Donella,1
503=,Simpson,1,,881=,Donna-May,1
503=,Sinclair,1,,881=,Donnah,1
503=,Siu,1,,881=,Donne,1
503=,Spyros,1,,881=,Dorcas,1
503=,St,1,,881=,Doreen,1
503=,Stan,1,,881=,Doriel,1
503=,Stanislaw,1,,881=,Dorothy-Jayne,1
503=,Stavros,1,,881=,Durga,1
503=,Steffen,1,,881=,Dyanne,1
503=,Stephane,1,,881=,Dyenaba,1
503=,Steuart,1,,881=,Ebony,1
503=,Stewart-Henry,1,,881=,Edel,1
503=,Sudhir,1,,881=,Edith,1
503=,Suhail,1,,881=,Eilioh,1
503=,Sukhvinder,1,,881=,Eilis,1
503=,Sulman,1,,881=,Ekta,1
503=,Sultan,1,,881=,Elayne,1
503=,Sundar,1,,881=,Elica,1
503=,Sundeep,1,,881=,Eliza,1
503=,Surbjit,1,,881=,Elizabeth-Nan,1
503=,Sweyn,1,,881=,Ellena,1
503=,Syed,1,,881=,Ellenmarie,1
503=,Szymon,1,,881=,Ellisa,1
503=,Tabasam,1,,881=,Elly,1
503=,Tabrez,1,,881=,Elmer,1
503=,Tacitus,1,,881=,Elois,1
503=,Tadek,1,,881=,Eloise,1
503=,Tafadzwa,1,,881=,Elsbeth,1
503=,Tahir,1,,881=,Elsie,1
503=,Tai,1,,881=,Elysia,1
503=,Taikan,1,,881=,Emer,1
503=,Taimur,1,,881=,Emilie,1
503=,Tain,1,,881=,Emily-Anne,1
503=,Tak,1,,881=,Emily-Jane,1
503=,Tane,1,,881=,Emly,1
503=,Tannis,1,,881=,Emma-Jayne,1
503=,Taofiq,1,,881=,Emmeline,1
503=,Tapiwa,1,,881=,Emmie,1
503=,Taqdeer,1,,881=,Ensieh,1
503=,Tarik,1,,881=,Enwhei,1
503=,Tarim,1,,881=,Ericca,1
503=,Tariq,1,,881=,Ericka,1
503=,Terrance,1,,881=,Erin-Ann,1
503=,Thai,1,,881=,Esma,1
503=,Thain,1,,881=,Esme,1
503=,Theo,1,,881=,Esther-Marie,1
503=,Thomson,1,,881=,Evan,1
503=,Thorfinn,1,,881=,Evanell,1
503=,Tien,1,,881=,Eveline,1
503=,Timothy-John,1,,881=,Evelynn,1
503=,Timur,1,,881=,Evette,1
503=,Tobias,1,,881=,Evlynne,1
503=,Tolumilope,1,,881=,Evsun,1
503=,Tomas,1,,881=,Faaiza,1
503=,Tor,1,,881=,Faiza,1
503=,Torfinn,1,,881=,Faizah,1
503=,Trent,1,,881=,Fareena,1
503=,Tristram,1,,881=,Fareha,1
503=,Tsuyoshi,1,,881=,Farheen,1
503=,Tungamirai,1,,881=,Fatima,1
503=,Turki,1,,881=,Fatimah,1
503=,Tymon,1,,881=,Fazia,1
503=,Tyrone,1,,881=,Felica,1
503=,Tze,1,,881=,Fern,1
503=,Ulric,1,,881=,Fernanda,1
503=,Umar,1,,881=,Finella,1
503=,Umberto,1,,881=,Finola,1
503=,Ummad,1,,881=,Fionajane,1
503=,Vaseem,1,,881=,Fionna,1
503=,Vaughn,1,,881=,Fionnghal,1
503=,Vicky,1,,881=,Fionnuala,1
503=,Vikrim,1,,881=,Fiza,1
503=,Vince,1,,881=,Florinda,1
503=,Vincent-Bernard,1,,881=,Foridha,1
503=,Vincenzo,1,,881=,Fortune,1
503=,Vinothan,1,,881=,Fozia,1
503=,Visdean,1,,881=,Francess,1
503=,Vittorio,1,,881=,Franclyn,1
503=,Waell,1,,881=,Francyne,1
503=,Wagas-Arshad,1,,881=,Freny,1
503=,Waheed,1,,881=,Freyja,1
503=,Wai-Ming,1,,881=,Frith,1
503=,Waiyan,1,,881=,Froydis,1
503=,Wajid,1,,881=,Furah,1
503=,Waleed,1,,881=,Gabriela,1
503=,Wan,1,,881=,Gadah,1
503=,Waqas,1,,881=,Gaelen,1
503=,Wei,1,,881=,Gale,1
503=,Wern-Ping,1,,881=,Garron,1
503=,Westley,1,,881=,Gary,1
503=,Wilson,1,,881=,Gasak,1
503=,Windsor,1,,881=,Geeta,1
503=,Wyatt,1,,881=,Gena,1
503=,Xavier,1,,881=,Geneve,1
503=,Xerxes,1,,881=,Georgegina,1
503=,Yassin,1,,881=,Georgena,1
503=,Yat,1,,881=,Gerardine,1
503=,Yawar,1,,881=,Gill,1
503=,Yeung,1,,881=,Gilla,1
503=,Yiu,1,,881=,Gilliane,1
503=,Youcef,1,,881=,Giovanna,1
503=,Yousef,1,,881=,Gita,1
503=,Youssif,1,,881=,Gladys,1
503=,Yuie,1,,881=,Glenda,1
503=,Yung,1,,881=,Gloria,1
503=,Yusuf,1,,881=,Greer,1
503=,Zachary,1,,881=,Gucmeet,1
503=,Zaheed,1,,881=,Guinivere,1
503=,Zahib,1,,881=,Gulnaz,1
503=,Zahid,1,,881=,Gurinderjit,1
503=,Zaid,1,,881=,Gurmale,1
503=,Zak,1,,881=,Gurnam,1
503=,Zane,1,,881=,Gurpaij,1
503=,Zeeshan,1,,881=,Gurpharbet,1
503=,Zenon,1,,881=,Gurvinder,1
503=,Ziarat,1,,881=,Gwenaelle,1
503=,Zigwai,1,,881=,Gwendoline,1
503=,Zin,1,,881=,Gyatri,1
503=,Zohaib,1,,881=,Hafsah,1
503=,Zubir,1,,881=,Hailie,1
503=,Zufkar,1,,881=,Haive,1
503=,Zukriruzaini,1,,881=,Hajera,1
503=,Zulifkar,1,,881=,Hala,1
,,,,881=,Hamara,1
,,,,881=,Hamerah,1
,,,,881=,Hana,1
,,,,881=,Hardeep,1
,,,,881=,Harmashe,1
,,,,881=,Harpreet,1
,,,,881=,Harriett,1
,,,,881=,Haseena,1
,,,,881=,Haslina,1
,,,,881=,Haylay,1
,,,,881=,Hazel-Ann,1
,,,,881=,Hazelle,1
,,,,881=,Hazura,1
,,,,881=,Heide,1
,,,,881=,Heifa,1
,,,,881=,Helenann,1
,,,,881=,Helene,1
,,,,881=,Helenmarie,1
,,,,881=,Hellen,1
,,,,881=,Henna,1
,,,,881=,Hibba,1
,,,,881=,Hind,1
,,,,881=,Hinna,1
,,,,881=,Hiu,1
,,,,881=,Ho,1
,,,,881=,Homa,1
,,,,881=,Houda,1
,,,,881=,Huda,1
,,,,881=,Hudda,1
,,,,881=,Hue,1
,,,,881=,Humaira,1
,,,,881=,Hunzila,1
,,,,881=,Husna,1
,,,,881=,Husnara,1
,,,,881=,Iashah,1
,,,,881=,Iboro,1
,,,,881=,Ilaina,1
,,,,881=,Ilana,1
,,,,881=,Ilmas,1
,,,,881=,Ilsa,1
,,,,881=,Imran,1
,,,,881=,Inger,1
,,,,881=,Inger-Louise,1
,,,,881=,Innis,1
,,,,881=,Irena,1
,,,,881=,Isabelle,1
,,,,881=,Iseabail,1
,,,,881=,Iselin,1
,,,,881=,Ishmar,1
,,,,881=,Isley,1
,,,,881=,Isma,1
,,,,881=,Israel,1
,,,,881=,Issra,1
,,,,881=,Iyla,1
,,,,881=,Iyobosa,1
,,,,881=,Jacalyn,1
,,,,881=,Jacinta,1
,,,,881=,Jacky,1
,,,,881=,Jacqualine,1
,,,,881=,Jacqueleen,1
,,,,881=,Jacquie,1
,,,,881=,Jacquline,1
,,,,881=,Jacqulynne,1
,,,,881=,James,1
,,,,881=,Jan-Marie,1
,,,,881=,Jana,1
,,,,881=,Janeen,1
,,,,881=,Janetta,1
,,,,881=,Janieve,1
,,,,881=,Jann,1
,,,,881=,Jannine,1
,,,,881=,Janthia,1
,,,,881=,Jasmail,1
,,,,881=,Jasminder,1
,,,,881=,Jawairia,1
,,,,881=,Jayana,1
,,,,881=,Jayanthi,1
,,,,881=,Jaynie,1
,,,,881=,Jayran,1
,,,,881=,Jeanie,1
,,,,881=,Jeannette,1
,,,,881=,Jemima,1
,,,,881=,Jenefer,1
,,,,881=,Jenniferann,1
,,,,881=,Jenniffer,1
,,,,881=,Jenny-Ann,1
,,,,881=,Jhana,1
,,,,881=,Jilly-Ann,1
,,,,881=,Jinny,1
,,,,881=,Jo-Anna,1
,,,,881=,Joahnne,1
,,,,881=,Joana,1
,,,,881=,Joannah,1
,,,,881=,Joanne-Marie,1
,,,,881=,Joclynn,1
,,,,881=,Jodee,1
,,,,881=,Jodeen,1
,,,,881=,Jodi-Lyn,1
,,,,881=,Joe-Anne,1
,,,,881=,Joele,1
,,,,881=,Johann,1
,,,,881=,Jolie,1
,,,,881=,Jonie,1
,,,,881=,Josephene,1
,,,,881=,Jovada,1
,,,,881=,Judi,1
,,,,881=,Julene,1
,,,,881=,Juli,1
,,,,881=,Juli-Marie,1
,,,,881=,Juliann,1
,,,,881=,Julianna,1
,,,,881=,Julianna-Maria,1
,,,,881=,Julie-Ellen,1
,,,,881=,Julieann,1
,,,,881=,Jumana,1
,,,,881=,Junko,1
,,,,881=,Justina,1
,,,,881=,Ka,1
,,,,881=,Kai,1
,,,,881=,Kaia,1
,,,,881=,Kaie,1
,,,,881=,Kaireen,1
,,,,881=,Kalli,1
,,,,881=,Kally,1
,,,,881=,Kalvinder,1
,,,,881=,Kamaldip,1
,,,,881=,Kara-Lee,1
,,,,881=,Kareena,1
,,,,881=,Karen-Louise,1
,,,,881=,Karene,1
,,,,881=,Karima,1
,,,,881=,Karin-Anne,1
,,,,881=,Karine,1
,,,,881=,Karis,1
,,,,881=,Karleen,1
,,,,881=,Karrena,1
,,,,881=,Karrina,1
,,,,881=,Karry,1
,,,,881=,Kasha,1
,,,,881=,Katelyn,1
,,,,881=,Katerina,1
,,,,881=,Kateryna,1
,,,,881=,Katherina,1
,,,,881=,Katheryne,1
,,,,881=,Kathlene,1
,,,,881=,Kathlyn,1
,,,,881=,Kathrina,1
,,,,881=,Kathryne,1
,,,,881=,Kathy,1
,,,,881=,Kati,1
,,,,881=,Katie-Anne,1
,,,,881=,Katie-Jane,1
,,,,881=,Katrena,1
,,,,881=,Katriana,1
,,,,881=,Katrice,1
,,,,881=,Katrin,1
,,,,881=,Katrine,1
,,,,881=,Katryna,1
,,,,881=,Kauita,1
,,,,881=,Kauri,1
,,,,881=,Kavita,1
,,,,881=,Kayhita,1
,,,,881=,Kayreen,1
,,,,881=,Kayren,1
,,,,881=,Kayrene,1
,,,,881=,Kazia,1
,,,,881=,Keeley,1
,,,,881=,Keima,1
,,,,881=,Keira-Ann,1
,,,,881=,Keirda,1
,,,,881=,Keirstyn,1
,,,,881=,Keli,1
,,,,881=,Kelley,1
,,,,881=,Kelley-Ann,1
,,,,881=,Kelly-Jane,1
,,,,881=,Kellymarie,1
,,,,881=,Kelsey,1
,,,,881=,Kendal,1
,,,,881=,Kenzie,1
,,,,881=,Kerie,1
,,,,881=,Kerime,1
,,,,881=,Kern,1
,,,,881=,Kerrey,1
,,,,881=,Kerri-Lee,1
,,,,881=,Kerrie-Ann,1
,,,,881=,Kerrieann,1
,,,,881=,Kerryanne,1
,,,,881=,Kerrylee,1
,,,,881=,Kerrylynne,1
,,,,881=,Kerryn,1
,,,,881=,Keryn,1
,,,,881=,Keston,1
,,,,881=,Kevin,1
,,,,881=,Kezban,1
,,,,881=,Kharis,1
,,,,881=,Khirea,1
,,,,881=,Kia,1
,,,,881=,Kiarah,1
,,,,881=,Kiarina-Ann,1
,,,,881=,Kieleigh,1
,,,,881=,Kiki,1
,,,,881=,Kileen,1
,,,,881=,Kimberley-Anne,1
,,,,881=,Kimla,1
,,,,881=,Kiren,1
,,,,881=,Kirenveerinder,1
,,,,881=,Kiri-Ana,1
,,,,881=,Kirksty,1
,,,,881=,Kirsa,1
,,,,881=,Kirsta,1
,,,,881=,Kirsteena,1
,,,,881=,Kirstene,1
,,,,881=,Kirstina,1
,,,,881=,Kirsty-Jane,1
,,,,881=,Kishan,1
,,,,881=,Kit,1
,,,,881=,Klara,1
,,,,881=,Kleofa,1
,,,,881=,Komal,1
,,,,881=,Korina,1
,,,,881=,Korrie-Ann,1
,,,,881=,Kristal,1
,,,,881=,Kristelle-Helen,1
,,,,881=,Kristian,1
,,,,881=,Kristie,1
,,,,881=,Krys,1
,,,,881=,Kulbir,1
,,,,881=,Kuwat,1
,,,,881=,Kylee,1
,,,,881=,Kyley,1
,,,,881=,Kym,1
,,,,881=,Kymm,1
,,,,881=,Lacbir,1
,,,,881=,Lacey,1
,,,,881=,Ladonna,1
,,,,881=,Laina,1
,,,,881=,Lanna,1
,,,,881=,Lannair,1
,,,,881=,Larain,1
,,,,881=,Laren,1
,,,,881=,Larissa,1
,,,,881=,Larra,1
,,,,881=,Laura-Anne,1
,,,,881=,Laura-Mai,1
,,,,881=,Lauraine,1
,,,,881=,Laurajayne,1
,,,,881=,Lauralee,1
,,,,881=,Laureen,1
,,,,881=,Laurene,1
,,,,881=,Lauri,1
,,,,881=,Laurisa,1
,,,,881=,Laurissa,1
,,,,881=,Le,1
,,,,881=,Leaann,1
,,,,881=,Leah-Ann,1
,,,,881=,Leana,1
,,,,881=,Leandra,1
,,,,881=,Leane,1
,,,,881=,Leaone,1
,,,,881=,Lee-Anna,1
,,,,881=,Leeanna,1
,,,,881=,Leeatt,1
,,,,881=,Leena,1
,,,,881=,Leiane,1
,,,,881=,Leigh-Anna,1
,,,,881=,Leisha,1
,,,,881=,Leonora,1
,,,,881=,Lesley-Jane,1
,,,,881=,Levana,1
,,,,881=,Leweeza,1
,,,,881=,Leyla,1
,,,,881=,Lezlee,1
,,,,881=,Lezli-Anne,1
,,,,881=,Lhora,1
,,,,881=,Liam,1
,,,,881=,Liann,1
,,,,881=,Libby,1
,,,,881=,Liberty,1
,,,,881=,Lidia,1
,,,,881=,Lieanne,1
,,,,881=,Liela,1
,,,,881=,Liesl,1
,,,,881=,Liliana,1
,,,,881=,Lily,1
,,,,881=,Linda-Ann,1
,,,,881=,Linda-May,1
,,,,881=,Lindley,1
,,,,881=,Lindsay-Jane,1
,,,,881=,Lindyann,1
,,,,881=,Linh,1
,,,,881=,Linnet,1
,,,,881=,Linsey-Anne,1
,,,,881=,Linsie,1
,,,,881=,Linzi-Anne,1
,,,,881=,Linzy,1
,,,,881=,Lise,1
,,,,881=,Liseanne,1
,,,,881=,Liza-Marie,1
,,,,881=,Lizann,1
,,,,881=,Llara,1
,,,,881=,Loanne,1
,,,,881=,Loreena,1
,,,,881=,Lorene,1
,,,,881=,Lorne,1
,,,,881=,Lorner,1
,,,,881=,Lorraina,1
,,,,881=,Lorri,1
,,,,881=,Louanna,1
,,,,881=,Louisa-Jane,1
,,,,881=,Louise-Carol,1
,,,,881=,Louse,1
,,,,881=,Lovat,1
,,,,881=,Luana,1
,,,,881=,Luara,1
,,,,881=,Lucy-Ann,1
,,,,881=,Luella,1
,,,,881=,Luise,1
,,,,881=,Luisza,1
,,,,881=,Luvinia,1
,,,,881=,Lydia-Jane,1
,,,,881=,Lyly,1
,,,,881=,Lynasey,1
,,,,881=,Lyndsay-Anne,1
,,,,881=,Lyndy,1
,,,,881=,Lynn-Anne,1
,,,,881=,Lynnanne,1
,,,,881=,Lynnda,1
,,,,881=,Lynsay-Ann,1
,,,,881=,Lynsey-Jane,1
,,,,881=,Lynzey,1
,,,,881=,Maarya,1
,,,,881=,Madelyn,1
,,,,881=,Madiha,1
,,,,881=,Madine,1
,,,,881=,Magdalena,1
,,,,881=,Mah,1
,,,,881=,Maha,1
,,,,881=,Malese,1
,,,,881=,Malia,1
,,,,881=,Malinda,1
,,,,881=,Malvina,1
,,,,881=,Mandee,1
,,,,881=,Mandeep,1
,,,,881=,Mandi,1
,,,,881=,Manel,1
,,,,881=,Mangela,1
,,,,881=,Manmet,1
,,,,881=,Manuela,1
,,,,881=,Marcela,1
,,,,881=,Marcella,1
,,,,881=,Margaret-Ann,1
,,,,881=,Margarete,1
,,,,881=,Margo,1
,,,,881=,Margo-Ann,1
,,,,881=,Margot,1
,,,,881=,Marguerite,1
,,,,881=,Mari-Elena,1
,,,,881=,Maria-Luisa,1
,,,,881=,Maria-Theresa,1
,,,,881=,Mariam,1
,,,,881=,Mariangela,1
,,,,881=,Maricia,1
,,,,881=,Marie-Ann,1
,,,,881=,Marie-Clare,1
,,,,881=,Marie-Louise,1
,,,,881=,Marieanne,1
,,,,881=,Mariesha,1
,,,,881=,Marilena,1
,,,,881=,Marjolijn,1
,,,,881=,Marla,1
,,,,881=,Marna,1
,,,,881=,Marny,1
,,,,881=,Marri,1
,,,,881=,Marriea,1
,,,,881=,Marsha,1
,,,,881=,Marshall,1
,,,,881=,Mary-Ann,1
,,,,881=,Mary-Anne,1
,,,,881=,Maryanne,1
,,,,881=,Marylin,1
,,,,881=,Marysia,1
,,,,881=,Matalia,1
,,,,881=,Matilda,1
,,,,881=,Maud,1
,,,,881=,Maura,1
,,,,881=,Maxie,1
,,,,881=,Maya,1
,,,,881=,Mechelle,1
,,,,881=,Mehnaz,1
,,,,881=,Mei,1
,,,,881=,Melania,1
,,,,881=,Melannie,1
,,,,881=,Melea,1
,,,,881=,Melina,1
,,,,881=,Melitta,1
,,,,881=,Meloney,1
,,,,881=,Melvina,1
,,,,881=,Meredith,1
,,,,881=,Meriam,1
,,,,881=,Merissa,1
,,,,881=,Merlyn,1
,,,,881=,Merrill,1
,,,,881=,Merrin,1
,,,,881=,Mhaire,1
,,,,881=,Mhairi-Ann,1
,,,,881=,Mhairi-Anne,1
,,,,881=,Mhairidh,1
,,,,881=,Mhairu,1
,,,,881=,Mhorag,1
,,,,881=,Mia,1
,,,,881=,Mica,1
,,,,881=,Michaella,1
,,,,881=,Michal,1
,,,,881=,Mikaela,1
,,,,881=,Mikala,1
,,,,881=,Milaina,1
,,,,881=,Mimma,1
,,,,881=,Mina,1
,,,,881=,Minga,1
,,,,881=,Misbah,1
,,,,881=,Mnal,1
,,,,881=,Mobashira,1
,,,,881=,Mofoluwake,1
,,,,881=,Mollie,1
,,,,881=,Molly,1
,,,,881=,Monigue,1
,,,,881=,Monna,1
,,,,881=,Montserrat,1
,,,,881=,Morgana,1
,,,,881=,Moriom,1
,,,,881=,Morium,1
,,,,881=,Morvern,1
,,,,881=,Moyra,1
,,,,881=,Musammat,1
,,,,881=,My,1
,,,,881=,Mychelle,1
,,,,881=,Nablia,1
,,,,881=,Nadean,1
,,,,881=,Nadya,1
,,,,881=,Nafeesa,1
,,,,881=,Nahdean,1
,,,,881=,Naheed,1
,,,,881=,Nahid,1
,,,,881=,Naida,1
,,,,881=,Naiomi,1
,,,,881=,Najla,1
,,,,881=,Najwan,1
,,,,881=,Nalina,1
,,,,881=,Nanette,1
,,,,881=,Naomie,1
,,,,881=,Narita,1
,,,,881=,Nasra,1
,,,,881=,Nasseem,1
,,,,881=,Natalia,1
,,,,881=,Natalie-Ann,1
,,,,881=,Natashia,1
,,,,881=,Navjot,1
,,,,881=,Nayala,1
,,,,881=,Nazaria,1
,,,,881=,Nazea,1
,,,,881=,Nazir,1
,,,,881=,Nazma,1
,,,,881=,Nazmeen,1
,,,,881=,Neena,1
,,,,881=,Nehal,1
,,,,881=,Neil,1
,,,,881=,Neila,1
,,,,881=,Neilena,1
,,,,881=,Nesreen,1
,,,,881=,Nessa,1
,,,,881=,Netsanet,1
,,,,881=,Neveen,1
,,,,881=,Nga,1
,,,,881=,Ngaire,1
,,,,881=,Niamh,1
,,,,881=,Nichelle,1
,,,,881=,Nickii,1
,,,,881=,Nicolle,1
,,,,881=,Nicolletta,1
,,,,881=,Niela,1
,,,,881=,Niki,1
,,,,881=,Nikky,1
,,,,881=,Nimra,1
,,,,881=,Nimrah,1
,,,,881=,Niran,1
,,,,881=,Nirupa,1
,,,,881=,Nisa,1
,,,,881=,Nneka,1
,,,,881=,Noaf,1
,,,,881=,Nokhukanya,1
,,,,881=,Noorah,1
,,,,881=,Norah,1
,,,,881=,Norwil,1
,,,,881=,Nouella,1
,,,,881=,Nuala,1
,,,,881=,Nur,1
,,,,881=,Nusrat,1
,,,,881=,Nuzhat,1
,,,,881=,Nycolle,1
,,,,881=,Nyla,1
,,,,881=,Nyssa,1
,,,,881=,Odette,1
,,,,881=,Ogechukwu,1
,,,,881=,Oi,1
,,,,881=,Olakemi,1
,,,,881=,Olamide,1
,,,,881=,Olubukunola,1
,,,,881=,Olufemi,1
,,,,881=,Oluwakemi,1
,,,,881=,Oma,1
,,,,881=,Ondine,1
,,,,881=,Oonagh,1
,,,,881=,Orania,1
,,,,881=,Orea,1
,,,,881=,Ottilie,1
,,,,881=,Ozma,1
,,,,881=,Pamela-Anne,1
,,,,881=,Pamella,1
,,,,881=,Parva,1
,,,,881=,Pasqua,1
,,,,881=,Patti,1
,,,,881=,Paula-Anne,1
,,,,881=,Paula-Marie,1
,,,,881=,Paulene,1
,,,,881=,Paulette,1
,,,,881=,Pebbles,1
,,,,881=,Pedra,1
,,,,881=,Pei,1
,,,,881=,Pellavi,1
,,,,881=,Pendrah,1
,,,,881=,Perdita,1
,,,,881=,Perry,1
,,,,881=,Perveen,1
,,,,881=,Peta,1
,,,,881=,Petrhona,1
,,,,881=,Petronila,1
,,,,881=,Phillipa,1
,,,,881=,Phoebe,1
,,,,881=,Phong,1
,,,,881=,Phuong,1
,,,,881=,Phyllis,1
,,,,881=,Poh-Ling,1
,,,,881=,Pollyanna,1
,,,,881=,Poonam,1
,,,,881=,Portia,1
,,,,881=,Prachee,1
,,,,881=,Prema,1
,,,,881=,Priscilla,1
,,,,881=,Priya,1
,,,,881=,Probjod,1
,,,,881=,Pui-Ming,1
,,,,881=,Purvi,1
,,,,881=,Qasimah,1
,,,,881=,Qurrat-Alein,1
,,,,881=,Quyen,1
,,,,881=,Raakhi,1
,,,,881=,Rabaya,1
,,,,881=,Rachina,1
,,,,881=,Radhka,1
,,,,881=,Raeanne,1
,,,,881=,Rahillah,1
,,,,881=,Rajdeep,1
,,,,881=,Rajia,1
,,,,881=,Rajin,1
,,,,881=,Rajwinder,1
,,,,881=,Ramiza,1
,,,,881=,Ramona,1
,,,,881=,Rana,1
,,,,881=,Randeep,1
,,,,881=,Rania,1
,,,,881=,Ranya,1
,,,,881=,Raquell,1
,,,,881=,Rashee,1
,,,,881=,Rashmi,1
,,,,881=,Rashpal,1
,,,,881=,Ravinder,1
,,,,881=,Rayne,1
,,,,881=,Razia,1
,,,,881=,Rea,1
,,,,881=,Reah,1
,,,,881=,Rebbecca,1
,,,,881=,Rebecca-Jane,1
,,,,881=,Reem,1
,,,,881=,Refel,1
,,,,881=,Regina,1
,,,,881=,Rehana,1
,,,,881=,Rehanna,1
,,,,881=,Reka,1
,,,,881=,Rekha,1
,,,,881=,Remony,1
,,,,881=,Renata,1
,,,,881=,Renate,1
,,,,881=,Renee,1
,,,,881=,Renu,1
,,,,881=,Renuka,1
,,,,881=,Reta,1
,,,,881=,Revelle,1
,,,,881=,Reyna,1
,,,,881=,Rhondda,1
,,,,881=,Rhowan,1
,,,,881=,Rhyannan,1
,,,,881=,Riah,1
,,,,881=,Rianne,1
,,,,881=,Richenda,1
,,,,881=,Rida,1
,,,,881=,Ridhwana,1
,,,,881=,Rihab,1
,,,,881=,Rishma,1
,,,,881=,Rita,1
,,,,881=,Rittu,1
,,,,881=,Roanna,1
,,,,881=,Robana,1
,,,,881=,Robina,1
,,,,881=,Roggen,1
,,,,881=,Rohanna,1
,,,,881=,Rohanne,1
,,,,881=,Rohini,1
,,,,881=,Rola,1
,,,,881=,Roma,1
,,,,881=,Romaine,1
,,,,881=,Romina,1
,,,,881=,Roni,1
,,,,881=,Rory,1
,,,,881=,Rosaleen,1
,,,,881=,Rosalinda,1
,,,,881=,Rosalynd,1
,,,,881=,Rose-Anne,1
,,,,881=,Rosena,1
,,,,881=,Rosetta,1
,,,,881=,Roslynd,1
,,,,881=,Ross,1
,,,,881=,Rosslyn-Anne,1
,,,,881=,Rosslynn,1
,,,,881=,Rowana,1
,,,,881=,Roxanna,1
,,,,881=,Roya,1
,,,,881=,Roza,1
,,,,881=,Ruksana,1
,,,,881=,Rupali,1
,,,,881=,Rupinder,1
,,,,881=,Ruwani,1
,,,,881=,Rymke,1
,,,,881=,Saadia,1
,,,,881=,Saadiah,1
,,,,881=,Saaira,1
,,,,881=,Saba,1
,,,,881=,Sabaa,1
,,,,881=,Sabeen,1
,,,,881=,Sadie,1
,,,,881=,Sadif,1
,,,,881=,Safeera,1
,,,,881=,Saffia,1
,,,,881=,Saffron,1
,,,,881=,Sahba,1
,,,,881=,Sahdia,1
,,,,881=,Sahina,1
,,,,881=,Sahira,1
,,,,881=,Sahmina,1
,,,,881=,Saidah,1
,,,,881=,Sairah,1
,,,,881=,Saiyra,1
,,,,881=,Sajda,1
,,,,881=,Sajjda,1
,,,,881=,Saleena,1
,,,,881=,Salena,1
,,,,881=,Samaiah,1
,,,,881=,Samaira,1
,,,,881=,Saman,1
,,,,881=,Samanatha,1
,,,,881=,Samanna,1
,,,,881=,Samanta-Jane,1
,,,,881=,Samefa,1
,,,,881=,Samiera,1
,,,,881=,Samira,1
,,,,881=,Sammer,1
,,,,881=,Sammira,1
,,,,881=,Samrina,1
,,,,881=,San,1
,,,,881=,Sana,1
,,,,881=,Sanam,1
,,,,881=,Sandee,1
,,,,881=,Sandip,1
,,,,881=,Sandy,1
,,,,881=,Sanjika,1
,,,,881=,Sanober,1
,,,,881=,Santosh,1
,,,,881=,Saoirse,1
,,,,881=,Saphire,1
,,,,881=,Sara-Jayne,1
,,,,881=,Sara-Lee,1
,,,,881=,Sara-Leigh,1
,,,,881=,Sarah-Anne,1
,,,,881=,Sarah-Jayne,1
,,,,881=,Sarah-Kate,1
,,,,881=,Sarajayne,1
,,,,881=,Sarbjit,1
,,,,881=,Sardea,1
,,,,881=,Sarika,1
,,,,881=,Sascha,1
,,,,881=,Saskia,1
,,,,881=,Satinder,1
,,,,881=,Sau,1
,,,,881=,Sceona,1
,,,,881=,Scherie,1
,,,,881=,Sea-Wang,1
,,,,881=,Seema,1
,,,,881=,Seemab,1
,,,,881=,Seetal,1
,,,,881=,Sehir,1
,,,,881=,Selene,1
,,,,881=,Seline,1
,,,,881=,Selma,1
,,,,881=,Semnia,1
,,,,881=,Senthi,1
,,,,881=,Seona,1
,,,,881=,Seonagh,1
,,,,881=,Serina,1
,,,,881=,Shabeena,1
,,,,881=,Shabnum,1
,,,,881=,Shadan,1
,,,,881=,Shadi,1
,,,,881=,Shafana,1
,,,,881=,Shaheen,1
,,,,881=,Shahesta,1
,,,,881=,Shahira,1
,,,,881=,Shahrona,1
,,,,881=,Shahzia,1
,,,,881=,Shahzya,1
,,,,881=,Shaleen,1
,,,,881=,Shalina,1
,,,,881=,Shalzeen,1
,,,,881=,Shamaela,1
,,,,881=,Shamala,1
,,,,881=,Shamimara,1
,,,,881=,Shamshad,1
,,,,881=,Shanette,1
,,,,881=,Shantell,1
,,,,881=,Sharee,1
,,,,881=,Sharelle,1
,,,,881=,Sharleane,1
,,,,881=,Sharleene,1
,,,,881=,Sharmaine,1
,,,,881=,Sharmane,1
,,,,881=,Sharn,1
,,,,881=,Sharon-Anne,1
,,,,881=,Sharrye,1
,,,,881=,Shawna,1
,,,,881=,Shaya,1
,,,,881=,Shaziah,1
,,,,881=,Shazmin,1
,,,,881=,Sheetal,1
,,,,881=,Sheikela,1
,,,,881=,Shelane,1
,,,,881=,Shelby,1
,,,,881=,Sheli,1
,,,,881=,Shelley-Marie,1
,,,,881=,Shelleyann,1
,,,,881=,Shellie,1
,,,,881=,Sheonagh,1
,,,,881=,Sheonaid,1
,,,,881=,Shereen,1
,,,,881=,Sherene,1
,,,,881=,Sheridan,1
,,,,881=,Sherina,1
,,,,881=,Sherlene,1
,,,,881=,Sherree,1
,,,,881=,Sherrene,1
,,,,881=,Sherri,1
,,,,881=,Sheryl-Anne,1
,,,,881=,Sheryle,1
,,,,881=,Sheryll,1
,,,,881=,Shevaun,1
,,,,881=,Shih-Ning,1
,,,,881=,Shilpi,1
,,,,881=,Shimila,1
,,,,881=,Shiona,1
,,,,881=,Shiran,1
,,,,881=,Shireen,1
,,,,881=,Shirien,1
,,,,881=,Shivani,1
,,,,881=,Shoniad,1
,,,,881=,Shou-Ling,1
,,,,881=,Shu,1
,,,,881=,Shugfta,1
,,,,881=,Shuk,1
,,,,881=,Shula,1
,,,,881=,Shuna,1
,,,,881=,Shyvonn,1
,,,,881=,Sibrena,1
,,,,881=,Sidrah,1
,,,,881=,Silvia,1
,,,,881=,Sima,1
,,,,881=,Sinaed,1
,,,,881=,Siobahn,1
,,,,881=,Sionagh,1
,,,,881=,Siony,1
,,,,881=,Siouxsie,1
,,,,881=,Sita,1
,,,,881=,Sitwat,1
,,,,881=,Siu,1
,,,,881=,Smina,1
,,,,881=,Sobia,1
,,,,881=,Sobiah,1
,,,,881=,Sohya,1
,,,,881=,Solii,1
,,,,881=,Sophona,1
,,,,881=,Soraya,1
,,,,881=,Sorelle,1
,,,,881=,Sorrell,1
,,,,881=,Sorsha,1
,,,,881=,Sossity,1
,,,,881=,Sou,1
,,,,881=,Stacey-Jane,1
,,,,881=,Staceyann,1
,,,,881=,Steffanie,1
,,,,881=,Stephana,1
,,,,881=,Stephane,1
,,,,881=,Stewart,1
,,,,881=,Sueve,1
,,,,881=,Sukai,1
,,,,881=,Sukhjinder,1
,,,,881=,Sumana,1
,,,,881=,Sumeah,1
,,,,881=,Summara,1
,,,,881=,Sumreen,1
,,,,881=,Sunita,1
,,,,881=,Susama,1
,,,,881=,Susan-Lee,1
,,,,881=,Susan-Marie,1
,,,,881=,Susanmarie,1
,,,,881=,Sushma,1
,,,,881=,Suzan,1
,,,,881=,Suzanah,1
,,,,881=,Suzann,1
,,,,881=,Suzanna,1
,,,,881=,Suzy,1
,,,,881=,Suzzanne,1
,,,,881=,Symia,1
,,,,881=,Tabbitha,1
,,,,881=,Tabitha,1
,,,,881=,Tahseen,1
,,,,881=,Tai,1
,,,,881=,Tamana,1
,,,,881=,Tamar,1
,,,,881=,Tamarah,1
,,,,881=,Tamarra,1
,,,,881=,Tamasin,1
,,,,881=,Tammi,1
,,,,881=,Tammilee,1
,,,,881=,Tamson,1
,,,,881=,Tani,1
,,,,881=,Tanis,1
,,,,881=,Tansy,1
,,,,881=,Tanzila,1
,,,,881=,Tapuwa,1
,,,,881=,Tarini,1
,,,,881=,Tarn,1
,,,,881=,Tasha,1
,,,,881=,Tasmin,1
,,,,881=,Tasswar,1
,,,,881=,Tayah,1
,,,,881=,Taym,1
,,,,881=,Tehmina,1
,,,,881=,Tela,1
,,,,881=,Terene,1
,,,,881=,Terresa,1
,,,,881=,Terrina,1
,,,,881=,Thar,1
,,,,881=,The,1
,,,,881=,Theodora,1
,,,,881=,Theresia,1
,,,,881=,Thomas,1
,,,,881=,Thureya,1
,,,,881=,Tiger-Lily,1
,,,,881=,Tiina,1
,,,,881=,Tiree,1
,,,,881=,Tongriang,1
,,,,881=,Toni-Michelle,1
,,,,881=,Tonianne,1
,,,,881=,Tonya,1
,,,,881=,Tracey-Kim,1
,,,,881=,Tracianne,1
,,,,881=,Tracy-Ann,1
,,,,881=,Tracy-Dawn,1
,,,,881=,Tracyann,1
,,,,881=,Treina,1
,,,,881=,Ula,1
,,,,881=,Ulla,1
,,,,881=,Umara,1
,,,,881=,Upenyu,1
,,,,881=,Vaila,1
,,,,881=,Vairi,1
,,,,881=,Valene,1
,,,,881=,Valla,1
,,,,881=,Vallene,1
,,,,881=,Vanda,1
,,,,881=,Vanitha,1
,,,,881=,Vanya,1
,,,,881=,Vari,1
,,,,881=,Vavous,1
,,,,881=,Veena,1
,,,,881=,Venetia,1
,,,,881=,Verawale,1
,,,,881=,Verona,1
,,,,881=,Vharri,1
,,,,881=,Vick,1
,,,,881=,Vickey,1
,,,,881=,Vicki-Anne,1
,,,,881=,Vickilee,1
,,,,881=,Victoria-Anne,1
,,,,881=,Victoria-Elizab,1
,,,,881=,Victoria-Marie,1
,,,,881=,Vijya,1
,,,,881=,Vinati,1
,,,,881=,Vinti,1
,,,,881=,Violet,1
,,,,881=,Virginia,1
,,,,881=,Vivianne,1
,,,,881=,Viviene,1
,,,,881=,Vivven,1
,,,,881=,Vonda,1
,,,,881=,Vsma,1
,,,,881=,Waheeda,1
,,,,881=,Wai,1
,,,,881=,Wallis,1
,,,,881=,Wanda,1
,,,,881=,Waverly,1
,,,,881=,Wei,1
,,,,881=,Wilhelmina,1
,,,,881=,Williamena,1
,,,,881=,Xanthia,1
,,,,881=,Xin-Yi,1
,,,,881=,Yee,1
,,,,881=,Yema,1
,,,,881=,Yemoley,1
,,,,881=,Yeun,1
,,,,881=,Yuk,1
,,,,881=,Zahara,1
,,,,881=,Zahida,1
,,,,881=,Zandra,1
,,,,881=,Zayna,1
,,,,881=,Zayneb,1
,,,,881=,Zehra,1
,,,,881=,Zeinat,1
,,,,881=,Zereeshka,1
,,,,881=,Zerqa,1
,,,,881=,Zoe-Anne,1
,,,,881=,Zoeanne,1
,,,,881=,Zowdie,1
,,,,881=,Zuni,1
,,,,,,
� Crown Copyright 2015,,,,,,
