Babies' first forenames: births registered in Scotland in 1976,,,,,,
,,,,,,
Information about the basis of the list can be found via the 'Babies' First Names' page on the National Records of Scotland website.,,,,,,
,,,,,,
Boys,,,,Girls,,
,,,,,,
Position,Name,Number of babies,,Position,Name,Number of babies
1,David,1744,,1,Nicola,839
2,John,1374,,2,Karen,767
3,Paul,1146,,3,Claire,759
4,James,1136,,4,Angela,672
5,Andrew,983,,5,Fiona,664
6,Steven,975,,6,Susan,551
7,Scott,964,,7,Jennifer,540
8,Mark,893,,8,Julie,538
9,Robert,757,,9,Gillian,524
10,Stephen,732,,10,Michelle,494
11,Craig,720,,11,Sharon,486
12,Christopher,695,,12,Sarah,477
13,Stuart,693,,13,Louise,458
14,Alan,689,,14,Donna,454
15,William,647,,15,Laura,445
16,Michael,645,,16,Amanda,376
17,Kevin,605,,17=,Alison,366
18,Colin,565,,17=,Lisa,366
19,Brian,527,,19,Caroline,358
20,Derek,519,,20,Kirsty,347
21,Neil,485,,21,Jacqueline,344
22,Richard,481,,22,Elaine,343
23,Martin,450,,23,Lesley,323
24,Gary,418,,24,Lynn,321
25,Ross,403,,25,Deborah,319
26,Thomas,377,,26,Elizabeth,316
27,Ian,376,,27,Joanne,311
28,Iain,373,,28,Emma,301
29,Barry,363,,29,Tracy,283
30,Gordon,362,,30,Lorraine,275
31,Graeme,348,,31=,Lynne,264
32,Graham,341,,31=,Margaret,264
33,Alexander,330,,33,Heather,262
34,Peter,323,,34,Carol,252
35,Kenneth,303,,35,Lorna,249
36,Simon,285,,36,Pauline,242
37=,Allan,261,,37,Kelly,240
37=,Darren,261,,38,Helen,238
39,George,259,,39,Catherine,232
40,Douglas,245,,40,Linda,221
41,Jason,223,,41,Victoria,219
42,Lee,221,,42,Suzanne,217
43,Gavin,217,,43,Kerry,216
44,Anthony,207,,44,Pamela,210
45,Jonathan,191,,45,Lee,209
46,Stewart,189,,46,Wendy,204
47,Jamie,177,,47,Jane,201
48,Keith,174,,48,Yvonne,193
49,Matthew,172,,49,Tracey,187
50,Joseph,164,,50,Anne,185
51,Daniel,155,,51,Clare,171
52,Edward,148,,52,Mary,163
53,Nicholas,145,,53,Diane,162
54,Grant,144,,54,Christine,156
55,Ryan,142,,55,Lynsey,153
56,Philip,140,,56,Samantha,150
57,Alistair,134,,57,Shona,149
58,Donald,132,,58,Andrea,147
59,Charles,130,,59,Marie,145
60,Duncan,122,,60,Gail,136
61,Garry,120,,61,Melanie,135
62,Malcolm,119,,62,Dawn,128
63,Raymond,115,,63,Ann,127
64=,Bryan,105,,64,Paula,122
64=,Ewan,105,,65=,Jill,119
66,Fraser,98,,65=,Ruth,119
67=,Alastair,96,,67,Leigh,118
67=,Euan,96,,68,Hazel,117
69,Patrick,94,,69,Debbie,110
70,Bruce,89,,70,Joanna,109
71,Ronald,86,,71,Denise,108
72,Greig,81,,72,Lindsay,106
73,Hugh,77,,73=,Gayle,104
74=,Francis,74,,73=,Patricia,104
74=,Gerard,74,,75,Catriona,99
76,Russell,73,,76,Kathleen,96
77,Alasdair,72,,77,Sandra,92
78=,Adam,68,,78=,Leanne,91
78=,Marc,68,,78=,Stephanie,91
78=,Sean,68,,80,Rachel,88
81,Benjamin,67,,81=,Katrina,85
82,Gregor,64,,81=,Shirley,85
83,Calum,63,,83,Kirsteen,82
84,Wayne,60,,84,Janet,81
85=,Robin,59,,85=,Arlene,80
85=,Roderick,59,,85=,Zoe,80
87,Murray,56,,87,Jillian,79
88,Greg,55,,88=,Anna,74
89,Angus,54,,88=,Judith,74
90,Cameron,53,,88=,Mhairi,74
91,Gerald,52,,88=,Natalie,74
92,Shaun,51,,92,Audrey,72
93,Samuel,47,,93=,Carolyn,71
94,Timothy,45,,93=,Morag,71
95,Liam,44,,95,Aileen,70
96,Campbell,43,,96=,Cheryl,69
97=,Gareth,41,,96=,Rebecca,69
97=,Niall,41,,98,Allison,68
99=,Dean,40,,99,Barbara,66
99=,Justin,40,,100,Mandy,65
101,Norman,38,,101,Christina,63
102,Aaron,37,,102,Lindsey,62
103,Adrian,36,,103,Kirsten,61
104,Henry,35,,104,Maureen,59
105,Callum,34,,105,Kathryn,58
106,Barrie,33,,106,Katherine,57
107,Roy,30,,107,Julia,55
108=,Dale,29,,108=,Maria,54
108=,Ewen,29,,108=,Marion,54
108=,Leslie,29,,108=,Sally,54
108=,Vincent,29,,108=,Sara,54
112,Terence,28,,112=,Frances,53
113=,Glen,26,,112=,Mairi,53
113=,Trevor,26,,112=,Vicky,53
115=,Frank,24,,115=,Carrie,52
115=,Jon,24,,115=,Nichola,52
117=,Dominic,23,,117=,Lucy,50
117=,Hamish,23,,117=,Lynda,50
119=,Antony,22,,119=,Kim,49
119=,Lindsay,22,,119=,Vicki,49
121=,Austin,21,,121,Michele,47
121=,Martyn,21,,122=,Alexandra,45
121=,Terry,21,,122=,Ashley,45
124=,Brendan,20,,122=,Lyndsey,45
124=,Christian,20,,125,Eileen,43
124=,Gregory,20,,126,Valerie,42
127,Glenn,19,,127,Carole,41
128=,Alisdair,18,,128=,Beverley,40
128=,Gregg,18,,128=,Janice,40
128=,Rory,18,,130=,Brenda,38
131=,Eric,17,,130=,Jean,38
131=,Evan,17,,130=,Marianne,38
131=,Jeffrey,17,,130=,Rosemary,38
131=,Lewis,17,,134=,Colette,37
131=,Owen,17,,134=,Siobhan,37
136=,Geoffrey,16,,136=,Kimberley,35
136=,Leon,16,,136=,Lyndsay,35
136=,Walter,16,,136=,Theresa,35
139=,Marcus,15,,139=,Evelyn,34
139=,Tony,15,,139=,Georgina,34
141=,Bernard,14,,139=,Hilary,34
141=,Jack,14,,139=,June,34
141=,Leigh,14,,139=,Moira,34
141=,Magnus,14,,139=,Rhona,34
145=,Arthur,13,,139=,Teresa,34
145=,Kirk,13,,146=,Dianne,33
145=,Laurence,13,,146=,Emily,33
145=,Shane,13,,148=,Eleanor,32
145=,Stefan,13,,148=,Tanya,32
150=,Blair,12,,150=,Charlotte,31
150=,Darran,12,,150=,Leah,31
150=,Denis,12,,150=,Natasha,31
150=,Guy,12,,150=,Nicole,31
150=,Innes,12,,154=,Carla,30
150=,Jeremy,12,,154=,Lyn,30
150=,Jonathon,12,,154=,Melissa,30
150=,Kyle,12,,157=,Adele,29
150=,Lawrence,12,,157=,Janette,29
150=,Luke,12,,157=,Jayne,29
150=,Mohammad,12,,160=,Irene,28
150=,Nathan,12,,160=,Joyce,28
150=,Nigel,12,,160=,Kirstin,28
150=,Noel,12,,163=,Alexis,27
150=,Roger,12,,163=,Gaynor,27
165=,Brett,11,,163=,Geraldine,27
165=,Derrick,11,,163=,Kate,27
165=,Murdo,11,,163=,Kay,27
165=,Rodney,11,,163=,Morven,27
169=,Aidan,10,,163=,Susanne,27
169=,Alister,10,,170=,Agnes,26
169=,Damian,10,,170=,Bernadette,26
169=,Desmond,10,,170=,Iona,26
169=,Elliot,10,,170=,Lauren,26
169=,Imran,10,,170=,Sylvia,26
169=,Jan,10,,175=,Alyson,25
169=,Julian,10,,175=,Clair,25
169=,Karl,10,,175=,Jan,25
169=,Kevan,10,,175=,Joan,25
169=,Leonard,10,,175=,Kellie,25
169=,Neill,10,,180=,Alice,24
169=,Ronnie,10,,180=,Cara,24
182=,Archibald,9,,180=,Hannah,24
182=,Ben,9,,183=,Eilidh,23
182=,Carl,9,,183=,Rachael,23
182=,Dennis,9,,183=,Shelley,23
182=,Don,9,,183=,Sonia,23
182=,Edwin,9,,183=,Tina,23
182=,Jim,9,,188=,Isla,22
182=,Kerr,9,,188=,Kimberly,22
182=,Kris,9,,188=,Nadia,22
182=,Moray,9,,188=,Naomi,22
182=,Nicolas,9,,188=,Stacey,22
182=,Oliver,9,,188=,Veronica,22
182=,Robbie,9,,194=,Ellen,21
182=,Steve,9,,194=,Kirstie,21
196=,Austen,8,,194=,Tammy,21
196=,Clark,8,,194=,Vivienne,21
196=,Clive,8,,198=,Annette,20
196=,Danny,8,,198=,Avril,20
196=,Dylan,8,,198=,Faye,20
196=,Fergus,8,,198=,Lee-Anne,20
196=,Harry,8,,198=,Maxine,20
196=,Kieran,8,,198=,Rona,20
196=,Kieron,8,,198=,Sheila,20
196=,Kristian,8,,205=,Amy,19
196=,Marco,8,,205=,Gwen,19
196=,Mohammed,8,,205=,Louisa,19
196=,Neal,8,,205=,Sheena,19
196=,Ramsay,8,,209=,Ailsa,18
196=,Scot,8,,209=,Charlene,18
196=,Toby,8,,209=,Dorothy,18
196=,Warren,8,,209=,Hayley,18
213=,Ali,7,,209=,Katie,18
213=,Allen,7,,209=,Leona,18
213=,Ashley,7,,209=,Sarah-Jane,18
213=,Crawford,7,,216=,Debra,17
213=,Derick,7,,216=,Diana,17
213=,Forbes,7,,216=,Janine,17
213=,Glyn,7,,216=,Jenny,17
213=,Grahame,7,,216=,Marina,17
213=,Leo,7,,216=,Rosalind,17
213=,Mathew,7,,222=,Collette,16
213=,Neville,7,,222=,Danielle,16
213=,Phillip,7,,222=,Eve,16
213=,Ralph,7,,222=,Jaime,16
213=,Tom,7,,222=,Joy,16
227=,Asif,6,,222=,Katharine,16
227=,Billy,6,,222=,Kerri,16
227=,Bradley,6,,229=,Anne-Marie,15
227=,Brent,6,,229=,Corinne,15
227=,Chris,6,,229=,Evonne,15
227=,Damien,6,,229=,Isabel,15
227=,Darrin,6,,229=,Josephine,15
227=,Darryl,6,,229=,Juliet,15
227=,Dougal,6,,229=,Lynsay,15
227=,Drew,6,,229=,Rhonda,15
227=,Eugene,6,,229=,Sophie,15
227=,Finlay,6,,229=,Vanessa,15
227=,Frazer,6,,229=,Wilma,15
227=,Jay,6,,240=,Doreen,14
227=,Kristopher,6,,240=,Esther,14
227=,Leighton,6,,240=,Isabella,14
227=,Lloyd,6,,240=,Isobel,14
227=,Max,6,,240=,Kerrie,14
227=,Nadeem,6,,240=,Lara,14
227=,Nairn,6,,240=,Lee-Ann,14
227=,Roddy,6,,240=,Leeanne,14
227=,Rodger,6,,240=,Nadine,14
227=,Ruairidh,6,,240=,Norma,14
227=,Sam,6,,240=,Sharlene,14
227=,Sandy,6,,240=,Tara,14
252=,Abdul,5,,252=,Angie,13
252=,Albert,5,,252=,Anita,13
252=,Archie,5,,252=,Carol-Anne,13
252=,Brendon,5,,252=,Charmaine,13
252=,Cornelius,5,,252=,Elspeth,13
252=,Daryl,5,,252=,Ingrid,13
252=,Howard,5,,252=,Lea,13
252=,Ivor,5,,252=,Linsey,13
252=,Keir,5,,252=,Sonya,13
252=,Maurice,5,,252=,Vikki,13
252=,Mitchell,5,,262=,Abigail,12
252=,Nicky,5,,262=,Colleen,12
252=,Niki,5,,262=,Erica,12
252=,Omar,5,,262=,Gael,12
252=,Ray,5,,262=,Grace,12
252=,Ricky,5,,262=,Lianne,12
252=,Ritchie,5,,262=,Liza,12
252=,Roland,5,,262=,Lynette,12
252=,Rupert,5,,262=,Mhari,12
252=,Shahid,5,,262=,Nina,12
252=,Victor,5,,262=,Penny,12
273=,Bryce,4,,262=,Roslyn,12
273=,Carlo,4,,274=,Ann-Marie,11
273=,Damon,4,,274=,Carmen,11
273=,Darrell,4,,274=,Francesca,11
273=,Gerrard,4,,274=,Jade,11
273=,Jacob,4,,274=,Jeanette,11
273=,Jesse,4,,274=,Jessica,11
273=,Jody,4,,274=,Jolene,11
273=,Joel,4,,274=,Julie-Anne,11
273=,Kashif,4,,274=,Justine,11
273=,Kenny,4,,274=,Karin,11
273=,Laurie,4,,274=,Kirstine,11
273=,Lorne,4,,274=,Lesley-Anne,11
273=,Louis,4,,274=,Monica,11
273=,Maxwell,4,,274=,Roseanne,11
273=,Muhammad,4,,274=,Verity,11
273=,Nikki,4,,274=,Vivien,11
273=,Ranald,4,,290=,Allyson,10
273=,Ruaraidh,4,,290=,Bridget,10
273=,Struan,4,,290=,Carolanne,10
273=,Tommy,4,,290=,Cindy,10
294=,Ahmed,3,,290=,Fay,10
294=,Alessandro,3,,290=,Gina,10
294=,Alex,3,,290=,Kara,10
294=,Allister,3,,290=,Keri,10
294=,Alun,3,,290=,Linzi,10
294=,Angelo,3,,290=,Marilyn,10
294=,Arran,3,,290=,Sacha,10
294=,Arron,3,,290=,Vivian,10
294=,Benedict,3,,302=,Angelina,9
294=,Bobby,3,,302=,Annabel,9
294=,Brodie,3,,302=,Annmarie,9
294=,Bryn,3,,302=,April,9
294=,Carwyn,3,,302=,Connie,9
294=,Chi,3,,302=,Dionne,9
294=,Clarke,3,,302=,Harriet,9
294=,Clifford,3,,302=,Helena,9
294=,Clinton,3,,302=,Johanna,9
294=,Conrad,3,,302=,Juliette,9
294=,Damion,3,,302=,Karyn,9
294=,Daren,3,,302=,Katy,9
294=,Darrel,3,,302=,Linsay,9
294=,Darroch,3,,302=,Margo,9
294=,Deryck,3,,302=,Martha,9
294=,Edmond,3,,302=,Morna,9
294=,Ellis,3,,302=,Philippa,9
294=,Ernest,3,,302=,Roberta,9
294=,Finn,3,,302=,Rose,9
294=,Frederick,3,,302=,Seonaid,9
294=,Guido,3,,302=,Sonja,9
294=,Jaime,3,,323=,Alana,8
294=,Joe,3,,323=,Amber,8
294=,Kane,3,,323=,Annie,8
294=,Khalid,3,,323=,Catrina,8
294=,Lachlan,3,,323=,Dana,8
294=,Luciano,3,,323=,Glenda,8
294=,Lyle,3,,323=,Johan,8
294=,Mario,3,,323=,Karina,8
294=,Miles,3,,323=,Leann,8
294=,Morgan,3,,323=,Lois,8
294=,Morris,3,,323=,Marisa,8
294=,Myles,3,,323=,Marissa,8
294=,Neale,3,,323=,Marnie,8
294=,Nicol,3,,323=,Nikki,8
294=,Niel,3,,323=,Olivia,8
294=,Riaz,3,,323=,Penelope,8
294=,Rizwan,3,,323=,Rhoda,8
294=,Rowan,3,,323=,Roseann,8
294=,Seth,3,,323=,Sasha,8
294=,Sinclair,3,,323=,Sheryl,8
294=,Spencer,3,,323=,Shonagh,8
294=,Stefano,3,,323=,Tania,8
294=,Stephan,3,,345=,Amelia,7
294=,Walker,3,,345=,Beth,7
347=,Alain,2,,345=,Carolann,7
347=,Aldo,2,,345=,Claudia,7
347=,Alfred,2,,345=,Cora,7
347=,Alick,2,,345=,Davina,7
347=,Allistair,2,,345=,Deirdre,7
347=,Amos,2,,345=,Gemma,7
347=,Andre,2,,345=,Inga,7
347=,Andrea,2,,345=,Jackie,7
347=,Anson,2,,345=,Janis,7
347=,Asad,2,,345=,Jessie,7
347=,Asam,2,,345=,Johanne,7
347=,Atif,2,,345=,Judy,7
347=,Barclay,2,,345=,Lana,7
347=,Barnaby,2,,345=,Lilian,7
347=,Barry-John,2,,345=,Maree,7
347=,Blythe,2,,345=,Martine,7
347=,Boyd,2,,345=,Miriam,7
347=,Brandon,2,,345=,Nyree,7
347=,Brydon,2,,345=,Senga,7
347=,Casey,2,,345=,Sharron,7
347=,Chay,2,,345=,Simone,7
347=,Chee,2,,345=,Susannah,7
347=,Ciaran,2,,345=,Tamsin,7
347=,Clayton,2,,345=,Virginia,7
347=,Clint,2,,371=,Adrienne,6
347=,Cristopher,2,,371=,Alix,6
347=,Darin,2,,371=,Belinda,6
347=,Deepak,2,,371=,Carly,6
347=,Dereck,2,,371=,Carol-Ann,6
347=,Dermot,2,,371=,Carolyne,6
347=,Donnie,2,,371=,Cassandra,6
347=,Donny,2,,371=,Cherie,6
347=,Duane,2,,371=,Chloe,6
347=,Dugald,2,,371=,Edith,6
347=,Eamon,2,,371=,Elinor,6
347=,Edmund,2,,371=,Elisabeth,6
347=,Eliot,2,,371=,Erika,6
347=,Elliott,2,,371=,Erin,6
347=,Eoghann,2,,371=,Heidi,6
347=,Errol,2,,371=,Jacquelyn,6
347=,Faisal,2,,371=,Jody,6
347=,Farquhar,2,,371=,Julianne,6
347=,Felix,2,,371=,Kareen,6
347=,Fernando,2,,371=,Laurie,6
347=,Gabriel,2,,371=,Leeann,6
347=,Garth,2,,371=,Leslie,6
347=,Geoff,2,,371=,Marcia,6
347=,Gerarde,2,,371=,Marian,6
347=,Ghazi,2,,371=,Marjorie,6
347=,Gideon,2,,371=,Marlene,6
347=,Gilbert,2,,371=,May,6
347=,Grieg,2,,371=,Michaela,6
347=,Hamilton,2,,371=,Petra,6
347=,Harold,2,,371=,Rita,6
347=,Hassan,2,,371=,Robina,6
347=,Hector,2,,371=,Robyn,6
347=,Hendry,2,,371=,Selena,6
347=,Irfan,2,,371=,Shazia,6
347=,Ivan,2,,371=,Susanna,6
347=,Jeff,2,,371=,Tamara,6
347=,Jerry,2,,371=,Terri,6
347=,Jodie,2,,371=,Toni,6
347=,Johnathan,2,,371=,Trudy,6
347=,Johnny,2,,371=,Wai,6
347=,Jon-Paul,2,,411=,Abbie,5
347=,Jonathen,2,,411=,Ainsley,5
347=,Jose,2,,411=,Andrina,5
347=,Juan,2,,411=,Annabelle,5
347=,Jude,2,,411=,Annamarie,5
347=,Ka,2,,411=,Anthea,5
347=,Kai,2,,411=,Arleen,5
347=,Kamran,2,,411=,Beatrice,5
347=,Keiran,2,,411=,Beverly,5
347=,Keiron,2,,411=,Caren,5
347=,Kelly,2,,411=,Cecilia,5
347=,Kelvin,2,,411=,Corinna,5
347=,Kerrin,2,,411=,Emma-Jane,5
347=,Keven,2,,411=,Eva,5
347=,Krishna,2,,411=,Faith,5
347=,Kristofer,2,,411=,Freya,5
347=,Kristoffer,2,,411=,Janey,5
347=,Leif,2,,411=,Julie-Ann,5
347=,Lorn,2,,411=,Katriona,5
347=,Lyall,2,,411=,Kristina,5
347=,Man,2,,411=,Leigh-Ann,5
347=,Marcos,2,,411=,Leila,5
347=,Marshall,2,,411=,Lesley-Ann,5
347=,Marty,2,,411=,Lia,5
347=,Matt,2,,411=,Lillian,5
347=,Melvin,2,,411=,Lucinda,5
347=,Mervyn,2,,411=,Miranda,5
347=,Metin,2,,411=,Myra,5
347=,Mohamed,2,,411=,Rae,5
347=,Murdoch,2,,411=,Rebekah,5
347=,Naveed,2,,411=,Rowan,5
347=,Nial,2,,411=,Serena,5
347=,Nickolas,2,,411=,Shahida,5
347=,Oscar,2,,411=,Sharleen,5
347=,Raja,2,,411=,Shelagh,5
347=,Remo,2,,411=,Sheree,5
347=,Reuben,2,,411=,Sian,5
347=,Ricardo,2,,411=,Soraya,5
347=,Rikki,2,,411=,Trudi,5
347=,Rognvald,2,,450=,Abby,4
347=,Ruari,2,,450=,Adelle,4
347=,Sandeep,2,,450=,Alexa,4
347=,Sebastian,2,,450=,Aline,4
347=,Seumas,2,,450=,Antonia,4
347=,Shahzad,2,,450=,Arwen,4
347=,Shawn,2,,450=,Ashleigh,4
347=,Shazad,2,,450=,Bianca,4
347=,Silas,2,,450=,Caitlin,4
347=,Stanley,2,,450=,Camilla,4
347=,Stephane,2,,450=,Candice,4
347=,Sunil,2,,450=,Carlyn,4
347=,Sydney,2,,450=,Carron,4
347=,Symon,2,,450=,Ceri,4
347=,Taylor,2,,450=,Cherry,4
347=,Tobias,2,,450=,Christian,4
347=,Tomas,2,,450=,Dolina,4
347=,Torquil,2,,450=,Donna-Marie,4
347=,Usman,2,,450=,Elena,4
347=,Wade,2,,450=,Elise,4
347=,Wallace,2,,450=,Flora,4
347=,Warwick,2,,450=,Gabrielle,4
347=,Watson,2,,450=,Helga,4
347=,Xavier,2,,450=,Hilda,4
347=,Yan,2,,450=,Iris,4
475=,A-Lan,1,,450=,Ishbel,4
475=,Ab,1,,450=,Jay,4
475=,Abadia,1,,450=,Jeanie,4
475=,Abhijit,1,,450=,Jenifer,4
475=,Abid,1,,450=,Jo-Anne,4
475=,Abie,1,,450=,Joann,4
475=,Aboullah,1,,450=,Kerry-Ann,4
475=,Abubakar,1,,450=,Kirsti,4
475=,Adair,1,,450=,Krista,4
475=,Adeolu,1,,450=,Laureen,4
475=,Adetola,1,,450=,Leesa,4
475=,Adnaan,1,,450=,Leigh-Anne,4
475=,Adnan,1,,450=,Lesa,4
475=,Adrien,1,,450=,Liane,4
475=,Afif,1,,450=,Lissa,4
475=,Afolabi,1,,450=,Lydia,4
475=,Ahmet,1,,450=,Mari,4
475=,Ahsan,1,,450=,Marjory,4
475=,Aiden,1,,450=,Marsaili,4
475=,Ainsley,1,,450=,Marsha,4
475=,Ainslie,1,,450=,Maryann,4
475=,Al-Hamzah,1,,450=,Maryanne,4
475=,Alaa,1,,450=,Nickola,4
475=,Alaister,1,,450=,Nikola,4
475=,Alberto,1,,450=,Noreen,4
475=,Albion,1,,450=,Odette,4
475=,Alec,1,,450=,Rosalyn,4
475=,Alexandra,1,,450=,Rowena,4
475=,Alexandre,1,,450=,Sadia,4
475=,Alfie,1,,450=,Sandie,4
475=,Alfonso,1,,450=,Sarah-Anne,4
475=,Alin,1,,450=,Sheona,4
475=,Allesandro,1,,450=,Sinead,4
475=,Allin,1,,450=,Sophia,4
475=,Alton,1,,450=,Stacy,4
475=,Alvan,1,,450=,Stella,4
475=,Alvaro,1,,450=,Tammi,4
475=,Alvin,1,,450=,Teri,4
475=,Alyn,1,,450=,Yla,4
475=,Amaechi,1,,450=,Yvette,4
475=,Amar,1,,450=,Zoey,4
475=,Amer,1,,516=,Ailie,3
475=,Amerjit,1,,516=,Alanna,3
475=,Amger,1,,516=,Alexandria,3
475=,Amir,1,,516=,Alicia,3
475=,Amoran,1,,516=,Andrena,3
475=,Amran,1,,516=,Annemarie,3
475=,Amur,1,,516=,Anouska,3
475=,Andres,1,,516=,Averil,3
475=,Andy,1,,516=,Ayesha,3
475=,Aneurin,1,,516=,Bryony,3
475=,Anrejan,1,,516=,Caireen,3
475=,Anton,1,,516=,Carey,3
475=,Antoni,1,,516=,Carolan,3
475=,Antonio,1,,516=,Carrie-Ann,3
475=,Anwar,1,,516=,Cathrine,3
475=,Aqeel,1,,516=,Celia,3
475=,Aqueel,1,,516=,Chantelle,3
475=,Aran,1,,516=,Corrina,3
475=,Arfan,1,,516=,Dale,3
475=,Ari,1,,516=,Dee,3
475=,Arshed,1,,516=,Dominique,3
475=,Artur,1,,516=,Elisa,3
475=,Ashiru,1,,516=,Emma-Louise,3
475=,Ashraf,1,,516=,Euphemia,3
475=,Asim,1,,516=,Felicity,3
475=,Athanassios,1,,516=,Florence,3
475=,Atheer,1,,516=,Gale,3
475=,Athol,1,,516=,Gwendoline,3
475=,Atholl,1,,516=,Heloise,3
475=,Attif,1,,516=,Henrietta,3
475=,Avaiz,1,,516=,Holly,3
475=,Ayaz,1,,516=,Honor,3
475=,Aymn,1,,516=,Isabelle,3
475=,Balhar,1,,516=,Jacqui,3
475=,Barky,1,,516=,Janie,3
475=,Barrington,1,,516=,Jeannie,3
475=,Baxter,1,,516=,Jennie,3
475=,Benjiman,1,,516=,Jocelyn,3
475=,Benoit,1,,516=,Joline,3
475=,Berry,1,,516=,Juliana,3
475=,Bert,1,,516=,Kari,3
475=,Bhupindar,1,,516=,Kaye,3
475=,Bishara,1,,516=,Keira,3
475=,Brady,1,,516=,Kelley,3
475=,Brand,1,,516=,Kelly-Marie,3
475=,Brien,1,,516=,Keren,3
475=,Broderick,1,,516=,Kristen,3
475=,Brook,1,,516=,Kristine,3
475=,Brooks,1,,516=,Kylie,3
475=,Bulvinder,1,,516=,Lai,3
475=,Burton,1,,516=,Layla,3
475=,Caird,1,,516=,Leisa,3
475=,Caleb,1,,516=,Leonie,3
475=,Calvin,1,,516=,Letitia,3
475=,Caoimhin,1,,516=,Leza,3
475=,Cardean,1,,516=,Liann,3
475=,Carley,1,,516=,Loraine,3
475=,Cathal,1,,516=,Lori,3
475=,Cathel,1,,516=,Lucie,3
475=,Cathil,1,,516=,Luisa,3
475=,Cathol,1,,516=,Lynnette,3
475=,Caz,1,,516=,Madeleine,3
475=,Cecil,1,,516=,Marie-Louise,3
475=,Cedric,1,,516=,Mariessa,3
475=,Chad,1,,516=,Martina,3
475=,Chadwick,1,,516=,Mary-Anne,3
475=,Chae,1,,516=,Melody,3
475=,Challum,1,,516=,Moyra,3
475=,Chandramohan,1,,516=,Nancy,3
475=,Chaudhry,1,,516=,Nanette,3
475=,Che,1,,516=,Olga,3
475=,Cheuk,1,,516=,Regan,3
475=,Chi-King,1,,516=,Rosalynn,3
475=,Chia,1,,516=,Rosemarie,3
475=,Chiang,1,,516=,Samina,3
475=,Chien,1,,516=,Sara-Jane,3
475=,Choudary,1,,516=,Selina,3
475=,Christie,1,,516=,Shannon,3
475=,Christipher,1,,516=,Sheelagh,3
475=,Christofer,1,,516=,Sheonagh,3
475=,Christos,1,,516=,Sherri,3
475=,Christy,1,,516=,Sorrel,3
475=,Chukwuemeka,1,,516=,Stefanie,3
475=,Chung,1,,516=,Sunita,3
475=,Chy,1,,516=,Suzannah,3
475=,Ciaron,1,,516=,Tabitha,3
475=,Claire,1,,516=,Tammie,3
475=,Coinneach,1,,516=,Thea,3
475=,Collwyn,1,,516=,Thelma,3
475=,Colm,1,,516=,Ursula,3
475=,Connell,1,,516=,Vanda,3
475=,Connor,1,,516=,Vickie,3
475=,Conor,1,,516=,Violet,3
475=,Cormac,1,,516=,Yee,3
475=,Cortez,1,,516=,Yolanda,3
475=,Courtney,1,,516=,Yuen,3
475=,Cristiano,1,,516=,Zena,3
475=,Crosbie,1,,613=,Ailis,2
475=,Cymon,1,,613=,Aimee,2
475=,Dahmaindar,1,,613=,Ainslie,2
475=,Damen,1,,613=,Alexandrina,2
475=,Damienne,1,,613=,Alexia,2
475=,Damond,1,,613=,Alisha,2
475=,Damus,1,,613=,Alma,2
475=,Dane,1,,613=,Amira,2
475=,Daniele,1,,613=,Andrewina,2
475=,Danilo,1,,613=,Anna-Marie,2
475=,Darmid,1,,613=,Annika,2
475=,Darryck,1,,613=,Antoinette,2
475=,Darwin,1,,613=,Anya,2
475=,Daryn,1,,613=,Aron,2
475=,Dave,1,,613=,Asha,2
475=,David-John,1,,613=,Athena,2
475=,Davidjon,1,,613=,Aylene,2
475=,Davison,1,,613=,Bernice,2
475=,Davyd,1,,613=,Billie,2
475=,Dawod,1,,613=,Billie-Jean,2
475=,Dawson,1,,613=,Bonnie,2
475=,Declan,1,,613=,Briony,2
475=,Dell,1,,613=,Candida,2
475=,Dempric,1,,613=,Caragh,2
475=,Denholm,1,,613=,Carina,2
475=,Denny,1,,613=,Carine,2
475=,Denzall,1,,613=,Carolynn,2
475=,Deoraj,1,,613=,Caryn,2
475=,Derry,1,,613=,Cassie,2
475=,Deryk,1,,613=,Cathy,2
475=,Diarmid,1,,613=,Charis,2
475=,Dickon,1,,613=,Charlaine,2
475=,Diljeet,1,,613=,Charleen,2
475=,Dino,1,,613=,Chelsea,2
475=,Djenan,1,,613=,Cher,2
475=,Domhnull,1,,613=,Cherryl,2
475=,Dominique,1,,613=,Chris,2
475=,Donaldson,1,,613=,Christie,2
475=,Donato,1,,613=,Christy,2
475=,Dorian,1,,613=,Clara,2
475=,Douglad,1,,613=,Claudette,2
475=,Duar,1,,613=,Claudine,2
475=,Dudley,1,,613=,Coleen,2
475=,Dughall,1,,613=,Corrie,2
475=,Dwayne,1,,613=,Daniela,2
475=,Dylin,1,,613=,Dawna,2
475=,Eamonn,1,,613=,Dennise,2
475=,Eddie,1,,613=,Diann,2
475=,Eden,1,,613=,Dona,2
475=,Eduardo,1,,613=,Donella,2
475=,Elasah,1,,613=,Dorothea,2
475=,Elio,1,,613=,Dyan,2
475=,Elizabeth,1,,613=,Elisha,2
475=,Elwyn,1,,613=,Elissa,2
475=,Emil,1,,613=,Elizabeth-Ann,2
475=,Emile,1,,613=,Elsbeth,2
475=,Emilio,1,,613=,Emma-Jayne,2
475=,Emlyn,1,,613=,Eveline,2
475=,Emmanuel,1,,613=,Ewa,2
475=,Enrico,1,,613=,Farah,2
475=,Enrique,1,,613=,Farida,2
475=,Enzo,1,,613=,Farzana,2
475=,Eoghainn,1,,613=,Fauzia,2
475=,Eoin,1,,613=,Fozia,2
475=,Erik,1,,613=,Francine,2
475=,Erol,1,,613=,Frieda,2
475=,Eshan,1,,613=,Genevieve,2
475=,Estevan,1,,613=,Georgette,2
475=,Ethahad-A-Elahe,1,,613=,Gillean,2
475=,Eyad,1,,613=,Gladys,2
475=,Fahmy,1,,613=,Graine,2
475=,Fanzisai,1,,613=,Haley,2
475=,Faress,1,,613=,Hanna,2
475=,Farhaad,1,,613=,Hellen,2
475=,Fayyaz,1,,613=,Ijeoma,2
475=,Fazli,1,,613=,Imogen,2
475=,Findlay,1,,613=,Ina,2
475=,Fion,1,,613=,Irena,2
475=,Fiona,1,,613=,Isis,2
475=,Firas,1,,613=,Islay,2
475=,Francesco,1,,613=,Jacolyn,2
475=,Franciszek,1,,613=,Jacquelyne,2
475=,Frankie,1,,613=,Jamie,2
475=,Fred,1,,613=,Janna,2
475=,Fredrick,1,,613=,Janne,2
475=,Fritjof,1,,613=,Jaqueline,2
475=,Furhan,1,,613=,Jasmine,2
475=,Gair,1,,613=,Jeanne,2
475=,Gallwai,1,,613=,Jemima,2
475=,Garin,1,,613=,Jemma,2
475=,Garnett,1,,613=,Jeniffer,2
475=,Garren,1,,613=,Jilliam,2
475=,Garri,1,,613=,Jo-Ann,2
475=,Garrick,1,,613=,Jodi,2
475=,Garrie,1,,613=,Jodie,2
475=,Garrod,1,,613=,Joleen,2
475=,Garvan,1,,613=,Julieann,2
475=,Garven,1,,613=,Julieanne,2
475=,Gavyn,1,,613=,Karena,2
475=,Gawaine,1,,613=,Karine,2
475=,Gee,1,,613=,Karla,2
475=,Georg,1,,613=,Karlin,2
475=,George-John,1,,613=,Karren,2
475=,Georgios,1,,613=,Karrie,2
475=,Geraint,1,,613=,Kathrine,2
475=,Geraldo,1,,613=,Katya,2
475=,Gerrie,1,,613=,Keli,2
475=,Ghulam,1,,613=,Kendal,2
475=,Giandani,1,,613=,Kerriann,2
475=,Gibson,1,,613=,Kerrie-Anne,2
475=,Gihan,1,,613=,Kerry-Jane,2
475=,Gil,1,,613=,Kerryn,2
475=,Gilliam,1,,613=,Kerstin,2
475=,Gillies,1,,613=,Kiri,2
475=,Gilmore,1,,613=,Kirstene,2
475=,Giovanni,1,,613=,Kirstyn,2
475=,Giray,1,,613=,Kristeen,2
475=,Girdwood,1,,613=,Kristel,2
475=,Giuliano,1,,613=,Kristi,2
475=,Giuseppe,1,,613=,Kyla,2
475=,Gladwyn,1,,613=,Laraine,2
475=,Glynn,1,,613=,Lauri,2
475=,Granville,1,,613=,Laurina,2
475=,Gregorie,1,,613=,Layna,2
475=,Greigor,1,,613=,Lea-Anne,2
475=,Griffin,1,,613=,Leaza,2
475=,Grigor,1,,613=,Lena,2
475=,Guglielmo,1,,613=,Leonora,2
475=,Gurbalkar,1,,613=,Leyla,2
475=,Gurcharnjit,1,,613=,Lily,2
475=,Gurmail,1,,613=,Lindsay-Anne,2
475=,Gurmare,1,,613=,Lindy,2
475=,Gurtake,1,,613=,Linzie,2
475=,Gurvinder,1,,613=,Lisa-Ann,2
475=,Gwilym,1,,613=,Loreen,2
475=,Gwynfor,1,,613=,Loretta,2
475=,Haidar,1,,613=,Lorna-Jane,2
475=,Harbinder,1,,613=,Lorne,2
475=,Hardeep,1,,613=,Lucille,2
475=,Harnaik,1,,613=,Luma,2
475=,Haroon,1,,613=,Lynn-Marie,2
475=,Hartwig,1,,613=,Mabel,2
475=,Harun,1,,613=,Maeve,2
475=,Harvey,1,,613=,Mairi-Clare,2
475=,Hatem,1,,613=,Manjit,2
475=,Haydn,1,,613=,Marcella,2
475=,Herbert,1,,613=,Marita,2
475=,Heston,1,,613=,Marlyn,2
475=,Hisham,1,,613=,Marni,2
475=,Ho,1,,613=,Mary-Jane,2
475=,Hocine,1,,613=,Megan,2
475=,Hok,1,,613=,Mei,2
475=,Hon,1,,613=,Melloney,2
475=,Hugo,1,,613=,Mirelle,2
475=,Huseyin,1,,613=,Mischa,2
475=,Hythm,1,,613=,Mona,2
475=,Iahan,1,,613=,Muriel,2
475=,Ibiso,1,,613=,Natalina,2
475=,Ifan,1,,613=,Nazia,2
475=,Imlach,1,,613=,Nichole,2
475=,Imornefe,1,,613=,Nicola-Jane,2
475=,Inderpal,1,,613=,Nicolette,2
475=,Inness,1,,613=,Niki,2
475=,Innis,1,,613=,Nora,2
475=,Irman,1,,613=,Pearl,2
475=,Irvine,1,,613=,Polly,2
475=,Isaac,1,,613=,Pooja,2
475=,Issaq,1,,613=,Rachelle,2
475=,Jackie,1,,613=,Raina,2
475=,Jacky,1,,613=,Rayna,2
475=,Jaeger,1,,613=,Renee,2
475=,Jagdeep,1,,613=,Rhian,2
475=,Jagjeet,1,,613=,Rhiannon,2
475=,Jagtar,1,,613=,Rochelle,2
475=,Jai,1,,613=,Roisin,2
475=,Jairon,1,,613=,Rosaleen,2
475=,Jalid,1,,613=,Rosanne,2
475=,Jamey,1,,613=,Roseleen,2
475=,Jamieson,1,,613=,Roslynn,2
475=,Jan-Willem,1,,613=,Rubina,2
475=,Janaan,1,,613=,Ruby,2
475=,Janek,1,,613=,Sabina,2
475=,Jared,1,,613=,Sabrina,2
475=,Jarred,1,,613=,Saiqa,2
475=,Jaspar,1,,613=,Sally-Anne,2
475=,Jaswant,1,,613=,Samara,2
475=,Javid,1,,613=,Sara-Louise,2
475=,Jayson,1,,613=,Sarah-Louise,2
475=,Jean-Jacques,1,,613=,Seonad,2
475=,Jean-Yves,1,,613=,Shabana,2
475=,Jebadiah,1,,613=,Shareen,2
475=,Jeffery,1,,613=,Shauna,2
475=,Jensen,1,,613=,Shelly,2
475=,Jered,1,,613=,Sherrie,2
475=,Jeremiah,1,,613=,Shiona,2
475=,Jeremie,1,,613=,Shireen,2
475=,Jesus,1,,613=,Shirley-Anne,2
475=,Jeturo,1,,613=,Sorcha,2
475=,Jilal,1,,613=,Stephenie,2
475=,Jimi,1,,613=,Surinder,2
475=,Jimmy,1,,613=,Tamsyn,2
475=,Jin,1,,613=,Tasneem,2
475=,Jo,1,,613=,Terry,2
475=,Joey,1,,613=,Tessa,2
475=,Johannes,1,,613=,Therese,2
475=,Johathan,1,,613=,Tiziana,2
475=,John-Alexander,1,,613=,Tonia,2
475=,John-Thomas,1,,613=,Tracie,2
475=,Johnston,1,,613=,Tracy-Ann,2
475=,Jonboy,1,,613=,Trisha,2
475=,Jonnie,1,,613=,Trudie,2
475=,Jonny,1,,613=,Una,2
475=,Jonpaul,1,,613=,Vaila,2
475=,Joris,1,,613=,Vanya,2
475=,Jorn,1,,613=,Vera,2
475=,Joshua,1,,613=,Wilhelmina,2
475=,Joyanta,1,,613=,Winifred,2
475=,Jozef,1,,613=,Yasmeen,2
475=,Judd,1,,613=,Yuk,2
475=,Juneid,1,,613=,Zara,2
475=,Jurg,1,,833=,Abbi,1
475=,Jussi,1,,833=,Abbigail,1
475=,Justen,1,,833=,Abida,1
475=,Justine,1,,833=,Abie,1
475=,Jye,1,,833=,Adanna,1
475=,Kabasele,1,,833=,Adel,1
475=,Kar,1,,833=,Adelaine,1
475=,Kareem,1,,833=,Adeline,1
475=,Karen,1,,833=,Adi,1
475=,Karim,1,,833=,Aeesha,1
475=,Karl-Georg,1,,833=,Aicha,1
475=,Karpal,1,,833=,Ailidh,1
475=,Karri,1,,833=,Ailison,1
475=,Kasra,1,,833=,Aineak,1
475=,Kassam,1,,833=,Aisha,1
475=,Kavan,1,,833=,Aishah,1
475=,Kenrick,1,,833=,Aishea,1
475=,Kenton,1,,833=,Aisling,1
475=,Kenyatta,1,,833=,Aislinn,1
475=,Kfir,1,,833=,Alaa,1
475=,Khaleel,1,,833=,Alberta,1
475=,Khurram,1,,833=,Alettia,1
475=,Kieren,1,,833=,Alex,1
475=,Kilt,1,,833=,Alexander,1
475=,Kinley,1,,833=,Alexanderina,1
475=,Kirpaul,1,,833=,Alexandrine,1
475=,Kirsty,1,,833=,Alia,1
475=,Kishan,1,,833=,Aliesha,1
475=,Kitt,1,,833=,Alina,1
475=,Kiu,1,,833=,Alishya,1
475=,Klaus,1,,833=,Alison-Joan,1
475=,Koon,1,,833=,Alisonann,1
475=,Kowk,1,,833=,Allaine,1
475=,Kraig,1,,833=,Allana,1
475=,Kristan,1,,833=,Althea,1
475=,Kristerphor,1,,833=,Aly,1
475=,Kristiaan,1,,833=,Alys,1
475=,Kristifer,1,,833=,Alysoun,1
475=,Kwai,1,,833=,Alyssa,1
475=,Kwok,1,,833=,Amabel,1
475=,Kwong,1,,833=,Amal,1
475=,Kyriacos,1,,833=,Amamda,1
475=,Lahrasub,1,,833=,Amanda-Jane,1
475=,Lakhwinder,1,,833=,Amena,1
475=,Lance,1,,833=,Americ,1
475=,Lap,1,,833=,Amina,1
475=,Laren,1,,833=,Ammira,1
475=,Larry,1,,833=,Amna,1
475=,Latif,1,,833=,Amreet,1
475=,Lawrance,1,,833=,Amrit,1
475=,Lawrie,1,,833=,Amrita,1
475=,Layth,1,,833=,Amtul,1
475=,Le,1,,833=,Analene,1
475=,Leam,1,,833=,Ancris,1
475=,Leander,1,,833=,Andreana,1
475=,Lee-Roy,1,,833=,Andria,1
475=,Leeroy,1,,833=,Androulla,1
475=,Leith,1,,833=,Aneela,1
475=,Leroy,1,,833=,Angelena,1
475=,Lester,1,,833=,Angelene,1
475=,Lev,1,,833=,Angelica,1
475=,Leyton,1,,833=,Angelika,1
475=,Lin,1,,833=,Angeline,1
475=,Logan,1,,833=,Angelliki,1
475=,Lori,1,,833=,Anica,1
475=,Lorin,1,,833=,Anilla,1
475=,Loudon,1,,833=,Anita-Jane,1
475=,Louie,1,,833=,Anja,1
475=,Luc,1,,833=,Anjanette,1
475=,Luigi,1,,833=,Anji,1
475=,Luisito,1,,833=,Anjie,1
475=,Lutfy,1,,833=,Anjna,1
475=,Lymond,1,,833=,Ann-Louise,1
475=,Lyndon,1,,833=,Ann-Maree,1
475=,Lynne,1,,833=,Anna-Karina,1
475=,Maan,1,,833=,Anna-Liisa,1
475=,Madoc,1,,833=,Anna-Lisa,1
475=,Magued,1,,833=,Anna-Louise,1
475=,Mahmood,1,,833=,Annabella,1
475=,Mahmood-Ul-Rahm,1,,833=,Annalena,1
475=,Maitland,1,,833=,Annalisa,1
475=,Majid,1,,833=,Annalise,1
475=,Malek,1,,833=,Anndrea,1
475=,Malkeet,1,,833=,Annelise,1
475=,Mamdouh,1,,833=,Annis,1
475=,Manish,1,,833=,Annita,1
475=,Manoj,1,,833=,Annmaria,1
475=,Mansoor-Ul,1,,833=,Annwen,1
475=,Manvir,1,,833=,Annya,1
475=,Marc-Antoine,1,,833=,Anona,1
475=,Marc-Laurent,1,,833=,Anoushka,1
475=,Maria,1,,833=,Ansclena,1
475=,Marius,1,,833=,Anushka,1
475=,Marke,1,,833=,Anuska,1
475=,Masauso,1,,833=,Aowyn,1
475=,Massimiliano,1,,833=,Aqeela,1
475=,Massimo,1,,833=,Arabella,1
475=,Mateo,1,,833=,Archina,1
475=,Mazin,1,,833=,Areasha,1
475=,Mckinlay,1,,833=,Areij,1
475=,Mechele,1,,833=,Arianne,1
475=,Melvyl,1,,833=,Arjmund,1
475=,Melvyn,1,,833=,Arlee,1
475=,Menzies,1,,833=,Arliene,1
475=,Mescho,1,,833=,Aruna,1
475=,Mian,1,,833=,Arwyn,1
475=,Michael-John,1,,833=,Ashlaigh,1
475=,Michal,1,,833=,Ashlay,1
475=,Micheal,1,,833=,Ashlea,1
475=,Mika,1,,833=,Ashleah,1
475=,Mikael,1,,833=,Ashlyn,1
475=,Mike,1,,833=,Asima,1
475=,Miller,1,,833=,Asma,1
475=,Mirvas,1,,833=,Asna,1
475=,Mohamad,1,,833=,Assea,1
475=,Mohd,1,,833=,Assifa,1
475=,Mohummed,1,,833=,Atiya,1
475=,Mortimer,1,,833=,Aubrey,1
475=,Morven,1,,833=,Aude,1
475=,Moses,1,,833=,Aurora,1
475=,Moylan,1,,833=,Austinne,1
475=,Muataz,1,,833=,Ava,1
475=,Mudussar,1,,833=,Avis,1
475=,Muhammed,1,,833=,Avrille,1
475=,Muhammes,1,,833=,Awlwyn,1
475=,Muir,1,,833=,Ayeh,1
475=,Mun,1,,833=,Aynsley,1
475=,Muneesh,1,,833=,Aynslie,1
475=,Munish,1,,833=,Ayrene,1
475=,Nabil,1,,833=,Ayse,1
475=,Nadeemul,1,,833=,Ayshe,1
475=,Nadir,1,,833=,Badi'ih,1
475=,Naeem,1,,833=,Balbinder,1
475=,Nafeh,1,,833=,Baljeet,1
475=,Namann-Ali,1,,833=,Barbara-Jane,1
475=,Nanpon,1,,833=,Barbie,1
475=,Nasser,1,,833=,Barrie,1
475=,Nathaniel,1,,833=,Bathsheba,1
475=,Navid,1,,833=,Becky,1
475=,Navied,1,,833=,Bella,1
475=,Navin,1,,833=,Bernardine,1
475=,Nazar,1,,833=,Bethany,1
475=,Nazim,1,,833=,Betsey,1
475=,Nazir,1,,833=,Betsy,1
475=,Neilson,1,,833=,Biba,1
475=,Nelson,1,,833=,Bidisha,1
475=,Nhiall,1,,833=,Billinda,1
475=,Nicandro,1,,833=,Bina,1
475=,Nicolaas,1,,833=,Binaca,1
475=,Niels,1,,833=,Binderpal,1
475=,Nikhil,1,,833=,Binette,1
475=,Nikolai,1,,833=,Blue,1
475=,Ninian,1,,833=,Bobbie-Jean,1
475=,Nolan,1,,833=,Bonita,1
475=,Nooradren,1,,833=,Bonny,1
475=,Nordean,1,,833=,Brandy,1
475=,Norma,1,,833=,Breda,1
475=,Nyall,1,,833=,Breidge,1
475=,Oisin,1,,833=,Bridie,1
475=,Olaf,1,,833=,Brigid,1
475=,Olivier,1,,833=,Brigit,1
475=,Olubowale,1,,833=,Brigitte,1
475=,Osama,1,,833=,Brodie,1
475=,Osmaan,1,,833=,Bronagh,1
475=,Pablo,1,,833=,Bronia,1
475=,Padraig,1,,833=,Bronwen,1
475=,Panayoti,1,,833=,Bronya,1
475=,Pawel,1,,833=,Bruna,1
475=,Percival,1,,833=,Bryany,1
475=,Permjit,1,,833=,Cahille,1
475=,Peter-John,1,,833=,Cailean,1
475=,Phil,1,,833=,Cailey,1
475=,Pierino,1,,833=,Cairistine,1
475=,Piers,1,,833=,Caitriona,1
475=,Pradhyum,1,,833=,Cam,1
475=,Puneet,1,,833=,Camelle,1
475=,Pushpender,1,,833=,Camille,1
475=,Qamaruddin,1,,833=,Candace,1
475=,Quentin,1,,833=,Candace-Louise,1
475=,Quintin,1,,833=,Candra,1
475=,Quinton,1,,833=,Capre,1
475=,Rader,1,,833=,Carah,1
475=,Rafael,1,,833=,Caralyn,1
475=,Rafe,1,,833=,Cari-Elizabeth,1
475=,Ragan,1,,833=,Carie,1
475=,Ragindar,1,,833=,Carin,1
475=,Rahul,1,,833=,Carinna,1
475=,Rajah,1,,833=,Carlene,1
475=,Rajan,1,,833=,Carolin,1
475=,Rajeev,1,,833=,Carolina,1
475=,Rajen,1,,833=,Carolynne,1
475=,Rajkumar,1,,833=,Caron,1
475=,Raman,1,,833=,Carra,1
475=,Ramon,1,,833=,Carrey-Anne,1
475=,Randolph,1,,833=,Carri,1
475=,Ranjeet,1,,833=,Carrianne,1
475=,Ranjit,1,,833=,Carrie-Anne,1
475=,Ranulf,1,,833=,Carrieanne,1
475=,Ravi,1,,833=,Casey,1
475=,Ravinden,1,,833=,Catalina,1
475=,Rawand,1,,833=,Catharine,1
475=,Razvan,1,,833=,Cathryn,1
475=,Razwan,1,,833=,Catreena,1
475=,Reagan,1,,833=,Catreona,1
475=,Redwan,1,,833=,Catrionna,1
475=,Reginald,1,,833=,Celene,1
475=,Renato,1,,833=,Celina,1
475=,Rennie,1,,833=,Celine,1
475=,Reynaldo,1,,833=,Cerisse,1
475=,Reza,1,,833=,Chaneen,1
475=,Rhodri,1,,833=,Chanel,1
475=,Rian,1,,833=,Chantal,1
475=,Richard-John,1,,833=,Chantel,1
475=,Richie,1,,833=,Charelle,1
475=,Rick,1,,833=,Charlain,1
475=,Riley,1,,833=,Charlyne,1
475=,Rishi,1,,833=,Charmian,1
475=,Roan,1,,833=,Charyl,1
475=,Robb,1,,833=,Chenzira,1
475=,Robinder,1,,833=,Cheri,1
475=,Robyn,1,,833=,Cherie-Anne,1
475=,Rodden,1,,833=,Cherlene,1
475=,Roderic,1,,833=,Chermarie,1
475=,Rodrick,1,,833=,Cherr'a,1
475=,Rogier,1,,833=,Cheryl-Anne,1
475=,Rolando,1,,833=,Cheryll-Ann,1
475=,Rolf,1,,833=,Chesarea,1
475=,Rolf-Olav,1,,833=,Chevonne,1
475=,Roman,1,,833=,Chiara,1
475=,Romanico,1,,833=,Chiu,1
475=,Romano,1,,833=,Chontelle,1
475=,Ron,1,,833=,Chrisann,1
475=,Ronain,1,,833=,Chrisanna,1
475=,Roopesh,1,,833=,Chrisanne,1
475=,Ross-Owen,1,,833=,Chrisella,1
475=,Roughry,1,,833=,Chrisine,1
475=,Rowallan,1,,833=,Chriss,1
475=,Rowland,1,,833=,Christabel,1
475=,Royston,1,,833=,Christeen,1
475=,Ruaridh,1,,833=,Christiane,1
475=,Ruben,1,,833=,Christopher,1
475=,Rupan,1,,833=,Chrysothemis,1
475=,Russel,1,,833=,Ciara,1
475=,Saad,1,,833=,Cimera,1
475=,Sacha,1,,833=,Claire-Louise,1
475=,Sahbaz,1,,833=,Clarissa,1
475=,Saif-Ullah,1,,833=,Clarisse,1
475=,Sajid,1,,833=,Clemency,1
475=,Salah,1,,833=,Cleo,1
475=,Saleem,1,,833=,Cleone,1
475=,Salfu,1,,833=,Colene,1
475=,Salvatore,1,,833=,Collete,1
475=,Sami,1,,833=,Coral,1
475=,Samir,1,,833=,Cordelia,1
475=,Samson,1,,833=,Coreen,1
475=,Sanjay,1,,833=,Corin,1
475=,Sanjeev,1,,833=,Corriene,1
475=,Saqib,1,,833=,Corrinna,1
475=,Sarah,1,,833=,Corrinne,1
475=,Sathya,1,,833=,Coyla,1
475=,Satvindar,1,,833=,Crystal,1
475=,Saul,1,,833=,Cynthia,1
475=,Scotland,1,,833=,Dalcy,1
475=,Seamus,1,,833=,Dalene,1
475=,Seann,1,,833=,Daliea,1
475=,Sebastien,1,,833=,Daljinder,1
475=,Seoras,1,,833=,Dallas,1
475=,Sergio,1,,833=,Dalma,1
475=,Shabir,1,,833=,Dalwinder,1
475=,Shafqat,1,,833=,Dana-Lena,1
475=,Shafquat,1,,833=,Danar,1
475=,Shahjahan,1,,833=,Dania,1
475=,Shahrul,1,,833=,Daniella,1
475=,Shaid,1,,833=,Danni,1
475=,Shams-Ul-Rehman,1,,833=,Dannielle,1
475=,Shand,1,,833=,Dara,1
475=,Sharjeel,1,,833=,Daryl,1
475=,Shayne,1,,833=,David,1
475=,Shehzad,1,,833=,Dawn-Marie,1
475=,Sheikh,1,,833=,Dayle,1
475=,Shinder,1,,833=,Dayveen,1
475=,Shingo,1,,833=,Debbi,1
475=,Sidney,1,,833=,Debhora,1
475=,Sifiso,1,,833=,Debjani,1
475=,Sigurd,1,,833=,Debrah,1
475=,Silvano,1,,833=,Deena,1
475=,Simeon,1,,833=,Defne,1
475=,Simone,1,,833=,Delia,1
475=,Sing,1,,833=,Delina,1
475=,Sohaib,1,,833=,Demelsa,1
475=,Soloman,1,,833=,Dena,1
475=,Somtobenna,1,,833=,Denice,1
475=,Sonny,1,,833=,Deniz,1
475=,Stafford,1,,833=,Deon,1
475=,Starsky,1,,833=,Derek,1
475=,Stasiek,1,,833=,Deryn,1
475=,Stavaroes,1,,833=,Desiree,1
475=,Stephanie,1,,833=,Desrie,1
475=,Steuart,1,,833=,Dianah,1
475=,Stevaan,1,,833=,Dina,1
475=,Stevan,1,,833=,Domenique,1
475=,Stevyn,1,,833=,Donalda,1
475=,Suak,1,,833=,Donemma,1
475=,Sukhninder,1,,833=,Doneva,1
475=,Sukhpal,1,,833=,Donise,1
475=,Sukhraj,1,,833=,Donnah,1
475=,Sukhvinder,1,,833=,Doracina,1
475=,Sullivan,1,,833=,Dorileen,1
475=,Supun,1,,833=,Doris,1
475=,Suresh,1,,833=,Douglas,1
475=,Susan,1,,833=,Dyane,1
475=,Sven,1,,833=,Dyann,1
475=,Syed,1,,833=,Dyanne,1
475=,Sylvan,1,,833=,Dyllis,1
475=,Taher,1,,833=,Edele,1
475=,Tahir,1,,833=,Eden,1
475=,Tal,1,,833=,Edwina,1
475=,Tamerlane,1,,833=,Eilidh-Jane,1
475=,Tanweer,1,,833=,Eilish,1
475=,Tarek,1,,833=,Eiman,1
475=,Tariq,1,,833=,Eira,1
475=,Tarsem,1,,833=,Eirene,1
475=,Tavis,1,,833=,Elain,1
475=,Tawfik,1,,833=,Elana,1
475=,Teague,1,,833=,Elanor,1
475=,Tejinder,1,,833=,Elayne,1
475=,Tendayi,1,,833=,Electra,1
475=,Terrence,1,,833=,Eleftheria,1
475=,Tewdai,1,,833=,Eleni,1
475=,Theo,1,,833=,Elenor,1
475=,Theodore,1,,833=,Eleror,1
475=,Thierry,1,,833=,Elisabetta,1
475=,Timwai,1,,833=,Eliza,1
475=,Tjebbe-Jan,1,,833=,Elizabeth-Anne,1
475=,Todd,1,,833=,Ella,1
475=,Toni,1,,833=,Ellis,1
475=,Tou,1,,833=,Ellison,1
475=,Travis,1,,833=,Elme,1
475=,Trelawney,1,,833=,Eloisa,1
475=,Trent,1,,833=,Eloise,1
475=,Tristan,1,,833=,Elona,1
475=,Tung,1,,833=,Elsa,1
475=,Tuqueir,1,,833=,Elspeth-Jean,1
475=,Tyron,1,,833=,Elysha,1
475=,Tyson,1,,833=,Elysia,1
475=,Umar,1,,833=,Emalia,1
475=,Urafam,1,,833=,Emily-Jane,1
475=,Urbab,1,,833=,Emma-Jain,1
475=,Val,1,,833=,Emman,1
475=,Valgeir,1,,833=,Emy,1
475=,Vaughan,1,,833=,Encarnita,1
475=,Vijaya,1,,833=,Eona,1
475=,Vince,1,,833=,Erena,1
475=,Vincenzo,1,,833=,Erga,1
475=,Viqaar,1,,833=,Ericka,1
475=,Vishal,1,,833=,Eriskay,1
475=,Vito,1,,833=,Errin,1
475=,Wadea,1,,833=,Estelle,1
475=,Wai,1,,833=,Eunice,1
475=,Wallis,1,,833=,Evaline,1
475=,Waqas,1,,833=,Eveanna,1
475=,Waris,1,,833=,Evelina,1
475=,Wasseem,1,,833=,Evelyne,1
475=,Wei,1,,833=,Evette,1
475=,Westley,1,,833=,Eyvonne,1
475=,Wilson,1,,833=,Fabia,1
475=,Wing,1,,833=,Fahmida,1
475=,Wing-Hong,1,,833=,Farnaz,1
475=,Ya,1,,833=,Farrah,1
475=,Yacine,1,,833=,Fayona,1
475=,Yau,1,,833=,Feiza,1
475=,Yeoman,1,,833=,Felice,1
475=,Yewan,1,,833=,Felicity-Jane,1
475=,Yiu-Lan,1,,833=,Filiz,1
475=,Youshaa,1,,833=,Fionna,1
475=,Yusuf,1,,833=,Firsila,1
475=,Yusufu,1,,833=,Fleur,1
475=,Zach,1,,833=,Fowzia,1
475=,Zachary,1,,833=,Francene,1
475=,Zackary,1,,833=,Frances-Ann,1
475=,Zacky,1,,833=,Francinne,1
475=,Zafar,1,,833=,Freda,1
475=,Zahid,1,,833=,Furzana,1
475=,Zakarie,1,,833=,Gabriela,1
475=,Zakery,1,,833=,Gaile,1
475=,Zarrar,1,,833=,Gamela,1
475=,Zeshan,1,,833=,Gar,1
475=,Ziad,1,,833=,Gay,1
475=,Zowie,1,,833=,Gaye,1
475=,Zubair,1,,833=,Gayl,1
,,,,833=,Gayleen,1
,,,,833=,Gehan,1
,,,,833=,Gelina,1
,,,,833=,Genan,1
,,,,833=,Generosa,1
,,,,833=,Genine,1
,,,,833=,George,1
,,,,833=,Georgeann,1
,,,,833=,Georgena,1
,,,,833=,Georgia,1
,,,,833=,Gerardine,1
,,,,833=,Gerri,1
,,,,833=,Giga,1
,,,,833=,Gilean,1
,,,,833=,Gilliam,1
,,,,833=,Gilliane,1
,,,,833=,Gilliann,1
,,,,833=,Ginette,1
,,,,833=,Ginny,1
,,,,833=,Giovana,1
,,,,833=,Giovanna,1
,,,,833=,Giulia,1
,,,,833=,Glennis,1
,,,,833=,Glenys,1
,,,,833=,Gloria,1
,,,,833=,Glynis,1
,,,,833=,Gordon,1
,,,,833=,Gracie,1
,,,,833=,Grier,1
,,,,833=,Guillemette,1
,,,,833=,Gulia,1
,,,,833=,Guramerit,1
,,,,833=,Gurbhajan,1
,,,,833=,Gurjit,1
,,,,833=,Gurkimmat,1
,,,,833=,Gurmeet,1
,,,,833=,Gwenda,1
,,,,833=,Gwendolen,1
,,,,833=,Gwendolyn,1
,,,,833=,Gyda,1
,,,,833=,Haidee,1
,,,,833=,Hailey,1
,,,,833=,Hala,1
,,,,833=,Halina,1
,,,,833=,Harman,1
,,,,833=,Harminder,1
,,,,833=,Harmony,1
,,,,833=,Harvinder,1
,,,,833=,Hay,1
,,,,833=,Hayat,1
,,,,833=,Hedil,1
,,,,833=,Heena,1
,,,,833=,Helea,1
,,,,833=,Helene,1
,,,,833=,Hema,1
,,,,833=,Hermione,1
,,,,833=,Hiew,1
,,,,833=,Hileama,1
,,,,833=,Hoi,1
,,,,833=,Hollie,1
,,,,833=,Hope,1
,,,,833=,Humah,1
,,,,833=,Husna,1
,,,,833=,Hyfa,1
,,,,833=,Ida,1
,,,,833=,Iffet,1
,,,,833=,Ifshan,1
,,,,833=,Ilana,1
,,,,833=,Iman,1
,,,,833=,Imelda,1
,,,,833=,Iola,1
,,,,833=,Irina,1
,,,,833=,Isabell,1
,,,,833=,Ishorat,1
,,,,833=,Islagh,1
,,,,833=,Islean,1
,,,,833=,Istar,1
,,,,833=,Itahsin,1
,,,,833=,Ivy,1
,,,,833=,Jackilene,1
,,,,833=,Jacqualine,1
,,,,833=,Jacqualyn,1
,,,,833=,Jacquelina,1
,,,,833=,Jada,1
,,,,833=,Jalna,1
,,,,833=,Jamila,1
,,,,833=,Jamina,1
,,,,833=,Jane-Avril,1
,,,,833=,Janell,1
,,,,833=,Janene,1
,,,,833=,Janese,1
,,,,833=,Jannette,1
,,,,833=,Jannine,1
,,,,833=,Jasvir,1
,,,,833=,Jatinder,1
,,,,833=,Jeanann,1
,,,,833=,Jeania,1
,,,,833=,Jeanne-Marie,1
,,,,833=,Jehan,1
,,,,833=,Jehanara,1
,,,,833=,Jenan,1
,,,,833=,Jenda,1
,,,,833=,Jenine,1
,,,,833=,Jennifer-Ruth,1
,,,,833=,Jennyfer,1
,,,,833=,Jil,1
,,,,833=,Jillane,1
,,,,833=,Jilly,1
,,,,833=,Jimena,1
,,,,833=,Joe-Ann,1
,,,,833=,Joelle,1
,,,,833=,Johana,1
,,,,833=,Johann,1
,,,,833=,John,1
,,,,833=,Joina,1
,,,,833=,Joni,1
,,,,833=,Josephina-Molly,1
,,,,833=,Jotta,1
,,,,833=,Juan,1
,,,,833=,Juliane,1
,,,,833=,Juliann,1
,,,,833=,Julide,1
,,,,833=,Jull,1
,,,,833=,Justina,1
,,,,833=,Jyoti,1
,,,,833=,Ka,1
,,,,833=,Kalene,1
,,,,833=,Kalsoom,1
,,,,833=,Kalsum,1
,,,,833=,Kam,1
,,,,833=,Kaminder,1
,,,,833=,Kamlash,1
,,,,833=,Kamny,1
,,,,833=,Karalyn,1
,,,,833=,Karan,1
,,,,833=,Karel,1
,,,,833=,Karen-Ann,1
,,,,833=,Kareth,1
,,,,833=,Karina-Dawn,1
,,,,833=,Karis,1
,,,,833=,Karleen,1
,,,,833=,Karlyn,1
,,,,833=,Karolyn,1
,,,,833=,Karolynn,1
,,,,833=,Karon-Louise,1
,,,,833=,Karriann,1
,,,,833=,Karrina,1
,,,,833=,Kary-Ann,1
,,,,833=,Katanya,1
,,,,833=,Katerina,1
,,,,833=,Kathaleen,1
,,,,833=,Katheryn,1
,,,,833=,Kathlyn,1
,,,,833=,Kathryne,1
,,,,833=,Kathy,1
,,,,833=,Katja,1
,,,,833=,Katrena,1
,,,,833=,Katrina-Lee,1
,,,,833=,Katrine,1
,,,,833=,Katrona,1
,,,,833=,Kavita,1
,,,,833=,Keavy,1
,,,,833=,Kechinyerum,1
,,,,833=,Keeley,1
,,,,833=,Keiran,1
,,,,833=,Kellas,1
,,,,833=,Kellee,1
,,,,833=,Kelli,1
,,,,833=,Kelliann,1
,,,,833=,Kelly-Ann,1
,,,,833=,Kelly-Anne,1
,,,,833=,Kellyann,1
,,,,833=,Kendra,1
,,,,833=,Kenna,1
,,,,833=,Kereen,1
,,,,833=,Kerensa,1
,,,,833=,Keris,1
,,,,833=,Kerri-Ann,1
,,,,833=,Kerri-Anne,1
,,,,833=,Kerri-Lea,1
,,,,833=,Kerril,1
,,,,833=,Kerrin,1
,,,,833=,Kerry-Anne,1
,,,,833=,Keryl,1
,,,,833=,Khadija,1
,,,,833=,Kiem,1
,,,,833=,Kimberley-Ellen,1
,,,,833=,Kimlyn,1
,,,,833=,Kintrea,1
,,,,833=,Kira,1
,,,,833=,Kiran,1
,,,,833=,Kirenjit,1
,,,,833=,Kirstian,1
,,,,833=,Kirstina,1
,,,,833=,Kirston,1
,,,,833=,Kirsty-Ann,1
,,,,833=,Kirsty-Anne,1
,,,,833=,Kirsty-Jane,1
,,,,833=,Komil,1
,,,,833=,Koreen,1
,,,,833=,Kresta,1
,,,,833=,Kris,1
,,,,833=,Krissen,1
,,,,833=,Kristelle,1
,,,,833=,Kristian,1
,,,,833=,Kristy,1
,,,,833=,Krystal,1
,,,,833=,Krystyna,1
,,,,833=,Kuljinder,1
,,,,833=,Kulvinder,1
,,,,833=,Kumari,1
,,,,833=,Kymberley,1
,,,,833=,Lacey,1
,,,,833=,Laila,1
,,,,833=,Laine,1
,,,,833=,Lalage,1
,,,,833=,Lanna,1
,,,,833=,Laoidheach,1
,,,,833=,Larisa,1
,,,,833=,Larissa,1
,,,,833=,Laura-Alaine,1
,,,,833=,Laura-Anne,1
,,,,833=,Laura-Jayne,1
,,,,833=,Laura-Louise,1
,,,,833=,Lauraine,1
,,,,833=,Laurette,1
,,,,833=,Laurn,1
,,,,833=,Lavinia,1
,,,,833=,Laynou,1
,,,,833=,Leaah,1
,,,,833=,Leahan,1
,,,,833=,Leahanne,1
,,,,833=,Leanda,1
,,,,833=,Leandra,1
,,,,833=,Leanna,1
,,,,833=,Leasa,1
,,,,833=,Leasha,1
,,,,833=,Leeane,1
,,,,833=,Leeona,1
,,,,833=,Lehan,1
,,,,833=,Lehh,1
,,,,833=,Lei,1
,,,,833=,Leica,1
,,,,833=,Leighan,1
,,,,833=,Lemara,1
,,,,833=,Lenka,1
,,,,833=,Lenore,1
,,,,833=,Lesel,1
,,,,833=,Lesia,1
,,,,833=,Lesleyann,1
,,,,833=,Li-Anne,1
,,,,833=,Liesl,1
,,,,833=,Liliana,1
,,,,833=,Lilias,1
,,,,833=,Linnea,1
,,,,833=,Linza,1
,,,,833=,Lisa-Marie,1
,,,,833=,Lise,1
,,,,833=,Lizette,1
,,,,833=,Llana,1
,,,,833=,Lobna,1
,,,,833=,Lora,1
,,,,833=,Loreta,1
,,,,833=,Lorette,1
,,,,833=,Lornaanne,1
,,,,833=,Lorrayne,1
,,,,833=,Lorri,1
,,,,833=,Lorrinda,1
,,,,833=,Louie,1
,,,,833=,Louisa-Jane,1
,,,,833=,Louise-Anne,1
,,,,833=,Louise-May,1
,,,,833=,Luan,1
,,,,833=,Luana,1
,,,,833=,Luannah,1
,,,,833=,Luciana,1
,,,,833=,Lucilee,1
,,,,833=,Lucina,1
,,,,833=,Luigina,1
,,,,833=,Lydna,1
,,,,833=,Lyne,1
,,,,833=,Lynne-Marie,1
,,,,833=,Lynnsey,1
,,,,833=,Lysan,1
,,,,833=,Lysanne,1
,,,,833=,Madalaine,1
,,,,833=,Madelynn,1
,,,,833=,Mae,1
,,,,833=,Magdalene,1
,,,,833=,Magdolin,1
,,,,833=,Maha,1
,,,,833=,Mahri,1
,,,,833=,Mai,1
,,,,833=,Maida,1
,,,,833=,Maihri,1
,,,,833=,Maire,1
,,,,833=,Mairead,1
,,,,833=,Mairi-Claire,1
,,,,833=,Mairi-Josephine,1
,,,,833=,Mairianne,1
,,,,833=,Mairie,1
,,,,833=,Mairietta,1
,,,,833=,Malissa,1
,,,,833=,Malvine,1
,,,,833=,Mamoona,1
,,,,833=,Mana,1
,,,,833=,Manar,1
,,,,833=,Manday,1
,,,,833=,Manila,1
,,,,833=,Manjinder,1
,,,,833=,Manuela,1
,,,,833=,Manvinder,1
,,,,833=,Marayan,1
,,,,833=,Marcina,1
,,,,833=,Mardie,1
,,,,833=,Marelle,1
,,,,833=,Maren,1
,,,,833=,Margaret-Ann,1
,,,,833=,Margery,1
,,,,833=,Margie,1
,,,,833=,Margot,1
,,,,833=,Marguerite,1
,,,,833=,Maria-Angela,1
,,,,833=,Maria-Luise,1
,,,,833=,Mariam,1
,,,,833=,Mariann,1
,,,,833=,Maribeth,1
,,,,833=,Marie-Francoise,1
,,,,833=,Marieanne,1
,,,,833=,Mariel,1
,,,,833=,Marielle,1
,,,,833=,Marietta,1
,,,,833=,Marijke,1
,,,,833=,Mariota,1
,,,,833=,Marisha,1
,,,,833=,Marjatta,1
,,,,833=,Marlena,1
,,,,833=,Marlisa,1
,,,,833=,Marna,1
,,,,833=,Marrianne,1
,,,,833=,Martinne,1
,,,,833=,Mary-Ann,1
,,,,833=,Marys,1
,,,,833=,Maryse,1
,,,,833=,Masarrat,1
,,,,833=,Matilda,1
,,,,833=,Maurica,1
,,,,833=,Maxene,1
,,,,833=,Mayetri,1
,,,,833=,Maylynda,1
,,,,833=,Meahead,1
,,,,833=,Mechell,1
,,,,833=,Mechelle,1
,,,,833=,Meena,1
,,,,833=,Meghan,1
,,,,833=,Mekella,1
,,,,833=,Melaney,1
,,,,833=,Melinda,1
,,,,833=,Melisa,1
,,,,833=,Melkorka,1
,,,,833=,Mellissa,1
,,,,833=,Meredith,1
,,,,833=,Meryl,1
,,,,833=,Mhairi-Louise,1
,,,,833=,Michaelle,1
,,,,833=,Micheala,1
,,,,833=,Micheele,1
,,,,833=,Micheley,1
,,,,833=,Micheline,1
,,,,833=,Mika,1
,,,,833=,Mildred,1
,,,,833=,Mina,1
,,,,833=,Ming-Chen,1
,,,,833=,Minnie,1
,,,,833=,Mirfet,1
,,,,833=,Mirran,1
,,,,833=,Moira-Ann,1
,,,,833=,Monika,1
,,,,833=,Morena,1
,,,,833=,Morn,1
,,,,833=,Morvern,1
,,,,833=,Mousumi,1
,,,,833=,Mushtaha,1
,,,,833=,Mussarat,1
,,,,833=,Mussart,1
,,,,833=,Myrianthe,1
,,,,833=,Myrica,1
,,,,833=,Nabeet,1
,,,,833=,Nachat,1
,,,,833=,Nada,1
,,,,833=,Nadean,1
,,,,833=,Nadene,1
,,,,833=,Nadiya,1
,,,,833=,Nadya,1
,,,,833=,Naglaa,1
,,,,833=,Naheeda,1
,,,,833=,Nahreen,1
,,,,833=,Najla,1
,,,,833=,Najma,1
,,,,833=,Naledi,1
,,,,833=,Nalin,1
,,,,833=,Narelle,1
,,,,833=,Narian,1
,,,,833=,Nasreen,1
,,,,833=,Natalee,1
,,,,833=,Natallie,1
,,,,833=,Nathalie,1
,,,,833=,Natsai,1
,,,,833=,Naureen,1
,,,,833=,Navasha,1
,,,,833=,Naveen,1
,,,,833=,Naydene,1
,,,,833=,Nazanin,1
,,,,833=,Nazik,1
,,,,833=,Nazila,1
,,,,833=,Nazim,1
,,,,833=,Nazmeem,1
,,,,833=,Neelum,1
,,,,833=,Neena,1
,,,,833=,Negar,1
,,,,833=,Neilam,1
,,,,833=,Nesseem,1
,,,,833=,Nia,1
,,,,833=,Nicarla,1
,,,,833=,Nicholla,1
,,,,833=,Nico,1
,,,,833=,Nicola-Ann,1
,,,,833=,Nicola-Anne,1
,,,,833=,Nina-Inger,1
,,,,833=,Niria,1
,,,,833=,Nirmal,1
,,,,833=,Nirvisha,1
,,,,833=,Nisa,1
,,,,833=,Nisha,1
,,,,833=,Nobeela,1
,,,,833=,Noel,1
,,,,833=,Noeleen,1
,,,,833=,Nonah,1
,,,,833=,Norah,1
,,,,833=,Noreena,1
,,,,833=,Norunnuha,1
,,,,833=,Nusrat,1
,,,,833=,Nusrrat,1
,,,,833=,Nuzhat,1
,,,,833=,Nyanamalar,1
,,,,833=,Nyaradzo,1
,,,,833=,Nykola,1
,,,,833=,Ogbeialu,1
,,,,833=,Oi,1
,,,,833=,Olecia,1
,,,,833=,Olive,1
,,,,833=,Ollwen,1
,,,,833=,Oluremi,1
,,,,833=,Oluwatosin,1
,,,,833=,Oona,1
,,,,833=,Oonagh,1
,,,,833=,Oriana,1
,,,,833=,Ozma,1
,,,,833=,Pamela-Jane,1
,,,,833=,Paola,1
,,,,833=,Parneet,1
,,,,833=,Paromita,1
,,,,833=,Patrice,1
,,,,833=,Patrizia,1
,,,,833=,Paul,1
,,,,833=,Paula-Anne,1
,,,,833=,Pauleen,1
,,,,833=,Paulene,1
,,,,833=,Peggy,1
,,,,833=,Penne,1
,,,,833=,Perveen,1
,,,,833=,Pervin,1
,,,,833=,Pheona,1
,,,,833=,Philady,1
,,,,833=,Phillipa,1
,,,,833=,Phillippa,1
,,,,833=,Philomeana,1
,,,,833=,Philomena,1
,,,,833=,Phoebe,1
,,,,833=,Phyllida,1
,,,,833=,Phyllis,1
,,,,833=,Piu,1
,,,,833=,Po,1
,,,,833=,Pollynn,1
,,,,833=,Prudence,1
,,,,833=,Pushpa,1
,,,,833=,Rabhia,1
,,,,833=,Rachna,1
,,,,833=,Radha,1
,,,,833=,Raeleen,1
,,,,833=,Raelene,1
,,,,833=,Rafedah,1
,,,,833=,Ragbear,1
,,,,833=,Raheela,1
,,,,833=,Rajbinder,1
,,,,833=,Rajnee,1
,,,,833=,Raminder,1
,,,,833=,Raquel,1
,,,,833=,Raramai,1
,,,,833=,Rashida,1
,,,,833=,Ray,1
,,,,833=,Raye,1
,,,,833=,Rayleen,1
,,,,833=,Razia,1
,,,,833=,Razwana,1
,,,,833=,Reem,1
,,,,833=,Reena,1
,,,,833=,Regina,1
,,,,833=,Regine,1
,,,,833=,Rehana,1
,,,,833=,Rena,1
,,,,833=,Renata,1
,,,,833=,Renate,1
,,,,833=,Rene,1
,,,,833=,Renee-Jayne,1
,,,,833=,Reona,1
,,,,833=,Ribena,1
,,,,833=,Richard,1
,,,,833=,Rifat,1
,,,,833=,Rifka,1
,,,,833=,Rifth,1
,,,,833=,Riham,1
,,,,833=,Rimona,1
,,,,833=,Rizwana,1
,,,,833=,Robin,1
,,,,833=,Ronay,1
,,,,833=,Ronnee,1
,,,,833=,Ronzai,1
,,,,833=,Rosaline,1
,,,,833=,Rose-Marie,1
,,,,833=,Roselean,1
,,,,833=,Roselena,1
,,,,833=,Roselin,1
,,,,833=,Roselyn,1
,,,,833=,Rosemari-Ann,1
,,,,833=,Rosie,1
,,,,833=,Roslind,1
,,,,833=,Roslynd,1
,,,,833=,Roslyne,1
,,,,833=,Rossalyn,1
,,,,833=,Rosslyn,1
,,,,833=,Rosslynn,1
,,,,833=,Rovina,1
,,,,833=,Rowenna,1
,,,,833=,Rowia,1
,,,,833=,Roxanne,1
,,,,833=,Roxie,1
,,,,833=,Rozanne,1
,,,,833=,Rozeena,1
,,,,833=,Rozel,1
,,,,833=,Rozina,1
,,,,833=,Rukhsana,1
,,,,833=,Rupa,1
,,,,833=,Ruthanna,1
,,,,833=,Sabeena,1
,,,,833=,Sadaf,1
,,,,833=,Saddaf,1
,,,,833=,Sadelle,1
,,,,833=,Sadye,1
,,,,833=,Saeeda,1
,,,,833=,Saeema,1
,,,,833=,Saffa,1
,,,,833=,Safina,1
,,,,833=,Sagenna,1
,,,,833=,Sahaar,1
,,,,833=,Sahar,1
,,,,833=,Sahera,1
,,,,833=,Saira,1
,,,,833=,Sajda,1
,,,,833=,Sajdh,1
,,,,833=,Sajidah,1
,,,,833=,Salina,1
,,,,833=,Sally-Ann,1
,,,,833=,Sallyanne,1
,,,,833=,Samana,1
,,,,833=,Samantha-Jayne,1
,,,,833=,Samantha-Lee,1
,,,,833=,Sameena,1
,,,,833=,Samiara,1
,,,,833=,Samiera,1
,,,,833=,Sandeep,1
,,,,833=,Sandrine,1
,,,,833=,Santina,1
,,,,833=,Saqba,1
,,,,833=,Sarah-Ann,1
,,,,833=,Sarah-Jayne,1
,,,,833=,Sarahanne,1
,,,,833=,Sareeta,1
,,,,833=,Saria,1
,,,,833=,Sarra,1
,,,,833=,Sarrah,1
,,,,833=,Sau,1
,,,,833=,Seifeldin,1
,,,,833=,Seona,1
,,,,833=,Seonag,1
,,,,833=,Seunag,1
,,,,833=,Shabnaz,1
,,,,833=,Shagufta,1
,,,,833=,Shahda,1
,,,,833=,Shahjadi,1
,,,,833=,Shaiesta,1
,,,,833=,Shakira,1
,,,,833=,Shalimar,1
,,,,833=,Shama,1
,,,,833=,Shameela,1
,,,,833=,Shamine,1
,,,,833=,Shamshad,1
,,,,833=,Shana,1
,,,,833=,Shann,1
,,,,833=,Shanna,1
,,,,833=,Sharan,1
,,,,833=,Shari,1
,,,,833=,Sharina,1
,,,,833=,Sharlen,1
,,,,833=,Sharli,1
,,,,833=,Sharline,1
,,,,833=,Sharmainne,1
,,,,833=,Sharmane,1
,,,,833=,Sharmila,1
,,,,833=,Sharon-Anne,1
,,,,833=,Sharon-Leah,1
,,,,833=,Sharon-Lee,1
,,,,833=,Shavonne,1
,,,,833=,Shay,1
,,,,833=,Sheera,1
,,,,833=,Sheetal,1
,,,,833=,Sheilagh,1
,,,,833=,Sheilah,1
,,,,833=,Shek,1
,,,,833=,Shella,1
,,,,833=,Shelley-Patrici,1
,,,,833=,Sheonadh,1
,,,,833=,Shereen,1
,,,,833=,Sherelle,1
,,,,833=,Sheri,1
,,,,833=,Sherilee,1
,,,,833=,Sherralee,1
,,,,833=,Sherrie-Ann,1
,,,,833=,Sherryl,1
,,,,833=,Sherryll,1
,,,,833=,Sheryll,1
,,,,833=,Sheryn,1
,,,,833=,Shevhaun,1
,,,,833=,Shevon,1
,,,,833=,Shevonne,1
,,,,833=,Shibani,1
,,,,833=,Shimain,1
,,,,833=,Shirlee,1
,,,,833=,Shirlene,1
,,,,833=,Shirleyanne,1
,,,,833=,Shirly,1
,,,,833=,Shivan,1
,,,,833=,Shoina,1
,,,,833=,Sholena,1
,,,,833=,Shorbori,1
,,,,833=,Shuchi,1
,,,,833=,Shui,1
,,,,833=,Shuk,1
,,,,833=,Shuna,1
,,,,833=,Shuri,1
,,,,833=,Sibyl,1
,,,,833=,Siew,1
,,,,833=,Sileas,1
,,,,833=,Silke,1
,,,,833=,Silvia,1
,,,,833=,Simma,1
,,,,833=,Simona,1
,,,,833=,Sine,1
,,,,833=,Siobbhan,1
,,,,833=,Siobhain,1
,,,,833=,Siti,1
,,,,833=,Siubhan,1
,,,,833=,Siw,1
,,,,833=,Smaira,1
,,,,833=,Smpna,1
,,,,833=,So,1
,,,,833=,Sofia,1
,,,,833=,Sofie,1
,,,,833=,Solen,1
,,,,833=,Soma,1
,,,,833=,Sonin,1
,,,,833=,Sonwia,1
,,,,833=,Sophy,1
,,,,833=,Stacia,1
,,,,833=,Stacy-Lee,1
,,,,833=,Stefania,1
,,,,833=,Stephaney,1
,,,,833=,Stine,1
,,,,833=,Sue,1
,,,,833=,Suelley,1
,,,,833=,Suhaila,1
,,,,833=,Sui,1
,,,,833=,Suilina,1
,,,,833=,Sujata,1
,,,,833=,Sujatha,1
,,,,833=,Suk,1
,,,,833=,Sukhinder,1
,,,,833=,Sukhjit,1
,,,,833=,Sula,1
,,,,833=,Sulma,1
,,,,833=,Sumina,1
,,,,833=,Sundey,1
,,,,833=,Sunshine,1
,,,,833=,Surraya,1
,,,,833=,Susannah-Jane,1
,,,,833=,Susi,1
,,,,833=,Susmita,1
,,,,833=,Sussanne,1
,,,,833=,Suzanna,1
,,,,833=,Suzette,1
,,,,833=,Suzi,1
,,,,833=,Swati,1
,,,,833=,Sybil,1
,,,,833=,Sylvie,1
,,,,833=,Syma,1
,,,,833=,Tabasum,1
,,,,833=,Tabatha,1
,,,,833=,Taflyn,1
,,,,833=,Tahbusum,1
,,,,833=,Tahra,1
,,,,833=,Tamar,1
,,,,833=,Tamasin,1
,,,,833=,Tamie,1
,,,,833=,Tannith,1
,,,,833=,Tao,1
,,,,833=,Tarn,1
,,,,833=,Taryn,1
,,,,833=,Tasnim,1
,,,,833=,Teena,1
,,,,833=,Tempel,1
,,,,833=,Tercia,1
,,,,833=,Terris,1
,,,,833=,Thalassa,1
,,,,833=,Thereza,1
,,,,833=,Thomasina,1
,,,,833=,Tia,1
,,,,833=,Tiera,1
,,,,833=,Tilda,1
,,,,833=,Timarra,1
,,,,833=,Tonie,1
,,,,833=,Tonya,1
,,,,833=,Tracey-Ann,1
,,,,833=,Tracyann,1
,,,,833=,Tracyanne,1
,,,,833=,Tresna,1
,,,,833=,Tricia,1
,,,,833=,Trina,1
,,,,833=,Trischian,1
,,,,833=,Tsui-Tsui,1
,,,,833=,Tuyubah,1
,,,,833=,Unity,1
,,,,833=,Uzema,1
,,,,833=,Vadele,1
,,,,833=,Valda,1
,,,,833=,Valery,1
,,,,833=,Valissa,1
,,,,833=,Valmai,1
,,,,833=,Vana,1
,,,,833=,Vandrew,1
,,,,833=,Vari,1
,,,,833=,Varri,1
,,,,833=,Varrie,1
,,,,833=,Venetta,1
,,,,833=,Verda,1
,,,,833=,Verena,1
,,,,833=,Verrian,1
,,,,833=,Vhairi,1
,,,,833=,Vhari,1
,,,,833=,Viki,1
,,,,833=,Voirrey,1
,,,,833=,Wanda,1
,,,,833=,Wei-Ling,1
,,,,833=,Williamina,1
,,,,833=,Wonya,1
,,,,833=,Yala,1
,,,,833=,Yasmean,1
,,,,833=,Yasmina-Sophie,1
,,,,833=,Yeung,1
,,,,833=,Ynske,1
,,,,833=,Yolande,1
,,,,833=,Yper,1
,,,,833=,Yuan-Wen,1
,,,,833=,Yumaira,1
,,,,833=,Yun,1
,,,,833=,Zahar,1
,,,,833=,Zahida,1
,,,,833=,Zaibun-Nisa,1
,,,,833=,Zandra,1
,,,,833=,Zania,1
,,,,833=,Zaqia,1
,,,,833=,Zarabeth,1
,,,,833=,Zareya,1
,,,,833=,Zarina,1
,,,,833=,Zasha,1
,,,,833=,Zeena,1
,,,,833=,Zelda,1
,,,,833=,Zeph,1
,,,,833=,Zhenya,1
,,,,833=,Zina,1
,,,,833=,Zoe-Lianne,1
,,,,833=,Zoranna,1
,,,,,,
� Crown Copyright 2015,,,,,,
