Babies' first forenames: births registered in Scotland in 1984,,,,,,
,,,,,,
Information about the basis of the list can be found via the 'Babies' First Names' page on the National Records of Scotland website.,,,,,,
,,,,,,
Boys,,,,Girls,,
,,,,,,
Position,Name,Number of babies,,Position,Name,Number of babies
1,David,1785,,1,Laura,1185
2,Christopher,1369,,2,Claire,917
3,Andrew,1187,,3,Jennifer,850
4,John,1153,,4,Nicola,730
5,James,1090,,5,Lisa,727
6,Craig,956,,6,Sarah,693
7,Steven,949,,7,Louise,623
8,Paul,898,,8,Michelle,594
9,Michael,840,,9,Emma,528
10,Mark,817,,10,Gemma,508
11,Scott,777,,11,Kirsty,486
12,Robert,688,,12,Fiona,470
13,Stuart,669,,13,Gillian,462
14,Kevin,616,,14,Karen,398
15,William,613,,15,Donna,340
16,Stephen,576,,16,Lynsey,330
17,Gary,572,,17,Victoria,307
18,Alan,514,,18,Natalie,291
19,Ross,509,,19,Kelly,280
20,Richard,461,,20,Leanne,273
21,Thomas,403,,21,Julie,260
22,Neil,402,,22,Susan,257
23,Colin,396,,23,Amanda,249
24,Martin,393,,24,Pamela,247
25,Ryan,381,,25,Lauren,246
26,Graeme,347,,26,Joanne,245
27,Peter,345,,27,Angela,244
28,Jamie,341,,28,Alison,240
29,Iain,317,,29,Jenna,237
30,Darren,314,,30,Stephanie,235
31,Gordon,303,,31,Cheryl,234
32,Ian,291,,32=,Catherine,228
33,Graham,289,,32=,Stacey,228
34,Brian,287,,34,Elizabeth,226
35,Daniel,278,,35,Caroline,223
36,Alexander,276,,36=,Heather,222
37,Sean,263,,36=,Suzanne,222
38,Matthew,249,,38,Jacqueline,212
39,Barry,248,,39,Samantha,211
40,Allan,226,,40,Amy,210
41,Kenneth,221,,41,Deborah,207
42,Lee,220,,42,Lindsay,196
43,Derek,214,,43,Charlene,194
44,Jonathan,207,,44,Rachel,189
45,Gavin,204,,45=,Kerry,180
46,Joseph,190,,45=,Lesley,180
47=,Adam,185,,47,Sharon,177
47=,Stewart,185,,48,Lorna,176
49,Fraser,183,,49,Clare,172
50,George,168,,50,Ashley,170
51,Grant,153,,51,Elaine,158
52,Nicholas,152,,52,Kimberley,152
53,Anthony,149,,53,Lorraine,151
54,Douglas,147,,54,Lynne,150
55,Simon,132,,55,Lynn,148
56,Marc,128,,56,Debbie,140
57=,Alistair,127,,57,Rebecca,136
57=,Liam,127,,58,Helen,135
59,Keith,125,,59,Yvonne,133
60,Philip,108,,60=,Diane,126
61,Shaun,106,,60=,Joanna,126
62,Garry,105,,60=,Paula,126
63=,Edward,104,,63=,Danielle,124
63=,Greg,104,,63=,Margaret,124
65,Euan,102,,65,Dawn,119
66,Alastair,100,,66,Tracy,116
67,Alasdair,99,,67,Christine,114
68,Callum,96,,68,Linda,112
69,Patrick,94,,69,Tracey,108
70=,Calum,93,,70,Catriona,107
70=,Duncan,93,,71,Ruth,106
70=,Jason,93,,72,Siobhan,103
73,Bryan,89,,73,Jane,98
74,Raymond,86,,74,Pauline,97
75,Charles,85,,75=,Eilidh,96
76=,Donald,82,,75=,Hayley,96
76=,Ewan,82,,75=,Mary,96
78,Russell,80,,78,Hazel,95
79,Lewis,77,,79,Anna,94
80,Cameron,72,,80,Melissa,93
81,Dean,71,,81=,Alana,92
82,Benjamin,67,,81=,Katie,92
83=,Gareth,60,,81=,Shona,92
83=,Malcolm,60,,84=,Carol,90
85,Samuel,58,,84=,Jill,90
86,Niall,56,,86=,Katherine,88
87,Gerard,55,,86=,Kathleen,88
88=,Aaron,54,,86=,Kathryn,88
88=,Greig,54,,86=,Lyndsay,88
90=,Ben,50,,90=,Andrea,87
90=,Martyn,50,,90=,Lyndsey,87
92=,Bruce,49,,92,Kim,85
92=,Jordan,49,,93,Jillian,81
94,Kieran,48,,94,Katrina,79
95,Francis,47,,95,Marie,78
96,Wayne,46,,96=,Anne,76
97,Kris,45,,96=,Sara,76
98=,Mohammed,44,,98=,Christina,73
98=,Murray,44,,98=,Lucy,73
98=,Rory,44,,98=,Melanie,73
101,Gregor,42,,101,Mhairi,71
102=,Dale,40,,102,Hannah,69
102=,Kristopher,40,,103,Stacy,68
102=,Ronald,40,,104=,Emily,65
105,Jon,38,,104=,Kirsten,65
106,Kyle,37,,104=,Lindsey,65
107,Hugh,35,,104=,Natasha,65
108=,Angus,32,,108,Erin,64
108=,Antony,32,,109=,Denise,63
108=,Robin,32,,109=,Vicky,63
111=,Adrian,30,,111,Zoe,61
111=,Mohammad,30,,112,Wendy,60
113=,Blair,29,,113=,Carrie,59
113=,Timothy,29,,113=,Jemma,59
115=,Frank,28,,115,Rachael,57
115=,Roderick,28,,116,Leigh,55
117,Kristofer,27,,117,Gail,54
118=,Dominic,26,,118=,Jade,53
118=,Luke,26,,118=,Kimberly,53
120,Oliver,25,,120=,Arlene,52
121=,Gerald,23,,120=,Ashleigh,52
121=,Henry,23,,120=,Cara,52
123,Gregory,22,,120=,Leeanne,52
124=,Mathew,21,,124=,Gayle,51
124=,Roy,21,,124=,Sandra,51
126=,Campbell,19,,126=,Adele,50
126=,Hamish,19,,126=,Charlotte,50
126=,Jay,19,,126=,Maria,50
126=,Tony,19,,126=,Nicole,50
126=,Vincent,19,,126=,Nikki,50
131=,Barrie,18,,131=,Ann,49
131=,Drew,18,,131=,Mandy,49
131=,Frazer,18,,133=,Lee,48
131=,Kristoffer,18,,133=,Vicki,48
131=,Nathan,18,,135,Holly,47
136=,Alisdair,17,,136,Carolyn,46
136=,Eric,17,,137,Kate,43
136=,Justin,17,,138=,Aileen,41
136=,Nikki,17,,138=,Julia,41
136=,Robbie,17,,138=,Lianne,41
136=,Sandy,17,,141=,Jayne,40
136=,Terence,17,,141=,Lynsay,40
136=,Terry,17,,143,Frances,39
144=,Brendan,16,,144,Mairi,38
144=,Daryl,16,,145=,Naomi,37
144=,Jack,16,,145=,Patricia,37
144=,Ralph,16,,145=,Shelley,37
148=,Ewen,15,,148,Nichola,36
148=,Finlay,15,,149=,Barbara,35
148=,Omar,15,,149=,Nadia,35
148=,Owen,15,,151=,Jodie,34
152=,Leigh,14,,151=,Rhona,34
152=,Leslie,14,,153=,Colette,33
152=,Louis,14,,153=,Vikki,33
155=,Gregg,13,,155=,Ailsa,32
155=,Jeffrey,13,,155=,Allison,32
155=,Nicky,13,,155=,Katy,32
155=,Norman,13,,155=,Kirstin,32
155=,Phillip,13,,155=,Linsey,32
160=,Ashley,12,,155=,Megan,32
160=,Darryl,12,,155=,Sophie,32
160=,Harry,12,,162,Aimee,31
160=,Karl,12,,163=,Alice,30
160=,Laurence,12,,163=,Jaclyn,30
160=,Neal,12,,163=,Janine,30
160=,Ricky,12,,163=,Judith,30
160=,Roger,12,,167=,Carla,29
168=,Danny,11,,167=,Janet,29
168=,Evan,11,,167=,Lee-Anne,29
168=,Lawrence,11,,167=,Tanya,29
168=,Lindsay,11,,171=,Ellen,28
168=,Neill,11,,171=,Kara,28
168=,Stefan,11,,171=,Kerri,28
174=,Ali,10,,171=,Leah,28
174=,Billy,10,,171=,Marion,28
174=,Elliot,10,,171=,Morag,28
174=,Fergus,10,,177,Leona,27
174=,Frederick,10,,178=,Alexandra,26
174=,Glen,10,,178=,Clair,26
174=,Johnathan,10,,178=,Leeann,26
174=,Joshua,10,,178=,Marianne,26
174=,Keir,10,,178=,Tammy,26
174=,Leon,10,,183=,Debra,25
174=,Neale,10,,183=,Lee-Ann,25
174=,Ritchie,10,,185=,Bernadette,24
174=,Shane,10,,185=,Eileen,24
187=,Abdul,9,,185=,Hollie,24
187=,Aidan,9,,185=,Linzi,24
187=,Derrick,9,,185=,Terri,24
187=,Glenn,9,,190=,Alanna,23
187=,Rikki,9,,190=,Diana,23
187=,Ruaridh,9,,190=,Grace,23
187=,Tom,9,,190=,Jenny,23
187=,Wai,9,,190=,Kay,23
195=,Austin,8,,190=,Kirsteen,23
195=,Bernard,8,,190=,Sarah-Jane,23
195=,Brett,8,,190=,Sheryl,23
195=,Clark,8,,190=,Zara,23
195=,Darran,8,,199=,Alexis,22
195=,Dennis,8,,199=,Carly,22
195=,Imran,8,,199=,Chloe,22
195=,Jeremy,8,,199=,Dionne,22
195=,Sam,8,,199=,Kerrie,22
195=,Trevor,8,,199=,Louisa,22
205=,Alister,7,,199=,Nadine,22
205=,Arron,7,,199=,Theresa,22
205=,Forbes,7,,207=,Dianne,21
205=,Geoffrey,7,,207=,Georgina,21
205=,Guy,7,,207=,Geraldine,21
205=,Kerr,7,,207=,Sally,21
205=,Kirk,7,,211=,Alyson,20
205=,Lloyd,7,,211=,Audrey,20
205=,Magnus,7,,211=,Eleanor,20
205=,Shawn,7,,211=,Iona,20
215=,Alex,6,,211=,Isla,20
215=,Allen,6,,211=,Jean,20
215=,Arthur,6,,211=,Jessica,20
215=,Benedict,6,,211=,Lynda,20
215=,Bradley,6,,219=,Jody,19
215=,Byron,6,,219=,Kirstie,19
215=,Carl,6,,219=,Lori,19
215=,Chris,6,,219=,Maureen,19
215=,Christian,6,,219=,Valerie,19
215=,Ciaran,6,,224=,Allana,18
215=,Dylan,6,,224=,Collette,18
215=,Edwin,6,,224=,Justine,18
215=,Innes,6,,224=,Lara,18
215=,Jonathon,6,,224=,Robyn,18
215=,Kelvin,6,,224=,Simone,18
215=,Marco,6,,224=,Stefanie,18
215=,Marcus,6,,231=,Abigail,17
215=,Mitchell,6,,231=,Anne-Marie,17
215=,Struan,6,,231=,Colleen,17
215=,Syed,6,,231=,Irene,17
235=,Adeel,5,,231=,Josephine,17
235=,Alec,5,,231=,Karyn,17
235=,Antonio,5,,231=,Lynette,17
235=,Archibald,5,,231=,Maxine,17
235=,Atif,5,,231=,Rosemary,17
235=,Bobby,5,,231=,Sonia,17
235=,Chi,5,,231=,Susannah,17
235=,Clive,5,,231=,Teresa,17
235=,Damian,5,,231=,Toni,17
235=,Desmond,5,,244=,Beverley,16
235=,Elliott,5,,244=,Kylie,16
235=,Jackson,5,,244=,Laurie,16
235=,Julian,5,,244=,Miriam,16
235=,Kashif,5,,244=,Tara,16
235=,Kieren,5,,249=,Anita,15
235=,Kwok,5,,249=,Annmarie,15
235=,Lawrie,5,,249=,Charmaine,15
235=,Leonard,5,,249=,Joan,15
235=,Morgan,5,,249=,Johanna,15
235=,Murdo,5,,249=,Michele,15
235=,Ramsay,5,,249=,Morven,15
235=,Richie,5,,256=,Ainsley,14
235=,Ruairidh,5,,256=,Alicia,14
235=,Scot,5,,256=,Corinne,14
235=,Tariq,5,,256=,Evelyn,14
235=,Victor,5,,256=,Jodi,14
235=,Walter,5,,256=,Katharine,14
235=,Warren,5,,256=,Mari,14
263=,Ahmad,4,,256=,Shirley,14
263=,Alain,4,,256=,Sian,14
263=,Allister,4,,265=,Carole,13
263=,Amar,4,,265=,Erica,13
263=,Arran,4,,265=,Eve,13
263=,Asif,4,,265=,Genna,13
263=,Bryce,4,,265=,June,13
263=,Cailean,4,,265=,Keri,13
263=,Caleb,4,,265=,Martine,13
263=,Clifford,4,,265=,Moira,13
263=,Declan,4,,265=,Rowan,13
263=,Denis,4,,265=,Stacie,13
263=,Don,4,,275=,Annette,12
263=,Eoin,4,,275=,Catrina,12
263=,Gerrard,4,,275=,Jacqui,12
263=,Ivor,4,,275=,Jamie,12
263=,Jake,4,,275=,Lesley-Anne,12
263=,Jared,4,,275=,Nina,12
263=,Joe,4,,275=,Sheena,12
263=,Joel,4,,275=,Sophia,12
263=,Josh,4,,275=,Teri,12
263=,Keiron,4,,284=,Beth,11
263=,Kenny,4,,284=,Dana,11
263=,Kevan,4,,284=,Faye,11
263=,Lachlan,4,,284=,Janette,11
263=,Laurie,4,,284=,Janice,11
263=,Leo,4,,284=,Joyce,11
263=,Lorne,4,,284=,Kelly-Ann,11
263=,Maurice,4,,284=,Lyn,11
263=,Mohamed,4,,284=,Rosalind,11
263=,Muhammad,4,,284=,Roslyn,11
263=,Naveed,4,,284=,Sandie,11
263=,Nicolas,4,,284=,Sharlene,11
263=,Roland,4,,284=,Sheila,11
263=,Ronan,4,,284=,Tina,11
263=,Ronnie,4,,284=,Veronica,11
263=,Ruari,4,,284=,Vivienne,11
263=,Sebastian,4,,300=,Antonia,10
263=,Stanley,4,,300=,Bryony,10
263=,Tahir,4,,300=,Dee,10
263=,Wesley,4,,300=,Esther,10
263=,Zahid,4,,300=,Haley,10
305=,Abdullah,3,,300=,Helena,10
305=,Adnan,3,,300=,Isabel,10
305=,Alyn,3,,300=,Jolene,10
305=,Amir,3,,300=,Kerry-Ann,10
305=,Asad,3,,300=,Krystal,10
305=,Asim,3,,300=,Leann,10
305=,Bilal,3,,300=,Leighanne,10
305=,Brad,3,,300=,Linsay,10
305=,Calvin,3,,300=,Liza,10
305=,Carlos,3,,300=,Lois,10
305=,Chun,3,,300=,Miranda,10
305=,Conor,3,,300=,Nazia,10
305=,Crawford,3,,300=,Penny,10
305=,Daley,3,,300=,Selina,10
305=,Dane,3,,300=,Sheree,10
305=,Darrel,3,,300=,Vanessa,10
305=,Darrell,3,,321=,Amber,9
305=,Dwayne,3,,321=,Annemarie,9
305=,Errol,3,,321=,April,9
305=,Fabio,3,,321=,Avril,9
305=,Faisal,3,,321=,Carina,9
305=,Felix,3,,321=,Crystal,9
305=,Gilbert,3,,321=,Elisabeth,9
305=,Grahame,3,,321=,Eva,9
305=,Isaac,3,,321=,Francesca,9
305=,Jade,3,,321=,Heidi,9
305=,Jagdeep,3,,321=,Ingrid,9
305=,Jody,3,,321=,Jackie,9
305=,Kai,3,,321=,Jan,9
305=,Kieron,3,,321=,Johanne,9
305=,Kurt,3,,321=,Julie-Anne,9
305=,Man,3,,321=,Kellie,9
305=,Manpreet,3,,321=,Lana,9
305=,Marvin,3,,321=,Olivia,9
305=,Marwan,3,,321=,Ria,9
305=,Max,3,,321=,Roisin,9
305=,Maxwell,3,,321=,Rona,9
305=,Myles,3,,321=,Sinead,9
305=,Nabeel,3,,321=,Susanne,9
305=,Nick,3,,321=,Verity,9
305=,Nicki,3,,345=,Allyson,8
305=,Nickolas,3,,345=,Amie,8
305=,Nicol,3,,345=,Annie,8
305=,Niki,3,,345=,Brenda,8
305=,Ranald,3,,345=,Candice,8
305=,Roddy,3,,345=,Carol-Ann,8
305=,Rowan,3,,345=,Carolann,8
305=,Sinclair,3,,345=,Casey,8
305=,Sonny,3,,345=,Connie,8
305=,Stevan,3,,345=,Elise,8
305=,Steve,3,,345=,Erika,8
305=,Stevie,3,,345=,Evonne,8
305=,Tomas,3,,345=,Gaynor,8
305=,Tristan,3,,345=,Isabella,8
305=,Usman,3,,345=,Isobel,8
305=,Zachary,3,,345=,Karla,8
361=,Aarron,2,,345=,Laura-Jane,8
361=,Afzal,2,,345=,Lesley-Ann,8
361=,Ahad,2,,345=,Lucinda,8
361=,Ahmed,2,,345=,Roxanne,8
361=,Aiden,2,,345=,Sabrina,8
361=,Albert,2,,345=,Seonaid,8
361=,Alun,2,,345=,Sylvia,8
361=,Alvin,2,,368=,Abby,7
361=,Anas,2,,368=,Ailie,7
361=,Andre,2,,368=,Angie,7
361=,Andy,2,,368=,Carol-Anne,7
361=,Anil,2,,368=,Coleen,7
361=,Antoni,2,,368=,Elspeth,7
361=,Aran,2,,368=,Felicity,7
361=,Archie,2,,368=,Hilary,7
361=,Awais,2,,368=,Karin,7
361=,Ayman,2,,368=,Keira,7
361=,Blake,2,,368=,Kelly-Anne,7
361=,Brent,2,,368=,Krystle,7
361=,Bryn,2,,368=,Leigh-Anne,7
361=,Carlo,2,,368=,Liane,7
361=,Casey,2,,368=,Mariam,7
361=,Claudio,2,,368=,Marina,7
361=,Clement,2,,368=,Mhari,7
361=,Conan,2,,368=,Monica,7
361=,Cornelius,2,,368=,Niki,7
361=,Cory,2,,368=,Rowena,7
361=,Creag,2,,368=,Saira,7
361=,Damien,2,,368=,Serena,7
361=,Daren,2,,368=,Shannon,7
361=,Davinder,2,,368=,Shazia,7
361=,Dayle,2,,368=,Sonya,7
361=,Del,2,,368=,Tegan,7
361=,Duane,2,,394=,Aisha,6
361=,Eamonn,2,,394=,Alannah,6
361=,Edmund,2,,394=,Alexa,6
361=,Erich,2,,394=,Bianca,6
361=,Erik,2,,394=,Bonnie,6
361=,Erland,2,,394=,Brooke,6
361=,Erlend,2,,394=,Camilla,6
361=,Ferhan,2,,394=,Carmen,6
361=,Findlay,2,,394=,Cassandra,6
361=,Francesco,2,,394=,Cherie,6
361=,Garrick,2,,394=,Donna-Marie,6
361=,Garrie,2,,394=,Fallon,6
361=,Georgios,2,,394=,Fern,6
361=,Gianni,2,,394=,Gabrielle,6
361=,Giovanni,2,,394=,Gina,6
361=,Gurmeet,2,,394=,Jay,6
361=,Gurnam,2,,394=,Jo-Anne,6
361=,Harris,2,,394=,Johan,6
361=,Hassan,2,,394=,Julie-Ann,6
361=,Hector,2,,394=,Katriona,6
361=,Hok,2,,394=,Kerryann,6
361=,Howard,2,,394=,Kirstine,6
361=,Ibrahim,2,,394=,Kristine,6
361=,Irfan,2,,394=,Kristy,6
361=,Irvine,2,,394=,Laura-Ann,6
361=,Ivan,2,,394=,Lindy,6
361=,Jackie,2,,394=,Lydia,6
361=,Jacob,2,,394=,Marissa,6
361=,Jai,2,,394=,Mechelle,6
361=,Jaimie,2,,394=,Morna,6
361=,Jan,2,,394=,Nicki,6
361=,Javed,2,,394=,Philippa,6
361=,Jed,2,,394=,Rebekah,6
361=,Jeff,2,,394=,Roberta,6
361=,Jeremiah,2,,394=,Sadia,6
361=,Johann,2,,394=,Shabana,6
361=,John-Paul,2,,394=,Sharron,6
361=,Johnathon,2,,394=,Shelly,6
361=,Johnny,2,,394=,Tammie,6
361=,Ka,2,,394=,Tamsin,6
361=,Kam,2,,394=,Tania,6
361=,Kane,2,,394=,Vickie,6
361=,Keiran,2,,394=,Wai,6
361=,Kennedy,2,,437=,Agnes,5
361=,Kern,2,,437=,Ann-Marie,5
361=,Khaled,2,,437=,Annabel,5
361=,Khalid,2,,437=,Belinda,5
361=,Kiel,2,,437=,Carolanne,5
361=,Kier,2,,437=,Caron,5
361=,Kiernan,2,,437=,Carrie-Anne,5
361=,Kristofor,2,,437=,Ceri,5
361=,Leighton,2,,437=,Christie,5
361=,Leroy,2,,437=,Hailey,5
361=,Logan,2,,437=,Hanna,5
361=,Lucian,2,,437=,Hazell,5
361=,Manraj,2,,437=,India,5
361=,Mario,2,,437=,Ishbel,5
361=,Mathieu,2,,437=,Jacquelyn,5
361=,Moray,2,,437=,Jeanette,5
361=,Morris,2,,437=,Jenifer,5
361=,Mujahid,2,,437=,Jo,5
361=,Nadeem,2,,437=,Jocelyn,5
361=,Paolo,2,,437=,Joy,5
361=,Philippe,2,,437=,Karina,5
361=,Ravi,2,,437=,Kaye,5
361=,Ravinder,2,,437=,Kellyanne,5
361=,Razwan,2,,437=,Krista,5
361=,Reuben,2,,437=,Leigh-Ann,5
361=,Rhory,2,,437=,Lillian,5
361=,Rhys,2,,437=,Lynnette,5
361=,Rizwan,2,,437=,Marian,5
361=,Rodger,2,,437=,Marlene,5
361=,Rognvald,2,,437=,Rhea,5
361=,Rohan,2,,437=,Sara-Jane,5
361=,Romano,2,,437=,Shauna,5
361=,Ruaidhri,2,,437=,Sheona,5
361=,Ruaraidh,2,,437=,Shonagh,5
361=,Rudi,2,,437=,Susanna,5
361=,Sahail,2,,437=,Tracie,5
361=,Sajid,2,,473=,Adelle,4
361=,Samir,2,,473=,Alia,4
361=,Santino,2,,473=,Alisha,4
361=,Sharaz,2,,473=,Amelia,4
361=,Sian,2,,473=,Annika,4
361=,Simone,2,,473=,Asia,4
361=,Solomon,2,,473=,Bobbie,4
361=,Stefano,2,,473=,Caitlin,4
361=,Stephan,2,,473=,Caren,4
361=,Todd,2,,473=,Carlene,4
361=,Tommy,2,,473=,Carrie-Ann,4
361=,Travis,2,,473=,Charis,4
361=,Usmaan,2,,473=,Cheree,4
361=,Vijay,2,,473=,Claire-Louise,4
361=,Vishal,2,,473=,Corrine,4
361=,Walker,2,,473=,Daniella,4
361=,Waseem,2,,473=,Darlene,4
361=,Wasim,2,,473=,Davina,4
361=,Westley,2,,473=,Donnamarie,4
361=,Yu,2,,473=,Dorothy,4
361=,Zak,2,,473=,Elinor,4
361=,Zeshan,2,,473=,Emma-Jane,4
361=,Zoheb,2,,473=,Emma-Louise,4
496=,Aadil,1,,473=,Faith,4
496=,Aamer,1,,473=,Farah,4
496=,Aaryn,1,,473=,Flora,4
496=,Ab'oyi,1,,473=,Gwen,4
496=,Abas,1,,473=,Ilona,4
496=,Abbas,1,,473=,Imogen,4
496=,Abdol-Rahman,1,,473=,Jaime,4
496=,Abdul-Hamid,1,,473=,Janey,4
496=,Abdull,1,,473=,Jemima,4
496=,Abdulla,1,,473=,Joann,4
496=,Abdulwahab,1,,473=,Joni,4
496=,Abe,1,,473=,Jordana,4
496=,Abid,1,,473=,Kareen,4
496=,Abrahim,1,,473=,Karly,4
496=,Abubakar,1,,473=,Kerry-Anne,4
496=,Adal,1,,473=,Kiran,4
496=,Adesola,1,,473=,Kristie,4
496=,Adewunmi,1,,473=,Kristin,4
496=,Adeyemi,1,,473=,Kristina,4
496=,Adlai,1,,473=,Kym,4
496=,Adolphus,1,,473=,Layla,4
496=,Adriano,1,,473=,Leighann,4
496=,Adriell,1,,473=,Liana,4
496=,Adrien,1,,473=,Lisa-Marie,4
496=,Aftab,1,,473=,Loren,4
496=,Afzaal,1,,473=,Marisa,4
496=,Agha,1,,473=,Martina,4
496=,Ahmar,1,,473=,May,4
496=,Ahsim,1,,473=,Mellissa,4
496=,Aidanedward,1,,473=,Morgan,4
496=,Ainslie,1,,473=,Natalia,4
496=,Ajay,1,,473=,Nathalie,4
496=,Alastair-Mark,1,,473=,Nicolle,4
496=,Alaster,1,,473=,Nikola,4
496=,Alexandre,1,,473=,Noreen,4
496=,Alexsander,1,,473=,Nosheen,4
496=,Alfred,1,,473=,Penelope,4
496=,Alick,1,,473=,Rachelle,4
496=,Alla,1,,473=,Rhian,4
496=,Allam,1,,473=,Rochelle,4
496=,Allanwilliam,1,,473=,Rosaleen,4
496=,Allistair,1,,473=,Sana,4
496=,Allun,1,,473=,Sarah-Louise,4
496=,Allyn,1,,473=,Senga,4
496=,Alon,1,,473=,Shari,4
496=,Alvarez,1,,473=,Stephenie,4
496=,Alwyn,1,,473=,Terrie,4
496=,Amandeep,1,,473=,Tessa,4
496=,Amarnath,1,,473=,Vivien,4
496=,Amer,1,,473=,Yasmin,4
496=,Amerjeet,1,,473=,Yvette,4
496=,Amit,1,,547=,Abbie,3
496=,Amith,1,,547=,Adrienne,3
496=,Amran,1,,547=,Afton,3
496=,Amrit,1,,547=,Alanah,3
496=,Amritpal,1,,547=,Alexandria,3
496=,Anastasios,1,,547=,Allanah,3
496=,Anders,1,,547=,Amal,3
496=,Anderson,1,,547=,Ami,3
496=,Andrea,1,,547=,Anne-Louise,3
496=,Andreas,1,,547=,Arianne,3
496=,Aneel,1,,547=,Ayesha,3
496=,Aneeq,1,,547=,Aysha,3
496=,Aneurin,1,,547=,Bethany,3
496=,Angad,1,,547=,Briony,3
496=,Anill,1,,547=,Camille,3
496=,Anwar,1,,547=,Carey,3
496=,Apostolos,1,,547=,Caryn,3
496=,Aqeel,1,,547=,Cassie,3
496=,Arash,1,,547=,Chantel,3
496=,Arawn,1,,547=,Chiara,3
496=,Aref,1,,547=,Christy,3
496=,Arfan,1,,547=,Ciara,3
496=,Argha,1,,547=,Deanne,3
496=,Aric,1,,547=,Debora,3
496=,Arjan,1,,547=,Dominique,3
496=,Arnab,1,,547=,Elena,3
496=,Aron,1,,547=,Eliza,3
496=,Arpan,1,,547=,Emma-Jayne,3
496=,Arsalaan,1,,547=,Farhana,3
496=,Arsalan,1,,547=,Fozia,3
496=,Arsham,1,,547=,Francine,3
496=,Arvid,1,,547=,Greer,3
496=,Asa,1,,547=,Harriet,3
496=,Asbhan,1,,547=,Jasmine,3
496=,Ashfaq,1,,547=,Jeannette,3
496=,Ashish,1,,547=,Judy,3
496=,Ashleigh,1,,547=,Julieann,3
496=,Ashok,1,,547=,Karan,3
496=,Ashutosh,1,,547=,Kari,3
496=,Ashwin,1,,547=,Karis,3
496=,Ashwini,1,,547=,Katey,3
496=,Asimqadeer,1,,547=,Kellyann,3
496=,Astro,1,,547=,Kirsti,3
496=,Asum,1,,547=,Kirstyn,3
496=,Ataif,1,,547=,Kristen,3
496=,Atholl,1,,547=,Kyla,3
496=,Atta-Ul,1,,547=,Lacey,3
496=,Aubrey,1,,547=,Laila,3
496=,Aurfaan,1,,547=,Laraine,3
496=,Austen,1,,547=,Larissa,3
496=,Avik,1,,547=,Laura-Anne,3
496=,Awangku,1,,547=,Laureen,3
496=,Ayi,1,,547=,Lea,3
496=,Aymen,1,,547=,Lea-Anne,3
496=,Azam,1,,547=,Leanna,3
496=,Azar,1,,547=,Lena,3
496=,Azhar,1,,547=,Leonie,3
496=,Azmat,1,,547=,Lilian,3
496=,Azmier,1,,547=,Linn,3
496=,Baheed,1,,547=,Loraine,3
496=,Baljinder,1,,547=,Lucia,3
496=,Baqar,1,,547=,Madeleine,3
496=,Baqir,1,,547=,Maeve,3
496=,Barclay,1,,547=,Mandi,3
496=,Barry-John,1,,547=,Marcella,3
496=,Barrys,1,,547=,Margot,3
496=,Bazam,1,,547=,Marie-Ann,3
496=,Benjamine,1,,547=,Marie-Clare,3
496=,Benjiman,1,,547=,Marjory,3
496=,Benn,1,,547=,Martha,3
496=,Bennett,1,,547=,Marwa,3
496=,Bharat,1,,547=,Maryanne,3
496=,Bilaluddin,1,,547=,Mhorag,3
496=,Billal,1,,547=,Michaela,3
496=,Bishar,1,,547=,Monique,3
496=,Bizhan,1,,547=,Nisha,3
496=,Blaik,1,,547=,Priya,3
496=,Blane,1,,547=,Rabia,3
496=,Blyth,1,,547=,Rhia,3
496=,Bobbie,1,,547=,Rhoda,3
496=,Boyd,1,,547=,Rhonda,3
496=,Brandon,1,,547=,Rita,3
496=,Bremner,1,,547=,Robin,3
496=,Brenden,1,,547=,Romana,3
496=,Brendon,1,,547=,Rosalyn,3
496=,Brien,1,,547=,Rosamund,3
496=,Brodie,1,,547=,Rose,3
496=,Brrak,1,,547=,Roseanne,3
496=,Brunon,1,,547=,Rozlyn,3
496=,Brydon,1,,547=,Saima,3
496=,Cain,1,,547=,Sairah,3
496=,Cair,1,,547=,Samina,3
496=,Callan,1,,547=,Sasha,3
496=,Camile,1,,547=,Shama,3
496=,Camilo,1,,547=,Shamaila,3
496=,Carmine,1,,547=,Shareen,3
496=,Carnegie,1,,547=,Sharyn,3
496=,Carrick,1,,547=,Shelagh,3
496=,Cathal,1,,547=,Shereen,3
496=,Cerdic,1,,547=,Shiona,3
496=,Ceri,1,,547=,Shirley-Ann,3
496=,Chance,1,,547=,Sofia,3
496=,Chaudhry,1,,547=,Sophy,3
496=,Che,1,,547=,Stacey-Ann,3
496=,Chelsay,1,,547=,Stella,3
496=,Chene,1,,547=,Suzann,3
496=,Chense,1,,547=,Tamara,3
496=,Christiaan,1,,547=,Therese,3
496=,Christine,1,,547=,Tricia,3
496=,Christofer,1,,547=,Uzma,3
496=,Christoph,1,,547=,Vhari,3
496=,Christopher-Gor,1,,547=,Viki,3
496=,Christopheros,1,,547=,Zoey,3
496=,Chukwudi,1,,660=,Adel,2
496=,Chukwuemeka,1,,660=,Adeline,2
496=,Chukwuma,1,,660=,Adrianna,2
496=,Chung,1,,660=,Aillish,2
496=,Clarke,1,,660=,Aimie,2
496=,Clint,1,,660=,Ainslie,2
496=,Clinton,1,,660=,Aishah,2
496=,Cole,1,,660=,Alisa,2
496=,Coll,1,,660=,Alix,2
496=,Colm,1,,660=,Allanagh,2
496=,Colt,1,,660=,Ambreen,2
496=,Connel,1,,660=,Amina,2
496=,Connor,1,,660=,Amira,2
496=,Conon,1,,660=,Amna,2
496=,Conrad,1,,660=,Andrena,2
496=,Corey,1,,660=,Andria,2
496=,Corrie,1,,660=,Anisa,2
496=,Corry,1,,660=,Anjali,2
496=,Costas,1,,660=,Anna-Louise,2
496=,Craeg,1,,660=,Annabelle,2
496=,Creon,1,,660=,Anya,2
496=,Cumming,1,,660=,Aoife,2
496=,Cuong,1,,660=,Ariane,2
496=,Daanish,1,,660=,Arran,2
496=,Daljit,1,,660=,Ashlea,2
496=,Daman,1,,660=,Ashliegh,2
496=,Damilola,1,,660=,Ashly,2
496=,Damion,1,,660=,Asma,2
496=,Damon,1,,660=,Astrid,2
496=,Dariush,1,,660=,Aynslie,2
496=,Darrach,1,,660=,Batool,2
496=,Darren-Jon,1,,660=,Becky,2
496=,Darron,1,,660=,Bethan,2
496=,Daryle,1,,660=,Billie,2
496=,Daud,1,,660=,Blair,2
496=,Daved,1,,660=,Bridget,2
496=,Davis,1,,660=,Careen,2
496=,Dawoud,1,,660=,Cari,2
496=,Deane,1,,660=,Carine,2
496=,Debmalya,1,,660=,Carlyn,2
496=,Dee,1,,660=,Carolyne,2
496=,Dene,1,,660=,Cathleen,2
496=,Deni,1,,660=,Cathrine,2
496=,Denny,1,,660=,Cathy,2
496=,Denver,1,,660=,Celine,2
496=,Deric,1,,660=,Chanel,2
496=,Derick,1,,660=,Charise,2
496=,Dermott,1,,660=,Charleen,2
496=,Devinder,1,,660=,Charline,2
496=,Devins,1,,660=,Cheryl-Ann,2
496=,Dewar,1,,660=,Cheryll,2
496=,Dexter,1,,660=,Chevonne,2
496=,Dhugal,1,,660=,Christopher,2
496=,Diari,1,,660=,Cindy,2
496=,Diarmid,1,,660=,Claudia,2
496=,Diego,1,,660=,Clayre,2
496=,Dilip,1,,660=,Clementine,2
496=,Dimitri,1,,660=,Constance,2
496=,Dimitrios,1,,660=,Coreena,2
496=,Dines,1,,660=,Courtney,2
496=,Dino,1,,660=,Dalia,2
496=,Dion,1,,660=,Daniela,2
496=,Dip,1,,660=,Debbi,2
496=,Domenico,1,,660=,Dee-Anne,2
496=,Dominick,1,,660=,Deirdre,2
496=,Donnchadh,1,,660=,Delia,2
496=,Dooley,1,,660=,Denice,2
496=,Dougal,1,,660=,Deonne,2
496=,Dugald,1,,660=,Dianna,2
496=,Dugan,1,,660=,Dielle,2
496=,Dustin,1,,660=,Doreen,2
496=,Dyean,1,,660=,Dyan,2
496=,Dyllin,1,,660=,Edwina,2
496=,Eamon,1,,660=,Eilida,2
496=,Eddy,1,,660=,Eilish,2
496=,Edouard,1,,660=,Ella,2
496=,Eildon,1,,660=,Eloise,2
496=,Eiran,1,,660=,Emily-Jane,2
496=,Elad,1,,660=,Erinn,2
496=,Ellan,1,,660=,Errin,2
496=,Elwood,1,,660=,Esme,2
496=,Elyot,1,,660=,Fatima,2
496=,Emil,1,,660=,Finola,2
496=,Emilio,1,,660=,Freya,2
496=,Emlyn,1,,660=,Gael,2
496=,Emmanuel,1,,660=,Gayna,2
496=,Emslie,1,,660=,Gemma-Louise,2
496=,Eneas,1,,660=,Glenda,2
496=,Enos,1,,660=,Harpreet,2
496=,Enrico,1,,660=,Helaina,2
496=,Eogan,1,,660=,Humaira,2
496=,Eoghain,1,,660=,Inez,2
496=,Eoghan,1,,660=,Isa,2
496=,Eoghann,1,,660=,Islay,2
496=,Ercole,1,,660=,Isma,2
496=,Eryk,1,,660=,Janis,2
496=,Etsham,1,,660=,Jaspreet,2
496=,Eugene,1,,660=,Jeannie,2
496=,Eugenio,1,,660=,Jennie,2
496=,Eyman,1,,660=,Jessie,2
496=,Ezanee,1,,660=,Jo-Ann,2
496=,Ezekiel,1,,660=,Jo-Anna,2
496=,Ezriel,1,,660=,Joelle,2
496=,Fahed,1,,660=,Joleen,2
496=,Fahid,1,,660=,Julianne,2
496=,Fairuz,1,,660=,Juliette,2
496=,Fareed,1,,660=,Ka,2
496=,Farhan,1,,660=,Karleen,2
496=,Faris,1,,660=,Karlyn,2
496=,Farooq,1,,660=,Kassandra,2
496=,Fearghas,1,,660=,Kathy,2
496=,Federico,1,,660=,Kenna,2
496=,Fiachra,1,,660=,Kerryanne,2
496=,Fingal,1,,660=,Kerryn,2
496=,Finley,1,,660=,Kira,2
496=,Fintan,1,,660=,Kymberley,2
496=,Fionn,1,,660=,Laurna,2
496=,Fionnlagh,1,,660=,Leesa,2
496=,Firhaan,1,,660=,Leighan,2
496=,Fivos,1,,660=,Leila,2
496=,Francois,1,,660=,Leonne,2
496=,Frederique,1,,660=,Lesli,2
496=,Fu,1,,660=,Leslie,2
496=,Ga,1,,660=,Letitia,2
496=,Gabhin,1,,660=,Lia,2
496=,Gabriel,1,,660=,Lian,2
496=,Gamiel,1,,660=,Linzy,2
496=,Garath,1,,660=,Lissa,2
496=,Garey,1,,660=,Lora,2
496=,Garion,1,,660=,Lorna-Ann,2
496=,Garreth,1,,660=,Lucie,2
496=,Garth,1,,660=,Luisa,2
496=,Garylee,1,,660=,Lyne,2
496=,Geoff,1,,660=,Madeline,2
496=,Geraint,1,,660=,Madiha,2
496=,Gerarde,1,,660=,Mandeep,2
496=,Germano,1,,660=,Mara,2
496=,Gerome,1,,660=,Maree,2
496=,Gerry,1,,660=,Marguerite,2
496=,Giacomo,1,,660=,Mari-Ann,2
496=,Gian,1,,660=,Mari-Claire,2
496=,Giancarlo,1,,660=,Marie-Claire,2
496=,Gianfranco,1,,660=,Mariessa,2
496=,Giannino,1,,660=,Marilyn,2
496=,Gianpaolo,1,,660=,Mary-Ann,2
496=,Gibran,1,,660=,Mary-Anne,2
496=,Gideon,1,,660=,Marysia,2
496=,Gilleasbuig,1,,660=,Maura,2
496=,Gillen,1,,660=,Meganne,2
496=,Gillian,1,,660=,Meghan,2
496=,Gillies,1,,660=,Melina,2
496=,Gillon,1,,660=,Mellisa,2
496=,Giuseppe,1,,660=,Melody,2
496=,Glyn,1,,660=,Molly,2
496=,Glynn,1,,660=,Myra,2
496=,Grierson,1,,660=,Nafisa,2
496=,Guerino,1,,660=,Najma,2
496=,Gul,1,,660=,Nausheen,2
496=,Gulveer,1,,660=,Nerissa,2
496=,Gurarjan,1,,660=,Nichole,2
496=,Gurbagh,1,,660=,Nicola-Jane,2
496=,Gurdeep,1,,660=,Nicolla,2
496=,Gurmail,1,,660=,Noor,2
496=,Gurmak,1,,660=,Norma,2
496=,Gursharon,1,,660=,Olwen,2
496=,Gurumrite,1,,660=,Patrice,2
496=,Gurwinder,1,,660=,Phillippa,2
496=,Gwilym,1,,660=,Polly,2
496=,Haafiz,1,,660=,Radha,2
496=,Halde,1,,660=,Raksana,2
496=,Hamad,1,,660=,Rea,2
496=,Hamazasp,1,,660=,Rebeca,2
496=,Hamzah,1,,660=,Regan,2
496=,Hani,1,,660=,Rhianna,2
496=,Hanif,1,,660=,Rhianne,2
496=,Hari,1,,660=,Rio,2
496=,Haris,1,,660=,Rosemarie,2
496=,Harith,1,,660=,Ruby,2
496=,Haroon,1,,660=,Rukhsana,2
496=,Harpal,1,,660=,Ruqayyah,2
496=,Harreet,1,,660=,Saiqa,2
496=,Harvey,1,,660=,Samera,2
496=,Hasan,1,,660=,Samira,2
496=,Haukur,1,,660=,Sanah,2
496=,Hayder,1,,660=,Sandeep,2
496=,Helen,1,,660=,Sandi,2
496=,Henry-Stewart,1,,660=,Sanna,2
496=,Hisakazu,1,,660=,Sarah-Elizabeth,2
496=,Ho,1,,660=,Sarajane,2
496=,Hon,1,,660=,Sarra,2
496=,Hong,1,,660=,Satveer,2
496=,Hood,1,,660=,Selena,2
496=,Hosain,1,,660=,Seonad,2
496=,Hubert,1,,660=,Shameem,2
496=,Hugo,1,,660=,Shamila,2
496=,Hussaib,1,,660=,Shanna,2
496=,Hussain,1,,660=,Shara,2
496=,Huw,1,,660=,Sharifah,2
496=,Ideon,1,,660=,Sherie,2
496=,Idiris,1,,660=,Shirene,2
496=,Idnaan,1,,660=,Silvana,2
496=,Idrees,1,,660=,Sine,2
496=,Ieuan,1,,660=,Sumara,2
496=,Ihtisham,1,,660=,Suzannah,2
496=,Ihtriam,1,,660=,Tabitha,2
496=,Ikraj,1,,660=,Tasneem,2
496=,Illyus,1,,660=,Tiffany,2
496=,Ilyas,1,,660=,Tyra,2
496=,Imtiaz,1,,660=,Usma,2
496=,Inderjit,1,,660=,Violet,2
496=,Indrajit,1,,660=,Wilma,2
496=,Innis,1,,660=,Zainab,2
496=,Ion,1,,660=,Zaineb,2
496=,Iqbal,1,,660=,Zeenat,2
496=,Israr,1,,660=,Zowie,2
496=,Izzden,1,,875=,Aaron,1
496=,Jace,1,,875=,Aasia,1
496=,Jaemie,1,,875=,Abaigeal,1
496=,Jagtar,1,,875=,Abbey,1
496=,Jaime,1,,875=,Abbi,1
496=,Jakobfinn,1,,875=,Abida,1
496=,Jalal,1,,875=,Abidah,1
496=,Jamal,1,,875=,Adaline,1
496=,Jamaluddin,1,,875=,Adebanke,1
496=,Jamieson,1,,875=,Adeela,1
496=,Jamison,1,,875=,Adelaide,1
496=,Jannik,1,,875=,Adelyn,1
496=,Jas,1,,875=,Adena,1
496=,Jasbir,1,,875=,Adila,1
496=,Jaskaran,1,,875=,Adonella,1
496=,Jasmair,1,,875=,Adorna,1
496=,Jaspal,1,,875=,Aemilia,1
496=,Javaad,1,,875=,Aeyisha,1
496=,Javeed,1,,875=,Afsha,1
496=,Javwaad,1,,875=,Afshan,1
496=,Jawad,1,,875=,Agatha,1
496=,Jaykumar,1,,875=,Aiasha,1
496=,Jayson,1,,875=,Aideen,1
496=,Jens,1,,875=,Ailidh,1
496=,Jerry,1,,875=,Ailsa-Louise,1
496=,Jesse,1,,875=,Aimi,1
496=,Jetender,1,,875=,Aimmi,1
496=,Jethro,1,,875=,Aine,1
496=,Jhoney,1,,875=,Aishatu,1
496=,Jill,1,,875=,Aishling,1
496=,Jimmy,1,,875=,Aisleen,1
496=,Joban,1,,875=,Aissa,1
496=,Jodie,1,,875=,Ajda,1
496=,John-Christophe,1,,875=,Alaina,1
496=,John-Peter,1,,875=,Alaine,1
496=,John-Ross,1,,875=,Alanna-Louise,1
496=,Johnandrew,1,,875=,Aleesha,1
496=,Johnnie,1,,875=,Aleida,1
496=,Jonah,1,,875=,Aleksandra,1
496=,Jonathen,1,,875=,Alena,1
496=,Jonross,1,,875=,Alexa-May,1
496=,Jordon,1,,875=,Alexandrina,1
496=,Jozef,1,,875=,Alexina,1
496=,Jude,1,,875=,Ali,1
496=,Jugdeep,1,,875=,Aliaa,1
496=,Jujar,1,,875=,Alicia-Jane,1
496=,Julius,1,,875=,Alieea,1
496=,Jun,1,,875=,Aliesha,1
496=,Junaid,1,,875=,Aline,1
496=,Jurgen,1,,875=,Alisanne,1
496=,Justin-Beau,1,,875=,Alishia,1
496=,Juvan,1,,875=,Alix-Marie,1
496=,Kaan,1,,875=,Allahna,1
496=,Kahlid,1,,875=,Allannah,1
496=,Kalvin,1,,875=,Allexs,1
496=,Kameran,1,,875=,Allisia,1
496=,Kantenda,1,,875=,Almas,1
496=,Karim,1,,875=,Alycia,1
496=,Kaz,1,,875=,Alyshia,1
496=,Kelvyn,1,,875=,Alyssa,1
496=,Kenvyn,1,,875=,Ama,1
496=,Kenzie,1,,875=,Amalia,1
496=,Kerrian,1,,875=,Amandeep,1
496=,Kerron,1,,875=,Amandla,1
496=,Kevin-Anthony,1,,875=,Amani,1
496=,Khai,1,,875=,Amara,1
496=,Khaleel,1,,875=,Amaya,1
496=,Khalifa,1,,875=,Ambika,1
496=,Khalil,1,,875=,Ambra,1
496=,Kham,1,,875=,Ameena,1
496=,Khushaal,1,,875=,Amel,1
496=,Kian,1,,875=,Amera,1
496=,Kidnue,1,,875=,Aminah,1
496=,Kieran-Xavier,1,,875=,Amita,1
496=,Kierean,1,,875=,Ammie,1
496=,Kiernen,1,,875=,Amrit-Pal,1
496=,Kim,1,,875=,Amuche,1
496=,Kin,1,,875=,Amy-Clare,1
496=,Kirtonraj,1,,875=,Ana,1
496=,Kofi,1,,875=,Anastasia,1
496=,Kok,1,,875=,Andrene,1
496=,Konrad,1,,875=,Andrew,1
496=,Kriss,1,,875=,Andrina,1
496=,Kristiaan,1,,875=,Aneeka,1
496=,Kristian,1,,875=,Aneela,1
496=,Krysto,1,,875=,Aneka,1
496=,Kulvinder,1,,875=,Anela,1
496=,Kunal,1,,875=,Angelica,1
496=,Kurtis,1,,875=,Angelika,1
496=,Kwabena,1,,875=,Angelina,1
496=,Kyran,1,,875=,Angeline,1
496=,Lae,1,,875=,Angharad,1
496=,Lai-Tim,1,,875=,Anika,1
496=,Laith,1,,875=,Aniononye,1
496=,Layth,1,,875=,Anisha,1
496=,Lea,1,,875=,Anissa,1
496=,Lee-Stuart,1,,875=,Anjhaman,1
496=,Leif,1,,875=,Anji,1
496=,Leith,1,,875=,Ann-Louise,1
496=,Leopold,1,,875=,Ann-Michelle,1
496=,Leslie-Wills,1,,875=,Anna-Lise,1
496=,Lindsey,1,,875=,Anna-Patricia,1
496=,Lionel,1,,875=,Annabell,1
496=,Lliam,1,,875=,Annalee,1
496=,Lockland,1,,875=,Annalily,1
496=,Lorenzo,1,,875=,Annalisa,1
496=,Lori,1,,875=,Annamaria,1
496=,Lorna,1,,875=,Annamarie,1
496=,Lotfi,1,,875=,Anndrea,1
496=,Louie,1,,875=,Anne-Maria,1
496=,Lucas,1,,875=,Anneka,1
496=,Luciano,1,,875=,Anneliese,1
496=,Lucky,1,,875=,Annemaree,1
496=,Luqmaan,1,,875=,Annise,1
496=,Lyall,1,,875=,Annita,1
496=,Lyndon,1,,875=,Annmaree,1
496=,Madeleine,1,,875=,Anoop,1
496=,Magdie,1,,875=,Anthea,1
496=,Magid,1,,875=,Antje,1
496=,Mahdi,1,,875=,Antoinette,1
496=,Mahesh,1,,875=,Antonella,1
496=,Maitland,1,,875=,Anuli,1
496=,Manhel,1,,875=,Anusha,1
496=,Manjinder,1,,875=,Ara,1
496=,Manmohan,1,,875=,Arabella,1
496=,Mansoor,1,,875=,Arianna,1
496=,Mansour,1,,875=,Ariege,1
496=,Maqsood,1,,875=,Arij,1
496=,Marcos,1,,875=,Arin,1
496=,Marec,1,,875=,Arisha,1
496=,Marie,1,,875=,Arleen,1
496=,Mark-Anthony,1,,875=,Arlie,1
496=,Mark-James,1,,875=,Arlon,1
496=,Marshall,1,,875=,Arooj,1
496=,Martain,1,,875=,Arwen,1
496=,Masood,1,,875=,Aseel,1
496=,Mathu,1,,875=,Asfa,1
496=,Matthew-Andrew,1,,875=,Asha,1
496=,Matthew-John,1,,875=,Ashlay,1
496=,Matthias,1,,875=,Ashlee,1
496=,Mazin,1,,875=,Ashlene,1
496=,Mcgregor,1,,875=,Asiha,1
496=,Melville,1,,875=,Asiya,1
496=,Melvin,1,,875=,Asiyah,1
496=,Merlin,1,,875=,Asmaa,1
496=,Michal,1,,875=,Asna,1
496=,Micheal,1,,875=,Asnah,1
496=,Michel,1,,875=,Asuima,1
496=,Mihael,1,,875=,Atiyyah,1
496=,Miller,1,,875=,Atong,1
496=,Milo,1,,875=,Audre,1
496=,Mirza,1,,875=,Aurelie,1
496=,Mo,1,,875=,Ausma,1
496=,Mohamad,1,,875=,Auzma,1
496=,Mohannad,1,,875=,Ava,1
496=,Mohd,1,,875=,Avani,1
496=,Mohsin,1,,875=,Avanti,1
496=,Monar,1,,875=,Aveleen,1
496=,Morad,1,,875=,Averil,1
496=,Morton,1,,875=,Aviva,1
496=,Motiur,1,,875=,Ayeasha-Ann,1
496=,Mudassak,1,,875=,Azriani,1
496=,Muhizi,1,,875=,Babka,1
496=,Muir,1,,875=,Baishali,1
496=,Mujeeb,1,,875=,Baiyan,1
496=,Munroop,1,,875=,Baljeet,1
496=,Munzar,1,,875=,Barbara-Ellen,1
496=,Murad,1,,875=,Barirah,1
496=,Murat,1,,875=,Basanth,1
496=,Murdoch,1,,875=,Beata,1
496=,Murrie,1,,875=,Bella,1
496=,Musibau,1,,875=,Berinder,1
496=,Mustafa,1,,875=,Bethune,1
496=,Mutaz,1,,875=,Bilkis,1
496=,My,1,,875=,Blanche,1
496=,Nabeil,1,,875=,Brandie,1
496=,Nader,1,,875=,Breea,1
496=,Nafees,1,,875=,Brenna,1
496=,Nairn,1,,875=,Brid,1
496=,Naoufal,1,,875=,Bridgetta,1
496=,Naresh,1,,875=,Brodie,1
496=,Narin,1,,875=,Bronwyn,1
496=,Naseem,1,,875=,Bryoni,1
496=,Nasim,1,,875=,Budorr,1
496=,Nassar,1,,875=,Bushra,1
496=,Nathaniel,1,,875=,Cairistiona,1
496=,Navaz,1,,875=,Caitlyn,1
496=,Navdeep,1,,875=,Calum,1
496=,Naveen,1,,875=,Cameilia,1
496=,Nawazash,1,,875=,Candida,1
496=,Nazar,1,,875=,Candie,1
496=,Neilly,1,,875=,Candy,1
496=,Nial,1,,875=,Cara-Lynn,1
496=,Nicoll,1,,875=,Cara-Marie,1
496=,Nigel,1,,875=,Caragh,1
496=,Nikholas,1,,875=,Caraline,1
496=,Nikko,1,,875=,Caralynn,1
496=,Nils,1,,875=,Carlie,1
496=,Nisar,1,,875=,Carlien,1
496=,Nissar,1,,875=,Carlynne,1
496=,Niteen,1,,875=,Carmel,1
496=,Nizar,1,,875=,Carmelia,1
496=,Noel,1,,875=,Carol-Lynne,1
496=,Nouman,1,,875=,Caroleann,1
496=,Nurul,1,,875=,Carolina,1
496=,Nye,1,,875=,Caroline-Lesley,1
496=,Omeed,1,,875=,Carolynn,1
496=,Omer,1,,875=,Carolynne,1
496=,Omid,1,,875=,Carra,1
496=,Omran,1,,875=,Carrieann,1
496=,Opreet,1,,875=,Cary,1
496=,Orazio,1,,875=,Cassy,1
496=,Osama,1,,875=,Catherine-Ann,1
496=,Osmaan,1,,875=,Cathina,1
496=,Osman,1,,875=,Cazandra,1
496=,Ottavio,1,,875=,Cecilia,1
496=,Ou,1,,875=,Celeste,1
496=,Pak,1,,875=,Celia,1
496=,Pamesh,1,,875=,Chandelle,1
496=,Pang,1,,875=,Chanine,1
496=,Paramjeet,1,,875=,Channine,1
496=,Pasquale,1,,875=,Chantelle,1
496=,Pat,1,,875=,Charah,1
496=,Paul-Ivor,1,,875=,Charelene,1
496=,Pavan,1,,875=,Charell,1
496=,Pervez,1,,875=,Charisse,1
496=,Peter-Patrick,1,,875=,Charleane,1
496=,Pharic,1,,875=,Charlenne,1
496=,Pharvez,1,,875=,Charley,1
496=,Phelan,1,,875=,Charly,1
496=,Phineas,1,,875=,Charmain,1
496=,Pierangelo,1,,875=,Charmiane,1
496=,Pierre,1,,875=,Charo,1
496=,Polyhronis,1,,875=,Chelsaye,1
496=,Prinesh,1,,875=,Chelsea,1
496=,Qadir,1,,875=,Chelsie,1
496=,Qaisar,1,,875=,Chentelle,1
496=,Qashaf,1,,875=,Cheralyn,1
496=,Qayyum,1,,875=,Cheri,1
496=,Qazi,1,,875=,Cherise,1
496=,Quintus,1,,875=,Cherisse,1
496=,R,1,,875=,Cherly,1
496=,Raaft,1,,875=,Cherlyn,1
496=,Raemond,1,,875=,Cherree,1
496=,Rafa,1,,875=,Cheryl-Lee,1
496=,Rafie,1,,875=,Cherylann,1
496=,Ragavan,1,,875=,Cherylanne,1
496=,Raheem,1,,875=,Chevaune,1
496=,Raivinder,1,,875=,Chevoynne,1
496=,Raja,1,,875=,Chimene,1
496=,Rajan,1,,875=,Chio,1
496=,Rajiv,1,,875=,Chrissie,1
496=,Ramdan,1,,875=,Christelle,1
496=,Ramy,1,,875=,Christianne,1
496=,Rana,1,,875=,Christyn,1
496=,Rangi,1,,875=,Chvonne,1
496=,Ranjit,1,,875=,Chyvonne,1
496=,Rankin,1,,875=,Cinzia,1
496=,Ranvir,1,,875=,Cisa,1
496=,Raqif,1,,875=,Claire-Madelein,1
496=,Rasel,1,,875=,Clara,1
496=,Rashid,1,,875=,Clare-Louise,1
496=,Rashpal,1,,875=,Clarinda,1
496=,Rauri,1,,875=,Claudie,1
496=,Ray,1,,875=,Claudina,1
496=,Reeve,1,,875=,Clelia,1
496=,Rehman,1,,875=,Cliona,1
496=,Remzi,1,,875=,Clodagh,1
496=,Rennie,1,,875=,Coby,1
496=,Rhodri,1,,875=,Coireana,1
496=,Rhuari,1,,875=,Coliene,1
496=,Rhuaridh,1,,875=,Cora,1
496=,Rhyan,1,,875=,Coralie,1
496=,Riccardo,1,,875=,Cordelia,1
496=,Richardson,1,,875=,Corey,1
496=,Ricki,1,,875=,Coriena,1
496=,Rikky,1,,875=,Corinna,1
496=,Riza,1,,875=,Cornelia,1
496=,Rizvan,1,,875=,Corran,1
496=,Robert-Lee,1,,875=,Corrie,1
496=,Roberto,1,,875=,Corrina,1
496=,Rocco,1,,875=,Cortney,1
496=,Rodric,1,,875=,Cory,1
496=,Rogan,1,,875=,Corynne,1
496=,Rohit,1,,875=,Craig,1
496=,Roman,1,,875=,Cristie,1
496=,Romeen,1,,875=,Crystale,1
496=,Rorie,1,,875=,Cyanara,1
496=,Rowland,1,,875=,Cyndy,1
496=,Royce,1,,875=,Cynthia,1
496=,Ruairiadh,1,,875=,D'angela,1
496=,Ruan,1,,875=,Dacia,1
496=,Rudolf,1,,875=,Daina,1
496=,Rupert,1,,875=,Dale,1
496=,Saad,1,,875=,Danea,1
496=,Saahil,1,,875=,Darren,1
496=,Sacha,1,,875=,Daryl,1
496=,Sahd,1,,875=,Dawn-Louise,1
496=,Sahil,1,,875=,Dayle,1
496=,Sahim,1,,875=,Debby,1
496=,Saiad,1,,875=,Debi,1
496=,Said,1,,875=,Debie,1
496=,Saidi,1,,875=,Deborah-Louise,1
496=,Sajiad,1,,875=,Debra-Lee,1
496=,Sajjid,1,,875=,Debrah,1
496=,Sakib,1,,875=,Deena,1
496=,Salim,1,,875=,Deeon,1
496=,Salman,1,,875=,Deepa,1
496=,Samer,1,,875=,Demelsa,1
496=,Sami,1,,875=,Denna,1
496=,Samim,1,,875=,Despi,1
496=,Samm,1,,875=,Devashi,1
496=,Sandesh,1,,875=,Devri,1
496=,Sandro,1,,875=,Dina,1
496=,Saqib,1,,875=,Dione,1
496=,Sarah,1,,875=,Djemilah,1
496=,Sardar,1,,875=,Donalda,1
496=,Satnam,1,,875=,Donna-Maria,1
496=,Satvinder,1,,875=,Dora,1
496=,Saul,1,,875=,Doris,1
496=,Saven,1,,875=,Dorrien,1
496=,Sayed,1,,875=,Dulcie,1
496=,Seamus,1,,875=,Dyanne,1
496=,See,1,,875=,Dyzelle,1
496=,Sergio,1,,875=,Ebba,1
496=,Seth,1,,875=,Ebony,1
496=,Shaan,1,,875=,Edina,1
496=,Shabaz,1,,875=,Effie,1
496=,Shabbir,1,,875=,Eiesha,1
496=,Shabir,1,,875=,Eillidh,1
496=,Shahab,1,,875=,Elaina,1
496=,Shahbaz,1,,875=,Elana,1
496=,Shahid,1,,875=,Elanor,1
496=,Shahin,1,,875=,Eleana,1
496=,Shahjahan,1,,875=,Eleanora,1
496=,Shahzad,1,,875=,Elicia,1
496=,Shakti,1,,875=,Elinore,1
496=,Shamsul,1,,875=,Elisa,1
496=,Shao,1,,875=,Elisha,1
496=,Sharif,1,,875=,Ellena,1
496=,Sharon,1,,875=,Ellie,1
496=,Shazad-Ur,1,,875=,Elyse,1
496=,Shekil,1,,875=,Emilie,1
496=,Sheraz,1,,875=,Emmalina,1
496=,Shezad,1,,875=,Erfaneh,1
496=,Shiar,1,,875=,Erryn,1
496=,Shiraz,1,,875=,Esra,1
496=,Shoaib,1,,875=,Estelle,1
496=,Showiab,1,,875=,Euphemia,1
496=,Shue,1,,875=,Evalyn,1
496=,Shuhab,1,,875=,Evelyne,1
496=,Sigfrid,1,,875=,Evette,1
496=,Sijad,1,,875=,Evonn,1
496=,Silas,1,,875=,Ezra,1
496=,Simon-Peter,1,,875=,Faatima,1
496=,Simritjiv,1,,875=,Faiza,1
496=,Sirfraz,1,,875=,Faizah,1
496=,Sohaib,1,,875=,Fanny,1
496=,Soloman,1,,875=,Faradila,1
496=,Solvi,1,,875=,Farana,1
496=,Somava,1,,875=,Farrah,1
496=,Somhairle,1,,875=,Farzana,1
496=,Stein,1,,875=,Fazila,1
496=,Subhashis,1,,875=,Feeza,1
496=,Suchnaam,1,,875=,Felicia,1
496=,Sudhir,1,,875=,Ferelith,1
496=,Sukh,1,,875=,Ferne,1
496=,Sukhdeep,1,,875=,Filomena,1
496=,Sukhjinder,1,,875=,Finnula,1
496=,Suleman,1,,875=,Fiona-Louise,1
496=,Suneil,1,,875=,Fleur,1
496=,Surena,1,,875=,Florence,1
496=,Surjit,1,,875=,Forida,1
496=,Surya,1,,875=,Fowzia,1
496=,Sutherland,1,,875=,Francisca,1
496=,Sven,1,,875=,Francoise,1
496=,Swein,1,,875=,Frankie,1
496=,Syahiduddin,1,,875=,Freda,1
496=,Syam,1,,875=,Gadah,1
496=,Syd,1,,875=,Gaia,1
496=,Sydney,1,,875=,Gaile,1
496=,Symond,1,,875=,Gainer,1
496=,Taif,1,,875=,Gavin,1
496=,Takeshi,1,,875=,Gemma-Anne,1
496=,Talha,1,,875=,Gemma-Lee-Ann,1
496=,Tamer,1,,875=,Gemma-Marie,1
496=,Tamim,1,,875=,Geniene,1
496=,Tamlin,1,,875=,Georgette,1
496=,Tanvir,1,,875=,Georgia,1
496=,Tarek,1,,875=,Gerardine,1
496=,Tarig,1,,875=,Ghadah,1
496=,Tarik,1,,875=,Ghaliah,1
496=,Taryn,1,,875=,Gi,1
496=,Taurean,1,,875=,Giannina,1
496=,Tauseef,1,,875=,Gill,1
496=,Taylor,1,,875=,Gilleon,1
496=,Terrance,1,,875=,Gilliann,1
496=,Thierry,1,,875=,Ginette,1
496=,Tiong,1,,875=,Giuliana,1
496=,Tobias,1,,875=,Glenys,1
496=,Toby,1,,875=,Gloria,1
496=,Tomaz,1,,875=,Glynis,1
496=,Tomie,1,,875=,Gordon,1
496=,Tor,1,,875=,Graham,1
496=,Torquil,1,,875=,Gretel,1
496=,Trchin,1,,875=,Guiliana,1
496=,Tristen,1,,875=,Gurpeet,1
496=,Tristin,1,,875=,Gwyneth,1
496=,Tristram,1,,875=,Habibat,1
496=,Troy,1,,875=,Hadeel,1
496=,Truan,1,,875=,Hafsa,1
496=,Trystan,1,,875=,Haidee,1
496=,Tushar,1,,875=,Hailie,1
496=,Uilleam,1,,875=,Hailley,1
496=,Unati,1,,875=,Haleena,1
496=,Uqbah,1,,875=,Hamdah,1
496=,Uriel,1,,875=,Hamidat,1
496=,Uzoma,1,,875=,Hamielia,1
496=,Vajahat,1,,875=,Hana,1
496=,Varinder,1,,875=,Hania,1
496=,Varyck,1,,875=,Hanne,1
496=,Vaseem,1,,875=,Hannin,1
496=,Vasilios,1,,875=,Harinder,1
496=,Vasos,1,,875=,Harpavan,1
496=,Vasudevan,1,,875=,Hassana,1
496=,Vaughn,1,,875=,Heather-Frances,1
496=,Veikko,1,,875=,Helana,1
496=,Vernon,1,,875=,Helene,1
496=,Vidhan,1,,875=,Hena,1
496=,Vidhath,1,,875=,Hina,1
496=,Viesturs,1,,875=,Hinna,1
496=,Viney,1,,875=,Hoi,1
496=,Vishnu,1,,875=,Holiday,1
496=,Wade,1,,875=,Holley,1
496=,Waheed,1,,875=,Homa,1
496=,Wahidur,1,,875=,Homera,1
496=,Wai-Lim,1,,875=,Hue,1
496=,Walieed,1,,875=,Huma,1
496=,Wallace,1,,875=,Humera,1
496=,Wan,1,,875=,Hummah,1
496=,Waqass,1,,875=,Hwaabibi,1
496=,Wheeler,1,,875=,Hwee,1
496=,Willie,1,,875=,Ian,1
496=,Wiston,1,,875=,Ieshah,1
496=,Wolanyo,1,,875=,Ifeoluwa,1
496=,Wylie,1,,875=,Iffath,1
496=,Yaseen,1,,875=,Ilene,1
496=,Yasha,1,,875=,Iliese,1
496=,Yasser,1,,875=,Ilysm,1
496=,Yen,1,,875=,Imen,1
496=,Yiu,1,,875=,Imosen,1
496=,Younis,1,,875=,Inas,1
496=,Yousif,1,,875=,Ineeze,1
496=,Yousuf,1,,875=,Inga,1
496=,Yugi,1,,875=,Inger,1
496=,Yuri,1,,875=,Iram,1
496=,Zaid,1,,875=,Iream,1
496=,Zaki,1,,875=,Irena,1
496=,Zander,1,,875=,Iris,1
496=,Zeeshan,1,,875=,Isabelle,1
496=,Zeyad,1,,875=,Isobell,1
496=,Zieshan,1,,875=,Issrah,1
496=,Zubair,1,,875=,Ivy,1
,,,,875=,Iyna,1
,,,,875=,Jacalyn,1
,,,,875=,Jacelyn,1
,,,,875=,Jackaleen,1
,,,,875=,Jackelyn,1
,,,,875=,Jacki,1
,,,,875=,Jackleen,1
,,,,875=,Jacklyn,1
,,,,875=,Jacobina,1
,,,,875=,Jacqualyn,1
,,,,875=,Jacqueleen,1
,,,,875=,Jacquelene,1
,,,,875=,Jade-Ann,1
,,,,875=,Jadine,1
,,,,875=,Jageer,1
,,,,875=,Jaimie,1
,,,,875=,James,1
,,,,875=,Jamie-Lynn,1
,,,,875=,Jamiila,1
,,,,875=,Janene,1
,,,,875=,Janeya,1
,,,,875=,Janie,1
,,,,875=,Janira,1
,,,,875=,Janita,1
,,,,875=,Jannine,1
,,,,875=,Jaqualyn,1
,,,,875=,Jasbir,1
,,,,875=,Jasmin,1
,,,,875=,Jasmyn,1
,,,,875=,Jasveer,1
,,,,875=,Jay-Adi,1
,,,,875=,Jay-Marie,1
,,,,875=,Jayde,1
,,,,875=,Jaydean,1
,,,,875=,Jaye,1
,,,,875=,Jayed,1
,,,,875=,Jeanie,1
,,,,875=,Jeanine,1
,,,,875=,Jeanne,1
,,,,875=,Jemmalouise,1
,,,,875=,Jen,1
,,,,875=,Jenby,1
,,,,875=,Jennafer,1
,,,,875=,Jenni,1
,,,,875=,Jennifer-Ann,1
,,,,875=,Jeri,1
,,,,875=,Jeroldine,1
,,,,875=,Jesamine,1
,,,,875=,Jett,1
,,,,875=,Jilly,1
,,,,875=,Jillyanne,1
,,,,875=,Jodene,1
,,,,875=,Jodi-Lee,1
,,,,875=,Joeanne,1
,,,,875=,Joelene,1
,,,,875=,Joeline,1
,,,,875=,Johann,1
,,,,875=,Johnna,1
,,,,875=,Jolaine,1
,,,,875=,Joscelyn,1
,,,,875=,Josephina,1
,,,,875=,Joveria,1
,,,,875=,Joyan,1
,,,,875=,Jucette,1
,,,,875=,Judie,1
,,,,875=,Jugtinder,1
,,,,875=,Juliana,1
,,,,875=,Juliann,1
,,,,875=,Julianna,1
,,,,875=,Julienne,1
,,,,875=,Juliet,1
,,,,875=,Julietta,1
,,,,875=,Justeen,1
,,,,875=,Kacie,1
,,,,875=,Kadine,1
,,,,875=,Kaeren,1
,,,,875=,Kailie,1
,,,,875=,Kaireen,1
,,,,875=,Kairen,1
,,,,875=,Kaja,1
,,,,875=,Kali,1
,,,,875=,Kalsoom,1
,,,,875=,Kami,1
,,,,875=,Kamvita,1
,,,,875=,Kanchan,1
,,,,875=,Kandis,1
,,,,875=,Kang,1
,,,,875=,Kar-Man,1
,,,,875=,Kareema,1
,,,,875=,Karema,1
,,,,875=,Karen-Anne,1
,,,,875=,Karen-Louise,1
,,,,875=,Karine,1
,,,,875=,Karisse,1
,,,,875=,Karli,1
,,,,875=,Karlianne,1
,,,,875=,Karn,1
,,,,875=,Karoline,1
,,,,875=,Karolyn,1
,,,,875=,Karoon,1
,,,,875=,Karri,1
,,,,875=,Karrina,1
,,,,875=,Karron,1
,,,,875=,Karynne,1
,,,,875=,Karys,1
,,,,875=,Kashfa,1
,,,,875=,Kassie,1
,,,,875=,Katarina,1
,,,,875=,Katharen,1
,,,,875=,Kathrine,1
,,,,875=,Kathryne,1
,,,,875=,Kati,1
,,,,875=,Katrina-Ann,1
,,,,875=,Katrine,1
,,,,875=,Katryna,1
,,,,875=,Katy-Jane,1
,,,,875=,Kauser,1
,,,,875=,Kaya,1
,,,,875=,Kayla,1
,,,,875=,Kayren,1
,,,,875=,Keelee,1
,,,,875=,Keila,1
,,,,875=,Keli,1
,,,,875=,Kelle,1
,,,,875=,Kelley,1
,,,,875=,Kelleymarie,1
,,,,875=,Kelli-Ann,1
,,,,875=,Kelly-Marie,1
,,,,875=,Kellymarie,1
,,,,875=,Kelsey,1
,,,,875=,Kelsie,1
,,,,875=,Kendal,1
,,,,875=,Kereen,1
,,,,875=,Keren,1
,,,,875=,Kerera,1
,,,,875=,Keri-Louise,1
,,,,875=,Kerianne,1
,,,,875=,Kerred,1
,,,,875=,Kerren,1
,,,,875=,Kerri-Anne,1
,,,,875=,Kerrie-Anne,1
,,,,875=,Kerry-Lee,1
,,,,875=,Ketrine,1
,,,,875=,Khadijah,1
,,,,875=,Khally,1
,,,,875=,Kiera,1
,,,,875=,Kieran,1
,,,,875=,Kim-Marie,1
,,,,875=,Kimberley-Anne,1
,,,,875=,Kimberly-Anne,1
,,,,875=,Kin,1
,,,,875=,Kira-Louise,1
,,,,875=,Kiranjit,1
,,,,875=,Kirbi,1
,,,,875=,Kiren,1
,,,,875=,Kiri,1
,,,,875=,Kirndeep,1
,,,,875=,Kirred,1
,,,,875=,Kirsty-Marie,1
,,,,875=,Kirstyann,1
,,,,875=,Kiyle,1
,,,,875=,Klaire,1
,,,,875=,Klare,1
,,,,875=,Kordel,1
,,,,875=,Korinne,1
,,,,875=,Kris,1
,,,,875=,Krishma,1
,,,,875=,Krishna,1
,,,,875=,Kristabel,1
,,,,875=,Kristi,1
,,,,875=,Kristinna,1
,,,,875=,Kristyn,1
,,,,875=,Kristyna,1
,,,,875=,Krystall,1
,,,,875=,Krystel,1
,,,,875=,Krystell,1
,,,,875=,Krystelle,1
,,,,875=,Krystie,1
,,,,875=,Kulvir,1
,,,,875=,Kuther,1
,,,,875=,Kyler,1
,,,,875=,Kyllie,1
,,,,875=,Kyna,1
,,,,875=,Kyran,1
,,,,875=,Kyreena,1
,,,,875=,Kyrsti,1
,,,,875=,Kyrsty,1
,,,,875=,Lacy,1
,,,,875=,Lahaina,1
,,,,875=,Lai,1
,,,,875=,Lakeisha,1
,,,,875=,Lamya,1
,,,,875=,Larisha,1
,,,,875=,Larraine,1
,,,,875=,Laura-Beth,1
,,,,875=,Laura-Britt,1
,,,,875=,Laurajane,1
,,,,875=,Laure,1
,,,,875=,Laurel,1
,,,,875=,Laurene,1
,,,,875=,Laurine,1
,,,,875=,Lawra,1
,,,,875=,Layna,1
,,,,875=,Layne,1
,,,,875=,Lea-Ann,1
,,,,875=,Leaanne,1
,,,,875=,Leahan,1
,,,,875=,Lean,1
,,,,875=,Leana,1
,,,,875=,Leandra,1
,,,,875=,Leaona,1
,,,,875=,Leazanne,1
,,,,875=,Lebuhani,1
,,,,875=,Lee-Anna,1
,,,,875=,Leean,1
,,,,875=,Leeha,1
,,,,875=,Leena,1
,,,,875=,Leeza,1
,,,,875=,Leia,1
,,,,875=,Leianne,1
,,,,875=,Leica,1
,,,,875=,Leighanna,1
,,,,875=,Leisa,1
,,,,875=,Lelia,1
,,,,875=,Leontir,1
,,,,875=,Lesa,1
,,,,875=,Lesleyann,1
,,,,875=,Lesleyanne,1
,,,,875=,Lieanne,1
,,,,875=,Liesel,1
,,,,875=,Lijanne,1
,,,,875=,Lila,1
,,,,875=,Lillias,1
,,,,875=,Lily,1
,,,,875=,Lilyann,1
,,,,875=,Limara,1
,,,,875=,Linden,1
,,,,875=,Lindsay-Ann,1
,,,,875=,Lindsayanne,1
,,,,875=,Lindsie,1
,,,,875=,Linmarie,1
,,,,875=,Linnelle,1
,,,,875=,Linoa,1
,,,,875=,Linzie,1
,,,,875=,Lisa-Anne,1
,,,,875=,Lisa-Beth,1
,,,,875=,Lisa-Jane,1
,,,,875=,Lisa-Maree,1
,,,,875=,Lisa-Ruth,1
,,,,875=,Lisabeth,1
,,,,875=,Lisalotte,1
,,,,875=,Lisamarie,1
,,,,875=,Lisamay,1
,,,,875=,Liyanage,1
,,,,875=,Lizanne,1
,,,,875=,Lizet,1
,,,,875=,Llana,1
,,,,875=,Llaura,1
,,,,875=,Loanna,1
,,,,875=,Loara,1
,,,,875=,Lohri,1
,,,,875=,Loise,1
,,,,875=,Loran,1
,,,,875=,Lorayne,1
,,,,875=,Loreen,1
,,,,875=,Lorena,1
,,,,875=,Lorenza,1
,,,,875=,Loretta,1
,,,,875=,Lorin,1
,,,,875=,Lorne,1
,,,,875=,Lorrae,1
,,,,875=,Lorrell,1
,,,,875=,Lorren,1
,,,,875=,Loryn,1
,,,,875=,Louanna,1
,,,,875=,Louica,1
,,,,875=,Luana,1
,,,,875=,Luanne,1
,,,,875=,Luci,1
,,,,875=,Luciana,1
,,,,875=,Lucille,1
,,,,875=,Lucy-Anne,1
,,,,875=,Lupobe,1
,,,,875=,Ly,1
,,,,875=,Lydia-Jane,1
,,,,875=,Lyla,1
,,,,875=,Lyndsy-Ann,1
,,,,875=,Lyndy,1
,,,,875=,Lyndzey,1
,,,,875=,Lynnanne,1
,,,,875=,Lynnese,1
,,,,875=,Lynnet,1
,,,,875=,Lynnsey,1
,,,,875=,Lynnsy,1
,,,,875=,Lynsey-Anne,1
,,,,875=,Lynzay,1
,,,,875=,Lynzi,1
,,,,875=,Lynzie,1
,,,,875=,Lysette,1
,,,,875=,Maaike,1
,,,,875=,Maaria,1
,,,,875=,Madeeha,1
,,,,875=,Madelaine,1
,,,,875=,Madelene,1
,,,,875=,Mae,1
,,,,875=,Magdalena,1
,,,,875=,Magen,1
,,,,875=,Mah,1
,,,,875=,Maha,1
,,,,875=,Mahairi,1
,,,,875=,Mahza,1
,,,,875=,Maia,1
,,,,875=,Maira,1
,,,,875=,Mairaid,1
,,,,875=,Mairead,1
,,,,875=,Mairearad,1
,,,,875=,Mairi-Claire,1
,,,,875=,Mairi-Clare,1
,,,,875=,Mairi-Jane,1
,,,,875=,Mairi-Therese,1
,,,,875=,Maisarah,1
,,,,875=,Maise,1
,,,,875=,Maisie,1
,,,,875=,Malika,1
,,,,875=,Manasi,1
,,,,875=,Mandie,1
,,,,875=,Mandip,1
,,,,875=,Mangaiyarkarasi,1
,,,,875=,Manjaspreet,1
,,,,875=,Mann,1
,,,,875=,Manprit,1
,,,,875=,Mansara,1
,,,,875=,Maralissia,1
,,,,875=,Marcella-Angela,1
,,,,875=,Marcelle,1
,,,,875=,Marcia,1
,,,,875=,Mardou,1
,,,,875=,Maren,1
,,,,875=,Margaret-Ann,1
,,,,875=,Margaret-Anne,1
,,,,875=,Margo,1
,,,,875=,Marguerita,1
,,,,875=,Mari-Anne,1
,,,,875=,Mari-Therese,1
,,,,875=,Mariangela,1
,,,,875=,Mariann,1
,,,,875=,Marie-Anne,1
,,,,875=,Marie-Beatrice,1
,,,,875=,Marie-Laure,1
,,,,875=,Marie-Louise,1
,,,,875=,Mariea,1
,,,,875=,Marieke,1
,,,,875=,Mariesa,1
,,,,875=,Marigold,1
,,,,875=,Marilynn,1
,,,,875=,Marisha,1
,,,,875=,Marita,1
,,,,875=,Marja,1
,,,,875=,Marjorie,1
,,,,875=,Marjorie-Helene,1
,,,,875=,Marrie-Clare,1
,,,,875=,Marrion,1
,,,,875=,Marrwah,1
,,,,875=,Marsali,1
,,,,875=,Marshall,1
,,,,875=,Marwah,1
,,,,875=,Mary-Leigh,1
,,,,875=,Mary-Louise,1
,,,,875=,Mary-Margaret,1
,,,,875=,Maryclare,1
,,,,875=,Marylin,1
,,,,875=,Marysha,1
,,,,875=,Maryum,1
,,,,875=,Mathilde,1
,,,,875=,Mathuri,1
,,,,875=,Matilda,1
,,,,875=,Maxime,1
,,,,875=,May-Po,1
,,,,875=,Maya,1
,,,,875=,Mayla,1
,,,,875=,Meagan,1
,,,,875=,Mechele,1
,,,,875=,Medeni,1
,,,,875=,Meg,1
,,,,875=,Meggan,1
,,,,875=,Meghann,1
,,,,875=,Mei,1
,,,,875=,Melanie-Ann,1
,,,,875=,Melannie,1
,,,,875=,Melisa,1
,,,,875=,Melissa-Ann,1
,,,,875=,Melissa-Jayne,1
,,,,875=,Merel,1
,,,,875=,Merete,1
,,,,875=,Merissa,1
,,,,875=,Merle,1
,,,,875=,Merrell,1
,,,,875=,Merrily,1
,,,,875=,Mersina,1
,,,,875=,Meryam,1
,,,,875=,Meryem,1
,,,,875=,Mhairi-Anne,1
,,,,875=,Mhairi-Clare,1
,,,,875=,Mia,1
,,,,875=,Miah,1
,,,,875=,Micaelle,1
,,,,875=,Michala,1
,,,,875=,Michella,1
,,,,875=,Michelle-Louise,1
,,,,875=,Mickela,1
,,,,875=,Micki,1
,,,,875=,Micole,1
,,,,875=,Mikela,1
,,,,875=,Miree,1
,,,,875=,Miriska,1
,,,,875=,Mirrisa,1
,,,,875=,Misty,1
,,,,875=,Mollie,1
,,,,875=,Mona,1
,,,,875=,Morbeen,1
,,,,875=,Morisia,1
,,,,875=,Morvern,1
,,,,875=,Morwenna,1
,,,,875=,Mouna,1
,,,,875=,Moya,1
,,,,875=,Moyra,1
,,,,875=,Mujood,1
,,,,875=,Munazza,1
,,,,875=,Murdina,1
,,,,875=,Muriam,1
,,,,875=,Musarat,1
,,,,875=,Myrtle,1
,,,,875=,Myshel,1
,,,,875=,Nabeela,1
,,,,875=,Nada,1
,,,,875=,Nadeen,1
,,,,875=,Nadene,1
,,,,875=,Nadhia,1
,,,,875=,Nadiene,1
,,,,875=,Nadina,1
,,,,875=,Nadine-Anne,1
,,,,875=,Nafeesa,1
,,,,875=,Nagina,1
,,,,875=,Naila,1
,,,,875=,Nailah,1
,,,,875=,Nakiesha,1
,,,,875=,Nalila,1
,,,,875=,Namita,1
,,,,875=,Nan,1
,,,,875=,Nancy,1
,,,,875=,Naosheen,1
,,,,875=,Narain,1
,,,,875=,Narelle,1
,,,,875=,Naseeb,1
,,,,875=,Nashmya,1
,,,,875=,Nasiba,1
,,,,875=,Nasra,1
,,,,875=,Nasreen,1
,,,,875=,Nassreen,1
,,,,875=,Natale,1
,,,,875=,Natalie-Anne,1
,,,,875=,Natalie-Elise,1
,,,,875=,Natalie-Marie,1
,,,,875=,Nataline,1
,,,,875=,Natasha-Anne,1
,,,,875=,Natassia,1
,,,,875=,Navdeep,1
,,,,875=,Nayab,1
,,,,875=,Nayla,1
,,,,875=,Nazanin-Sadat,1
,,,,875=,Nazreen,1
,,,,875=,Neala,1
,,,,875=,Nemone,1
,,,,875=,Neryssa,1
,,,,875=,Nesreen,1
,,,,875=,Ngaire,1
,,,,875=,Niala,1
,,,,875=,Niamh,1
,,,,875=,Niaza,1
,,,,875=,Nichelle,1
,,,,875=,Nicky,1
,,,,875=,Nideena,1
,,,,875=,Nidene,1
,,,,875=,Niela,1
,,,,875=,Niesia,1
,,,,875=,Nike,1
,,,,875=,Nikela,1
,,,,875=,Niki-Sian,1
,,,,875=,Nikole,1
,,,,875=,Nkiruka,1
,,,,875=,Nnena,1
,,,,875=,Nontokozo,1
,,,,875=,Nor,1
,,,,875=,Nora,1
,,,,875=,Noralia,1
,,,,875=,Noreea,1
,,,,875=,Noureen,1
,,,,875=,Nuala,1
,,,,875=,Numra,1
,,,,875=,Nur,1
,,,,875=,Nuraisyah,1
,,,,875=,Nurul,1
,,,,875=,Nusheen,1
,,,,875=,Nyla,1
,,,,875=,Nyree,1
,,,,875=,Nyssa,1
,,,,875=,Odette,1
,,,,875=,Oi,1
,,,,875=,Oiza,1
,,,,875=,Ola,1
,,,,875=,Olga,1
,,,,875=,Olive,1
,,,,875=,Olubukola,1
,,,,875=,Olusola,1
,,,,875=,Omara,1
,,,,875=,Omima,1
,,,,875=,Omneya,1
,,,,875=,Omobonike,1
,,,,875=,Oneesa,1
,,,,875=,Oona,1
,,,,875=,Oonagh,1
,,,,875=,Orla,1
,,,,875=,Paige,1
,,,,875=,Pamela-Jane,1
,,,,875=,Papinder,1
,,,,875=,Paramita,1
,,,,875=,Parisa,1
,,,,875=,Parkash,1
,,,,875=,Parveen,1
,,,,875=,Patsy,1
,,,,875=,Pauleen,1
,,,,875=,Paulina,1
,,,,875=,Pennyghael,1
,,,,875=,Petra,1
,,,,875=,Pheigi,1
,,,,875=,Phyllis,1
,,,,875=,Pier-Elizabeth,1
,,,,875=,Pippa,1
,,,,875=,Piu,1
,,,,875=,Porcia,1
,,,,875=,Portia,1
,,,,875=,Priscilla,1
,,,,875=,Raani,1
,,,,875=,Rabeena,1
,,,,875=,Rabeka,1
,,,,875=,Racheal,1
,,,,875=,Rachel-Anne,1
,,,,875=,Rachele,1
,,,,875=,Rachida,1
,,,,875=,Radhika,1
,,,,875=,Rae,1
,,,,875=,Raechell,1
,,,,875=,Rafia,1
,,,,875=,Rageena,1
,,,,875=,Rahana,1
,,,,875=,Raheila,1
,,,,875=,Raiya,1
,,,,875=,Rajane,1
,,,,875=,Rajinder,1
,,,,875=,Rajneet,1
,,,,875=,Rajvir,1
,,,,875=,Rajwant,1
,,,,875=,Ramie,1
,,,,875=,Ramzana,1
,,,,875=,Ranih,1
,,,,875=,Ranmeet,1
,,,,875=,Raona,1
,,,,875=,Raonailt,1
,,,,875=,Rasha,1
,,,,875=,Rashael,1
,,,,875=,Raswana,1
,,,,875=,Ratika,1
,,,,875=,Raylene,1
,,,,875=,Razina,1
,,,,875=,Reahanah,1
,,,,875=,Rebeka,1
,,,,875=,Reena,1
,,,,875=,Rehana,1
,,,,875=,Rema,1
,,,,875=,Renata,1
,,,,875=,Rene,1
,,,,875=,Renee,1
,,,,875=,Rhanna,1
,,,,875=,Rheanon,1
,,,,875=,Rhiann,1
,,,,875=,Rhiannon,1
,,,,875=,Rhianon,1
,,,,875=,Rhoanne,1
,,,,875=,Rianna,1
,,,,875=,Rianne,1
,,,,875=,Richard,1
,,,,875=,Ricki,1
,,,,875=,Ricky-Ann,1
,,,,875=,Riffhat,1
,,,,875=,Rifka,1
,,,,875=,Riham,1
,,,,875=,Rina,1
,,,,875=,Rizwana,1
,,,,875=,Robana,1
,,,,875=,Robina,1
,,,,875=,Rogina,1
,,,,875=,Romaana,1
,,,,875=,Romara,1
,,,,875=,Romy,1
,,,,875=,Roni,1
,,,,875=,Rosa,1
,,,,875=,Rosalie,1
,,,,875=,Rosalina,1
,,,,875=,Rosanna,1
,,,,875=,Rosanne,1
,,,,875=,Roschell,1
,,,,875=,Rose-Marie,1
,,,,875=,Roseann,1
,,,,875=,Rosehelen,1
,,,,875=,Rosella,1
,,,,875=,Roselyn,1
,,,,875=,Rosetta,1
,,,,875=,Rosheen,1
,,,,875=,Rosie,1
,,,,875=,Rosina,1
,,,,875=,Roslind,1
,,,,875=,Rossana,1
,,,,875=,Rosslyn,1
,,,,875=,Rowen,1
,,,,875=,Roxane,1
,,,,875=,Roxanna,1
,,,,875=,Roz,1
,,,,875=,Rozlynne,1
,,,,875=,Rubiecca,1
,,,,875=,Rubyet,1
,,,,875=,Ruksana,1
,,,,875=,Rukshana,1
,,,,875=,Saana,1
,,,,875=,Sabba,1
,,,,875=,Sabeen,1
,,,,875=,Sabia,1
,,,,875=,Sabiha,1
,,,,875=,Sabina,1
,,,,875=,Sabira,1
,,,,875=,Sacha,1
,,,,875=,Sachnaam,1
,,,,875=,Sadhia,1
,,,,875=,Sadhna,1
,,,,875=,Sadie,1
,,,,875=,Saema,1
,,,,875=,Safa,1
,,,,875=,Saffron,1
,,,,875=,Safia,1
,,,,875=,Safina,1
,,,,875=,Sahira,1
,,,,875=,Sahra,1
,,,,875=,Saimah,1
,,,,875=,Sairah-Anne,1
,,,,875=,Sajda,1
,,,,875=,Sakinah,1
,,,,875=,Salette,1
,,,,875=,Sallmah,1
,,,,875=,Salma,1
,,,,875=,Sam,1
,,,,875=,Samantha-Jane,1
,,,,875=,Samantha-Jayne,1
,,,,875=,Samara,1
,,,,875=,Sameen,1
,,,,875=,Sameena,1
,,,,875=,Sameera,1
,,,,875=,Sameha,1
,,,,875=,Samia,1
,,,,875=,Sammie,1
,,,,875=,Samra,1
,,,,875=,Sanam,1
,,,,875=,Sandip,1
,,,,875=,Sandy,1
,,,,875=,Sanne-Willemijn,1
,,,,875=,Santhosh,1
,,,,875=,Sapphire,1
,,,,875=,Sarah-Ann,1
,,,,875=,Sarah-Claire,1
,,,,875=,Sarah-Jayne,1
,,,,875=,Sarah-Lee,1
,,,,875=,Sarah-Maree,1
,,,,875=,Sarahjane,1
,,,,875=,Saralee,1
,,,,875=,Saranne,1
,,,,875=,Saraya,1
,,,,875=,Sarbjit,1
,,,,875=,Sarekha,1
,,,,875=,Sareta,1
,,,,875=,Sariah,1
,,,,875=,Sarika,1
,,,,875=,Satbinder,1
,,,,875=,Satnam,1
,,,,875=,Satpal,1
,,,,875=,Satvinder,1
,,,,875=,Savina,1
,,,,875=,Scarlet,1
,,,,875=,Scott,1
,,,,875=,Se,1
,,,,875=,Seaneen,1
,,,,875=,See,1
,,,,875=,Seetara,1
,,,,875=,Selma,1
,,,,875=,Semerah,1
,,,,875=,Seonagh,1
,,,,875=,Seonaigh,1
,,,,875=,Sera,1
,,,,875=,Serafina,1
,,,,875=,Serina,1
,,,,875=,Severine,1
,,,,875=,Seymone,1
,,,,875=,Shabena,1
,,,,875=,Shabnam,1
,,,,875=,Shaheen,1
,,,,875=,Shaheena,1
,,,,875=,Shahila,1
,,,,875=,Shahmona,1
,,,,875=,Shakantla,1
,,,,875=,Shamala,1
,,,,875=,Shamlay,1
,,,,875=,Shamms,1
,,,,875=,Shamoona,1
,,,,875=,Shamsa,1
,,,,875=,Shamyla,1
,,,,875=,Shanade,1
,,,,875=,Shane,1
,,,,875=,Shaniece,1
,,,,875=,Shanine,1
,,,,875=,Shanna-Dawn,1
,,,,875=,Shaonagh-Louise,1
,,,,875=,Sharee,1
,,,,875=,Shareena,1
,,,,875=,Sharell,1
,,,,875=,Sharene,1
,,,,875=,Sharleen,1
,,,,875=,Sharleena,1
,,,,875=,Sharmain,1
,,,,875=,Sharmaine,1
,,,,875=,Shavanna,1
,,,,875=,Shavonne,1
,,,,875=,Shaynaz,1
,,,,875=,Shaziah,1
,,,,875=,Shazmin,1
,,,,875=,Shealagh,1
,,,,875=,Shealene,1
,,,,875=,Shebena,1
,,,,875=,Sheelagh,1
,,,,875=,Sheevaun,1
,,,,875=,Shelby,1
,,,,875=,Shellie,1
,,,,875=,Shemiele,1
,,,,875=,Shena,1
,,,,875=,Shenela,1
,,,,875=,Sheonaid,1
,,,,875=,Sheralee,1
,,,,875=,Sheridan,1
,,,,875=,Sherifa,1
,,,,875=,Sherine,1
,,,,875=,Sherise,1
,,,,875=,Sherleine,1
,,,,875=,Sherri,1
,,,,875=,Sherrianne,1
,,,,875=,Sherrie,1
,,,,875=,Sherrill,1
,,,,875=,Sheryl-Ann,1
,,,,875=,Sheryline,1
,,,,875=,Shevonne,1
,,,,875=,Shibina,1
,,,,875=,Shiela,1
,,,,875=,Shineade,1
,,,,875=,Shireen,1
,,,,875=,Shirine,1
,,,,875=,Shirley-Anne,1
,,,,875=,Shivonne,1
,,,,875=,Shmiela,1
,,,,875=,Shonagh-Ann,1
,,,,875=,Shonamaree,1
,,,,875=,Shonelle,1
,,,,875=,Shui,1
,,,,875=,Shuk,1
,,,,875=,Shumayla,1
,,,,875=,Shyraa,1
,,,,875=,Siama,1
,,,,875=,Siana,1
,,,,875=,Siddra,1
,,,,875=,Sidra,1
,,,,875=,Sidrah,1
,,,,875=,Sien-Ying,1
,,,,875=,Simeena,1
,,,,875=,Sin,1
,,,,875=,Sinatra,1
,,,,875=,Siobahn,1
,,,,875=,Siobbhan,1
,,,,875=,Siobhain,1
,,,,875=,Siobhann,1
,,,,875=,Siobhaun,1
,,,,875=,Siobhian,1
,,,,875=,Sionadh,1
,,,,875=,Sioned,1
,,,,875=,Siouxsie,1
,,,,875=,Sithra,1
,,,,875=,Siuyen,1
,,,,875=,Smita,1
,,,,875=,Sobhia,1
,,,,875=,Sobia,1
,,,,875=,Sohnia,1
,,,,875=,Solange,1
,,,,875=,Solmaz,1
,,,,875=,Solomon,1
,,,,875=,Somah,1
,,,,875=,Sonaina,1
,,,,875=,Srilatha,1
,,,,875=,Stacey-Louise,1
,,,,875=,Stacie-Jane,1
,,,,875=,Stacy-Ann,1
,,,,875=,Stacy-Lee,1
,,,,875=,Stacyann,1
,,,,875=,Staice,1
,,,,875=,Stella-Marie,1
,,,,875=,Stepanie,1
,,,,875=,Stephaney,1
,,,,875=,Stephanni,1
,,,,875=,Stephne,1
,,,,875=,Steveley,1
,,,,875=,Stevie,1
,,,,875=,Stuart,1
,,,,875=,Sudaf,1
,,,,875=,Sue-Ann,1
,,,,875=,Suet,1
,,,,875=,Sueway,1
,,,,875=,Sukhminder,1
,,,,875=,Sukiran,1
,,,,875=,Sulamith,1
,,,,875=,Sumaiya,1
,,,,875=,Sumer,1
,,,,875=,Sumera,1
,,,,875=,Sunita,1
,,,,875=,Sunna,1
,,,,875=,Sunni,1
,,,,875=,Surekha,1
,,,,875=,Susan-Anne,1
,,,,875=,Susann,1
,,,,875=,Susie,1
,,,,875=,Suzanna,1
,,,,875=,Suzanne-Louise,1
,,,,875=,Suzeen,1
,,,,875=,Suzie,1
,,,,875=,Suzzanne,1
,,,,875=,Syafeeza,1
,,,,875=,Syeda,1
,,,,875=,Sylvanna,1
,,,,875=,Syma,1
,,,,875=,Symone,1
,,,,875=,Syra,1
,,,,875=,Tahira,1
,,,,875=,Tahirah,1
,,,,875=,Tahra,1
,,,,875=,Taiyyibah,1
,,,,875=,Taleen,1
,,,,875=,Tamarra,1
,,,,875=,Tami,1
,,,,875=,Tammi,1
,,,,875=,Tammi-Ann,1
,,,,875=,Tammyann,1
,,,,875=,Tannath,1
,,,,875=,Tanya-Jane,1
,,,,875=,Tarra,1
,,,,875=,Tarryn,1
,,,,875=,Tasmeen,1
,,,,875=,Tasmiah,1
,,,,875=,Tasmin,1
,,,,875=,Tazmeen,1
,,,,875=,Tbussam,1
,,,,875=,Teresa-Marie,1
,,,,875=,Terri-Anne,1
,,,,875=,Terry,1
,,,,875=,Thameena,1
,,,,875=,Theresa-Marie,1
,,,,875=,Theresse,1
,,,,875=,Thiara,1
,,,,875=,Thiba,1
,,,,875=,Thirza,1
,,,,875=,Thirza-Margaret,1
,,,,875=,Thomasina,1
,,,,875=,Tien,1
,,,,875=,Ting,1
,,,,875=,Tomena,1
,,,,875=,Toni-Ann,1
,,,,875=,Tonia,1
,,,,875=,Torran,1
,,,,875=,Tracee,1
,,,,875=,Tracey-Ann,1
,,,,875=,Traudi,1
,,,,875=,Trudie,1
,,,,875=,Trudy,1
,,,,875=,Tuesday,1
,,,,875=,Tulin,1
,,,,875=,Tyha,1
,,,,875=,Uchechi,1
,,,,875=,Umber,1
,,,,875=,Urfa,1
,,,,875=,Uzama,1
,,,,875=,Vairi,1
,,,,875=,Valeen,1
,,,,875=,Valene,1
,,,,875=,Valeri,1
,,,,875=,Vallene,1
,,,,875=,Vanda,1
,,,,875=,Vangie,1
,,,,875=,Varie,1
,,,,875=,Varri,1
,,,,875=,Varrie,1
,,,,875=,Vera,1
,,,,875=,Veronika,1
,,,,875=,Vhairi,1
,,,,875=,Vicky-Louise,1
,,,,875=,Victoria-Anne,1
,,,,875=,Victorria,1
,,,,875=,Vienna,1
,,,,875=,Vikky,1
,,,,875=,Vinaya,1
,,,,875=,Virginia,1
,,,,875=,Vivianne,1
,,,,875=,Waheeda,1
,,,,875=,Wahida,1
,,,,875=,Walter,1
,,,,875=,Wanduska,1
,,,,875=,Wee,1
,,,,875=,Wei,1
,,,,875=,Westaly,1
,,,,875=,Williamina,1
,,,,875=,Winnie,1
,,,,875=,Xanthe,1
,,,,875=,Xenia,1
,,,,875=,Yashka,1
,,,,875=,Yasmina,1
,,,,875=,Yasminara,1
,,,,875=,Yee,1
,,,,875=,Yeun,1
,,,,875=,Yildiz,1
,,,,875=,Yip,1
,,,,875=,Yuen,1
,,,,875=,Zabir,1
,,,,875=,Zahaa,1
,,,,875=,Zahra,1
,,,,875=,Zaiba,1
,,,,875=,Zaibha,1
,,,,875=,Zakiyya,1
,,,,875=,Zamurd,1
,,,,875=,Zandra,1
,,,,875=,Zanib,1
,,,,875=,Zarah,1
,,,,875=,Zareen,1
,,,,875=,Zarine,1
,,,,875=,Zarqa,1
,,,,875=,Zartashia,1
,,,,875=,Zeb-U-Nisa,1
,,,,875=,Zena,1
,,,,875=,Zhu,1
,,,,875=,Zille,1
,,,,875=,Zinniroh,1
,,,,875=,Zipporah,1
,,,,875=,Zohra,1
,,,,875=,Zoie,1
,,,,875=,Zreen,1
,,,,875=,Zynib,1
,,,,,,
� Crown Copyright 2015,,,,,,
