Babies' first forenames: births registered in Scotland in 1989,,,,,,
,,,,,,
Information about the basis of the list can be found via the 'Babies' First Names' page on the National Records of Scotland website.,,,,,,
,,,,,,
Boys,,,,Girls,,
,,,,,,
Position,Name,Number of babies,,Position,Name,Number of babies
1,David,1333,,1,Laura,964
2,Christopher,1160,,2,Emma,890
3,Scott,1071,,3,Sarah,676
4,James,1012,,4=,Claire,673
5,Andrew,987,,4=,Kirsty,673
6,Michael,968,,6,Nicola,627
7,Craig,879,,7,Jennifer,609
8,John,859,,8,Stephanie,602
9,Ross,703,,9,Lauren,566
10,Mark,702,,10,Lisa,498
11,Jamie,699,,11,Louise,465
12,Paul,680,,12,Natalie,447
13,Steven,679,,13,Ashley,399
14,Stuart,570,,14,Danielle,395
15,Robert,549,,15,Stacey,348
16,Daniel,542,,16,Rachel,344
17,Ryan,504,,17,Samantha,343
18,Sean,503,,18=,Amy,322
19,Stephen,490,,18=,Fiona,322
20,Gary,488,,20,Rebecca,301
21,William,445,,21,Amanda,281
22,Darren,428,,22,Michelle,270
23,Kevin,419,,23,Gillian,258
24,Martin,404,,24,Kimberley,257
25,Graeme,354,,25,Gemma,250
26,Thomas,350,,26,Victoria,241
27,Jonathan,324,,27,Kelly,234
28,Matthew,311,,28=,Cheryl,228
29,Alan,303,,28=,Heather,228
30=,Alexander,287,,30,Megan,218
30=,Iain,287,,31,Ashleigh,215
32,Richard,260,,32,Nicole,206
33,Jason,255,,33,Karen,199
34,Lee,253,,34,Jade,197
35,Callum,248,,35,Kayleigh,196
36,Liam,245,,36,Siobhan,191
37,Calum,238,,37,Joanne,186
38=,Adam,231,,38,Hannah,185
38=,Colin,231,,39,Leanne,181
40,Peter,222,,40,Kerry,176
41,Fraser,217,,41,Natasha,171
42,Shaun,208,,42,Rachael,161
43,Neil,205,,43,Catherine,160
44,Dean,201,,44=,Katie,157
45,Brian,195,,44=,Lynsey,157
46,Graham,191,,46,Julie,145
47,Grant,187,,47,Elizabeth,144
48,Gavin,186,,48,Deborah,142
49,Ian,184,,49,Jenna,141
50,Gordon,181,,50,Alison,139
51,Marc,174,,51,Eilidh,136
52,Greg,169,,52,Clare,133
53,Nicholas,165,,53,Susan,128
54=,Allan,152,,54,Jacqueline,124
54=,Stewart,152,,55,Caroline,122
56,Anthony,149,,56,Pamela,120
57,Kyle,147,,57,Suzanne,118
58,Lewis,146,,58=,Hayley,117
59=,Jordan,144,,58=,Kathryn,117
59=,Joseph,144,,60,Paula,111
61,Kenneth,135,,61,Kirsten,109
62,Alistair,131,,62,Katherine,108
63,Derek,122,,63,Christina,107
64,Barry,111,,64=,Charlene,105
65,Euan,110,,64=,Christine,105
66,Douglas,108,,66,Dawn,104
67,Philip,100,,67,Lucy,102
68,Kieran,99,,68=,Donna,101
69,Simon,98,,68=,Melissa,101
70=,Aaron,97,,68=,Mhairi,101
70=,Jack,97,,71=,Lindsay,96
72,Cameron,96,,71=,Robyn,96
73,George,95,,73=,Carly,95
74=,Ewan,90,,73=,Catriona,95
74=,Garry,90,,75=,Chloe,90
76,Benjamin,87,,75=,Debbie,90
77,Blair,86,,77=,Anna,88
78,Duncan,84,,77=,Jodie,88
79,Samuel,80,,77=,Michaela,88
80,Charles,79,,80=,Charlotte,87
81=,Bryan,78,,80=,Ruth,87
81=,Dale,78,,82,Sophie,86
81=,Patrick,78,,83=,Emily,84
84,Alasdair,77,,83=,Holly,84
85,Alastair,76,,83=,Lesley,84
86,Rory,74,,83=,Zoe,84
87=,Joshua,73,,87=,Angela,81
87=,Nathan,73,,87=,Joanna,81
89,Martyn,69,,89=,Erin,80
90,Keith,68,,89=,Jane,80
91,Donald,66,,89=,Lorna,80
92,Greig,64,,89=,Shona,80
93=,Ben,62,,93,Elaine,77
93=,Daryl,62,,94,Alana,76
95=,Gregor,59,,95,Sara,74
95=,Luke,59,,96,Helen,73
97,Edward,58,,97,Kim,72
98,Robbie,57,,98=,Hazel,70
99=,Gareth,55,,98=,Jessica,70
99=,Murray,55,,98=,Lynn,70
101,Niall,54,,101=,Linzi,69
102,Malcolm,52,,101=,Nikki,69
103,Bruce,51,,103=,Leigh,67
104,Mohammed,49,,103=,Sharon,67
105,Sam,48,,105,Lorraine,66
106,Raymond,47,,106=,Aimee,64
107,Stefan,41,,106=,Cara,64
108=,Kristopher,40,,108=,Jillian,63
108=,Russell,40,,108=,Kathleen,63
110=,Antony,39,,108=,Yvonne,63
110=,Kris,39,,111=,Adele,62
112,Gerard,38,,111=,Melanie,62
113,Jonathon,37,,113,Lyndsay,61
114=,Francis,34,,114,Lynne,60
114=,Tony,34,,115,Jemma,59
116,Dominic,33,,116=,Lyndsey,58
117,Angus,32,,116=,Margaret,58
118=,Connor,31,,116=,Maxine,58
118=,Jon,31,,119=,Lindsey,57
120=,Frazer,29,,119=,Toni,57
120=,Hugh,29,,121=,Diane,55
120=,Oliver,29,,121=,Kerri,55
120=,Owen,29,,123=,Kimberly,54
124=,Mohammad,26,,123=,Tracy,54
124=,Shane,26,,125,Katrina,53
126=,Justin,25,,126=,Alexandra,52
126=,Kristofer,25,,126=,Carrie,52
126=,Timothy,25,,128,Andrea,51
129=,Josh,24,,129=,Caitlin,49
129=,Terry,24,,129=,Tracey,49
131,Billy,23,,131,Linda,48
132=,Conor,22,,132,Gail,47
132=,Danny,22,,133,Nadia,46
132=,Wayne,22,,134=,Jill,45
135=,Brendan,21,,134=,Kate,45
135=,Fergus,21,,134=,Katy,45
135=,Harry,21,,134=,Vicky,45
135=,Mathew,21,,138=,Carla,44
135=,Ronald,21,,138=,Nadine,44
140,Ciaran,20,,138=,Vicki,44
141=,Bradley,19,,141=,Mairi,43
141=,Nicky,19,,141=,Mary,43
141=,Robin,19,,143=,Anne,41
141=,Terence,19,,143=,Denise,41
145=,Arran,18,,143=,Terri,41
145=,Finlay,18,,146=,Maria,40
145=,Hamish,18,,146=,Marie,40
148=,Damien,17,,148=,Arlene,39
148=,Johnathan,17,,148=,Jamie,39
148=,Roderick,17,,148=,Naomi,39
148=,Ruairidh,17,,148=,Sinead,39
152=,Drew,16,,148=,Vikki,39
152=,Elliot,16,,153,Abigail,37
152=,Roy,16,,154=,Ailsa,36
155=,Brett,15,,154=,Carol,36
155=,Frank,15,,154=,Frances,36
155=,Henry,15,,154=,Roisin,36
155=,Joe,15,,158=,Kirstin,35
155=,Lloyd,15,,158=,Leah,35
155=,Ricky,15,,158=,Stacy,35
155=,Vincent,15,,161,Eleanor,33
162=,Adrian,14,,162=,Alice,32
162=,Alisdair,14,,162=,Dionne,32
162=,Arron,14,,162=,Roxanne,32
162=,Ashley,14,,165=,Ann,31
162=,Damian,14,,165=,Gayle,31
162=,Ewen,14,,165=,Hollie,31
162=,Gerald,14,,165=,Mandy,31
162=,Keiran,14,,165=,Pauline,31
162=,Kerr,14,,170=,Jayne,30
162=,Kristoffer,14,,170=,Kylie,30
162=,Omar,14,,172=,Colette,29
162=,Tom,14,,172=,Iona,29
174=,Aidan,13,,172=,Nichola,29
174=,Anton,13,,172=,Rhona,29
174=,Barrie,13,,176=,Carolyn,28
174=,Frederick,13,,176=,Colleen,28
174=,Glen,13,,176=,Julia,28
174=,Karl,13,,176=,Kara,28
174=,Rikki,13,,180=,Chelsea,27
174=,Sandy,13,,180=,Justine,27
174=,Struan,13,,180=,Kirstie,27
183=,Christian,12,,183=,Lori,26
183=,Dane,12,,183=,Shelley,26
183=,Darryl,12,,183=,Tammy,26
183=,Gregg,12,,186=,Kerrie,25
183=,Gregory,12,,186=,Shannon,25
188=,Bobby,11,,186=,Wendy,25
188=,Eric,11,,189=,Faye,23
188=,Guy,11,,189=,Grace,23
188=,Jake,11,,189=,Jenny,23
188=,Leigh,11,,189=,Sarah-Jane,23
188=,Louis,11,,193=,Annie,22
188=,Muhammad,11,,193=,Chantelle,22
195=,Alex,10,,193=,Marianne,22
195=,Calvin,10,,196=,Lee,21
195=,Campbell,10,,196=,Rosemary,21
195=,Clark,10,,196=,Simone,21
195=,Leon,10,,196=,Yasmin,21
195=,Marco,10,,200=,Jaclyn,20
195=,Max,10,,200=,Janine,20
195=,Warren,10,,200=,Kelsey,20
203=,Declan,9,,200=,Lana,20
203=,Glenn,9,,200=,Rebekah,20
203=,Jay,9,,200=,Sheree,20
203=,Jeff,9,,200=,Stefanie,20
203=,Joel,9,,200=,Theresa,20
203=,Kieron,9,,208=,Cassandra,19
203=,Laurie,9,,208=,Francesca,19
203=,Lawrence,9,,208=,Judith,19
203=,Marcus,9,,208=,Lianne,19
203=,Mitchell,9,,208=,Lynsay,19
203=,Ronan,9,,208=,Meghan,19
203=,Ruari,9,,208=,Sian,19
203=,Ruaridh,9,,208=,Tanya,19
203=,Scot,9,,208=,Zara,19
203=,Usman,9,,217=,Alyson,18
218=,Arthur,8,,217=,Amber,18
218=,Carl,8,,217=,Georgina,18
218=,Damon,8,,217=,Isla,18
218=,Keir,8,,217=,Lara,18
218=,Logan,8,,217=,Laurie,18
218=,Lyle,8,,217=,Teri,18
218=,Mohamed,8,,217=,Valerie,18
218=,Neal,8,,225=,Aileen,17
218=,Neale,8,,225=,Beverley,17
218=,Neill,8,,225=,Debra,17
218=,Nico,8,,225=,Katharine,17
218=,Norman,8,,225=,Leeann,17
218=,Phillip,8,,225=,Leeanne,17
218=,Ruaraidh,8,,225=,Rhiannon,17
218=,Taylor,8,,225=,Rose,17
233=,Ahmed,7,,225=,Sally,17
233=,Amir,7,,225=,Sarah-Louise,17
233=,Austin,7,,235=,Ainsley,16
233=,Blaine,7,,235=,Allana,16
233=,Darrell,7,,235=,Ellen,16
233=,Evan,7,,235=,Harriet,16
233=,Innes,7,,235=,Linsey,16
233=,Jim,7,,235=,Sandra,16
233=,Laurence,7,,241=,April,15
233=,Nicolas,7,,241=,Karyn,15
233=,Nikki,7,,241=,Leona,15
233=,Ricki,7,,241=,Lois,15
245=,Alister,6,,241=,Morgan,15
245=,Allen,6,,241=,Patricia,15
245=,Colm,6,,241=,Susanne,15
245=,Curtis,6,,241=,Vanessa,15
245=,Darran,6,,249=,Aisha,14
245=,Dylan,6,,249=,Alanna,14
245=,Erik,6,,249=,Bethany,14
245=,Johnathon,6,,249=,Collette,14
245=,Lawrie,6,,249=,Corinne,14
245=,Lindsay,6,,249=,Geraldine,14
245=,Lyall,6,,249=,Jasmine,14
245=,Moray,6,,249=,Jordan,14
245=,Reece,6,,249=,Kellie,14
245=,Rhys,6,,249=,Kirsteen,14
245=,Ricardo,6,,249=,Louisa,14
245=,Roddy,6,,249=,Morven,14
245=,Shawn,6,,249=,Nina,14
245=,Toby,6,,249=,Seonaid,14
263=,Adil,5,,249=,Sheryl,14
263=,Adnan,5,,264=,Abbie,13
263=,Alfred,5,,264=,Beth,13
263=,Amar,5,,264=,Clair,13
263=,Archie,5,,264=,Courtney,13
263=,Bernard,5,,264=,Esther,13
263=,Brad,5,,264=,Jodi,13
263=,Brodie,5,,264=,Keri,13
263=,Cal,5,,264=,Maureen,13
263=,Chris,5,,264=,Philippa,13
263=,Corey,5,,264=,Tara,13
263=,Darryn,5,,274=,Alicia,12
263=,Dayle,5,,274=,Amie,12
263=,Finn,5,,274=,Avril,12
263=,Hamza,5,,274=,Bernadette,12
263=,Jan,5,,274=,Dana,12
263=,Jed,5,,274=,Emma-Louise,12
263=,Kelvin,5,,274=,Evelyn,12
263=,Kenny,5,,274=,Joy,12
263=,Kirk,5,,274=,Kay,12
263=,Lucas,5,,274=,Kristina,12
263=,Magnus,5,,274=,Leigh-Anne,12
263=,Maurice,5,,274=,Madeleine,12
263=,Miles,5,,274=,Marion,12
263=,Murdo,5,,274=,Morag,12
263=,Myles,5,,274=,Nicolle,12
263=,Nigel,5,,274=,Rochelle,12
263=,Niki,5,,274=,Roslyn,12
263=,Ray,5,,274=,Shereen,12
263=,Stanley,5,,274=,Sophia,12
263=,Tommy,5,,293=,Abby,11
263=,Umar,5,,293=,Bianca,11
295=,Arfan,4,,293=,Cassie,11
295=,Arif,4,,293=,Christie,11
295=,Asa,4,,293=,Felicity,11
295=,Byron,4,,293=,Janet,11
295=,Casey,4,,293=,Jayde,11
295=,Clarke,4,,293=,Jody,11
295=,Daryll,4,,293=,Rowan,11
295=,Denis,4,,293=,Sasha,11
295=,Dougal,4,,293=,Sheila,11
295=,Eamonn,4,,293=,Shirley,11
295=,Edwin,4,,293=,Teresa,11
295=,Elliott,4,,306=,Ailie,10
295=,Gabriel,4,,306=,Alexandria,10
295=,Geoffrey,4,,306=,Anita,10
295=,Isaac,4,,306=,Antonia,10
295=,Jaime,4,,306=,Carolanne,10
295=,Jaimie,4,,306=,Caron,10
295=,Jeffrey,4,,306=,Charmaine,10
295=,Jeremy,4,,306=,Cherie,10
295=,Jody,4,,306=,Christy,10
295=,Johnny,4,,306=,Dominique,10
295=,Jordon,4,,306=,Flora,10
295=,Julian,4,,306=,Gabrielle,10
295=,Kamran,4,,306=,Josephine,10
295=,Kane,4,,306=,Karina,10
295=,Keiron,4,,306=,Lisa-Marie,10
295=,Lachlan,4,,306=,Lyn,10
295=,Leo,4,,306=,Nikita,10
295=,Leslie,4,,306=,Tina,10
295=,Lorne,4,,324=,Alisha,9
295=,Maxwell,4,,324=,Ann-Marie,9
295=,Morgan,4,,324=,Brooke,9
295=,Nicol,4,,324=,Bryony,9
295=,Nikolas,4,,324=,Dannielle,9
295=,Qasim,4,,324=,Eve,9
295=,Raja,4,,324=,Freya,9
295=,Rob,4,,324=,Karin,9
295=,Rowan,4,,324=,Karis,9
295=,Seamus,4,,324=,Keira,9
295=,Todd,4,,324=,Kirsti,9
335=,Aarron,3,,324=,Layla,9
335=,Aiden,3,,324=,Leighann,9
335=,Ajay,3,,324=,Linsay,9
335=,Allister,3,,324=,Lynda,9
335=,Alyn,3,,324=,Lynzi,9
335=,Cailean,3,,324=,Michele,9
335=,Carlo,3,,324=,Miriam,9
335=,Charlie,3,,324=,Rona,9
335=,Connal,3,,324=,Rosie,9
335=,Conner,3,,324=,Shauna,9
335=,Cory,3,,345=,Aimi,8
335=,Daley,3,,345=,Allison,8
335=,Darrel,3,,345=,Allyson,8
335=,Daryn,3,,345=,Ami,8
335=,Duane,3,,345=,Annabel,8
335=,Dwayne,3,,345=,Anne-Marie,8
335=,Eoin,3,,345=,Annmarie,8
335=,Ethan,3,,345=,Barbara,8
335=,Faisal,3,,345=,Elspeth,8
335=,Forbes,3,,345=,Hilary,8
335=,Frankie,3,,345=,Jamie-Lee,8
335=,Garrie,3,,345=,Jean,8
335=,Grahame,3,,345=,Jocelyn,8
335=,Hardeep,3,,345=,Karla,8
335=,Haris,3,,345=,Katriona,8
335=,Haroon,3,,345=,Lucie,8
335=,Harris,3,,345=,Lynette,8
335=,Harvey,3,,345=,Marisa,8
335=,Hashim,3,,345=,Mhari,8
335=,Ibrahim,3,,345=,Olivia,8
335=,Imran,3,,345=,Rosanna,8
335=,Jackson,3,,345=,Sonia,8
335=,Jared,3,,345=,Stacie,8
335=,John-Paul,3,,345=,Tessa,8
335=,Kal,3,,369=,Adelle,7
335=,Khalid,3,,369=,Ailidh,7
335=,Kieren,3,,369=,Alix,7
335=,Kriss,3,,369=,Amelia,7
335=,Kurtis,3,,369=,Ayesha,7
335=,Lance,3,,369=,Callie,7
335=,Nabeel,3,,369=,Cally,7
335=,Nathen,3,,369=,Candice,7
335=,Noel,3,,369=,Carina,7
335=,Roger,3,,369=,Carley,7
335=,Ronnie,3,,369=,Carlyn,7
335=,Saul,3,,369=,Caryn,7
335=,Sebastian,3,,369=,Chanelle,7
335=,Stefano,3,,369=,Chiara,7
335=,Stephan,3,,369=,Dayna,7
335=,Steve,3,,369=,Erica,7
335=,Theodore,3,,369=,Gabriella,7
335=,Tobias,3,,369=,Genna,7
335=,Trevor,3,,369=,Jaimie,7
335=,Victor,3,,369=,Jay,7
335=,Wilson,3,,369=,Jolene,7
335=,Zachary,3,,369=,Joyce,7
335=,Zak,3,,369=,June,7
335=,Zoheb,3,,369=,Kaleigh,7
393=,Aaran,2,,369=,Kelly-Ann,7
393=,Abdul,2,,369=,Kerry-Anne,7
393=,Abdullah,2,,369=,Kristy,7
393=,Ahad,2,,369=,Lee-Anne,7
393=,Ahmad,2,,369=,Leighanne,7
393=,Albert,2,,369=,Leila,7
393=,Alec,2,,369=,Leonie,7
393=,Alejandro,2,,369=,Liza,7
393=,Ali,2,,369=,Monica,7
393=,Allistair,2,,369=,Roseanne,7
393=,Alun,2,,369=,Sharlene,7
393=,Alwyn,2,,369=,Sheena,7
393=,Ammar,2,,369=,Shelly,7
393=,Andre,2,,406=,Abbey,6
393=,Andreas,2,,406=,Billie,6
393=,Andy,2,,406=,Bridget,6
393=,Angelo,2,,406=,Briony,6
393=,Antonio,2,,406=,Camilla,6
393=,Archibald,2,,406=,Carolann,6
393=,Aron,2,,406=,Carole,6
393=,Asad,2,,406=,Carrie-Anne,6
393=,Ashleigh,2,,406=,Charis,6
393=,Asif,2,,406=,Coleen,6
393=,Atif,2,,406=,Connie,6
393=,Bilal,2,,406=,Dee,6
393=,Blain,2,,406=,Diana,6
393=,Blane,2,,406=,Eileen,6
393=,Brent,2,,406=,Elise,6
393=,Bryon,2,,406=,Farah,6
393=,Callan,2,,406=,Fatima,6
393=,Carey,2,,406=,Gaynor,6
393=,Carlos,2,,406=,Haley,6
393=,Christon,2,,406=,Hayleigh,6
393=,Crawford,2,,406=,Imogen,6
393=,Dael,2,,406=,Isobel,6
393=,Damion,2,,406=,Janice,6
393=,Danish,2,,406=,Jasmin,6
393=,Darin,2,,406=,Jo-Anne,6
393=,Dario,2,,406=,Kari,6
393=,Darius,2,,406=,Kaylee,6
393=,Dennis,2,,406=,Keren,6
393=,Derick,2,,406=,Kym,6
393=,Derrick,2,,406=,Leann,6
393=,Derry,2,,406=,Lee-Ann,6
393=,Desmond,2,,406=,Leigh-Ann,6
393=,Dimitris,2,,406=,Lesley-Ann,6
393=,Domenico,2,,406=,Lesley-Anne,6
393=,Dominick,2,,406=,Lisamarie,6
393=,Don,2,,406=,Lydia,6
393=,Eamon,2,,406=,Mairead,6
393=,Ellis,2,,406=,Mellissa,6
393=,Emile,2,,406=,Miranda,6
393=,Emlyn,2,,406=,Natalia,6
393=,Eoghainn,2,,406=,Rhian,6
393=,Eoghan,2,,406=,Roseanna,6
393=,Eoghann,2,,406=,Saira,6
393=,Erlend,2,,406=,Sandie,6
393=,Eugene,2,,406=,Skye,6
393=,Fahad,2,,406=,Sofia,6
393=,Fayyaz,2,,406=,Sonya,6
393=,Fearghas,2,,406=,Stella,6
393=,Gar,2,,406=,Tamara,6
393=,Garreth,2,,406=,Tania,6
393=,Geoff,2,,406=,Zahra,6
393=,Gerrard,2,,457=,Alyssa,5
393=,Gianni,2,,457=,Aneesa,5
393=,Gurdeep,2,,457=,Antoinette,5
393=,Hal,2,,457=,Audrey,5
393=,Harrison,2,,457=,Casey,5
393=,Hasan,2,,457=,Catrina,5
393=,Hashem,2,,457=,Ceilidh,5
393=,Hector,2,,457=,Ciara,5
393=,Ho,2,,457=,Corrie,5
393=,Howard,2,,457=,Corrine,5
393=,Ivan,2,,457=,Daniella,5
393=,Jacob,2,,457=,Daryl,5
393=,Jai,2,,457=,Deanne,5
393=,Jaimi,2,,457=,Ellis,5
393=,Jamie-Lee,2,,457=,Fay,5
393=,Jarrod,2,,457=,Fern,5
393=,Jeffery,2,,457=,Georgia,5
393=,John-James,2,,457=,Gina,5
393=,Joss,2,,457=,Jackie,5
393=,Ka,2,,457=,Jan,5
393=,Kai,2,,457=,Johanna,5
393=,Kain,2,,457=,Joni,5
393=,Kallum,2,,457=,Julie-Ann,5
393=,Kamal,2,,457=,Karly,5
393=,Kenni,2,,457=,Kelly-Anne,5
393=,Kevan,2,,457=,Kerryanne,5
393=,Kevyn,2,,457=,Kirstyn,5
393=,Khai,2,,457=,Laureen,5
393=,Khaled,2,,457=,Lucinda,5
393=,Kiefer,2,,457=,Mari,5
393=,Kiel,2,,457=,Mariam,5
393=,Kiern,2,,457=,Martine,5
393=,Kraig,2,,457=,May,5
393=,Kristofor,2,,457=,Moira,5
393=,Lea,2,,457=,Monique,5
393=,Leonardo,2,,457=,Poppy,5
393=,Levi,2,,457=,Rachelle,5
393=,Liston,2,,457=,Rosalyn,5
393=,Lorn,2,,457=,Sabrina,5
393=,Majid,2,,457=,Sammy,5
393=,Mario,2,,457=,Sana,5
393=,Marshall,2,,457=,Shareen,5
393=,Marten,2,,457=,Shonagh,5
393=,Maximilian,2,,457=,Stevie,5
393=,Mehdi,2,,457=,Susannah,5
393=,Mohannad,2,,457=,Tammie,5
393=,Mungo,2,,457=,Veronica,5
393=,Murdoch,2,,457=,Vickie,5
393=,Mustafa,2,,457=,Yvette,5
393=,Nadeem,2,,506=,Adrienne,4
393=,Nathaniel,2,,506=,Ainslie,4
393=,Naveed,2,,506=,Alisa,4
393=,Nial,2,,506=,Amy-Louise,4
393=,Nicki,2,,506=,Annemarie,4
393=,Omair,2,,506=,Asma,4
393=,Osama,2,,506=,Ayla,4
393=,Osman,2,,506=,Becky,4
393=,Paolo,2,,506=,Carli,4
393=,Paull,2,,506=,Carol-Anne,4
393=,Piers,2,,506=,Carrie-Ann,4
393=,Ralph,2,,506=,Chantal,4
393=,Ramsay,2,,506=,Charleen,4
393=,Ranald,2,,506=,Charley,4
393=,Ravinder,2,,506=,Chelsey,4
393=,Rehan,2,,506=,Cindy,4
393=,Rhuaridh,2,,506=,Constance,4
393=,Rhyan,2,,506=,Corrina,4
393=,Riki,2,,506=,Daisy,4
393=,Ritchie,2,,506=,Dianne,4
393=,Robie,2,,506=,Elisabeth,4
393=,Ruairi,2,,506=,Elisha,4
393=,Sajid,2,,506=,Eva,4
393=,Samir,2,,506=,Florence,4
393=,Sandeep,2,,506=,Holli,4
393=,Saqib,2,,506=,Ingrid,4
393=,Seumas,2,,506=,Isabel,4
393=,Shabaz,2,,506=,Jacqui,4
393=,Shakeel,2,,506=,Janelle,4
393=,Spencer,2,,506=,Jenni,4
393=,Steffen,2,,506=,Jo,4
393=,Stephane,2,,506=,Josie,4
393=,Stevie,2,,506=,Kathrine,4
393=,Sukhdeep,2,,506=,Kaye,4
393=,Tariq,2,,506=,Kellyanne,4
393=,Theo,2,,506=,Kerry-Ann,4
393=,Tim,2,,506=,Kiri,4
393=,Tomas,2,,506=,Kristen,4
393=,Travis,2,,506=,Kristin,4
393=,Usmaan,2,,506=,Laura-Anne,4
393=,Wai,2,,506=,Laura-Jane,4
393=,Walid,2,,506=,Lauryn,4
393=,Yosef,2,,506=,Lily,4
393=,Zackary,2,,506=,Maegan,4
393=,Zeeshan,2,,506=,Marissa,4
551=,Aadam,1,,506=,Marnie,4
551=,Aahron,1,,506=,Martina,4
551=,Abd,1,,506=,Mechelle,4
551=,Abd-Ar-Rahman,1,,506=,Mia,4
551=,Abdulkhaleg,1,,506=,Mikaela,4
551=,Abdulrahman,1,,506=,Mikayla,4
551=,Abdus,1,,506=,Morna,4
551=,Abe,1,,506=,Niamh,4
551=,Abid,1,,506=,Nikola,4
551=,Abraham,1,,506=,Penny,4
551=,Abrar,1,,506=,Racheal,4
551=,Abtin,1,,506=,Roberta,4
551=,Adal,1,,506=,Rosaleen,4
551=,Addison,1,,506=,Sacha,4
551=,Adeel,1,,506=,Sadie,4
551=,Adeleke,1,,506=,Sarah-Ann,4
551=,Aden,1,,506=,Shari,4
551=,Adham,1,,506=,Sofie,4
551=,Adib,1,,506=,Stephenie,4
551=,Adiel,1,,506=,Sylvia,4
551=,Adin,1,,506=,Terrie,4
551=,Adrien,1,,506=,Valentina,4
551=,Aerminder,1,,506=,Yasmine,4
551=,Aeron,1,,506=,Zaynah,4
551=,Ailwyn,1,,506=,Zoey,4
551=,Ajitpal,1,,576=,Adam,3
551=,Ajmal,1,,576=,Agnes,3
551=,Akhlac,1,,576=,Aidan,3
551=,Akif,1,,576=,Aimie,3
551=,Akram,1,,576=,Aislinn,3
551=,Alain,1,,576=,Aleisha,3
551=,Alaisdair,1,,576=,Alex,3
551=,Alamgir,1,,576=,Allanah,3
551=,Aleem,1,,576=,Aneela,3
551=,Alessandro,1,,576=,Anisa,3
551=,Alexanda,1,,576=,Annette,3
551=,Alexandre,1,,576=,Ashlea,3
551=,Alexandros,1,,576=,Ashton,3
551=,Alexei,1,,576=,Aynsley,3
551=,Alexzander,1,,576=,Aysha,3
551=,Alfie,1,,576=,Belinda,3
551=,Alick,1,,576=,Bethan,3
551=,Alisder,1,,576=,Brenda,3
551=,Alistar,1,,576=,Brittney,3
551=,Alla,1,,576=,Camille,3
551=,Allistar,1,,576=,Carleen,3
551=,Ally,1,,576=,Carlene,3
551=,Alstair,1,,576=,Carmen,3
551=,Alvin,1,,576=,Cathryn,3
551=,Alyas,1,,576=,Cecilia,3
551=,Amal,1,,576=,Ceri,3
551=,Aman,1,,576=,Cherelle,3
551=,Amardeep,1,,576=,Cheryl-Anne,3
551=,Amarpal,1,,576=,Chevonne,3
551=,Amer,1,,576=,Clara,3
551=,Amran,1,,576=,Claudia,3
551=,Anas,1,,576=,Crystal,3
551=,Andeep,1,,576=,Dale,3
551=,Aneel,1,,576=,Danica,3
551=,Anees,1,,576=,Daniela,3
551=,Anirudh,1,,576=,Danyelle,3
551=,Anisah,1,,576=,Darryl,3
551=,Ansar,1,,576=,Debby,3
551=,Anthont,1,,576=,Demi,3
551=,Antonino,1,,576=,Dorothy,3
551=,Aonghus,1,,576=,Elissa,3
551=,Ardemis,1,,576=,Emilie,3
551=,Armin,1,,576=,Hanna,3
551=,Arni,1,,576=,Heidi,3
551=,Arrol,1,,576=,Helena,3
551=,Arsalan,1,,576=,Henrietta,3
551=,Arun,1,,576=,Hina,3
551=,Asama,1,,576=,Hope,3
551=,Asher,1,,576=,Irene,3
551=,Asim,1,,576=,Islay,3
551=,Aska,1,,576=,Jacquelyn,3
551=,Asmaeil,1,,576=,Jaime,3
551=,Assad,1,,576=,Janey,3
551=,Aston,1,,576=,Janie,3
551=,Aswad,1,,576=,Jo-Ann,3
551=,Atholl,1,,576=,Julianne,3
551=,Atul,1,,576=,Juliette,3
551=,Aulo,1,,576=,Kaitlin,3
551=,Avais,1,,576=,Kaley,3
551=,Avinash,1,,576=,Kally,3
551=,Awangku,1,,576=,Karlyn,3
551=,Awess,1,,576=,Karrie,3
551=,Axel,1,,576=,Kayley,3
551=,Ayodeji,1,,576=,Kaylie,3
551=,Ayuash,1,,576=,Keely,3
551=,Azam,1,,576=,Kelley,3
551=,Azeem,1,,576=,Kerrin,3
551=,Azim,1,,576=,Kerryann,3
551=,Azmal,1,,576=,Kimberleigh,3
551=,Azzeddine,1,,576=,Krystle,3
551=,Baasil,1,,576=,Leoni,3
551=,Babar,1,,576=,Lianna,3
551=,Babber,1,,576=,Linzie,3
551=,Baljit,1,,576=,Luisa,3
551=,Balsa,1,,576=,Lynnette,3
551=,Barclay,1,,576=,Mairianne,3
551=,Barnaby,1,,576=,Marina,3
551=,Barri,1,,576=,Martha,3
551=,Bartley,1,,576=,Maryam,3
551=,Bashir,1,,576=,Maya,3
551=,Basil,1,,576=,Meagan,3
551=,Bejay,1,,576=,Meghann,3
551=,Benazir,1,,576=,Millicent,3
551=,Benn,1,,576=,Molly,3
551=,Bennett,1,,576=,Myra,3
551=,Bhalraj,1,,576=,Nabila,3
551=,Bharatram,1,,576=,Nancy,3
551=,Bhrian,1,,576=,Natalie-Jane,3
551=,Bhurqat,1,,576=,Nuala,3
551=,Billal,1,,576=,Phoebe,3
551=,Blake,1,,576=,Polly,3
551=,Boyd,1,,576=,Regan,3
551=,Bradford,1,,576=,Rhea,3
551=,Brandon,1,,576=,Rhiann,3
551=,Bremner,1,,576=,Rosa,3
551=,Brendon,1,,576=,Rowena,3
551=,Bret,1,,576=,Roxane,3
551=,Brock,1,,576=,Rudi,3
551=,Bryden,1,,576=,Sabina,3
551=,Brydon,1,,576=,Sadia,3
551=,Bryn,1,,576=,Saima,3
551=,Bryson,1,,576=,Samantha-Jane,3
551=,Buddy,1,,576=,Saskia,3
551=,Cailan,1,,576=,Seonad,3
551=,Cain,1,,576=,Serena,3
551=,Cairns,1,,576=,Shanna,3
551=,Calan,1,,576=,Sharee,3
551=,Calumn,1,,576=,Sharleen,3
551=,Camryn,1,,576=,Shazia,3
551=,Carlin,1,,576=,Sonja,3
551=,Caspar,1,,576=,Stacey-Ann,3
551=,Cavan,1,,576=,Susanna,3
551=,Cesare,1,,576=,Tanita,3
551=,Cevan,1,,576=,Taylor,3
551=,Chae,1,,576=,Terri-Ann,3
551=,Charli,1,,576=,Therese,3
551=,Chee-Sam,1,,576=,Tiffany,3
551=,Cheun,1,,576=,Tracie,3
551=,Chi-Fung,1,,576=,Uzma,3
551=,Chierene,1,,576=,Whitney,3
551=,Chinazaekpere,1,,576=,Yasmeen,3
551=,Ching,1,,697=,Adel,2
551=,Choire,1,,697=,Afton,2
551=,Christie,1,,697=,Ai,2
551=,Christoffer,1,,697=,Ailish,2
551=,Christy,1,,697=,Aine,2
551=,Chuck,1,,697=,Aishah,2
551=,Chun,1,,697=,Alanah,2
551=,Ciaron,1,,697=,Alannah,2
551=,Cieran,1,,697=,Aleasha,2
551=,Claire,1,,697=,Alena,2
551=,Clifford,1,,697=,Alexina,2
551=,Clinton,1,,697=,Alishia,2
551=,Clive,1,,697=,Aman,2
551=,Clyde,1,,697=,Amanda-Jane,2
551=,Cody,1,,697=,Amee,2
551=,Coid,1,,697=,Ameera,2
551=,Coll,1,,697=,Amiee,2
551=,Colum,1,,697=,Amina,2
551=,Conal,1,,697=,Amna,2
551=,Conall,1,,697=,Amnah,2
551=,Connar,1,,697=,Andrina,2
551=,Connel,1,,697=,Angelina,2
551=,Connery,1,,697=,Angie,2
551=,Cornelius,1,,697=,Anna-Louise,2
551=,Cosmo,1,,697=,Annabelle,2
551=,Courtney,1,,697=,Anneka,2
551=,Craig-David,1,,697=,Anum,2
551=,Crisdean,1,,697=,Ariana,2
551=,Cristean,1,,697=,Arianne,2
551=,Cristopher,1,,697=,Ashley-Ann,2
551=,Curby,1,,697=,Asia,2
551=,Cyril,1,,697=,Astrid,2
551=,Daen,1,,697=,Ayisha,2
551=,Daigan,1,,697=,Blanche,2
551=,Daimen,1,,697=,Bobbi,2
551=,Daljinder,1,,697=,Bobbie,2
551=,Damon-Dean,1,,697=,Bobby,2
551=,Dan,1,,697=,Bonnie,2
551=,Daniele,1,,697=,Brittany,2
551=,Danyal,1,,697=,Bronagh,2
551=,Darnell,1,,697=,Bushra,2
551=,Darrin,1,,697=,Cailin,2
551=,Darron,1,,697=,Candis,2
551=,Das,1,,697=,Carey,2
551=,David-John,1,,697=,Carin,2
551=,Dawood,1,,697=,Carine,2
551=,Dayne,1,,697=,Carlie,2
551=,Declin,1,,697=,Carol-Ann,2
551=,Deen,1,,697=,Carron,2
551=,Dene,1,,697=,Carys,2
551=,Deniz,1,,697=,Catharine,2
551=,Dereck,1,,697=,Cathleen,2
551=,Dexter,1,,697=,Cerian,2
551=,Dhanu,1,,697=,Cerise,2
551=,Diederik,1,,697=,Chanel,2
551=,Dilal,1,,697=,Charelle,2
551=,Dildarjeet,1,,697=,Charisse,2
551=,Dillon,1,,697=,Cher,2
551=,Dio,1,,697=,Cheri,2
551=,Dirdar,1,,697=,Cherrelle,2
551=,Dixie,1,,697=,Cherry,2
551=,Domhnull,1,,697=,Cheryll,2
551=,Dominque,1,,697=,Chipo,2
551=,Doni,1,,697=,Choi,2
551=,Donn,1,,697=,Christabel,2
551=,Donnie,1,,697=,Christi,2
551=,Donovan,1,,697=,Christian,2
551=,Dubem,1,,697=,Christiana,2
551=,Dugald,1,,697=,Christiane,2
551=,Duk,1,,697=,Claire-Louise,2
551=,Eachann,1,,697=,Clarissa,2
551=,Eain,1,,697=,Cleo,2
551=,Eammon,1,,697=,Coral,2
551=,Ean,1,,697=,Coreen,2
551=,Easton,1,,697=,Corina,2
551=,Ebi,1,,697=,Dalia,2
551=,Eddie,1,,697=,Dara,2
551=,Edem,1,,697=,Daria,2
551=,Eden,1,,697=,Darlene,2
551=,Edrian,1,,697=,Daryll,2
551=,Efrain,1,,697=,Dawne,2
551=,Ellison,1,,697=,Deana,2
551=,Emeric,1,,697=,Deanna,2
551=,Emma,1,,697=,Debora,2
551=,Enrico,1,,697=,Deonne,2
551=,Enver,1,,697=,Dona,2
551=,Eoghain,1,,697=,Donnamarie,2
551=,Erasmo,1,,697=,Edith,2
551=,Ernest,1,,697=,Eilis,2
551=,Eunjoon,1,,697=,Elaina,2
551=,Evans,1,,697=,Emma-Jane,2
551=,Eyas,1,,697=,Erinn,2
551=,Fabian,1,,697=,Eryn,2
551=,Fabrizio,1,,697=,Evette,2
551=,Fadel,1,,697=,Faiza,2
551=,Fahid,1,,697=,Faizah,2
551=,Faraz,1,,697=,Farrah,2
551=,Faron,1,,697=,Farzana,2
551=,Farooq,1,,697=,Fenella,2
551=,Fathe,1,,697=,Francine,2
551=,Fathel,1,,697=,Gemma-Louise,2
551=,Fawed,1,,697=,Gurveen,2
551=,Felix,1,,697=,Hailey,2
551=,Fergal,1,,697=,Hera,2
551=,Ferghal,1,,697=,Humayra,2
551=,Fezan,1,,697=,Iasha,2
551=,Finbarr,1,,697=,Ifrah,2
551=,Finnbar,1,,697=,Ilona,2
551=,Fintan,1,,697=,India,2
551=,Fiona,1,,697=,Inga,2
551=,Floris,1,,697=,Jacquelene,2
551=,Ford,1,,697=,Jacquie,2
551=,Foysol,1,,697=,Jakki,2
551=,Francesco,1,,697=,James,2
551=,Frans,1,,697=,Janna,2
551=,Freddie,1,,697=,Jasmeet,2
551=,Furqan,1,,697=,Jaymie,2
551=,Gagandeep,1,,697=,Jeanette,2
551=,Galen,1,,697=,Jeni,2
551=,Gari,1,,697=,Jenifer,2
551=,Garrick,1,,697=,Jennie,2
551=,Garry-John,1,,697=,Jessie,2
551=,Gary-Joe,1,,697=,Jilly,2
551=,Geordan,1,,697=,John,2
551=,George-James,1,,697=,Juliet,2
551=,Georgios,1,,697=,Kady,2
551=,Gerhardus,1,,697=,Kaileigh,2
551=,Ghaith,1,,697=,Kallie,2
551=,Ghobhainn,1,,697=,Kareen,2
551=,Giancarlo,1,,697=,Karine,2
551=,Gianluca,1,,697=,Karlene,2
551=,Gianniluca,1,,697=,Karli,2
551=,Gijs,1,,697=,Karlie,2
551=,Gilbert,1,,697=,Kassandra,2
551=,Giles,1,,697=,Katrine,2
551=,Gillaleldein,1,,697=,Katya,2
551=,Gillan,1,,697=,Kaylea,2
551=,Gillies,1,,697=,Kayleigh-Anne,2
551=,Giorgio,1,,697=,Keighley,2
551=,Giuseppe,1,,697=,Kelcie,2
551=,Glyn,1,,697=,Kelly-Louise,2
551=,Glynn,1,,697=,Kellyann,2
551=,Gong,1,,697=,Kelsie,2
551=,Greir,1,,697=,Kendall,2
551=,Gurdip,1,,697=,Kenna,2
551=,Gurdit,1,,697=,Kerin,2
551=,Gurparit,1,,697=,Kerrianne,2
551=,Gurpej,1,,697=,Keshia,2
551=,Gurpreet,1,,697=,Kezia,2
551=,Haamid,1,,697=,Khadija,2
551=,Haddon,1,,697=,Khym,2
551=,Haetam,1,,697=,Kiara,2
551=,Hafiz,1,,697=,Kiera,2
551=,Haig,1,,697=,Kiran,2
551=,Hameed,1,,697=,Kirstine,2
551=,Hamid,1,,697=,Kirsty-Ann,2
551=,Hammad,1,,697=,Kirsty-Anne,2
551=,Hani,1,,697=,Krista,2
551=,Hannan,1,,697=,Kristal,2
551=,Hans,1,,697=,Kristine,2
551=,Hao,1,,697=,Krystal,2
551=,Harjit,1,,697=,Krystina,2
551=,Harley,1,,697=,Krystyna,2
551=,Harold,1,,697=,Lacey,2
551=,Harpreet,1,,697=,Lai,2
551=,Harri,1,,697=,Laila,2
551=,Harvinder,1,,697=,Laurel,2
551=,Harvir,1,,697=,Lawren,2
551=,Haseeb,1,,697=,Leanna,2
551=,Hassan,1,,697=,Lena,2
551=,Haydn,1,,697=,Levi,2
551=,Hazem,1,,697=,Liane,2
551=,Hectgor,1,,697=,Liberty,2
551=,Hellal,1,,697=,Lilian,2
551=,Hendry,1,,697=,Lilias,2
551=,Herminder,1,,697=,Lillian,2
551=,Hew,1,,697=,Lindy,2
551=,Hisham,1,,697=,Lora,2
551=,Hoi,1,,697=,Lorren,2
551=,Homer,1,,697=,Maddison,2
551=,Horace,1,,697=,Madelaine,2
551=,Hou,1,,697=,Madeline,2
551=,Hugo,1,,697=,Maeve,2
551=,Hung,1,,697=,Maigan,2
551=,Husnian,1,,697=,Mairi-Clare,2
551=,Huw,1,,697=,Makayla,2
551=,Hyder,1,,697=,Margaret-Ann,2
551=,Ibrarh,1,,697=,Marian,2
551=,Iedan,1,,697=,Marieanne,2
551=,Imaad,1,,697=,Mariel,2
551=,Imram,1,,697=,Marsaili,2
551=,Indiana,1,,697=,Mary-Jane,2
551=,Innis,1,,697=,Maura,2
551=,Ioan,1,,697=,Maymunah,2
551=,Irfan,1,,697=,Meggan,2
551=,Islam,1,,697=,Melisa,2
551=,Ismael,1,,697=,Mercedes,2
551=,Ismail,1,,697=,Meredith,2
551=,Ivar,1,,697=,Micha,2
551=,Iwan,1,,697=,Michael,2
551=,Izaak,1,,697=,Michela,2
551=,Izam,1,,697=,Mikhaila,2
551=,Jabir,1,,697=,Misbah,2
551=,Jabriel,1,,697=,Monika,2
551=,Jac,1,,697=,Naddia,2
551=,Jackie,1,,697=,Nafisah,2
551=,Jadon,1,,697=,Nasreen,2
551=,Jaeson,1,,697=,Natassia,2
551=,Jagdeep,1,,697=,Nathalie,2
551=,Jagjeevan,1,,697=,Neelam,2
551=,Jagvinderpal,1,,697=,Nicholas,2
551=,Jahazabe,1,,697=,Nicky,2
551=,Jak,1,,697=,Nida,2
551=,Jaleel,1,,697=,Niki,2
551=,James-Lee,1,,697=,Nimra,2
551=,Jamie-Francis,1,,697=,Noor,2
551=,Jamielee,1,,697=,Norma,2
551=,Jamieson,1,,697=,Nosheen,2
551=,Jan-Peter,1,,697=,Nur,2
551=,Janek,1,,697=,Nurul,2
551=,Janie,1,,697=,Nyree,2
551=,Jaq,1,,697=,Oonagh,2
551=,Jarred,1,,697=,Orla,2
551=,Jarryd,1,,697=,Paris,2
551=,Jaswant,1,,697=,Phillipa,2
551=,Jawad,1,,697=,Priscilla,2
551=,Jayant,1,,697=,Qurra-Tulain,2
551=,Jaymin,1,,697=,Raisa,2
551=,Jaysen,1,,697=,Rebeca,2
551=,Jean,1,,697=,Rebekka,2
551=,Jenaid,1,,697=,Rhianna,2
551=,Jennifer,1,,697=,Rianne,2
551=,Jephrey,1,,697=,Riona,2
551=,Jereny,1,,697=,Robin,2
551=,Jerrece,1,,697=,Robyne,2
551=,Jerry,1,,697=,Robynne,2
551=,Jethro,1,,697=,Roma,2
551=,Jibran,1,,697=,Rosalind,2
551=,Joanan,1,,697=,Roya,2
551=,Jock,1,,697=,Rudie,2
551=,Joey,1,,697=,Saba,2
551=,John-Robert,1,,697=,Sanah,2
551=,Johnson,1,,697=,Sandeep,2
551=,Jon-Christopher,1,,697=,Sandi,2
551=,Jonathyn,1,,697=,Sara-Jane,2
551=,Jools,1,,697=,Sara-Louise,2
551=,Jordan-Lee,1,,697=,Sarah-Jayne,2
551=,Jordane,1,,697=,Sarah-Marie,2
551=,Jordyn,1,,697=,Sarina,2
551=,Jory,1,,697=,Satveer,2
551=,Josslyn,1,,697=,Selina,2
551=,Jubran,1,,697=,Seona,2
551=,Jules,1,,697=,Sharlyn,2
551=,Julio,1,,697=,Sharmaine,2
551=,Kadir,1,,697=,Sharyn,2
551=,Kagen,1,,697=,Sheona,2
551=,Kahlab,1,,697=,Sheri,2
551=,Kaj,1,,697=,Sherrie,2
551=,Kalum,1,,697=,Shiona,2
551=,Kalvinder,1,,697=,Shiree,2
551=,Karac,1,,697=,Shireen,2
551=,Kashif,1,,697=,Shirley-Anne,2
551=,Kavan,1,,697=,Shivonne,2
551=,Kays,1,,697=,Siobhann,2
551=,Keenan,1,,697=,Siti,2
551=,Keeran,1,,697=,Stefani,2
551=,Kees,1,,697=,Steffanie,2
551=,Keiren,1,,697=,Stephannie,2
551=,Keirin,1,,697=,Stroma,2
551=,Kelly,1,,697=,Summer,2
551=,Kemal,1,,697=,Suzanna,2
551=,Kendall,1,,697=,Tabitha,2
551=,Kenney,1,,697=,Tamla,2
551=,Kent,1,,697=,Tegan,2
551=,Kerim,1,,697=,Thea,2
551=,Keser,1,,697=,Tia,2
551=,Khadim,1,,697=,Trudi,2
551=,Khalif,1,,697=,Tuesday,2
551=,Khorum,1,,697=,Vairi,2
551=,Khuram,1,,697=,Verity,2
551=,Khurram,1,,697=,Vivienne,2
551=,Kian,1,,697=,Winifred,2
551=,Kier,1,,697=,Zahraa,2
551=,Kierhan,1,,697=,Zarra,2
551=,Kierrien,1,,697=,Zeinab,2
551=,Killian,1,,697=,Zenab,2
551=,Kimball,1,,983=,Aadila,1
551=,Kimberley,1,,983=,Aala,1
551=,Kiran,1,,983=,Aamie,1
551=,Kishan,1,,983=,Aarlene,1
551=,Krishamu,1,,983=,Aatekha,1
551=,Krishna,1,,983=,Abbe,1
551=,Krist,1,,983=,Abbi,1
551=,Kristian,1,,983=,Abeda,1
551=,Kristifor,1,,983=,Abeedah,1
551=,Kristophor,1,,983=,Abigael,1
551=,Kuarmveer,1,,983=,Acksa,1
551=,Kureys,1,,983=,Adanna,1
551=,Kurt,1,,983=,Adejoke,1
551=,Kwaku,1,,983=,Adeline,1
551=,Kwok,1,,983=,Adhiambo,1
551=,Kyron,1,,983=,Adriana,1
551=,Lakhveer,1,,983=,Adrianne,1
551=,Lamont,1,,983=,Afiyah,1
551=,Lathan,1,,983=,Afrah,1
551=,Laura,1,,983=,Afshan,1
551=,Lauren,1,,983=,Aiden,1
551=,Lawerence,1,,983=,Aikaterini,1
551=,Leam,1,,983=,Ailis,1
551=,Leiam,1,,983=,Aillie,1
551=,Leith,1,,983=,Aime-Jane,1
551=,Leonard,1,,983=,Aimma,1
551=,Levis,1,,983=,Ainsleigh,1
551=,Lew,1,,983=,Airlie,1
551=,Leyton,1,,983=,Aisleen,1
551=,Lorenzo,1,,983=,Aisling,1
551=,Louie,1,,983=,Aiysha,1
551=,Louise,1,,983=,Aja,1
551=,Loy,1,,983=,Aklema,1
551=,Luca,1,,983=,Akosua,1
551=,Luciano,1,,983=,Alaina,1
551=,Luigi,1,,983=,Alanha,1
551=,Luka,1,,983=,Alayna,1
551=,Lyal,1,,983=,Aleesha,1
551=,Lydon,1,,983=,Aleishia,1
551=,Mack,1,,983=,Alexandrea,1
551=,Mahmud,1,,983=,Alexandrina,1
551=,Majd,1,,983=,Alexis,1
551=,Maksymilian,1,,983=,Alia,1
551=,Malcolum,1,,983=,Aliciaanne,1
551=,Malkeet,1,,983=,Aliesha,1
551=,Mamnoon,1,,983=,Alisoun,1
551=,Manus,1,,983=,Aliya,1
551=,Marawan,1,,983=,Aliyah,1
551=,Marcel,1,,983=,Aliysa,1
551=,Marcelo,1,,983=,Aliyssa,1
551=,Marcin,1,,983=,Allanna,1
551=,Marik,1,,983=,Allason,1
551=,Marish,1,,983=,Allena,1
551=,Marlo,1,,983=,Allia,1
551=,Marvin,1,,983=,Alma,1
551=,Masato,1,,983=,Alwyn,1
551=,Masum,1,,983=,Alyaa,1
551=,Matchy,1,,983=,Alyce,1
551=,Mathieu,1,,983=,Alys,1
551=,Matteo,1,,983=,Alyshea,1
551=,Mauro,1,,983=,Amal,1
551=,Maximillion,1,,983=,Amana,1
551=,May,1,,983=,Amanda-Louise,1
551=,Mazhar,1,,983=,Amandine,1
551=,Medhat,1,,983=,Amara,1
551=,Mehul,1,,983=,Amaria,1
551=,Mekuria,1,,983=,Amayna,1
551=,Mekwail,1,,983=,Amber-Jane,1
551=,Mel,1,,983=,Amber-June,1
551=,Merlin,1,,983=,Amber-Leigh,1
551=,Mervyn,1,,983=,Ambreen,1
551=,Mian,1,,983=,Amena,1
551=,Mica,1,,983=,Amera,1
551=,Micheal,1,,983=,Ami-Lee,1
551=,Michele,1,,983=,Amirah,1
551=,Mickeal,1,,983=,Amra,1
551=,Migdam,1,,983=,Amreia,1
551=,Mikail,1,,983=,Amrit,1
551=,Mikolas,1,,983=,Amy-Beth,1
551=,Min-Hyun,1,,983=,Amy-Jane,1
551=,Mirza,1,,983=,Analise,1
551=,Moaadh,1,,983=,Anbreen,1
551=,Moazzum,1,,983=,Andrena,1
551=,Moeen,1,,983=,Aneesah,1
551=,Mohamad,1,,983=,Angelica,1
551=,Mohaned,1,,983=,Angeline,1
551=,Mohsin,1,,983=,Angharad,1
551=,Morabet,1,,983=,Anila,1
551=,Moshan,1,,983=,Anna-Lisa,1
551=,Mosiah,1,,983=,Anna-Maree,1
551=,Moujil,1,,983=,Anna-Maria,1
551=,Muaaz,1,,983=,Anna-Marie,1
551=,Muaz,1,,983=,Annachristina,1
551=,Muazim,1,,983=,Annalee,1
551=,Muhammed,1,,983=,Annastasia,1
551=,Muhsin,1,,983=,Anndeep,1
551=,Mujahid,1,,983=,Anndrea,1
551=,Munkombwe,1,,983=,Anneke,1
551=,Munro,1,,983=,Annelese,1
551=,Muntaser,1,,983=,Annez,1
551=,Muzamal,1,,983=,Annika,1
551=,Muzamil,1,,983=,Antonella,1
551=,Mykael,1,,983=,Anya,1
551=,Nabil,1,,983=,Aqiba,1
551=,Nafees,1,,983=,Ar,1
551=,Nairn,1,,983=,Ariane,1
551=,Naithan,1,,983=,Arianna,1
551=,Nana,1,,983=,Ariel,1
551=,Nasif,1,,983=,Arooj,1
551=,Navdeep,1,,983=,Arrianne,1
551=,Nazeem,1,,983=,Arryn,1
551=,Nazrul,1,,983=,Aseel,1
551=,Neilson,1,,983=,Asha,1
551=,Nelson,1,,983=,Ashlaich,1
551=,Neyland,1,,983=,Ashlee,1
551=,Nicandro,1,,983=,Ashleigh-Dawn,1
551=,Nicci,1,,983=,Ashlene,1
551=,Nickie,1,,983=,Ashley-Louise,1
551=,Nickolas,1,,983=,Ashlie,1
551=,Nicola,1,,983=,Ashliegh,1
551=,Nijinsky,1,,983=,Ashti,1
551=,Nikhil,1,,983=,Asiah,1
551=,Nikky,1,,983=,Asiimwe,1
551=,Nikolaos,1,,983=,Aspen,1
551=,Nye,1,,983=,Asra,1
551=,Nykolhas,1,,983=,Asseya,1
551=,Olamipo,1,,983=,Assunta,1
551=,Oluwasegun,1,,983=,Asti,1
551=,Orobosa,1,,983=,Ateka,1
551=,Ou,1,,983=,Athlin,1
551=,Ozan,1,,983=,Atlanta,1
551=,Padraig,1,,983=,Attiqa,1
551=,Padraigh,1,,983=,Atya,1
551=,Padruig,1,,983=,Aurelie,1
551=,Parmjeet,1,,983=,Auroubah,1
551=,Percy,1,,983=,Avryl,1
551=,Peter-Ross,1,,983=,Aya,1
551=,Phelim,1,,983=,Ayah,1
551=,Philip-George,1,,983=,Ayasha,1
551=,Philippe,1,,983=,Ayden,1
551=,Phulah,1,,983=,Ayleigh,1
551=,Phylip,1,,983=,Aylie,1
551=,Pierre,1,,983=,Aylissa,1
551=,Pieter,1,,983=,Aynslie,1
551=,Pietro,1,,983=,Ayse,1
551=,Pol,1,,983=,Ayshea,1
551=,Prabh,1,,983=,Azaria,1
551=,Preetcharan,1,,983=,Balwinder,1
551=,Qamar,1,,983=,Ban,1
551=,Qammar,1,,983=,Barbara-Ann,1
551=,Quintin,1,,983=,Baslah,1
551=,Ra'if,1,,983=,Bassma,1
551=,Rachid,1,,983=,Beatrice,1
551=,Radley,1,,983=,Bebhinn,1
551=,Rafael,1,,983=,Beckie,1
551=,Raffaele,1,,983=,Bella,1
551=,Rahman,1,,983=,Bena,1
551=,Raiza,1,,983=,Benazir,1
551=,Rajesh,1,,983=,Bethaney,1
551=,Rakesh,1,,983=,Beverley-Ann,1
551=,Ramiz,1,,983=,Beverly,1
551=,Ramon,1,,983=,Bhajneek,1
551=,Ramone,1,,983=,Bianca-Louise,1
551=,Ramzi,1,,983=,Billie-Jo,1
551=,Rana,1,,983=,Binish,1
551=,Rannal,1,,983=,Blair,1
551=,Rauridh,1,,983=,Blaire,1
551=,Raushan,1,,983=,Blythe,1
551=,Rayth,1,,983=,Bobbie-Jane,1
551=,Raza,1,,983=,Bonita,1
551=,Reagan,1,,983=,Bozenka,1
551=,Redmond,1,,983=,Brandi,1
551=,Rees,1,,983=,Brenna,1
551=,Reheman,1,,983=,Brennan,1
551=,Rehman,1,,983=,Briana,1
551=,Remo,1,,983=,Brianna,1
551=,Reuben,1,,983=,Bridgette,1
551=,Rhain,1,,983=,Brieghe,1
551=,Rheece,1,,983=,Brigida,1
551=,Rhuadhri,1,,983=,Brionie,1
551=,Rhuairidh,1,,983=,Brishay,1
551=,Rhuaraidh,1,,983=,Brittni,1
551=,Rian,1,,983=,Brodie,1
551=,Ricardo-Lee,1,,983=,Brogan,1
551=,Richie,1,,983=,Broghan,1
551=,Riece,1,,983=,Brooklyn,1
551=,Righteous,1,,983=,Bryann,1
551=,Riley,1,,983=,Bryany,1
551=,Rishi,1,,983=,Bryonney,1
551=,Ritchie-James,1,,983=,Caileen,1
551=,Rizvan,1,,983=,Caireen,1
551=,Rizwan,1,,983=,Cairistiona,1
551=,Roan,1,,983=,Cairyann,1
551=,Robby,1,,983=,Caitie-Jane,1
551=,Robi,1,,983=,Caleigh,1
551=,Rodric,1,,983=,Caley,1
551=,Rogan,1,,983=,Calleigh,1
551=,Rohan,1,,983=,Calley,1
551=,Rohit,1,,983=,Cam,1
551=,Roilan,1,,983=,Candace,1
551=,Rondeep,1,,983=,Cara-Jayne,1
551=,Ronson,1,,983=,Caragh,1
551=,Rori,1,,983=,Carah,1
551=,Rorie,1,,983=,Cari,1
551=,Roscoe,1,,983=,Carighne,1
551=,Roshan,1,,983=,Caris,1
551=,Ruaibhri,1,,983=,Carissa,1
551=,Ruarie,1,,983=,Carisse,1
551=,Rudi,1,,983=,Carla-Ann,1
551=,Rudie,1,,983=,Carla-Anne,1
551=,Rudygar,1,,983=,Carla-Marie,1
551=,Ruiraidh,1,,983=,Carlan,1
551=,Rupert,1,,983=,Carly-Ann,1
551=,Ryley,1,,983=,Carly-Anne,1
551=,Ryne,1,,983=,Carly-Elizabeth,1
551=,Sacha,1,,983=,Carlynn,1
551=,Sadam,1,,983=,Carmeilia,1
551=,Sadiq,1,,983=,Carnel,1
551=,Safian,1,,983=,Carola,1
551=,Sagar,1,,983=,Caroll,1
551=,Sahaj,1,,983=,Carolyne,1
551=,Sahand,1,,983=,Carolynn,1
551=,Sahir,1,,983=,Carolynne,1
551=,Salem,1,,983=,Carra,1
551=,Sami,1,,983=,Carralynn,1
551=,Samiullah,1,,983=,Carrie-Marie,1
551=,Samm,1,,983=,Carrina,1
551=,Sammy,1,,983=,Carrine,1
551=,Samson,1,,983=,Carris,1
551=,Samtino,1,,983=,Casie,1
551=,Sarfraz,1,,983=,Cassey,1
551=,Sarmad,1,,983=,Caterina,1
551=,Satnam,1,,983=,Cathie,1
551=,Satvinder,1,,983=,Cathlo,1
551=,Satya,1,,983=,Catina,1
551=,Sean-Adam,1,,983=,Catrin,1
551=,Severino,1,,983=,Caymelle,1
551=,Shaan,1,,983=,Cecelia,1
551=,Shabih-Ulhagan,1,,983=,Cecily,1
551=,Shadab,1,,983=,Ceitidh,1
551=,Shah,1,,983=,Celeste,1
551=,Shahensha,1,,983=,Celine,1
551=,Shaikh,1,,983=,Cemile,1
551=,Shami,1,,983=,Ceri-Louise,1
551=,Shamus,1,,983=,Chalaina-Marie,1
551=,Shannon,1,,983=,Chanade,1
551=,Sharafat,1,,983=,Chandanjit,1
551=,Sharan,1,,983=,Channel,1
551=,Sharaz,1,,983=,Chanteille,1
551=,Shaylen,1,,983=,Chantel,1
551=,Shayne,1,,983=,Charleigh,1
551=,Shea,1,,983=,Charlie,1
551=,Sheikh,1,,983=,Charlotte-Kate,1
551=,Sherwyn,1,,983=,Charlotte-Rose,1
551=,Sheryl,1,,983=,Charmane,1
551=,Sheun,1,,983=,Chau,1
551=,Shoaib,1,,983=,Chelci,1
551=,Shola,1,,983=,Chelsie,1
551=,Shravan,1,,983=,Cheree,1
551=,Shuaib,1,,983=,Chereen,1
551=,Shuhag,1,,983=,Cherree,1
551=,Sikander,1,,983=,Cherrel,1
551=,Sinclair,1,,983=,Cherylann,1
551=,Siobhan,1,,983=,Cherymaria,1
551=,Sion,1,,983=,Chi,1
551=,Siu,1,,983=,Chia,1
551=,Soahil,1,,983=,Chiamaka,1
551=,Sobhan,1,,983=,Chinonso,1
551=,Sohaib,1,,983=,Chirstie,1
551=,Sohail,1,,983=,Chris,1
551=,Sol,1,,983=,Chrisselle,1
551=,Solomon,1,,983=,Chrissy,1
551=,Sonny,1,,983=,Christa,1
551=,Sorren,1,,983=,Christel,1
551=,Souheil,1,,983=,Christianne,1
551=,Stacey,1,,983=,Chrystal,1
551=,Steell,1,,983=,Chyrelle,1
551=,Stefen,1,,983=,Ciamone,1
551=,Steffan,1,,983=,Ciaran,1
551=,Stevie-Lee,1,,983=,Cieran,1
551=,Subhan,1,,983=,Cinzia,1
551=,Sucraj,1,,983=,Ciorstaidh,1
551=,Sufyaan,1,,983=,Ciorstan,1
551=,Suhayl,1,,983=,Cissie,1
551=,Sujeel,1,,983=,Clay,1
551=,Sukhpreet,1,,983=,Clayre,1
551=,Sultan,1,,983=,Clementina,1
551=,Sunil,1,,983=,Clodagh,1
551=,Sunjit,1,,983=,Coc,1
551=,Swein,1,,983=,Coralea,1
551=,Sweyn,1,,983=,Cori,1
551=,Syed,1,,983=,Corie,1
551=,Symon,1,,983=,Corine,1
551=,Tahir,1,,983=,Corinna,1
551=,Tai,1,,983=,Cory,1
551=,Taimoor,1,,983=,Coylah,1
551=,Talal,1,,983=,Cree,1
551=,Tanweer,1,,983=,Cristina,1
551=,Taranpreet,1,,983=,Cyndi,1
551=,Tarquin,1,,983=,Dagnia,1
551=,Tarun,1,,983=,Daija,1
551=,Taylor-John,1,,983=,Daina,1
551=,Teague,1,,983=,Daing,1
551=,Teirnan,1,,983=,Dalbinder,1
551=,Thomson,1,,983=,Damla,1
551=,Thorfin,1,,983=,Dana-Lee,1
551=,Thorfinn,1,,983=,Daneen,1
551=,Tilman,1,,983=,Daneka,1
551=,Tobien,1,,983=,Danelle,1
551=,Tomi,1,,983=,Dani,1
551=,Tommi,1,,983=,Dania,1
551=,Tomoya,1,,983=,Danika,1
551=,Toni,1,,983=,Danya,1
551=,Tooru,1,,983=,Darcie,1
551=,Torquil,1,,983=,Darcy,1
551=,Tote,1,,983=,Darrelle,1
551=,Tristan,1,,983=,Daryle,1
551=,Tristian,1,,983=,Davina,1
551=,Tsega,1,,983=,Davinder,1
551=,Tsering,1,,983=,Dawn-Louise,1
551=,Tugay,1,,983=,Dawna,1
551=,Tuseef,1,,983=,Daynah,1
551=,Tushar,1,,983=,Dayner,1
551=,Tyler,1,,983=,Debbi,1
551=,Umezeyi,1,,983=,Debbie-Ann,1
551=,Ummar,1,,983=,Debbieanne,1
551=,Uwais,1,,983=,Debi,1
551=,Valerie,1,,983=,Deborah-Anne,1
551=,Varinder,1,,983=,Dee-Anne,1
551=,Varun,1,,983=,Deeanne,1
551=,Veejay,1,,983=,Deena,1
551=,Vikaas,1,,983=,Deeon,1
551=,Vikas,1,,983=,Deepti,1
551=,Vishnu,1,,983=,Deirdrie,1
551=,Viswanadha,1,,983=,Demmi,1
551=,Vito,1,,983=,Denice,1
551=,Vjay,1,,983=,Deniece,1
551=,Wade,1,,983=,Denika,1
551=,Waheed,1,,983=,Deon,1
551=,Wakas,1,,983=,Derri,1
551=,Waqaas,1,,983=,Devon,1
551=,Waqas,1,,983=,Dhana,1
551=,Warwick,1,,983=,Dhawn,1
551=,Wasak,1,,983=,Dhiann,1
551=,Waseem,1,,983=,Diann,1
551=,Wesley,1,,983=,Dianndra,1
551=,Yacin,1,,983=,Diljeet,1
551=,Yacine,1,,983=,Dilys,1
551=,Yamika,1,,983=,Dina,1
551=,Yanis,1,,983=,Dinah,1
551=,Yann,1,,983=,Dinieka,1
551=,Yasir,1,,983=,Dione,1
551=,Yassar,1,,983=,Dolina,1
551=,Yee,1,,983=,Domenica,1
551=,Yin,1,,983=,Donald,1
551=,Yishan,1,,983=,Donalda,1
551=,Yitzchak,1,,983=,Doneene,1
551=,Yousaf,1,,983=,Donna-Louise,1
551=,Yousef,1,,983=,Donna-Marie,1
551=,Yuk,1,,983=,Donna-Michelle,1
551=,Yul,1,,983=,Dorinda,1
551=,Yusif,1,,983=,Doris,1
551=,Yusuf,1,,983=,Drew,1
551=,Zaber,1,,983=,Dulcie,1
551=,Zach,1,,983=,Dyhanne,1
551=,Zahid,1,,983=,Dylan,1
551=,Zahir,1,,983=,Ealasaid,1
551=,Zaid,1,,983=,Ebony,1
551=,Zain,1,,983=,Ebtehal,1
551=,Zaki,1,,983=,Edel,1
551=,Zane,1,,983=,Edwina,1
551=,Zein,1,,983=,Ehilidh,1
551=,Zeinul,1,,983=,Eibhilin,1
551=,Zennon,1,,983=,Eila,1
551=,Zeph,1,,983=,Eiladh,1
551=,Zeshan,1,,983=,Eildh,1
551=,Zohaib,1,,983=,Eilean,1
551=,Zoulkernain,1,,983=,Eilidgh,1
551=,Zubair,1,,983=,Eiman,1
551=,Zubin,1,,983=,Eirin,1
,,,,983=,Eithne,1
,,,,983=,Elana,1
,,,,983=,Elayna,1
,,,,983=,Elayne,1
,,,,983=,Elean,1
,,,,983=,Eleisha,1
,,,,983=,Elen,1
,,,,983=,Elena,1
,,,,983=,Eleonora,1
,,,,983=,Eleri,1
,,,,983=,Eline,1
,,,,983=,Elinor,1
,,,,983=,Eliza,1
,,,,983=,Elizabeth-Anne,1
,,,,983=,Elkie,1
,,,,983=,Ella,1
,,,,983=,Ellyn,1
,,,,983=,Eloise,1
,,,,983=,Elouise,1
,,,,983=,Elyse,1
,,,,983=,Eman,1
,,,,983=,Emanuela,1
,,,,983=,Emily-Claire,1
,,,,983=,Emma-Jo,1
,,,,983=,Emma-Marie,1
,,,,983=,Emmaleen,1
,,,,983=,Emmalene,1
,,,,983=,Emmalina,1
,,,,983=,Emmalouise,1
,,,,983=,Emmeline,1
,,,,983=,Emmy,1
,,,,983=,Eraena,1
,,,,983=,Eri,1
,,,,983=,Ericka,1
,,,,983=,Erika,1
,,,,983=,Erimar,1
,,,,983=,Errainne,1
,,,,983=,Eryne,1
,,,,983=,Esme,1
,,,,983=,Esmee,1
,,,,983=,Estelle,1
,,,,983=,Eunice,1
,,,,983=,Euphemia,1
,,,,983=,Ewuresi,1
,,,,983=,Fahimahtul,1
,,,,983=,Fahmida,1
,,,,983=,Faiqah,1
,,,,983=,Faith,1
,,,,983=,Fanny,1
,,,,983=,Farah-Lee,1
,,,,983=,Farha,1
,,,,983=,Farihah,1
,,,,983=,Farren,1
,,,,983=,Faryal,1
,,,,983=,Fatimah,1
,,,,983=,Fayona,1
,,,,983=,Federica,1
,,,,983=,Ferne,1
,,,,983=,Feronique,1
,,,,983=,Ferrari,1
,,,,983=,Fhiona,1
,,,,983=,Finola,1
,,,,983=,Fionna,1
,,,,983=,Flavia,1
,,,,983=,Ford,1
,,,,983=,Fozia,1
,,,,983=,Frah,1
,,,,983=,Franca,1
,,,,983=,Franchesca,1
,,,,983=,Francina,1
,,,,983=,Francoise,1
,,,,983=,Frederica,1
,,,,983=,Fredericka,1
,,,,983=,Freha,1
,,,,983=,Freja,1
,,,,983=,Frew,1
,,,,983=,Furwaha,1
,,,,983=,Ga,1
,,,,983=,Gael,1
,,,,983=,Gavia,1
,,,,983=,Gemima,1
,,,,983=,Gena,1
,,,,983=,Genevieve,1
,,,,983=,Georgina-Beth,1
,,,,983=,Geraldene,1
,,,,983=,Gi,1
,,,,983=,Gianine,1
,,,,983=,Giannina,1
,,,,983=,Gigi,1
,,,,983=,Gill,1
,,,,983=,Ginny,1
,,,,983=,Giordanna,1
,,,,983=,Giorgia,1
,,,,983=,Giovanna,1
,,,,983=,Giverny,1
,,,,983=,Glenna,1
,,,,983=,Greer,1
,,,,983=,Gulnasheen,1
,,,,983=,Gun,1
,,,,983=,Gurjeet,1
,,,,983=,Gurpardesh,1
,,,,983=,Gurpreet,1
,,,,983=,Gwenhivir,1
,,,,983=,Gwyneth,1
,,,,983=,Gwyniera,1
,,,,983=,Habiba,1
,,,,983=,Hadeel,1
,,,,983=,Hadiqa,1
,,,,983=,Hafsah,1
,,,,983=,Hailee,1
,,,,983=,Haining,1
,,,,983=,Hala,1
,,,,983=,Haleema,1
,,,,983=,Halimah,1
,,,,983=,Halle,1
,,,,983=,Hania,1
,,,,983=,Hannah-Grace,1
,,,,983=,Hannan,1
,,,,983=,Hanne,1
,,,,983=,Harinder,1
,,,,983=,Harjit,1
,,,,983=,Harkiran,1
,,,,983=,Harley,1
,,,,983=,Harriette,1
,,,,983=,Harrison,1
,,,,983=,Harsharon,1
,,,,983=,Harveen,1
,,,,983=,Hatice,1
,,,,983=,Haydn,1
,,,,983=,Hazell,1
,,,,983=,Heather-Anne,1
,,,,983=,Heba,1
,,,,983=,Hebron,1
,,,,983=,Helaina,1
,,,,983=,Helenann,1
,,,,983=,Helga,1
,,,,983=,Hend,1
,,,,983=,Hester,1
,,,,983=,Hiba,1
,,,,983=,Hiedie,1
,,,,983=,Hine,1
,,,,983=,Hiraah,1
,,,,983=,Hisayo,1
,,,,983=,Hoda,1
,,,,983=,Holley,1
,,,,983=,Hooma,1
,,,,983=,Huma,1
,,,,983=,Humaira,1
,,,,983=,Humeara,1
,,,,983=,Iain,1
,,,,983=,Ibtehal,1
,,,,983=,Ida,1
,,,,983=,Ilanna,1
,,,,983=,Ilaria,1
,,,,983=,Ilisha,1
,,,,983=,Iman,1
,,,,983=,Imelda,1
,,,,983=,Immogen,1
,,,,983=,Imrania,1
,,,,983=,Imtiaz,1
,,,,983=,Inass,1
,,,,983=,Inca,1
,,,,983=,Inis,1
,,,,983=,Insah,1
,,,,983=,Iona-Louise,1
,,,,983=,Iqraa,1
,,,,983=,Ira,1
,,,,983=,Iram,1
,,,,983=,Irina,1
,,,,983=,Iris,1
,,,,983=,Irm,1
,,,,983=,Isa,1
,,,,983=,Isabelle,1
,,,,983=,Isha,1
,,,,983=,Ishbel,1
,,,,983=,Ismat,1
,,,,983=,Ivy,1
,,,,983=,Jacalyn,1
,,,,983=,Jackalyn,1
,,,,983=,Jackeline,1
,,,,983=,Jackelyne,1
,,,,983=,Jacki,1
,,,,983=,Jackilene,1
,,,,983=,Jacklyn,1
,,,,983=,Jacqlyn,1
,,,,983=,Jacqualine,1
,,,,983=,Jade-Marie,1
,,,,983=,Jadean,1
,,,,983=,Jae,1
,,,,983=,Jaeger,1
,,,,983=,Jagdish,1
,,,,983=,Jaide,1
,,,,983=,Jaimi,1
,,,,983=,Jaki,1
,,,,983=,Jameela,1
,,,,983=,Jami,1
,,,,983=,Jami-Lee,1
,,,,983=,Jamie-Lea,1
,,,,983=,Jamie-Marie,1
,,,,983=,Jamielee,1
,,,,983=,Jamy,1
,,,,983=,Janane,1
,,,,983=,Jane-Marie,1
,,,,983=,Janene,1
,,,,983=,Janis,1
,,,,983=,Jannicke,1
,,,,983=,Jasdip,1
,,,,983=,Jashin,1
,,,,983=,Jaskarn,1
,,,,983=,Jasmijn,1
,,,,983=,Jasmyn,1
,,,,983=,Jason,1
,,,,983=,Jasveer,1
,,,,983=,Jayana,1
,,,,983=,Jayd,1
,,,,983=,Jayme,1
,,,,983=,Jaymi,1
,,,,983=,Jeemin,1
,,,,983=,Jelena,1
,,,,983=,Jemima,1
,,,,983=,Jemma-Louise,1
,,,,983=,Jena,1
,,,,983=,Jenette,1
,,,,983=,Jeniffer,1
,,,,983=,Jenna-Claire,1
,,,,983=,Jennafer,1
,,,,983=,Jennah,1
,,,,983=,Jennefer,1
,,,,983=,Jennie-Lea,1
,,,,983=,Jennifer-Anne,1
,,,,983=,Jeraldine,1
,,,,983=,Jerri,1
,,,,983=,Jerry,1
,,,,983=,Jess,1
,,,,983=,Jessa,1
,,,,983=,Jessamine,1
,,,,983=,Jhana-Marie,1
,,,,983=,Jilian,1
,,,,983=,Jo-Anna,1
,,,,983=,Joan,1
,,,,983=,Joann,1
,,,,983=,Joannah,1
,,,,983=,Jocelin,1
,,,,983=,Jodie-Anne,1
,,,,983=,Jodie-Lee,1
,,,,983=,Joeann,1
,,,,983=,Joelle,1
,,,,983=,Johann,1
,,,,983=,Joleen,1
,,,,983=,Jollene,1
,,,,983=,Joo,1
,,,,983=,Jordana,1
,,,,983=,Jordanna,1
,,,,983=,Jorden,1
,,,,983=,Jordon,1
,,,,983=,Jorinde,1
,,,,983=,Josey,1
,,,,983=,Joss,1
,,,,983=,Jossie,1
,,,,983=,Joyce-Louise,1
,,,,983=,Judy,1
,,,,983=,Juli,1
,,,,983=,Julian,1
,,,,983=,Juliana,1
,,,,983=,Juliann,1
,,,,983=,Julie-Anne,1
,,,,983=,Julieanne,1
,,,,983=,Jullie,1
,,,,983=,Justina,1
,,,,983=,Juwayriah,1
,,,,983=,Ka,1
,,,,983=,Kadie,1
,,,,983=,Kadie-Louise,1
,,,,983=,Kaereen,1
,,,,983=,Kai,1
,,,,983=,Kailah,1
,,,,983=,Kailey,1
,,,,983=,Kailyn,1
,,,,983=,Kaisha,1
,,,,983=,Kaitlyn,1
,,,,983=,Kaleigh-Anne,1
,,,,983=,Kalen,1
,,,,983=,Kalley,1
,,,,983=,Kalli,1
,,,,983=,Kama,1
,,,,983=,Kamaldeep,1
,,,,983=,Kamille,1
,,,,983=,Kaneez,1
,,,,983=,Karah,1
,,,,983=,Karalyn,1
,,,,983=,Karayn,1
,,,,983=,Karean,1
,,,,983=,Kareene,1
,,,,983=,Kari-Lee,1
,,,,983=,Karice,1
,,,,983=,Karien,1
,,,,983=,Karien-Alicia,1
,,,,983=,Karis-Anne,1
,,,,983=,Karis-Marie,1
,,,,983=,Karlin,1
,,,,983=,Karn-Lea,1
,,,,983=,Karoline,1
,,,,983=,Kartrina,1
,,,,983=,Karynn,1
,,,,983=,Karysia,1
,,,,983=,Kasandra,1
,,,,983=,Kasey,1
,,,,983=,Kasha,1
,,,,983=,Kashka,1
,,,,983=,Kassie,1
,,,,983=,Katarzyna,1
,,,,983=,Katelyn,1
,,,,983=,Katerina,1
,,,,983=,Katey,1
,,,,983=,Katharyn,1
,,,,983=,Katherine-Ann,1
,,,,983=,Katherine-Anne,1
,,,,983=,Kathryne,1
,,,,983=,Katie-Frances,1
,,,,983=,Katie-Lee,1
,,,,983=,Katie-Louise,1
,,,,983=,Katie-Marie,1
,,,,983=,Katleen,1
,,,,983=,Katrena,1
,,,,983=,Katrice,1
,,,,983=,Kay-Lea,1
,,,,983=,Kay-Leigh,1
,,,,983=,Kaya,1
,,,,983=,Kayleigh-Louise,1
,,,,983=,Kayli,1
,,,,983=,Kaylie-Ann,1
,,,,983=,Kaylyn,1
,,,,983=,Kayren,1
,,,,983=,Kayshia,1
,,,,983=,Kayti,1
,,,,983=,Kealeigh,1
,,,,983=,Keeliegh,1
,,,,983=,Keera,1
,,,,983=,Kehkeshan,1
,,,,983=,Kehlsey,1
,,,,983=,Keileigh,1
,,,,983=,Keiran,1
,,,,983=,Keiren,1
,,,,983=,Kelayne,1
,,,,983=,Kella,1
,,,,983=,Kelli,1
,,,,983=,Kelliane,1
,,,,983=,Kellie-Marie,1
,,,,983=,Kelly-Lee,1
,,,,983=,Kelly-Marie,1
,,,,983=,Kellymarie,1
,,,,983=,Kelsay,1
,,,,983=,Kendal,1
,,,,983=,Kendra,1
,,,,983=,Kenina,1
,,,,983=,Kennaugh,1
,,,,983=,Kenzie,1
,,,,983=,Kerala,1
,,,,983=,Kerenza,1
,,,,983=,Keri-Louise,1
,,,,983=,Kerilouise,1
,,,,983=,Kerina,1
,,,,983=,Kerray,1
,,,,983=,Kerri-Ann,1
,,,,983=,Kerri-Anne,1
,,,,983=,Kerriann,1
,,,,983=,Kerrie-Ann,1
,,,,983=,Kerrieanne,1
,,,,983=,Kerrigan,1
,,,,983=,Kerrilea,1
,,,,983=,Kerrina,1
,,,,983=,Kerrine,1
,,,,983=,Kerrsty,1
,,,,983=,Kerry-Lee,1
,,,,983=,Kerry-Louise,1
,,,,983=,Kerry-Marie,1
,,,,983=,Kerrylouise,1
,,,,983=,Keryn,1
,,,,983=,Kesandra,1
,,,,983=,Kesha,1
,,,,983=,Khadijah,1
,,,,983=,Khaliegh,1
,,,,983=,Khara,1
,,,,983=,Khirsty,1
,,,,983=,Khunsa,1
,,,,983=,Khyleigh,1
,,,,983=,Kieren,1
,,,,983=,Kiia,1
,,,,983=,Kimberlee,1
,,,,983=,Kimberley-Ann,1
,,,,983=,Kin,1
,,,,983=,Kira,1
,,,,983=,Kire,1
,,,,983=,Kirin,1
,,,,983=,Kirsi,1
,,,,983=,Kirsteen-Marie,1
,,,,983=,Kirstene,1
,,,,983=,Kirstie-Ann,1
,,,,983=,Kirsty-Dawn,1
,,,,983=,Kirsty-Louise,1
,,,,983=,Kirstylee,1
,,,,983=,Klair,1
,,,,983=,Klaire,1
,,,,983=,Klyne,1
,,,,983=,Komal,1
,,,,983=,Korine,1
,,,,983=,Korlei,1
,,,,983=,Kotoha,1
,,,,983=,Kourtney,1
,,,,983=,Krisheron,1
,,,,983=,Krissa,1
,,,,983=,Kristan,1
,,,,983=,Kristeen,1
,,,,983=,Kristie,1
,,,,983=,Kristy-Anne,1
,,,,983=,Krysia,1
,,,,983=,Kursten,1
,,,,983=,Kyle,1
,,,,983=,Kyleen,1
,,,,983=,Kyleigh,1
,,,,983=,Kymberley,1
,,,,983=,Kymberly,1
,,,,983=,Kyra,1
,,,,983=,Kyrie,1
,,,,983=,Kyrsten,1
,,,,983=,Lacy,1
,,,,983=,Lahdane,1
,,,,983=,Lahra,1
,,,,983=,Laice,1
,,,,983=,Laing,1
,,,,983=,Lamara,1
,,,,983=,Lannair,1
,,,,983=,Larisa,1
,,,,983=,Larissa,1
,,,,983=,Larra,1
,,,,983=,Laura-Ann,1
,,,,983=,Laura-Jayne,1
,,,,983=,Laura-Kim,1
,,,,983=,Laura-Lisa,1
,,,,983=,Laura-Marie,1
,,,,983=,Laura-May,1
,,,,983=,Laure,1
,,,,983=,Lauren-Anne,1
,,,,983=,Lauren-Jane,1
,,,,983=,Lauri,1
,,,,983=,Laurien,1
,,,,983=,Laurin,1
,,,,983=,Laurisa,1
,,,,983=,Laurissa,1
,,,,983=,Laurna,1
,,,,983=,Laurne,1
,,,,983=,Lavinia,1
,,,,983=,Laycon,1
,,,,983=,Lazka,1
,,,,983=,Lea-Anne,1
,,,,983=,Leane,1
,,,,983=,Leasa,1
,,,,983=,Leda,1
,,,,983=,Leeah,1
,,,,983=,Leela,1
,,,,983=,Leen,1
,,,,983=,Leesa,1
,,,,983=,Leesa-Marie,1
,,,,983=,Leeza,1
,,,,983=,Lehanne,1
,,,,983=,Leigha,1
,,,,983=,Leighan,1
,,,,983=,Leighanna,1
,,,,983=,Leilah,1
,,,,983=,Leisha,1
,,,,983=,Leisl,1
,,,,983=,Leone,1
,,,,983=,Lesleigh,1
,,,,983=,Lesleyann,1
,,,,983=,Leslie,1
,,,,983=,Letitia,1
,,,,983=,Lexie,1
,,,,983=,Leyanne,1
,,,,983=,Leyla,1
,,,,983=,Leyna,1
,,,,983=,Lhanna,1
,,,,983=,Lhea,1
,,,,983=,Lhora,1
,,,,983=,Li,1
,,,,983=,Lia,1
,,,,983=,Liam,1
,,,,983=,Lian,1
,,,,983=,Liann,1
,,,,983=,Liesa,1
,,,,983=,Lindi,1
,,,,983=,Lindie,1
,,,,983=,Lindzi,1
,,,,983=,Linsie,1
,,,,983=,Lisa-Anne,1
,,,,983=,Lisaid-Dawn,1
,,,,983=,Lisbeth,1
,,,,983=,Lissa,1
,,,,983=,Lita,1
,,,,983=,Lizamarie,1
,,,,983=,Lizanne,1
,,,,983=,Logan,1
,,,,983=,Lok,1
,,,,983=,Lolita,1
,,,,983=,Loraine,1
,,,,983=,Loran,1
,,,,983=,Loredana,1
,,,,983=,Lorelei,1
,,,,983=,Lorelle,1
,,,,983=,Loren,1
,,,,983=,Lorena,1
,,,,983=,Loretta,1
,,,,983=,Lorf,1
,,,,983=,Lorianne,1
,,,,983=,Lorrie,1
,,,,983=,Loryn,1
,,,,983=,Lucia,1
,,,,983=,Luciana,1
,,,,983=,Lucianne,1
,,,,983=,Lucie-Anne,1
,,,,983=,Lucille,1
,,,,983=,Lucy-Ann,1
,,,,983=,Lucy-Clare,1
,,,,983=,Luisaidh,1
,,,,983=,Lyle,1
,,,,983=,Lyn-Marie,1
,,,,983=,Lyndsay-Anne,1
,,,,983=,Lyndsey-Anne,1
,,,,983=,Lyndsy,1
,,,,983=,Lyndy,1
,,,,983=,Lynnete,1
,,,,983=,Lynnsey,1
,,,,983=,Lynnsie,1
,,,,983=,Lynzie,1
,,,,983=,Lysia,1
,,,,983=,Lyun,1
,,,,983=,Lyzette,1
,,,,983=,Maajida,1
,,,,983=,Maaria,1
,,,,983=,Machaela,1
,,,,983=,Macrina,1
,,,,983=,Madaline,1
,,,,983=,Madeana,1
,,,,983=,Madiha,1
,,,,983=,Madison,1
,,,,983=,Mae,1
,,,,983=,Maegen,1
,,,,983=,Maeghan,1
,,,,983=,Magdalena,1
,,,,983=,Maggie,1
,,,,983=,Maha,1
,,,,983=,Mahjabeen,1
,,,,983=,Mahla,1
,,,,983=,Maida,1
,,,,983=,Maighan,1
,,,,983=,Maire,1
,,,,983=,Mairi-Ann,1
,,,,983=,Mairi-Danielle,1
,,,,983=,Majella,1
,,,,983=,Makyla,1
,,,,983=,Malaina,1
,,,,983=,Malea,1
,,,,983=,Malena,1
,,,,983=,Malisa,1
,,,,983=,Malissa,1
,,,,983=,Mamunah,1
,,,,983=,Man,1
,,,,983=,Mandi,1
,,,,983=,Mandie,1
,,,,983=,Maninder,1
,,,,983=,Manisha,1
,,,,983=,Manmeet,1
,,,,983=,Manpreet,1
,,,,983=,Mara,1
,,,,983=,Maram,1
,,,,983=,March,1
,,,,983=,Marchelle,1
,,,,983=,Marcia,1
,,,,983=,Marcie,1
,,,,983=,Maree,1
,,,,983=,Mareesha-Daniel,1
,,,,983=,Marelle,1
,,,,983=,Margaret-Anne,1
,,,,983=,Margo,1
,,,,983=,Mari-Anne,1
,,,,983=,Mari-Clare,1
,,,,983=,Mari-Louise,1
,,,,983=,Marialanea,1
,,,,983=,Mariann,1
,,,,983=,Marianna,1
,,,,983=,Maricica,1
,,,,983=,Marie-Claire,1
,,,,983=,Marie-Clemence,1
,,,,983=,Marie-Louise,1
,,,,983=,Marielle,1
,,,,983=,Marienina,1
,,,,983=,Mariesa,1
,,,,983=,Mariessa,1
,,,,983=,Marilees,1
,,,,983=,Marion-Mary,1
,,,,983=,Marjorie,1
,,,,983=,Marjory,1
,,,,983=,Marlise,1
,,,,983=,Marni,1
,,,,983=,Marree,1
,,,,983=,Marri,1
,,,,983=,Marsailidh,1
,,,,983=,Marshali,1
,,,,983=,Martha-Leigh,1
,,,,983=,Marwa,1
,,,,983=,Mary-Ann,1
,,,,983=,Mary-Jannet,1
,,,,983=,Mary-Jayne,1
,,,,983=,Mary-Louise,1
,,,,983=,Maryamu,1
,,,,983=,Maryanne,1
,,,,983=,Maryfrances,1
,,,,983=,Maryjane,1
,,,,983=,Masarrah,1
,,,,983=,Masrurah,1
,,,,983=,Matilda,1
,,,,983=,Matina,1
,,,,983=,Mavhish,1
,,,,983=,Mawash,1
,,,,983=,Mawish,1
,,,,983=,Maxime,1
,,,,983=,Maxine-Eloise,1
,,,,983=,May-Anne,1
,,,,983=,Media,1
,,,,983=,Meena,1
,,,,983=,Meera,1
,,,,983=,Meg,1
,,,,983=,Megain,1
,,,,983=,Megumi,1
,,,,983=,Mehavish,1
,,,,983=,Mehek,1
,,,,983=,Mehnaz,1
,,,,983=,Mehreen,1
,,,,983=,Mehvesh,1
,,,,983=,Mehvish,1
,,,,983=,Mei,1
,,,,983=,Meika,1
,,,,983=,Meisha,1
,,,,983=,Melita,1
,,,,983=,Mellaine,1
,,,,983=,Mellisa,1
,,,,983=,Melodee,1
,,,,983=,Melody,1
,,,,983=,Melva,1
,,,,983=,Memoury,1
,,,,983=,Meredyth,1
,,,,983=,Merel,1
,,,,983=,Merick,1
,,,,983=,Merissa,1
,,,,983=,Mervat-Anne,1
,,,,983=,Mhaired,1
,,,,983=,Mhairi-Rose,1
,,,,983=,Mhari-Elena,1
,,,,983=,Mharianne,1
,,,,983=,Mharii,1
,,,,983=,Mhorag,1
,,,,983=,Mica,1
,,,,983=,Michayla,1
,,,,983=,Micheal,1
,,,,983=,Micheala,1
,,,,983=,Michi,1
,,,,983=,Mickaella,1
,,,,983=,Mikailah,1
,,,,983=,Miki,1
,,,,983=,Ming,1
,,,,983=,Minnie,1
,,,,983=,Mirren,1
,,,,983=,Mobeen,1
,,,,983=,Mohna,1
,,,,983=,Monette,1
,,,,983=,Montana,1
,,,,983=,Montanah,1
,,,,983=,Moraigh,1
,,,,983=,Morgan-Leigh,1
,,,,983=,Morgenne,1
,,,,983=,Morgyn,1
,,,,983=,Morren,1
,,,,983=,Morvern,1
,,,,983=,Morvyn,1
,,,,983=,Morwenna,1
,,,,983=,Moureen,1
,,,,983=,Moya,1
,,,,983=,Moyra,1
,,,,983=,Muneeza,1
,,,,983=,Muniza,1
,,,,983=,Muriel,1
,,,,983=,Murriam,1
,,,,983=,Myfanwy,1
,,,,983=,Mykaela,1
,,,,983=,Mykahla,1
,,,,983=,Myrann,1
,,,,983=,Nabla,1
,,,,983=,Nada,1
,,,,983=,Nadeen,1
,,,,983=,Nadelle,1
,,,,983=,Nadene,1
,,,,983=,Nadiene,1
,,,,983=,Nadya,1
,,,,983=,Nagina,1
,,,,983=,Naidine,1
,,,,983=,Naila,1
,,,,983=,Najla,1
,,,,983=,Najma,1
,,,,983=,Nakita,1
,,,,983=,Nameera,1
,,,,983=,Nanette,1
,,,,983=,Narelle,1
,,,,983=,Narinder,1
,,,,983=,Nashtarin,1
,,,,983=,Nasrin,1
,,,,983=,Nastassia,1
,,,,983=,Natallie,1
,,,,983=,Natasja,1
,,,,983=,Nataya,1
,,,,983=,Natilie,1
,,,,983=,Natina,1
,,,,983=,Nattalie,1
,,,,983=,Nayla,1
,,,,983=,Nayomi,1
,,,,983=,Nazia,1
,,,,983=,Nazish,1
,,,,983=,Naziya,1
,,,,983=,Nazneen,1
,,,,983=,Ndeye,1
,,,,983=,Necole,1
,,,,983=,Neecole,1
,,,,983=,Nerima,1
,,,,983=,Netasha,1
,,,,983=,Neteka,1
,,,,983=,Ngae,1
,,,,983=,Nia,1
,,,,983=,Niccole,1
,,,,983=,Nichaela,1
,,,,983=,Nichol,1
,,,,983=,Nichola-Colette,1
,,,,983=,Nicki,1
,,,,983=,Niclair,1
,,,,983=,Nico,1
,,,,983=,Nicol,1
,,,,983=,Nicola-Ann,1
,,,,983=,Nicola-Jayne,1
,,,,983=,Nienke,1
,,,,983=,Nihlah,1
,,,,983=,Nikaella,1
,,,,983=,Nikala,1
,,,,983=,Nikki-Maria,1
,,,,983=,Nikole,1
,,,,983=,Nilola,1
,,,,983=,Nimrah,1
,,,,983=,Ninfea,1
,,,,983=,Nirinder,1
,,,,983=,Nisha,1
,,,,983=,Nitasha,1
,,,,983=,Noa,1
,,,,983=,Noelani,1
,,,,983=,Noha,1
,,,,983=,Norah,1
,,,,983=,Noreen,1
,,,,983=,Norna,1
,,,,983=,Nousheen,1
,,,,983=,Nowsheen,1
,,,,983=,Nula,1
,,,,983=,Nwaorima,1
,,,,983=,Nycolle,1
,,,,983=,Odette,1
,,,,983=,Opinder,1
,,,,983=,Oryana,1
,,,,983=,Paavani,1
,,,,983=,Pagan,1
,,,,983=,Pallasha,1
,,,,983=,Pamella,1
,,,,983=,Panagiota,1
,,,,983=,Parija,1
,,,,983=,Parrisa,1
,,,,983=,Parvinder,1
,,,,983=,Parvine,1
,,,,983=,Patrena,1
,,,,983=,Patrice,1
,,,,983=,Patti,1
,,,,983=,Paula-Jane,1
,,,,983=,Paulette,1
,,,,983=,Pennie,1
,,,,983=,Peri,1
,,,,983=,Petal,1
,,,,983=,Petrice,1
,,,,983=,Philippina,1
,,,,983=,Phillippa,1
,,,,983=,Philomena,1
,,,,983=,Pilar,1
,,,,983=,Pooja,1
,,,,983=,Preeti,1
,,,,983=,Pritampal,1
,,,,983=,Priya,1
,,,,983=,Pui,1
,,,,983=,Purnima,1
,,,,983=,Quinta,1
,,,,983=,Raabia,1
,,,,983=,Rabia,1
,,,,983=,Rachal,1
,,,,983=,Rachel-Anne,1
,,,,983=,Rachel-Louise,1
,,,,983=,Rachelanne,1
,,,,983=,Rachell,1
,,,,983=,Rae,1
,,,,983=,Raeanne,1
,,,,983=,Raegan,1
,,,,983=,Ragen,1
,,,,983=,Rahel,1
,,,,983=,Rahela,1
,,,,983=,Raianna,1
,,,,983=,Raja,1
,,,,983=,Rajine,1
,,,,983=,Rajni,1
,,,,983=,Rajvinder,1
,,,,983=,Rajwant,1
,,,,983=,Rana,1
,,,,983=,Raneen,1
,,,,983=,Raokshna,1
,,,,983=,Raquel,1
,,,,983=,Rasha,1
,,,,983=,Rashel,1
,,,,983=,Rashida,1
,,,,983=,Rashpal,1
,,,,983=,Rawan,1
,,,,983=,Rayceine,1
,,,,983=,Raylene,1
,,,,983=,Raynah,1
,,,,983=,Razia,1
,,,,983=,Rea,1
,,,,983=,Reaha,1
,,,,983=,Rebbecca,1
,,,,983=,Rebecca-Ann,1
,,,,983=,Rebecca-Jane,1
,,,,983=,Rebeka,1
,,,,983=,Rebekah-Joy,1
,,,,983=,Red,1
,,,,983=,Reece,1
,,,,983=,Reena,1
,,,,983=,Remy,1
,,,,983=,Rena,1
,,,,983=,Renee,1
,,,,983=,Renelle,1
,,,,983=,Rennie,1
,,,,983=,Renu,1
,,,,983=,Reyhan,1
,,,,983=,Rezwaneh,1
,,,,983=,Rhegan,1
,,,,983=,Rhianan,1
,,,,983=,Rhiannan,1
,,,,983=,Rhianne,1
,,,,983=,Rhiella,1
,,,,983=,Rhoda,1
,,,,983=,Rhonda,1
,,,,983=,Rhys,1
,,,,983=,Ria,1
,,,,983=,Riana,1
,,,,983=,Riannon,1
,,,,983=,Ricci,1
,,,,983=,Richelle,1
,,,,983=,Rida,1
,,,,983=,Riley,1
,,,,983=,Rinn,1
,,,,983=,Riordan,1
,,,,983=,Risha,1
,,,,983=,Robabah,1
,,,,983=,Robert,1
,,,,983=,Rochene,1
,,,,983=,Rochine,1
,,,,983=,Romina,1
,,,,983=,Romy,1
,,,,983=,Ronit,1
,,,,983=,Rosalie,1
,,,,983=,Rosalynd,1
,,,,983=,Rosanagh,1
,,,,983=,Roseann,1
,,,,983=,Roselyn,1
,,,,983=,Roshanna,1
,,,,983=,Rosheen,1
,,,,983=,Roslin,1
,,,,983=,Roslind,1
,,,,983=,Roslynn,1
,,,,983=,Rowanna,1
,,,,983=,Rowenna,1
,,,,983=,Roxzan,1
,,,,983=,Roxzane,1
,,,,983=,Roxzann,1
,,,,983=,Rozalyn,1
,,,,983=,Rozanne,1
,,,,983=,Rozine,1
,,,,983=,Rozy,1
,,,,983=,Ruadh,1
,,,,983=,Ruby,1
,,,,983=,Rudy,1
,,,,983=,Rukhsana,1
,,,,983=,Rushia,1
,,,,983=,Russet,1
,,,,983=,Saadiah,1
,,,,983=,Saadiya,1
,,,,983=,Saalia,1
,,,,983=,Sabah,1
,,,,983=,Sabahat,1
,,,,983=,Sabat,1
,,,,983=,Sabihah,1
,,,,983=,Sabirah,1
,,,,983=,Sachelle,1
,,,,983=,Sachi,1
,,,,983=,Sadiyah,1
,,,,983=,Sadrae,1
,,,,983=,Sadye,1
,,,,983=,Saeeda,1
,,,,983=,Safa,1
,,,,983=,Saffah,1
,,,,983=,Saffron,1
,,,,983=,Safina,1
,,,,983=,Safiya,1
,,,,983=,Sagan,1
,,,,983=,Sahar,1
,,,,983=,Sahdia,1
,,,,983=,Saidia,1
,,,,983=,Sairah,1
,,,,983=,Sajda,1
,,,,983=,Salima,1
,,,,983=,Salma,1
,,,,983=,Salsabeel,1
,,,,983=,Salwa,1
,,,,983=,Samantha-Jo,1
,,,,983=,Samatha,1
,,,,983=,Sameah,1
,,,,983=,Sameena,1
,,,,983=,Sameera,1
,,,,983=,Samena,1
,,,,983=,Samia,1
,,,,983=,Samira,1
,,,,983=,Sammar,1
,,,,983=,Sammi,1
,,,,983=,Sammy-Jo,1
,,,,983=,Samrah,1
,,,,983=,Samriti,1
,,,,983=,Sancha,1
,,,,983=,Sandrine,1
,,,,983=,Sangeeta,1
,,,,983=,Sanketa,1
,,,,983=,Sanna,1
,,,,983=,Saoirse,1
,,,,983=,Saorsa,1
,,,,983=,Sapphire,1
,,,,983=,Sara-Anne,1
,,,,983=,Sara-Ashley,1
,,,,983=,Sara-Jayne,1
,,,,983=,Sarah-Anne,1
,,,,983=,Sarah-Kate,1
,,,,983=,Sarahann,1
,,,,983=,Sarahlouise,1
,,,,983=,Sarahna,1
,,,,983=,Saralouise,1
,,,,983=,Sarika,1
,,,,983=,Sarita,1
,,,,983=,Sarra,1
,,,,983=,Sarvat,1
,,,,983=,Sarwish,1
,,,,983=,Sasha-Lee,1
,,,,983=,Savannah,1
,,,,983=,Sawako,1
,,,,983=,Scarlett,1
,,,,983=,Seana,1
,,,,983=,Seema,1
,,,,983=,Sehirish,1
,,,,983=,Sehrish,1
,,,,983=,Sen,1
,,,,983=,Sensimelia,1
,,,,983=,Seoirse,1
,,,,983=,Seonagh,1
,,,,983=,Shabana,1
,,,,983=,Shadab,1
,,,,983=,Shafia,1
,,,,983=,Shagufta,1
,,,,983=,Shahd,1
,,,,983=,Shahree,1
,,,,983=,Shahzia,1
,,,,983=,Shaima,1
,,,,983=,Shaista,1
,,,,983=,Shalaine,1
,,,,983=,Shalena,1
,,,,983=,Shalimar,1
,,,,983=,Shama,1
,,,,983=,Shamisa,1
,,,,983=,Shamsa,1
,,,,983=,Shana,1
,,,,983=,Shannen,1
,,,,983=,Shantha,1
,,,,983=,Sharaine,1
,,,,983=,Shari-Ann,1
,,,,983=,Shari-Anne,1
,,,,983=,Sharina,1
,,,,983=,Sharlotte,1
,,,,983=,Sharlyne,1
,,,,983=,Sharn,1
,,,,983=,Sharna,1
,,,,983=,Sharon-Anne,1
,,,,983=,Sharree,1
,,,,983=,Sharron,1
,,,,983=,Sharzad,1
,,,,983=,Shavaughn,1
,,,,983=,Shavon,1
,,,,983=,Shavonne,1
,,,,983=,Shawn,1
,,,,983=,Shayron,1
,,,,983=,Shazadi,1
,,,,983=,Shearl,1
,,,,983=,Sheavonn,1
,,,,983=,Shehanaz,1
,,,,983=,Sheighan,1
,,,,983=,Shelagh,1
,,,,983=,Sheleigh,1
,,,,983=,Shelli,1
,,,,983=,Shellie,1
,,,,983=,Shelly-Anne,1
,,,,983=,Shenila,1
,,,,983=,Shennan,1
,,,,983=,Sheonaid,1
,,,,983=,Sherelle,1
,,,,983=,Sherena,1
,,,,983=,Sherise,1
,,,,983=,Sherisse,1
,,,,983=,Sherl,1
,,,,983=,Sherleen,1
,,,,983=,Sherolyn,1
,,,,983=,Sherri,1
,,,,983=,Sherrill,1
,,,,983=,Sherrol,1
,,,,983=,Sherry,1
,,,,983=,Sherryl,1
,,,,983=,Sheryll,1
,,,,983=,Shevon,1
,,,,983=,Shevonne,1
,,,,983=,Sheyma,1
,,,,983=,Shezan,1
,,,,983=,Shian,1
,,,,983=,Shinead,1
,,,,983=,Shiraz,1
,,,,983=,Shirell,1
,,,,983=,Shiren,1
,,,,983=,Shirene,1
,,,,983=,Shirin,1
,,,,983=,Shirley-Ann,1
,,,,983=,Shirleyann,1
,,,,983=,Shirlie,1
,,,,983=,Shirly,1
,,,,983=,Shirrell,1
,,,,983=,Shivaun,1
,,,,983=,Shola,1
,,,,983=,Shonaig,1
,,,,983=,Shonaigh,1
,,,,983=,Shonaugh,1
,,,,983=,Shonni,1
,,,,983=,Shruti,1
,,,,983=,Shu,1
,,,,983=,Sia,1
,,,,983=,Siam,1
,,,,983=,Sianene,1
,,,,983=,Sianne,1
,,,,983=,Simonne,1
,,,,983=,Simran,1
,,,,983=,Sinitta,1
,,,,983=,Sinnead,1
,,,,983=,Siobahn,1
,,,,983=,Siobhaun,1
,,,,983=,Siobheann,1
,,,,983=,Siobhon,1
,,,,983=,Siohbon,1
,,,,983=,Siranne,1
,,,,983=,Sirisha,1
,,,,983=,Sita,1
,,,,983=,Sitara,1
,,,,983=,Sithra,1
,,,,983=,Sky,1
,,,,983=,Smita,1
,,,,983=,Sobia,1
,,,,983=,Sondus,1
,,,,983=,Soniya,1
,,,,983=,Sophina,1
,,,,983=,Sripriya,1
,,,,983=,Stacey-Anne,1
,,,,983=,Stacey-Marie,1
,,,,983=,Staci,1
,,,,983=,Staci-Ashlie,1
,,,,983=,Stacy-Ann,1
,,,,983=,Stefania,1
,,,,983=,Stefany,1
,,,,983=,Stefenie,1
,,,,983=,Steffanny,1
,,,,983=,Stefi,1
,,,,983=,Stefini,1
,,,,983=,Stefney,1
,,,,983=,Stephani,1
,,,,983=,Stephania,1
,,,,983=,Stephany,1
,,,,983=,Stephie,1
,,,,983=,Stephnie,1
,,,,983=,Stevie-Marie,1
,,,,983=,Suchjit,1
,,,,983=,Suckueer,1
,,,,983=,Sudra,1
,,,,983=,Sue,1
,,,,983=,Suelynn,1
,,,,983=,Suezanne,1
,,,,983=,Sufa,1
,,,,983=,Suk,1
,,,,983=,Sukhjinder,1
,,,,983=,Sulma,1
,,,,983=,Sultana,1
,,,,983=,Sumayyah,1
,,,,983=,Sunha,1
,,,,983=,Sunniva,1
,,,,983=,Sunny,1
,,,,983=,Susie,1
,,,,983=,Suzann,1
,,,,983=,Suzy,1
,,,,983=,Syeda,1
,,,,983=,Sylvie,1
,,,,983=,Syra,1
,,,,983=,Taarn,1
,,,,983=,Tabassum,1
,,,,983=,Tabea,1
,,,,983=,Tahira,1
,,,,983=,Talithatinne,1
,,,,983=,Tallisa,1
,,,,983=,Tamaron,1
,,,,983=,Tamerin,1
,,,,983=,Tamika,1
,,,,983=,Tammala,1
,,,,983=,Tammi,1
,,,,983=,Tamryn-Anne,1
,,,,983=,Tamsin,1
,,,,983=,Tanika,1
,,,,983=,Tanith,1
,,,,983=,Tanmeet,1
,,,,983=,Tannith,1
,,,,983=,Tanzela,1
,,,,983=,Tanzila,1
,,,,983=,Tara-Jayne,1
,,,,983=,Tarah,1
,,,,983=,Tarandeep,1
,,,,983=,Tarn,1
,,,,983=,Tarragon,1
,,,,983=,Taryn,1
,,,,983=,Tasha,1
,,,,983=,Tasmin,1
,,,,983=,Tawnee,1
,,,,983=,Tayabah,1
,,,,983=,Teaba,1
,,,,983=,Teilah,1
,,,,983=,Teirnie,1
,,,,983=,Tela,1
,,,,983=,Teressa,1
,,,,983=,Terri-Louise,1
,,,,983=,Terry,1
,,,,983=,Teya,1
,,,,983=,Thomasena,1
,,,,983=,Thomasina,1
,,,,983=,Tiffini,1
,,,,983=,Ting,1
,,,,983=,Tinisha,1
,,,,983=,Tomika,1
,,,,983=,Toni-Leigh,1
,,,,983=,Toni-Louise,1
,,,,983=,Toni-Marie,1
,,,,983=,Toyah,1
,,,,983=,Tracey-Ann,1
,,,,983=,Tripti,1
,,,,983=,Trisha,1
,,,,983=,Trishna,1
,,,,983=,Trudy,1
,,,,983=,Tsara,1
,,,,983=,Tusneem,1
,,,,983=,Tyesha,1
,,,,983=,Tyler,1
,,,,983=,Tymi,1
,,,,983=,Tzerean,1
,,,,983=,Umara,1
,,,,983=,Umma-Kulthum,1
,,,,983=,Unam,1
,,,,983=,Unekwu,1
,,,,983=,Usma,1
,,,,983=,Vahri,1
,,,,983=,Vajiha,1
,,,,983=,Valene,1
,,,,983=,Valeska,1
,,,,983=,Varri,1
,,,,983=,Vasiya,1
,,,,983=,Veena,1
,,,,983=,Velvet,1
,,,,983=,Venetia,1
,,,,983=,Vhairi,1
,,,,983=,Vhari,1
,,,,983=,Vickki,1
,,,,983=,Victoria-Jane,1
,,,,983=,Victoria-Louise,1
,,,,983=,Viktoria,1
,,,,983=,Violet,1
,,,,983=,Virginia,1
,,,,983=,Vivian,1
,,,,983=,Vivien,1
,,,,983=,Vona,1
,,,,983=,Vonna,1
,,,,983=,Vonnie,1
,,,,983=,Vyvyan,1
,,,,983=,Wai,1
,,,,983=,Wala,1
,,,,983=,Wallis,1
,,,,983=,Wendi,1
,,,,983=,Wendyanne,1
,,,,983=,Whairi,1
,,,,983=,Wilhelmina,1
,,,,983=,Williamina,1
,,,,983=,Willow,1
,,,,983=,Wilma,1
,,,,983=,Wing,1
,,,,983=,Xanthe,1
,,,,983=,Xin-Xin,1
,,,,983=,Ya,1
,,,,983=,Yana,1
,,,,983=,Yanna,1
,,,,983=,Yasemin,1
,,,,983=,Yasmin-Rose,1
,,,,983=,Yemsrach,1
,,,,983=,Yevette,1
,,,,983=,Yhannah,1
,,,,983=,Yolanda,1
,,,,983=,Yse,1
,,,,983=,Yuka,1
,,,,983=,Yva,1
,,,,983=,Zahera,1
,,,,983=,Zahirah,1
,,,,983=,Zahrah,1
,,,,983=,Zaibunnissa,1
,,,,983=,Zaineb,1
,,,,983=,Zaneb,1
,,,,983=,Zaniab,1
,,,,983=,Zarah,1
,,,,983=,Zaralee,1
,,,,983=,Zarpheen-Sher,1
,,,,983=,Zartasha,1
,,,,983=,Zaynab,1
,,,,983=,Zeanib,1
,,,,983=,Zeenet,1
,,,,983=,Zehra,1
,,,,983=,Zein,1
,,,,983=,Zena,1
,,,,983=,Zenub,1
,,,,983=,Zhara,1
,,,,983=,Zi,1
,,,,983=,Zinat,1
,,,,983=,Ziqian,1
,,,,983=,Zivana,1
,,,,983=,Zoe-Louise,1
,,,,983=,Zoe-May,1
,,,,983=,Zowie,1
,,,,,,
� Crown Copyright 2015,,,,,,
