Babies' first forenames: births registered in Scotland in 1975,,,,,,
,,,,,,
Information about the basis of the list can be found via the 'Babies' First Names' page on the National Records of Scotland website.,,,,,,
,,,,,,
Boys,,,,Girls,,
,,,,,,
Position,Name,Number of babies,,Position,Name,Number of babies
1,David,1793,,1,Nicola,907
2,John,1481,,2,Karen,826
3,Paul,1207,,3,Susan,676
4,James,1193,,4,Claire,664
5,Mark,1132,,5,Fiona,645
6,Scott,1081,,6,Angela,635
7,Andrew,1032,,7,Sharon,628
8,Steven,996,,8,Gillian,562
9,Robert,842,,9,Julie,546
10,Stephen,746,,10,Jennifer,530
11,Craig,740,,11,Michelle,503
12,Christopher,720,,12,Louise,493
13,Alan,715,,13,Lisa,465
14,Michael,708,,14,Amanda,457
15,Stuart,707,,15,Donna,453
16,William,685,,16,Tracy,439
17,Kevin,642,,17,Alison,424
18,Colin,618,,18,Elaine,423
19,Brian,588,,19,Jacqueline,422
20,Derek,538,,20,Sarah,415
21,Neil,520,,21,Caroline,356
22,Richard,489,,22,Elizabeth,352
23,Gary,469,,23,Laura,350
24,Barry,454,,24,Lynn,335
25,Martin,440,,25,Deborah,330
26,Thomas,436,,26=,Lesley,319
27,Ian,428,,26=,Margaret,319
28,Gordon,411,,28,Joanne,314
29,Kenneth,387,,29,Pauline,306
30,Alexander,370,,30,Lorraine,298
31=,Graeme,365,,31,Carol,296
31=,Peter,365,,32,Kirsty,292
33,Iain,354,,33,Yvonne,280
34,Graham,327,,34,Lorna,271
35,Jason,299,,35=,Emma,269
36,George,296,,35=,Lynne,269
37,Allan,259,,37,Tracey,265
38,Keith,256,,38,Heather,262
39,Darren,247,,39=,Catherine,259
40,Simon,238,,39=,Pamela,259
41,Douglas,218,,41,Helen,255
42,Ross,214,,42,Linda,244
43,Stewart,204,,43,Jane,240
44,Lee,197,,44=,Anne,239
45,Grant,191,,44=,Kerry,239
46,Nicholas,186,,46,Suzanne,236
47,Joseph,184,,47,Wendy,225
48,Gavin,182,,48,Victoria,217
49,Anthony,181,,49,Diane,212
50,Jonathan,171,,50,Mary,193
51,Daniel,154,,51,Dawn,192
52=,Fraser,147,,52,Clare,185
52=,Matthew,147,,53,Gail,180
54,Donald,142,,54,Paula,170
55,Malcolm,140,,55=,Ann,167
56,Alistair,139,,55=,Shona,167
57,Edward,135,,57,Hazel,155
58,Raymond,130,,58,Christine,153
59,Charles,129,,59,Andrea,149
60,Philip,123,,60,Samantha,148
61=,Bruce,118,,61,Marie,145
61=,Garry,118,,62,Lynsey,144
61=,Jamie,118,,63,Sandra,133
64,Ryan,114,,64,Denise,132
65,Bryan,110,,65,Lee,130
66,Francis,109,,66,Kelly,121
67=,Alastair,102,,67,Gayle,118
67=,Duncan,102,,68,Debbie,116
69,Patrick,98,,69,Jill,112
70,Ronald,93,,70,Kathleen,108
71,Alasdair,85,,71,Patricia,106
72,Ewan,80,,72,Joanna,103
73,Marc,75,,73=,Catriona,101
74,Wayne,73,,73=,Shirley,101
75,Hugh,72,,75=,Ruth,98
76=,Robin,70,,75=,Zoe,98
76=,Sean,70,,77=,Leigh,97
78,Calum,68,,77=,Rachel,97
79,Euan,66,,79,Melanie,93
80,Adam,63,,80,Kirsteen,88
81,Russell,62,,81,Aileen,87
82=,Cameron,58,,82=,Christina,83
82=,Gerard,58,,82=,Janet,83
82=,Murray,58,,82=,Katrina,83
82=,Norman,58,,85,Stephanie,82
86,Angus,56,,86=,Audrey,81
87,Greig,55,,86=,Kirsten,81
88,Justin,51,,88=,Arlene,79
89,Gregor,50,,88=,Maureen,79
90,Gerald,48,,88=,Morag,79
91=,Roderick,47,,91=,Marion,76
91=,Roy,47,,91=,Mhairi,76
93,Benjamin,46,,93,Allison,73
94,Timothy,44,,94=,Cheryl,72
95,Dean,42,,94=,Maria,72
96,Samuel,39,,96,Kim,70
97=,Greg,38,,97=,Anna,69
97=,Shaun,38,,97=,Lindsay,69
99=,Adrian,37,,97=,Rebecca,69
99=,Campbell,37,,100=,Katherine,68
101=,Eric,36,,100=,Mandy,68
101=,Niall,36,,102,Ashley,67
103=,Glen,35,,103,Frances,64
103=,Trevor,35,,104,Barbara,63
105=,Antony,33,,105,Jillian,62
105=,Gareth,33,,106,Lynda,61
107=,Barrie,31,,107=,Janice,60
107=,Frank,31,,107=,Lucy,60
107=,Leslie,31,,107=,Michele,60
110,Liam,30,,107=,Natalie,60
111,Henry,29,,107=,Sara,60
112=,Bernard,28,,112,Judith,57
112=,Callum,28,,113,Kathryn,56
114,Dale,27,,114,Eleanor,54
115=,Brendan,26,,115=,Carolyn,53
115=,Dominic,26,,115=,Mairi,53
115=,Owen,26,,117=,Carole,50
115=,Vincent,26,,117=,Valerie,50
119=,Damian,24,,119,Leanne,49
119=,Roger,24,,120=,Irene,48
121=,Desmond,23,,120=,Jean,48
121=,Jon,23,,120=,Sally,48
123,Aaron,22,,120=,Vicki,48
124=,Gregory,21,,124,Lindsey,47
124=,Hamish,21,,125=,Eileen,44
126=,Christian,20,,125=,June,44
126=,Mohammad,20,,125=,Lyn,44
128=,Ewen,19,,128,Kay,43
128=,Gregg,19,,129=,Alexandra,42
128=,Terence,19,,129=,Rhona,42
131=,Arthur,18,,129=,Vicky,42
131=,Derrick,18,,132=,Emily,40
131=,Fergus,18,,132=,Geraldine,40
131=,Jack,18,,134=,Adele,39
131=,Lewis,18,,134=,Jayne,39
131=,Lindsay,18,,134=,Julia,39
131=,Mohammed,18,,134=,Nichola,39
138=,Clark,17,,138=,Brenda,38
138=,Laurence,17,,138=,Charlotte,38
138=,Martyn,17,,138=,Colette,38
138=,Walter,17,,138=,Lyndsey,38
142=,Alisdair,16,,142=,Beverley,37
142=,Ben,16,,142=,Nicole,37
142=,Denis,16,,142=,Teresa,37
142=,Frazer,16,,145=,Joan,36
142=,Jeremy,16,,145=,Melissa,36
142=,Nigel,16,,145=,Morven,36
142=,Terry,16,,145=,Rosemary,36
149=,Blair,15,,145=,Theresa,36
149=,Innes,15,,150=,Annette,35
149=,Jeffrey,15,,150=,Dianne,35
149=,Nathan,15,,150=,Moira,35
149=,Phillip,15,,153=,Evelyn,34
149=,Rory,15,,153=,Kirstin,34
155=,Crawford,14,,153=,Sheila,34
155=,Glenn,14,,153=,Vivienne,34
155=,Karl,14,,157=,Agnes,33
155=,Lawrence,14,,157=,Natasha,33
155=,Marcus,14,,159=,Ailsa,32
155=,Neill,14,,159=,Susanne,32
155=,Scot,14,,161=,Clair,30
155=,Steve,14,,161=,Gaynor,30
155=,Tony,14,,161=,Georgina,30
164=,Dennis,13,,161=,Kirstie,30
164=,Guy,13,,161=,Sonia,30
164=,Jay,13,,166=,Hilary,29
167=,Brett,12,,166=,Tanya,29
167=,Kieran,12,,168=,Debra,28
167=,Leonard,12,,168=,Eilidh,28
167=,Murdo,12,,168=,Shelley,28
167=,Oliver,12,,171=,Bernadette,27
172=,Alister,11,,171=,Carla,27
172=,Archibald,11,,171=,Josephine,27
172=,Billy,11,,174=,Dorothy,26
172=,Elliot,11,,174=,Marianne,26
172=,Geoffrey,11,,174=,Siobhan,26
172=,Gilbert,11,,177=,Carrie,25
172=,Harry,11,,177=,Maxine,25
172=,Lorne,11,,177=,Sylvia,25
172=,Stanley,11,,180=,Alice,24
172=,Victor,11,,180=,Avril,24
182=,Julian,10,,180=,Esther,24
182=,Kris,10,,180=,Hayley,24
182=,Ralph,10,,180=,Jan,24
182=,Rodney,10,,180=,Janine,24
182=,Shane,10,,180=,Monica,24
187=,Alex,9,,180=,Sheena,24
187=,Austin,9,,188=,Cara,23
187=,Darryl,9,,188=,Leona,23
187=,Kirk,9,,188=,Rachael,23
187=,Leigh,9,,188=,Veronica,23
187=,Magnus,9,,192=,Gwen,22
187=,Neal,9,,192=,Tammy,22
187=,Sandy,9,,194=,Grace,21
187=,Warren,9,,194=,Heidi,21
196=,Bradley,8,,194=,Isla,21
196=,Clifford,8,,194=,Johanna,21
196=,Don,8,,194=,Linzi,21
196=,Drew,8,,194=,Louisa,21
196=,Evan,8,,200=,Kimberley,20
196=,Finlay,8,,200=,Lauren,20
196=,Giles,8,,200=,Nina,20
196=,Ivan,8,,200=,Vikki,20
196=,Keir,8,,204=,Evonne,19
196=,Leon,8,,204=,Katie,19
196=,Moray,8,,204=,Leah,19
196=,Morgan,8,,204=,Rosalind,19
196=,Robbie,8,,204=,Wilma,19
196=,Sam,8,,209=,Amy,18
210=,Allen,7,,209=,Ellen,18
210=,Chi,7,,209=,Faye,18
210=,Dugald,7,,209=,Jenny,18
210=,Dylan,7,,209=,Lara,18
210=,Frederick,7,,209=,Lyndsay,18
210=,Gerrard,7,,209=,Stacey,18
210=,Ivor,7,,216=,Ann-Marie,17
210=,Myles,7,,216=,Janette,17
210=,Nicol,7,,216=,Joyce,17
210=,Nicolas,7,,216=,Justine,17
210=,Ricky,7,,216=,Vanessa,17
210=,Ronnie,7,,221=,Alexis,16
222=,Aidan,6,,221=,Hannah,16
222=,Albert,6,,221=,Isabella,16
222=,Alun,6,,221=,Sonya,16
222=,Carl,6,,225=,Anne-Marie,15
222=,Chris,6,,225=,Diana,15
222=,Darrin,6,,225=,Isobel,15
222=,Edmund,6,,225=,Jeanette,15
222=,Findlay,6,,225=,Kellie,15
222=,Jody,6,,225=,Kerri,15
222=,Kevan,6,,225=,Norma,15
222=,Lachlan,6,,225=,Tina,15
222=,Lloyd,6,,233=,Alyson,14
222=,Luke,6,,233=,Annmarie,14
222=,Marco,6,,233=,Joy,14
222=,Mario,6,,233=,Katharine,14
222=,Muhammad,6,,233=,Kirstine,14
222=,Noel,6,,233=,Lynsay,14
222=,Tristan,6,,233=,Nadine,14
240=,Alfred,5,,233=,Sheona,14
240=,Antonio,5,,233=,Simone,14
240=,Arran,5,,233=,Tara,14
240=,Arron,5,,243=,April,13
240=,Boyd,5,,243=,Carol-Ann,13
240=,Brent,5,,243=,Charlene,13
240=,Damien,5,,243=,Dionne,13
240=,Darran,5,,243=,Iona,13
240=,Dougal,5,,243=,Isabel,13
240=,Erik,5,,243=,Kara,13
240=,Forbes,5,,243=,Karyn,13
240=,Grahame,5,,243=,Kate,13
240=,Imran,5,,243=,Kerrie,13
240=,Jim,5,,243=,Lee-Anne,13
240=,Johnnie,5,,243=,Nadia,13
240=,Kristian,5,,243=,Roslyn,13
240=,Kyle,5,,256=,Alana,12
240=,Laurie,5,,256=,Anita,12
240=,Louis,5,,256=,Collette,12
240=,Marcel,5,,256=,Corinne,12
240=,Mathew,5,,256=,Doreen,12
240=,Murdoch,5,,256=,Elspeth,12
240=,Nadeem,5,,256=,Erica,12
240=,Roddy,5,,256=,Flora,12
240=,Wai,5,,256=,Ingrid,12
240=,Zachary,5,,256=,Karin,12
266=,Benedict,4,,256=,Marilyn,12
266=,Carlo,4,,256=,Morna,12
266=,Danny,4,,256=,Roberta,12
266=,Daryl,4,,256=,Shonagh,12
266=,Hendry,4,,256=,Susannah,12
266=,Howard,4,,271=,Abigail,11
266=,Johnathan,4,,271=,Andrena,11
266=,Jose,4,,271=,Angie,11
266=,Joshua,4,,271=,Dana,11
266=,Keiran,4,,271=,Deirdre,11
266=,Kieron,4,,271=,Kaye,11
266=,Mitchell,4,,271=,Lana,11
266=,Muir,4,,271=,Laurie,11
266=,Nairn,4,,271=,Linsey,11
266=,Niel,4,,271=,Lynette,11
266=,Nolan,4,,271=,Naomi,11
266=,Omar,4,,271=,Rhonda,11
266=,Ray,4,,271=,Rose,11
266=,Rodger,4,,271=,Sharron,11
266=,Stephan,4,,271=,Vivien,11
266=,Struan,4,,286=,Colleen,10
266=,Wilson,4,,286=,Lee-Ann,10
288=,Ahmad,3,,286=,Marian,10
288=,Allister,3,,286=,Marina,10
288=,Angelo,3,,286=,Stella,10
288=,Archie,3,,291=,Annemarie,9
288=,Asif,3,,291=,Anthea,9
288=,Bobby,3,,291=,Carolann,9
288=,Chad,3,,291=,Daniela,9
288=,Christie,3,,291=,Johan,9
288=,Ciaran,3,,291=,Loraine,9
288=,Clinton,3,,291=,Margo,9
288=,Conrad,3,,291=,Miranda,9
288=,Cornelius,3,,291=,Miriam,9
288=,Daron,3,,291=,Rona,9
288=,Darryn,3,,291=,Roseann,9
288=,Deryck,3,,291=,Virginia,9
288=,Diarmid,3,,303=,Alexandria,8
288=,Edwin,3,,303=,Amber,8
288=,Eoin,3,,303=,Angeline,8
288=,Erlend,3,,303=,Belinda,8
288=,Faisal,3,,303=,Bridget,8
288=,Francesco,3,,303=,Candice,8
288=,Garrie,3,,303=,Carmen,8
288=,Giovanni,3,,303=,Catrina,8
288=,Giuseppe,3,,303=,Corrina,8
288=,Glyn,3,,303=,Gemma,8
288=,Hector,3,,303=,Johanne,8
288=,Hugo,3,,303=,Madeleine,8
288=,Irvine,3,,303=,Myra,8
288=,Jackie,3,,303=,Nancy,8
288=,John-Paul,3,,303=,Nyree,8
288=,Johnny,3,,303=,Penny,8
288=,Johnston,3,,303=,Sarah-Jane,8
288=,Keiron,3,,303=,Trudi,8
288=,Kerr,3,,303=,Vivian,8
288=,Kristoffer,3,,322=,Danielle,7
288=,Kristofor,3,,322=,Dawna,7
288=,Lyall,3,,322=,Faith,7
288=,Marshall,3,,322=,Francesca,7
288=,Maurice,3,,322=,Helena,7
288=,Nathaniel,3,,322=,Janis,7
288=,Quintin,3,,322=,Julie-Ann,7
288=,Ramon,3,,322=,Karon,7
288=,Ramsay,3,,322=,Kimberly,7
288=,Ranald,3,,322=,Leeann,7
288=,Rikki,3,,322=,Lena,7
288=,Ritchie,3,,322=,Lois,7
288=,Rowan,3,,322=,Luisa,7
288=,Ruairidh,3,,322=,Lynnette,7
288=,Ruaraidh,3,,322=,Mari,7
288=,Salvatore,3,,322=,Penelope,7
288=,Sidney,3,,322=,Seonaid,7
288=,Simeon,3,,322=,Sharlene,7
288=,Sinclair,3,,322=,Sheryl,7
288=,Stefan,3,,322=,Sonja,7
288=,Stevan,3,,322=,Sophie,7
288=,Toby,3,,322=,Tania,7
288=,Tom,3,,344=,Allana,6
288=,Troy,3,,344=,Annabelle,6
288=,Wallace,3,,344=,Antonia,6
347=,Ahmed,2,,344=,Carly,6
347=,Alaistair,2,,344=,Carol-Anne,6
347=,Alec,2,,344=,Carolanne,6
347=,Alick,2,,344=,Carron,6
347=,Andre,2,,344=,Charmaine,6
347=,Andrea,2,,344=,Connie,6
347=,Andreas,2,,344=,Donalda,6
347=,Andres,2,,344=,Emma-Jane,6
347=,Anton,2,,344=,Holly,6
347=,Arnold,2,,344=,Jackie,6
347=,Ashley,2,,344=,Joann,6
347=,Ashraf,2,,344=,Lea,6
347=,Austen,2,,344=,Lianne,6
347=,Bartholomew,2,,344=,Lucinda,6
347=,Carey,2,,344=,Marjorie,6
347=,Charlie,2,,344=,Martha,6
347=,Chun,2,,344=,Philippa,6
347=,Cliff,2,,344=,Rhoda,6
347=,Clive,2,,344=,Rowan,6
347=,Coinneach,2,,344=,Sasha,6
347=,Collin,2,,344=,Senga,6
347=,Damion,2,,344=,Shelly,6
347=,Daren,2,,344=,Susanna,6
347=,Dario,2,,344=,Tamsin,6
347=,Darrell,2,,344=,Teri,6
347=,Darroch,2,,344=,Tracy-Ann,6
347=,Darryll,2,,373=,Allyson,5
347=,Denny,2,,373=,Andrina,5
347=,Dereck,2,,373=,Angelina,5
347=,Derick,2,,373=,Annie,5
347=,Dieter,2,,373=,Christian,5
347=,Dinesh,2,,373=,Cindy,5
347=,Dino,2,,373=,Davina,5
347=,Dougall,2,,373=,Edith,5
347=,Earl,2,,373=,Estelle,5
347=,Eion,2,,373=,Euphemia,5
347=,Elliott,2,,373=,Eva,5
347=,Ernest,2,,373=,Eve,5
347=,Errol,2,,373=,Fay,5
347=,Fernando,2,,373=,Felicity,5
347=,Garth,2,,373=,Gael,5
347=,Gerardo,2,,373=,Georgette,5
347=,Gideon,2,,373=,Harriet,5
347=,Gillies,2,,373=,Jade,5
347=,Gilmour,2,,373=,Janie,5
347=,Glynn,2,,373=,Jeanie,5
347=,Grainger,2,,373=,Jenifer,5
347=,Grieg,2,,373=,Jocelyn,5
347=,Hamilton,2,,373=,Jodie,5
347=,Hank,2,,373=,Juliet,5
347=,Hans,2,,373=,Karla,5
347=,Harold,2,,373=,Kerry-Ann,5
347=,Harvey,2,,373=,Kirsti,5
347=,Herbert,2,,373=,Kristine,5
347=,Huw,2,,373=,Leeanne,5
347=,Innis,2,,373=,Leigh-Ann,5
347=,Jaimie,2,,373=,Leonie,5
347=,Jan,2,,373=,Lesa,5
347=,Jayson,2,,373=,Leslie,5
347=,Jeffery,2,,373=,Lillian,5
347=,Jerome,2,,373=,Marlene,5
347=,Joachim,2,,373=,Marlyn,5
347=,Joe,2,,373=,Marnie,5
347=,Joel,2,,373=,Martine,5
347=,Jon-Paul,2,,373=,Marysia,5
347=,Jonathon,2,,373=,Nikki,5
347=,Jude,2,,373=,Noreen,5
347=,Ka,2,,373=,Odette,5
347=,Kaj,2,,373=,Phyllis,5
347=,Karim,2,,373=,Rosaleen,5
347=,Kok,2,,373=,Rosalyn,5
347=,Konrad,2,,373=,Roseanne,5
347=,Kristopher,2,,373=,Sacha,5
347=,Kurt,2,,373=,Serena,5
347=,Lincoln,2,,373=,Shauna,5
347=,Liston,2,,373=,Sian,5
347=,Logan,2,,373=,Tammi,5
347=,Man,2,,373=,Terri,5
347=,Mandeep,2,,373=,Thomasina,5
347=,Marcos,2,,373=,Tricia,5
347=,Marek,2,,373=,Yvette,5
347=,Marvin,2,,373=,Zoey,5
347=,Matt,2,,429=,Adrienne,4
347=,Maxwell,2,,429=,Ainsley,4
347=,Melvin,2,,429=,Aline,4
347=,Mervyn,2,,429=,Amelia,4
347=,Miguel,2,,429=,Annabel,4
347=,Miles,2,,429=,Anya,4
347=,Mohamed,2,,429=,Camilla,4
347=,Morven,2,,429=,Camille,4
347=,Mungo,2,,429=,Caren,4
347=,Munro,2,,429=,Carmel,4
347=,Navdeep,2,,429=,Caron,4
347=,Neville,2,,429=,Caryn,4
347=,Nikolas,2,,429=,Cecilia,4
347=,Pat,2,,429=,Cherie,4
347=,Quinton,2,,429=,Chloe,4
347=,Raj,2,,429=,Corinna,4
347=,Rennie,2,,429=,Corrine,4
347=,Ricki,2,,429=,Elise,4
347=,Rolf,2,,429=,Elsie,4
347=,Roshan,2,,429=,Erika,4
347=,Royston,2,,429=,Glenda,4
347=,Ruari,2,,429=,Imogen,4
347=,Rupert,2,,429=,Inga,4
347=,Rupinder,2,,429=,Jacqualine,4
347=,Russel,2,,429=,Jacquelyn,4
347=,Sajjad,2,,429=,Jasmine,4
347=,Saleem,2,,429=,Jay,4
347=,Shahid,2,,429=,Jessica,4
347=,Shannon,2,,429=,Jody,4
347=,Shawn,2,,429=,Julianne,4
347=,Shehzad,2,,429=,Karlyn,4
347=,Shiraz,2,,429=,Katy,4
347=,Spencer,2,,429=,Kendra,4
347=,Stefano,2,,429=,Keri,4
347=,Tim,2,,429=,Kym,4
347=,Wesley,2,,429=,Lenore,4
465=,Aaron-Howard,1,,429=,Liza,4
465=,Abdulraheem,1,,429=,Luan,4
465=,Abhay,1,,429=,Lucille,4
465=,Abie,1,,429=,Lyanne,4
465=,Abudul,1,,429=,Marcella,4
465=,Adamo,1,,429=,Marcelle,4
465=,Aden,1,,429=,Marissa,4
465=,Adhamh,1,,429=,Marsha,4
465=,Adinon,1,,429=,May,4
465=,Adriano,1,,429=,Mechelle,4
465=,Adryan,1,,429=,Muriel,4
465=,Aftab,1,,429=,Nicola-Jane,4
465=,Afzal,1,,429=,Nikola,4
465=,Aimon,1,,429=,Olivia,4
465=,Aitken,1,,429=,Paulene,4
465=,Ajay,1,,429=,Rebekah,4
465=,Akass,1,,429=,Regan,4
465=,Alaister,1,,429=,Rosemarie,4
465=,Alasdhair,1,,429=,Rosina,4
465=,Alberto,1,,429=,Rosslyn,4
465=,Aled,1,,429=,Saffron,4
465=,Alexandra,1,,429=,Sally-Ann,4
465=,Alexis,1,,429=,Sau,4
465=,Alexs,1,,429=,Selena,4
465=,Alexzander,1,,429=,Selina,4
465=,Ali,1,,429=,Shazia,4
465=,Alieu,1,,429=,Tamara,4
465=,Allyn,1,,429=,Tammie,4
465=,Alok,1,,429=,Therese,4
465=,Alvin,1,,429=,Toni,4
465=,Aly,1,,429=,Ursula,4
465=,Alyn,1,,429=,Yolande,4
465=,Amar,1,,497=,Abby,3
465=,Amer,1,,497=,Ailie,3
465=,Amit,1,,497=,Ainslie,3
465=,Amjed,1,,497=,Alanna,3
465=,Ammar,1,,497=,Anna-Marie,3
465=,Amnar,1,,497=,Antoinette,3
465=,Andrew-George,1,,497=,Ashleigh,3
465=,Andy,1,,497=,Aynsley,3
465=,Anil,1,,497=,Beverly,3
465=,Anmar,1,,497=,Bianca,3
465=,Antoni,1,,497=,Bryony,3
465=,Antonius,1,,497=,Caireen,3
465=,Aonghas,1,,497=,Carolyne,3
465=,Aran,1,,497=,Catharine,3
465=,Arfan,1,,497=,Cathryn,3
465=,Arfat,1,,497=,Celeste,3
465=,Argyrios,1,,497=,Celine,3
465=,Arjuna,1,,497=,Ceri,3
465=,Armand,1,,497=,Charmain,3
465=,Arnaud,1,,497=,Coleen,3
465=,Arne,1,,497=,Concetta,3
465=,Arshad,1,,497=,Constance,3
465=,As'aad,1,,497=,Coreen,3
465=,Asa,1,,497=,Corina,3
465=,Asam,1,,497=,Corrinne,3
465=,Ashton,1,,497=,Darlene,3
465=,Asim,1,,497=,Donna-Marie,3
465=,Asish,1,,497=,Elinor,3
465=,Assaad,1,,497=,Elisabeth,3
465=,Aston,1,,497=,Eliza,3
465=,Ataf,1,,497=,Elma,3
465=,Athol,1,,497=,Gabrielle,3
465=,Athole,1,,497=,Georgia,3
465=,Atif,1,,497=,Gina,3
465=,Atriano,1,,497=,Glynis,3
465=,Auday,1,,497=,Helene,3
465=,Aynsley,1,,497=,Henrietta,3
465=,Ayron,1,,497=,Isabelle,3
465=,Azeem,1,,497=,Janey,3
465=,Azziz,1,,497=,Jannette,3
465=,Babar,1,,497=,Jeniffer,3
465=,Baby,1,,497=,Jennie,3
465=,Bahader,1,,497=,Jo-Ann,3
465=,Barbar,1,,497=,Jodi,3
465=,Barnabas,1,,497=,Johann,3
465=,Barnaby,1,,497=,Juliana,3
465=,Barray,1,,497=,Julieanne,3
465=,Barry-John,1,,497=,Juliette,3
465=,Barryjon,1,,497=,Karolyn,3
465=,Basab,1,,497=,Karrie,3
465=,Bhopinder,1,,497=,Katriona,3
465=,Bilal,1,,497=,Keira,3
465=,Bill,1,,497=,Kelda,3
465=,Blayre,1,,497=,Kerryann,3
465=,Blyth,1,,497=,Kristina,3
465=,Brenden,1,,497=,Kristy,3
465=,Brendon,1,,497=,Leasa,3
465=,Brenton,1,,497=,Leesa,3
465=,Bretton,1,,497=,Leighanne,3
465=,Brion,1,,497=,Leisa,3
465=,Brook,1,,497=,Lesley-Ann,3
465=,Bryce,1,,497=,Lesley-Anne,3
465=,Bryden,1,,497=,Letitia,3
465=,Buchanan,1,,497=,Leza,3
465=,Byron,1,,497=,Liane,3
465=,Cain,1,,497=,Lilian,3
465=,Caine,1,,497=,Linsay,3
465=,Calan,1,,497=,Lissa,3
465=,Callumn,1,,497=,Lori,3
465=,Calumn,1,,497=,Lucia,3
465=,Campbell-John,1,,497=,Lucie,3
465=,Carlos,1,,497=,Lydia,3
465=,Carnell,1,,497=,Lyne,3
465=,Carol,1,,497=,Madeline,3
465=,Carrick,1,,497=,Maree,3
465=,Cary,1,,497=,Margaret-Ann,3
465=,Casey,1,,497=,Marisa,3
465=,Cator,1,,497=,Maryanne,3
465=,Cecil,1,,497=,Megan,3
465=,Cennydd,1,,497=,Mhari,3
465=,Cenydd,1,,497=,Natalia,3
465=,Cerdin,1,,497=,Nicolette,3
465=,Cesare,1,,497=,Nicolle,3
465=,Chandran,1,,497=,Nora,3
465=,Channa,1,,497=,Nuala,3
465=,Che,1,,497=,Pauleen,3
465=,Chee,1,,497=,Petra,3
465=,Christoffer,1,,497=,Rae,3
465=,Christoher,1,,497=,Rita,3
465=,Chrysler,1,,497=,Robina,3
465=,Chukwujekwu,1,,497=,Robyn,3
465=,Ciaron,1,,497=,Roisin,3
465=,Cieran,1,,497=,Romina,3
465=,Ciraeme,1,,497=,Roselyn,3
465=,Clarke,1,,497=,Roslynn,3
465=,Clifton,1,,497=,Rowena,3
465=,Clint,1,,497=,Ruby,3
465=,Colvin,1,,497=,Saadia,3
465=,Conor,1,,497=,Sadie,3
465=,Corey,1,,497=,Saima,3
465=,Corin,1,,497=,Shahida,3
465=,Corrin,1,,497=,Shari,3
465=,Cris,1,,497=,Shelagh,3
465=,Curtis,1,,497=,Shiona,3
465=,Cyavash,1,,497=,Shirley-Anne,3
465=,Cyril,1,,497=,Stacy,3
465=,D'arcy,1,,497=,Sue,3
465=,Dallas,1,,497=,Tahira,3
465=,Dalwinder,1,,497=,Terry,3
465=,Damione,1,,497=,Tessa,3
465=,Damon,1,,497=,Trudy,3
465=,Daniele,1,,497=,Vanda,3
465=,Danni,1,,497=,Verity,3
465=,Daragh,1,,497=,Viki,3
465=,Darnell,1,,497=,Wai,3
465=,Darrol,1,,612=,Adeline,2
465=,Darron,1,,612=,Adelle,2
465=,Darryal,1,,612=,Aimee,2
465=,Daryn,1,,612=,Alexandrea,2
465=,Dave,1,,612=,Alicia,2
465=,Dawson,1,,612=,Alina,2
465=,Dax,1,,612=,Andree,2
465=,Deane,1,,612=,Andrew,2
465=,Declan,1,,612=,Angelene,2
465=,Dee,1,,612=,Ann-Maree,2
465=,Delroy,1,,612=,Annalene,2
465=,Dene,1,,612=,Anneline,2
465=,Denver,1,,612=,Arleen,2
465=,Denzil,1,,612=,Arline,2
465=,Dermont,1,,612=,Arwen,2
465=,Dermott,1,,612=,Asha,2
465=,Derryck,1,,612=,Asia,2
465=,Derryk,1,,612=,Astrid,2
465=,Desiderio,1,,612=,Aubrey,2
465=,Devlin,1,,612=,Averil,2
465=,Devsharma,1,,612=,Ayesha,2
465=,Dewi,1,,612=,Ayshea,2
465=,Dexter,1,,612=,Azra,2
465=,Diego,1,,612=,Baby,2
465=,Dillon,1,,612=,Beatrice,2
465=,Dimitrius,1,,612=,Bella,2
465=,Domhnall,1,,612=,Beth,2
465=,Dominick,1,,612=,Bethan,2
465=,Donal,1,,612=,Betty,2
465=,Donan,1,,612=,Billie,2
465=,Doniel,1,,612=,Bree,2
465=,Donn,1,,612=,Briony,2
465=,Donnell,1,,612=,Bronwen,2
465=,Donnie,1,,612=,Brooke,2
465=,Donny,1,,612=,Cairistine,2
465=,Dorian,1,,612=,Caitriona,2
465=,Drue,1,,612=,Carey,2
465=,Drummond,1,,612=,Carina,2
465=,Duane,1,,612=,Carlene,2
465=,Dyfed,1,,612=,Carole-Anne,2
465=,Eain,1,,612=,Carrie-Anne,2
465=,Eamonn,1,,612=,Carrol,2
465=,Eden,1,,612=,Cassandra,2
465=,Edgar,1,,612=,Cathleen,2
465=,Edvard,1,,612=,Celia,2
465=,Ehthisham,1,,612=,Ceridwen,2
465=,Ehtsham,1,,612=,Chelsea,2
465=,Einar,1,,612=,Cher,2
465=,El,1,,612=,Cheri,2
465=,Eli,1,,612=,Cherrie,2
465=,Elias,1,,612=,Cherry,2
465=,Eliman,1,,612=,Choi,2
465=,Elio,1,,612=,Clara,2
465=,Elizabeth,1,,612=,Claudia,2
465=,Elliott-John,1,,612=,Clea,2
465=,Ellis,1,,612=,Corrie,2
465=,Emanuel,1,,612=,Cynthia,2
465=,Emilio,1,,612=,Dale,2
465=,Emran,1,,612=,Danella,2
465=,Enda,1,,612=,Daniella,2
465=,Enrico,1,,612=,Dawne,2
465=,Erick,1,,612=,Denice,2
465=,Erin,1,,612=,Dian,2
465=,Erique,1,,612=,Dianna,2
465=,Erling,1,,612=,Eleftheria,2
465=,Ernesto,1,,612=,Elsa,2
465=,Espen,1,,612=,Emma-Louise,2
465=,Euart,1,,612=,Farzana,2
465=,Everth,1,,612=,Fenella,2
465=,Ewing,1,,612=,Florence,2
465=,Fabian,1,,612=,Francine,2
465=,Fahd,1,,612=,Freya,2
465=,Fahri,1,,612=,Gayl,2
465=,Falcon,1,,612=,Gill,2
465=,Farid,1,,612=,Greta,2
465=,Fehad,1,,612=,Gwendoline,2
465=,Felix,1,,612=,Haley,2
465=,Fermin,1,,612=,Hillary,2
465=,Fesial,1,,612=,Hope,2
465=,Finbar,1,,612=,Ilene,2
465=,Finnian,1,,612=,Ilona,2
465=,Fiona,1,,612=,Iris,2
465=,Franchi,1,,612=,Islay,2
465=,Francisco,1,,612=,Janeen,2
465=,Franco,1,,612=,Janene,2
465=,Frederic,1,,612=,Jemima,2
465=,Frederik,1,,612=,Jemma,2
465=,Fredrick,1,,612=,Jo,2
465=,Frith,1,,612=,Jo-Anne,2
465=,Fu,1,,612=,Judi,2
465=,Furraz,1,,612=,Judy,2
465=,Gabriel,1,,612=,Julie-Anne,2
465=,Garin,1,,612=,Ka,2
465=,Garnett,1,,612=,Kareen,2
465=,Garrett,1,,612=,Karena,2
465=,Garrith,1,,612=,Kathrin,2
465=,Gavain,1,,612=,Katia,2
465=,Gen,1,,612=,Keli,2
465=,Geoff,1,,612=,Kelley,2
465=,Geraint,1,,612=,Kelli,2
465=,Ghazanfar,1,,612=,Kellie-Anne,2
465=,Giacomo,1,,612=,Kerry-Jane,2
465=,Giancarlo,1,,612=,Kerryanne,2
465=,Gianmauro,1,,612=,Kirstyn,2
465=,Gianno,1,,612=,Krista,2
465=,Gibson,1,,612=,Kristeen,2
465=,Gilad,1,,612=,Kristen,2
465=,Gilleasbuig,1,,612=,Kristian,2
465=,Gillis,1,,612=,Kylie,2
465=,Gino,1,,612=,Lai,2
465=,Girvan,1,,612=,Larraine,2
465=,Glyndwr,1,,612=,Layla,2
465=,Graeme-John,1,,612=,Leigh-Anne,2
465=,Graym,1,,612=,Leighann,2
465=,Greame,1,,612=,Leyanne,2
465=,Gregan,1,,612=,Linette,2
465=,Grier,1,,612=,Linzie,2
465=,Grigor,1,,612=,Lisa-Jane,2
465=,Gurather,1,,612=,Loretta,2
465=,Gurdita,1,,612=,Lorette,2
465=,Gurnam,1,,612=,Louisa-Jane,2
465=,Gurpinder,1,,612=,Lynne-Marie,2
465=,Gwok,1,,612=,Maeve,2
465=,Hanif,1,,612=,Mairearad,2
465=,Harjinder,1,,612=,Majella,2
465=,Harnake,1,,612=,Marcia,2
465=,Harun,1,,612=,Marguerite,2
465=,Hassam,1,,612=,Mari-Claire,2
465=,Hatim,1,,612=,Mariann,2
465=,Hattan,1,,612=,Marie-Clare,2
465=,Hayden,1,,612=,Marjory,2
465=,Helen,1,,612=,Marla,2
465=,Henricus,1,,612=,Marny,2
465=,Hew,1,,612=,Mary-Ellen,2
465=,Hildebrandt,1,,612=,Mary-Jo,2
465=,Hisham,1,,612=,Maryann,2
465=,Hong,1,,612=,Melody,2
465=,Hsi,1,,612=,Meredith,2
465=,Hughan,1,,612=,Michaela,2
465=,Hunter,1,,612=,Michala,2
465=,Hyland,1,,612=,Millicent,2
465=,Hylton,1,,612=,Monique,2
465=,Ian-Paul,1,,612=,Moyra,2
465=,Idem,1,,612=,Murdina,2
465=,Ien,1,,612=,Myfanwy,2
465=,Ihsan,1,,612=,Nasreen,2
465=,Ihtisham,1,,612=,Nicoletta,2
465=,Im-Tiaz-Ul-Haq,1,,612=,Norah,2
465=,Irfaan,1,,612=,Nova,2
465=,Iuan,1,,612=,Nyla,2
465=,Ivar,1,,612=,Olwyn,2
465=,Jaan,1,,612=,Paola,2
465=,Jacob,1,,612=,Pat,2
465=,Jacques,1,,612=,Priya,2
465=,Jade,1,,612=,Raye,2
465=,Jagmone,1,,612=,Rehana,2
465=,Jai,1,,612=,Rekha,2
465=,Jaibo,1,,612=,Renee,2
465=,Jaime,1,,612=,Rhiannon,2
465=,Jamal,1,,612=,Robin,2
465=,Jameson,1,,612=,Rohan,2
465=,Jamieson,1,,612=,Ros,2
465=,Jared-Balthazar,1,,612=,Rosaline,2
465=,Jas,1,,612=,Rosanne,2
465=,Jasarat,1,,612=,Roseena,2
465=,Jasjeet,1,,612=,Roseleen,2
465=,Jaspal,1,,612=,Roselynn,2
465=,Jasson,1,,612=,Rozanne,2
465=,Jatinder,1,,612=,Rukhsana,2
465=,Javes,1,,612=,Sabina,2
465=,Jean,1,,612=,Sadia,2
465=,Jefferson,1,,612=,Salina,2
465=,Jenson,1,,612=,Samina,2
465=,Jeroen,1,,612=,Sarah-Jayne,2
465=,Jerrard,1,,612=,Seona,2
465=,Jesse,1,,612=,Shabana,2
465=,Jesus,1,,612=,Shama,2
465=,Jethro,1,,612=,Shameem,2
465=,Jevan,1,,612=,Sharyn,2
465=,Jillian,1,,612=,Sheelagh,2
465=,Jimmy,1,,612=,Sheonagh,2
465=,John-Charles,1,,612=,Shiree,2
465=,John-Henry,1,,612=,Shireen,2
465=,Johnesh,1,,612=,Shyvonne,2
465=,Jonas,1,,612=,Simona,2
465=,Jonathen,1,,612=,Sine,2
465=,Jonpaul,1,,612=,Siobhain,2
465=,Jordan,1,,612=,Sofia,2
465=,Jorge,1,,612=,Sophia,2
465=,Juan,1,,612=,Sorrel,2
465=,Julien,1,,612=,Stefanie,2
465=,Justine,1,,612=,Susana,2
465=,Kaine,1,,612=,Susann,2
465=,Kalmarc,1,,612=,Suzann,2
465=,Kam,1,,612=,Suzannah,2
465=,Kamran,1,,612=,Suzzane,2
465=,Kan,1,,612=,Tamar,2
465=,Karl-Heinz,1,,612=,Tamsyn,2
465=,Karma,1,,612=,Taryn,2
465=,Kashif,1,,612=,Terri-Ann,2
465=,Kasim,1,,612=,Tonje,2
465=,Kat,1,,612=,Verona,2
465=,Kayvohn,1,,612=,Vickie,2
465=,Kcarrie,1,,612=,Violet,2
465=,Kelvin,1,,612=,Wilhelmina,2
465=,Kennedy,1,,612=,Williamina,2
465=,Kenny,1,,612=,Yasmin,2
465=,Kent,1,,612=,Yolanda,2
465=,Kenyon,1,,612=,Yuk,2
465=,Kered,1,,612=,Zahida,2
465=,Kerry,1,,612=,Zara,2
465=,Keven,1,,612=,Zena,2
465=,Khalid,1,,612=,Zubia,2
465=,Khalil,1,,825=,Aasha,1
465=,Kian,1,,825=,Aasiya,1
465=,Kiley,1,,825=,Abbi,1
465=,Kimble,1,,825=,Abbie,1
465=,Kin,1,,825=,Abdah,1
465=,Kinloch,1,,825=,Abigale,1
465=,Kinnell,1,,825=,Addie,1
465=,Kipps,1,,825=,Adel,1
465=,Kirpal,1,,825=,Adetokunbo,1
465=,Koray,1,,825=,Adina,1
465=,Kristiffer,1,,825=,Adlin,1
465=,Kristin,1,,825=,Adrian,1
465=,Kulvinder,1,,825=,Adriane,1
465=,Kwai,1,,825=,Afsheen,1
465=,Kwame,1,,825=,Afton,1
465=,Kwok,1,,825=,Agata,1
465=,Kwong,1,,825=,Ahisat,1
465=,Kylin,1,,825=,Ailith,1
465=,Laird,1,,825=,Aisling,1
465=,Lamy,1,,825=,Akua,1
465=,Lance,1,,825=,Ala,1
465=,Larry,1,,825=,Alana-Jayne,1
465=,Lawrie,1,,825=,Alayna,1
465=,Lawson,1,,825=,Alena,1
465=,Leandro,1,,825=,Alene,1
465=,Leeon,1,,825=,Alesha,1
465=,Leighton,1,,825=,Alessia,1
465=,Lembyt,1,,825=,Alethea,1
465=,Len,1,,825=,Aletia,1
465=,Lennox,1,,825=,Alexa,1
465=,Leonida,1,,825=,Alexandrina,1
465=,Lesley,1,,825=,Alexina,1
465=,Levon,1,,825=,Alexine,1
465=,Lex,1,,825=,Alia,1
465=,Linda,1,,825=,Alinda,1
465=,Lindon,1,,825=,Alison-Lindsay,1
465=,Lindsey,1,,825=,Alissa,1
465=,Llewelyn,1,,825=,Alix,1
465=,Lluis,1,,825=,Alleen,1
465=,Loren,1,,825=,Allena,1
465=,Lorenzo,1,,825=,Ally,1
465=,Louaz,1,,825=,Almas,1
465=,Luay,1,,825=,Alwyn,1
465=,Ludovic,1,,825=,Alya,1
465=,Luigi,1,,825=,Amal,1
465=,Luis,1,,825=,Amalia,1
465=,Lyndon,1,,825=,Amanda-Jane,1
465=,Maicol,1,,825=,Amaryllis,1
465=,Manson,1,,825=,Ambrina,1
465=,Manus,1,,825=,Amerjit,1
465=,Maqbool,1,,825=,Amie,1
465=,Marc-Philipp,1,,825=,Ammara,1
465=,Marcello,1,,825=,Amna,1
465=,Marik,1,,825=,Amurwon,1
465=,Marino,1,,825=,Ana,1
465=,Mark-James,1,,825=,Anamari,1
465=,Markus,1,,825=,Andreana,1
465=,Martino,1,,825=,Andrene,1
465=,Martyne,1,,825=,Anest,1
465=,Mary,1,,825=,Angela-Louise,1
465=,Masood,1,,825=,Angela-May,1
465=,Masoom,1,,825=,Angeli,1
465=,Massimo,1,,825=,Angelique,1
465=,Mathieson,1,,825=,Angharad,1
465=,Mathieu,1,,825=,Anisha,1
465=,Matthias,1,,825=,Anitra,1
465=,Maurizio,1,,825=,Anja,1
465=,Max,1,,825=,Anjalee,1
465=,Mear,1,,825=,Anjanette,1
465=,Meldrum,1,,825=,Ann-Louise,1
465=,Melvyn,1,,825=,Ann-Margaret,1
465=,Menachem,1,,825=,Anna-Maria,1
465=,Merlin,1,,825=,Annabella,1
465=,Merril,1,,825=,Annaheita,1
465=,Michal,1,,825=,Annaliese,1
465=,Michelangelo,1,,825=,Annalisa,1
465=,Micholas,1,,825=,Annamarie,1
465=,Mickael,1,,825=,Annastasia,1
465=,Millard,1,,825=,Anne-Maree,1
465=,Milton,1,,825=,Annelie,1
465=,Mir,1,,825=,Anneliese,1
465=,Mohamad,1,,825=,Anngela,1
465=,Moiz,1,,825=,Anouska,1
465=,Monica,1,,825=,Antonietta,1
465=,Montgomery,1,,825=,Anushi,1
465=,Moreno,1,,825=,Anuszka,1
465=,Morris,1,,825=,Aparna,1
465=,Motasim,1,,825=,Arabella,1
465=,Moyasr,1,,825=,Ardien,1
465=,Muhammed,1,,825=,Arianna,1
465=,Muhmod,1,,825=,Arlaine,1
465=,Mukesh,1,,825=,Armida,1
465=,Munir,1,,825=,Aruna,1
465=,Nadeam,1,,825=,Asfa,1
465=,Nader,1,,825=,Ashleen,1
465=,Nadim,1,,825=,Ashlene,1
465=,Nadir,1,,825=,Ashley-Jane,1
465=,Naill,1,,825=,Ashling,1
465=,Nalin,1,,825=,Assia,1
465=,Namaan,1,,825=,Athene,1
465=,Naseem,1,,825=,Auleen,1
465=,Naseer,1,,825=,Autumn,1
465=,Navaid,1,,825=,Ayeshah,1
465=,Navesh,1,,825=,Aylwin,1
465=,Navin,1,,825=,Aysha,1
465=,Neilsen,1,,825=,Ayshela,1
465=,Nelson,1,,825=,Azrena,1
465=,Nethan,1,,825=,Baljinder,1
465=,Nicco,1,,825=,Balvinder,1
465=,Nichol,1,,825=,Banashree,1
465=,Nicki,1,,825=,Barbra,1
465=,Nickolas,1,,825=,Becky,1
465=,Nicoll,1,,825=,Behrnice,1
465=,Niell,1,,825=,Belde,1
465=,Nirvana,1,,825=,Belynda,1
465=,Nis,1,,825=,Berenice,1
465=,Nisith,1,,825=,Bertha,1
465=,Nnaemeka,1,,825=,Beryl,1
465=,Noah,1,,825=,Beth-Anne,1
465=,Noble,1,,825=,Bethanie,1
465=,Norval,1,,825=,Bethany,1
465=,Nushi,1,,825=,Bethia,1
465=,Nyall,1,,825=,Biba,1
465=,Okoro,1,,825=,Billy-Jean,1
465=,Oladele,1,,825=,Bishnupriya,1
465=,Olav,1,,825=,Blaire,1
465=,Olusegun,1,,825=,Blanche,1
465=,Olutolu,1,,825=,Bobbie,1
465=,Oluwamayowa,1,,825=,Bonice,1
465=,Omekpo,1,,825=,Bonita,1
465=,Oriano,1,,825=,Bonnie,1
465=,Orlando,1,,825=,Breda,1
465=,Osman,1,,825=,Brian,1
465=,Ossian,1,,825=,Bridie,1
465=,Ozgur,1,,825=,Brigid,1
465=,Pabinder,1,,825=,Brit,1
465=,Padraic,1,,825=,Bromwyne,1
465=,Pankaj,1,,825=,Caithriona,1
465=,Paolo,1,,825=,Caitlin,1
465=,Pardeep,1,,825=,Caluna,1
465=,Parminder,1,,825=,Caran,1
465=,Patrizio,1,,825=,Carie,1
465=,Pearson,1,,825=,Carleen,1
465=,Perhet,1,,825=,Carline,1
465=,Perrin,1,,825=,Carmin,1
465=,Perry,1,,825=,Carolan,1
465=,Pervez,1,,825=,Carolina,1
465=,Philippe,1,,825=,Carolmary,1
465=,Philippos,1,,825=,Carolyn-Anne,1
465=,Phineus,1,,825=,Carolynn,1
465=,Pietro,1,,825=,Carolynne,1
465=,Poshitha,1,,825=,Carra,1
465=,Prithipal,1,,825=,Carrey,1
465=,Pui-Keung,1,,825=,Carrianne,1
465=,Qasif,1,,825=,Carrie-Ann,1
465=,Quentin,1,,825=,Carrieann,1
465=,Rae,1,,825=,Carrly,1
465=,Raegen,1,,825=,Carryl,1
465=,Rafee,1,,825=,Caryl,1
465=,Raja,1,,825=,Caterina,1
465=,Rajan,1,,825=,Catherine-Ann,1
465=,Rajesh,1,,825=,Cathlyn,1
465=,Rajinder,1,,825=,Catriona-Jane,1
465=,Rajvinder,1,,825=,Cecilia-Therese,1
465=,Ralf,1,,825=,Celene,1
465=,Rana,1,,825=,Ceranne,1
465=,Ranjeet,1,,825=,Cerri-Anne,1
465=,Ranjeev,1,,825=,Chan,1
465=,Ranjit,1,,825=,Chanda,1
465=,Raonull,1,,825=,Chandra,1
465=,Raphael,1,,825=,Chanele,1
465=,Rashaid,1,,825=,Chantal,1
465=,Raymund,1,,825=,Chantell,1
465=,Reaaz,1,,825=,Charlaine,1
465=,Rehan,1,,825=,Charleen,1
465=,Rehman,1,,825=,Charmagne,1
465=,Reid,1,,825=,Charmian,1
465=,Reinaldo,1,,825=,Chava,1
465=,Remo,1,,825=,Che,1
465=,Renato,1,,825=,Cheree,1
465=,Reto,1,,825=,Cherene,1
465=,Reuben,1,,825=,Cherida,1
465=,Rey,1,,825=,Cherlyn,1
465=,Rezwan,1,,825=,Cherlynne,1
465=,Rfakat,1,,825=,Cherrelle,1
465=,Rhian,1,,825=,Cherri,1
465=,Rhoderick,1,,825=,Cherrill,1
465=,Rhuari,1,,825=,Chevonne,1
465=,Riaz,1,,825=,Chia,1
465=,Riccardo,1,,825=,Chiara-Isolda,1
465=,Richie,1,,825=,Chloe-Maryse,1
465=,Richy,1,,825=,Choon,1
465=,Rizwan,1,,825=,Chrisanne,1
465=,Rob,1,,825=,Christabel,1
465=,Robb,1,,825=,Christeen,1
465=,Robbie-John,1,,825=,Christena,1
465=,Roberto,1,,825=,Christiane,1
465=,Robindra,1,,825=,Christiann,1
465=,Roddi,1,,825=,Christianne,1
465=,Rodrigo,1,,825=,Christie,1
465=,Rogan,1,,825=,Christy,1
465=,Rolland,1,,825=,Chu,1
465=,Ron,1,,825=,Chung,1
465=,Roni,1,,825=,Chyrel,1
465=,Roser,1,,825=,Ciara,1
465=,Roye,1,,825=,Ciarow,1
465=,Ruan,1,,825=,Cimone,1
465=,Ruarri,1,,825=,Cinzia,1
465=,Ruazrioh,1,,825=,Claire-Louise,1
465=,Rudi,1,,825=,Clare-Louise,1
465=,Rudy,1,,825=,Clarke,1
465=,Sai,1,,825=,Claudine,1
465=,Sajad,1,,825=,Cleona,1
465=,Sajed,1,,825=,Clova,1
465=,Sajid,1,,825=,Cody,1
465=,Salim,1,,825=,Collete,1
465=,Sameer,1,,825=,Collett,1
465=,Samir,1,,825=,Concettina,1
465=,Sandeep,1,,825=,Consuelo,1
465=,Sanjay,1,,825=,Cora,1
465=,Sanjeet,1,,825=,Corinne-Anne,1
465=,Sanjit,1,,825=,Cornelia,1
465=,Sanjoy,1,,825=,Correen,1
465=,Sara,1,,825=,Correna,1
465=,Saroop,1,,825=,Corrinda,1
465=,Satish,1,,825=,Corry,1
465=,Satminder,1,,825=,Cosima,1
465=,Satpal,1,,825=,Cristiana,1
465=,Scotland,1,,825=,Cristina,1
465=,Scottland,1,,825=,Cristle,1
465=,Se-Lerg,1,,825=,Curstan,1
465=,Sean-Paul,1,,825=,Cybele,1
465=,Selim,1,,825=,Daisy,1
465=,Sergio,1,,825=,Dalia,1
465=,Shah,1,,825=,Dallas,1
465=,Shahbaz,1,,825=,Danelle,1
465=,Shahbear,1,,825=,Dann,1
465=,Shahzad,1,,825=,Daria,1
465=,Shakil,1,,825=,Darra,1
465=,Sharif,1,,825=,Darrena,1
465=,Shaune,1,,825=,Darryl,1
465=,Shayne,1,,825=,Daune,1
465=,Shehbaz,1,,825=,Davette,1
465=,Sheikh,1,,825=,David,1
465=,Shizad,1,,825=,Dayle,1
465=,Shona,1,,825=,Dayna,1
465=,Shu-Chuen,1,,825=,Deanna,1
465=,Sigurjon,1,,825=,Deanne,1
465=,Silas,1,,825=,Debbie-Anne,1
465=,Silvano,1,,825=,Debbie-Lee,1
465=,Sion,1,,825=,Debborah,1
465=,Siu,1,,825=,Debora,1
465=,Sivan,1,,825=,Deborah-Ann,1
465=,Skander,1,,825=,Deborrah,1
465=,Skye-Daniel,1,,825=,Dee,1
465=,Solomon,1,,825=,Dee-Ann,1
465=,Sonny,1,,825=,Deeanne,1
465=,Spence,1,,825=,Deepa,1
465=,Sreedhar,1,,825=,Delyth,1
465=,Stanton,1,,825=,Denyse,1
465=,Stephane,1,,825=,Deonne,1
465=,Stevon,1,,825=,Derek,1
465=,Suboor,1,,825=,Desiree,1
465=,Sudhesh,1,,825=,Despina,1
465=,Suhaimi,1,,825=,Deyette,1
465=,Sui,1,,825=,Dhana,1
465=,Sukhvir,1,,825=,Di-Anna,1
465=,Surash,1,,825=,Diann,1
465=,Surjit,1,,825=,Dierdre,1
465=,Sverre,1,,825=,Dikla,1
465=,Swaraj,1,,825=,Dina,1
465=,Sydney,1,,825=,Dinae,1
465=,Syeed-Ur,1,,825=,Dion,1
465=,Sylvanus,1,,825=,Dione,1
465=,Symon,1,,825=,Doaea,1
465=,Tai,1,,825=,Doleen,1
465=,Tak,1,,825=,Dolina,1
465=,Tamlyn,1,,825=,Dolly,1
465=,Tammas,1,,825=,Dolores,1
465=,Tanveer,1,,825=,Domenica,1
465=,Tarek,1,,825=,Dominique,1
465=,Tariq,1,,825=,Donelle,1
465=,Tarlochan,1,,825=,Donna-Anne,1
465=,Techung,1,,825=,Donna-Jane,1
465=,Tekena,1,,825=,Donna-Lorraine,1
465=,Telford,1,,825=,Dora,1
465=,Terrence,1,,825=,Doris,1
465=,Theo,1,,825=,Dorothy-Anne,1
465=,Theodore,1,,825=,Drianna,1
465=,Thor,1,,825=,Dyan,1
465=,Tiernan,1,,825=,Dyane,1
465=,Timshel,1,,825=,Earin,1
465=,Timur,1,,825=,Edna,1
465=,Tin,1,,825=,Eildh,1
465=,Tobias,1,,825=,Eileidh,1
465=,Tobin,1,,825=,Eilise,1
465=,Tomasz,1,,825=,Eirwen,1
465=,Tommy,1,,825=,Eki,1
465=,Torquil,1,,825=,Elaina,1
465=,Torran,1,,825=,Elana,1
465=,Travis,1,,825=,Elayne,1
465=,Tristian,1,,825=,Elena,1
465=,Tristram,1,,825=,Elfhie,1
465=,Tsueng,1,,825=,Elisa,1
465=,Tyrel,1,,825=,Elisabeth-Anne,1
465=,Tyrone,1,,825=,Elissa,1
465=,Udai,1,,825=,Elizabeth-Ann,1
465=,Udayan,1,,825=,Elkie,1
465=,Ultan,1,,825=,Ella,1
465=,Valerio,1,,825=,Ellinor,1
465=,Vance,1,,825=,Eloise,1
465=,Vernon,1,,825=,Elouise,1
465=,Vincenzo,1,,825=,Eluned,1
465=,Virgile,1,,825=,Elvira,1
465=,Vivak,1,,825=,Emalene,1
465=,Wadah,1,,825=,Emilie,1
465=,Wajad,1,,825=,Emilya,1
465=,Wam,1,,825=,Emma-Mae,1
465=,Warrington,1,,825=,Emmalene,1
465=,Waseem,1,,825=,Emmaline,1
465=,Wasim,1,,825=,Emmeline,1
465=,Watson,1,,825=,Enitan,1
465=,Wei,1,,825=,Eona,1
465=,Werner,1,,825=,Erayner,1
465=,Wesam,1,,825=,Ericka,1
465=,William-Scott,1,,825=,Erine,1
465=,Wing,1,,825=,Erynn,1
465=,Winstin,1,,825=,Esmerallda,1
465=,Winston,1,,825=,Ester,1
465=,Woodall,1,,825=,Estha,1
465=,Wren,1,,825=,Ethel,1
465=,Yaman,1,,825=,Eunice,1
465=,Yaw,1,,825=,Evanne,1
465=,Yoon,1,,825=,Eveline,1
465=,Yousaf,1,,825=,Evyonne,1
465=,Yousef,1,,825=,Ezara,1
465=,Yousif,1,,825=,Fanny,1
465=,Yunis,1,,825=,Faosat,1
465=,Yusef,1,,825=,Fara,1
465=,Zack,1,,825=,Farah,1
465=,Zaheer,1,,825=,Fardouse,1
465=,Zahir,1,,825=,Farheen,1
465=,Zeshan,1,,825=,Fawzia,1
465=,Zulfiqar,1,,825=,Fayeza,1
465=,Zygmunt,1,,825=,Felicitas,1
,,,,825=,Feride,1
,,,,825=,Fervi,1
,,,,825=,Filomena,1
,,,,825=,Finola,1
,,,,825=,Fionna,1
,,,,825=,Fionnadh,1
,,,,825=,Fleur,1
,,,,825=,Fong,1
,,,,825=,Fontella,1
,,,,825=,Fozia,1
,,,,825=,Fran,1
,,,,825=,Franca,1
,,,,825=,Francisca,1
,,,,825=,Francoise,1
,,,,825=,Freda,1
,,,,825=,Fredah,1
,,,,825=,Frederioue,1
,,,,825=,Freida,1
,,,,825=,Froya,1
,,,,825=,Furhat,1
,,,,825=,Gabriella,1
,,,,825=,Gala,1
,,,,825=,Gale,1
,,,,825=,Gay,1
,,,,825=,Gaye,1
,,,,825=,Gaylor,1
,,,,825=,Gean-Yu,1
,,,,825=,Geeta,1
,,,,825=,Gehan,1
,,,,825=,Genevieve,1
,,,,825=,Georgea,1
,,,,825=,Georgena,1
,,,,825=,Georgie,1
,,,,825=,Gereldine,1
,,,,825=,Germaine,1
,,,,825=,Ghazala,1
,,,,825=,Gillean,1
,,,,825=,Gillianne,1
,,,,825=,Giselle,1
,,,,825=,Giulia,1
,,,,825=,Giuliana,1
,,,,825=,Giulianna,1
,,,,825=,Gladys,1
,,,,825=,Goldie,1
,,,,825=,Gowan,1
,,,,825=,Grainne,1
,,,,825=,Greatchen,1
,,,,825=,Gry,1
,,,,825=,Gulsen,1
,,,,825=,Gurdip,1
,,,,825=,Gwenda,1
,,,,825=,Hafizan,1
,,,,825=,Halina,1
,,,,825=,Hana,1
,,,,825=,Hanna,1
,,,,825=,Har,1
,,,,825=,Hardip,1
,,,,825=,Heather-Ann,1
,,,,825=,Heather-Jane,1
,,,,825=,Heidrun,1
,,,,825=,Helena-Rose,1
,,,,825=,Helenka,1
,,,,825=,Helenor,1
,,,,825=,Helga,1
,,,,825=,Hellen,1
,,,,825=,Hilda,1
,,,,825=,Hina,1
,,,,825=,Hindelee,1
,,,,825=,Hoi,1
,,,,825=,Honor,1
,,,,825=,Humaira,1
,,,,825=,Iemkje,1
,,,,825=,Ifeoma,1
,,,,825=,Ila,1
,,,,825=,Ileen,1
,,,,825=,Ina,1
,,,,825=,Inez,1
,,,,825=,Inge,1
,,,,825=,Intan,1
,,,,825=,Iolanthe,1
,,,,825=,Iona-Jane,1
,,,,825=,Irena,1
,,,,825=,Irenie,1
,,,,825=,Isa,1
,,,,825=,Isabell,1
,,,,825=,Iseabal,1
,,,,825=,Ishbel,1
,,,,825=,Ishrat,1
,,,,825=,Ismat,1
,,,,825=,Isobelle,1
,,,,825=,Ivana,1
,,,,825=,Ivory,1
,,,,825=,Jackaleen,1
,,,,825=,Jackelene,1
,,,,825=,Jackeline,1
,,,,825=,Jackielee,1
,,,,825=,Jackilyn,1
,,,,825=,Jacky,1
,,,,825=,Jacqualyn,1
,,,,825=,Jacquelin,1
,,,,825=,Jacquelynn,1
,,,,825=,Jacquelynne,1
,,,,825=,Jacqui,1
,,,,825=,Jacquie,1
,,,,825=,Jacquline,1
,,,,825=,Jagdeep,1
,,,,825=,Jamesina,1
,,,,825=,Jamila,1
,,,,825=,Jane-Anne,1
,,,,825=,Janeene,1
,,,,825=,Janetta,1
,,,,825=,Janie-Anne,1
,,,,825=,Janie-Leigh,1
,,,,825=,Janina,1
,,,,825=,Janita,1
,,,,825=,Jannine,1
,,,,825=,Jaqueline,1
,,,,825=,Jaqui,1
,,,,825=,Jaspal,1
,,,,825=,Jaspreet,1
,,,,825=,Javeria,1
,,,,825=,Jaynie,1
,,,,825=,Jeanine,1
,,,,825=,Jeannette,1
,,,,825=,Jem,1
,,,,825=,Jenefer,1
,,,,825=,Jenna,1
,,,,825=,Jennefer,1
,,,,825=,Jenny-Denise,1
,,,,825=,Jessie-Lea,1
,,,,825=,Jillianne,1
,,,,825=,Jo-Anna,1
,,,,825=,Jo-Hanna,1
,,,,825=,Joana,1
,,,,825=,Jodie-Anne,1
,,,,825=,John,1
,,,,825=,Jonelle,1
,,,,825=,Joni,1
,,,,825=,Josanne,1
,,,,825=,Josceline,1
,,,,825=,Josette,1
,,,,825=,Josie,1
,,,,825=,Joti,1
,,,,825=,Joyati,1
,,,,825=,Joytee,1
,,,,825=,Julia-Ann,1
,,,,825=,Julianna,1
,,,,825=,Juliea,1
,,,,825=,Julieann,1
,,,,825=,Jusbinder,1
,,,,825=,Kadeen,1
,,,,825=,Kalmesh,1
,,,,825=,Kamal,1
,,,,825=,Kamaljit,1
,,,,825=,Kara-Jane,1
,,,,825=,Kara-Lynn,1
,,,,825=,Karan,1
,,,,825=,Karen-Anne,1
,,,,825=,Karey,1
,,,,825=,Kari,1
,,,,825=,Kariann,1
,,,,825=,Karine,1
,,,,825=,Karlina,1
,,,,825=,Karoline,1
,,,,825=,Karri,1
,,,,825=,Karrina,1
,,,,825=,Karry,1
,,,,825=,Karyl,1
,,,,825=,Karyn-Louise,1
,,,,825=,Katerina,1
,,,,825=,Katey,1
,,,,825=,Katherin,1
,,,,825=,Kathrene,1
,,,,825=,Kathrine,1
,,,,825=,Kathryne,1
,,,,825=,Kathyrn,1
,,,,825=,Katie-Jane,1
,,,,825=,Katrena,1
,,,,825=,Katrin,1
,,,,825=,Katrine,1
,,,,825=,Katryn,1
,,,,825=,Katy-Louise,1
,,,,825=,Katyn,1
,,,,825=,Kay-Lisa,1
,,,,825=,Kellee,1
,,,,825=,Kelly-Anne,1
,,,,825=,Kelly-Lee,1
,,,,825=,Kendall,1
,,,,825=,Kenina,1
,,,,825=,Kenna,1
,,,,825=,Kenneth,1
,,,,825=,Keren,1
,,,,825=,Kerensa,1
,,,,825=,Keri-Anne,1
,,,,825=,Kerie,1
,,,,825=,Kerimeh,1
,,,,825=,Keron,1
,,,,825=,Kerr,1
,,,,825=,Kerriann,1
,,,,825=,Kerridh-Anne,1
,,,,825=,Kerrin,1
,,,,825=,Kerry-Anne,1
,,,,825=,Kerryn,1
,,,,825=,Keryn,1
,,,,825=,Kess,1
,,,,825=,Khashia,1
,,,,825=,Kholude,1
,,,,825=,Khyla,1
,,,,825=,Kiara,1
,,,,825=,Kiran,1
,,,,825=,Kirste,1
,,,,825=,Kirstein,1
,,,,825=,Kirsten-Mari,1
,,,,825=,Kirsty-Lea,1
,,,,825=,Kirstyne,1
,,,,825=,Kishwar,1
,,,,825=,Kit,1
,,,,825=,Kolleen,1
,,,,825=,Korrisa,1
,,,,825=,Kossar,1
,,,,825=,Kreisha,1
,,,,825=,Kristi,1
,,,,825=,Krysia,1
,,,,825=,Kyela,1
,,,,825=,Kyla,1
,,,,825=,Kylan,1
,,,,825=,Kyra,1
,,,,825=,Kyrstine,1
,,,,825=,Kysha,1
,,,,825=,Lady,1
,,,,825=,Lae,1
,,,,825=,Laila,1
,,,,825=,Lainie,1
,,,,825=,Lan,1
,,,,825=,Lana-Jane,1
,,,,825=,Landa,1
,,,,825=,Lanna,1
,,,,825=,Larissa,1
,,,,825=,Laura-Ann,1
,,,,825=,Laura-Jane,1
,,,,825=,Laureen,1
,,,,825=,Laurene,1
,,,,825=,Lauretta,1
,,,,825=,Laurie-Ann,1
,,,,825=,Laurie-Jane,1
,,,,825=,Lavina,1
,,,,825=,Lavindia,1
,,,,825=,Lawra,1
,,,,825=,Layna,1
,,,,825=,Leala,1
,,,,825=,Leanda,1
,,,,825=,Leanor,1
,,,,825=,Leeanna,1
,,,,825=,Leianne,1
,,,,825=,Leila,1
,,,,825=,Leisha,1
,,,,825=,Lene,1
,,,,825=,Leoncha,1
,,,,825=,Leonora,1
,,,,825=,Leontia,1
,,,,825=,Leorah,1
,,,,825=,Lesli,1
,,,,825=,Leya,1
,,,,825=,Li,1
,,,,825=,Lian,1
,,,,825=,Liana,1
,,,,825=,Licia,1
,,,,825=,Lidia,1
,,,,825=,Lilias,1
,,,,825=,Lillias,1
,,,,825=,Lina,1
,,,,825=,Linden,1
,,,,825=,Lindi,1
,,,,825=,Lindy,1
,,,,825=,Linnea,1
,,,,825=,Linnsey,1
,,,,825=,Linzee,1
,,,,825=,Lisa-Anne,1
,,,,825=,Lise,1
,,,,825=,Liska,1
,,,,825=,Lissa-Anne,1
,,,,825=,Lita,1
,,,,825=,Liv,1
,,,,825=,Llawanda,1
,,,,825=,Lleana,1
,,,,825=,Loanna,1
,,,,825=,Loma,1
,,,,825=,Loranda,1
,,,,825=,Lorann,1
,,,,825=,Loreen,1
,,,,825=,Loren,1
,,,,825=,Lorenna,1
,,,,825=,Lorenza,1
,,,,825=,Lorien,1
,,,,825=,Lorraine-Ann,1
,,,,825=,Lorrainne,1
,,,,825=,Lorrelle,1
,,,,825=,Lorrette,1
,,,,825=,Louana,1
,,,,825=,Lourdes,1
,,,,825=,Lubna,1
,,,,825=,Lucienne,1
,,,,825=,Lucilla-Anne,1
,,,,825=,Lucita,1
,,,,825=,Lucy-Dawn,1
,,,,825=,Lulu,1
,,,,825=,Lyeona,1
,,,,825=,Lynda-Ann,1
,,,,825=,Lynden,1
,,,,825=,Lyndsey-Anne,1
,,,,825=,Lyndsy,1
,,,,825=,Lyndzey,1
,,,,825=,Lynell,1
,,,,825=,Lynetta,1
,,,,825=,Lynis,1
,,,,825=,Lynn-Ann,1
,,,,825=,Lynn-Marie,1
,,,,825=,Lynnda,1
,,,,825=,Lynne-Maree,1
,,,,825=,Lynnsay,1
,,,,825=,Lynzi,1
,,,,825=,Lysette,1
,,,,825=,Mabel,1
,,,,825=,Machala,1
,,,,825=,Madelaine,1
,,,,825=,Madge,1
,,,,825=,Madonna,1
,,,,825=,Magdalene,1
,,,,825=,Magella,1
,,,,825=,Maggie,1
,,,,825=,Maha,1
,,,,825=,Maire,1
,,,,825=,Mairead,1
,,,,825=,Mairi-Anne,1
,,,,825=,Mairi-Clare,1
,,,,825=,Mairi-Jose,1
,,,,825=,Mairidh,1
,,,,825=,Mairie,1
,,,,825=,Maleen,1
,,,,825=,Malika,1
,,,,825=,Malina,1
,,,,825=,Man,1
,,,,825=,Mandalean,1
,,,,825=,Mandi,1
,,,,825=,Manjeet,1
,,,,825=,Manjit,1
,,,,825=,Mara,1
,,,,825=,Marag,1
,,,,825=,Maralyn,1
,,,,825=,Maranda,1
,,,,825=,Marc,1
,,,,825=,Marceline,1
,,,,825=,Mardi,1
,,,,825=,Marelle,1
,,,,825=,Margarita,1
,,,,825=,Margret,1
,,,,825=,Margueritte,1
,,,,825=,Maria-Claire,1
,,,,825=,Mariam,1
,,,,825=,Marice,1
,,,,825=,Mariclare,1
,,,,825=,Marie-Anne,1
,,,,825=,Marie-Louise,1
,,,,825=,Marie-Terese,1
,,,,825=,Marieanne,1
,,,,825=,Mariebeth,1
,,,,825=,Marieke,1
,,,,825=,Mariessa,1
,,,,825=,Marietta,1
,,,,825=,Marihi,1
,,,,825=,Marilena,1
,,,,825=,Marilin,1
,,,,825=,Marisia,1
,,,,825=,Marita,1
,,,,825=,Mark,1
,,,,825=,Marlaine,1
,,,,825=,Marlena,1
,,,,825=,Marliese,1
,,,,825=,Marni,1
,,,,825=,Marri,1
,,,,825=,Marrianne,1
,,,,825=,Marriette,1
,,,,825=,Martina,1
,,,,825=,Marvyn,1
,,,,825=,Mary-Ann,1
,,,,825=,Maryellen,1
,,,,825=,Marylin,1
,,,,825=,Maryrose,1
,,,,825=,Maura,1
,,,,825=,Mauren,1
,,,,825=,Mauricia,1
,,,,825=,Maysan,1
,,,,825=,Mazina,1
,,,,825=,Meena,1
,,,,825=,Mei,1
,,,,825=,Melanie-Jo,1
,,,,825=,Melisa,1
,,,,825=,Melissa-Jane,1
,,,,825=,Melisse,1
,,,,825=,Mellisa,1
,,,,825=,Melodie,1
,,,,825=,Melony,1
,,,,825=,Mercedes,1
,,,,825=,Meri,1
,,,,825=,Merle,1
,,,,825=,Meryl,1
,,,,825=,Mhairi-Louise,1
,,,,825=,Mharee,1
,,,,825=,Mharie,1
,,,,825=,Mhoraig,1
,,,,825=,Mhuiri,1
,,,,825=,Mia,1
,,,,825=,Miacalla,1
,,,,825=,Micha,1
,,,,825=,Michael,1
,,,,825=,Michal,1
,,,,825=,Michelle-Louise,1
,,,,825=,Mikaela,1
,,,,825=,Mikah,1
,,,,825=,Mirsa,1
,,,,825=,Misbah,1
,,,,825=,Mitali,1
,,,,825=,Mizanah,1
,,,,825=,Mohua,1
,,,,825=,Molly,1
,,,,825=,Monalee,1
,,,,825=,Morag-Ann,1
,,,,825=,Moray,1
,,,,825=,Morvern,1
,,,,825=,Mousumi,1
,,,,825=,Moyna,1
,,,,825=,Mu,1
,,,,825=,Mumtaj,1
,,,,825=,Muriam,1
,,,,825=,Muttahera,1
,,,,825=,Nabia,1
,,,,825=,Nadean,1
,,,,825=,Nadera,1
,,,,825=,Nagina,1
,,,,825=,Naheed,1
,,,,825=,Nahied,1
,,,,825=,Nahla,1
,,,,825=,Nancie,1
,,,,825=,Nanette,1
,,,,825=,Narrinder,1
,,,,825=,Naseen,1
,,,,825=,Natalee,1
,,,,825=,Natali,1
,,,,825=,Nathalie,1
,,,,825=,Nattasha,1
,,,,825=,Nawal,1
,,,,825=,Nayyara,1
,,,,825=,Neilla,1
,,,,825=,Nell,1
,,,,825=,Nerina,1
,,,,825=,Nesreen,1
,,,,825=,Netta,1
,,,,825=,Neva,1
,,,,825=,Ngaere,1
,,,,825=,Niamh,1
,,,,825=,Niccola,1
,,,,825=,Nicholle,1
,,,,825=,Nickola,1
,,,,825=,Nico,1
,,,,825=,Nicola-Ann,1
,,,,825=,Nighat,1
,,,,825=,Nilam,1
,,,,825=,Nina-Louise,1
,,,,825=,Nina-Marie,1
,,,,825=,Niona,1
,,,,825=,Nirelle,1
,,,,825=,Nirjeet,1
,,,,825=,Nisha,1
,,,,825=,Noida,1
,,,,825=,Nonie,1
,,,,825=,Noraida,1
,,,,825=,Nureen,1
,,,,825=,Nurul-Dinah,1
,,,,825=,Nvinder,1
,,,,825=,Oi,1
,,,,825=,Ola,1
,,,,825=,Olutokunbo,1
,,,,825=,Olwen,1
,,,,825=,Olwen-Margaret,1
,,,,825=,Omah,1
,,,,825=,Omarana,1
,,,,825=,Omolara,1
,,,,825=,Onah,1
,,,,825=,Oona,1
,,,,825=,Opal,1
,,,,825=,Orlanda,1
,,,,825=,Ottavia,1
,,,,825=,Ousmah,1
,,,,825=,Paige,1
,,,,825=,Pamela-Jane,1
,,,,825=,Parmjit,1
,,,,825=,Patience,1
,,,,825=,Patsy,1
,,,,825=,Pau,1
,,,,825=,Paulette,1
,,,,825=,Paulina,1
,,,,825=,Paulla,1
,,,,825=,Pearl,1
,,,,825=,Peigi,1
,,,,825=,Petrea,1
,,,,825=,Petrina,1
,,,,825=,Pheona,1
,,,,825=,Phillipa,1
,,,,825=,Philomena,1
,,,,825=,Pippa,1
,,,,825=,Piu,1
,,,,825=,Pollyanna,1
,,,,825=,Polyxeni,1
,,,,825=,Prakash,1
,,,,825=,Pratima,1
,,,,825=,Preete,1
,,,,825=,Preetie,1
,,,,825=,Primrose,1
,,,,825=,Priscilla,1
,,,,825=,Pui,1
,,,,825=,Rachelle,1
,,,,825=,Rachol,1
,,,,825=,Rafet,1
,,,,825=,Ragan,1
,,,,825=,Rahana,1
,,,,825=,Rahna,1
,,,,825=,Raina,1
,,,,825=,Rajvinder,1
,,,,825=,Raminder,1
,,,,825=,Ramona,1
,,,,825=,Ranbir,1
,,,,825=,Randa,1
,,,,825=,Rania,1
,,,,825=,Ranjana,1
,,,,825=,Ranjit,1
,,,,825=,Ranjna,1
,,,,825=,Rasalila,1
,,,,825=,Rashvinder,1
,,,,825=,Rawya,1
,,,,825=,Raychelle,1
,,,,825=,Razwana,1
,,,,825=,Reah,1
,,,,825=,Rechelle,1
,,,,825=,Reisha,1
,,,,825=,Reja,1
,,,,825=,Remmea,1
,,,,825=,Rena,1
,,,,825=,Renae,1
,,,,825=,Rennie,1
,,,,825=,Reo,1
,,,,825=,Reva,1
,,,,825=,Rhalina,1
,,,,825=,Rhian,1
,,,,825=,Rhodina,1
,,,,825=,Rhuna,1
,,,,825=,Ria,1
,,,,825=,Ribena,1
,,,,825=,Riem,1
,,,,825=,Rikki,1
,,,,825=,Riley,1
,,,,825=,Riona,1
,,,,825=,Riti,1
,,,,825=,Rochelle,1
,,,,825=,Rohena,1
,,,,825=,Roma,1
,,,,825=,Romaine,1
,,,,825=,Romi,1
,,,,825=,Rosa,1
,,,,825=,Rosalynd,1
,,,,825=,Rosalynn,1
,,,,825=,Rosalynne,1
,,,,825=,Rosann,1
,,,,825=,Roseanna,1
,,,,825=,Rosemaree,1
,,,,825=,Rosetta,1
,,,,825=,Rosilynne,1
,,,,825=,Rozina,1
,,,,825=,Rozwana,1
,,,,825=,Rula,1
,,,,825=,Rupinder,1
,,,,825=,Ruth-Ella,1
,,,,825=,Sabeen,1
,,,,825=,Sabra,1
,,,,825=,Sabrina,1
,,,,825=,Sadiya,1
,,,,825=,Saeeda,1
,,,,825=,Safia,1
,,,,825=,Safura,1
,,,,825=,Sahbia,1
,,,,825=,Sahra,1
,,,,825=,Said,1
,,,,825=,Sajida,1
,,,,825=,Sajidah,1
,,,,825=,Saklan,1
,,,,825=,Saleena,1
,,,,825=,Salena,1
,,,,825=,Sally-Jane,1
,,,,825=,Samantha-Jane,1
,,,,825=,Samia,1
,,,,825=,Sana,1
,,,,825=,Sancher,1
,,,,825=,Sandi,1
,,,,825=,Sandie,1
,,,,825=,Santosh,1
,,,,825=,Santoush,1
,,,,825=,Sara-Lea,1
,,,,825=,Sara-Leigh,1
,,,,825=,Sarah-Lee,1
,,,,825=,Sarai,1
,,,,825=,Sarajane,1
,,,,825=,Sarana,1
,,,,825=,Sarann,1
,,,,825=,Sarbjit,1
,,,,825=,Sarene,1
,,,,825=,Saria,1
,,,,825=,Sasha-Lee,1
,,,,825=,Satya,1
,,,,825=,Saukin,1
,,,,825=,Saunya,1
,,,,825=,Sean,1
,,,,825=,Sebastienne,1
,,,,825=,Sejal,1
,,,,825=,Selene,1
,,,,825=,Seonaidh,1
,,,,825=,Serah,1
,,,,825=,Sercha,1
,,,,825=,Sereece,1
,,,,825=,Serenella,1
,,,,825=,Serina,1
,,,,825=,Severine,1
,,,,825=,Shabena,1
,,,,825=,Shadda,1
,,,,825=,Shaeen,1
,,,,825=,Shafina,1
,,,,825=,Shagufta,1
,,,,825=,Shaheen,1
,,,,825=,Shahma,1
,,,,825=,Shahnaz,1
,,,,825=,Shailee,1
,,,,825=,Shanela,1
,,,,825=,Shani,1
,,,,825=,Shanida,1
,,,,825=,Shanna,1
,,,,825=,Shannon,1
,,,,825=,Shanon,1
,,,,825=,Shara,1
,,,,825=,Sharalee,1
,,,,825=,Sharan,1
,,,,825=,Sharda,1
,,,,825=,Sharee,1
,,,,825=,Shareen,1
,,,,825=,Sharell,1
,,,,825=,Sharlaine,1
,,,,825=,Sharlotte,1
,,,,825=,Sharmila,1
,,,,825=,Sharyl,1
,,,,825=,Shashi,1
,,,,825=,Sheela,1
,,,,825=,Sheema,1
,,,,825=,Sheemi,1
,,,,825=,Sheevaun,1
,,,,825=,Shehla,1
,,,,825=,Shehnaz,1
,,,,825=,Shelach,1
,,,,825=,Shell,1
,,,,825=,Shelley-Anne,1
,,,,825=,Shellie,1
,,,,825=,Sheonad,1
,,,,825=,Sherbanu,1
,,,,825=,Sherilyn,1
,,,,825=,Sherita,1
,,,,825=,Sherlene,1
,,,,825=,Sherrill,1
,,,,825=,Sherrol,1
,,,,825=,Shezana,1
,,,,825=,Shian,1
,,,,825=,Shira,1
,,,,825=,Shiralee,1
,,,,825=,Shirelle,1
,,,,825=,Shirlee,1
,,,,825=,Shirley-Ann,1
,,,,825=,Shiulee,1
,,,,825=,Shonaidh,1
,,,,825=,Shoosha,1
,,,,825=,Shore,1
,,,,825=,Shubnam,1
,,,,825=,Shui,1
,,,,825=,Shulagh,1
,,,,825=,Shuna,1
,,,,825=,Sianne,1
,,,,825=,Sie,1
,,,,825=,Sigrun,1
,,,,825=,Simah,1
,,,,825=,Sindy,1
,,,,825=,Sinead,1
,,,,825=,Siovion,1
,,,,825=,Siranne,1
,,,,825=,Sita,1
,,,,825=,Sital,1
,,,,825=,Siu,1
,,,,825=,Skheela,1
,,,,825=,Skye,1
,,,,825=,Slaron,1
,,,,825=,Smitha,1
,,,,825=,Soenaid,1
,,,,825=,Soha,1
,,,,825=,Soibhan,1
,,,,825=,Soma,1
,,,,825=,Sonaia,1
,,,,825=,Sonia-Lee,1
,,,,825=,Sonya-Lucia,1
,,,,825=,Soolav,1
,,,,825=,Sophina,1
,,,,825=,Soraya,1
,,,,825=,Sorcha,1
,,,,825=,Soroya,1
,,,,825=,Sorrell,1
,,,,825=,Stefani,1
,,,,825=,Steffana,1
,,,,825=,Stephnie,1
,,,,825=,Subahet,1
,,,,825=,Suk,1
,,,,825=,Sukvant,1
,,,,825=,Suleena,1
,,,,825=,Sumantha,1
,,,,825=,Summer,1
,,,,825=,Surbjit,1
,,,,825=,Susan-Maura,1
,,,,825=,Susie,1
,,,,825=,Suzan,1
,,,,825=,Suzana,1
,,,,825=,Suzanna,1
,,,,825=,Suzette,1
,,,,825=,Suzi,1
,,,,825=,Suzy,1
,,,,825=,Swarn,1
,,,,825=,Sybil,1
,,,,825=,Symantha,1
,,,,825=,Syt,1
,,,,825=,Tabitha,1
,,,,825=,Tahirk,1
,,,,825=,Taiba,1
,,,,825=,Talena,1
,,,,825=,Tama,1
,,,,825=,Tamaragh,1
,,,,825=,Tamazin,1
,,,,825=,Tammy-Lynn,1
,,,,825=,Tamsen,1
,,,,825=,Tana,1
,,,,825=,Tanveet,1
,,,,825=,Tarn,1
,,,,825=,Tasneem,1
,,,,825=,Teela,1
,,,,825=,Teerth,1
,,,,825=,Temora,1
,,,,825=,Teraessa,1
,,,,825=,Tereze,1
,,,,825=,Terra,1
,,,,825=,Thania,1
,,,,825=,Thanoi,1
,,,,825=,Thea,1
,,,,825=,Theodora,1
,,,,825=,Tia,1
,,,,825=,Tia-Dawn,1
,,,,825=,Tiffany,1
,,,,825=,Tine,1
,,,,825=,Tracey-Ann,1
,,,,825=,Traceyanne,1
,,,,825=,Tracie,1
,,,,825=,Tracyann,1
,,,,825=,Trina,1
,,,,825=,Trisha,1
,,,,825=,Trishna,1
,,,,825=,Trudie,1
,,,,825=,Tsui,1
,,,,825=,Tuskeen,1
,,,,825=,Tye,1
,,,,825=,Tyrina,1
,,,,825=,Tzana,1
,,,,825=,Uchemna,1
,,,,825=,Uchenna,1
,,,,825=,Ugochuku,1
,,,,825=,Una,1
,,,,825=,Usha,1
,,,,825=,Uzoamaka,1
,,,,825=,Vaila,1
,,,,825=,Valda,1
,,,,825=,Valene,1
,,,,825=,Valli,1
,,,,825=,Varina,1
,,,,825=,Varri,1
,,,,825=,Varrie,1
,,,,825=,Verna,1
,,,,825=,Veronicka,1
,,,,825=,Vharri,1
,,,,825=,Vian,1
,,,,825=,Victoria-Jayne,1
,,,,825=,Viktoria,1
,,,,825=,Vina,1
,,,,825=,Vivian-Anne,1
,,,,825=,Viviane,1
,,,,825=,Vivianne,1
,,,,825=,Vlasta,1
,,,,825=,Wafa,1
,,,,825=,Wah,1
,,,,825=,Wanda,1
,,,,825=,Weena,1
,,,,825=,Wenda,1
,,,,825=,Wendi,1
,,,,825=,Wendy-Jane,1
,,,,825=,William,1
,,,,825=,Wilma-Jane,1
,,,,825=,Winifred,1
,,,,825=,Wyn,1
,,,,825=,Yaimarie,1
,,,,825=,Yanna,1
,,,,825=,Yasmene,1
,,,,825=,Yasmina,1
,,,,825=,Yat,1
,,,,825=,Yee,1
,,,,825=,Yekta,1
,,,,825=,Yi,1
,,,,825=,Yulanda,1
,,,,825=,Yva,1
,,,,825=,Yvonne-Marie,1
,,,,825=,Zahda,1
,,,,825=,Zakia,1
,,,,825=,Zana,1
,,,,825=,Zareen,1
,,,,825=,Zaria,1
,,,,825=,Zehba,1
,,,,825=,Zeina,1
,,,,825=,Zeinah,1
,,,,825=,Zenna,1
,,,,825=,Zenobia,1
,,,,825=,Zephyrina,1
,,,,825=,Zita,1
,,,,825=,Zowie,1
,,,,,,
� Crown Copyright 2015,,,,,,
