Babies' first forenames: births registered in Scotland in 1983,,,,,,
,,,,,,
Information about the basis of the list can be found via the 'Babies' First Names' page on the National Records of Scotland website.,,,,,,
,,,,,,
Boys,,,,Girls,,
,,,,,,
Position,Name,Number of babies,,Position,Name,Number of babies
1,David,1891,,1,Laura,1215
2,Christopher,1374,,2,Claire,985
3,Andrew,1275,,3,Nicola,810
4,John,1260,,4,Jennifer,741
5,James,1156,,5,Louise,684
6,Craig,992,,6,Sarah,644
7,Steven,950,,7,Lisa,621
8,Paul,901,,8,Michelle,601
9,Michael,768,,9,Emma,580
10,Scott,740,,10,Fiona,456
11,Robert,721,,11,Karen,450
12,Mark,719,,12,Gillian,448
13,William,658,,13,Gemma,437
14,Kevin,657,,14,Kirsty,435
15,Stuart,641,,15,Lynsey,360
16,Stephen,584,,16,Victoria,355
17,Alan,562,,17,Donna,352
18,Gary,522,,18,Kelly,341
19,Ross,509,,19,Susan,307
20,Colin,467,,20,Julie,289
21,Richard,451,,21,Angela,280
22,Martin,446,,22,Pamela,268
23,Thomas,401,,23,Leanne,267
24,Neil,393,,24,Amanda,259
25,Ryan,372,,25,Joanne,253
26,Graeme,343,,26,Alison,251
27,Brian,341,,27,Caroline,244
28,Peter,335,,28,Heather,243
29,Gordon,321,,29,Jacqueline,234
30=,Darren,316,,30,Suzanne,230
30=,Ian,316,,31,Stephanie,226
32,Jamie,305,,32=,Catherine,205
33=,Alexander,303,,32=,Elaine,205
33=,Iain,303,,34,Natalie,201
35,Graham,284,,35=,Lynne,194
36,Barry,278,,35=,Stacey,194
37=,Allan,266,,37,Lindsay,189
37=,Jonathan,266,,38,Lauren,187
39,Daniel,257,,39,Cheryl,186
40,Gavin,251,,40,Elizabeth,185
41,Derek,238,,41=,Deborah,184
42,Kenneth,235,,41=,Lesley,184
43,Sean,214,,43=,Kerry,183
44,Matthew,211,,43=,Lorna,183
45,Lee,200,,45=,Charlene,178
46,George,183,,45=,Sharon,178
47,Nicholas,176,,47,Lorraine,175
48=,Anthony,174,,48,Lynn,170
48=,Stewart,174,,49,Amy,165
50,Fraser,166,,50,Tracy,159
51,Douglas,160,,51=,Clare,158
52,Keith,159,,51=,Rebecca,158
53,Joseph,149,,53,Debbie,153
54,Grant,145,,54,Samantha,148
55,Marc,134,,55=,Kimberley,145
56,Adam,127,,55=,Rachel,145
57,Simon,123,,57,Yvonne,142
58,Alistair,120,,58,Helen,140
59,Garry,118,,59,Margaret,139
60,Alastair,116,,60,Carol,136
61,Bryan,113,,61,Christine,125
62,Liam,109,,62,Diane,120
63,Jason,107,,63,Linda,115
64=,Duncan,106,,64=,Ashley,114
64=,Euan,106,,64=,Dawn,114
66,Charles,105,,64=,Paula,114
67,Greg,103,,67=,Marie,112
68=,Edward,102,,67=,Pauline,112
68=,Philip,102,,69,Danielle,108
70=,Russell,96,,70,Anna,106
70=,Shaun,96,,71=,Hazel,104
72,Gareth,93,,71=,Jill,104
73,Ewan,92,,73,Shona,102
74,Calum,89,,74,Catriona,100
75,Callum,86,,75,Jane,96
76,Donald,84,,76=,Kim,94
77=,Cameron,81,,76=,Mhairi,94
77=,Raymond,81,,78=,Anne,93
79,Patrick,80,,78=,Tracey,93
80,Alasdair,79,,80=,Hayley,91
81,Dean,70,,80=,Lyndsey,91
82,Greig,67,,80=,Sara,91
83,Lewis,66,,83,Melissa,90
84,Benjamin,65,,84=,Kathryn,89
85,Malcolm,62,,84=,Lyndsay,89
86,Niall,60,,86=,Lucy,87
87,Gerard,58,,86=,Ruth,87
88,Martyn,54,,88,Mary,83
89,Jordan,52,,89=,Andrea,80
90=,Aaron,50,,89=,Lindsey,80
90=,Francis,50,,91,Denise,78
92,Hugh,49,,92,Joanna,77
93=,Gregor,48,,93,Alana,76
93=,Mohammed,48,,94,Adele,69
95,Robin,47,,95,Kathleen,68
96,Samuel,46,,96,Melanie,67
97=,Angus,43,,97=,Christina,66
97=,Bruce,43,,97=,Hannah,66
99,Kris,40,,97=,Kirsten,66
100,Ronald,39,,97=,Siobhan,66
101=,Dale,37,,101=,Carrie,65
101=,Rory,37,,101=,Katherine,65
103=,Dominic,35,,103,Emily,64
103=,Jon,35,,104,Gayle,63
105,Blair,34,,105=,Gail,62
106,Kyle,33,,105=,Jillian,62
107=,Brendan,32,,107,Eilidh,61
107=,Kristopher,32,,108=,Arlene,60
107=,Murray,32,,108=,Katie,60
110=,Timothy,29,,108=,Katrina,60
110=,Wayne,29,,108=,Kimberly,60
112,Roderick,28,,108=,Lee,60
113=,Adrian,26,,113,Ann,59
113=,Gerald,26,,114,Zoe,58
113=,Luke,26,,115=,Mandy,57
113=,Owen,26,,115=,Nicole,57
113=,Roy,26,,115=,Vicki,57
118,Oliver,24,,118,Carolyn,56
119=,Antony,23,,119,Natasha,55
119=,Jack,23,,120,Leigh,53
119=,Kieran,23,,121,Stacy,52
119=,Kristofer,23,,122=,Erin,51
119=,Mohammad,23,,122=,Maria,51
124,Eric,22,,124=,Charlotte,50
125=,Barrie,21,,124=,Vicky,50
125=,Ben,21,,126,Jemma,49
125=,Daryl,21,,127=,Ashleigh,48
125=,Nicky,21,,127=,Frances,48
125=,Terry,21,,127=,Lianne,48
130=,Drew,20,,127=,Linsey,48
130=,Tony,20,,131,Wendy,47
132=,Kristoffer,18,,132,Rhona,46
132=,Rikki,18,,133=,Lynda,45
132=,Robbie,18,,133=,Rachael,45
135=,Glen,17,,135,Mairi,44
135=,Gregory,17,,136=,Jade,43
135=,Henry,17,,136=,Judith,43
135=,Phillip,17,,138=,Alexis,41
139=,Alex,16,,138=,Jodie,41
139=,Frazer,16,,138=,Julia,41
139=,Lawrence,16,,138=,Lynsay,41
142=,Campbell,15,,142=,Kate,39
142=,Damien,15,,142=,Naomi,39
142=,Darryl,15,,144=,Eleanor,38
142=,Hamish,15,,144=,Janet,38
142=,Johnathan,15,,144=,Leeanne,38
147=,Alister,14,,144=,Patricia,38
147=,Allen,14,,148=,Aileen,37
147=,Billy,14,,148=,Clair,37
147=,Ewen,14,,150=,Alexandra,36
147=,Frank,14,,150=,Leeann,36
147=,Nathan,14,,150=,Louisa,36
147=,Ricky,14,,150=,Marion,36
147=,Terence,14,,154,Vikki,35
155=,Brett,13,,155=,Cara,34
155=,Fergus,13,,155=,Carly,34
155=,Imran,13,,155=,Dionne,34
155=,Jay,13,,155=,Kirstin,34
155=,Lindsay,13,,155=,Leah,34
155=,Norman,13,,155=,Shelley,34
161=,Ali,12,,161,Nikki,33
161=,Damian,12,,162,Isla,32
161=,Derrick,12,,163=,Allison,31
161=,Elliot,12,,163=,Jenna,31
161=,Kirk,12,,163=,Morag,31
161=,Leon,12,,163=,Sandra,31
161=,Mathew,12,,167=,Alice,30
161=,Tom,12,,167=,Eileen,30
161=,Vincent,12,,167=,Lee-Anne,30
170=,Ciaran,11,,167=,Nichola,30
170=,Danny,11,,171=,Holly,29
170=,Finlay,11,,171=,Jaclyn,29
170=,Harry,11,,171=,Katy,29
170=,Julian,11,,174=,Aimee,27
170=,Justin,11,,174=,Evelyn,27
170=,Marcus,11,,176=,Marianne,26
170=,Trevor,11,,176=,Rosemary,26
178=,Arthur,10,,176=,Valerie,26
178=,Evan,10,,179=,Audrey,25
178=,Glenn,10,,179=,Geraldine,25
178=,Jeffrey,10,,179=,Lara,25
178=,Jeremy,10,,179=,Linzi,25
178=,Jonathon,10,,179=,Sally,25
178=,Kerr,10,,184=,Carla,24
185=,Bobby,9,,184=,Hilary,24
185=,Geoffrey,9,,184=,Iona,24
185=,Gregg,9,,184=,Kay,24
185=,Guy,9,,184=,Maureen,24
185=,Joel,9,,184=,Susanne,24
185=,Joshua,9,,184=,Tammy,24
185=,Karl,9,,184=,Veronica,24
185=,Keir,9,,192=,Barbara,23
185=,Leslie,9,,192=,Colette,23
185=,Louis,9,,192=,Janine,23
185=,Muhammad,9,,192=,Jayne,23
185=,Sam,9,,192=,Kara,23
185=,Shane,9,,192=,Kerri,23
198=,Abdul,8,,192=,Kerrie,23
198=,Ashley,8,,199=,Annette,22
198=,Carl,8,,199=,Bernadette,22
198=,Crawford,8,,199=,Debra,22
198=,Innes,8,,199=,Irene,22
198=,Leigh,8,,199=,Jenny,22
198=,Marco,8,,199=,Kirsteen,22
198=,Neal,8,,199=,Shirley,22
198=,Nicolas,8,,199=,Stefanie,22
198=,Nikki,8,,207=,Grace,21
198=,Stefan,8,,207=,Lyn,21
198=,Struan,8,,207=,Nadia,21
210=,Alisdair,7,,207=,Sarah-Jane,21
210=,Darran,7,,207=,Sheryl,21
210=,Denis,7,,207=,Tanya,21
210=,Dylan,7,,213=,Ailsa,20
210=,Kevan,7,,213=,Beverley,20
210=,Laurie,7,,213=,Carole,20
210=,Murdo,7,,213=,Chloe,20
210=,Neale,7,,213=,Jessica,20
210=,Omar,7,,213=,Leona,20
210=,Sandy,7,,213=,Lynette,20
210=,Steve,7,,213=,Sonia,20
210=,Walter,7,,213=,Theresa,20
222=,Ahmed,6,,222=,Dee,19
222=,Aidan,6,,222=,Maxine,19
222=,Albert,6,,222=,Nadine,19
222=,Chi,6,,222=,Selina,19
222=,Clark,6,,222=,Sophie,19
222=,Darrell,6,,227=,Alyson,18
222=,Dennis,6,,227=,Johanna,18
222=,Desmond,6,,227=,Lori,18
222=,Don,6,,227=,Morven,18
222=,Edwin,6,,231=,Ainsley,17
222=,Frederick,6,,231=,Dianne,17
222=,Jeff,6,,231=,Janice,17
222=,Kieron,6,,231=,Lee-Ann,17
222=,Laurence,6,,231=,Sheena,17
222=,Leo,6,,231=,Sian,17
222=,Lloyd,6,,237=,Alanna,16
222=,Maxwell,6,,237=,Colleen,16
222=,Mitchell,6,,237=,Dana,16
222=,Ralph,6,,237=,Lana,16
222=,Ramsay,6,,237=,Michele,16
222=,Usman,6,,242=,Ann-Marie,15
243=,Ahmad,5,,242=,Avril,15
243=,Anton,5,,242=,Diana,15
243=,Archibald,5,,242=,Jan,15
243=,Austin,5,,242=,Jody,15
243=,Bernard,5,,242=,June,15
243=,Bradley,5,,242=,Laurie,15
243=,Chris,5,,242=,Monica,15
243=,Daren,5,,242=,Nina,15
243=,Elliott,5,,242=,Simone,15
243=,Eoghan,5,,242=,Tina,15
243=,Faisal,5,,242=,Toni,15
243=,Jackson,5,,254=,Abigail,14
243=,Jim,5,,254=,Ellen,14
243=,Jody,5,,254=,Erica,14
243=,Johnny,5,,254=,Eve,14
243=,Lance,5,,254=,Isobel,14
243=,Leonard,5,,254=,Joan,14
243=,Magnus,5,,254=,Jolene,14
243=,Max,5,,254=,Katharine,14
243=,Mohamad,5,,254=,Roslyn,14
243=,Moray,5,,254=,Sharlene,14
243=,Myles,5,,254=,Teresa,14
243=,Ricardo,5,,265=,Anne-Marie,13
243=,Roddy,5,,265=,Carol-Anne,13
243=,Ruairidh,5,,265=,Janette,13
243=,Ruaraidh,5,,265=,Kirstie,13
243=,Ruaridh,5,,265=,Moira,13
243=,Sandeep,5,,270=,Allana,12
243=,Sebastian,5,,270=,Annmarie,12
243=,Spencer,5,,270=,Candice,12
243=,Victor,5,,270=,Crystal,12
243=,Warren,5,,270=,Faye,12
243=,Wilson,5,,270=,Jodi,12
276=,Abdullah,4,,270=,Karin,12
276=,Amit,4,,270=,Krystal,12
276=,Andre,4,,270=,Lesley-Anne,12
276=,Antonio,4,,270=,Lois,12
276=,Arron,4,,270=,Rosalind,12
276=,Brent,4,,281=,Alicia,11
276=,Calvin,4,,281=,Amber,11
276=,Darrin,4,,281=,Cassandra,11
276=,Daryll,4,,281=,Francesca,11
276=,Eoin,4,,281=,Georgina,11
276=,Gilbert,4,,281=,Jean,11
276=,Glyn,4,,281=,Josephine,11
276=,Grahame,4,,281=,Joyce,11
276=,Hector,4,,281=,Karyn,11
276=,Howard,4,,281=,Liza,11
276=,Jackie,4,,281=,Sandie,11
276=,Jacob,4,,281=,Tara,11
276=,Jaime,4,,293=,Amie,10
276=,Kasim,4,,293=,Anita,10
276=,Kristofor,4,,293=,Antonia,10
276=,Man,4,,293=,Charmaine,10
276=,Mario,4,,293=,Collette,10
276=,Maurice,4,,293=,Haley,10
276=,Nadeem,4,,293=,Joy,10
276=,Naveed,4,,293=,Karina,10
276=,Neill,4,,293=,Kellie,10
276=,Nigel,4,,293=,Liane,10
276=,Richie,4,,293=,Nancy,10
276=,Ritchie,4,,293=,Philippa,10
276=,Rodney,4,,293=,Shazia,10
276=,Roger,4,,293=,Sheila,10
276=,Roland,4,,293=,Sheree,10
276=,Ronan,4,,293=,Sonya,10
276=,Shakeel,4,,309=,Catrina,9
276=,Steffan,4,,309=,Corinne,9
276=,Syed,4,,309=,Jocelyn,9
276=,Taylor,4,,309=,Kelly-Anne,9
276=,Wai,4,,309=,Kylie,9
314=,Adnan,3,,309=,Lynnette,9
314=,Alec,3,,309=,Mhari,9
314=,Alessandro,3,,309=,Miriam,9
314=,Alun,3,,309=,Robyn,9
314=,Anas,3,,309=,Rose,9
314=,Andreas,3,,309=,Sylvia,9
314=,Arfan,3,,309=,Vanessa,9
314=,Arran,3,,309=,Vivien,9
314=,Atholl,3,,309=,Vivienne,9
314=,Azeem,3,,323=,Allyson,8
314=,Bryce,3,,323=,Annemarie,8
314=,Bryon,3,,323=,April,8
314=,Clifford,3,,323=,Beth,8
314=,Dwayne,3,,323=,Brooke,8
314=,Edmund,3,,323=,Carina,8
314=,Erik,3,,323=,Carolanne,8
314=,Francesco,3,,323=,Cherie,8
314=,Garrie,3,,323=,Harriet,8
314=,Gerrard,3,,323=,Isabel,8
314=,Giancarlo,3,,323=,Kari,8
314=,Giles,3,,323=,Kaye,8
314=,Giovanni,3,,323=,Kelly-Ann,8
314=,Hardeep,3,,323=,Leigh-Anne,8
314=,Irfan,3,,323=,Linsay,8
314=,Jodie,3,,323=,Mari,8
314=,Joe,3,,323=,Marina,8
314=,Jordon,3,,323=,Marissa,8
314=,Kamran,3,,323=,Rona,8
314=,Kar,3,,323=,Rowan,8
314=,Kashif,3,,343=,Adelle,7
314=,Kelly,3,,343=,Agnes,7
314=,Kenny,3,,343=,Alexandria,7
314=,Kristian,3,,343=,Andrina,7
314=,Kwok,3,,343=,Annie,7
314=,Logan,3,,343=,Carolann,7
314=,Lorenzo,3,,343=,Claudia,7
314=,Lorne,3,,343=,Corrine,7
314=,Lyall,3,,343=,Daniela,7
314=,Mohamed,3,,343=,Dorothy,7
314=,Mohd,3,,343=,Esther,7
314=,Morgan,3,,343=,Felicity,7
314=,Nairn,3,,343=,Freya,7
314=,Noel,3,,343=,Gaynor,7
314=,Ray,3,,343=,Jackie,7
314=,Sami,3,,343=,Karla,7
314=,Shabaz,3,,343=,Krystle,7
314=,Shahbaz,3,,343=,Lindy,7
314=,Shawn,3,,343=,Ria,7
314=,Shazad,3,,343=,Roberta,7
314=,Stanley,3,,343=,Roseanne,7
314=,Tobias,3,,343=,Roxanne,7
314=,Tristan,3,,343=,Shonagh,7
314=,Waseem,3,,343=,Tamara,7
314=,Zachary,3,,343=,Yvette,7
314=,Zahid,3,,343=,Zara,7
369=,Abbas,2,,369=,Ailie,6
369=,Abrar,2,,369=,Bethan,6
369=,Adil,2,,369=,Bridget,6
369=,Ajay,2,,369=,Bryony,6
369=,Alexis,2,,369=,Camilla,6
369=,Allister,2,,369=,Carlene,6
369=,Allyn,2,,369=,Carmen,6
369=,Alyn,2,,369=,Carol-Ann,6
369=,Amar,2,,369=,Cassie,6
369=,Antoni,2,,369=,Coleen,6
369=,Ashleigh,2,,369=,Daniella,6
369=,Asim,2,,369=,Davina,6
369=,Barclay,2,,369=,Farzana,6
369=,Beau,2,,369=,Gael,6
369=,Benn,2,,369=,Gina,6
369=,Bilal,2,,369=,Isabella,6
369=,Bret,2,,369=,Jacklyn,6
369=,Byron,2,,369=,Jacqui,6
369=,Carlo,2,,369=,Johanne,6
369=,Cary,2,,369=,Julie-Anne,6
369=,Christian,2,,369=,Juliette,6
369=,Chun,2,,369=,Keira,6
369=,Ciaron,2,,369=,Kellyann,6
369=,Clarke,2,,369=,Kerry-Anne,6
369=,Clayton,2,,369=,Kristen,6
369=,Corey,2,,369=,Leann,6
369=,Corry,2,,369=,Leigh-Ann,6
369=,Davinder,2,,369=,Lesley-Ann,6
369=,Declan,2,,369=,Megan,6
369=,Derick,2,,369=,Morna,6
369=,Diarmid,2,,369=,Nazia,6
369=,Duane,2,,369=,Roisin,6
369=,Eamon,2,,369=,Sasha,6
369=,Eamonn,2,,369=,Shabana,6
369=,Edmond,2,,369=,Shelly,6
369=,Eli,2,,369=,Sinead,6
369=,Faraz,2,,369=,Teri,6
369=,Fergal,2,,369=,Terri,6
369=,Findlay,2,,369=,Tiffany,6
369=,Finn,2,,408=,Aisha,5
369=,Georg,2,,408=,Alexa,5
369=,Gideon,2,,408=,Belinda,5
369=,Giuseppe,2,,408=,Bianca,5
369=,Hasan,2,,408=,Carrie-Anne,5
369=,Hisham,2,,408=,Casey,5
369=,Hon,2,,408=,Cheryll,5
369=,Ivor,2,,408=,Constance,5
369=,Jacques,2,,408=,Cristina,5
369=,Jan,2,,408=,Elisa,5
369=,Jared,2,,408=,Erika,5
369=,Jean,2,,408=,Eva,5
369=,Jerry,2,,408=,Evonne,5
369=,Johnnathan,2,,408=,Fern,5
369=,Johnpaul,2,,408=,Georgia,5
369=,Jose,2,,408=,Jacquelyn,5
369=,Josef,2,,408=,Jaime,5
369=,Joss,2,,408=,Joann,5
369=,Juan,2,,408=,Keri,5
369=,Jun,2,,408=,Kristina,5
369=,Kai,2,,408=,Kristy,5
369=,Kehinde,2,,408=,Laura-Ann,5
369=,Khalid,2,,408=,Leonie,5
369=,Kham,2,,408=,Leslie,5
369=,Kin,2,,408=,Lisa-Marie,5
369=,Kok,2,,408=,Lucinda,5
369=,Lachlan,2,,408=,Lydia,5
369=,Levi,2,,408=,Marlene,5
369=,Louie,2,,408=,Nikola,5
369=,Luciano,2,,408=,Olivia,5
369=,Luigi,2,,408=,Rhea,5
369=,Malik,2,,408=,Rhiannon,5
369=,Manzoor,2,,408=,Rhonda,5
369=,Marshall,2,,408=,Rosanne,5
369=,Marwan,2,,408=,Saira,5
369=,Melville,2,,408=,Seonaid,5
369=,Miguel,2,,408=,Serena,5
369=,Morris,2,,408=,Sharleen,5
369=,Mustapha,2,,408=,Sophia,5
369=,Nicki,2,,408=,Stacie,5
369=,Nicol,2,,408=,Suzann,5
369=,Osman,2,,408=,Tammie,5
369=,Paolo,2,,408=,Tessa,5
369=,Pietro,2,,408=,Vhairi,5
369=,Qasim,2,,408=,Wai,5
369=,Raheel,2,,453=,Alia,4
369=,Raja,2,,453=,Amelia,4
369=,Rajeev,2,,453=,Annabel,4
369=,Rana,2,,453=,Asha,4
369=,Raymund,2,,453=,Asma,4
369=,Razwan,2,,453=,Beatrice,4
369=,Remo,2,,453=,Bonnie,4
369=,Reuben,2,,453=,Brenda,4
369=,Rhys,2,,453=,Camille,4
369=,Riccardo,2,,453=,Carlyn,4
369=,Rizwan,2,,453=,Caryn,4
369=,Robb,2,,453=,Debby,4
369=,Roberto,2,,453=,Elinor,4
369=,Ronny,2,,453=,Elspeth,4
369=,Rowan,2,,453=,Hailey,4
369=,Rudi,2,,453=,Heidi,4
369=,Sarfraz,2,,453=,Helena,4
369=,Scot,2,,453=,Ingrid,4
369=,Seamus,2,,453=,Iram,4
369=,Seth,2,,453=,Jamie,4
369=,Shahid,2,,453=,Janis,4
369=,Shezad,2,,453=,Jay,4
369=,Simeon,2,,453=,Jeanette,4
369=,Spence,2,,453=,Jemima,4
369=,Stephan,2,,453=,Jo,4
369=,Stevie,2,,453=,Jo-Anne,4
369=,Sulman,2,,453=,Johan,4
369=,Sunil,2,,453=,Joni,4
369=,Suraj,2,,453=,Jordana,4
369=,Tariq,2,,453=,Kerry-Ann,4
369=,Toby,2,,453=,Kristin,4
369=,Tommy,2,,453=,Laura-Jane,4
369=,Troy,2,,453=,Leanna,4
369=,Vishal,2,,453=,Leighann,4
369=,Vito,2,,453=,Leila,4
369=,Wallace,2,,453=,Lucie,4
369=,Wesley,2,,453=,Mairead,4
369=,Zak,2,,453=,Marcella,4
369=,Zohaib,2,,453=,Marcia,4
492=,Aamer,1,,453=,Maree,4
492=,Aaren,1,,453=,Marilyn,4
492=,Aarron,1,,453=,Martina,4
492=,Abbid,1,,453=,Mary-Anne,4
492=,Abdul-Karime,1,,453=,May,4
492=,Abduladeem,1,,453=,Miranda,4
492=,Abdulaziz,1,,453=,Myra,4
492=,Abdulla,1,,453=,Noor,4
492=,Abdulrahman,1,,453=,Penelope,4
492=,Abram,1,,453=,Rabia,4
492=,Adair,1,,453=,Rhoda,4
492=,Adedeji,1,,453=,Sadia,4
492=,Adeel,1,,453=,Saima,4
492=,Adham,1,,453=,Samina,4
492=,Adrees,1,,453=,Senga,4
492=,Adriano,1,,453=,Shereen,4
492=,Afzal,1,,453=,Stella,4
492=,Ahdul,1,,453=,Trudi,4
492=,Ainsley,1,,453=,Una,4
492=,Ainslie,1,,453=,Wilma,4
492=,Akmal,1,,512=,Abbie,3
492=,Alaa,1,,512=,Adrienne,3
492=,Alaister,1,,512=,Afton,3
492=,Aldo,1,,512=,Ailidh,3
492=,Aldous,1,,512=,Aimi,3
492=,Alfonso,1,,512=,Ainslie,3
492=,Alfred,1,,512=,Aislinn,3
492=,Alim,1,,512=,Ami,3
492=,Alphonsus,1,,512=,Anais,3
492=,Alston,1,,512=,Angie,3
492=,Alvin,1,,512=,Ariane,3
492=,Amandeep,1,,512=,Asia,3
492=,Amardeep,1,,512=,Aynsley,3
492=,Ameet,1,,512=,Beverly,3
492=,Amer,1,,512=,Billie,3
492=,Amerritjeet,1,,512=,Bushra,3
492=,Aminur,1,,512=,Carlynn,3
492=,Amireck,1,,512=,Carolynn,3
492=,Ammar,1,,512=,Caron,3
492=,Amrit,1,,512=,Carrie-Ann,3
492=,Anass,1,,512=,Celia,3
492=,Andres,1,,512=,Celine,3
492=,Andri,1,,512=,Chantelle,3
492=,Andros,1,,512=,Charlaine,3
492=,Andy,1,,512=,Cindy,3
492=,Angus-James,1,,512=,Connie,3
492=,Anik,1,,512=,Corrina,3
492=,Annand,1,,512=,Courtney,3
492=,Antoine,1,,512=,Dale,3
492=,Antonino,1,,512=,Deirdre,3
492=,Archie,1,,512=,Edith,3
492=,Arfaan,1,,512=,Elaina,3
492=,Aria,1,,512=,Elena,3
492=,Arif,1,,512=,Elise,3
492=,Armaan,1,,512=,Eloise,3
492=,Armen,1,,512=,Elsa,3
492=,Arminder,1,,512=,Emma-Louise,3
492=,Armond,1,,512=,Faith,3
492=,Arshid,1,,512=,Flora,3
492=,Aryan,1,,512=,Gabriella,3
492=,Asad,1,,512=,Gabrielle,3
492=,Ashrul,1,,512=,Genevieve,3
492=,Ashton,1,,512=,Genna,3
492=,Ashumantha,1,,512=,Imogen,3
492=,Asif,1,,512=,Jo-Ann,3
492=,Asows,1,,512=,Joleen,3
492=,Assam,1,,512=,Judy,3
492=,Atbaan,1,,512=,Julianne,3
492=,Atif,1,,512=,Juliet,3
492=,Atilay,1,,512=,Karolyn,3
492=,Atul,1,,512=,Karrie,3
492=,Augusto,1,,512=,Katey,3
492=,Aulay,1,,512=,Katriona,3
492=,Austen,1,,512=,Kelly-Marie,3
492=,Avik,1,,512=,Kellyanne,3
492=,Avinash,1,,512=,Kirstine,3
492=,Ayaz,1,,512=,Kristi,3
492=,Aylwyn,1,,512=,Kym,3
492=,Ayman,1,,512=,Laura-Anne,3
492=,Aymen,1,,512=,Laurene,3
492=,Aynsley,1,,512=,Leighanne,3
492=,Azad,1,,512=,Lena,3
492=,Azizul,1,,512=,Letitia,3
492=,Balfour,1,,512=,Lian,3
492=,Baljinder,1,,512=,Lianna,3
492=,Ballal,1,,512=,Lilian,3
492=,Balraj,1,,512=,Lillian,3
492=,Ban,1,,512=,Lisamarie,3
492=,Banjamin,1,,512=,Lora,3
492=,Barinder,1,,512=,Lorri,3
492=,Barnabas,1,,512=,Lynzi,3
492=,Barnaby,1,,512=,Madeleine,3
492=,Barray,1,,512=,Mariam,3
492=,Barry-John,1,,512=,Marisa,3
492=,Barry-Jon,1,,512=,Marlyn,3
492=,Barrymore,1,,512=,Martha,3
492=,Belal,1,,512=,Martine,3
492=,Benedict,1,,512=,Mary-Ann,3
492=,Bertie,1,,512=,Maryanne,3
492=,Bhavraj,1,,512=,Mechelle,3
492=,Biagio,1,,512=,Mellissa,3
492=,Bikram,1,,512=,Melody,3
492=,Bill,1,,512=,Michaela,3
492=,Billie,1,,512=,Noreen,3
492=,Bing,1,,512=,Norma,3
492=,Bjorn,1,,512=,Penny,3
492=,Blale,1,,512=,Priscilla,3
492=,Blyth,1,,512=,Pui,3
492=,Blythe,1,,512=,Ray,3
492=,Bobak,1,,512=,Rebekah,3
492=,Boruch,1,,512=,Rhianne,3
492=,Boyd,1,,512=,Rita,3
492=,Bram,1,,512=,Romana,3
492=,Brandon,1,,512=,Rosaleen,3
492=,Breandan,1,,512=,Rosalyn,3
492=,Brendhain,1,,512=,Rosalynd,3
492=,Brendon,1,,512=,Rosanna,3
492=,Briony,1,,512=,Roseann,3
492=,Brodie,1,,512=,Rosemarie,3
492=,Brogan,1,,512=,Rowena,3
492=,Brydon,1,,512=,Rukhsana,3
492=,Burkan,1,,512=,Samara,3
492=,Cailean,1,,512=,Shanna,3
492=,Calam,1,,512=,Shannon,3
492=,Caleb,1,,512=,Sharan,3
492=,Callan,1,,512=,Shareen,3
492=,Carol,1,,512=,Sharron,3
492=,Carson,1,,512=,Susanna,3
492=,Cathal,1,,512=,Susie,3
492=,Cathel,1,,512=,Tania,3
492=,Ceiran,1,,512=,Tracie,3
492=,Cesar,1,,512=,Trudy,3
492=,Chaloner,1,,512=,Uzma,3
492=,Charlie,1,,512=,Vickie,3
492=,Chaz,1,,512=,Virginia,3
492=,Chien,1,,512=,Yasmin,3
492=,Chimezie,1,,512=,Zahra,3
492=,Chin,1,,512=,Zandra,3
492=,Chiu,1,,630=,Abby,2
492=,Chou,1,,630=,Adeline,2
492=,Christophe,1,,630=,Adriana,2
492=,Chuck,1,,630=,Adrianne,2
492=,Chukwuemeka,1,,630=,Aimie,2
492=,Chukwunwike,1,,630=,Aisling,2
492=,Chung,1,,630=,Alaine,2
492=,Ciarin,1,,630=,Aleesha,2
492=,Cillian,1,,630=,Alexandrina,2
492=,Clarence,1,,630=,Ambreen,2
492=,Claudio,1,,630=,Aminah,2
492=,Clem,1,,630=,Amira,2
492=,Clement,1,,630=,Anahita,2
492=,Clinton,1,,630=,Anastasia,2
492=,Clive,1,,630=,Andrena,2
492=,Cody,1,,630=,Anna-Marie,2
492=,Coinneach,1,,630=,Annabelle,2
492=,Colby,1,,630=,Annalisa,2
492=,Conan,1,,630=,Anona,2
492=,Connor,1,,630=,Antonette,2
492=,Conon,1,,630=,Ashlie,2
492=,Conor,1,,630=,Ashliegh,2
492=,Conrad,1,,630=,Ashly,2
492=,Craigie,1,,630=,Aysha,2
492=,Creag,1,,630=,Barbara-Ann,2
492=,Cristiano,1,,630=,Bethany,2
492=,Cynrig,1,,630=,Briony,2
492=,Daanish,1,,630=,Caitlin,2
492=,Damiano,1,,630=,Caren,2
492=,Damion,1,,630=,Carey,2
492=,Dannyboy,1,,630=,Carin,2
492=,Dario,1,,630=,Carolyne,2
492=,Darral,1,,630=,Carron,2
492=,Darrel,1,,630=,Caterina,2
492=,Darroch,1,,630=,Cathleen,2
492=,Davis,1,,630=,Cathryn,2
492=,Dayle,1,,630=,Chandra,2
492=,Deane,1,,630=,Chanel,2
492=,Deborshi,1,,630=,Chantal,2
492=,Dein,1,,630=,Charline,2
492=,Denell,1,,630=,Charmain,2
492=,Dereck,1,,630=,Chelsea,2
492=,Derry,1,,630=,Cherise,2
492=,Derryl,1,,630=,Chevonne,2
492=,Deryck,1,,630=,Christie,2
492=,Devajanan,1,,630=,Christy,2
492=,Devinder,1,,630=,Ciara,2
492=,Devlin,1,,630=,Clara,2
492=,Dewar,1,,630=,Clarie,2
492=,Dharmendra,1,,630=,Cora,2
492=,Di,1,,630=,Coral,2
492=,Dickon,1,,630=,Coralena,2
492=,Dimitrios,1,,630=,Cordelia,2
492=,Dion,1,,630=,Coreen,2
492=,Djshwar,1,,630=,Corina,2
492=,Domhnall,1,,630=,Corinna,2
492=,Donnie,1,,630=,Corrin,2
492=,Donny,1,,630=,Dannielle,2
492=,Dougal,1,,630=,Darrelle,2
492=,Dougald,1,,630=,Dayna,2
492=,Drummond,1,,630=,Dominique,2
492=,Duart,1,,630=,Donna-Marie,2
492=,Dumo-Teim,1,,630=,Doreen,2
492=,Dyfrig,1,,630=,Elisabeth,2
492=,Eaon,1,,630=,Elisabetta,2
492=,Easmoul,1,,630=,Elisha,2
492=,Edemumo,1,,630=,Elissa,2
492=,Edgar,1,,630=,Elizabeth-Anne,2
492=,Edouard,1,,630=,Ellis,2
492=,Ehson,1,,630=,Eman,2
492=,Eiran,1,,630=,Emma-Claire,2
492=,Eivind,1,,630=,Emma-Jane,2
492=,Elgan,1,,630=,Faiza,2
492=,Elias,1,,630=,Fallon,2
492=,Elim,1,,630=,Farah,2
492=,Elio,1,,630=,Fatima,2
492=,Eliot,1,,630=,Fay,2
492=,Elizabeth,1,,630=,Fionna,2
492=,Ellan,1,,630=,Florence,2
492=,Emiel,1,,630=,Francine,2
492=,Emilio,1,,630=,Freda,2
492=,Emilios,1,,630=,Georgie,2
492=,Emun,1,,630=,Gill,2
492=,Enrico,1,,630=,Giovanna,2
492=,Eraclis,1,,630=,Giulia,2
492=,Erin,1,,630=,Gwen,2
492=,Erling,1,,630=,Hala,2
492=,Eseosa,1,,630=,Haleema,2
492=,Eshan,1,,630=,Halina,2
492=,Ete-Ete,1,,630=,Hina,2
492=,Ethan,1,,630=,Hollie,2
492=,Etienne,1,,630=,Humera,2
492=,Fahad,1,,630=,Isabelle,2
492=,Faheem,1,,630=,Jacki,2
492=,Farhad,1,,630=,Jaimie,2
492=,Farhan,1,,630=,Jayde,2
492=,Farkh,1,,630=,Jeananne,2
492=,Farman,1,,630=,Jem,2
492=,Farooq,1,,630=,Jessie,2
492=,Farzad,1,,630=,Joeleen,2
492=,Fawad,1,,630=,Johann,2
492=,Feharzad,1,,630=,Jordanna,2
492=,Fernando,1,,630=,Ka,2
492=,Feroz,1,,630=,Kalsoom,2
492=,Fhionn,1,,630=,Karis,2
492=,Fiaz,1,,630=,Karlene,2
492=,Finn-Erik,1,,630=,Karlyn,2
492=,Folarin,1,,630=,Karren,2
492=,Fouirat,1,,630=,Katharina,2
492=,Frankie,1,,630=,Kathrine,2
492=,Fraz,1,,630=,Kathy,2
492=,Freddie,1,,630=,Keely,2
492=,Frempong,1,,630=,Kelda,2
492=,Fu,1,,630=,Kelley,2
492=,Fulton,1,,630=,Kendal,2
492=,Gaelan,1,,630=,Keren,2
492=,Garey,1,,630=,Kerri-Anne,2
492=,Garfield,1,,630=,Kerryanne,2
492=,Garreth,1,,630=,Kerstin,2
492=,Gavyn,1,,630=,Kimberlie,2
492=,Gee,1,,630=,Kiran,2
492=,Gelvin,1,,630=,Kiri,2
492=,Geoff,1,,630=,Klara,2
492=,Georffrey,1,,630=,Kristine,2
492=,Georgios,1,,630=,Kyley,2
492=,Gerrad,1,,630=,Kymm,2
492=,Gerri,1,,630=,Laine,2
492=,Gerry,1,,630=,Larah,2
492=,Ghulam,1,,630=,Laraine,2
492=,Gianluca,1,,630=,Larissa,2
492=,Gianpiero,1,,630=,Laureen,2
492=,Gillan,1,,630=,Lauri,2
492=,Gillies,1,,630=,Layla,2
492=,Glencairn,1,,630=,Lea,2
492=,Glynn,1,,630=,Lea-Ann,2
492=,Grame,1,,630=,Leonne,2
492=,Gregar,1,,630=,Lesleyann,2
492=,Guramarit,1,,630=,Lesleyanne,2
492=,Gurcharn,1,,630=,Liana,2
492=,Gurdave,1,,630=,Liann,2
492=,Gurdeep,1,,630=,Lillias,2
492=,Gurjeet,1,,630=,Lindsy,2
492=,Gurmale,1,,630=,Lindzi,2
492=,Gurmaydr,1,,630=,Lisanne,2
492=,Gurmeat,1,,630=,Lita,2
492=,Gurminder,1,,630=,Lorelle,2
492=,Gurpreet,1,,630=,Loren,2
492=,Gurprem,1,,630=,Lorne,2
492=,Haakon,1,,630=,Luisa,2
492=,Hafeez,1,,630=,Lynne-Marie,2
492=,Hal,1,,630=,Lynsey-Anne,2
492=,Hamed,1,,630=,Lynsie,2
492=,Hamzah,1,,630=,Lynzie,2
492=,Harnek,1,,630=,Mae,2
492=,Harold,1,,630=,Mandeep,2
492=,Haroun,1,,630=,Maresa,2
492=,Harvey,1,,630=,Marian,2
492=,Harvinder,1,,630=,Marie-Anne,2
492=,Hasnain,1,,630=,Marie-Claire,2
492=,Hatem,1,,630=,Marie-Louise,2
492=,Hayden,1,,630=,Marika,2
492=,Hejaz,1,,630=,Marjorie,2
492=,Hemanth,1,,630=,Marnie,2
492=,Hew,1,,630=,Mary-Jane,2
492=,Hinaan,1,,630=,Maryann,2
492=,Hiu,1,,630=,Maryellen,2
492=,Ho-Yin,1,,630=,Merle,2
492=,Hok,1,,630=,Mona,2
492=,Hong-Phong,1,,630=,Monika,2
492=,Hossain,1,,630=,Morgan,2
492=,Hussain,1,,630=,Mur,2
492=,Hussam,1,,630=,My,2
492=,Hussan,1,,630=,Nabeela,2
492=,Hussein,1,,630=,Nada,2
492=,Hussen,1,,630=,Nadiah,2
492=,Hydar,1,,630=,Nanette,2
492=,Hywel,1,,630=,Naseem,2
492=,Iason,1,,630=,Nia,2
492=,Ifeoluwapo,1,,630=,Nicky,2
492=,Imry,1,,630=,Nico,2
492=,Inderjit,1,,630=,Nicola-Jane,2
492=,Iqbal,1,,630=,Noleen,2
492=,Irvine,1,,630=,Nosheen,2
492=,Isaac,1,,630=,Nyree,2
492=,Ishtiaq,1,,630=,Parmjit,2
492=,Italo,1,,630=,Petra,2
492=,Jacky,1,,630=,Polly,2
492=,Jacobus,1,,630=,Rae,2
492=,Jahanzeb,1,,630=,Reena,2
492=,Jai,1,,630=,Regan,2
492=,Jaimie,1,,630=,Renata,2
492=,Jake,1,,630=,Rizwana,2
492=,Jalaluddin,1,,630=,Rochelle,2
492=,Jamal,1,,630=,Roma,2
492=,Jamel,1,,630=,Rosann,2
492=,James-Alexander,1,,630=,Rosie,2
492=,Jamie-Stuart,1,,630=,Roslin,2
492=,Jaroslav,1,,630=,Rozlyn,2
492=,Jarvis,1,,630=,Sabina,2
492=,Jasam,1,,630=,Sabrina,2
492=,Jasper,1,,630=,Sacha,2
492=,Jasvinder,1,,630=,Sadie,2
492=,Jaswinder,1,,630=,Safia,2
492=,Jaswynder,1,,630=,Sajidah,2
492=,Jatinder,1,,630=,Samantha-Jane,2
492=,Javad,1,,630=,Samera,2
492=,Jawaad,1,,630=,Samira,2
492=,Jaymie,1,,630=,Sandi,2
492=,Jayson,1,,630=,Sarah-Louise,2
492=,Jean-Bernard,1,,630=,Sarra,2
492=,Jean-Christophe,1,,630=,Satveer,2
492=,Jean-Pierre,1,,630=,Selena,2
492=,Jed,1,,630=,Shaheen,2
492=,Jeevan,1,,630=,Shalini,2
492=,Jeffery,1,,630=,Shannah,2
492=,Jemmison,1,,630=,Sharyn,2
492=,Jen,1,,630=,Shauna,2
492=,Jennifer,1,,630=,Sheereen,2
492=,Jeroen,1,,630=,Shelagh,2
492=,Jia,1,,630=,Sheona,2
492=,Jiger,1,,630=,Sheryll,2
492=,Jimmy,1,,630=,Shevonne,2
492=,Jimy,1,,630=,Shiona,2
492=,Johan,1,,630=,Siama,2
492=,John-David,1,,630=,Siona,2
492=,John-Findlay,1,,630=,Siri,2
492=,Johnathon,1,,630=,Sobia,2
492=,Johnston,1,,630=,Stevie,2
492=,Jolson,1,,630=,Susannah,2
492=,Joran,1,,630=,Suzan,2
492=,Jorge,1,,630=,Suzannah,2
492=,Julien,1,,630=,Suzi,2
492=,Junior,1,,630=,Suzy,2
492=,Jwad,1,,630=,Suzzanne,2
492=,Ka,1,,630=,Tabitha,2
492=,Kai-Hong,1,,630=,Taryn,2
492=,Kaifung,1,,630=,Tasmin,2
492=,Kal,1,,630=,Tegan,2
492=,Kam,1,,630=,Thomasina,2
492=,Karamveer,1,,630=,Tressa,2
492=,Kari,1,,630=,Trisha,2
492=,Karol,1,,630=,Ursula,2
492=,Kashaf,1,,630=,Vari,2
492=,Kasra,1,,630=,Varrie,2
492=,Kassam,1,,630=,Verity,2
492=,Kayode,1,,630=,Vhari,2
492=,Keane,1,,630=,Wing,2
492=,Keigh,1,,630=,Zoey,2
492=,Keil,1,,878=,Aabdaa,1
492=,Keiron,1,,878=,Aamna,1
492=,Kelvin,1,,878=,Aaran,1
492=,Ken,1,,878=,Aaren,1
492=,Kenton,1,,878=,Aarti,1
492=,Kern,1,,878=,Abbey,1
492=,Kerrin,1,,878=,Abdah,1
492=,Keven,1,,878=,Abigael,1
492=,Keyvan,1,,878=,Adama,1
492=,Khairu'l,1,,878=,Adetoun,1
492=,Khrum,1,,878=,Adina,1
492=,Khubaib,1,,878=,Adrain,1
492=,Khuram,1,,878=,Afifah,1
492=,Khurrum,1,,878=,Afshan,1
492=,Ki,1,,878=,Aiesha,1
492=,Kian,1,,878=,Ailene,1
492=,Kieren,1,,878=,Ailey,1
492=,Kimberley,1,,878=,Aime,1
492=,Kiran,1,,878=,Aishabai,1
492=,Kishore,1,,878=,Aisyah,1
492=,Kit,1,,878=,Alaina,1
492=,Koneino,1,,878=,Alanna-Marie,1
492=,Kraig,1,,878=,Alba,1
492=,Kriss,1,,878=,Aleasha,1
492=,Kristjan,1,,878=,Aleisha,1
492=,Krzysztof,1,,878=,Aleksandra,1
492=,Kuljit,1,,878=,Alexina,1
492=,Kunal,1,,878=,Alexsandra,1
492=,Kurk,1,,878=,Ali,1
492=,Kurtis,1,,878=,Alica,1
492=,Kwabena,1,,878=,Alis,1
492=,Kyriakos,1,,878=,Alisa,1
492=,Laith,1,,878=,Alishia,1
492=,Larry,1,,878=,Alix,1
492=,Lauder,1,,878=,Allanna,1
492=,Lawerence,1,,878=,Alphonsa,1
492=,Lawrie,1,,878=,Alysha,1
492=,Leam,1,,878=,Alyshia,1
492=,Lech,1,,878=,Alysson,1
492=,Lee-Fan,1,,878=,Amal,1
492=,Leee,1,,878=,Amalie,1
492=,Leith,1,,878=,Aman-Deep,1
492=,Len,1,,878=,Amana,1
492=,Leopold,1,,878=,Amanda-Jane,1
492=,Lesley,1,,878=,Amandajane,1
492=,Lesley-Anne,1,,878=,Amany,1
492=,Linzie,1,,878=,Ambereen,1
492=,Lisa,1,,878=,Ambika,1
492=,Livingstone,1,,878=,Ambrina,1
492=,Loic,1,,878=,Amelie,1
492=,Lorn,1,,878=,Amerjit,1
492=,Loudon,1,,878=,Amiee,1
492=,Luca,1,,878=,Amina,1
492=,Lucas,1,,878=,Ammie,1
492=,Luck,1,,878=,Amy-Nyree,1
492=,Luis,1,,878=,Amyra,1
492=,Lyndon,1,,878=,Anabel,1
492=,Maarten,1,,878=,Ananka,1
492=,Mabeel,1,,878=,Andalieb,1
492=,Maher,1,,878=,Andrew,1
492=,Mahmood,1,,878=,Aneesa,1
492=,Majahad,1,,878=,Anfal,1
492=,Mamun,1,,878=,Angelene,1
492=,Mandela,1,,878=,Angelica,1
492=,Manoj,1,,878=,Angelina,1
492=,Marcel,1,,878=,Angeline,1
492=,Marcello,1,,878=,Anh,1
492=,Markus,1,,878=,Anique,1
492=,Marnix,1,,878=,Anjum,1
492=,Maro,1,,878=,Ann-Elyse,1
492=,Marvin,1,,878=,Ann-Louise,1
492=,Masood,1,,878=,Annabella,1
492=,Massimo,1,,878=,Annalee,1
492=,Matteo,1,,878=,Annamarie,1
492=,Maxim,1,,878=,Annan,1
492=,Maximillian,1,,878=,Anndrea,1
492=,Mazin,1,,878=,Anne-Louise,1
492=,Megat,1,,878=,Anneeka,1
492=,Melbourn,1,,878=,Anneke,1
492=,Melvin,1,,878=,Annelie,1
492=,Mervyn,1,,878=,Anneliese,1
492=,Meshary,1,,878=,Annika,1
492=,Micheal,1,,878=,Annis,1
492=,Mikal,1,,878=,Ansam,1
492=,Minaz,1,,878=,Ansley,1
492=,Mirza,1,,878=,Anstice,1
492=,Moffat,1,,878=,Antara,1
492=,Mohsan,1,,878=,Antoinette,1
492=,Mohsin,1,,878=,Anupama,1
492=,Momin,1,,878=,Anuradha,1
492=,Monaf,1,,878=,Anushia,1
492=,Moore,1,,878=,Aoibhin,1
492=,Mosa,1,,878=,Aoife,1
492=,Moses,1,,878=,Ardla,1
492=,Motassem,1,,878=,Areech,1
492=,Muhanned,1,,878=,Ariadne,1
492=,Muhd,1,,878=,Ariann,1
492=,Muhmmad,1,,878=,Arianna,1
492=,Murdanie,1,,878=,Arianne,1
492=,Murdoch,1,,878=,Ariathne,1
492=,Mustafa,1,,878=,Arlaine,1
492=,Muzammal,1,,878=,Arleen,1
492=,Mwansa,1,,878=,Arlena,1
492=,Myk,1,,878=,Arma,1
492=,Nabiel,1,,878=,Armelle,1
492=,Nadjib,1,,878=,Arpna,1
492=,Naill,1,,878=,Arra,1
492=,Naim,1,,878=,Arran,1
492=,Najd,1,,878=,Arti,1
492=,Nana,1,,878=,Aruinder,1
492=,Narinder,1,,878=,Arwa,1
492=,Nasr,1,,878=,Asbir,1
492=,Nathaniel,1,,878=,Asheela,1
492=,Navfed,1,,878=,Ashlea,1
492=,Navid,1,,878=,Ashleigh-Jane,1
492=,Navin,1,,878=,Ashli,1
492=,Navjeet,1,,878=,Asifa,1
492=,Neall,1,,878=,Asiimwe,1
492=,Nebeolisa,1,,878=,Asmma,1
492=,Necip,1,,878=,Assia,1
492=,Neusha,1,,878=,Assunta,1
492=,Neville,1,,878=,Asta,1
492=,Nezar,1,,878=,Aszhka,1
492=,Ngoc,1,,878=,Atinuke,1
492=,Nial,1,,878=,Atiqah,1
492=,Nick,1,,878=,Attia,1
492=,Nicola,1,,878=,Avada,1
492=,Nicolaas,1,,878=,Aveen,1
492=,Nidhal,1,,878=,Averil,1
492=,Niel,1,,878=,Aya,1
492=,Niels,1,,878=,Ayeasha,1
492=,Nikhil,1,,878=,Ayesha,1
492=,Nikolas,1,,878=,Ayeshia,1
492=,Ninian,1,,878=,Aylene,1
492=,Njal,1,,878=,Aysha-Liahona,1
492=,Nor,1,,878=,Ayshea,1
492=,Nwaz,1,,878=,Azell,1
492=,O'neil,1,,878=,Azia,1
492=,Odai,1,,878=,Balmeet,1
492=,Oghale,1,,878=,Bar'a,1
492=,Olaoluwa,1,,878=,Barbara-Louise,1
492=,Olaoluwanianje,1,,878=,Barbra,1
492=,Olisaemedua,1,,878=,Basmah,1
492=,Olivier,1,,878=,Bedreya,1
492=,Olusegun,1,,878=,Bemnet,1
492=,Oluwasheyi,1,,878=,Berna,1
492=,Omair,1,,878=,Bernice,1
492=,Omer,1,,878=,Blaire,1
492=,Oran,1,,878=,Bobbi,1
492=,Oritseweyinmi,1,,878=,Bobbie,1
492=,Orphy,1,,878=,Brandy,1
492=,Osama,1,,878=,Breda,1
492=,Oscar,1,,878=,Brenda-Ann,1
492=,Osilama,1,,878=,Brenna,1
492=,Osmann,1,,878=,Brie,1
492=,Ossian,1,,878=,Brieghd,1
492=,Ou,1,,878=,Brigid,1
492=,Ozkan,1,,878=,Bronwen,1
492=,Paejmaan,1,,878=,Bronwyn,1
492=,Parae,1,,878=,Bruce,1
492=,Paris,1,,878=,Bryoney,1
492=,Parmjit,1,,878=,Caira,1
492=,Parvinder,1,,878=,Caireen,1
492=,Pasha,1,,878=,Cairistiona,1
492=,Patrizio,1,,878=,Calley,1
492=,Pedram,1,,878=,Calli,1
492=,Perminder,1,,878=,Caragh,1
492=,Peter-Daniel,1,,878=,Caralyn,1
492=,Philipp,1,,878=,Carean,1
492=,Philippe,1,,878=,Careen,1
492=,Piero,1,,878=,Carene,1
492=,Pieter,1,,878=,Carey-Ann,1
492=,Pip,1,,878=,Cari,1
492=,Prabhjit,1,,878=,Carine,1
492=,Presley,1,,878=,Cariss,1
492=,Prevaz,1,,878=,Caristiona,1
492=,Pui,1,,878=,Carlanne,1
492=,Qadeer,1,,878=,Carloes,1
492=,Quincy,1,,878=,Carly-Ann,1
492=,Quinton,1,,878=,Carman,1
492=,Quoc,1,,878=,Carmela,1
492=,Rae,1,,878=,Carole-Ann,1
492=,Rafael,1,,878=,Carole-Anne,1
492=,Rafan,1,,878=,Carolien,1
492=,Rafeel,1,,878=,Carolina,1
492=,Raffaele,1,,878=,Carolinne,1
492=,Rafiq,1,,878=,Carolynne,1
492=,Rahmy,1,,878=,Carragh,1
492=,Rahul,1,,878=,Carrianne,1
492=,Rajpal,1,,878=,Carrieann,1
492=,Rameshwer,1,,878=,Carrinna,1
492=,Randolph,1,,878=,Carryl,1
492=,Raqib,1,,878=,Carys,1
492=,Rayhan,1,,878=,Casi,1
492=,Reece,1,,878=,Catarine,1
492=,Rehan,1,,878=,Catherine-Anne,1
492=,Rehman,1,,878=,Cathie,1
492=,Reid,1,,878=,Cathrin,1
492=,Reinier,1,,878=,Catreona,1
492=,Rennie,1,,878=,Cecile,1
492=,Reo,1,,878=,Cecilia,1
492=,Reza,1,,878=,Ceirwen,1
492=,Rhodri,1,,878=,Ceit,1
492=,Rhuri,1,,878=,Celeste,1
492=,Riaz,1,,878=,Celina,1
492=,Ricki,1,,878=,Ceri,1
492=,Rikky,1,,878=,Chanice-Elaine,1
492=,Roahry,1,,878=,Charissa,1
492=,Roald,1,,878=,Charisse,1
492=,Rocco,1,,878=,Charlane,1
492=,Rodger,1,,878=,Charleen,1
492=,Rodrick,1,,878=,Charles,1
492=,Roel,1,,878=,Charmagne,1
492=,Roelof-Alexande,1,,878=,Chau,1
492=,Rogan,1,,878=,Cheiri,1
492=,Rolf,1,,878=,Cher,1
492=,Romano,1,,878=,Cherilee,1
492=,Ron,1,,878=,Cherish,1
492=,Ronnie,1,,878=,Cherith,1
492=,Rorie,1,,878=,Cherlene,1
492=,Roshan,1,,878=,Cherry,1
492=,Rowland,1,,878=,Cheryl-Anne,1
492=,Royheim,1,,878=,Cherylann,1
492=,Ruan,1,,878=,Cherylee,1
492=,Ruari,1,,878=,Cheyrl,1
492=,Ruarri,1,,878=,Chia,1
492=,Rudy,1,,878=,Chiara,1
492=,Rupert,1,,878=,Chigusa,1
492=,Russel,1,,878=,Chimatara,1
492=,Ryan-Andrew,1,,878=,Ching,1
492=,Ryan-Edward,1,,878=,Chirsteen,1
492=,Safe,1,,878=,Chris,1
492=,Safran,1,,878=,Christen,1
492=,Sahidur,1,,878=,Christi,1
492=,Sahir,1,,878=,Christianne,1
492=,Sai,1,,878=,Christineanne,1
492=,Saif,1,,878=,Christobel,1
492=,Saim,1,,878=,Chrystal,1
492=,Sajaad,1,,878=,Cicely,1
492=,Sajad,1,,878=,Ciera,1
492=,Sajid,1,,878=,Cissie,1
492=,Saleem,1,,878=,Claira,1
492=,Salman,1,,878=,Claire-Ann,1
492=,Salvatore,1,,878=,Claire-Frances,1
492=,Saman,1,,878=,Claire-Louise,1
492=,Samer,1,,878=,Clare-Louise,1
492=,Samhuinn,1,,878=,Claudette,1
492=,Sander,1,,878=,Claudine,1
492=,Sanjai,1,,878=,Clayre,1
492=,Sanjay,1,,878=,Clementina,1
492=,Saqib-Jamal,1,,878=,Clementine,1
492=,Sardar,1,,878=,Clionagh,1
492=,Sarel,1,,878=,Colene,1
492=,Sarwar,1,,878=,Correen,1
492=,Satbir,1,,878=,Corrie,1
492=,Satnam,1,,878=,Coty,1
492=,Satvindar,1,,878=,Counsey,1
492=,Saxbourne,1,,878=,Cressida,1
492=,Sayf,1,,878=,Dalvinder,1
492=,See,1,,878=,Danella,1
492=,Senthilnathan,1,,878=,Dani,1
492=,Serfraz,1,,878=,Daniel,1
492=,Sergio,1,,878=,Daniele,1
492=,Seumas,1,,878=,Danila,1
492=,Seyed,1,,878=,Dara,1
492=,Shaan,1,,878=,Darleen,1
492=,Shabir,1,,878=,Darlene,1
492=,Shah,1,,878=,Darra,1
492=,Shaheen,1,,878=,Darrell,1
492=,Shahiduir,1,,878=,Daska,1
492=,Shaiy,1,,878=,Davinia,1
492=,Shand,1,,878=,Dawn-Marie,1
492=,Shannon,1,,878=,Dayle,1
492=,Sharaz,1,,878=,Deanna,1
492=,Shargil,1,,878=,Deanna-Irene,1
492=,Sharjeel,1,,878=,Deanne,1
492=,Shashank,1,,878=,Debbi,1
492=,Shaw,1,,878=,Debbie-Ann,1
492=,Shehzad,1,,878=,Debbie-Lee,1
492=,Shein,1,,878=,Debborah,1
492=,Sheraz,1,,878=,Debbra,1
492=,Shihabadeen,1,,878=,Debora,1
492=,Shihzad,1,,878=,Debrah,1
492=,Shinda,1,,878=,Dee-Anne,1
492=,Shiran,1,,878=,Deeann,1
492=,Shloime,1,,878=,Deeanne,1
492=,Sholto,1,,878=,Deepika,1
492=,Shozel,1,,878=,Della,1
492=,Shuja-At,1,,878=,Demelza,1
492=,Shujaat,1,,878=,Dena,1
492=,Sikander,1,,878=,Deonne,1
492=,Sinchi,1,,878=,Deseree,1
492=,Sinclair,1,,878=,Diahann,1
492=,Sirkar,1,,878=,Dianna,1
492=,Siroosh,1,,878=,Dilani,1
492=,Skye,1,,878=,Dina,1
492=,Sohaib,1,,878=,Dolina,1
492=,Somiruwhn,1,,878=,Donata,1
492=,Soon,1,,878=,Donella,1
492=,Sooren,1,,878=,Donette,1
492=,Steel,1,,878=,Donna-Jean,1
492=,Stefanie,1,,878=,Donna-Louise,1
492=,Stephen-Alexand,1,,878=,Donnamarie,1
492=,Steuart,1,,878=,Donne,1
492=,Stevan,1,,878=,Dora,1
492=,Stevenson,1,,878=,Duna,1
492=,Stevi,1,,878=,Dyan,1
492=,Stevyn,1,,878=,Dyane,1
492=,Strath,1,,878=,Eaila,1
492=,Sufyaan,1,,878=,Ebtihal,1
492=,Sukchen,1,,878=,Edel,1
492=,Sukhvinderpal,1,,878=,Effie,1
492=,Suleman,1,,878=,Eilea,1
492=,Sundeep,1,,878=,Eilidh-Anne,1
492=,Sweyn,1,,878=,Eilish,1
492=,Symon,1,,878=,Eilldh,1
492=,Tahar,1,,878=,Eirlys,1
492=,Tahir,1,,878=,Elanor,1
492=,Talagy,1,,878=,Elayne,1
492=,Talvir,1,,878=,Elison,1
492=,Tameel,1,,878=,Eliza,1
492=,Tamin,1,,878=,Elizabeth-Jane,1
492=,Tanvir,1,,878=,Ella,1
492=,Tareq,1,,878=,Ellanor,1
492=,Tauqeer,1,,878=,Elma,1
492=,Taut,1,,878=,Elora,1
492=,Taverishima,1,,878=,Emanuela,1
492=,Telford,1,,878=,Emi,1
492=,Tendai,1,,878=,Emilia,1
492=,Terrance,1,,878=,Emilianna,1
492=,Thaddaeus,1,,878=,Emilie,1
492=,Thomson,1,,878=,Emma-Jayne,1
492=,Thorfinn,1,,878=,Emma-Marie,1
492=,Thorvald,1,,878=,Emma-Rose,1
492=,Tiernan,1,,878=,Emmalene,1
492=,Ting,1,,878=,Emmaline,1
492=,Tore,1,,878=,Emmeline,1
492=,Tracy,1,,878=,Emmie,1
492=,Travis,1,,878=,Emmilene,1
492=,Trefor,1,,878=,Eneida,1
492=,Trystram,1,,878=,Eowyn,1
492=,Tuhal,1,,878=,Erinne,1
492=,Tyler,1,,878=,Ernestine,1
492=,Ugochinyere,1,,878=,Eryn,1
492=,Ugonna,1,,878=,Esmee,1
492=,Umran,1,,878=,Estefania,1
492=,Urfam,1,,878=,Ester,1
492=,Usama,1,,878=,Estheraida,1
492=,Uwais,1,,878=,Evette,1
492=,Van,1,,878=,Faaiza,1
492=,Varoon,1,,878=,Faihmidah,1
492=,Vasilis,1,,878=,Faizah,1
492=,Vernon,1,,878=,Fallyn,1
492=,Veroo,1,,878=,Fardia,1
492=,Vijay,1,,878=,Fareeda,1
492=,Vikas,1,,878=,Farha,1
492=,Vikash,1,,878=,Farhana,1
492=,Vincenzo,1,,878=,Farhat,1
492=,Vineet,1,,878=,Farhiya,1
492=,Vivian,1,,878=,Farida,1
492=,Waell,1,,878=,Farkhanda,1
492=,Waheed,1,,878=,Farrah,1
492=,Wakas,1,,878=,Faseeha,1
492=,Waleed,1,,878=,Fatin,1
492=,Wan,1,,878=,Fayona,1
492=,Wasim,1,,878=,Felicia,1
492=,Watson,1,,878=,Felicity-Jayne,1
492=,Wellington,1,,878=,Ferhanah,1
492=,Weng,1,,878=,Filiz,1
492=,Wilhelm,1,,878=,Finola,1
492=,Willem,1,,878=,Fiona-Louise,1
492=,William-Ross,1,,878=,Firzana,1
492=,Win-Ken,1,,878=,Fowzia,1
492=,Wladyslaw,1,,878=,Fozia,1
492=,Yai,1,,878=,France-Lise,1
492=,Yannick,1,,878=,Francene,1
492=,Yaschar,1,,878=,Francess,1
492=,Yaseen,1,,878=,Freeha,1
492=,Yassar-Ud-Din,1,,878=,Freija,1
492=,Yasseen,1,,878=,Freja,1
492=,Yasser,1,,878=,Fronde,1
492=,Yehyah,1,,878=,Furzana,1
492=,Yonatan,1,,878=,Ga-Yee,1
492=,Yoseph,1,,878=,Gabriella-Dawn,1
492=,Yousif,1,,878=,Gail-Louise,1
492=,Youssef,1,,878=,Gale,1
492=,Yue,1,,878=,Gavina,1
492=,Yumann,1,,878=,Gayti,1
492=,Yusif,1,,878=,Geeta,1
492=,Zaber,1,,878=,Gei,1
492=,Zabir,1,,878=,Gema-Gayle,1
492=,Zaed,1,,878=,Gemima,1
492=,Zaki,1,,878=,Gemma-Louise,1
492=,Zeeyad,1,,878=,Geraldeen,1
492=,Zeshan,1,,878=,Gerda,1
492=,Ziad,1,,878=,Ghazal,1
492=,Zino,1,,878=,Gheila,1
492=,Zishaan,1,,878=,Ghislaine,1
492=,Zishan,1,,878=,Ginny,1
492=,Zulfiqar,1,,878=,Giordana,1
,,,,878=,Glenna,1
,,,,878=,Glenys,1
,,,,878=,Gloria,1
,,,,878=,Grant,1
,,,,878=,Greta,1
,,,,878=,Guro,1
,,,,878=,Gursharon,1
,,,,878=,Gwendolyn,1
,,,,878=,Gwenno,1
,,,,878=,Gwynedd,1
,,,,878=,Gwyneth,1
,,,,878=,Habiba,1
,,,,878=,Hafsa,1
,,,,878=,Haifa,1
,,,,878=,Hailidh,1
,,,,878=,Hajar,1
,,,,878=,Hajra,1
,,,,878=,Halah,1
,,,,878=,Halena,1
,,,,878=,Haley-Anne,1
,,,,878=,Halita,1
,,,,878=,Halpage,1
,,,,878=,Hammera,1
,,,,878=,Hana,1
,,,,878=,Hanan,1
,,,,878=,Haneefa,1
,,,,878=,Hanna,1
,,,,878=,Hanna-Taibha,1
,,,,878=,Hanzada,1
,,,,878=,Harjinder,1
,,,,878=,Harman,1
,,,,878=,Harveen,1
,,,,878=,Hazaara,1
,,,,878=,Hazel-Ann,1
,,,,878=,Heathel,1
,,,,878=,Hebah,1
,,,,878=,Hedeel,1
,,,,878=,Hedi,1
,,,,878=,Helene,1
,,,,878=,Helennor,1
,,,,878=,Helinor,1
,,,,878=,Hellen,1
,,,,878=,Helyn,1
,,,,878=,Hester,1
,,,,878=,Hibah,1
,,,,878=,Hibba-Tul,1
,,,,878=,Hind,1
,,,,878=,Hoi,1
,,,,878=,Holland,1
,,,,878=,Honieh,1
,,,,878=,Hoor-Al-Ain,1
,,,,878=,Huma,1
,,,,878=,Huong,1
,,,,878=,Ibiyinka,1
,,,,878=,Ibukunoluwa,1
,,,,878=,Ilana,1
,,,,878=,Ilona,1
,,,,878=,Ilse,1
,,,,878=,Iman,1
,,,,878=,In-Ju,1
,,,,878=,India,1
,,,,878=,Ineke,1
,,,,878=,Inez,1
,,,,878=,Inga,1
,,,,878=,Irem,1
,,,,878=,Irena,1
,,,,878=,Irralee,1
,,,,878=,Isabell,1
,,,,878=,Isabellann,1
,,,,878=,Iseabal,1
,,,,878=,Ishrat,1
,,,,878=,Islay,1
,,,,878=,Isma,1
,,,,878=,Ita,1
,,,,878=,Jacelyn,1
,,,,878=,Jackalyn,1
,,,,878=,Jackelyn,1
,,,,878=,Jackilyn,1
,,,,878=,Jacky,1
,,,,878=,Jaclynn,1
,,,,878=,Jaclynne,1
,,,,878=,Jacobeth,1
,,,,878=,Jacqualine,1
,,,,878=,Jacquie,1
,,,,878=,Jagpal,1
,,,,878=,Jagparit,1
,,,,878=,Jana,1
,,,,878=,Janaya,1
,,,,878=,Jane-Marie,1
,,,,878=,Janel,1
,,,,878=,Janene,1
,,,,878=,Janina,1
,,,,878=,Janna,1
,,,,878=,Jannette,1
,,,,878=,Jannina,1
,,,,878=,Jannine,1
,,,,878=,Jaqueline,1
,,,,878=,Jardine,1
,,,,878=,Jasbir,1
,,,,878=,Jasmeen,1
,,,,878=,Jasminder,1
,,,,878=,Jasmine,1
,,,,878=,Jaspreet,1
,,,,878=,Jass,1
,,,,878=,Javeria,1
,,,,878=,Jaydene,1
,,,,878=,Jaye,1
,,,,878=,Jaynie,1
,,,,878=,Jeanie,1
,,,,878=,Jeannette,1
,,,,878=,Jemma-Paulette,1
,,,,878=,Jen,1
,,,,878=,Jenean,1
,,,,878=,Jenifer,1
,,,,878=,Jeniffer,1
,,,,878=,Jenni,1
,,,,878=,Jennie,1
,,,,878=,Jenny-Anne,1
,,,,878=,Jenny-Siu,1
,,,,878=,Jeri,1
,,,,878=,Jerri,1
,,,,878=,Ji,1
,,,,878=,Jia,1
,,,,878=,Jigdeep,1
,,,,878=,Jilli,1
,,,,878=,Jilly,1
,,,,878=,Jingmun,1
,,,,878=,Jinny,1
,,,,878=,Jo-An,1
,,,,878=,Joanie,1
,,,,878=,Joe,1
,,,,878=,Joelene,1
,,,,878=,Joella,1
,,,,878=,Joelle,1
,,,,878=,Jonelle,1
,,,,878=,Jordan,1
,,,,878=,Josane,1
,,,,878=,Josina,1
,,,,878=,Judie,1
,,,,878=,Julene,1
,,,,878=,Juli-Anna,1
,,,,878=,Julie-Ann,1
,,,,878=,Julieann,1
,,,,878=,Jumoke,1
,,,,878=,Juno,1
,,,,878=,Justine,1
,,,,878=,Kaella,1
,,,,878=,Kaireen,1
,,,,878=,Kairene,1
,,,,878=,Kandy,1
,,,,878=,Kar-Po,1
,,,,878=,Kar-Yee,1
,,,,878=,Karan,1
,,,,878=,Kareen,1
,,,,878=,Kareena,1
,,,,878=,Karema,1
,,,,878=,Karena,1
,,,,878=,Karienne,1
,,,,878=,Karli,1
,,,,878=,Karlin,1
,,,,878=,Karn,1
,,,,878=,Karra,1
,,,,878=,Karreen,1
,,,,878=,Karrina,1
,,,,878=,Karrisa,1
,,,,878=,Karry,1
,,,,878=,Karyl-Anne,1
,,,,878=,Kasey,1
,,,,878=,Kassandra,1
,,,,878=,Kassie,1
,,,,878=,Katerina,1
,,,,878=,Katerine,1
,,,,878=,Kathaleen,1
,,,,878=,Kathleene,1
,,,,878=,Kathlyn,1
,,,,878=,Katie-Ann,1
,,,,878=,Katie-Anne,1
,,,,878=,Katina,1
,,,,878=,Katrian,1
,,,,878=,Katriena,1
,,,,878=,Katrine,1
,,,,878=,Katy-Jo,1
,,,,878=,Kausar,1
,,,,878=,Kayrin,1
,,,,878=,Kazia,1
,,,,878=,Kearney,1
,,,,878=,Keavy,1
,,,,878=,Keeley,1
,,,,878=,Keirra,1
,,,,878=,Keli,1
,,,,878=,Kellymarie,1
,,,,878=,Kelsie,1
,,,,878=,Kenlyne,1
,,,,878=,Keri-Ann,1
,,,,878=,Kerianne,1
,,,,878=,Kerie,1
,,,,878=,Keris,1
,,,,878=,Kerlynn,1
,,,,878=,Kerria,1
,,,,878=,Kerrianne,1
,,,,878=,Kerrie-Ann,1
,,,,878=,Kerriena,1
,,,,878=,Kerrin,1
,,,,878=,Kerry-Jayne,1
,,,,878=,Kerryll,1
,,,,878=,Kesa,1
,,,,878=,Kether,1
,,,,878=,Kezia,1
,,,,878=,Keziah,1
,,,,878=,Khadijah,1
,,,,878=,Khalda,1
,,,,878=,Khansa,1
,,,,878=,Khirsty,1
,,,,878=,Khushmeena,1
,,,,878=,Kiara,1
,,,,878=,Kiera,1
,,,,878=,Kimberlynn,1
,,,,878=,Kingsleigh,1
,,,,878=,Kinsey,1
,,,,878=,Kiriaki,1
,,,,878=,Kirinjeet,1
,,,,878=,Kirrin,1
,,,,878=,Kirstein,1
,,,,878=,Kirstene,1
,,,,878=,Kirsty-Louise,1
,,,,878=,Kirstyn,1
,,,,878=,Kishwar,1
,,,,878=,Klayre,1
,,,,878=,Koran,1
,,,,878=,Krista,1
,,,,878=,Kristeen,1
,,,,878=,Kristel,1
,,,,878=,Kristie,1
,,,,878=,Kristiina,1
,,,,878=,Krysia,1
,,,,878=,Krysta,1
,,,,878=,Krystel,1
,,,,878=,Krystina,1
,,,,878=,Krysty,1
,,,,878=,Kuldeep,1
,,,,878=,Kyla,1
,,,,878=,Kyle,1
,,,,878=,Kyleigh,1
,,,,878=,Kymberley,1
,,,,878=,Kyme,1
,,,,878=,Kyra,1
,,,,878=,Kyrsten,1
,,,,878=,Lacey,1
,,,,878=,Laela,1
,,,,878=,Laianne,1
,,,,878=,Laina,1
,,,,878=,Lakbir,1
,,,,878=,Lana-Jayne,1
,,,,878=,Lane,1
,,,,878=,Larraine,1
,,,,878=,Latoya,1
,,,,878=,Laura-Jayne,1
,,,,878=,Laura-Lee,1
,,,,878=,Laura-May,1
,,,,878=,Lauran,1
,,,,878=,Laurel,1
,,,,878=,Laurine,1
,,,,878=,Laurna,1
,,,,878=,Laverne,1
,,,,878=,Lavri,1
,,,,878=,Lawrenca,1
,,,,878=,Lawrie,1
,,,,878=,Layna,1
,,,,878=,Le-Von,1
,,,,878=,Lea-Anne,1
,,,,878=,Leanda,1
,,,,878=,Leaona,1
,,,,878=,Leasa,1
,,,,878=,Leeana,1
,,,,878=,Leeanna,1
,,,,878=,Leeona,1
,,,,878=,Leesa,1
,,,,878=,Lei-Yuen,1
,,,,878=,Leia,1
,,,,878=,Leisa,1
,,,,878=,Leonah,1
,,,,878=,Leonara,1
,,,,878=,Leonette,1
,,,,878=,Leoni,1
,,,,878=,Leonna,1
,,,,878=,Leonora,1
,,,,878=,Leonora-Maria,1
,,,,878=,Lesa,1
,,,,878=,Lesli,1
,,,,878=,Leyla,1
,,,,878=,Lezah,1
,,,,878=,Lhara,1
,,,,878=,Lia,1
,,,,878=,Lila,1
,,,,878=,Lily,1
,,,,878=,Limara,1
,,,,878=,Linda-Marie,1
,,,,878=,Lindsay-Ann,1
,,,,878=,Lindsey-Anne,1
,,,,878=,Lindy-Ann,1
,,,,878=,Ling,1
,,,,878=,Linsey-Anne,1
,,,,878=,Linzie,1
,,,,878=,Linzy,1
,,,,878=,Lisel,1
,,,,878=,Litsa,1
,,,,878=,Livia,1
,,,,878=,Lizza,1
,,,,878=,Llana,1
,,,,878=,Lochwinder,1
,,,,878=,Lorayne,1
,,,,878=,Loreen,1
,,,,878=,Lorena,1
,,,,878=,Lori-Anne,1
,,,,878=,Lorissa,1
,,,,878=,Lorraina,1
,,,,878=,Lorrayne,1
,,,,878=,Lubna,1
,,,,878=,Luce,1
,,,,878=,Lucia,1
,,,,878=,Luciana,1
,,,,878=,Lucille,1
,,,,878=,Luckbeer,1
,,,,878=,Luellen,1
,,,,878=,Luisa-Maria,1
,,,,878=,Lutfa,1
,,,,878=,Luvisa,1
,,,,878=,Lyanne,1
,,,,878=,Lyianne,1
,,,,878=,Lyla,1
,,,,878=,Lyn-Marie,1
,,,,878=,Lynanne,1
,,,,878=,Lyndie,1
,,,,878=,Lyndsey-Ann,1
,,,,878=,Lyndzay,1
,,,,878=,Lyne,1
,,,,878=,Lynnanne,1
,,,,878=,Lynnsey,1
,,,,878=,Lynsaye,1
,,,,878=,Lynsey-Ann,1
,,,,878=,Lynsy,1
,,,,878=,Lynzy,1
,,,,878=,Madaleine,1
,,,,878=,Madelyne,1
,,,,878=,Madhur,1
,,,,878=,Magali,1
,,,,878=,Magdalene,1
,,,,878=,Maha,1
,,,,878=,Mahreen,1
,,,,878=,Mahri,1
,,,,878=,Mahrosh,1
,,,,878=,Maia,1
,,,,878=,Maighan,1
,,,,878=,Mairead-Louise,1
,,,,878=,Mairi-Anne,1
,,,,878=,Mairi-Claire,1
,,,,878=,Mairianne,1
,,,,878=,Malaina,1
,,,,878=,Malica,1
,,,,878=,Malliehe,1
,,,,878=,Mamona,1
,,,,878=,Man,1
,,,,878=,Manaz,1
,,,,878=,Mandi,1
,,,,878=,Mandylea,1
,,,,878=,Manvir,1
,,,,878=,Marea,1
,,,,878=,Marekha,1
,,,,878=,Maressa,1
,,,,878=,Maretta,1
,,,,878=,Margaret-Ann,1
,,,,878=,Margaret-Anne,1
,,,,878=,Margaux,1
,,,,878=,Margo,1
,,,,878=,Margot,1
,,,,878=,Margret,1
,,,,878=,Maria-Isabel,1
,,,,878=,Maria-Theresa,1
,,,,878=,Mariah,1
,,,,878=,Mariane,1
,,,,878=,Mariann,1
,,,,878=,Marianna,1
,,,,878=,Marica,1
,,,,878=,Marie-Ann,1
,,,,878=,Marie-Luise,1
,,,,878=,Mariea,1
,,,,878=,Mariel,1
,,,,878=,Mariesa,1
,,,,878=,Mariessa,1
,,,,878=,Marija,1
,,,,878=,Mariko,1
,,,,878=,Mariona,1
,,,,878=,Marita,1
,,,,878=,Marlynne,1
,,,,878=,Marna,1
,,,,878=,Marni,1
,,,,878=,Marrissa,1
,,,,878=,Marsailidh,1
,,,,878=,Marta,1
,,,,878=,Martinette,1
,,,,878=,Martyne,1
,,,,878=,Mary-Jo,1
,,,,878=,Maryam,1
,,,,878=,Marylin,1
,,,,878=,Masaraf,1
,,,,878=,Maud,1
,,,,878=,Maura,1
,,,,878=,Maura-Ann,1
,,,,878=,Maya,1
,,,,878=,Meagan,1
,,,,878=,Meghan,1
,,,,878=,Meghann,1
,,,,878=,Mehenaz,1
,,,,878=,Mehrunnisa,1
,,,,878=,Mei,1
,,,,878=,Melaney,1
,,,,878=,Melanie-Claire,1
,,,,878=,Melea,1
,,,,878=,Meleha,1
,,,,878=,Melinda,1
,,,,878=,Melisa,1
,,,,878=,Mellisa,1
,,,,878=,Melloney,1
,,,,878=,Mellonie,1
,,,,878=,Mena,1
,,,,878=,Menza,1
,,,,878=,Merav,1
,,,,878=,Meryem,1
,,,,878=,Meta,1
,,,,878=,Metsa,1
,,,,878=,Mhairi-Clare,1
,,,,878=,Mhorag,1
,,,,878=,Michael,1
,,,,878=,Michaelina,1
,,,,878=,Michaella,1
,,,,878=,Michala,1
,,,,878=,Michel,1
,,,,878=,Michela,1
,,,,878=,Milissa,1
,,,,878=,Mina,1
,,,,878=,Mireece,1
,,,,878=,Mirjam,1
,,,,878=,Mirren,1
,,,,878=,Misba,1
,,,,878=,Misbah,1
,,,,878=,Mitra,1
,,,,878=,Miya,1
,,,,878=,Mon,1
,,,,878=,Monique,1
,,,,878=,Montaha,1
,,,,878=,Moreen,1
,,,,878=,Morena,1
,,,,878=,Morina,1
,,,,878=,Morounkeji,1
,,,,878=,Morvyn,1
,,,,878=,Mosa,1
,,,,878=,Mousumy,1
,,,,878=,Moyra,1
,,,,878=,Mubina,1
,,,,878=,Muire,1
,,,,878=,Mujibun,1
,,,,878=,Muryum,1
,,,,878=,Myzoon,1
,,,,878=,Naa,1
,,,,878=,Naaila,1
,,,,878=,Naba,1
,,,,878=,Nabela,1
,,,,878=,Nabila,1
,,,,878=,Nadea,1
,,,,878=,Naden,1
,,,,878=,Nadina,1
,,,,878=,Nafeesa,1
,,,,878=,Nageena,1
,,,,878=,Naheed,1
,,,,878=,Naila,1
,,,,878=,Naiomi,1
,,,,878=,Najah,1
,,,,878=,Naoine,1
,,,,878=,Nardin,1
,,,,878=,Narelle,1
,,,,878=,Nargas,1
,,,,878=,Nargus,1
,,,,878=,Naseem-Riaz,1
,,,,878=,Nassma,1
,,,,878=,Natalee,1
,,,,878=,Natali,1
,,,,878=,Nataly,1
,,,,878=,Natasa,1
,,,,878=,Natascha,1
,,,,878=,Natasha-Ann,1
,,,,878=,Natazha,1
,,,,878=,Natelle,1
,,,,878=,Nattalie,1
,,,,878=,Naurice,1
,,,,878=,Naveera,1
,,,,878=,Navjyot,1
,,,,878=,Navkiren,1
,,,,878=,Nayab,1
,,,,878=,Nazenean,1
,,,,878=,Nazila,1
,,,,878=,Nazmin,1
,,,,878=,Needa,1
,,,,878=,Neeget,1
,,,,878=,Neesha,1
,,,,878=,Neetu,1
,,,,878=,Nellie,1
,,,,878=,Neomi,1
,,,,878=,Nerissa,1
,,,,878=,Neva,1
,,,,878=,Ngoc,1
,,,,878=,Nicola-Jean,1
,,,,878=,Nicole-Liane,1
,,,,878=,Nicolette,1
,,,,878=,Nicolle,1
,,,,878=,Nida,1
,,,,878=,Nidhi,1
,,,,878=,Niela,1
,,,,878=,Nienke,1
,,,,878=,Nimrit,1
,,,,878=,Niomi,1
,,,,878=,Nisha,1
,,,,878=,Nita-Jean,1
,,,,878=,Niya,1
,,,,878=,Niyati,1
,,,,878=,Nko,1
,,,,878=,Nooreen,1
,,,,878=,Nor,1
,,,,878=,Nora,1
,,,,878=,Norah,1
,,,,878=,Norrelle,1
,,,,878=,Norrien,1
,,,,878=,Nur,1
,,,,878=,Nurbaiti,1
,,,,878=,Nurnatasha,1
,,,,878=,Nurul,1
,,,,878=,Nurzafirah,1
,,,,878=,Nussaibah,1
,,,,878=,Nuzat,1
,,,,878=,Nyallia,1
,,,,878=,Nyla,1
,,,,878=,Nyshah,1
,,,,878=,Nyssa,1
,,,,878=,Oby,1
,,,,878=,Odette,1
,,,,878=,Olga,1
,,,,878=,Olubumi,1
,,,,878=,Olubunmi,1
,,,,878=,Olufunmilayo,1
,,,,878=,Oluwa,1
,,,,878=,Oluwafunmilayo,1
,,,,878=,Olwen,1
,,,,878=,Omara,1
,,,,878=,Omey,1
,,,,878=,Omnia,1
,,,,878=,Omotola,1
,,,,878=,Oona,1
,,,,878=,Opal,1
,,,,878=,Ophelia,1
,,,,878=,Orma,1
,,,,878=,Osha,1
,,,,878=,Ourania,1
,,,,878=,Padraigin,1
,,,,878=,Pagan,1
,,,,878=,Paisley,1
,,,,878=,Paola,1
,,,,878=,Pariya,1
,,,,878=,Parminder,1
,,,,878=,Pat,1
,,,,878=,Patsy,1
,,,,878=,Patti,1
,,,,878=,Paulene,1
,,,,878=,Pekie,1
,,,,878=,Peregrine,1
,,,,878=,Permbir,1
,,,,878=,Permjeet,1
,,,,878=,Phillippa,1
,,,,878=,Phoebe,1
,,,,878=,Phuong,1
,,,,878=,Phyllis,1
,,,,878=,Pia,1
,,,,878=,Poe-Qun,1
,,,,878=,Pooja,1
,,,,878=,Praveena,1
,,,,878=,Preetpal,1
,,,,878=,Pria,1
,,,,878=,Priya,1
,,,,878=,Punam,1
,,,,878=,Qudsia,1
,,,,878=,Queenie,1
,,,,878=,Raabia,1
,,,,878=,Rachele,1
,,,,878=,Rachelle,1
,,,,878=,Rachena,1
,,,,878=,Racsana,1
,,,,878=,Radha,1
,,,,878=,Radhika,1
,,,,878=,Rahila,1
,,,,878=,Rahma,1
,,,,878=,Raindrop,1
,,,,878=,Rajinete,1
,,,,878=,Rajnee,1
,,,,878=,Rajvinder,1
,,,,878=,Rajwant,1
,,,,878=,Ramassa,1
,,,,878=,Rania,1
,,,,878=,Rasha,1
,,,,878=,Rashidat,1
,,,,878=,Rashmi,1
,,,,878=,Rawa,1
,,,,878=,Rayann,1
,,,,878=,Razena,1
,,,,878=,Razina,1
,,,,878=,Razvana,1
,,,,878=,Razwana,1
,,,,878=,Reagan,1
,,,,878=,Rebeca,1
,,,,878=,Rebecca-Jane,1
,,,,878=,Rebeccah,1
,,,,878=,Reece,1
,,,,878=,Regina,1
,,,,878=,Rena,1
,,,,878=,Revi,1
,,,,878=,Rhia,1
,,,,878=,Rhian,1
,,,,878=,Rhobynn,1
,,,,878=,Rhowenna,1
,,,,878=,Rhya,1
,,,,878=,Rian,1
,,,,878=,Rifahat,1
,,,,878=,Riffat,1
,,,,878=,Rikisha,1
,,,,878=,Rikki-Ann,1
,,,,878=,Rilleen,1
,,,,878=,Rinku,1
,,,,878=,Roanna,1
,,,,878=,Robertamay,1
,,,,878=,Rohan,1
,,,,878=,Romila,1
,,,,878=,Rone,1
,,,,878=,Ronny,1
,,,,878=,Ros,1
,,,,878=,Rosa,1
,,,,878=,Rosalie,1
,,,,878=,Rosalynne,1
,,,,878=,Rosaria,1
,,,,878=,Rose-Ann,1
,,,,878=,Rose-Anne,1
,,,,878=,Roseanna,1
,,,,878=,Rosella,1
,,,,878=,Rosheen,1
,,,,878=,Roshni,1
,,,,878=,Rosina,1
,,,,878=,Roslind,1
,,,,878=,Roslyn-Diane,1
,,,,878=,Roslynn,1
,,,,878=,Rowanne,1
,,,,878=,Roxana,1
,,,,878=,Roya,1
,,,,878=,Rozalja,1
,,,,878=,Rozanne,1
,,,,878=,Ruby,1
,,,,878=,Rumana,1
,,,,878=,Rupinder,1
,,,,878=,Ryanne,1
,,,,878=,Saadia,1
,,,,878=,Saaima,1
,,,,878=,Sabah,1
,,,,878=,Sabba,1
,,,,878=,Sacha-Chiara,1
,,,,878=,Sadea,1
,,,,878=,Sader,1
,,,,878=,Sadrah,1
,,,,878=,Safeena,1
,,,,878=,Saffron,1
,,,,878=,Safiha,1
,,,,878=,Safina,1
,,,,878=,Sahdia,1
,,,,878=,Saher,1
,,,,878=,Sahra,1
,,,,878=,Sahri,1
,,,,878=,Sain,1
,,,,878=,Saiqa,1
,,,,878=,Sair,1
,,,,878=,Sairah,1
,,,,878=,Sairia,1
,,,,878=,Saleena,1
,,,,878=,Sally-Ann,1
,,,,878=,Sally-Anne,1
,,,,878=,Salma,1
,,,,878=,Saman,1
,,,,878=,Samantha-Ann,1
,,,,878=,Samantha-Louise,1
,,,,878=,Sameera,1
,,,,878=,Samerah,1
,,,,878=,Samian,1
,,,,878=,Sammie-Jo,1
,,,,878=,Samyra,1
,,,,878=,Sana,1
,,,,878=,Sandeep,1
,,,,878=,Sandeesh,1
,,,,878=,Sandy,1
,,,,878=,Sanjana,1
,,,,878=,Saoirse,1
,,,,878=,Sapna,1
,,,,878=,Sapphire,1
,,,,878=,Sara-Lynn,1
,,,,878=,Sarah-Jayne,1
,,,,878=,Sarala,1
,,,,878=,Saran,1
,,,,878=,Saraswathi,1
,,,,878=,Sardia,1
,,,,878=,Sarndeep,1
,,,,878=,Satvinder,1
,,,,878=,Sau,1
,,,,878=,Sausan,1
,,,,878=,Sbah,1
,,,,878=,Seameen,1
,,,,878=,See,1
,,,,878=,Seema,1
,,,,878=,Seeta,1
,,,,878=,Sehr,1
,,,,878=,Sehra,1
,,,,878=,Sei,1
,,,,878=,Seira,1
,,,,878=,Sejal,1
,,,,878=,Seka,1
,,,,878=,Sekunda,1
,,,,878=,Semone,1
,,,,878=,Senia,1
,,,,878=,Seonad,1
,,,,878=,Seonagh,1
,,,,878=,Serina,1
,,,,878=,Seylina,1
,,,,878=,Shabina,1
,,,,878=,Shabnum,1
,,,,878=,Shagufta,1
,,,,878=,Shahd,1
,,,,878=,Shairine,1
,,,,878=,Shakeela,1
,,,,878=,Shakeera,1
,,,,878=,Shalene,1
,,,,878=,Shamaela,1
,,,,878=,Shamaila,1
,,,,878=,Shamane,1
,,,,878=,Shamela,1
,,,,878=,Shamillah,1
,,,,878=,Shamsa,1
,,,,878=,Shan,1
,,,,878=,Shanelle,1
,,,,878=,Shanette,1
,,,,878=,Shani,1
,,,,878=,Shanita,1
,,,,878=,Shanthini,1
,,,,878=,Shareise,1
,,,,878=,Sharelle,1
,,,,878=,Sharene,1
,,,,878=,Shari,1
,,,,878=,Sharis,1
,,,,878=,Sharise,1
,,,,878=,Sharisse,1
,,,,878=,Sharita,1
,,,,878=,Sharlean,1
,,,,878=,Sharlene-Anne,1
,,,,878=,Sharlyn,1
,,,,878=,Sharmaine,1
,,,,878=,Shaska,1
,,,,878=,Shatha,1
,,,,878=,Shayla,1
,,,,878=,Shayron,1
,,,,878=,Shazeea,1
,,,,878=,Shee,1
,,,,878=,Sheerin,1
,,,,878=,Shehla,1
,,,,878=,Shehnaz,1
,,,,878=,Sheilann,1
,,,,878=,Sheli,1
,,,,878=,Shellagh,1
,,,,878=,Shelly-Ann,1
,,,,878=,Shenagh,1
,,,,878=,Shenaz,1
,,,,878=,Sheralyn,1
,,,,878=,Sherelle,1
,,,,878=,Sheri-Lee,1
,,,,878=,Sheridan,1
,,,,878=,Sherine,1
,,,,878=,Sherlene,1
,,,,878=,Sherley,1
,,,,878=,Sherri,1
,,,,878=,Sherrill,1
,,,,878=,Sherrylee,1
,,,,878=,Shery,1
,,,,878=,Shevan,1
,,,,878=,Shibblee,1
,,,,878=,Shira,1
,,,,878=,Shiree,1
,,,,878=,Shireen,1
,,,,878=,Shirell,1
,,,,878=,Shirley-Ann,1
,,,,878=,Shirleyann,1
,,,,878=,Shivone,1
,,,,878=,Shmyala,1
,,,,878=,Shonadh,1
,,,,878=,Shonna,1
,,,,878=,Shu,1
,,,,878=,Shuna,1
,,,,878=,Sianann,1
,,,,878=,Siarah,1
,,,,878=,Sidra,1
,,,,878=,Sierra,1
,,,,878=,Silvana,1
,,,,878=,Simmone,1
,,,,878=,Simonne,1
,,,,878=,Simran,1
,,,,878=,Sinamis,1
,,,,878=,Sindy,1
,,,,878=,Siobhain,1
,,,,878=,Siobhon,1
,,,,878=,Sionaid,1
,,,,878=,Sirinder,1
,,,,878=,Siti,1
,,,,878=,Siu,1
,,,,878=,Smaira,1
,,,,878=,So,1
,,,,878=,Sobbia,1
,,,,878=,Sobiea,1
,,,,878=,Sofia,1
,,,,878=,Solene,1
,,,,878=,Somay,1
,,,,878=,Somiah,1
,,,,878=,Sonita,1
,,,,878=,Sonja,1
,,,,878=,Soo,1
,,,,878=,Sophina,1
,,,,878=,Sora,1
,,,,878=,Soraya,1
,,,,878=,Soreya,1
,,,,878=,Stacey-Anne,1
,,,,878=,Staci,1
,,,,878=,Stacy-Ann,1
,,,,878=,Stana,1
,,,,878=,Stasa,1
,,,,878=,Steph,1
,,,,878=,Stephnie,1
,,,,878=,Storm,1
,,,,878=,Stveara,1
,,,,878=,Sue,1
,,,,878=,Suja,1
,,,,878=,Sujata,1
,,,,878=,Sujina,1
,,,,878=,Sukhdeep,1
,,,,878=,Sukhjit,1
,,,,878=,Sulea,1
,,,,878=,Sumaira,1
,,,,878=,Suman,1
,,,,878=,Sumayyah,1
,,,,878=,Sumeira,1
,,,,878=,Sumera,1
,,,,878=,Sumerah,1
,,,,878=,Sundas,1
,,,,878=,Sunita,1
,,,,878=,Sunna,1
,,,,878=,Supneet,1
,,,,878=,Surjeet,1
,,,,878=,Susanah,1
,,,,878=,Suzanna,1
,,,,878=,Suzie,1
,,,,878=,Sveena,1
,,,,878=,Svetlana,1
,,,,878=,Syeda,1
,,,,878=,Syma,1
,,,,878=,Symma,1
,,,,878=,Syvona,1
,,,,878=,Tabassam,1
,,,,878=,Tahira,1
,,,,878=,Tahmina,1
,,,,878=,Taiwo,1
,,,,878=,Taiyewo,1
,,,,878=,Talia,1
,,,,878=,Tamala,1
,,,,878=,Tamanda,1
,,,,878=,Tami,1
,,,,878=,Tamise,1
,,,,878=,Tamlyn,1
,,,,878=,Tamlyne,1
,,,,878=,Tammy-Louise,1
,,,,878=,Tanith,1
,,,,878=,Tanja,1
,,,,878=,Tansy,1
,,,,878=,Tanzeel,1
,,,,878=,Tarnia,1
,,,,878=,Taslim,1
,,,,878=,Tasmia,1
,,,,878=,Tauseef,1
,,,,878=,Tayba,1
,,,,878=,Tayseer,1
,,,,878=,Tehaba,1
,,,,878=,Temitope,1
,,,,878=,Terry,1
,,,,878=,Teyba,1
,,,,878=,Thaleia,1
,,,,878=,Thalia,1
,,,,878=,Therese,1
,,,,878=,Thesha,1
,,,,878=,Thi,1
,,,,878=,Thomasine,1
,,,,878=,Thora,1
,,,,878=,Thzeem,1
,,,,878=,Tiana,1
,,,,878=,Tibessem,1
,,,,878=,Tiffani,1
,,,,878=,Tineke,1
,,,,878=,Tonia,1
,,,,878=,Toyah,1
,,,,878=,Tracey-Anne,1
,,,,878=,Trayo,1
,,,,878=,Trina,1
,,,,878=,Triona,1
,,,,878=,Tuesday,1
,,,,878=,Tusleam,1
,,,,878=,Tyaesha,1
,,,,878=,Uchenna,1
,,,,878=,Udani,1
,,,,878=,Ujala,1
,,,,878=,Ula,1
,,,,878=,Umme,1
,,,,878=,Uzmah,1
,,,,878=,Vahri,1
,,,,878=,Vairi,1
,,,,878=,Valarie,1
,,,,878=,Vanda,1
,,,,878=,Vandana,1
,,,,878=,Vani,1
,,,,878=,Vanya,1
,,,,878=,Veyoma,1
,,,,878=,Vharie,1
,,,,878=,Vicky-Louise,1
,,,,878=,Victoria-Anne,1
,,,,878=,Victoria-Jane,1
,,,,878=,Vidya,1
,,,,878=,Vijay,1
,,,,878=,Viki,1
,,,,878=,Vikki-Anne,1
,,,,878=,Vikki-Leigh,1
,,,,878=,Vivianne,1
,,,,878=,Vu,1
,,,,878=,Wajeeha,1
,,,,878=,Wallis,1
,,,,878=,Wardah,1
,,,,878=,Williamina,1
,,,,878=,Winnie,1
,,,,878=,Won,1
,,,,878=,Wun,1
,,,,878=,Xanthe,1
,,,,878=,Xenia,1
,,,,878=,Yan,1
,,,,878=,Yasemin,1
,,,,878=,Yasmeen,1
,,,,878=,Yasmen,1
,,,,878=,Yethnde,1
,,,,878=,Yin,1
,,,,878=,Yoko,1
,,,,878=,Yolanda,1
,,,,878=,Yuen,1
,,,,878=,Yuk,1
,,,,878=,Zainab,1
,,,,878=,Zainami,1
,,,,878=,Zakya,1
,,,,878=,Zamantha,1
,,,,878=,Zanib,1
,,,,878=,Zareena,1
,,,,878=,Zarra,1
,,,,878=,Zaynab,1
,,,,878=,Zeenat,1
,,,,878=,Zeinab,1
,,,,878=,Zena,1
,,,,878=,Zhera-Lee,1
,,,,878=,Zita,1
,,,,878=,Zoe-Anne,1
,,,,878=,Zohra,1
,,,,878=,Zoie-Jane,1
,,,,878=,Zowie,1
,,,,,,
� Crown Copyright 2015,,,,,,
