Babies' first forenames: births registered in Scotland in 1985,,,,,,
,,,,,,
Information about the basis of the list can be found via the 'Babies' First Names' page on the National Records of Scotland website.,,,,,,
,,,,,,
Boys,,,,Girls,,
,,,,,,
Position,Name,Number of babies,,Position,Name,Number of babies
1,David,1769,,1,Laura,1266
2,Christopher,1355,,2,Claire,956
3,Andrew,1230,,3,Nicola,826
4,John,1188,,4,Jennifer,765
5,James,1122,,5,Michelle,669
6,Steven,947,,6,Sarah,620
7,Craig,944,,7,Lisa,598
8,Paul,932,,8=,Emma,573
9,Michael,912,,8=,Louise,573
10,Mark,838,,10,Kirsty,571
11,Scott,794,,11,Fiona,468
12,Robert,674,,12,Gemma,448
13,Stuart,662,,13,Gillian,400
14,Stephen,624,,14,Karen,394
15,Gary,602,,15,Samantha,371
16,William,599,,16,Amanda,346
17,Kevin,547,,17,Ashley,342
18,Ross,516,,18,Lynsey,313
19,Ryan,455,,19,Stacey,309
20,Jamie,442,,20,Natalie,307
21,Richard,439,,21,Stephanie,301
22,Alan,413,,22,Victoria,296
23,Thomas,407,,23,Donna,277
24,Darren,383,,24,Kelly,269
25,Martin,377,,25,Alison,260
26,Colin,375,,26,Cheryl,258
27,Graeme,366,,27,Pamela,253
28,Daniel,359,,28=,Amy,252
29,Brian,328,,28=,Rachel,252
30,Alexander,323,,30,Lauren,249
31,Gordon,311,,31=,Charlene,238
32,Peter,307,,31=,Heather,238
33,Iain,304,,31=,Joanne,238
34,Sean,297,,34,Angela,234
35,Ian,289,,35,Julie,233
36,Matthew,259,,36,Jenna,229
37,Barry,258,,37,Susan,224
38,Jonathan,256,,38,Leanne,221
39=,Graham,245,,39,Deborah,214
39=,Lee,245,,40,Catherine,204
41,Adam,234,,41=,Kimberley,195
42,Neil,232,,41=,Suzanne,195
43,Kenneth,218,,43=,Jacqueline,190
44,Derek,213,,43=,Kerry,190
45,Allan,208,,45,Elizabeth,173
46,Gavin,197,,46,Danielle,164
47,Stewart,190,,47,Debbie,162
48,Grant,187,,48,Caroline,161
49,Fraser,186,,49,Nicole,149
50,Nicholas,177,,50,Lesley,148
51,George,172,,51,Paula,145
52,Joseph,166,,52,Lynne,144
53,Anthony,159,,53,Elaine,143
54,Douglas,156,,54,Clare,142
55,Shaun,155,,55,Sharon,140
56,Liam,152,,56,Lorna,136
57,Jason,150,,57,Lindsay,135
58=,Calum,139,,58,Yvonne,133
58=,Marc,139,,59,Lorraine,130
60,Callum,129,,60,Dawn,127
61,Greg,125,,61=,Helen,122
62,Duncan,122,,61=,Rebecca,122
63=,Alistair,117,,61=,Siobhan,122
63=,Philip,117,,64,Tracy,117
65=,Bryan,113,,65,Katie,116
65=,Keith,113,,66,Margaret,114
67,Simon,111,,67,Catriona,112
68,Euan,105,,68,Christine,109
69,Garry,102,,69=,Joanna,108
70,Donald,101,,69=,Lynn,108
71,Cameron,99,,71,Alana,101
72,Edward,96,,72,Hayley,99
73,Ewan,95,,73,Hazel,96
74,Charles,93,,74=,Anna,95
75,Lewis,87,,74=,Kathryn,95
76,Alasdair,84,,76=,Hannah,93
77=,Gareth,82,,76=,Katherine,93
77=,Raymond,82,,76=,Lyndsey,93
79=,Alastair,79,,76=,Tracey,93
79=,Dean,79,,80=,Diane,92
79=,Patrick,79,,80=,Natasha,92
82,Benjamin,74,,82=,Christina,91
83,Russell,69,,82=,Lucy,91
84=,Kieran,60,,84=,Katrina,89
84=,Martyn,60,,84=,Rachael,89
86,Samuel,58,,86,Zoe,88
87=,Gerard,57,,87,Pauline,87
87=,Malcolm,57,,88,Carol,86
89=,Bruce,51,,89=,Kirsten,85
89=,Greig,51,,89=,Lyndsay,85
91=,Jordan,50,,89=,Ruth,85
91=,Kyle,50,,92,Stacy,83
93=,Ben,48,,93,Kim,81
93=,Gregor,48,,94,Holly,80
95,Rory,47,,95,Ashleigh,79
96,Blair,46,,96=,Sara,78
97,Aaron,45,,96=,Shona,78
98=,Murray,44,,98,Melissa,77
98=,Niall,44,,99=,Jillian,76
98=,Wayne,44,,99=,Linda,76
101,Dale,42,,101=,Anne,75
102=,Francis,41,,101=,Kathleen,75
102=,Kristopher,41,,103,Mary,74
102=,Mohammed,41,,104=,Jill,73
105,Ronald,39,,104=,Mhairi,73
106=,Angus,37,,106=,Lindsey,72
106=,Jack,37,,106=,Marie,72
106=,Robin,37,,108,Jemma,71
109=,Daryl,36,,109,Kayleigh,70
109=,Kris,36,,110,Andrea,68
111,Timothy,35,,111,Carrie,67
112,Jon,32,,112,Eilidh,66
113=,Gregory,30,,113=,Charlotte,65
113=,Hugh,30,,113=,Jane,65
115=,Dominic,29,,115,Jade,64
115=,Roy,29,,116,Erin,63
117,Luke,28,,117,Leigh,62
118,Mohammad,27,,118,Melanie,61
119=,Adrian,26,,119=,Linsey,57
119=,Brendan,26,,119=,Nikki,57
121,Eric,25,,121=,Linzi,56
122=,Antony,24,,121=,Mandy,56
122=,Owen,24,,123,Cara,55
122=,Tony,24,,124=,Denise,54
125,Robbie,23,,124=,Kimberly,54
126,Sam,22,,124=,Shelley,54
127=,Billy,21,,127,Arlene,53
127=,Frazer,21,,128,Emily,51
127=,Gerald,21,,129,Adele,50
127=,Ricky,21,,130,Aimee,49
131=,Damien,20,,131=,Ann,47
131=,Frank,20,,131=,Hollie,47
131=,Henry,20,,131=,Lynsay,47
131=,Nicky,20,,131=,Maria,47
135=,Harry,19,,135,Frances,46
135=,Nathan,19,,136=,Mairi,44
137=,Barrie,18,,136=,Vicky,44
137=,Justin,18,,136=,Vikki,44
137=,Leigh,18,,139=,Kate,43
140=,Campbell,17,,139=,Lee,43
140=,Fergus,17,,141=,Eleanor,41
140=,Lawrence,17,,141=,Gail,41
143=,Alister,16,,141=,Patricia,41
143=,Danny,16,,144,Jodie,40
143=,Kristofer,16,,145=,Clair,39
143=,Oliver,16,,145=,Vicki,39
143=,Omar,16,,147=,Carolyn,38
143=,Shane,16,,147=,Nadia,38
143=,Terence,16,,147=,Sophie,38
143=,Terry,16,,150,Aileen,37
143=,Tom,16,,151,Katy,36
143=,Vincent,16,,152=,Gayle,35
153=,Hamish,15,,152=,Naomi,35
153=,Mathew,15,,152=,Wendy,35
153=,Ruaridh,15,,155,Nichola,34
156=,Finlay,14,,156=,Leeanne,33
156=,Guy,14,,156=,Marion,33
156=,Joshua,14,,158=,Ailsa,32
156=,Kirk,14,,158=,Alexandra,32
156=,Leonard,14,,158=,Kay,32
156=,Neal,14,,158=,Kerri,32
156=,Roderick,14,,162=,Carla,31
156=,Stefan,14,,162=,Jamie,31
164=,Chris,13,,162=,Julia,31
164=,Marco,13,,162=,Rhona,31
164=,Sandy,13,,162=,Tammy,31
167=,Arran,12,,162=,Toni,31
167=,Darryl,12,,168=,Kerrie,30
167=,Drew,12,,168=,Terri,30
167=,Glenn,12,,170=,Leona,29
167=,Jeffrey,12,,170=,Megan,29
167=,Johnathan,12,,172=,Carly,28
167=,Jonathon,12,,172=,Kara,28
167=,Laurence,12,,174=,Audrey,27
167=,Louis,12,,174=,Dionne,27
167=,Marcus,12,,174=,Jayne,27
167=,Morgan,12,,174=,Robyn,27
167=,Murdo,12,,178=,Alexis,26
167=,Norman,12,,178=,Colette,26
167=,Ruairidh,12,,178=,Janet,26
181,Phillip,11,,178=,Janine,26
182=,Alisdair,10,,178=,Judith,26
182=,Ciaran,10,,178=,Sian,26
182=,Damian,10,,184=,Allison,25
182=,Dylan,10,,184=,Alyson,25
182=,Lloyd,10,,184=,Barbara,25
182=,Muhammad,10,,184=,Isla,25
182=,Neale,10,,184=,Rosemary,25
182=,Trevor,10,,184=,Zara,25
190=,Aidan,9,,190=,Lara,24
190=,Ashley,9,,190=,Leah,24
190=,Brett,9,,190=,Lynda,24
190=,Don,9,,190=,Nadine,24
190=,Elliot,9,,190=,Sandra,24
190=,Evan,9,,195=,Alanna,23
190=,Frederick,9,,195=,Colleen,23
190=,Glen,9,,195=,Geraldine,23
190=,Jay,9,,195=,Jaclyn,23
190=,Joe,9,,195=,Lee-Anne,23
190=,Kristoffer,9,,195=,Lianne,23
190=,Leon,9,,195=,Lyn,23
190=,Mohd,9,,195=,Sally,23
190=,Nikki,9,,195=,Sarah-Jane,23
190=,Roger,9,,204,Morven,22
190=,Ronnie,9,,205=,Iona,21
190=,Struan,9,,205=,Katharine,21
207=,Alex,8,,205=,Kirstin,21
207=,Archibald,8,,208=,Allana,20
207=,Arthur,8,,208=,Anne-Marie,20
207=,Bradley,8,,208=,Annette,20
207=,Bryce,8,,208=,Bernadette,20
207=,Denis,8,,208=,Laurie,20
207=,Ewen,8,,208=,Maxine,20
207=,Imran,8,,208=,Morag,20
207=,Jeff,8,,215=,Eileen,19
207=,Jeremy,8,,215=,Georgina,19
207=,Karl,8,,215=,Grace,19
207=,Laurie,8,,215=,Sheryl,19
207=,Rikki,8,,215=,Tanya,19
207=,Steve,8,,215=,Theresa,19
221=,Ahmad,7,,221=,Chloe,18
221=,Ahmed,7,,221=,Debra,18
221=,Ali,7,,221=,Jan,18
221=,Asif,7,,221=,Jessica,18
221=,Bernard,7,,221=,Kirsteen,18
221=,Calvin,7,,221=,Lori,18
221=,Carl,7,,221=,Louisa,18
221=,Damon,7,,228=,Ailie,17
221=,Darran,7,,228=,Amie,17
221=,Leslie,7,,228=,Dianne,17
221=,Lyle,7,,228=,Isobel,17
221=,Mohamed,7,,228=,Janice,17
233=,Bobby,6,,228=,Jenny,17
233=,Clark,6,,228=,Karin,17
233=,Crawford,6,,228=,Keri,17
233=,Dane,6,,228=,Leeann,17
233=,Derrick,6,,228=,Nina,17
233=,Gilbert,6,,228=,Simone,17
233=,Grahame,6,,228=,Sonia,17
233=,Jake,6,,228=,Tara,17
233=,Joel,6,,228=,Teri,17
233=,Keiran,6,,228=,Valerie,17
233=,Kerr,6,,243=,Beverley,16
233=,Kieron,6,,243=,Linsay,16
233=,Lance,6,,243=,Marianne,16
233=,Lindsay,6,,243=,Stefanie,16
233=,Lyall,6,,243=,Susanne,16
233=,Magnus,6,,248=,Jolene,15
233=,Nicolas,6,,248=,Josephine,15
233=,Ralph,6,,248=,Lana,15
233=,Ray,6,,248=,Lee-Ann,15
233=,Shawn,6,,248=,Maureen,15
253=,Alec,5,,248=,Monica,15
253=,Antonio,5,,248=,Sharlene,15
253=,Brydon,5,,248=,Sheena,15
253=,Carlo,5,,256=,Abigail,14
253=,Christian,5,,256=,Ainsley,14
253=,Conan,5,,256=,Charmaine,14
253=,Darrell,5,,256=,Dana,14
253=,Declan,5,,256=,Irene,14
253=,Dennis,5,,256=,Rona,14
253=,Desmond,5,,262=,Alice,13
253=,Eamonn,5,,262=,Annmarie,13
253=,Erik,5,,262=,Bryony,13
253=,Erlend,5,,262=,Collette,13
253=,Geoffrey,5,,262=,Faye,13
253=,Jim,5,,262=,Jean,13
253=,Johnny,5,,262=,Karina,13
253=,Kevan,5,,262=,Kristina,13
253=,Lachlan,5,,262=,Krystal,13
253=,Maxwell,5,,262=,Shonagh,13
253=,Ranald,5,,262=,Vanessa,13
253=,Scot,5,,262=,Veronica,13
253=,Wallace,5,,274=,Alexandria,12
253=,Warren,5,,274=,Alicia,12
253=,Zahid,5,,274=,Carole,12
277=,Abdul,4,,274=,Ellen,12
277=,Allen,4,,274=,Genna,12
277=,Alun,4,,274=,Jody,12
277=,Amer,4,,274=,Justine,12
277=,Arfan,4,,274=,Kellie,12
277=,Asa,4,,274=,Kelly-Anne,12
277=,Austin,4,,274=,Kirstie,12
277=,Brent,4,,274=,Lesley-Anne,12
277=,Byron,4,,274=,Lynette,12
277=,Chi,4,,274=,Mari,12
277=,Findlay,4,,274=,Michele,12
277=,Gregg,4,,274=,Rosalind,12
277=,Isaac,4,,274=,Roslyn,12
277=,Jan,4,,274=,Sophia,12
277=,Jared,4,,274=,Tina,12
277=,John-Paul,4,,292=,Aisha,11
277=,Julian,4,,292=,Annie,11
277=,Kashif,4,,292=,Avril,11
277=,Keir,4,,292=,Caitlin,11
277=,Kelvin,4,,292=,Camilla,11
277=,Kenny,4,,292=,Carolanne,11
277=,Lawrie,4,,292=,Cherie,11
277=,Mario,4,,292=,Coleen,11
277=,Nadeem,4,,292=,Connie,11
277=,Neill,4,,292=,Erica,11
277=,Nicol,4,,292=,Eve,11
277=,Reuben,4,,292=,Evelyn,11
277=,Riccardo,4,,292=,Fallon,11
277=,Sohaib,4,,292=,June,11
277=,Syed,4,,292=,Karla,11
277=,Tariq,4,,292=,Kelly-Ann,11
277=,Tristan,4,,292=,Kylie,11
277=,Tyler,4,,292=,Lucinda,11
277=,Walter,4,,292=,Miranda,11
311=,Adnan,3,,292=,Moira,11
311=,Alain,3,,292=,Rhiannon,11
311=,Amir,3,,292=,Sasha,11
311=,Archie,3,,292=,Selina,11
311=,Asim,3,,292=,Shirley,11
311=,Brandon,3,,292=,Susannah,11
311=,Cal,3,,292=,Vivienne,11
311=,Charlie,3,,318=,Adelle,10
311=,Chun,3,,318=,Amber,10
311=,Cornelius,3,,318=,Amelia,10
311=,Darrin,3,,318=,Antonia,10
311=,Darryn,3,,318=,Beth,10
311=,Derick,3,,318=,Candice,10
311=,Dougal,3,,318=,Carolann,10
311=,Farhan,3,,318=,Cassie,10
311=,Hassan,3,,318=,Dee,10
311=,Hugo,3,,318=,Diana,10
311=,Humza,3,,318=,Elise,10
311=,Innes,3,,318=,Francesca,10
311=,Irving,3,,318=,Jay,10
311=,Jaime,3,,318=,Johanna,10
311=,Ka,3,,318=,Keira,10
311=,Kamran,3,,318=,Kelly-Marie,10
311=,Khalid,3,,318=,Leighanne,10
311=,Lea,3,,318=,Nazia,10
311=,Leo,3,,318=,Rose,10
311=,Logan,3,,318=,Roxanne,10
311=,Maurice,3,,318=,Seonaid,10
311=,Max,3,,339=,Alannah,9
311=,Mohamad,3,,339=,Anita,9
311=,Moray,3,,339=,Carol-Anne,9
311=,Myles,3,,339=,Claudia,9
311=,Nathaniel,3,,339=,Crystal,9
311=,Niki,3,,339=,Dorothy,9
311=,Nikolas,3,,339=,Elspeth,9
311=,Ramsay,3,,339=,Eva,9
311=,Rizwan,3,,339=,Jo-Anne,9
311=,Roddy,3,,339=,Jodi,9
311=,Rodney,3,,339=,Julie-Ann,9
311=,Ruaraidh,3,,339=,Kerry-Ann,9
311=,Saleem,3,,339=,Madeleine,9
311=,Sandeep,3,,339=,Mhari,9
311=,Saqib,3,,339=,Philippa,9
311=,Sebastian,3,,339=,Sonya,9
311=,Sheraz,3,,339=,Teresa,9
311=,Sohail,3,,339=,Tessa,9
311=,Tobias,3,,357=,Ann-Marie,8
311=,Toby,3,,357=,Anneka,8
311=,Tommy,3,,357=,Brenda,8
311=,Umer,3,,357=,Bridget,8
311=,Usman,3,,357=,Haley,8
311=,Victor,3,,357=,Jaime,8
311=,Vijay,3,,357=,Joyce,8
311=,Wesley,3,,357=,Kellyann,8
311=,Zachary,3,,357=,Krystle,8
366=,Abdullah,2,,357=,Leigh-Ann,8
366=,Adil,2,,357=,Leigh-Anne,8
366=,Aftab,2,,357=,Lois,8
366=,Aiden,2,,357=,Marissa,8
366=,Albert,2,,357=,Miriam,8
366=,Alfred,2,,357=,Sabrina,8
366=,Allyn,2,,357=,Sheila,8
366=,Alyn,2,,357=,Sheree,8
366=,Amar,2,,374=,Allyson,7
366=,Ammar,2,,374=,April,7
366=,Amr,2,,374=,Brooke,7
366=,Amran,2,,374=,Carol-Ann,7
366=,Anoop,2,,374=,Caryn,7
366=,Antoni,2,,374=,Clara,7
366=,Arron,2,,374=,Esther,7
366=,Arshid,2,,374=,Freya,7
366=,Asad,2,,374=,Helena,7
366=,Barnaby,2,,374=,Janette,7
366=,Benedict,2,,374=,Joy,7
366=,Blain,2,,374=,Lesley-Ann,7
366=,Blaine,2,,374=,Liza,7
366=,Blaise,2,,374=,Marina,7
366=,Blake,2,,374=,Marisa,7
366=,Boyd,2,,374=,Michaela,7
366=,Bryn,2,,374=,Morgan,7
366=,Cairn,2,,374=,Morna,7
366=,Cesare,2,,374=,Rhian,7
366=,Chad,2,,374=,Ria,7
366=,Christie,2,,374=,Roberta,7
366=,Clarke,2,,374=,Roisin,7
366=,Cliff,2,,374=,Rosalyn,7
366=,Clive,2,,374=,Sadia,7
366=,Collin,2,,374=,Sandie,7
366=,Curtis,2,,374=,Sharron,7
366=,Daley,2,,374=,Sofia,7
366=,Dallas,2,,374=,Sylvia,7
366=,Dario,2,,402=,Agnes,6
366=,Darroch,2,,402=,Aimi,6
366=,Darron,2,,402=,Alia,6
366=,Donnie,2,,402=,Carlyn,6
366=,Dwayne,2,,402=,Chantelle,6
366=,Eamon,2,,402=,Christie,6
366=,Edmund,2,,402=,Courtney,6
366=,Edwin,2,,402=,Dominique,6
366=,Ellis,2,,402=,Emma-Louise,6
366=,Faisal,2,,402=,Fatima,6
366=,Fionn,2,,402=,Genevieve,6
366=,Frankie,2,,402=,Gwen,6
366=,Gabriel,2,,402=,Heidi,6
366=,Gerarde,2,,402=,Hilary,6
366=,Giovanni,2,,402=,Jacquelyn,6
366=,Glyn,2,,402=,Janis,6
366=,Hamid,2,,402=,Johann,6
366=,Hamza,2,,402=,Karyn,6
366=,Hamzah,2,,402=,Kathrine,6
366=,Harold,2,,402=,Kristen,6
366=,Hashim,2,,402=,Kristine,6
366=,Hendry,2,,402=,Laura-Anne,6
366=,Howard,2,,402=,Leighann,6
366=,Hughie,2,,402=,Leonie,6
366=,Humayun,2,,402=,Linzie,6
366=,Iqbal,2,,402=,Lora,6
366=,Irwin,2,,402=,Loren,6
366=,Ismail,2,,402=,Lydia,6
366=,Ivan,2,,402=,Olivia,6
366=,Jacob,2,,402=,Roseann,6
366=,Jamal,2,,402=,Saima,6
366=,Jaspal,2,,402=,Shannon,6
366=,Jaswinder,2,,402=,Shereen,6
366=,Jed,2,,402=,Sinead,6
366=,Jody,2,,402=,Stacie,6
366=,Josef,2,,437=,Alexa,5
366=,Jude,2,,437=,Amina,5
366=,Kasam,2,,437=,Arleen,5
366=,Keiren,2,,437=,Asma,5
366=,Keiron,2,,437=,Aynsley,5
366=,Kendall,2,,437=,Aysha,5
366=,Khurrum,2,,437=,Bianca,5
366=,Larry,2,,437=,Billie,5
366=,Lawson,2,,437=,Bonnie,5
366=,Leighton,2,,437=,Cally,5
366=,Loren,2,,437=,Carina,5
366=,Luca,2,,437=,Carmen,5
366=,Lyndon,2,,437=,Casey,5
366=,Manus,2,,437=,Corinne,5
366=,Marvin,2,,437=,Daniela,5
366=,Mateusz,2,,437=,Felicity,5
366=,Melvin,2,,437=,Fern,5
366=,Mitchell,2,,437=,Holli,5
366=,Mohsin,2,,437=,Isabella,5
366=,Morris,2,,437=,Jackie,5
366=,Nabeel,2,,437=,Jacqui,5
366=,Nicki,2,,437=,Jaimie,5
366=,Nico,2,,437=,Janie,5
366=,Nishant,2,,437=,Jenifer,5
366=,Nitin,2,,437=,Julianne,5
366=,Noel,2,,437=,Julieann,5
366=,Omair,2,,437=,Juliet,5
366=,Omer,2,,437=,Kerry-Anne,5
366=,Osman,2,,437=,Kira,5
366=,Padraig,2,,437=,Kirstine,5
366=,Paolo,2,,437=,Leonna,5
366=,Pierce,2,,437=,Mairead,5
366=,Pierre,2,,437=,Maree,5
366=,Qamar,2,,437=,Martina,5
366=,Qamer,2,,437=,Maryam,5
366=,Qasim,2,,437=,May,5
366=,Remi,2,,437=,Mechelle,5
366=,Rene,2,,437=,Mellisa,5
366=,Ricardo,2,,437=,Mellissa,5
366=,Richie,2,,437=,Myra,5
366=,Richy,2,,437=,Natalia,5
366=,Rickie,2,,437=,Nathalie,5
366=,Ritchie,2,,437=,Norma,5
366=,Robb,2,,437=,Rachelle,5
366=,Robby,2,,437=,Sacha,5
366=,Ronan,2,,437=,Salma,5
366=,Roshan,2,,437=,Shari,5
366=,Rowan,2,,437=,Shelly,5
366=,Salam,2,,437=,Sheona,5
366=,Saleh,2,,437=,Yasmin,5
366=,Salvatore,2,,487=,Ainslie,4
366=,Sami,2,,487=,Aisling,4
366=,Samir,2,,487=,Allanah,4
366=,Seth,2,,487=,Ami,4
366=,Seumas,2,,487=,Amna,4
366=,Shahbaz,2,,487=,Andrena,4
366=,Shahzad,2,,487=,Annika,4
366=,Sholto,2,,487=,Anya,4
366=,Sonny,2,,487=,Ashlee,4
366=,Stanley,2,,487=,Briony,4
366=,Sunil,2,,487=,Carrie-Ann,4
366=,Tahir,2,,487=,Carrie-Anne,4
366=,Terrence,2,,487=,Carron,4
366=,Todd,2,,487=,Carys,4
366=,Tsun,2,,487=,Catrina,4
366=,Umair,2,,487=,Cindy,4
366=,Umar,2,,487=,Corrie,4
366=,Vikas,2,,487=,Daniella,4
366=,Wahid,2,,487=,Elena,4
366=,Waqas,2,,487=,Elisabeth,4
366=,Wilson,2,,487=,Emma-Jane,4
366=,Yaser,2,,487=,Erika,4
366=,Yousef,2,,487=,Estelle,4
366=,Zak,2,,487=,Evonne,4
366=,Zeshan,2,,487=,Gaynor,4
366=,Zishan,2,,487=,Harriet,4
513=,Aamir,1,,487=,Jacklyn,4
513=,Aaqil,1,,487=,Jeanette,4
513=,Aarron,1,,487=,Jena,4
513=,Abdul-Aziz,1,,487=,Johan,4
513=,Abdulaziz,1,,487=,Johanne,4
513=,Abdulgader,1,,487=,Joni,4
513=,Abdulla,1,,487=,Kari,4
513=,Abdulmalik,1,,487=,Karine,4
513=,Abdur,1,,487=,Karis,4
513=,Abed,1,,487=,Katriona,4
513=,Abid,1,,487=,Kelli,4
513=,Abinash,1,,487=,Kendal,4
513=,Abrarr,1,,487=,Kendall,4
513=,Abu,1,,487=,Kristin,4
513=,Abul,1,,487=,Kyra,4
513=,Adair,1,,487=,Leann,4
513=,Adal,1,,487=,Leila,4
513=,Adebayo,1,,487=,Lia,4
513=,Adeeb,1,,487=,Lillian,4
513=,Adeel,1,,487=,Lucie,4
513=,Aden,1,,487=,Lynzi,4
513=,Adetokunbo,1,,487=,Marlene,4
513=,Adrees,1,,487=,Marnie,4
513=,Adriano,1,,487=,Martha,4
513=,Adrianus,1,,487=,Maryann,4
513=,Adrien,1,,487=,Nancy,4
513=,Aedriann,1,,487=,Nikita,4
513=,Afnaan,1,,487=,Nikola,4
513=,Afshein,1,,487=,Nurul,4
513=,Agustinus,1,,487=,Nyree,4
513=,Aharon,1,,487=,Penny,4
513=,Ahmad-Ayubi,1,,487=,Rochelle,4
513=,Ahsan,1,,487=,Roseanne,4
513=,Aikey,1,,487=,Rosie,4
513=,Ainsley,1,,487=,Rowan,4
513=,Aizuddeen,1,,487=,Rowena,4
513=,Ajuoei,1,,487=,Sadie,4
513=,Akhram,1,,487=,Saira,4
513=,Alaister,1,,487=,Samera,4
513=,Alan-Alexander,1,,487=,Sarah-Louise,4
513=,Aldo,1,,487=,Satveer,4
513=,Aled,1,,487=,Shabana,4
513=,Aleem,1,,487=,Shazia,4
513=,Alfonso,1,,487=,Sonja,4
513=,Alix,1,,487=,Susanna,4
513=,Alla,1,,487=,Tamara,4
513=,Allin,1,,487=,Tammie,4
513=,Allistair,1,,487=,Tiffany,4
513=,Alvar,1,,487=,Vaila,4
513=,Alwyn,1,,487=,Vickie,4
513=,Aly,1,,487=,Vivien,4
513=,Amak,1,,487=,Wing,4
513=,Amandeep,1,,565=,Abbie,3
513=,Ambrose,1,,565=,Abby,3
513=,Ameen,1,,565=,Abida,3
513=,Ami,1,,565=,Adrienne,3
513=,Amin,1,,565=,Afton,3
513=,Amirjit,1,,565=,Ailidh,3
513=,Anas,1,,565=,Aine,3
513=,Anbar-Ul-Haq,1,,565=,Alisha,3
513=,Andoni,1,,565=,Alix,3
513=,Andres,1,,565=,Andrina,3
513=,Andrew-John,1,,565=,Angie,3
513=,Andrie,1,,565=,Annabel,3
513=,Aneel,1,,565=,Ashlea,3
513=,Anees,1,,565=,Asiya,3
513=,Angelo,1,,565=,Ayesha,3
513=,Anjam,1,,565=,Bethany,3
513=,Anmar,1,,565=,Carine,3
513=,Anton,1,,565=,Carleen,3
513=,Anurag,1,,565=,Cassandra,3
513=,Anwar,1,,565=,Cathryn,3
513=,Aous,1,,565=,Ceri,3
513=,Aran,1,,565=,Chelsea,3
513=,Arash,1,,565=,Cher,3
513=,Aravindel,1,,565=,Cherise,3
513=,Arif,1,,565=,Cherry,3
513=,Arman,1,,565=,Chevonne,3
513=,Armin,1,,565=,Colene,3
513=,Armon,1,,565=,Corrine,3
513=,Arun,1,,565=,Debby,3
513=,Asadullah,1,,565=,Debi,3
513=,Asaif,1,,565=,Debora,3
513=,Ashfaq,1,,565=,Donna-Marie,3
513=,Ashish,1,,565=,Edwina,3
513=,Ashok,1,,565=,Eliza,3
513=,Ashraful,1,,565=,Farah,3
513=,Ashrif,1,,565=,Fay,3
513=,Asmar,1,,565=,Gabrielle,3
513=,Asmat,1,,565=,Gael,3
513=,Aston,1,,565=,Hayleigh,3
513=,Atholl,1,,565=,Helga,3
513=,Atif,1,,565=,Ingrid,3
513=,Auben,1,,565=,Jasmin,3
513=,Austen,1,,565=,Jasmine,3
513=,Avinash,1,,565=,Jo-Ann,3
513=,Avisek,1,,565=,Joan,3
513=,Avtar,1,,565=,Joann,3
513=,Awes,1,,565=,Julie-Anne,3
513=,Awssameh,1,,565=,Julieanne,3
513=,Ayman,1,,565=,Kaleigh,3
513=,Azeem,1,,565=,Karlyn,3
513=,Azlan,1,,565=,Kiera,3
513=,Azrain,1,,565=,Kirstina,3
513=,Babak,1,,565=,Kristeen,3
513=,Badr,1,,565=,Kym,3
513=,Badrul,1,,565=,Laila,3
513=,Balal,1,,565=,Larissa,3
513=,Balwinder,1,,565=,Laura-Ann,3
513=,Bari,1,,565=,Leanna,3
513=,Barnabas,1,,565=,Lena,3
513=,Barney,1,,565=,Liane,3
513=,Barry-Paul,1,,565=,Lianna,3
513=,Basharat,1,,565=,Lilian,3
513=,Beau,1,,565=,Lindy,3
513=,Belal,1,,565=,Lisa-Jane,3
513=,Ben-Daniel,1,,565=,Lisamarie,3
513=,Ben-Michael,1,,565=,Lucia,3
513=,Benoit,1,,565=,Lynnette,3
513=,Bernie,1,,565=,Lynnsey,3
513=,Bert,1,,565=,Lynzie,3
513=,Bevan,1,,565=,Margo,3
513=,Bill,1,,565=,Mary-Jane,3
513=,Billy-Joe,1,,565=,Marysia,3
513=,Birrell,1,,565=,Meghan,3
513=,Bjorn,1,,565=,Melisa,3
513=,Bobbie,1,,565=,Monique,3
513=,Brad,1,,565=,Nicki,3
513=,Brady,1,,565=,Niki,3
513=,Brendon,1,,565=,Noelle,3
513=,Brennen,1,,565=,Noreen,3
513=,Bret,1,,565=,Oonagh,3
513=,Brien,1,,565=,Rabia,3
513=,Brooke,1,,565=,Rehana,3
513=,Bryon,1,,565=,Rhonda,3
513=,Bubaker,1,,565=,Romy,3
513=,Burhan,1,,565=,Rosa,3
513=,Cain,1,,565=,Rosanne,3
513=,Calan,1,,565=,Sabina,3
513=,Caleb,1,,565=,Selena,3
513=,Callan,1,,565=,Seona,3
513=,Calumn,1,,565=,Serena,3
513=,Carson,1,,565=,Shauna,3
513=,Cash,1,,565=,Siti,3
513=,Cemal,1,,565=,Stella,3
513=,Chae,1,,565=,Stephenie,3
513=,Chalum,1,,565=,Sunita,3
513=,Chang,1,,565=,Tania,3
513=,Che,1,,565=,Tegan,3
513=,Chen,1,,565=,Therese,3
513=,Chidi,1,,565=,Tracie,3
513=,Chien,1,,565=,Verity,3
513=,Chin,1,,565=,Virginia,3
513=,Christophe,1,,565=,Yvette,3
513=,Christopher-Joh,1,,565=,Zandra,3
513=,Christopher-Ros,1,,565=,Zohra,3
513=,Christos,1,,669=,Aamna,2
513=,Christpher,1,,669=,Aarti,2
513=,Claudio,1,,669=,Aasma,2
513=,Claus,1,,669=,Adeline,2
513=,Clement,1,,669=,Aimie,2
513=,Clifton,1,,669=,Aiysha,2
513=,Clinton,1,,669=,Alaa,2
513=,Coel,1,,669=,Alaine,2
513=,Coen,1,,669=,Alanah,2
513=,Coinneach,1,,669=,Alena,2
513=,Collwyn,1,,669=,Alessia,2
513=,Colm,1,,669=,Amiee,2
513=,Colyn,1,,669=,Amii,2
513=,Conal,1,,669=,Amrit,2
513=,Connell,1,,669=,Ana,2
513=,Connor,1,,669=,Anastasia,2
513=,Conroy,1,,669=,Andria,2
513=,Constantin,1,,669=,Aneesha,2
513=,Corey,1,,669=,Anette,2
513=,Cornelious,1,,669=,Anika,2
513=,Corrie,1,,669=,Ann-Louise,2
513=,Cosmo,1,,669=,Anna-Marie,2
513=,Craigg,1,,669=,Annabelle,2
513=,Creag,1,,669=,Annemarie,2
513=,Crichton,1,,669=,Antoinette,2
513=,Cristiane,1,,669=,Ariane,2
513=,Cristopher,1,,669=,Arwen,2
513=,Cumberland,1,,669=,Ashia,2
513=,Curt,1,,669=,Ashliegh,2
513=,Daine,1,,669=,Autumn,2
513=,Dalbir,1,,669=,Azra,2
513=,Daldip,1,,669=,Barbara-Ann,2
513=,Damin,1,,669=,Becky,2
513=,Danilo,1,,669=,Belinda,2
513=,Daran,1,,669=,Beverly,2
513=,Daren,1,,669=,Blair,2
513=,Dareth,1,,669=,Bobbi,2
513=,Darian,1,,669=,Bobbie,2
513=,Dariuish,1,,669=,Breege,2
513=,Darm,1,,669=,Bronagh,2
513=,Darragh,1,,669=,Bushra,2
513=,Darrel,1,,669=,Caireen,2
513=,Daryll,1,,669=,Calley,2
513=,Daryn,1,,669=,Camille,2
513=,Davey,1,,669=,Careen,2
513=,Davie,1,,669=,Caren,2
513=,Davinder,1,,669=,Carey,2
513=,Dayle,1,,669=,Carin,2
513=,Deepak,1,,669=,Catrin,2
513=,Dela,1,,669=,Cecilia,2
513=,Dennie,1,,669=,Ceilidh,2
513=,Denny,1,,669=,Chantal,2
513=,Dermot,1,,669=,Charleen,2
513=,Derren,1,,669=,Cherrie,2
513=,Derry,1,,669=,Cheryl-Lee,2
513=,Deryck,1,,669=,Cheryle,2
513=,Deryk,1,,669=,Christa,2
513=,Deryl,1,,669=,Christel,2
513=,Des,1,,669=,Christy,2
513=,Dibeyndu,1,,669=,Constance,2
513=,Dieter,1,,669=,Coralie,2
513=,Dilawar,1,,669=,Corin,2
513=,Dimitri,1,,669=,Corrina,2
513=,Dio,1,,669=,Cristina,2
513=,Dion,1,,669=,David,2
513=,Djamal,1,,669=,Debbie-Lea,2
513=,Dominick,1,,669=,Debbie-Lee,2
513=,Dougall,1,,669=,Dee-Ann,2
513=,Drummond,1,,669=,Dona,2
513=,Dudley,1,,669=,Donnamarie,2
513=,Dugald,1,,669=,Elaina,2
513=,Eaglesham,1,,669=,Eleri,2
513=,Eain,1,,669=,Elisha,2
513=,Ean,1,,669=,Elizabeth-Anne,2
513=,Ebrahim,1,,669=,Ella,2
513=,Edan,1,,669=,Elsa,2
513=,Eddie,1,,669=,Farkhanda,2
513=,Eden,1,,669=,Farzana,2
513=,Ehsan,1,,669=,Fionna,2
513=,Ehtesham,1,,669=,Flora,2
513=,Elan,1,,669=,Florence,2
513=,Elliott,1,,669=,Georgia,2
513=,Emanuel,1,,669=,Giuliana,2
513=,Emil,1,,669=,Gloria,2
513=,Eoghan,1,,669=,Greer,2
513=,Eoin,1,,669=,Halina,2
513=,Ericsson,1,,669=,Hanan,2
513=,Erik-Lee,1,,669=,Hanna,2
513=,Erim,1,,669=,Hinna,2
513=,Erland,1,,669=,Honor,2
513=,Ernest,1,,669=,Isabel,2
513=,Euain,1,,669=,Ishbel,2
513=,Eugene,1,,669=,Isra,2
513=,Ewart,1,,669=,Jacqualine,2
513=,Fabian,1,,669=,Jamie-Lee,2
513=,Fabrice,1,,669=,Jayde,2
513=,Fabrizio,1,,669=,Jaymie,2
513=,Fady,1,,669=,Jemima,2
513=,Fahad,1,,669=,Jilly,2
513=,Fahd,1,,669=,Jocelyn,2
513=,Faheem,1,,669=,Judy,2
513=,Faiem,1,,669=,Ka,2
513=,Faizal,1,,669=,Karena,2
513=,Faraaz,1,,669=,Karleen,2
513=,Fardeen,1,,669=,Karley,2
513=,Farzad,1,,669=,Karra,2
513=,Fearghus,1,,669=,Karrie,2
513=,Felix,1,,669=,Katerina,2
513=,Filipe,1,,669=,Katey,2
513=,Fingal,1,,669=,Katya,2
513=,Finn,1,,669=,Kaye,2
513=,Fionnlagh,1,,669=,Kaylee,2
513=,Firdaus,1,,669=,Kayliegh,2
513=,Fiske,1,,669=,Keighley,2
513=,Flavio,1,,669=,Kellyanne,2
513=,Floris,1,,669=,Keren,2
513=,Forbes,1,,669=,Kerri-Ann,2
513=,Forhaoh,1,,669=,Kerrin,2
513=,Francis-John,1,,669=,Kerryann,2
513=,Franco,1,,669=,Kimberlee,2
513=,Franklin,1,,669=,Kimberley-Anne,2
513=,Fred,1,,669=,Kiran,2
513=,Fukuei,1,,669=,Kirstene,2
513=,Furhan,1,,669=,Kirsty-Ann,2
513=,Furqan,1,,669=,Kirstyn,2
513=,Gae,1,,669=,Kristy,2
513=,Gaetan,1,,669=,Krysty,2
513=,Gaetano,1,,669=,Kyle,2
513=,Gamal,1,,669=,Kyley,2
513=,Garith,1,,669=,Laina,2
513=,Garrett,1,,669=,Laura-Jane,2
513=,Garrey,1,,669=,Laurel,2
513=,Garri,1,,669=,Layla,2
513=,Garrie,1,,669=,Lea,2
513=,Garrith,1,,669=,Lea-Anne,2
513=,Garth,1,,669=,Leesa,2
513=,Garyth,1,,669=,Leia,2
513=,Gaurav,1,,669=,Leisa,2
513=,Ged,1,,669=,Leslie-Anne,2
513=,Gen,1,,669=,Leylah,2
513=,Geoffry,1,,669=,Liana,2
513=,Geofrey,1,,669=,Limara,2
513=,Geon,1,,669=,Linden,2
513=,Gerad,1,,669=,Lisa-Marie,2
513=,Geraint,1,,669=,Loraine,2
513=,Gerhard,1,,669=,Maeve,2
513=,Gerrad,1,,669=,Mairi-Louise,2
513=,Gerraro,1,,669=,Margaret-Ann,2
513=,Gerry,1,,669=,Mariam,2
513=,Gershom,1,,669=,Marian,2
513=,Gert-Jan,1,,669=,Marie-Claire,2
513=,Ghazi,1,,669=,Marilyn,2
513=,Giacomo,1,,669=,Marsali,2
513=,Gian,1,,669=,Martine,2
513=,Giancarlo,1,,669=,Mary-Ann,2
513=,Gianfranco,1,,669=,Mary-Anne,2
513=,Gianluca,1,,669=,Maryanne,2
513=,Gianni,1,,669=,Meagan,2
513=,Gil,1,,669=,Melody,2
513=,Giles,1,,669=,Mhorven,2
513=,Gillies,1,,669=,Mirren,2
513=,Gino,1,,669=,Molly,2
513=,Glynn,1,,669=,Munaza,2
513=,Gorrie,1,,669=,Muriel,2
513=,Graydon,1,,669=,Naila,2
513=,Guillaume,1,,669=,Nathasha,2
513=,Guramar,1,,669=,Nazma,2
513=,Gurbhaj,1,,669=,Neelam,2
513=,Gurdeep,1,,669=,Nickie,2
513=,Gurdeve,1,,669=,Nickola,2
513=,Gurdyal,1,,669=,Nicky,2
513=,Gurjinder,1,,669=,Nicolle,2
513=,Gurmare,1,,669=,Nora,2
513=,Gurmeet,1,,669=,Pamala,2
513=,Gursev,1,,669=,Paola,2
513=,Gurtekh,1,,669=,Petra,2
513=,Gurthag,1,,669=,Phoebe,2
513=,Gurtyan,1,,669=,Poppy,2
513=,Habeel,1,,669=,Raechel,2
513=,Hagop,1,,669=,Razia,2
513=,Hamad,1,,669=,Rea,2
513=,Hammad,1,,669=,Rebekah,2
513=,Hao,1,,669=,Regan,2
513=,Hardy,1,,669=,Rhianydd,2
513=,Harish,1,,669=,Rhoda,2
513=,Harley,1,,669=,Rizwana,2
513=,Harpal,1,,669=,Roanna,2
513=,Harris,1,,669=,Roma,2
513=,Harrison,1,,669=,Rosaleen,2
513=,Harvey,1,,669=,Rosanna,2
513=,Hasan,1,,669=,Roseanna,2
513=,Hayder,1,,669=,Rosemarie,2
513=,Haytham,1,,669=,Rosina,2
513=,Heath,1,,669=,Rosslyn,2
513=,Herizal,1,,669=,Rozanna,2
513=,Herjinder,1,,669=,Ruksana,2
513=,Hesus,1,,669=,Saba,2
513=,Hicham,1,,669=,Sadaf,2
513=,Himanshu,1,,669=,Safina,2
513=,Hiram,1,,669=,Sahar,2
513=,Hok,1,,669=,Sairah,2
513=,Hon,1,,669=,Samina,2
513=,Hosam,1,,669=,Sandi,2
513=,Hugh-Daniel,1,,669=,Sara-Louise,2
513=,Humair,1,,669=,Sarah-Jayne,2
513=,Husam,1,,669=,Sarahjane,2
513=,Husan,1,,669=,Sarra,2
513=,Hussain,1,,669=,Savannah,2
513=,Huw,1,,669=,Scarlett,2
513=,Hyder,1,,669=,Senga,2
513=,Iaian,1,,669=,Shabnam,2
513=,Ibrahim,1,,669=,Shama,2
513=,Ibrar,1,,669=,Shan,2
513=,Ieon,1,,669=,Shanna,2
513=,Iftekhar,1,,669=,Sharee,2
513=,Ikenna,1,,669=,Sharleen,2
513=,Ile,1,,669=,Sharyn,2
513=,Imsaar,1,,669=,Sheryll,2
513=,Inderjit,1,,669=,Shiree,2
513=,Inigo,1,,669=,Shireen,2
513=,Ishtiaq,1,,669=,Shivani,2
513=,Ivor,1,,669=,Sima,2
513=,Izhar,1,,669=,Siobhain,2
513=,J-Sun,1,,669=,Siobhann,2
513=,Jackson,1,,669=,Sobia,2
513=,Jacky,1,,669=,Stacey-Anne,2
513=,Jacques,1,,669=,Stefania,2
513=,Jade,1,,669=,Tahira,2
513=,Jaden,1,,669=,Tahnee,2
513=,Jagdeesh,1,,669=,Tasha,2
513=,Jagmohan,1,,669=,Tehseen,2
513=,Jahangir,1,,669=,Thea,2
513=,Jaimie,1,,669=,Tricia,2
513=,Jaker,1,,669=,Trudi,2
513=,Jameel,1,,669=,Tuesday,2
513=,Jardine,1,,669=,Ursula,2
513=,Jaryd,1,,669=,Uzma,2
513=,Jasam,1,,669=,Vari,2
513=,Jasen,1,,669=,Varrie,2
513=,Jasjit,1,,669=,Vhari,2
513=,Jaskarn,1,,669=,Viki,2
513=,Jasmeet,1,,669=,Vivian,2
513=,Jasson,1,,669=,Wai,2
513=,Jaswant,1,,669=,Williamina,2
513=,Jatinder,1,,669=,Yara,2
513=,Javad,1,,669=,Yasmeen,2
513=,Jawad,1,,669=,Yuen,2
513=,Jay'arief,1,,669=,Zenab,2
513=,Jean,1,,669=,Zia,2
513=,Jean-Paul,1,,669=,Zoey,2
513=,Jeffery,1,,919=,A'ala,1
513=,Jek,1,,919=,Aaisha,1
513=,Jen,1,,919=,Aarany,1
513=,Jeremiah,1,,919=,Aaron,1
513=,Jerome,1,,919=,Abagail,1
513=,Jerry,1,,919=,Abbe,1
513=,Jess,1,,919=,Abbey,1
513=,Jesus,1,,919=,Abbigail,1
513=,Jian-Peng,1,,919=,Abigaile,1
513=,Jimmie,1,,919=,Abigayil,1
513=,Jimmy,1,,919=,Adalouise,1
513=,Jimshade,1,,919=,Adam,1
513=,Jj,1,,919=,Adellita,1
513=,Jo,1,,919=,Adetope,1
513=,Joedy,1,,919=,Adeyimika,1
513=,John-Christophe,1,,919=,Afra,1
513=,John-Samuel,1,,919=,Afshan,1
513=,Johnnie,1,,919=,Afsheen,1
513=,Jon-James,1,,919=,Agatha,1
513=,Jonmichael,1,,919=,Ahlam,1
513=,Jordon,1,,919=,Ai,1
513=,Jorg,1,,919=,Aila,1
513=,Jotham,1,,919=,Ailis,1
513=,Jourdain,1,,919=,Aillish,1
513=,Juan,1,,919=,Aislynn,1
513=,Judson,1,,919=,Alan,1
513=,Julien,1,,919=,Alana-Marie,1
513=,Kai,1,,919=,Aleshia,1
513=,Kail,1,,919=,Alexandre,1
513=,Kaine,1,,919=,Alexandrea,1
513=,Kairan,1,,919=,Alicen,1
513=,Kaleem,1,,919=,Alicia-Jane,1
513=,Kamal,1,,919=,Alida,1
513=,Kar,1,,919=,Alisa,1
513=,Karanjeet,1,,919=,Alishia,1
513=,Kari,1,,919=,Alissa,1
513=,Karundeep,1,,919=,Alissa-Marie,1
513=,Kashaf,1,,919=,Alita,1
513=,Kasum,1,,919=,Aliya,1
513=,Kayvaun,1,,919=,Allan,1
513=,Kearn,1,,919=,Allanagh,1
513=,Keath,1,,919=,Allanah-Marie,1
513=,Kei,1,,919=,Allanna,1
513=,Keithlleon,1,,919=,Alphira,1
513=,Kelly,1,,919=,Alyah,1
513=,Ken,1,,919=,Alyssa,1
513=,Kendon,1,,919=,Alyth,1
513=,Kennedy,1,,919=,Amabel,1
513=,Kerrin,1,,919=,Aman,1
513=,Kevan-Patrick,1,,919=,Amana,1
513=,Kevyn,1,,919=,Amanda-Jane,1
513=,Khairul,1,,919=,Amanjit,1
513=,Khalaf,1,,919=,Ambreen,1
513=,Khaliq,1,,919=,Amee,1
513=,Khizar,1,,919=,Ameena,1
513=,Kian,1,,919=,Amelie,1
513=,Kieren,1,,919=,Amena,1
513=,Kierran,1,,919=,Amera,1
513=,Kim,1,,919=,Amerah,1
513=,Kimberley,1,,919=,Amie-Marie,1
513=,Kiran,1,,919=,Amit,1
513=,Kiriakos,1,,919=,Ammara,1
513=,Kirran,1,,919=,Amritdeep,1
513=,Klaas,1,,919=,Amy-Beth,1
513=,Konrad,1,,919=,Amy-Louise,1
513=,Kristan,1,,919=,Analise,1
513=,Kristian,1,,919=,Andilip,1
513=,Kristoff,1,,919=,Andrea-Simone,1
513=,Kristofor,1,,919=,Andrene,1
513=,Krzysztof,1,,919=,Aneela,1
513=,Kurt,1,,919=,Angelina,1
513=,Kurtis,1,,919=,Angelique,1
513=,Kwok,1,,919=,Angharad,1
513=,Kylley,1,,919=,Anice,1
513=,Laim,1,,919=,Anila,1
513=,Laith,1,,919=,Anisha,1
513=,Lars,1,,919=,Anja,1
513=,Laura,1,,919=,Anjela,1
513=,Leedavid,1,,919=,Anna-Louise,1
513=,Leighn,1,,919=,Annabella,1
513=,Leighton-Kyle,1,,919=,Annaka,1
513=,Len,1,,919=,Annaliese,1
513=,Lennard,1,,919=,Annaliza,1
513=,Lennox,1,,919=,Annamay,1
513=,Lester,1,,919=,Anne-Louise,1
513=,Levi,1,,919=,Anneli,1
513=,Levistallone,1,,919=,Annelie,1
513=,Lewes,1,,919=,Annella,1
513=,Lewie,1,,919=,Annemieke,1
513=,Lewis-John,1,,919=,Annie-Marie,1
513=,Leyton,1,,919=,Anstice,1
513=,Licon,1,,919=,Antonette,1
513=,Linsey,1,,919=,Antonnia,1
513=,Lithgow,1,,919=,Anwen,1
513=,Lliam,1,,919=,Arabelle,1
513=,Lockhart,1,,919=,Areej,1
513=,Lok,1,,919=,Arfah,1
513=,Lorentz,1,,919=,Ariadne,1
513=,Lorne,1,,919=,Ariana,1
513=,Lucca,1,,919=,Arianna,1
513=,Luciano,1,,919=,Arianne,1
513=,Lundie,1,,919=,Ariel,1
513=,Luqman,1,,919=,Arielle,1
513=,Lydon,1,,919=,Arleine,1
513=,Macgregor,1,,919=,Aroona,1
513=,Mack,1,,919=,Arwa,1
513=,Maged,1,,919=,Arzo,1
513=,Mahmoud,1,,919=,Aseel,1
513=,Majed,1,,919=,Asha,1
513=,Majeed,1,,919=,Ashana,1
513=,Majid,1,,919=,Ashifa,1
513=,Malik,1,,919=,Ashjan,1
513=,Manjeet,1,,919=,Ashlaigh,1
513=,Mantin,1,,919=,Ashley-Ann,1
513=,Mao,1,,919=,Ashlie,1
513=,Marcello,1,,919=,Asifa,1
513=,Margaret,1,,919=,Asmaa,1
513=,Marshall,1,,919=,Assmaa,1
513=,Martijn,1,,919=,Asta,1
513=,Martin-Ian,1,,919=,Astra,1
513=,Massimo,1,,919=,Astyn,1
513=,Massinissa,1,,919=,Asuka,1
513=,Mathieu,1,,919=,Atholl,1
513=,Matthias,1,,919=,Atika,1
513=,Mattias,1,,919=,Aunesah,1
513=,Maurizio,1,,919=,Auntra,1
513=,Maximilian,1,,919=,Auruj,1
513=,Mehmood,1,,919=,Ava,1
513=,Mehran,1,,919=,Avalon,1
513=,Mehrdad,1,,919=,Avita,1
513=,Melville,1,,919=,Avrill,1
513=,Melvyn,1,,919=,Avryl,1
513=,Merlin,1,,919=,Ayeshea,1
513=,Merrick,1,,919=,Ayisha,1
513=,Mervyn,1,,919=,Ayla,1
513=,Mhorven,1,,919=,Ayleen,1
513=,Michele,1,,919=,Ayobambo,1
513=,Michelle,1,,919=,Aznie,1
513=,Michiel,1,,919=,Banu,1
513=,Micky,1,,919=,Batool,1
513=,Mikael,1,,919=,Batul,1
513=,Miles,1,,919=,Beatriz,1
513=,Mirza,1,,919=,Beccy,1
513=,Mohammedon,1,,919=,Berenice,1
513=,Mohanned,1,,919=,Bernice,1
513=,Mohd-Khalil,1,,919=,Bethan,1
513=,Mohsen,1,,919=,Bethany-Ann,1
513=,Moneeb,1,,919=,Betina,1
513=,Moran,1,,919=,Bhavika,1
513=,Morven,1,,919=,Bik,1
513=,Moshahid,1,,919=,Binita,1
513=,Moustafa,1,,919=,Birte,1
513=,Mozafar,1,,919=,Bitina,1
513=,Mozammal,1,,919=,Bobby,1
513=,Mubashar,1,,919=,Brady,1
513=,Mubbasher,1,,919=,Brandi,1
513=,Mudsser,1,,919=,Brandy,1
513=,Muir,1,,919=,Bree,1
513=,Mujahid,1,,919=,Brenna,1
513=,Murdoch,1,,919=,Bria,1
513=,Musa,1,,919=,Brian,1
513=,Musab,1,,919=,Brie,1
513=,Mustafa,1,,919=,Britni,1
513=,Nabil,1,,919=,Brittaney,1
513=,Nabile,1,,919=,Brittney,1
513=,Nader,1,,919=,Bronia,1
513=,Naminder,1,,919=,Bronwen,1
513=,Naphtali,1,,919=,Cairin,1
513=,Nasir,1,,919=,Cairol,1
513=,Nasser,1,,919=,Caitriana,1
513=,Naveed,1,,919=,Caleigh,1
513=,Navid,1,,919=,Caley,1
513=,Nawaaz,1,,919=,Calhey,1
513=,Nawaf,1,,919=,Calhi,1
513=,Nial,1,,919=,Callie,1
513=,Nicantro,1,,919=,Candace,1
513=,Nick,1,,919=,Cappella,1
513=,Nickolas,1,,919=,Caprice,1
513=,Niells,1,,919=,Caragh,1
513=,Nihad,1,,919=,Caraid,1
513=,Nikky,1,,919=,Caralisa,1
513=,Nikos,1,,919=,Careena,1
513=,Nilesh,1,,919=,Carena,1
513=,Nithiyatharan,1,,919=,Cari-Anne,1
513=,Niven,1,,919=,Caris,1
513=,Numaan,1,,919=,Carla-Jayne,1
513=,Nuwan,1,,919=,Carlene,1
513=,Obinna,1,,919=,Carley,1
513=,Olaf,1,,919=,Carlie,1
513=,Olajimi,1,,919=,Carlynn,1
513=,Olumide,1,,919=,Carmella,1
513=,Oluwasola,1,,919=,Carol-Lynn,1
513=,Oluwatoyin,1,,919=,Carol-Lynne,1
513=,Oluwatoyosi,1,,919=,Carole-Anne,1
513=,Onder,1,,919=,Caroleanne,1
513=,Opeyemi,1,,919=,Carolin,1
513=,Ortisewehinmi,1,,919=,Caroljane,1
513=,Osama,1,,919=,Caron,1
513=,Ossama,1,,919=,Carragh,1
513=,Oujal,1,,919=,Carriann,1
513=,Ounella,1,,919=,Carrianne,1
513=,Owain,1,,919=,Carrie-Jayne,1
513=,Pablo,1,,919=,Carrin,1
513=,Pak,1,,919=,Caryl,1
513=,Palvinder,1,,919=,Caryss,1
513=,Paman,1,,919=,Cassarne,1
513=,Parvez,1,,919=,Cassi,1
513=,Pascal,1,,919=,Cassidy,1
513=,Pat,1,,919=,Cassiopeia,1
513=,Pavin,1,,919=,Catharine,1
513=,Perry,1,,919=,Catherine-Ann,1
513=,Petr,1,,919=,Catherine-Mary,1
513=,Peyman,1,,919=,Cathleen,1
513=,Pieter,1,,919=,Cathrin,1
513=,Pradeep,1,,919=,Cathrine,1
513=,Qasam,1,,919=,Cathy,1
513=,Quintin,1,,919=,Ceanna,1
513=,Raad,1,,919=,Cecile,1
513=,Radin,1,,919=,Ceirah,1
513=,Raghnall,1,,919=,Celia,1
513=,Ragu,1,,919=,Celine,1
513=,Raheem,1,,919=,Cerise,1
513=,Rahman,1,,919=,Chadni,1
513=,Rajaneesh,1,,919=,Chana,1
513=,Rajoo,1,,919=,Chanbeer,1
513=,Ralf,1,,919=,Chandra,1
513=,Raman,1,,919=,Chanel,1
513=,Ramin,1,,919=,Chani,1
513=,Randal,1,,919=,Chanpreet,1
513=,Randeer,1,,919=,Charene,1
513=,Ranjiv,1,,919=,Charina,1
513=,Ranveer,1,,919=,Charis,1
513=,Raoul,1,,919=,Charlain,1
513=,Rashid,1,,919=,Charlie,1
513=,Razwaan,1,,919=,Charlie-Marie,1
513=,Rd,1,,919=,Charmain,1
513=,Redford,1,,919=,Charmane,1
513=,Reece,1,,919=,Charris,1
513=,Reeve,1,,919=,Chee-Lin,1
513=,Rehan,1,,919=,Chelsey,1
513=,Rehman,1,,919=,Cher-Laurann,1
513=,Remo,1,,919=,Cheri,1
513=,Rezaul,1,,919=,Cherissa,1
513=,Rhuari,1,,919=,Cherisse,1
513=,Rhyan,1,,919=,Cherolyn,1
513=,Rhys,1,,919=,Cheryl-Ann,1
513=,Rian,1,,919=,Cheryl-Leigh,1
513=,Riaz,1,,919=,Cherylann,1
513=,Rick,1,,919=,Cherylanne,1
513=,Ricki,1,,919=,Cheryll,1
513=,Ridha,1,,919=,Chetana,1
513=,Rihan,1,,919=,Cheuk,1
513=,Rinaldo,1,,919=,Chi,1
513=,Robyn,1,,919=,Chiara,1
513=,Roddie,1,,919=,Ching,1
513=,Rodger,1,,919=,Chrisanne,1
513=,Rodrigo,1,,919=,Christi,1
513=,Rohail,1,,919=,Christian,1
513=,Rohan,1,,919=,Christiane,1
513=,Roheal,1,,919=,Christianne,1
513=,Roland,1,,919=,Chryslyn,1
513=,Rolf,1,,919=,Chrystall,1
513=,Romaan,1,,919=,Chukwunonyelum,1
513=,Rorie,1,,919=,Cianne,1
513=,Ruari,1,,919=,Ciara,1
513=,Ruarida,1,,919=,Ciaran,1
513=,Ruaridhi,1,,919=,Ciorsdan,1
513=,Rudi,1,,919=,Clair-Louise,1
513=,Ruhel,1,,919=,Clair-Marie,1
513=,Ryees,1,,919=,Claire-Louise,1
513=,Saad,1,,919=,Clare-Louise,1
513=,Saajed-Ul,1,,919=,Claudine,1
513=,Sabatino,1,,919=,Clementine,1
513=,Sacha,1,,919=,Cleo,1
513=,Sahail,1,,919=,Clover,1
513=,Saifullah,1,,919=,Coleena,1
513=,Saifur,1,,919=,Colette-Marie,1
513=,Sakib,1,,919=,Coral,1
513=,Salim,1,,919=,Coreen,1
513=,Salman,1,,919=,Corina,1
513=,Salvador,1,,919=,Cornelia,1
513=,Sameen,1,,919=,Correna,1
513=,Samer,1,,919=,Correne,1
513=,Sammie,1,,919=,Cyma,1
513=,Sammy,1,,919=,Cyndi,1
513=,Samson,1,,919=,Cynthia,1
513=,Samy,1,,919=,Dahlia,1
513=,Sandie,1,,919=,Dahni,1
513=,Santino,1,,919=,Daisy,1
513=,Saoud,1,,919=,Dale,1
513=,Sarhwinder,1,,919=,Dana-Nicole,1
513=,Sarn,1,,919=,Danah,1
513=,Satish,1,,919=,Danella,1
513=,Sau,1,,919=,Danelle,1
513=,Saun,1,,919=,Danette,1
513=,Savak,1,,919=,Danica,1
513=,Sayf,1,,919=,Daniell,1
513=,Scot-Symon,1,,919=,Danisha,1
513=,Scott-Douglas,1,,919=,Danna,1
513=,Scott-Henry,1,,919=,Dannielle,1
513=,Sean-Paul,1,,919=,Danyell,1
513=,Sebastiaan,1,,919=,Dara,1
513=,Sefa,1,,919=,Darlene,1
513=,Segun,1,,919=,Daryl,1
513=,Selwyn,1,,919=,Dass,1
513=,Servian,1,,919=,Davina,1
513=,Severino,1,,919=,Dawn-Marie,1
513=,Shabeer,1,,919=,Dawna,1
513=,Shafiq,1,,919=,Dayle,1
513=,Shafique,1,,919=,Dayna,1
513=,Shah,1,,919=,Deana,1
513=,Shahid,1,,919=,Deanine,1
513=,Shahraz,1,,919=,Deanne,1
513=,Shahrokh,1,,919=,Debbee,1
513=,Shakub,1,,919=,Debbi,1
513=,Shalin,1,,919=,Debbianne,1
513=,Shan,1,,919=,Debbie-Anne,1
513=,Shariff,1,,919=,Deborahann,1
513=,Shaw,1,,919=,Debrah,1
513=,Shayne,1,,919=,Dee-Anne,1
513=,Shazad,1,,919=,Deelak,1
513=,Shea,1,,919=,Deirdre,1
513=,Sheak,1,,919=,Deli,1
513=,Shehraz,1,,919=,Della,1
513=,Shehzad,1,,919=,Dena,1
513=,Sheikh,1,,919=,Denee,1
513=,Shek,1,,919=,Denice,1
513=,Shiraz,1,,919=,Dereen,1
513=,Shuan,1,,919=,Dern,1
513=,Shuwel,1,,919=,Derra,1
513=,Shyam,1,,919=,Dhana,1
513=,Sid,1,,919=,Diki,1
513=,Siddharth,1,,919=,Dilys,1
513=,Sidhartha,1,,919=,Dinah,1
513=,Sigurd,1,,919=,Dione,1
513=,Sikander,1,,919=,Doleen,1
513=,Sirfraz,1,,919=,Dolina,1
513=,Sitaar,1,,919=,Dora-Lee,1
513=,Siu,1,,919=,Doreen-Gayle,1
513=,Sofian,1,,919=,Dorothea,1
513=,Sohael,1,,919=,Dyann,1
513=,Solomon,1,,919=,Dyanne,1
513=,Stean,1,,919=,Ebony,1
513=,Stefano,1,,919=,Edel,1
513=,Steffan,1,,919=,Edith,1
513=,Stelios,1,,919=,Efstathia,1
513=,Stephan,1,,919=,Eghoghon,1
513=,Steuart,1,,919=,Eilean,1
513=,Stevan,1,,919=,Eilidh-Jane,1
513=,Stiofan,1,,919=,Eilidih,1
513=,Stirling,1,,919=,Eilliane,1
513=,Subhan,1,,919=,Eiran,1
513=,Sudad,1,,919=,Elana,1
513=,Sufyaan,1,,919=,Elanor,1
513=,Suhaib,1,,919=,Eleni,1
513=,Suhail,1,,919=,Eliane,1
513=,Suhyb,1,,919=,Elin,1
513=,Sui,1,,919=,Elisa,1
513=,Sukver,1,,919=,Elishia,1
513=,Sukvinder,1,,919=,Elissa,1
513=,Suleman,1,,919=,Eliyana,1
513=,Suliman,1,,919=,Elizabeth-Jane,1
513=,Sumit,1,,919=,Elizebeth,1
513=,Sundeep,1,,919=,Ella-Jayne,1
513=,Sundip,1,,919=,Ellanor,1
513=,Sweyn,1,,919=,Elleair,1
513=,Symon,1,,919=,Ellis,1
513=,Tain,1,,919=,Ellon,1
513=,Talha,1,,919=,Elodie,1
513=,Tallac,1,,919=,Elsie,1
513=,Tam,1,,919=,Elyse,1
513=,Tanvir,1,,919=,Ema,1
513=,Tanzeel,1,,919=,Eman,1
513=,Taran,1,,919=,Emerald,1
513=,Tarik,1,,919=,Emilie,1
513=,Tarunjeet,1,,919=,Emilie-Beth,1
513=,Taylor,1,,919=,Emma-Jay,1
513=,Teagan,1,,919=,Emmajane,1
513=,Terance,1,,919=,Emman,1
513=,Theo,1,,919=,Eoina,1
513=,Theodore,1,,919=,Eram,1
513=,Thor,1,,919=,Erinn,1
513=,Timothee,1,,919=,Erinne,1
513=,Tito,1,,919=,Ernestine,1
513=,Tomas,1,,919=,Erran,1
513=,Torin,1,,919=,Errin,1
513=,Tragaron,1,,919=,Erryn,1
513=,Travis,1,,919=,Eva-Maria,1
513=,Tristam,1,,919=,Evangeline,1
513=,Triston,1,,919=,Ewa,1
513=,Ty,1,,919=,Eyvone,1
513=,Ugonna,1,,919=,Fabiana,1
513=,Uilliam,1,,919=,Fabiene,1
513=,Ullin,1,,919=,Fadwa,1
513=,Ummar,1,,919=,Fahriea,1
513=,Umran,1,,919=,Fahrunnisa,1
513=,Usmaan,1,,919=,Faith,1
513=,Vahid,1,,919=,Faiza,1
513=,Vahroun,1,,919=,Faizah,1
513=,Vakas,1,,919=,Fallyn,1
513=,Valdeep,1,,919=,Fardia,1
513=,Van,1,,919=,Fareeha,1
513=,Varinder,1,,919=,Farhana,1
513=,Vickas,1,,919=,Farheen,1
513=,Vickram,1,,919=,Farihah,1
513=,Virrun,1,,919=,Farrah,1
513=,Vishaal,1,,919=,Farzanah,1
513=,Vishvanath,1,,919=,Fatimah,1
513=,Vito,1,,919=,Fatin,1
513=,Vivek,1,,919=,Fauzia,1
513=,Wahaab,1,,919=,Fearn,1
513=,Wai,1,,919=,Ferguson,1
513=,Waqar,1,,919=,Fiaqua,1
513=,Waqass,1,,919=,Filza,1
513=,Ward,1,,919=,Fiona-Jane,1
513=,Waseem,1,,919=,Fionnuala,1
513=,Wei-Siong,1,,919=,Fiore,1
513=,Westley,1,,919=,Fiza,1
513=,Wilfred,1,,919=,Fozia,1
513=,Willem,1,,919=,Francene,1
513=,Xavier,1,,919=,Francine,1
513=,Yala,1,,919=,Frankie,1
513=,Yan,1,,919=,Freda,1
513=,Yasser,1,,919=,Fredericka,1
513=,Yassir,1,,919=,Freyja,1
513=,Yebo,1,,919=,Frieda,1
513=,Yip,1,,919=,Furzana,1
513=,Yousaf,1,,919=,Ga,1
513=,Youssef,1,,919=,Gabriel,1
513=,Yussuf,1,,919=,Gabriella,1
513=,Zabair,1,,919=,Gak,1
513=,Zack,1,,919=,Gale,1
513=,Zackary,1,,919=,Garly,1
513=,Zafar,1,,919=,Gary,1
513=,Zaheer,1,,919=,Gayna,1
513=,Zakariya,1,,919=,Geanna,1
513=,Zander,1,,919=,Gem,1
513=,Zeeshan,1,,919=,Gemma-Ann,1
513=,Zhahid,1,,919=,Genette,1
513=,Ziad,1,,919=,Genia,1
513=,Zohaib,1,,919=,Georgenna,1
513=,Zohair,1,,919=,Georgiana,1
513=,Zubair,1,,919=,Gerlinde,1
513=,Zulqarnain,1,,919=,Ghadah,1
,,,,919=,Ghena,1
,,,,919=,Gill,1
,,,,919=,Gillianne,1
,,,,919=,Gillie,1
,,,,919=,Giovanna,1
,,,,919=,Gita,1
,,,,919=,Giuseppina,1
,,,,919=,Glenda,1
,,,,919=,Graeme,1
,,,,919=,Graham,1
,,,,919=,Grainne,1
,,,,919=,Greta,1
,,,,919=,Gudrun,1
,,,,919=,Gulfashan,1
,,,,919=,Gulnaz,1
,,,,919=,Gurmeet,1
,,,,919=,Gurnam,1
,,,,919=,Gurpreet,1
,,,,919=,Gursinder,1
,,,,919=,Gurvinder,1
,,,,919=,Gwendoline,1
,,,,919=,Gwendolyn,1
,,,,919=,Gwyneth,1
,,,,919=,Hadia,1
,,,,919=,Hafsa,1
,,,,919=,Hafsah,1
,,,,919=,Haiah,1
,,,,919=,Hailey,1
,,,,919=,Halley,1
,,,,919=,Hameeda,1
,,,,919=,Hana,1
,,,,919=,Hanaa,1
,,,,919=,Hanah,1
,,,,919=,Haneen,1
,,,,919=,Hanisah,1
,,,,919=,Hannabelle,1
,,,,919=,Hannah-Marie,1
,,,,919=,Harinderjit,1
,,,,919=,Harley,1
,,,,919=,Harpreet,1
,,,,919=,Hasina,1
,,,,919=,Haylea,1
,,,,919=,Hayli,1
,,,,919=,Hayzel,1
,,,,919=,Hazell,1
,,,,919=,Heam,1
,,,,919=,Heather-Lee,1
,,,,919=,Heba,1
,,,,919=,Heena,1
,,,,919=,Helen-Marie,1
,,,,919=,Helene,1
,,,,919=,Helina,1
,,,,919=,Helyn-Ann,1
,,,,919=,Hennah,1
,,,,919=,Hiba,1
,,,,919=,Hilda,1
,,,,919=,Hina,1
,,,,919=,Hollii,1
,,,,919=,Huma,1
,,,,919=,Humaira,1
,,,,919=,Humma,1
,,,,919=,Ilene,1
,,,,919=,Ilka,1
,,,,919=,Ilona,1
,,,,919=,Ilse,1
,,,,919=,Iman,1
,,,,919=,Imelda,1
,,,,919=,Inara,1
,,,,919=,Inas,1
,,,,919=,Inca,1
,,,,919=,Indea,1
,,,,919=,Inderpreet,1
,,,,919=,India,1
,,,,919=,Inga,1
,,,,919=,Ioanna,1
,,,,919=,Iona-Amy,1
,,,,919=,Irim,1
,,,,919=,Iris,1
,,,,919=,Irum,1
,,,,919=,Isabell,1
,,,,919=,Isabelle,1
,,,,919=,Islay,1
,,,,919=,Isma,1
,,,,919=,Ismaa,1
,,,,919=,Isobell,1
,,,,919=,Izis,1
,,,,919=,Jacalyn,1
,,,,919=,Jacki,1
,,,,919=,Jacklene,1
,,,,919=,Jaclynne,1
,,,,919=,Jacqualene,1
,,,,919=,Jaide,1
,,,,919=,Jaki,1
,,,,919=,Jamay,1
,,,,919=,Jamesina,1
,,,,919=,Jamey,1
,,,,919=,Jamie-Marie,1
,,,,919=,Jamielee,1
,,,,919=,Jamila,1
,,,,919=,Jan-Louise,1
,,,,919=,Jana,1
,,,,919=,Janet-Louise,1
,,,,919=,Janey,1
,,,,919=,Janina,1
,,,,919=,Janna,1
,,,,919=,Jannie,1
,,,,919=,Jantira,1
,,,,919=,Jaqualine,1
,,,,919=,Jaquelene,1
,,,,919=,Jaquelyn,1
,,,,919=,Jareena,1
,,,,919=,Jasbeet,1
,,,,919=,Jaskiren,1
,,,,919=,Jasmyn,1
,,,,919=,Jaspreet,1
,,,,919=,Jass,1
,,,,919=,Jaswinder,1
,,,,919=,Jaye,1
,,,,919=,Jayellen,1
,,,,919=,Jayme,1
,,,,919=,Jaymi,1
,,,,919=,Jayvinder,1
,,,,919=,Jeanelle,1
,,,,919=,Jed,1
,,,,919=,Jemina,1
,,,,919=,Jemma-Klare,1
,,,,919=,Jeni,1
,,,,919=,Jeniffer,1
,,,,919=,Jenilee,1
,,,,919=,Jenna-Leigh,1
,,,,919=,Jennagh,1
,,,,919=,Jennah,1
,,,,919=,Jennefer,1
,,,,919=,Jenni-Lee,1
,,,,919=,Jennie,1
,,,,919=,Jenniffer,1
,,,,919=,Jessamine,1
,,,,919=,Jessamy,1
,,,,919=,Jessie,1
,,,,919=,Jessie-May,1
,,,,919=,Jett,1
,,,,919=,Jillie,1
,,,,919=,Jinny,1
,,,,919=,Jo,1
,,,,919=,Jo-Anna,1
,,,,919=,Jocelin,1
,,,,919=,Jocelyne,1
,,,,919=,Joddi,1
,,,,919=,Joe-Ellen,1
,,,,919=,Joeanne,1
,,,,919=,Joeleen,1
,,,,919=,Joleen,1
,,,,919=,Joletta,1
,,,,919=,Jonella,1
,,,,919=,Jordanna,1
,,,,919=,Jorjina,1
,,,,919=,Josie,1
,,,,919=,Jourdana,1
,,,,919=,Judie,1
,,,,919=,Juille,1
,,,,919=,Juli,1
,,,,919=,Juliann,1
,,,,919=,Julianna,1
,,,,919=,Julie-Marie,1
,,,,919=,Jura,1
,,,,919=,Jwaher,1
,,,,919=,Kadie,1
,,,,919=,Kahley-Liza,1
,,,,919=,Kaighley,1
,,,,919=,Kailee,1
,,,,919=,Kairen,1
,,,,919=,Kairene,1
,,,,919=,Kaley,1
,,,,919=,Kali,1
,,,,919=,Kaliegh,1
,,,,919=,Kalli,1
,,,,919=,Kamawit,1
,,,,919=,Kamel,1
,,,,919=,Kamila,1
,,,,919=,Kamla,1
,,,,919=,Kana,1
,,,,919=,Kandice,1
,,,,919=,Kandy,1
,,,,919=,Kang,1
,,,,919=,Kanta,1
,,,,919=,Kara-Louise,1
,,,,919=,Karalyn,1
,,,,919=,Karan,1
,,,,919=,Kareen,1
,,,,919=,Karianne,1
,,,,919=,Karis-Jade,1
,,,,919=,Karisma,1
,,,,919=,Karissa,1
,,,,919=,Karlah,1
,,,,919=,Karlene,1
,,,,919=,Karliene,1
,,,,919=,Karlin,1
,,,,919=,Karly,1
,,,,919=,Karmen,1
,,,,919=,Karn,1
,,,,919=,Karnjit,1
,,,,919=,Karri,1
,,,,919=,Karris,1
,,,,919=,Karriz,1
,,,,919=,Kasey,1
,,,,919=,Kashara,1
,,,,919=,Kassi-Lee,1
,,,,919=,Katharyn,1
,,,,919=,Katheryn,1
,,,,919=,Katie-Anne,1
,,,,919=,Katie-Helen,1
,,,,919=,Katie-Jane,1
,,,,919=,Katie-May,1
,,,,919=,Katie-Victoria,1
,,,,919=,Katreen,1
,,,,919=,Katrin,1
,,,,919=,Katryna,1
,,,,919=,Kausar,1
,,,,919=,Kay-Leigh,1
,,,,919=,Kayley,1
,,,,919=,Kaylie,1
,,,,919=,Kayreen,1
,,,,919=,Kayrine,1
,,,,919=,Kaysie,1
,,,,919=,Kazia,1
,,,,919=,Keava,1
,,,,919=,Keely,1
,,,,919=,Keighlea,1
,,,,919=,Keir-Ewin,1
,,,,919=,Keirsten,1
,,,,919=,Keisha,1
,,,,919=,Kelechi,1
,,,,919=,Keli,1
,,,,919=,Keliann,1
,,,,919=,Kellianne,1
,,,,919=,Kelly-Maria,1
,,,,919=,Kellymarie,1
,,,,919=,Kennedy,1
,,,,919=,Kenora,1
,,,,919=,Keo,1
,,,,919=,Kera,1
,,,,919=,Keri-Ann,1
,,,,919=,Keriann,1
,,,,919=,Kerina,1
,,,,919=,Kerrera,1
,,,,919=,Kerrieann,1
,,,,919=,Kerry-Louise,1
,,,,919=,Kerryanne,1
,,,,919=,Kerryjane,1
,,,,919=,Kersten,1
,,,,919=,Kerstine,1
,,,,919=,Keryn,1
,,,,919=,Kes,1
,,,,919=,Kezia,1
,,,,919=,Khadiegah,1
,,,,919=,Khairat,1
,,,,919=,Khardine,1
,,,,919=,Kharri,1
,,,,919=,Khawla,1
,,,,919=,Khazeemah,1
,,,,919=,Kildeep,1
,,,,919=,Kiranjit,1
,,,,919=,Kiri,1
,,,,919=,Kirin,1
,,,,919=,Kirn,1
,,,,919=,Kirren-Pal,1
,,,,919=,Kirrie,1
,,,,919=,Kirsty-Anna,1
,,,,919=,Kirsty-Anne,1
,,,,919=,Kirsty-Jane,1
,,,,919=,Kirstyjane,1
,,,,919=,Klaire,1
,,,,919=,Klara,1
,,,,919=,Klaske,1
,,,,919=,Korin,1
,,,,919=,Korine,1
,,,,919=,Krishna,1
,,,,919=,Kristie,1
,,,,919=,Krystin,1
,,,,919=,Krystina,1
,,,,919=,Krystyna,1
,,,,919=,Kuljit,1
,,,,919=,Kulsum,1
,,,,919=,Kursty,1
,,,,919=,Kyhla,1
,,,,919=,Kyla,1
,,,,919=,Kylagha,1
,,,,919=,Kyleigh,1
,,,,919=,Kymberley,1
,,,,919=,Kymm,1
,,,,919=,Kyrsti,1
,,,,919=,Kyrstie,1
,,,,919=,Lahra,1
,,,,919=,Lai,1
,,,,919=,Laihann,1
,,,,919=,Lania,1
,,,,919=,Lara-Faye,1
,,,,919=,Lara-Kim,1
,,,,919=,Larayn,1
,,,,919=,Larina,1
,,,,919=,Larisa,1
,,,,919=,Larraine,1
,,,,919=,Latina,1
,,,,919=,Laura-Jayne,1
,,,,919=,Lauralynn,1
,,,,919=,Lauran,1
,,,,919=,Laurann,1
,,,,919=,Laureen,1
,,,,919=,Lauri,1
,,,,919=,Laurie-Anne,1
,,,,919=,Laurin,1
,,,,919=,Lavena,1
,,,,919=,Lawney,1
,,,,919=,Layna,1
,,,,919=,Lea-Ann,1
,,,,919=,Leaanne,1
,,,,919=,Leah-Anne,1
,,,,919=,Leahann,1
,,,,919=,Leahanne,1
,,,,919=,Leahna,1
,,,,919=,Lean,1
,,,,919=,Lee-Anna,1
,,,,919=,Leea,1
,,,,919=,Leisa-Jayne,1
,,,,919=,Leisha,1
,,,,919=,Lene,1
,,,,919=,Leoma,1
,,,,919=,Leonor,1
,,,,919=,Lesleyann,1
,,,,919=,Leslie,1
,,,,919=,Leticia,1
,,,,919=,Letifa,1
,,,,919=,Letitia,1
,,,,919=,Lexine,1
,,,,919=,Leyla,1
,,,,919=,Liah,1
,,,,919=,Lian,1
,,,,919=,Liann,1
,,,,919=,Lily,1
,,,,919=,Lindsay-Ann,1
,,,,919=,Lindsay-Louise,1
,,,,919=,Lindzy,1
,,,,919=,Linsi,1
,,,,919=,Linzay,1
,,,,919=,Linzey,1
,,,,919=,Linziann,1
,,,,919=,Linzy,1
,,,,919=,Lisa-Anne,1
,,,,919=,Lisa-May,1
,,,,919=,Lisamaria,1
,,,,919=,Lisbeth,1
,,,,919=,Litsa,1
,,,,919=,Liusaidh,1
,,,,919=,Liz-Anne,1
,,,,919=,Liza-Marie,1
,,,,919=,Lizamarie,1
,,,,919=,Lizann,1
,,,,919=,Llaura,1
,,,,919=,Lois-Marie,1
,,,,919=,Loredana,1
,,,,919=,Lorena,1
,,,,919=,Loretta,1
,,,,919=,Lorette,1
,,,,919=,Lori-Anne,1
,,,,919=,Lorin,1
,,,,919=,Lorrae,1
,,,,919=,Lorrain,1
,,,,919=,Lorrianne,1
,,,,919=,Lorrie,1
,,,,919=,Lottie,1
,,,,919=,Louisa-Jayne,1
,,,,919=,Louvain,1
,,,,919=,Lubna,1
,,,,919=,Lucanne,1
,,,,919=,Luce,1
,,,,919=,Luchelle,1
,,,,919=,Luciana,1
,,,,919=,Lucille,1
,,,,919=,Lucy-Anne,1
,,,,919=,Lucyanna,1
,,,,919=,Luisa,1
,,,,919=,Lulu,1
,,,,919=,Lutfiah,1
,,,,919=,Lyla,1
,,,,919=,Lynanne,1
,,,,919=,Lyncara,1
,,,,919=,Lynda-Jane,1
,,,,919=,Lynsey-Anne,1
,,,,919=,Lynsie,1
,,,,919=,Lysette,1
,,,,919=,Madaline,1
,,,,919=,Madeha,1
,,,,919=,Madelaine,1
,,,,919=,Madeleinea,1
,,,,919=,Madelon,1
,,,,919=,Madhumadhi,1
,,,,919=,Madia,1
,,,,919=,Magda,1
,,,,919=,Maggie,1
,,,,919=,Mahala,1
,,,,919=,Mahira,1
,,,,919=,Mahri,1
,,,,919=,Mahri-Ann,1
,,,,919=,Maia,1
,,,,919=,Maire,1
,,,,919=,Mairi-Claire,1
,,,,919=,Mairiann,1
,,,,919=,Mairianna,1
,,,,919=,Majbritt,1
,,,,919=,Majella,1
,,,,919=,Maleisha,1
,,,,919=,Maliha,1
,,,,919=,Malissa,1
,,,,919=,Mamdeep,1
,,,,919=,Man-Ki,1
,,,,919=,Man-Yung,1
,,,,919=,Mandeep,1
,,,,919=,Mandelle,1
,,,,919=,Mandi,1
,,,,919=,Manjot,1
,,,,919=,Mann,1
,,,,919=,Manpreet,1
,,,,919=,Mara,1
,,,,919=,Maral,1
,,,,919=,Marbeth,1
,,,,919=,Marcia,1
,,,,919=,Marea,1
,,,,919=,Marena,1
,,,,919=,Marette,1
,,,,919=,Marevana,1
,,,,919=,Margaret-Anne,1
,,,,919=,Margaretanne,1
,,,,919=,Marghureta,1
,,,,919=,Margot,1
,,,,919=,Marguerite,1
,,,,919=,Mari-Esther,1
,,,,919=,Mari-Louise,1
,,,,919=,Maria-Jacquelin,1
,,,,919=,Maria-Jane,1
,,,,919=,Mariah,1
,,,,919=,Mariama,1
,,,,919=,Mariana,1
,,,,919=,Mariann,1
,,,,919=,Marianna,1
,,,,919=,Maricia,1
,,,,919=,Mariclair,1
,,,,919=,Marie-Anne,1
,,,,919=,Marie-Clare,1
,,,,919=,Marie-Louise,1
,,,,919=,Marieanne,1
,,,,919=,Mariela,1
,,,,919=,Mariesa,1
,,,,919=,Maris,1
,,,,919=,Marisha,1
,,,,919=,Maritza,1
,,,,919=,Marjana,1
,,,,919=,Marjorie,1
,,,,919=,Marjory,1
,,,,919=,Marleen,1
,,,,919=,Marlena,1
,,,,919=,Marna,1
,,,,919=,Marrisa,1
,,,,919=,Marsaili,1
,,,,919=,Marta,1
,,,,919=,Mary-Anne-Louis,1
,,,,919=,Mary-Beth,1
,,,,919=,Maryjane,1
,,,,919=,Marzia,1
,,,,919=,Mashaal,1
,,,,919=,Matilda,1
,,,,919=,Maya,1
,,,,919=,Mccall,1
,,,,919=,Mckinley,1
,,,,919=,Meche,1
,,,,919=,Mediehah,1
,,,,919=,Megan-Amy,1
,,,,919=,Meggan,1
,,,,919=,Mehnaz,1
,,,,919=,Mehr,1
,,,,919=,Mehreen,1
,,,,919=,Mehvish,1
,,,,919=,Meike,1
,,,,919=,Melaine,1
,,,,919=,Melany,1
,,,,919=,Melessa,1
,,,,919=,Melodie,1
,,,,919=,Merilyn,1
,,,,919=,Merisa,1
,,,,919=,Merrban,1
,,,,919=,Meryl,1
,,,,919=,Meshel,1
,,,,919=,Meshell,1
,,,,919=,Mhairi-Ann,1
,,,,919=,Mhairi-Rose,1
,,,,919=,Mhoira,1
,,,,919=,Mhoraig,1
,,,,919=,Mi'delle,1
,,,,919=,Miake,1
,,,,919=,Micall,1
,,,,919=,Michelle-Louise,1
,,,,919=,Mikaela,1
,,,,919=,Mikaila,1
,,,,919=,Millissa,1
,,,,919=,Mimonah,1
,,,,919=,Mina,1
,,,,919=,Miquela,1
,,,,919=,Miquette,1
,,,,919=,Mirranne,1
,,,,919=,Misba,1
,,,,919=,Misbaa,1
,,,,919=,Missy-Laura,1
,,,,919=,Missy-Lee,1
,,,,919=,Misty,1
,,,,919=,Mobeen,1
,,,,919=,Moghara,1
,,,,919=,Mohina,1
,,,,919=,Monika,1
,,,,919=,Moniquis,1
,,,,919=,Montana,1
,,,,919=,Mori,1
,,,,919=,Morven-Jayne,1
,,,,919=,Morwen,1
,,,,919=,Moyra,1
,,,,919=,Mun,1
,,,,919=,Muna,1
,,,,919=,Mundana,1
,,,,919=,Munira,1
,,,,919=,Murdina,1
,,,,919=,Musirad,1
,,,,919=,My,1
,,,,919=,Mykahla,1
,,,,919=,Mykel,1
,,,,919=,Nabella,1
,,,,919=,Nabia,1
,,,,919=,Nabilah,1
,,,,919=,Nableea,1
,,,,919=,Nadeen,1
,,,,919=,Nadene,1
,,,,919=,Nadia-Ann,1
,,,,919=,Nadiah,1
,,,,919=,Nafiesa,1
,,,,919=,Nafisa,1
,,,,919=,Nafisah,1
,,,,919=,Nageena,1
,,,,919=,Naiomi,1
,,,,919=,Najaf,1
,,,,919=,Nakara,1
,,,,919=,Namarata,1
,,,,919=,Nandini,1
,,,,919=,Nantta,1
,,,,919=,Nareen,1
,,,,919=,Nargus,1
,,,,919=,Nasara,1
,,,,919=,Naseem,1
,,,,919=,Nasim,1
,,,,919=,Nasma,1
,,,,919=,Natacha,1
,,,,919=,Natale,1
,,,,919=,Natalina,1
,,,,919=,Natalja,1
,,,,919=,Natallie,1
,,,,919=,Natashia,1
,,,,919=,Natasia,1
,,,,919=,Natassia,1
,,,,919=,Natassja,1
,,,,919=,Natasza,1
,,,,919=,Natilie,1
,,,,919=,Navada,1
,,,,919=,Naveed,1
,,,,919=,Navjyot,1
,,,,919=,Nazish,1
,,,,919=,Nazmeen,1
,,,,919=,Neave,1
,,,,919=,Neelum,1
,,,,919=,Neesha,1
,,,,919=,Neetu,1
,,,,919=,Negin,1
,,,,919=,Nehal,1
,,,,919=,Neileise,1
,,,,919=,Neomie,1
,,,,919=,Nerys,1
,,,,919=,Nesem,1
,,,,919=,Neslihan,1
,,,,919=,Nesreen,1
,,,,919=,Netu,1
,,,,919=,Nevver,1
,,,,919=,Ngoc,1
,,,,919=,Niaomi,1
,,,,919=,Niccola,1
,,,,919=,Nichol,1
,,,,919=,Nicholette,1
,,,,919=,Nicholle,1
,,,,919=,Nico,1
,,,,919=,Nicol,1
,,,,919=,Nicolla,1
,,,,919=,Nighean,1
,,,,919=,Nike,1
,,,,919=,Nikky,1
,,,,919=,Nikole,1
,,,,919=,Ninna,1
,,,,919=,Nisreen,1
,,,,919=,Noelene,1
,,,,919=,Noha,1
,,,,919=,Nolah,1
,,,,919=,Nolene,1
,,,,919=,Nonde,1
,,,,919=,Norasyikin,1
,,,,919=,Noreena,1
,,,,919=,Nuda,1
,,,,919=,Nuha,1
,,,,919=,Nureen,1
,,,,919=,Nurfaraheeda,1
,,,,919=,Obaira,1
,,,,919=,Octavia,1
,,,,919=,Odette,1
,,,,919=,Odochi,1
,,,,919=,Okiemude,1
,,,,919=,Olukeji,1
,,,,919=,Olukemi,1
,,,,919=,Olukunbi,1
,,,,919=,Olwyn,1
,,,,919=,Oneece,1
,,,,919=,Onyekachukwu,1
,,,,919=,Orianna,1
,,,,919=,Oriele,1
,,,,919=,Orna,1
,,,,919=,Ozma,1
,,,,919=,Paavani,1
,,,,919=,Pabenda,1
,,,,919=,Pagaine,1
,,,,919=,Parveen,1
,,,,919=,Pascale,1
,,,,919=,Pavan,1
,,,,919=,Pavandeep,1
,,,,919=,Petrina,1
,,,,919=,Phebe,1
,,,,919=,Philipa,1
,,,,919=,Phillippa,1
,,,,919=,Philomena,1
,,,,919=,Phuong,1
,,,,919=,Phyllis,1
,,,,919=,Pippa,1
,,,,919=,Pooja,1
,,,,919=,Porscha,1
,,,,919=,Prabjyot,1
,,,,919=,Prabsharon,1
,,,,919=,Preeti,1
,,,,919=,Priscilla,1
,,,,919=,Priya,1
,,,,919=,Pui,1
,,,,919=,Qaneta,1
,,,,919=,Rachell,1
,,,,919=,Radhia,1
,,,,919=,Radhika,1
,,,,919=,Rae,1
,,,,919=,Raelene,1
,,,,919=,Ragan,1
,,,,919=,Rahanna,1
,,,,919=,Rahat,1
,,,,919=,Raheel,1
,,,,919=,Rahiet,1
,,,,919=,Rahilah,1
,,,,919=,Rajbir,1
,,,,919=,Rajinder,1
,,,,919=,Rajwinder,1
,,,,919=,Ramona,1
,,,,919=,Raonaid,1
,,,,919=,Raquel,1
,,,,919=,Rasheeda,1
,,,,919=,Ratna,1
,,,,919=,Raynor,1
,,,,919=,Reanne,1
,,,,919=,Rebbecca,1
,,,,919=,Rebekka,1
,,,,919=,Reesha,1
,,,,919=,Rehanna,1
,,,,919=,Reinaz,1
,,,,919=,Rena,1
,,,,919=,Rene,1
,,,,919=,Renee,1
,,,,919=,Rhainnon,1
,,,,919=,Rhalina,1
,,,,919=,Rhea,1
,,,,919=,Rhianan,1
,,,,919=,Rhondda,1
,,,,919=,Richa,1
,,,,919=,Richard,1
,,,,919=,Rikkilee,1
,,,,919=,Riley,1
,,,,919=,Rita,1
,,,,919=,Robabeh,1
,,,,919=,Robecca,1
,,,,919=,Robina,1
,,,,919=,Rochele,1
,,,,919=,Roision,1
,,,,919=,Rokhsan,1
,,,,919=,Romana,1
,,,,919=,Romara,1
,,,,919=,Romilly,1
,,,,919=,Ronelle,1
,,,,919=,Roomila,1
,,,,919=,Rosa-Lynn,1
,,,,919=,Rosa-Maria,1
,,,,919=,Rosalie,1
,,,,919=,Rosaria,1
,,,,919=,Rose-Ann,1
,,,,919=,Rose-Marie,1
,,,,919=,Roseannah,1
,,,,919=,Roseleen,1
,,,,919=,Roselyn,1
,,,,919=,Roselynn,1
,,,,919=,Rosion,1
,,,,919=,Ross,1
,,,,919=,Roween,1
,,,,919=,Roxean,1
,,,,919=,Roxsanne,1
,,,,919=,Roxzann,1
,,,,919=,Rozalynn,1
,,,,919=,Rozanne,1
,,,,919=,Rozeena,1
,,,,919=,Rozlyn,1
,,,,919=,Rukhsana,1
,,,,919=,Rumana,1
,,,,919=,Runa,1
,,,,919=,Ryelle,1
,,,,919=,Sabah,1
,,,,919=,Sadduf,1
,,,,919=,Sadef,1
,,,,919=,Saeeda,1
,,,,919=,Safa,1
,,,,919=,Safaira,1
,,,,919=,Saffron,1
,,,,919=,Safia,1
,,,,919=,Safira,1
,,,,919=,Safiyyah,1
,,,,919=,Sahid,1
,,,,919=,Sahra,1
,,,,919=,Saibvhonn,1
,,,,919=,Saimah,1
,,,,919=,Sairene,1
,,,,919=,Saisha,1
,,,,919=,Sajal,1
,,,,919=,Sajida,1
,,,,919=,Saleema,1
,,,,919=,Salina,1
,,,,919=,Samantha-Jane,1
,,,,919=,Samara,1
,,,,919=,Samarra,1
,,,,919=,Samata,1
,,,,919=,Samatha,1
,,,,919=,Sami,1
,,,,919=,Samia,1
,,,,919=,Samila,1
,,,,919=,Samra,1
,,,,919=,Samrina,1
,,,,919=,Sana,1
,,,,919=,Sanaa,1
,,,,919=,Sanchez,1
,,,,919=,Sandy,1
,,,,919=,Sanna,1
,,,,919=,Saoirse,1
,,,,919=,Sara-Anne,1
,,,,919=,Sara-Jane,1
,,,,919=,Sarah-Ann,1
,,,,919=,Sarah-Anne,1
,,,,919=,Sarah-Lee,1
,,,,919=,Sarah-Marie,1
,,,,919=,Sarah-May,1
,,,,919=,Sarari,1
,,,,919=,Sareena,1
,,,,919=,Sarh,1
,,,,919=,Sari,1
,,,,919=,Sarice,1
,,,,919=,Sariya,1
,,,,919=,Saroash,1
,,,,919=,Saskia,1
,,,,919=,Satoko,1
,,,,919=,Scarlette,1
,,,,919=,Scheryl,1
,,,,919=,Seaona,1
,,,,919=,Seline,1
,,,,919=,Semone,1
,,,,919=,Seonid,1
,,,,919=,Serina,1
,,,,919=,Shaaista,1
,,,,919=,Shabeena,1
,,,,919=,Shabina,1
,,,,919=,Shadia,1
,,,,919=,Shafia,1
,,,,919=,Shafina,1
,,,,919=,Shagoofa,1
,,,,919=,Shahana,1
,,,,919=,Shaheen,1
,,,,919=,Shaheena,1
,,,,919=,Shahida,1
,,,,919=,Shahrzad,1
,,,,919=,Shaika,1
,,,,919=,Shaima,1
,,,,919=,Shaista,1
,,,,919=,Shakeela,1
,,,,919=,Shakila,1
,,,,919=,Shakra,1
,,,,919=,Shamekating-Tin,1
,,,,919=,Shamina,1
,,,,919=,Shana,1
,,,,919=,Shanaz,1
,,,,919=,Shanice,1
,,,,919=,Shanin,1
,,,,919=,Shanine,1
,,,,919=,Shantla,1
,,,,919=,Sharanne,1
,,,,919=,Sharla,1
,,,,919=,Sharlot,1
,,,,919=,Sharmaine,1
,,,,919=,Sharmane,1
,,,,919=,Sharn,1
,,,,919=,Sharrisse,1
,,,,919=,Shaunna,1
,,,,919=,Shavon,1
,,,,919=,Shavonne,1
,,,,919=,Shayron,1
,,,,919=,Sheeba,1
,,,,919=,Sheela,1
,,,,919=,Sheelagh,1
,,,,919=,Sheenagh,1
,,,,919=,Sheina,1
,,,,919=,Shel-Leanne,1
,,,,919=,Shelagh,1
,,,,919=,Shelaine,1
,,,,919=,Shelby,1
,,,,919=,Shelley-Ann,1
,,,,919=,Shelley-Anne,1
,,,,919=,Sheonagh,1
,,,,919=,Shereena,1
,,,,919=,Sherien,1
,,,,919=,Sherrie,1
,,,,919=,Sherriedaanne,1
,,,,919=,Sherry,1
,,,,919=,Sheryl-Ann,1
,,,,919=,Sheryl-Lea,1
,,,,919=,Shevaun,1
,,,,919=,Shey,1
,,,,919=,Shiona,1
,,,,919=,Shirene,1
,,,,919=,Shirlee,1
,,,,919=,Shirree,1
,,,,919=,Shirrise,1
,,,,919=,Shivaun,1
,,,,919=,Shivon,1
,,,,919=,Shoann,1
,,,,919=,Shomaila,1
,,,,919=,Shonah,1
,,,,919=,Shonna,1
,,,,919=,Shulah,1
,,,,919=,Shuna,1
,,,,919=,Siabhon,1
,,,,919=,Siama,1
,,,,919=,Sibon,1
,,,,919=,Sidra,1
,,,,919=,Sidrah,1
,,,,919=,Sigourney,1
,,,,919=,Sigrid,1
,,,,919=,Sim,1
,,,,919=,Simisola,1
,,,,919=,Simmone,1
,,,,919=,Simonne,1
,,,,919=,Sin,1
,,,,919=,Sindy,1
,,,,919=,Sine,1
,,,,919=,Sineach,1
,,,,919=,Sineade,1
,,,,919=,Sing,1
,,,,919=,Siobahn,1
,,,,919=,Siona,1
,,,,919=,Sioned,1
,,,,919=,Siri,1
,,,,919=,Siubhan,1
,,,,919=,Sjaan,1
,,,,919=,Sjavon-Dee,1
,,,,919=,Smiara,1
,,,,919=,Sonayra,1
,,,,919=,Sondra,1
,,,,919=,Soni,1
,,,,919=,Sonnya,1
,,,,919=,Soraya,1
,,,,919=,Sorcha,1
,,,,919=,Sorche,1
,,,,919=,Stacey-Ann,1
,,,,919=,Staci,1
,,,,919=,Stefany,1
,,,,919=,Stefeni,1
,,,,919=,Stephaine,1
,,,,919=,Stephanie-Chris,1
,,,,919=,Stephnie,1
,,,,919=,Stevi,1
,,,,919=,Suana,1
,,,,919=,Suba,1
,,,,919=,Sue,1
,,,,919=,Sufiea,1
,,,,919=,Sukhbir,1
,,,,919=,Sukhpal,1
,,,,919=,Sukwant,1
,,,,919=,Sumaia,1
,,,,919=,Sumaira,1
,,,,919=,Suman,1
,,,,919=,Sumera,1
,,,,919=,Sunehra,1
,,,,919=,Susana,1
,,,,919=,Susanhah,1
,,,,919=,Susie,1
,,,,919=,Suzann,1
,,,,919=,Suzanna,1
,,,,919=,Suzannah,1
,,,,919=,Suzette,1
,,,,919=,Sybilla,1
,,,,919=,Syeda,1
,,,,919=,Sylena,1
,,,,919=,Syma,1
,,,,919=,Symone,1
,,,,919=,Syra,1
,,,,919=,Syreen,1
,,,,919=,Syvaun,1
,,,,919=,Sze-Ann,1
,,,,919=,Tabatha,1
,,,,919=,Taeba,1
,,,,919=,Talat,1
,,,,919=,Tamar,1
,,,,919=,Tammara,1
,,,,919=,Tammi,1
,,,,919=,Tamsin,1
,,,,919=,Tamsyn,1
,,,,919=,Tanyia,1
,,,,919=,Tanzim,1
,,,,919=,Tarandeep,1
,,,,919=,Tarra,1
,,,,919=,Tasmiah,1
,,,,919=,Tasneem,1
,,,,919=,Tatania,1
,,,,919=,Taylor,1
,,,,919=,Tayybah,1
,,,,919=,Tayyibah,1
,,,,919=,Tazeem,1
,,,,919=,Teena,1
,,,,919=,Tela,1
,,,,919=,Tere,1
,,,,919=,Terri-Louise,1
,,,,919=,Terrie,1
,,,,919=,Terry,1
,,,,919=,Terryann,1
,,,,919=,Tess,1
,,,,919=,Thaseem,1
,,,,919=,Thomasena,1
,,,,919=,Thomasina,1
,,,,919=,Tiam,1
,,,,919=,Tiffiny,1
,,,,919=,Tika,1
,,,,919=,Timothea,1
,,,,919=,Tokpe,1
,,,,919=,Toni-Marie,1
,,,,919=,Tracy-Anne,1
,,,,919=,Trena,1
,,,,919=,Trina,1
,,,,919=,Trisha,1
,,,,919=,Trudie,1
,,,,919=,Trudy,1
,,,,919=,Tsui,1
,,,,919=,Tuyen,1
,,,,919=,Tyesha,1
,,,,919=,Tyra,1
,,,,919=,Ulveena,1
,,,,919=,Una,1
,,,,919=,Usha,1
,,,,919=,Vallen,1
,,,,919=,Vanda,1
,,,,919=,Varri,1
,,,,919=,Varsha,1
,,,,919=,Veena,1
,,,,919=,Veila,1
,,,,919=,Velvet,1
,,,,919=,Vera-Ann,1
,,,,919=,Verona-Anne,1
,,,,919=,Vhairi,1
,,,,919=,Vharri,1
,,,,919=,Vidhi,1
,,,,919=,Viktoria,1
,,,,919=,Vingenza,1
,,,,919=,Voni,1
,,,,919=,Walvinder,1
,,,,919=,Wan,1
,,,,919=,Wei,1
,,,,919=,Weziwe,1
,,,,919=,Wilma,1
,,,,919=,Wilsey,1
,,,,919=,Winnie,1
,,,,919=,Xanthe,1
,,,,919=,Y-Hing,1
,,,,919=,Yalini,1
,,,,919=,Yasmain,1
,,,,919=,Yasmine,1
,,,,919=,Yeasmen,1
,,,,919=,Yeung,1
,,,,919=,Yi,1
,,,,919=,Yin,1
,,,,919=,Yolanda,1
,,,,919=,Yolande,1
,,,,919=,Ysolda,1
,,,,919=,Yusra,1
,,,,919=,Zabeen,1
,,,,919=,Zainab,1
,,,,919=,Zaineb,1
,,,,919=,Zainib,1
,,,,919=,Zakka,1
,,,,919=,Zamara,1
,,,,919=,Zannah,1
,,,,919=,Zanne,1
,,,,919=,Zara-Adele,1
,,,,919=,Zarina,1
,,,,919=,Zavier,1
,,,,919=,Zee,1
,,,,919=,Zehida,1
,,,,919=,Zehra,1
,,,,919=,Zekra,1
,,,,919=,Zeyla,1
,,,,919=,Zeynep,1
,,,,919=,Zoe-Andra,1
,,,,919=,Zowie,1
,,,,919=,Zreen,1
,,,,,,
� Crown Copyright 2015,,,,,,
