Babies' first forenames: births registered in Scotland in 1992,,,,,,
,,,,,,
Information about the basis of the list can be found via the 'Babies' First Names' page on the National Records of Scotland website.,,,,,,
,,,,,,
Boys,,,,Girls,,
,,,,,,
Position,Name,Number of babies,,Position,Name,Number of babies
1,David,1038,,1,Emma,819
2,Scott,951,,2,Laura,762
3,Andrew,913,,3,Rebecca,664
4,James,912,,4,Sarah,654
5,Christopher,874,,5,Lauren,642
6,Michael,852,,6,Nicole,598
7,Craig,825,,7,Stephanie,586
8,Ryan,821,,8,Amy,573
9,Daniel,792,,9,Jennifer,533
10,Ross,755,,10,Rachel,502
11,Jamie,701,,11,Kirsty,476
12,Sean,634,,12,Danielle,470
13,John,629,,13,Gemma,468
14,Jordan,541,,14,Samantha,462
15,Robert,523,,15,Claire,443
16,Steven,516,,16,Jade,390
17,Liam,489,,17,Nicola,387
18,Mark,484,,18,Louise,380
19,Paul,483,,19,Hannah,358
20,Stuart,459,,20,Lisa,354
21=,Matthew,413,,21,Natalie,352
21=,Stephen,413,,22,Megan,346
23,Thomas,397,,23,Ashley,304
24,Callum,377,,24,Ashleigh,255
25,Darren,367,,25,Heather,253
26,Gary,356,,26,Fiona,248
27,Lewis,333,,27,Rachael,246
28,William,332,,28,Chloe,245
29,Connor,321,,29,Stacey,243
30=,Calum,318,,30,Kayleigh,230
30=,Martin,318,,31,Amanda,221
32,Grant,311,,32=,Caitlin,208
33=,Adam,300,,32=,Natasha,208
33=,Alexander,300,,34,Hayley,200
35,Kyle,280,,35,Sophie,190
36,Lee,277,,36,Melissa,188
37,Kevin,261,,37,Katie,187
38,Jonathan,260,,38,Gillian,185
39,Shaun,254,,39,Victoria,178
40,Fraser,243,,40,Erin,172
41,Kieran,235,,41=,Eilidh,170
42,Jack,226,,41=,Michelle,170
43,Dean,219,,43,Kerry,168
44,Cameron,206,,44,Kimberley,165
45,Peter,195,,45,Zoe,163
46,Alan,191,,46,Robyn,152
47,Iain,187,,47,Chelsea,151
48,Marc,185,,48,Emily,146
49,Greg,182,,49,Kelly,145
50,Graeme,179,,50,Catherine,136
51=,Conor,173,,51,Jodie,135
51=,Ian,173,,52,Siobhan,134
53,Euan,168,,53=,Christina,131
54,Gavin,163,,53=,Lucy,131
55,Richard,161,,55,Elizabeth,128
56,Blair,151,,56,Karen,126
57,Colin,146,,57,Cheryl,125
58,Joseph,145,,58,Shannon,124
59=,Aaron,143,,59,Catriona,123
59=,Dale,143,,60=,Holly,118
61=,Neil,136,,60=,Joanne,118
61=,Sam,136,,60=,Kirsten,118
63=,Jason,131,,63=,Alison,116
63=,Joshua,131,,63=,Naomi,116
65=,Gordon,127,,65,Jemma,114
65=,Samuel,127,,66=,Jenna,111
67,Stewart,124,,66=,Julie,111
68,Nathan,120,,66=,Katherine,111
69,Nicholas,118,,69,Charlotte,105
70=,Anthony,115,,70,Leanne,104
70=,Douglas,115,,71,Jessica,101
72,Rory,112,,72,Aimee,98
73=,Alistair,111,,73=,Caroline,97
73=,Brian,111,,73=,Kathryn,97
75,Allan,110,,75,Kathleen,95
76=,Ewan,104,,76,Anna,93
76=,George,104,,77,Lynsey,87
78,Duncan,102,,78=,Clare,80
79,Graham,101,,78=,Demi,80
80,Ben,99,,80,Paula,79
81,Benjamin,94,,81,Mhairi,77
82,Gregor,88,,82,Jordan,76
83,Declan,87,,83,Jacqueline,74
84,Patrick,85,,84,Alexandra,73
85,Dylan,77,,85=,Alice,72
86,Kenneth,76,,85=,Lorna,72
87,Derek,75,,85=,Ruth,72
88,Alasdair,74,,88=,Alana,70
89,Owen,73,,88=,Nicolle,70
90,Greig,71,,90,Lindsay,69
91,Barry,69,,91,Suzanne,68
92=,Aidan,65,,92,Rebekah,67
92=,Gareth,65,,93=,Carly,66
92=,Josh,65,,93=,Kirstie,66
95=,Charles,64,,93=,Shona,66
95=,Daryl,64,,96=,Hazel,65
97=,Garry,63,,96=,Hollie,65
97=,Simon,63,,98=,Amber,64
99,Robbie,61,,98=,Joanna,64
100,Alastair,60,,100,Cara,63
101,Martyn,58,,101,Susan,60
102=,Donald,57,,102,Sara,59
102=,Luke,57,,103=,Leigh,58
104,Murray,53,,103=,Mairi,58
105=,Angus,52,,103=,Toni,58
105=,Philip,52,,106,Maria,57
107,Mohammed,51,,107=,Deborah,56
108,Bryan,50,,107=,Nikki,56
109=,Kristopher,49,,109,Helen,55
109=,Reece,49,,110=,Katrina,54
111=,Ciaran,48,,110=,Kerri,54
111=,Edward,48,,112=,Linzi,53
111=,Russell,48,,112=,Yasmin,53
114,Keith,47,,114=,Iona,52
115=,Finlay,44,,114=,Kimberly,52
115=,Jay,44,,116,Ailsa,51
117,Niall,43,,117=,Abigail,49
118,Darryl,42,,117=,Ainsley,49
119,Rhys,40,,117=,Christine,49
120,Ruairidh,38,,117=,Dawn,49
121=,Jake,37,,117=,Jane,49
121=,Stefan,37,,117=,Pamela,49
123=,Corey,36,,123=,Courtney,48
123=,Keiran,36,,123=,Donna,48
123=,Oliver,36,,125=,Adele,47
126=,Frazer,35,,125=,Debbie,47
126=,Glen,35,,125=,Michaela,47
126=,Jonathon,35,,128,Kate,46
126=,Kristofer,35,,129=,Julia,45
130=,Danny,34,,129=,Kelsey,45
130=,Dominic,34,,129=,Kirstin,45
130=,Glenn,34,,132=,Margaret,44
133=,Harry,32,,132=,Mary,44
133=,Marcus,32,,134=,Andrea,43
135=,Elliot,31,,134=,Chantelle,43
135=,Raymond,31,,136=,Bethany,42
137,Antony,30,,136=,Jamie,42
138=,Arran,29,,136=,Jillian,42
138=,Brendan,29,,136=,Kim,42
138=,Conner,29,,136=,Lyndsay,42
138=,Kerr,29,,136=,Shauni,42
142=,Kieron,28,,142=,Grace,41
142=,Louis,28,,142=,Nadine,41
142=,Robin,28,,142=,Paige,41
142=,Tony,28,,145=,Jill,40
146=,Joe,27,,145=,Melanie,40
146=,Kris,27,,147=,Angela,39
146=,Mathew,27,,147=,Beth,39
149,Shane,26,,147=,Charlene,39
150=,Francis,25,,147=,Stacy,39
150=,Hamish,25,,151=,Lindsey,38
150=,Jon,25,,151=,Olivia,38
153=,Malcolm,24,,153,Alanna,37
153=,Ruaridh,24,,154=,Chelsey,36
155=,Arron,23,,154=,Ellen,36
155=,Billy,23,,154=,Leah,36
155=,Bradley,23,,154=,Lesley,36
155=,Bruce,23,,158,Sinead,34
155=,Calvin,23,,159=,April,33
155=,Taylor,23,,159=,Carrie,33
161=,Max,22,,159=,Katy,33
161=,Struan,22,,159=,Lyndsey,33
163=,Drew,21,,159=,Lynn,33
163=,Fergus,21,,159=,Meghan,33
163=,Hugh,21,,159=,Roisin,33
166=,Alex,19,,166=,Kara,32
166=,Evan,19,,166=,Rhona,32
168=,Gerard,18,,166=,Shelley,32
168=,Johnathan,18,,169=,Denise,31
168=,Justin,18,,169=,Jasmine,31
168=,Lloyd,18,,171=,Colleen,30
168=,Ronald,18,,171=,Elaine,30
168=,Tom,18,,171=,Linda,30
174=,Aiden,17,,171=,Maxine,30
174=,Damian,17,,171=,Rosie,30
174=,Henry,17,,171=,Yvonne,30
174=,Jacob,17,,177=,Carla,29
174=,Muhammad,17,,177=,Georgia,29
174=,Terry,17,,177=,Isla,29
180=,Alister,16,,177=,Lori,29
180=,Campbell,16,,177=,Lorraine,29
180=,Damien,16,,177=,Nadia,29
180=,Guy,16,,183=,Leona,28
180=,Mohammad,16,,183=,Simone,28
185=,Ewen,15,,185=,Abby,27
185=,Jordon,15,,185=,Diane,27
185=,Keir,15,,185=,Rosemary,27
185=,Laurence,15,,185=,Shanice,27
185=,Lawrence,15,,185=,Zara,27
185=,Mitchell,15,,190=,Abbie,26
185=,Nicky,15,,190=,Alannah,26
185=,Roderick,15,,190=,Allana,26
193=,Bryce,14,,190=,Colette,26
193=,Joel,14,,190=,Dionne,26
193=,Zachary,14,,190=,Eleanor,26
193=,Zak,14,,196=,Briony,25
197=,Bobby,13,,196=,Eilish,25
197=,Eric,13,,196=,Kristina,25
197=,Gregg,13,,196=,Lois,25
197=,Roy,13,,196=,Morgan,25
197=,Ruaraidh,13,,196=,Sharon,25
197=,Timothy,13,,196=,Vikki,25
203=,Alisdair,12,,203=,Bryony,24
203=,Ethan,12,,203=,Harriet,24
203=,Findlay,12,,203=,Justine,24
203=,Frank,12,,203=,Sarah-Jane,24
203=,Karl,12,,203=,Sian,24
203=,Kristoffer,12,,203=,Terri,24
203=,Lachlan,12,,203=,Vicki,24
203=,Leon,12,,210=,Annie,23
203=,Omar,12,,210=,Christie,23
203=,Ricky,12,,210=,Eve,23
203=,Sandy,12,,210=,Frances,23
203=,Wayne,12,,210=,Marianne,23
215=,Ali,11,,210=,Morven,23
215=,Anton,11,,210=,Tammy,23
215=,Elliott,11,,210=,Vicky,23
215=,Frederick,11,,218=,Billie,22
215=,Gregory,11,,218=,Lynne,22
215=,Kieren,11,,218=,Rhiannon,22
215=,Logan,11,,218=,Tanya,22
222=,Ashley,10,,218=,Vanessa,22
222=,Brett,10,,223=,Aileen,21
222=,Christian,10,,223=,Becky,21
222=,Hassan,10,,223=,Francesca,21
222=,Marco,10,,223=,Kerrie,21
222=,Neal,10,,223=,Marie,21
222=,Nico,10,,223=,Sally,21
222=,Ronan,10,,223=,Shelby,21
222=,Sonny,10,,230=,Anne,20
231=,Arthur,9,,230=,Brogan,20
231=,Cory,9,,230=,Carol,20
231=,Eoin,9,,230=,Ellis,20
231=,Hayden,9,,230=,Jodi,20
231=,Innes,9,,235=,Carmen,19
231=,Jed,9,,235=,Dana,19
231=,Kristian,9,,235=,Georgina,19
231=,Leo,9,,235=,Taylor,19
231=,Maxwell,9,,235=,Teri,19
231=,Murdo,9,,235=,Tracy,19
231=,Ruari,9,,241=,Alicia,18
231=,Scot,9,,241=,Antonia,18
231=,Terence,9,,241=,Christy,18
244=,Blake,8,,241=,Gail,18
244=,Brandon,8,,241=,Gayle,18
244=,Curtis,8,,241=,Judith,18
244=,Damon,8,,241=,Mandy,18
244=,Darrell,8,,241=,Stefanie,18
244=,Dayle,8,,249=,Amie,17
244=,Finn,8,,249=,Collette,17
244=,Lyle,8,,249=,Connie,17
244=,Nathaniel,8,,249=,Dannielle,17
244=,Neill,8,,249=,Jamie-Lee,17
244=,Phillip,8,,249=,Kirsteen,17
244=,Vincent,8,,249=,Lara,17
256=,Aarron,7,,249=,Molly,17
256=,Adrian,7,,257=,Brooke,16
256=,Bernard,7,,257=,Imogen,16
256=,Brad,7,,257=,Keri,16
256=,Brodie,7,,257=,Lee,16
256=,Chris,7,,257=,Lianne,16
256=,Conar,7,,257=,Rowan,16
256=,Denis,7,,257=,Shauna,16
256=,Ellis,7,,257=,Sophia,16
256=,Harrison,7,,257=,Stevie,16
256=,Haydn,7,,257=,Tara,16
256=,Hector,7,,267=,Anita,15
256=,Kirk,7,,267=,Arlene,15
256=,Laurie,7,,267=,Cassie,15
256=,Leigh,7,,267=,Ciara,15
256=,Lorne,7,,267=,Corrie,15
256=,Magnus,7,,267=,Katharine,15
256=,Rowan,7,,267=,Sheree,15
274=,Allister,6,,274=,Aisha,14
274=,Austin,6,,274=,Alanah,14
274=,Bilal,6,,274=,Alexandria,14
274=,Blaine,6,,274=,Ami,14
274=,Cailean,6,,274=,Carolyn,14
274=,Callan,6,,274=,Charmaine,14
274=,Chad,6,,274=,Corinne,14
274=,Corrie,6,,274=,Jasmin,14
274=,Darryn,6,,274=,Jayne,14
274=,Daryn,6,,274=,Leeanne,14
274=,Dennis,6,,274=,Patricia,14
274=,Dillon,6,,274=,Shaunie,14
274=,Gerald,6,,274=,Shereen,14
274=,Jared,6,,274=,Sonia,14
274=,Jeff,6,,288=,Abbey,13
274=,Joss,6,,288=,Ailie,13
274=,Keiron,6,,288=,Allison,13
274=,Matt,6,,288=,Caitlyn,13
274=,Neale,6,,288=,Chelsie,13
274=,Norman,6,,288=,Jay,13
274=,Rikki,6,,288=,Lana,13
274=,Roddy,6,,288=,Laurie,13
274=,Steve,6,,288=,Mhari,13
274=,Tomas,6,,288=,Monica,13
298=,Abdul,5,,288=,Nikita,13
298=,Adeel,5,,288=,Shannen,13
298=,Ahmed,5,,300=,Alex,12
298=,Barrie,5,,300=,Alisha,12
298=,Brogan,5,,300=,Alix,12
298=,Cal,5,,300=,Alyson,12
298=,Carl,5,,300=,Freya,12
298=,Charlie,5,,300=,Helena,12
298=,Christie,5,,300=,Johanna,12
298=,Dane,5,,300=,Lucinda,12
298=,Dario,5,,300=,Lydia,12
298=,Darran,5,,300=,Nichola,12
298=,Erik,5,,300=,Staci,12
298=,Harley,5,,300=,Tessa,12
298=,Harris,5,,300=,Tiffany,12
298=,Imran,5,,300=,Tracey,12
298=,Isaac,5,,314=,Charley,11
298=,Johnny,5,,314=,Clair,11
298=,Jordyn,5,,314=,Dominique,11
298=,Kai,5,,314=,Faye,11
298=,Kelvin,5,,314=,Hope,11
298=,Kenny,5,,314=,Jean,11
298=,Kurt,5,,314=,Karina,11
298=,Levi,5,,314=,Karis,11
298=,Miles,5,,314=,Kayley,11
298=,Qasim,5,,314=,Kellie,11
298=,Ralph,5,,314=,Linsey,11
298=,Reuben,5,,314=,Marnie,11
298=,Ritchie,5,,314=,Roxanne,11
298=,Rob,5,,314=,Sarah-Louise,11
298=,Sebastian,5,,314=,Tamsin,11
298=,Stevie,5,,329=,Ailidh,10
298=,Syed,5,,329=,Bobbie,10
298=,Tommy,5,,329=,Camilla,10
298=,Troy,5,,329=,Cassandra,10
298=,Umar,5,,329=,Catrina,10
298=,Walter,5,,329=,Coral,10
298=,Warren,5,,329=,Daryl,10
336=,Aden,4,,329=,Debra,10
336=,Adil,4,,329=,Emma-Louise,10
336=,Adnan,4,,329=,Haley,10
336=,Ahmad,4,,329=,Jocelyn,10
336=,Archibald,4,,329=,Karla,10
336=,Arif,4,,329=,Kay,10
336=,Asif,4,,329=,Leonie,10
336=,Austen,4,,329=,Louisa,10
336=,Blane,4,,329=,Lynsay,10
336=,Christy,4,,329=,Mairead,10
336=,Clark,4,,329=,Miriam,10
336=,Connaire,4,,329=,Morag,10
336=,Connar,4,,329=,Rochelle,10
336=,Conrad,4,,329=,Rose,10
336=,Daryll,4,,329=,Seonaid,10
336=,Eamon,4,,329=,Shelly,10
336=,Edwin,4,,329=,Stacie,10
336=,Erlend,4,,329=,Tamara,10
336=,Felix,4,,354=,Adelle,9
336=,Fionnlagh,4,,354=,Ann,9
336=,Hunter,4,,354=,Chanelle,9
336=,Jackson,4,,354=,Constance,9
336=,Jim,4,,354=,Elisha,9
336=,Jody,4,,354=,Eva,9
336=,John-Paul,4,,354=,Janet,9
336=,Julian,4,,354=,Janine,9
336=,Kal,4,,354=,Jayde,9
336=,Kamran,4,,354=,Jenny,9
336=,Kasim,4,,354=,Kaitlin,9
336=,Louie,4,,354=,Keira,9
336=,Luca,4,,354=,Kendal,9
336=,Marti,4,,354=,Kristie,9
336=,Miller,4,,354=,Lisa-Marie,9
336=,Myles,4,,354=,Madeleine,9
336=,Nicol,4,,354=,Maryam,9
336=,Rhuaridh,4,,354=,Mia,9
336=,Ricki,4,,354=,Nichole,9
336=,Sami,4,,354=,Philippa,9
336=,Seamus,4,,354=,Rosanna,9
336=,Shannon,4,,354=,Roseanne,9
336=,Toby,4,,354=,Shari,9
336=,Tristan,4,,354=,Stephenie,9
336=,Usman,4,,354=,Wendy,9
336=,Victor,4,,379=,Annabel,8
380=,Abbas,3,,379=,Ashton,8
380=,Akeel,3,,379=,Barbara,8
380=,Alec,3,,379=,Bianca,8
380=,Alessandro,3,,379=,Candice,8
380=,Allen,3,,379=,Casey,8
380=,Amir,3,,379=,Charis,8
380=,Anas,3,,379=,Charlie,8
380=,Archie,3,,379=,Chiara,8
380=,Atif,3,,379=,Daisy,8
380=,Beau,3,,379=,Elisabeth,8
380=,Bryden,3,,379=,Fern,8
380=,Cairan,3,,379=,Flora,8
380=,Calan,3,,379=,Gaynor,8
380=,Carlo,3,,379=,Hayleigh,8
380=,Cathal,3,,379=,Hilary,8
380=,Conall,3,,379=,Isabella,8
380=,Connel,3,,379=,Jody,8
380=,Crawford,3,,379=,Kelsie,8
380=,Darius,3,,379=,Nina,8
380=,Darragh,3,,379=,Pauline,8
380=,Darroch,3,,379=,Phoebe,8
380=,Darron,3,,379=,Roslyn,8
380=,Darryll,3,,379=,Sabrina,8
380=,Davide,3,,379=,Sandra,8
380=,Dechlan,3,,379=,Seona,8
380=,Deen,3,,379=,Serena,8
380=,Derrick,3,,379=,Sheryl,8
380=,Don,3,,379=,Theresa,8
380=,Eamonn,3,,408=,Ailish,7
380=,Eoghann,3,,408=,Aisling,7
380=,Fahad,3,,408=,Allanah,7
380=,Faisal,3,,408=,Allyson,7
380=,Francesco,3,,408=,Alyssa,7
380=,Geoffrey,3,,408=,Anam,7
380=,Gianluca,3,,408=,Belinda,7
380=,Grahame,3,,408=,Bernadette,7
380=,Hashim,3,,408=,Claudia,7
380=,Ibrahim,3,,408=,Daniella,7
380=,Ivan,3,,408=,Devon,7
380=,Jaimie,3,,408=,Ebony,7
380=,Jan,3,,408=,Evelyn,7
380=,Jimmy,3,,408=,Fay,7
380=,Kane,3,,408=,Gabrielle,7
380=,Kiefer,3,,408=,Geraldine,7
380=,Kit,3,,408=,Gina,7
380=,Kriss,3,,408=,Harley,7
380=,Kristofor,3,,408=,India,7
380=,Kurtis,3,,408=,Isabel,7
380=,Lawrie,3,,408=,Jazmin,7
380=,Leighton,3,,408=,Jordanne,7
380=,Leslie,3,,408=,Josephine,7
380=,Lucas,3,,408=,Katriona,7
380=,Man,3,,408=,Kayla,7
380=,Mason,3,,408=,Kelly-Anne,7
380=,Maximillian,3,,408=,Larissa,7
380=,Micheal,3,,408=,Leigh-Anne,7
380=,Mohsin,3,,408=,Leighann,7
380=,Moray,3,,408=,Marion,7
380=,Nadeem,3,,408=,Rhian,7
380=,Naveed,3,,408=,Rona,7
380=,Perry,3,,408=,Rosalind,7
380=,Ramsay,3,,408=,Sammy-Jo,7
380=,Raza,3,,408=,Sasha,7
380=,Reiss,3,,408=,Shanna,7
380=,Rian,3,,408=,Susannah,7
380=,Rogan,3,,408=,Teresa,7
380=,Ronnie,3,,408=,Vivienne,7
380=,Ruairi,3,,447=,Amelia,6
380=,Sammy,3,,447=,Annabelle,6
380=,Spencer,3,,447=,Anne-Marie,6
380=,Stanley,3,,447=,Ayesha,6
380=,Stephan,3,,447=,Aynsley,6
380=,Sui,3,,447=,Bonnie,6
380=,Tobias,3,,447=,Bronwyn,6
380=,Tyler,3,,447=,Cally,6
380=,Wallace,3,,447=,Caron,6
380=,Waqas,3,,447=,Caryn,6
380=,Zac,3,,447=,Coleen,6
380=,Zack,3,,447=,Elise,6
380=,Zain,3,,447=,Ellie,6
380=,Zohaib,3,,447=,Esther,6
461=,Aaran,2,,447=,Felicity,6
461=,Abdullah,2,,447=,Gabriella,6
461=,Alaster,2,,447=,Hanna,6
461=,Albert,2,,447=,Jaclyn,6
461=,Alessio,2,,447=,Jaspreet,6
461=,Alfred,2,,447=,Jessie,6
461=,Alix,2,,447=,Jolene,6
461=,Alun,2,,447=,Kaleigh,6
461=,Amar,2,,447=,Kerry-Ann,6
461=,Anders,2,,447=,Kristi,6
461=,Andi,2,,447=,Kyra,6
461=,Andre,2,,447=,Leighanne,6
461=,Angelo,2,,447=,Lesley-Ann,6
461=,Anil,2,,447=,Marisa,6
461=,Antonio,2,,447=,Maureen,6
461=,Aonghas,2,,447=,Nazia,6
461=,Aqib,2,,447=,Niamh,6
461=,Aron,2,,447=,Niomi,6
461=,Asim,2,,447=,Sandie,6
461=,Avinash,2,,447=,Selina,6
461=,Ayden,2,,447=,Sharlene,6
461=,Brady,2,,447=,Shaunna,6
461=,Brendon,2,,447=,Sheona,6
461=,Bret,2,,447=,Shonagh,6
461=,Cai,2,,447=,Sorcha,6
461=,Calumn,2,,486=,Abbi,5
461=,Casey,2,,486=,Alexis,5
461=,Cavan,2,,486=,Amina,5
461=,Ciar,2,,486=,Amy-Louise,5
461=,Clarke,2,,486=,Ann-Marie,5
461=,Clive,2,,486=,Anya,5
461=,Cole,2,,486=,Autumn,5
461=,Conal,2,,486=,Aysha,5
461=,Conan,2,,486=,Calley,5
461=,Cori,2,,486=,Carina,5
461=,Corin,2,,486=,Cherie,5
461=,Correy,2,,486=,Chevonne,5
461=,Dalton,2,,486=,Cristina,5
461=,Dan,2,,486=,Denice,5
461=,Dani,2,,486=,Dianne,5
461=,Dariusz,2,,486=,Eileen,5
461=,Darrel,2,,486=,Eloise,5
461=,Darrin,2,,486=,Elsa,5
461=,Deane,2,,486=,Elspeth,5
461=,Decklyn,2,,486=,Fatima,5
461=,Denny,2,,486=,Henna,5
461=,Derry,2,,486=,Jacqui,5
461=,Desmond,2,,486=,Jan,5
461=,Diarmid,2,,486=,Janice,5
461=,Dion,2,,486=,Joan,5
461=,Donny,2,,486=,Josie,5
461=,Edmond,2,,486=,Joy,5
461=,Edmund,2,,486=,Kaya,5
461=,Eion,2,,486=,Kaye,5
461=,Enrico,2,,486=,Kerryanne,5
461=,Ernest,2,,486=,Kiera,5
461=,Fabio,2,,486=,Kira,5
461=,Faraz,2,,486=,Kiran,5
461=,Farhan,2,,486=,Leeann,5
461=,Fergal,2,,486=,Lesley-Anne,5
461=,Floyd,2,,486=,Luisa,5
461=,Francisco,2,,486=,Lynda,5
461=,Fred,2,,486=,Madison,5
461=,Gerrard,2,,486=,Mariam,5
461=,Glynn,2,,486=,Marissa,5
461=,Haroon,2,,486=,Martina,5
461=,Harun,2,,486=,Moira,5
461=,Hasan,2,,486=,Nancy,5
461=,Hussain,2,,486=,Noreen,5
461=,Huw,2,,486=,Nyomi,5
461=,Irvine,2,,486=,Paisley,5
461=,Irving,2,,486=,Poppy,5
461=,Jackie,2,,486=,Rabia,5
461=,Jagjit,2,,486=,Rebekka,5
461=,Jai,2,,486=,Rhea,5
461=,Jaime,2,,486=,Ria,5
461=,Jaimi,2,,486=,Rowena,5
461=,Jameel,2,,486=,Sadia,5
461=,Jardine,2,,486=,Sammi,5
461=,Jarred,2,,486=,Sammy,5
461=,Jasper,2,,486=,Saskia,5
461=,Jay-Jay,2,,486=,Shannan,5
461=,Jeffrey,2,,486=,Sheila,5
461=,Jeremy,2,,486=,Sheri,5
461=,Johnathon,2,,486=,Tabitha,5
461=,Keenan,2,,486=,Vivien,5
461=,Keiren,2,,486=,Zainab,5
461=,Keirran,2,,548=,Aimie,4
461=,Kevan,2,,548=,Aine,4
461=,Khaled,2,,548=,Ainslie,4
461=,Kier,2,,548=,Aislinn,4
461=,Kierin,2,,548=,Alexa,4
461=,Kraig,2,,548=,Alyx,4
461=,Kristin,2,,548=,Amiee,4
461=,Kylle,2,,548=,Annmarie,4
461=,Laurens,2,,548=,Aoife,4
461=,Lindsay,2,,548=,Beverley,4
461=,Lorenzo,2,,548=,Brittany,4
461=,Luis,2,,548=,Caley,4
461=,Lyall,2,,548=,Callie,4
461=,Mackenzie,2,,548=,Camille,4
461=,Marley,2,,548=,Carole,4
461=,Marvin,2,,548=,Carrie-Ann,4
461=,Matthias,2,,548=,Ceilidh,4
461=,Millar,2,,548=,Chantal,4
461=,Mitchel,2,,548=,Charelle,4
461=,Mohamed,2,,548=,Cloe,4
461=,Morgan,2,,548=,Corrine,4
461=,Muhammed,2,,548=,Crystal,4
461=,Munro,2,,548=,Danni,4
461=,Nathanael,2,,548=,Dayna,4
461=,Nelson,2,,548=,Deanna,4
461=,Nick,2,,548=,Elena,4
461=,Nicki,2,,548=,Elinor,4
461=,Nickolas,2,,548=,Enya,4
461=,Nicolas,2,,548=,Faith,4
461=,Nikolas,2,,548=,Farrah,4
461=,Nima,2,,548=,Genna,4
461=,Numan,2,,548=,Georgie,4
461=,Osman,2,,548=,Greta,4
461=,Padraig,2,,548=,Hailey,4
461=,Pieter,2,,548=,Hira,4
461=,Pietro,2,,548=,Isabelle,4
461=,Quinn,2,,548=,Ishbel,4
461=,Quintin,2,,548=,Janette,4
461=,Ray,2,,548=,Janie,4
461=,Reay,2,,548=,Jenifer,4
461=,Reginald,2,,548=,Jess,4
461=,Ricardo,2,,548=,Jilly,4
461=,Robb,2,,548=,Jordyn,4
461=,Roberto,2,,548=,Juliet,4
461=,Rodger,2,,548=,Kaitlyn,4
461=,Roger,2,,548=,Kari,4
461=,Rori,2,,548=,Karin,4
461=,Rorie,2,,548=,Karli,4
461=,Ruaidhri,2,,548=,Karly,4
461=,Russel,2,,548=,Karyn,4
461=,Saif,2,,548=,Kasha,4
461=,Salman,2,,548=,Katelyn,4
461=,Samir,2,,548=,Kathrine,4
461=,Sean-Paul,2,,548=,Kaylee,4
461=,Seumas,2,,548=,Kerry-Anne,4
461=,Shaw,2,,548=,Kristen,4
461=,Shawn,2,,548=,Kristy,4
461=,Shayne,2,,548=,Kylie,4
461=,Shehroz,2,,548=,Kym,4
461=,Simeon,2,,548=,Laura-Jane,4
461=,Sohaib,2,,548=,Lee-Ann,4
461=,Stacey,2,,548=,Lee-Anne,4
461=,Steffan,2,,548=,Levi,4
461=,Suhaib,2,,548=,Lily,4
461=,Sukhjot,2,,548=,Loren,4
461=,Suleman,2,,548=,Lucia,4
461=,Tarek,2,,548=,Mari,4
461=,Terrence,2,,548=,Marina,4
461=,Trevor,2,,548=,Martha,4
461=,Tyrone,2,,548=,Martine,4
461=,Tze,2,,548=,Monique,4
461=,Umair,2,,548=,Penny,4
461=,Vince,2,,548=,Rae,4
461=,Wai,2,,548=,Rhianna,4
461=,Wakas,2,,548=,Robin,4
461=,Waqar,2,,548=,Ruby,4
461=,Waseem,2,,548=,Sabah,4
461=,Wei,2,,548=,Sammie,4
461=,Wesley,2,,548=,Shaunagh,4
461=,Willem,2,,548=,Shaunnie,4
461=,Wing,2,,548=,Sherree,4
461=,Zakir,2,,548=,Sylvia,4
461=,Zeshan,2,,548=,Symone,4
461=,Zoheb,2,,548=,Tammi,4
632=,Aadam,1,,548=,Tania,4
632=,Aaftab,1,,548=,Tegan,4
632=,Aamir,1,,548=,Tina,4
632=,Aarran,1,,548=,Tuesday,4
632=,Abbey,1,,548=,Valerie,4
632=,Abd,1,,548=,Verity,4
632=,Abdallah,1,,548=,Veronica,4
632=,Abdelmalik,1,,548=,Whitney,4
632=,Abdulah,1,,548=,Yasmine,4
632=,Abdulhamid,1,,641=,Adriana,3
632=,Abdulkadir,1,,641=,Adrianne,3
632=,Abdulmalek,1,,641=,Adrienne,3
632=,Abdulrahman,1,,641=,Aimee-Louise,3
632=,Abdurahman,1,,641=,Allanna,3
632=,Abhinav,1,,641=,Aneesa,3
632=,Abhiram,1,,641=,Angelica,3
632=,Abraham,1,,641=,Angharad,3
632=,Adair,1,,641=,Anisah,3
632=,Adal,1,,641=,Annelie,3
632=,Adeeb,1,,641=,Annelise,3
632=,Ademola,1,,641=,Annette,3
632=,Aderyn,1,,641=,Ashlea,3
632=,Adhum,1,,641=,Ashlie,3
632=,Adin,1,,641=,Asma,3
632=,Adrien,1,,641=,Audrey,3
632=,Adrish,1,,641=,Avril,3
632=,Aedan,1,,641=,Beckie,3
632=,Aeneas,1,,641=,Bethan,3
632=,Aeryn,1,,641=,Blythe,3
632=,Ahren,1,,641=,Brenda,3
632=,Ahyd,1,,641=,Bridget,3
632=,Aiman,1,,641=,Brodie,3
632=,Ajay,1,,641=,Broghan,3
632=,Ajeet,1,,641=,Callan,3
632=,Akash,1,,641=,Carlyn,3
632=,Akib,1,,641=,Carolann,3
632=,Akshay,1,,641=,Carolanne,3
632=,Ala,1,,641=,Carrie-Anne,3
632=,Alasdhear,1,,641=,Carron,3
632=,Alban,1,,641=,Carys,3
632=,Aldo,1,,641=,Cathrine,3
632=,Aled,1,,641=,Ceara,3
632=,Alen,1,,641=,Chanice,3
632=,Alf,1,,641=,Charly,3
632=,Alfie,1,,641=,Chereen,3
632=,Allastair,1,,641=,Corey,3
632=,Allen-James,1,,641=,Corinna,3
632=,Allistair,1,,641=,Corrina,3
632=,Allix,1,,641=,Dara,3
632=,Ally,1,,641=,Darlene,3
632=,Altham,1,,641=,Dee,3
632=,Alyn,1,,641=,Diana,3
632=,Amaar,1,,641=,Eliza,3
632=,Amanber,1,,641=,Ellyn,3
632=,Ameer,1,,641=,Elyse,3
632=,Amer,1,,641=,Emilia,3
632=,Ameur,1,,641=,Erika,3
632=,Amin,1,,641=,Esme,3
632=,Aminul,1,,641=,Euphemia,3
632=,Amit,1,,641=,Faiza,3
632=,Amjad,1,,641=,Farah,3
632=,Ammar,1,,641=,Ferne,3
632=,Amos,1,,641=,Gemma-Louise,3
632=,Amrit,1,,641=,Haleigh,3
632=,Anand,1,,641=,Heidi,3
632=,Andres,1,,641=,Henrietta,3
632=,Andrzej,1,,641=,Ikra,3
632=,Andy,1,,641=,Isobel,3
632=,Aneece,1,,641=,Jackie,3
632=,Aneel,1,,641=,Jaimie,3
632=,Aniel,1,,641=,Jakki,3
632=,Anindya,1,,641=,Jami,3
632=,Aniq,1,,641=,Jamie-Leigh,3
632=,Ankush,1,,641=,Jasmyn,3
632=,Anlon,1,,641=,Joann,3
632=,Anna,1,,641=,Johanne,3
632=,Annis,1,,641=,Joni,3
632=,Anoop,1,,641=,Joyce,3
632=,Anubhav,1,,641=,Juliette,3
632=,Anupam,1,,641=,Kaley,3
632=,Aodhan,1,,641=,Kareen,3
632=,Apurva,1,,641=,Katrine,3
632=,Aqaf,1,,641=,Kelly-Ann,3
632=,Aqeel,1,,641=,Kelly-Marie,3
632=,Aran,1,,641=,Kellyann,3
632=,Arash,1,,641=,Kellyanne,3
632=,Arden,1,,641=,Kirsti,3
632=,Arfan,1,,641=,Kirstine,3
632=,Arfon,1,,641=,Kirstyn,3
632=,Arie,1,,641=,Kristine,3
632=,Arin,1,,641=,Krystal,3
632=,Arjan,1,,641=,Laura-Anne,3
632=,Arman,1,,641=,Lea,3
632=,Armelle,1,,641=,Leila,3
632=,Armen,1,,641=,Leonnie,3
632=,Arnie,1,,641=,Linsay,3
632=,Arron-Lee,1,,641=,Linzie,3
632=,Arsalaan,1,,641=,Lisamarie,3
632=,Aryan,1,,641=,Liza,3
632=,Asaduz,1,,641=,Lora,3
632=,Asaph,1,,641=,Lucie,3
632=,Ashleigh,1,,641=,Lyn,3
632=,Aston,1,,641=,Lynzi,3
632=,Asuteru,1,,641=,Madeline,3
632=,Athanasios,1,,641=,Maisie,3
632=,Atholl,1,,641=,Maree,3
632=,Avetare,1,,641=,Margaret-Anne,3
632=,Awais,1,,641=,Marium,3
632=,Axel,1,,641=,Maryann,3
632=,Axl,1,,641=,Mehvish,3
632=,Ayman,1,,641=,Mellissa,3
632=,Ayodeji,1,,641=,Mhairi-Anne,3
632=,Azam,1,,641=,Mica,3
632=,Azan,1,,641=,Miranda,3
632=,Azaz,1,,641=,Mollie,3
632=,Azeem,1,,641=,Morna,3
632=,Azhar,1,,641=,Morvern,3
632=,Azim,1,,641=,Nadene,3
632=,Aziz,1,,641=,Natallie,3
632=,Bahaeddin,1,,641=,Natassia,3
632=,Barah,1,,641=,Nikole,3
632=,Bari,1,,641=,Nyree,3
632=,Barkat,1,,641=,Orla,3
632=,Barnabas,1,,641=,Priya,3
632=,Barri,1,,641=,Racheal,3
632=,Barron,1,,641=,Rachelle,3
632=,Bashir,1,,641=,Raina,3
632=,Bashshar,1,,641=,Rebecka,3
632=,Ben-Samuel,1,,641=,Renee,3
632=,Benjahmin,1,,641=,Rheanna,3
632=,Benjiman,1,,641=,Rhia,3
632=,Benn,1,,641=,Roma,3
632=,Bennet,1,,641=,Romana,3
632=,Bert,1,,641=,Romany,3
632=,Bertram,1,,641=,Rosa,3
632=,Bevis,1,,641=,Rosalie,3
632=,Bhein,1,,641=,Sacha,3
632=,Bilawal,1,,641=,Sadie,3
632=,Billal,1,,641=,Saima,3
632=,Blaal,1,,641=,Sam,3
632=,Blain,1,,641=,Sanah,3
632=,Blaire,1,,641=,Sandi,3
632=,Blal,1,,641=,Sean,3
632=,Blawal,1,,641=,Shareen,3
632=,Blue,1,,641=,Shauney,3
632=,Bobak,1,,641=,Shawny,3
632=,Bonner,1,,641=,Sheena,3
632=,Bowule,1,,641=,Shelbie,3
632=,Boyd,1,,641=,Sherene,3
632=,Bracken,1,,641=,Sheridan,3
632=,Bradford,1,,641=,Shirley,3
632=,Brahim,1,,641=,Shirley-Anne,3
632=,Bran,1,,641=,Sonya,3
632=,Branden,1,,641=,Sophie-Louise,3
632=,Braun,1,,641=,Steffi,3
632=,Brenden,1,,641=,Stephannie,3
632=,Brennan,1,,641=,Susanna,3
632=,Brian-James,1,,641=,Susanne,3
632=,Brice,1,,641=,Suzanna,3
632=,Broderick,1,,641=,Suzi,3
632=,Brooke,1,,641=,Tasha,3
632=,Bryant,1,,641=,Tayler,3
632=,Bryn,1,,641=,Tess,3
632=,Brynmor,1,,641=,Vari,3
632=,Bueford,1,,641=,Vhairi,3
632=,Buster,1,,641=,Zahra,3
632=,Byron,1,,641=,Zoey,3
632=,Cairn,1,,799=,Afton,2
632=,Calder,1,,799=,Agnes,2
632=,Caleb,1,,799=,Aiden,2
632=,Calgary,1,,799=,Aime,2
632=,Calven,1,,799=,Aimi,2
632=,Cameran,1,,799=,Ainsleigh,2
632=,Cammeron,1,,799=,Aishah,2
632=,Cammy,1,,799=,Aisleen,2
632=,Camran,1,,799=,Alaa,2
632=,Carey,1,,799=,Alayne,2
632=,Carson,1,,799=,Aleesha,2
632=,Carsten,1,,799=,Aleisha,2
632=,Cassius,1,,799=,Alisa,2
632=,Cavin,1,,799=,Alishia,2
632=,Cedric,1,,799=,Allie,2
632=,Ceiron,1,,799=,Alyshia,2
632=,Chadd,1,,799=,Ameena,2
632=,Chae,1,,799=,Amie-Jane,2
632=,Chaz,1,,799=,Amii,2
632=,Che,1,,799=,Aminah,2
632=,Chelsea,1,,799=,Amna,2
632=,Chevez,1,,799=,Ana,2
632=,Chi,1,,799=,Anah,2
632=,Chidubem,1,,799=,Anastasia,2
632=,Chock,1,,799=,Andi,2
632=,Chok,1,,799=,Angelina,2
632=,Cholla,1,,799=,Annah,2
632=,Christer,1,,799=,Anneli,2
632=,Christien,1,,799=,Ariana,2
632=,Christoff,1,,799=,Arran,2
632=,Christophar,1,,799=,Ashlay,2
632=,Christophe,1,,799=,Ashlyn,2
632=,Christopher-And,1,,799=,Assia,2
632=,Christophor,1,,799=,Aston,2
632=,Christpher,1,,799=,Astrid,2
632=,Chung,1,,799=,Athena,2
632=,Cieron,1,,799=,Augusta,2
632=,Cillian,1,,799=,Ava,2
632=,Clement,1,,799=,Ayeisha,2
632=,Clinton,1,,799=,Ayla,2
632=,Cody,1,,799=,Aynsleigh,2
632=,Coinneach,1,,799=,Aynslie,2
632=,Colenn,1,,799=,Becki,2
632=,Colum,1,,799=,Bekki,2
632=,Colvin,1,,799=,Blair,2
632=,Conchobhar,1,,799=,Cait,2
632=,Coner,1,,799=,Caithlyn,2
632=,Conn,1,,799=,Caledonia,2
632=,Connah,1,,799=,Carey,2
632=,Connal,1,,799=,Carissa,2
632=,Connell,1,,799=,Carleen,2
632=,Connelly,1,,799=,Carley,2
632=,Constantine,1,,799=,Carmel,2
632=,Coran,1,,799=,Carol-Ann,2
632=,Corbyn,1,,799=,Casandra,2
632=,Cormac,1,,799=,Cassy,2
632=,Cornelius,1,,799=,Catelyn,2
632=,Corran,1,,799=,Caterina,2
632=,Corry,1,,799=,Cayleigh,2
632=,Cosmo,1,,799=,Ceitidh,2
632=,Courtaney,1,,799=,Celia,2
632=,Cowan,1,,799=,Ceri,2
632=,Creag,1,,799=,Chantell,2
632=,Cristiano,1,,799=,Charise,2
632=,Cristopher,1,,799=,Charmain,2
632=,Cuan,1,,799=,Cherelle,2
632=,Cuillin,1,,799=,Cherise,2
632=,Culum,1,,799=,Cherylann,2
632=,Cyrus,1,,799=,Chloe-Ann,2
632=,Dahni,1,,799=,Chris,2
632=,Dailin,1,,799=,Christabel,2
632=,Daimien,1,,799=,Christen,2
632=,Daimlan,1,,799=,Cindy,2
632=,Dak,1,,799=,Claire-Louise,2
632=,Daljit,1,,799=,Clara,2
632=,Daly,1,,799=,Clarissa,2
632=,Damen,1,,799=,Clayre,2
632=,Damion,1,,799=,Codi,2
632=,Danial,1,,799=,Cody,2
632=,Danilo,1,,799=,Cory,2
632=,Daniyall,1,,799=,Craig,2
632=,Dante,1,,799=,Cree,2
632=,Danuel,1,,799=,Dale,2
632=,Danyle,1,,799=,Danica,2
632=,Darcy,1,,799=,Danika,2
632=,Darel,1,,799=,Danna,2
632=,Darien,1,,799=,Danya,2
632=,Darin,1,,799=,Darcy,2
632=,Darreniai,1,,799=,Deanne,2
632=,Darri,1,,799=,Demi-Lee,2
632=,Darriol,1,,799=,Deniece,2
632=,Darris,1,,799=,Devyn,2
632=,Darroll,1,,799=,Dion,2
632=,Darshan,1,,799=,Dione,2
632=,Darwin,1,,799=,Donna-Marie,2
632=,Daryle,1,,799=,Dorothy,2
632=,Daryoush,1,,799=,Eden,2
632=,Daud,1,,799=,Edith,2
632=,Dave,1,,799=,Eireann,2
632=,David-Alan,1,,799=,Elisa,2
632=,David-Andrew,1,,799=,Elle,2
632=,David-James,1,,799=,Ellice,2
632=,Davie,1,,799=,Elysha,2
632=,Davin,1,,799=,Emilie,2
632=,Davis,1,,799=,Emmajane,2
632=,Davuud,1,,799=,Erica,2
632=,Davy,1,,799=,Errin,2
632=,Davyd,1,,799=,Evangeline,2
632=,Dax,1,,799=,Farrel,2
632=,Daylin,1,,799=,Fawn,2
632=,Daymond,1,,799=,Florence,2
632=,Deaglan,1,,799=,Gabriela,2
632=,Deans,1,,799=,Gael,2
632=,Declyn,1,,799=,Gema,2
632=,Deklan,1,,799=,Genevieve,2
632=,Deklynd,1,,799=,Giuliana,2
632=,Dekylin,1,,799=,Gurpreet,2
632=,Dene,1,,799=,Hafsah,2
632=,Denie,1,,799=,Hai,2
632=,Denton,1,,799=,Halima,2
632=,Denver,1,,799=,Hana,2
632=,Deric,1,,799=,Haylea,2
632=,Derick,1,,799=,Hinna,2
632=,Derik,1,,799=,Huma,2
632=,Derrell,1,,799=,Iffat,2
632=,Detroit,1,,799=,Iman,2
632=,Devinder,1,,799=,Indie,2
632=,Devyn,1,,799=,Ingrid,2
632=,Dewi,1,,799=,Innes,2
632=,Dexter,1,,799=,Iqra,2
632=,Dicken,1,,799=,Irene,2
632=,Digory,1,,799=,Islay,2
632=,Dimitri,1,,799=,Jacqualine,2
632=,Doalty,1,,799=,Jaime,2
632=,Dolton,1,,799=,Janelle,2
632=,Domenic,1,,799=,Janis,2
632=,Domenico,1,,799=,Janna,2
632=,Dominico,1,,799=,Jaye,2
632=,Donavin,1,,799=,Jemima,2
632=,Donnie,1,,799=,Jeni,2
632=,Donovan,1,,799=,Jo,2
632=,Dougal,1,,799=,Jordain,2
632=,Driss,1,,799=,Jordana,2
632=,Dwayne,1,,799=,Jordane,2
632=,Dyfrig,1,,799=,Jorden,2
632=,Dylon,1,,799=,Jordin,2
632=,Eddie,1,,799=,Julie-Anne,2
632=,Eden,1,,799=,Kalie,2
632=,Ehizokhai,1,,799=,Karlyn,2
632=,Elias,1,,799=,Kasey,2
632=,Elio,1,,799=,Kasia,2
632=,Eliot,1,,799=,Katerina,2
632=,Eliott,1,,799=,Katya,2
632=,Emilio,1,,799=,Kayli,2
632=,Emmett,1,,799=,Kaylie,2
632=,Endreas,1,,799=,Kaysha,2
632=,Eoghain,1,,799=,Keely,2
632=,Eoghan,1,,799=,Kelli,2
632=,Eraclees,1,,799=,Kelsea,2
632=,Erez,1,,799=,Kendall,2
632=,Ergun,1,,799=,Kendell,2
632=,Erland,1,,799=,Keren,2
632=,Erran,1,,799=,Kerri-Anne,2
632=,Ersan,1,,799=,Kerrin,2
632=,Erwin,1,,799=,Kerry-Leigh,2
632=,Fabiano,1,,799=,Kerryann,2
632=,Fabrizio,1,,799=,Kia,2
632=,Fadie,1,,799=,Kiara,2
632=,Faezan,1,,799=,Kieran,2
632=,Fahadh,1,,799=,Kimberley-Ann,2
632=,Fairaaz,1,,799=,Kitty,2
632=,Faizaan,1,,799=,Koren,2
632=,Faris,1,,799=,Korinne,2
632=,Faron,1,,799=,Krista,2
632=,Faruq,1,,799=,Krystyna,2
632=,Fawwaz,1,,799=,Lacey,2
632=,Faysal,1,,799=,Laila,2
632=,Feroz,1,,799=,Laura-Ann,2
632=,Fhianan,1,,799=,Laura-Louise,2
632=,Fintan,1,,799=,Laurel,2
632=,Fionn,1,,799=,Laurin,2
632=,Forbes,1,,799=,Leaha,2
632=,Ford,1,,799=,Leann,2
632=,Forrest,1,,799=,Leanna,2
632=,Francis-Dominic,1,,799=,Leia,2
632=,Fraser-James,1,,799=,Leigh-Ann,2
632=,Frazer-Niall,1,,799=,Leyla,2
632=,Fredric,1,,799=,Lia,2
632=,Fredrik,1,,799=,Liann,2
632=,Furkan,1,,799=,Libby,2
632=,Gagandeep,1,,799=,Linden,2
632=,Gardiner,1,,799=,Lisbeth,2
632=,Garey,1,,799=,Lizanne,2
632=,Gari-Jo,1,,799=,Lorien,2
632=,Garreth,1,,799=,Lorin,2
632=,Garrett,1,,799=,Lucille,2
632=,Garylee,1,,799=,Lynette,2
632=,Garyth,1,,799=,Lynzie,2
632=,Gauhar,1,,799=,Lyssa,2
632=,Gautam,1,,799=,Maeve,2
632=,Gawain,1,,799=,Maggie,2
632=,Ged,1,,799=,Maire,2
632=,Gee,1,,799=,Malisa,2
632=,Geoff,1,,799=,Mallory,2
632=,Geordan,1,,799=,Margaret-Ann,2
632=,Georden,1,,799=,Mariah,2
632=,Geordie,1,,799=,Mariann,2
632=,Geraint,1,,799=,Marita,2
632=,Gerrid,1,,799=,Marwa,2
632=,Gershom,1,,799=,Matilda,2
632=,Ghulam,1,,799=,Maya,2
632=,Gian,1,,799=,Meg,2
632=,Gian-Marco,1,,799=,Mehreen,2
632=,Giancarlo,1,,799=,Meigan,2
632=,Giann,1,,799=,Melisa,2
632=,Giles,1,,799=,Mercedes,2
632=,Gilles,1,,799=,Meredith,2
632=,Gillie,1,,799=,Michele,2
632=,Gino,1,,799=,Mikaela,2
632=,Giovanni,1,,799=,Mischa,2
632=,Goe,1,,799=,Morgyn,2
632=,Gong,1,,799=,Nada,2
632=,Greame,1,,799=,Naina,2
632=,Greger,1,,799=,Nathalie,2
632=,Grier,1,,799=,Navada,2
632=,Grigor,1,,799=,Necolle,2
632=,Guillermo,1,,799=,Nia,2
632=,Gurdev,1,,799=,Nicki,2
632=,Gursharn,1,,799=,Nicky,2
632=,Gwilym,1,,799=,Nicol,2
632=,Gwydion,1,,799=,Nicola-Jane,2
632=,Gwyllym,1,,799=,Niki,2
632=,Haaris,1,,799=,Nikkita,2
632=,Habib,1,,799=,Nikola,2
632=,Hadyn,1,,799=,Niomie,2
632=,Hagen,1,,799=,Nur,2
632=,Haider,1,,799=,Nurul,2
632=,Haig,1,,799=,Oonagh,2
632=,Haji,1,,799=,Paloma,2
632=,Hal,1,,799=,Patsy,2
632=,Hamaad,1,,799=,Pippa,2
632=,Hamad,1,,799=,Polly,2
632=,Hamid,1,,799=,Priscilla,2
632=,Hamilton,1,,799=,Rachele,2
632=,Hamza,1,,799=,Reagan,2
632=,Hamzah,1,,799=,Rebeccah,2
632=,Hannes,1,,799=,Rhiann,2
632=,Haris,1,,799=,Rhianne,2
632=,Harjinder,1,,799=,Rio,2
632=,Harman,1,,799=,Robynn,2
632=,Hartesh,1,,799=,Robynne,2
632=,Haseeb,1,,799=,Rosanagh,2
632=,Haw,1,,799=,Rosina,2
632=,Hendry,1,,799=,Rosslyn,2
632=,Hesham,1,,799=,Rudi,2
632=,Hidetomo,1,,799=,Saffron,2
632=,Ho-Loon,1,,799=,Sairah,2
632=,Hoa,1,,799=,Saman,2
632=,Hoi,1,,799=,Samantha-Anne,2
632=,Hong,1,,799=,Samantha-Jane,2
632=,Howard,1,,799=,Sana,2
632=,Humza,1,,799=,Saoirse,2
632=,Hunain,1,,799=,Sarah-Anne,2
632=,Husayn,1,,799=,Sarah-Jayne,2
632=,Hussam,1,,799=,Sascha,2
632=,Hussen,1,,799=,Satveer,2
632=,Hutchison,1,,799=,Savannah,2
632=,Huzaifah,1,,799=,Sehrish,2
632=,Ibn,1,,799=,Senga,2
632=,Ibraheem,1,,799=,Seonag,2
632=,Ibrar,1,,799=,Shabnam,2
632=,Idris,1,,799=,Shaina,2
632=,Immanuel,1,,799=,Sharyn,2
632=,Inness-Ian,1,,799=,Shaune,2
632=,Innis,1,,799=,Shauny,2
632=,Iona,1,,799=,Shavonne,2
632=,Iqbal,1,,799=,Shawnee,2
632=,Irfaan,1,,799=,Shazia,2
632=,Irfan,1,,799=,Shellie,2
632=,Isa,1,,799=,Sherrie,2
632=,Ishiakaishi,1,,799=,Shiree,2
632=,Ishtiaq,1,,799=,Shivani,2
632=,Jac,1,,799=,Simonne,2
632=,Jace,1,,799=,Siti,2
632=,Jade,1,,799=,Skye,2
632=,Jaden,1,,799=,Soibhan,2
632=,Jafar,1,,799=,Stella,2
632=,Jahanzab,1,,799=,Stephany,2
632=,Jahren,1,,799=,Steven,2
632=,Jak,1,,799=,Stevi,2
632=,Jamal,1,,799=,Sumayyah,2
632=,Jamie-John,1,,799=,Susie,2
632=,Jamie-Lee,1,,799=,Suzannah,2
632=,Jamil,1,,799=,Suzy,2
632=,Janosh,1,,799=,Syeda,2
632=,Janusz,1,,799=,Tami,2
632=,Jarad,1,,799=,Tanja,2
632=,Jarren,1,,799=,Tasmin,2
632=,Jarrid,1,,799=,Taylore,2
632=,Jarrod,1,,799=,Terri-Louise,2
632=,Jarvis,1,,799=,Tiana,2
632=,Jaryl,1,,799=,Tonya,2
632=,Jasdeep,1,,799=,Valentina,2
632=,Jaspal,1,,799=,Vickie,2
632=,Jaspreet,1,,799=,Violet,2
632=,Jastej,1,,799=,Virginia,2
632=,Jayce,1,,799=,Vivian,2
632=,Jaydee,1,,799=,Wallis,2
632=,Jayden,1,,799=,Wilma,2
632=,Jayme,1,,799=,Yvette,2
632=,Jaymie,1,,799=,Zena,2
632=,Jaymmi,1,,799=,Zenab,2
632=,Jayni,1,,1111=,Aaisha,1
632=,Jayson,1,,1111=,Aalana,1
632=,Jedd,1,,1111=,Aaron,1
632=,Jelle,1,,1111=,Abbeigh,1
632=,Jem,1,,1111=,Abbigail,1
632=,Jerome,1,,1111=,Abbyda,1
632=,Jerry,1,,1111=,Abigal,1
632=,Jesse,1,,1111=,Adehlie,1
632=,Jethro,1,,1111=,Adel,1
632=,Jevon,1,,1111=,Adellah,1
632=,Jihad,1,,1111=,Aden,1
632=,Jo,1,,1111=,Aditi,1
632=,Johan,1,,1111=,Adjana,1
632=,Johannes,1,,1111=,Adreesa,1
632=,John-Arnold,1,,1111=,Adrianna,1
632=,John-James,1,,1111=,Adriienne,1
632=,John-Robert,1,,1111=,Aeilidh,1
632=,Johnstone,1,,1111=,Affric,1
632=,Johny,1,,1111=,Afreen,1
632=,Johrdann,1,,1111=,Ahlee,1
632=,Jon-Paul,1,,1111=,Aidan,1
632=,Jonnie,1,,1111=,Aileas,1
632=,Jonothan,1,,1111=,Aileigh,1
632=,Joost,1,,1111=,Ailis,1
632=,Jordie,1,,1111=,Ailisa,1
632=,Jorge,1,,1111=,Aillie,1
632=,Josef,1,,1111=,Ailts,1
632=,Josiah,1,,1111=,Aimee-Nicole,1
632=,Josslyn,1,,1111=,Aimie-Louise,1
632=,Jules,1,,1111=,Aimy,1
632=,Jun,1,,1111=,Ainslidh,1
632=,Ka,1,,1111=,Ainsliegh,1
632=,Kabir,1,,1111=,Aishling,1
632=,Kael,1,,1111=,Ajufa,1
632=,Kai-Hoi,1,,1111=,Aksa,1
632=,Kailum,1,,1111=,Alan,1
632=,Kairn,1,,1111=,Alba,1
632=,Kale,1,,1111=,Aleasha,1
632=,Kaleem,1,,1111=,Aleighsha,1
632=,Kalin,1,,1111=,Aleise,1
632=,Kallium,1,,1111=,Aleix,1
632=,Kalum,1,,1111=,Alesha,1
632=,Kalvin,1,,1111=,Aleshia,1
632=,Kam,1,,1111=,Alessia,1
632=,Kameil,1,,1111=,Alette,1
632=,Kanav,1,,1111=,Alexander,1
632=,Kar,1,,1111=,Alexandera,1
632=,Karam,1,,1111=,Alexandrea,1
632=,Karan,1,,1111=,Alexiss,1
632=,Karishe,1,,1111=,Alexzandra,1
632=,Karma,1,,1111=,Alexzina,1
632=,Kasey,1,,1111=,Ali,1
632=,Kashif,1,,1111=,Alia,1
632=,Kassim,1,,1111=,Alica,1
632=,Kate,1,,1111=,Alie,1
632=,Kathryn,1,,1111=,Aliesha,1
632=,Kavin,1,,1111=,Alishya,1
632=,Kawri,1,,1111=,Alissa,1
632=,Kazumasa,1,,1111=,Alistair,1
632=,Keane,1,,1111=,Alixandra,1
632=,Keano,1,,1111=,Aliya,1
632=,Keegan,1,,1111=,Allannah,1
632=,Kegan,1,,1111=,Allea,1
632=,Keifer,1,,1111=,Allesha,1
632=,Keiffer,1,,1111=,Allisa,1
632=,Kelly,1,,1111=,Allix,1
632=,Kelvan,1,,1111=,Ally,1
632=,Kelwyn,1,,1111=,Almaz,1
632=,Kemp,1,,1111=,Alya,1
632=,Ken-Tarro,1,,1111=,Alycia,1
632=,Kenan,1,,1111=,Alysha,1
632=,Kennedy,1,,1111=,Alysia,1
632=,Kennie,1,,1111=,Alyssia,1
632=,Kerry,1,,1111=,Aman,1
632=,Keshav,1,,1111=,Amana,1
632=,Kester,1,,1111=,Amanda-Jane,1
632=,Keven,1,,1111=,Amarah,1
632=,Keyan,1,,1111=,Amarpreet,1
632=,Khadir,1,,1111=,Amazon,1
632=,Khai,1,,1111=,Amber-Corinne,1
632=,Khalid,1,,1111=,Amber-Louise,1
632=,Khern,1,,1111=,Amber-Rose,1
632=,Khuram,1,,1111=,Ambeur,1
632=,Khurram,1,,1111=,Ambre,1
632=,Khurum,1,,1111=,Ambreen,1
632=,Kian,1,,1111=,Ambriene,1
632=,Kiaran,1,,1111=,Amee,1
632=,Kiean,1,,1111=,Ameera,1
632=,Kiel,1,,1111=,Amerah,1
632=,Kiern,1,,1111=,Amie-Lee,1
632=,Kierran,1,,1111=,Amira,1
632=,Kierron,1,,1111=,Ammara,1
632=,Kilian,1,,1111=,Ammi,1
632=,Kinnaird,1,,1111=,Amrit,1
632=,Kinnon,1,,1111=,Amrita,1
632=,Kirkpatrick,1,,1111=,Amy-Lee,1
632=,Kitt,1,,1111=,Amyeo,1
632=,Kobi,1,,1111=,Amylouise,1
632=,Kodi,1,,1111=,Ana-Luisa,1
632=,Konrad,1,,1111=,Ana-Maria,1
632=,Kourram,1,,1111=,Anahita,1
632=,Krishin,1,,1111=,Analysse,1
632=,Kristafer,1,,1111=,Anbar,1
632=,Kristain,1,,1111=,Andrena,1
632=,Kristen,1,,1111=,Andrew,1
632=,Kunal,1,,1111=,Andrina,1
632=,Kurandeep,1,,1111=,Andrine,1
632=,Kwaku,1,,1111=,Aneeka,1
632=,Kwok,1,,1111=,Aneesah,1
632=,Kyall,1,,1111=,Anessa,1
632=,Lachlann,1,,1111=,Angelene,1
632=,Laith,1,,1111=,Angelika,1
632=,Lance,1,,1111=,Aniela,1
632=,Larry,1,,1111=,Aniqah,1
632=,Lars,1,,1111=,Anisa,1
632=,Lauchlan,1,,1111=,Anisha,1
632=,Laura,1,,1111=,Aniysha,1
632=,Lawry,1,,1111=,Anjuli,1
632=,Layton,1,,1111=,Anna-Lisa,1
632=,Lea,1,,1111=,Annabell,1
632=,Leam,1,,1111=,Annahita,1
632=,Leeam,1,,1111=,Annalea,1
632=,Lehem,1,,1111=,Annaliese,1
632=,Lennox,1,,1111=,Annalisa,1
632=,Leonard,1,,1111=,Annam,1
632=,Leonardo,1,,1111=,Anneliese,1
632=,Leum,1,,1111=,Annemarie,1
632=,Levan,1,,1111=,Annice,1
632=,Lewis-William,1,,1111=,Annie-Theresa,1
632=,Lewiss,1,,1111=,Annina,1
632=,Lewys,1,,1111=,Annlouise,1
632=,Leyton,1,,1111=,Anny,1
632=,Lief,1,,1111=,Anouk,1
632=,Lige,1,,1111=,Anovska,1
632=,Linden,1,,1111=,Ansleigh,1
632=,Lisle,1,,1111=,Anum,1
632=,Lliam,1,,1111=,April-Louise,1
632=,Loai,1,,1111=,Aqsa,1
632=,Loc,1,,1111=,Aradhna,1
632=,Lochan,1,,1111=,Ardelle,1
632=,Lochlan,1,,1111=,Areeba,1
632=,Lochlann,1,,1111=,Arfa,1
632=,Lorcan,1,,1111=,Arfah,1
632=,Lorn,1,,1111=,Ari,1
632=,Louise,1,,1111=,Arianne,1
632=,Louix,1,,1111=,Arielle,1
632=,Loyd,1,,1111=,Arifa,1
632=,Lucan,1,,1111=,Arisha,1
632=,Luciano,1,,1111=,Aristea,1
632=,Ludo,1,,1111=,Arizona,1
632=,Lugh,1,,1111=,Arlena,1
632=,Luigi,1,,1111=,Arnina,1
632=,Lukas,1,,1111=,Aroomza,1
632=,Luther,1,,1111=,Aroosa,1
632=,Lyon,1,,1111=,Arrianne,1
632=,Maaz,1,,1111=,Arrowa,1
632=,Macaulay,1,,1111=,Arshia,1
632=,Macaully,1,,1111=,Arwa,1
632=,Madhav,1,,1111=,Arwen,1
632=,Madsar,1,,1111=,Asal,1
632=,Mahir,1,,1111=,Asees,1
632=,Mahmud,1,,1111=,Ash-Leigh,1
632=,Majid,1,,1111=,Asha,1
632=,Mamunoor,1,,1111=,Ashara,1
632=,Manson,1,,1111=,Ashea,1
632=,Manveer,1,,1111=,Ashia,1
632=,Mario,1,,1111=,Ashle,1
632=,Mark-John,1,,1111=,Ashleigh-Ann,1
632=,Marky,1,,1111=,Ashleigh-Louise,1
632=,Marnoch,1,,1111=,Ashley-Ann,1
632=,Martainn,1,,1111=,Ashley-Jane,1
632=,Marwan,1,,1111=,Ashley-Louise,1
632=,Marzel,1,,1111=,Ashley-Marie,1
632=,Masood,1,,1111=,Ashliegh,1
632=,Massimo,1,,1111=,Ashvini,1
632=,Mathias,1,,1111=,Asia,1
632=,Matiu,1,,1111=,Asmah,1
632=,Matteo,1,,1111=,Asyah,1
632=,Maurice,1,,1111=,Atlanta,1
632=,Mehdi,1,,1111=,Aurelie,1
632=,Mehmet,1,,1111=,Aurndeep,1
632=,Mel,1,,1111=,Aurora,1
632=,Melville,1,,1111=,Austen,1
632=,Men,1,,1111=,Austine,1
632=,Meredith,1,,1111=,Avalon,1
632=,Merlyn,1,,1111=,Averil,1
632=,Meshkat,1,,1111=,Avneet,1
632=,Mesut,1,,1111=,Awais,1
632=,Metha,1,,1111=,Axel,1
632=,Meurig,1,,1111=,Aya,1
632=,Mhmud,1,,1111=,Ayeesha,1
632=,Michele,1,,1111=,Aylish,1
632=,Midge,1,,1111=,Aysa,1
632=,Miguel,1,,1111=,Ayshea,1
632=,Mikael,1,,1111=,Azaria,1
632=,Mike,1,,1111=,Banafsag,1
632=,Miki,1,,1111=,Beatrice,1
632=,Milo,1,,1111=,Bebhinn,1
632=,Ming,1,,1111=,Becci,1
632=,Miquel,1,,1111=,Becky-Laine,1
632=,Mirza,1,,1111=,Becky-Rae,1
632=,Mitcheal,1,,1111=,Beki,1
632=,Mohamad,1,,1111=,Bendzir,1
632=,Mohith,1,,1111=,Benna,1
632=,Mohsen,1,,1111=,Betheney,1
632=,Moneeb,1,,1111=,Bethwyn,1
632=,Montague,1,,1111=,Betsy,1
632=,Morsie,1,,1111=,Bettine,1
632=,Mounier,1,,1111=,Beverly,1
632=,Muazzam,1,,1111=,Bevhan,1
632=,Mubarak,1,,1111=,Billie-Jayne,1
632=,Muhesh,1,,1111=,Billie-Jo,1
632=,Muir,1,,1111=,Billyjoe,1
632=,Muneeb,1,,1111=,Blaine,1
632=,Munim,1,,1111=,Blaise,1
632=,Munmeet,1,,1111=,Blake,1
632=,Murrey,1,,1111=,Blue,1
632=,Musaab,1,,1111=,Bobbi,1
632=,Mustafa,1,,1111=,Bobbi-Joann,1
632=,Mutaher,1,,1111=,Bobbie-Jayne,1
632=,Mycheal,1,,1111=,Bobby,1
632=,Mylie,1,,1111=,Bobby-Jo,1
632=,Nabeel,1,,1111=,Bonita,1
632=,Nabhan,1,,1111=,Bracken,1
632=,Nabil,1,,1111=,Brett,1
632=,Nadhir,1,,1111=,Bride,1
632=,Nadim,1,,1111=,Bridghit,1
632=,Naill,1,,1111=,Brieghe,1
632=,Naim,1,,1111=,Brighde,1
632=,Nairne,1,,1111=,Brigid,1
632=,Najmaun,1,,1111=,Brinsley,1
632=,Naseem,1,,1111=,Broaghan,1
632=,Nasim-James,1,,1111=,Brody,1
632=,Nasir,1,,1111=,Bronac,1
632=,Nataniel,1,,1111=,Bronte,1
632=,Nathanial,1,,1111=,Bronya,1
632=,Nathen,1,,1111=,Brook,1
632=,Nauman,1,,1111=,Brooke-Hayley,1
632=,Nayieem,1,,1111=,Brooklyn,1
632=,Nazri,1,,1111=,Brougan,1
632=,Neils,1,,1111=,Bryce,1
632=,Nester,1,,1111=,Bryonie,1
632=,Nezar,1,,1111=,Bryonnie,1
632=,Ngo,1,,1111=,Bushra,1
632=,Nicci,1,,1111=,Busra,1
632=,Nicklaus,1,,1111=,Caelsa,1
632=,Nico-Mejella,1,,1111=,Cai,1
632=,Nigel,1,,1111=,Caia,1
632=,Nikky,1,,1111=,Caieta,1
632=,Niklaes,1,,1111=,Caighley,1
632=,Nils,1,,1111=,Caillie,1
632=,Niocal,1,,1111=,Caira-Louise,1
632=,Nomaan,1,,1111=,Caireen,1
632=,Noor,1,,1111=,Cairin,1
632=,Norry,1,,1111=,Cairine,1
632=,Norton,1,,1111=,Cairney,1
632=,Nozmul,1,,1111=,Cairo,1
632=,Nyle,1,,1111=,Caitlan,1
632=,Oakley,1,,1111=,Caitlin-Rose,1
632=,Olamipo,1,,1111=,Caitlind,1
632=,Olan,1,,1111=,Caitlynd,1
632=,Olivier,1,,1111=,Caitlynn,1
632=,Omaar,1,,1111=,Caitrin,1
632=,Omair,1,,1111=,Cal,1
632=,Omer,1,,1111=,Calais,1
632=,Oren,1,,1111=,Caleigh,1
632=,Osamah,1,,1111=,Cali,1
632=,Osmaan,1,,1111=,Callaidh,1
632=,Ossian,1,,1111=,Calli,1
632=,Ostin,1,,1111=,Camila,1
632=,Owais,1,,1111=,Cammie,1
632=,Ozair,1,,1111=,Candace,1
632=,Pablo,1,,1111=,Candeice,1
632=,Padrig,1,,1111=,Candiece,1
632=,Pang,1,,1111=,Cara-Jane,1
632=,Paolo,1,,1111=,Carah,1
632=,Patrik,1,,1111=,Careen,1
632=,Paula,1,,1111=,Carena,1
632=,Pavandeep,1,,1111=,Cari,1
632=,Paviter,1,,1111=,Carla-Jean,1
632=,Pearse,1,,1111=,Carla-Marie,1
632=,Pedro,1,,1111=,Carlena,1
632=,Pejman,1,,1111=,Carlene,1
632=,Petros,1,,1111=,Carli,1
632=,Pierce,1,,1111=,Carlien,1
632=,Pierros,1,,1111=,Carly-Ann,1
632=,Piet,1,,1111=,Carly-Anne,1
632=,Prince,1,,1111=,Carlynne,1
632=,Pryce,1,,1111=,Carma,1
632=,Ptolemy,1,,1111=,Carmela,1
632=,Qagim,1,,1111=,Carol-Anne,1
632=,Quentin,1,,1111=,Carole-Ann,1
632=,Quincy,1,,1111=,Carole-Anne,1
632=,Quinten,1,,1111=,Carolina,1
632=,Raees,1,,1111=,Carolyne,1
632=,Rael,1,,1111=,Carolynne,1
632=,Ragan,1,,1111=,Carragh,1
632=,Rahath-James,1,,1111=,Carre,1
632=,Raif,1,,1111=,Carrena,1
632=,Raihan,1,,1111=,Carri-Anne,1
632=,Raishon,1,,1111=,Carrieann,1
632=,Raja,1,,1111=,Carris,1
632=,Rajindar,1,,1111=,Carylann,1
632=,Rajvinder,1,,1111=,Cassie-Leigh,1
632=,Ram,1,,1111=,Catherine-Ann,1
632=,Ramee,1,,1111=,Cathleen,1
632=,Ramone,1,,1111=,Cathlin,1
632=,Ramzan,1,,1111=,Cathryn,1
632=,Randeep,1,,1111=,Catrin,1
632=,Randolph,1,,1111=,Catrine,1
632=,Rasad,1,,1111=,Catrion,1
632=,Ravi,1,,1111=,Cayce,1
632=,Rayhan,1,,1111=,Cayce-Jade,1
632=,Raymie,1,,1111=,Ceana,1
632=,Raymund,1,,1111=,Cecelia,1
632=,Reace,1,,1111=,Cecilia,1
632=,Rehman,1,,1111=,Ceit,1
632=,Reis,1,,1111=,Ceitlin,1
632=,Remi,1,,1111=,Celeste,1
632=,Renard,1,,1111=,Celine,1
632=,Rennie,1,,1111=,Chadelle,1
632=,Rheas,1,,1111=,Chahat,1
632=,Rheece,1,,1111=,Chainey-Lee,1
632=,Rhian,1,,1111=,Chamaine,1
632=,Rhoan,1,,1111=,Chanel,1
632=,Rhuairidh,1,,1111=,Channelle,1
632=,Rhudi,1,,1111=,Channon,1
632=,Rhuri,1,,1111=,Chantel,1
632=,Rhuridgh,1,,1111=,Chareece,1
632=,Rhury,1,,1111=,Charine,1
632=,Rhyce,1,,1111=,Charisse,1
632=,Riain,1,,1111=,Charity,1
632=,Riccardo,1,,1111=,Charleigh,1
632=,Richey,1,,1111=,Charli,1
632=,Richie,1,,1111=,Charli-Louise,1
632=,Rickylee,1,,1111=,Charlie-Ann,1
632=,Rik,1,,1111=,Charlotte-Amy,1
632=,Rikky,1,,1111=,Charlotte-Louis,1
632=,Riminjeet,1,,1111=,Charmian,1
632=,Rinaldo,1,,1111=,Chaunice,1
632=,Rio,1,,1111=,Chauntelle,1
632=,Ritchy,1,,1111=,Chavon,1
632=,Riyaad,1,,1111=,Chavonne,1
632=,Rizwan,1,,1111=,Chayne,1
632=,Roan,1,,1111=,Chelcie,1
632=,Robaidh,1,,1111=,Chellsey,1
632=,Roberts,1,,1111=,Chelsay,1
632=,Rohail,1,,1111=,Chelsea-Lee,1
632=,Rohan,1,,1111=,Chelsey-Lee,1
632=,Rolf,1,,1111=,Chelsy,1
632=,Romain,1,,1111=,Cheney,1
632=,Roni,1,,1111=,Chenice,1
632=,Ronny,1,,1111=,Chenise,1
632=,Rorry,1,,1111=,Chennice,1
632=,Roshan,1,,1111=,Cher,1
632=,Rossano,1,,1111=,Cheralynn,1
632=,Roydon,1,,1111=,Cherene,1
632=,Ruairaidh,1,,1111=,Cherhys,1
632=,Ruairdh,1,,1111=,Cheri,1
632=,Ruarigh,1,,1111=,Cheriese,1
632=,Ruben,1,,1111=,Cherilyn,1
632=,Rudi,1,,1111=,Cherisse,1
632=,Rudolf,1,,1111=,Cherlea,1
632=,Ruhidul,1,,1111=,Cherrise,1
632=,Rupert,1,,1111=,Cherryl,1
632=,Ryen,1,,1111=,Cheryle,1
632=,Sabraj,1,,1111=,Cherysse,1
632=,Sacha,1,,1111=,Cheska,1
632=,Saddiq,1,,1111=,Chevon,1
632=,Saeed,1,,1111=,Cheyenne,1
632=,Saeid,1,,1111=,Chiaka,1
632=,Sahr,1,,1111=,Chiera,1
632=,Saied,1,,1111=,Chinasa,1
632=,Saikou,1,,1111=,Chirsty,1
632=,Saiyad,1,,1111=,Chloe-Danielle,1
632=,Sajid,1,,1111=,Chloe-Julia,1
632=,Saleem,1,,1111=,Chloe-Louise,1
632=,Salem,1,,1111=,Chrissie,1
632=,Samadjan,1,,1111=,Christianne,1
632=,Samer,1,,1111=,Christie-Lee,1
632=,Samirali,1,,1111=,Christopher,1
632=,Samson,1,,1111=,Chyvonne,1
632=,Samwell,1,,1111=,Ciaron,1
632=,Sanan,1,,1111=,Cicely,1
632=,Sandie,1,,1111=,Ciorstaidh,1
632=,Sanjay,1,,1111=,Ciorstan,1
632=,Santiago,1,,1111=,Ciya,1
632=,Santino,1,,1111=,Clairanne,1
632=,Sardar,1,,1111=,Claire-Amy,1
632=,Sasha,1,,1111=,Clara-Jane,1
632=,Satnam,1,,1111=,Clare-Louise,1
632=,Satvinder,1,,1111=,Clarice,1
632=,Saud,1,,1111=,Clayer,1
632=,Saul,1,,1111=,Cloey,1
632=,Schaun,1,,1111=,Colene,1
632=,Sean-Alexander,1,,1111=,Colin,1
632=,Sean-James,1,,1111=,Collice,1
632=,Sebastiaan,1,,1111=,Connaire,1
632=,Sebvastian,1,,1111=,Connie-Louise,1
632=,Sedras,1,,1111=,Conta,1
632=,Seiorse,1,,1111=,Cora,1
632=,Selali,1,,1111=,Corale,1
632=,Semih,1,,1111=,Coralee,1
632=,Seoras,1,,1111=,Corall,1
632=,Serar,1,,1111=,Cordelia,1
632=,Sergio,1,,1111=,Cori,1
632=,Seth,1,,1111=,Corina,1
632=,Seyyed,1,,1111=,Corri,1
632=,Shadi,1,,1111=,Corrin,1
632=,Shahid,1,,1111=,Courteney,1
632=,Shahzabe,1,,1111=,Courtni,1
632=,Shala,1,,1111=,Courtnie,1
632=,Shanan,1,,1111=,Cydney,1
632=,Sharan,1,,1111=,Cylest,1
632=,Shaunne,1,,1111=,Dace-Anna,1
632=,Shawen,1,,1111=,Dahryl,1
632=,Shayantan,1,,1111=,Dalia,1
632=,Shea,1,,1111=,Dalvinder,1
632=,Shehbaz,1,,1111=,Dana-Louise,1
632=,Shehzad,1,,1111=,Danee,1
632=,Sheldon,1,,1111=,Danella,1
632=,Sheraz,1,,1111=,Daniejela,1
632=,Shezad,1,,1111=,Daniela,1
632=,Shimon,1,,1111=,Danise,1
632=,Shohaib,1,,1111=,Danniell,1
632=,Shonaidh,1,,1111=,Dannii,1
632=,Shraz,1,,1111=,Danyele,1
632=,Shujahat,1,,1111=,Darah,1
632=,Shwan,1,,1111=,Darcey,1
632=,Siddharth,1,,1111=,Darianne,1
632=,Sigmund,1,,1111=,Darra,1
632=,Simiran,1,,1111=,Darragh,1
632=,Simron,1,,1111=,Darrah,1
632=,Sinan,1,,1111=,Darren,1
632=,Sinclair,1,,1111=,Darryl,1
632=,Sion,1,,1111=,Daryll,1
632=,Siqandar,1,,1111=,Davina,1
632=,Slaheddine,1,,1111=,Dawn-Marie,1
632=,Sofiane,1,,1111=,Dawn-Rose,1
632=,Sohail,1,,1111=,Dayle,1
632=,Soheal,1,,1111=,Daynah,1
632=,Soon,1,,1111=,Deana,1
632=,Spandan,1,,1111=,Debbi,1
632=,Spiros,1,,1111=,Debi,1
632=,Stafford,1,,1111=,Debielee,1
632=,Stasys,1,,1111=,Deborah-Ann,1
632=,Stavros,1,,1111=,Dee-Anne,1
632=,Steaphan,1,,1111=,Deenika,1
632=,Stefano,1,,1111=,Deeraj,1
632=,Stein,1,,1111=,Deesa,1
632=,Stevan,1,,1111=,Deeza,1
632=,Steven-John,1,,1111=,Deirdrie,1
632=,Storm,1,,1111=,Delanie,1
632=,Stuartie,1,,1111=,Delhi,1
632=,Su,1,,1111=,Demi-Lea,1
632=,Subtaien,1,,1111=,Demi-Louise,1
632=,Sucdave,1,,1111=,Demii,1
632=,Suhail,1,,1111=,Demitra,1
632=,Suhayb,1,,1111=,Demy,1
632=,Sulayman,1,,1111=,Dena,1
632=,Sulman,1,,1111=,Denham,1
632=,Sundeep,1,,1111=,Denize,1
632=,Sunny,1,,1111=,Denna,1
632=,Suraj,1,,1111=,Denni,1
632=,Suresh,1,,1111=,Denya,1
632=,Sushant,1,,1111=,Deonne,1
632=,Sven,1,,1111=,Deri,1
632=,Sydney,1,,1111=,Derlyn,1
632=,Symon,1,,1111=,Derri,1
632=,Tadeusz,1,,1111=,Derrie,1
632=,Taha,1,,1111=,Derryn,1
632=,Tahleel,1,,1111=,Dervla,1
632=,Tahmin,1,,1111=,Desiree,1
632=,Taimur,1,,1111=,Devin,1
632=,Taisei,1,,1111=,Devon-Islay,1
632=,Taiyub,1,,1111=,Devone,1
632=,Taj,1,,1111=,Devora,1
632=,Talveer,1,,1111=,Dewry,1
632=,Talvinder,1,,1111=,Dhanika,1
632=,Tamoor,1,,1111=,Dhirej,1
632=,Tanwir,1,,1111=,Dian,1
632=,Tarik,1,,1111=,Diko,1
632=,Taro,1,,1111=,Dior,1
632=,Tauseef,1,,1111=,Divya,1
632=,Tayler,1,,1111=,Djamila,1
632=,Tayyib,1,,1111=,Dominque,1
632=,Teale,1,,1111=,Donana,1
632=,Tee-Jay,1,,1111=,Donnamarie,1
632=,Tejinder,1,,1111=,Donya,1
632=,Thani,1,,1111=,Dorie,1
632=,Themba,1,,1111=,Dounia,1
632=,Theodore,1,,1111=,Dreita,1
632=,Thiago,1,,1111=,Drugh,1
632=,Thor,1,,1111=,Dulcie,1
632=,Tim,1,,1111=,Dyan,1
632=,Tipu,1,,1111=,Eadie,1
632=,Todd,1,,1111=,Ealasaid,1
632=,Tokeer,1,,1111=,Ebenmosi,1
632=,Tomasz,1,,1111=,Edana,1
632=,Tommer,1,,1111=,Eddi,1
632=,Tommi,1,,1111=,Eddilouise,1
632=,Tommie,1,,1111=,Edele,1
632=,Toni,1,,1111=,Effie,1
632=,Torstein,1,,1111=,Eibhlin,1
632=,Traeger,1,,1111=,Eidann,1
632=,Travis,1,,1111=,Eila,1
632=,Trent,1,,1111=,Eildh,1
632=,Tyrinne,1,,1111=,Eilean,1
632=,Tyron,1,,1111=,Eilioh,1
632=,Tyson,1,,1111=,Eilis,1
632=,Uist,1,,1111=,Eilise,1
632=,Ummar,1,,1111=,Eily,1
632=,Usama,1,,1111=,Eirian,1
632=,Vaaqas,1,,1111=,Eirinn,1
632=,Vaeman,1,,1111=,Elan,1
632=,Vajid,1,,1111=,Elayna,1
632=,Vaqar,1,,1111=,Eleanore,1
632=,Vasilios,1,,1111=,Eleena,1
632=,Vaughan,1,,1111=,Eleisha,1
632=,Venkataraman,1,,1111=,Elidh,1
632=,Viashal,1,,1111=,Elif,1
632=,Vikramjeet,1,,1111=,Elish,1
632=,Vincento,1,,1111=,Elisheva,1
632=,Vincenzo,1,,1111=,Elissa,1
632=,Visdean,1,,1111=,Ella,1
632=,Vishal,1,,1111=,Ella-Jane,1
632=,Vishnu,1,,1111=,Ellie-May,1
632=,Vivien,1,,1111=,Elly,1
632=,Waasim,1,,1111=,Eloisa,1
632=,Wade,1,,1111=,Elouisa,1
632=,Wadood,1,,1111=,Elouise,1
632=,Wahid,1,,1111=,Elsie,1
632=,Waled,1,,1111=,Elyssa,1
632=,Walid,1,,1111=,Ema,1
632=,Walker,1,,1111=,Ember,1
632=,Waqaar,1,,1111=,Emel,1
632=,Waring,1,,1111=,Emer,1
632=,Waseem-U-Rehman,1,,1111=,Emerald,1
632=,Wasim,1,,1111=,Emilirose,1
632=,Wess,1,,1111=,Emily-Alexandra,1
632=,Wouter,1,,1111=,Emily-Jane,1
632=,Xavier,1,,1111=,Emma-Jayne,1
632=,Yahia,1,,1111=,Emma-Leigh,1
632=,Yahya,1,,1111=,Emmajean,1
632=,Yan,1,,1111=,Emme,1
632=,Yar,1,,1111=,Emmie,1
632=,Yaser,1,,1111=,Emmy,1
632=,Yat,1,,1111=,Emna,1
632=,Yeager,1,,1111=,Ena,1
632=,Yesser,1,,1111=,Engi,1
632=,Yin,1,,1111=,Erran,1
632=,Yiu,1,,1111=,Errynn,1
632=,Yoon,1,,1111=,Eryn,1
632=,Yoshua,1,,1111=,Erynn,1
632=,Yousef,1,,1111=,Esmie,1
632=,Yousif,1,,1111=,Ettanya,1
632=,Yousuf,1,,1111=,Eugenie,1
632=,Yuki,1,,1111=,Evann,1
632=,Yunis,1,,1111=,Evanthia,1
632=,Yusuf,1,,1111=,Evette,1
632=,Zachariah,1,,1111=,Evie,1
632=,Zachery,1,,1111=,Faaiza,1
632=,Zackary,1,,1111=,Fabia,1
632=,Zahaib,1,,1111=,Fabliha,1
632=,Zain-Ul-Abidin,1,,1111=,Faieza,1
632=,Zakariya,1,,1111=,Fallon,1
632=,Zakary,1,,1111=,Falon,1
632=,Zamaan,1,,1111=,Falyne,1
632=,Zander,1,,1111=,Fardos,1
632=,Zeeshan,1,,1111=,Fareedah,1
632=,Zen,1,,1111=,Farhana,1
632=,Zenith,1,,1111=,Farhanah,1
632=,Zeshaan,1,,1111=,Fariya,1
632=,Zeshian,1,,1111=,Farnoush,1
632=,Zhi,1,,1111=,Farrell,1
632=,Ziad,1,,1111=,Farzaana,1
632=,Zico,1,,1111=,Fateme,1
632=,Zinc,1,,1111=,Fatemeh,1
632=,Zishan,1,,1111=,Fathima,1
632=,Zubair,1,,1111=,Fatiha,1
632=,Zuber,1,,1111=,Fatimatuzzahrah,1
632=,Zuhir,1,,1111=,Fawne,1
632=,Zulkamal,1,,1111=,Faylinn,1
632=,Zyiad,1,,1111=,Feiona,1
,,,,1111=,Felicity-Kate,1
,,,,1111=,Fernan,1
,,,,1111=,Fezaa,1
,,,,1111=,Fidelma,1
,,,,1111=,Finleigh,1
,,,,1111=,Finola,1
,,,,1111=,Fionn,1
,,,,1111=,Fionnah,1
,,,,1111=,Firdaus,1
,,,,1111=,Firdos,1
,,,,1111=,Fozia,1
,,,,1111=,Franchesca,1
,,,,1111=,Francisca,1
,,,,1111=,Freda,1
,,,,1111=,Freha,1
,,,,1111=,Freyja,1
,,,,1111=,Gabriele,1
,,,,1111=,Gaile,1
,,,,1111=,Geena,1
,,,,1111=,Gemma-Claire,1
,,,,1111=,Gemma-Dee,1
,,,,1111=,Gemma-Grace,1
,,,,1111=,Gena,1
,,,,1111=,Genna-Louise,1
,,,,1111=,Gennifer,1
,,,,1111=,Ghislaine,1
,,,,1111=,Ghulam,1
,,,,1111=,Gi,1
,,,,1111=,Gigha,1
,,,,1111=,Gioia,1
,,,,1111=,Giordana,1
,,,,1111=,Giorgia-Nicole,1
,,,,1111=,Giovanna,1
,,,,1111=,Giulia,1
,,,,1111=,Giulianna,1
,,,,1111=,Glenn,1
,,,,1111=,Glenne,1
,,,,1111=,Gracie,1
,,,,1111=,Grainne,1
,,,,1111=,Greer,1
,,,,1111=,Gufran,1
,,,,1111=,Gul,1
,,,,1111=,Gulizar,1
,,,,1111=,Gur-Suneet,1
,,,,1111=,Gurjeet,1
,,,,1111=,Gurjot,1
,,,,1111=,Gurveen,1
,,,,1111=,Guyane,1
,,,,1111=,Gwendolen,1
,,,,1111=,Hadassah,1
,,,,1111=,Hadia,1
,,,,1111=,Hadil,1
,,,,1111=,Haighlee,1
,,,,1111=,Hailee,1
,,,,1111=,Hajer,1
,,,,1111=,Hala,1
,,,,1111=,Halley,1
,,,,1111=,Hanaa,1
,,,,1111=,Hanae,1
,,,,1111=,Hanah,1
,,,,1111=,Hanan,1
,,,,1111=,Haneen,1
,,,,1111=,Haniah,1
,,,,1111=,Hannah-Denise,1
,,,,1111=,Hannah-Leanne,1
,,,,1111=,Hannah-Louise,1
,,,,1111=,Hanneke,1
,,,,1111=,Hao,1
,,,,1111=,Harjoyt,1
,,,,1111=,Harpa,1
,,,,1111=,Harpreet,1
,,,,1111=,Harvinder,1
,,,,1111=,Hasna,1
,,,,1111=,Hayfa,1
,,,,1111=,Haylay,1
,,,,1111=,Haylie,1
,,,,1111=,Hayliegh,1
,,,,1111=,Haymen,1
,,,,1111=,Hazel-Anne,1
,,,,1111=,Hazel-Jane,1
,,,,1111=,Haziqah,1
,,,,1111=,Heaven,1
,,,,1111=,Hebah-Allah,1
,,,,1111=,Heena,1
,,,,1111=,Heledd,1
,,,,1111=,Helga,1
,,,,1111=,Hellen,1
,,,,1111=,Hester,1
,,,,1111=,Hikaru,1
,,,,1111=,Hill,1
,,,,1111=,Hina,1
,,,,1111=,Holli,1
,,,,1111=,Hollie-Louise,1
,,,,1111=,Honor,1
,,,,1111=,Humaira,1
,,,,1111=,Hummera,1
,,,,1111=,Humyra,1
,,,,1111=,Husanjit,1
,,,,1111=,Husnaa,1
,,,,1111=,Ibtehal,1
,,,,1111=,Ida,1
,,,,1111=,Iesha,1
,,,,1111=,Ilara,1
,,,,1111=,Ilona,1
,,,,1111=,Inderjit,1
,,,,1111=,Indianatasha,1
,,,,1111=,Indigo,1
,,,,1111=,Inga,1
,,,,1111=,Inger,1
,,,,1111=,Ingri,1
,,,,1111=,Ioanna,1
,,,,1111=,Ione,1
,,,,1111=,Iqrah,1
,,,,1111=,Iram,1
,,,,1111=,Irantzu,1
,,,,1111=,Isabell,1
,,,,1111=,Isean,1
,,,,1111=,Isha,1
,,,,1111=,Isla-Katrina,1
,,,,1111=,Islame,1
,,,,1111=,Jacalyn,1
,,,,1111=,Jacinta,1
,,,,1111=,Jackalyne,1
,,,,1111=,Jacki,1
,,,,1111=,Jacklyn,1
,,,,1111=,Jacklynn,1
,,,,1111=,Jacolyn,1
,,,,1111=,Jacqueleine,1
,,,,1111=,Jacquelyn,1
,,,,1111=,Jacquelyne,1
,,,,1111=,Jacqui-Leigh,1
,,,,1111=,Jacquie,1
,,,,1111=,Jacquiline,1
,,,,1111=,Jade-Dionne,1
,,,,1111=,Jade-Louise,1
,,,,1111=,Jadwiga,1
,,,,1111=,Jaia,1
,,,,1111=,Jaide,1
,,,,1111=,Jaimie-Lee,1
,,,,1111=,Jamei,1
,,,,1111=,Jamela,1
,,,,1111=,Jameylee,1
,,,,1111=,Jamie-Lea,1
,,,,1111=,Jamie-Michelle,1
,,,,1111=,Jamielee,1
,,,,1111=,Jamieleigh,1
,,,,1111=,Jamila,1
,,,,1111=,Jammell,1
,,,,1111=,Jan-Nicolle,1
,,,,1111=,Janae,1
,,,,1111=,Jane-Marie,1
,,,,1111=,Janeen,1
,,,,1111=,Janey,1
,,,,1111=,Janina,1
,,,,1111=,Jannelle,1
,,,,1111=,Jannian,1
,,,,1111=,Jawairia,1
,,,,1111=,Jayanne,1
,,,,1111=,Jaydeene,1
,,,,1111=,Jaydn,1
,,,,1111=,Jaymee,1
,,,,1111=,Jaynee,1
,,,,1111=,Jaynie,1
,,,,1111=,Jeanetta,1
,,,,1111=,Jeanette,1
,,,,1111=,Jeanine,1
,,,,1111=,Jeanna,1
,,,,1111=,Jeannette,1
,,,,1111=,Jeannie,1
,,,,1111=,Jemma-Louise,1
,,,,1111=,Jena,1
,,,,1111=,Jenelle,1
,,,,1111=,Jeng,1
,,,,1111=,Jeniffer,1
,,,,1111=,Jenna-Louise,1
,,,,1111=,Jenna-Marie,1
,,,,1111=,Jennah,1
,,,,1111=,Jennie,1
,,,,1111=,Jenniffer,1
,,,,1111=,Jennylynn,1
,,,,1111=,Jenyth,1
,,,,1111=,Jeri,1
,,,,1111=,Jerri,1
,,,,1111=,Jerry,1
,,,,1111=,Jewel,1
,,,,1111=,Jhodie,1
,,,,1111=,Ji,1
,,,,1111=,Jia,1
,,,,1111=,Jinan,1
,,,,1111=,Jinting,1
,,,,1111=,Jireh,1
,,,,1111=,Jo-Ann,1
,,,,1111=,Jo-Anna,1
,,,,1111=,Joane,1
,,,,1111=,Jodi-Lee,1
,,,,1111=,Jodie-Leanne,1
,,,,1111=,Jodie-Lee,1
,,,,1111=,Jodielee,1
,,,,1111=,Joe,1
,,,,1111=,Joelle,1
,,,,1111=,Johana,1
,,,,1111=,Jola,1
,,,,1111=,Jordan-Leigh,1
,,,,1111=,Jordann,1
,,,,1111=,Jordanna,1
,,,,1111=,Jordhan,1
,,,,1111=,Jordynne,1
,,,,1111=,Jorgia,1
,,,,1111=,Jorja,1
,,,,1111=,Joscelin,1
,,,,1111=,Joscelyn,1
,,,,1111=,Josianne,1
,,,,1111=,Judy,1
,,,,1111=,Julianna,1
,,,,1111=,Julianne,1
,,,,1111=,Julieann,1
,,,,1111=,June,1
,,,,1111=,Juni,1
,,,,1111=,Juno,1
,,,,1111=,Jusdeen-Leigh,1
,,,,1111=,Justene,1
,,,,1111=,Jvieria,1
,,,,1111=,Kaamila,1
,,,,1111=,Kacha,1
,,,,1111=,Kacie,1
,,,,1111=,Kadi,1
,,,,1111=,Kaeleigh,1
,,,,1111=,Kahli,1
,,,,1111=,Kaigan,1
,,,,1111=,Kailey,1
,,,,1111=,Kaisha,1
,,,,1111=,Kaitlynn,1
,,,,1111=,Kaleana,1
,,,,1111=,Kali,1
,,,,1111=,Kalila,1
,,,,1111=,Kallan-Mai,1
,,,,1111=,Kallie,1
,,,,1111=,Kamaria,1
,,,,1111=,Kamini,1
,,,,1111=,Kamlash,1
,,,,1111=,Kandice,1
,,,,1111=,Kanika,1
,,,,1111=,Kar,1
,,,,1111=,Karas,1
,,,,1111=,Karena,1
,,,,1111=,Karesha,1
,,,,1111=,Kariana,1
,,,,1111=,Karissa,1
,,,,1111=,Karlin,1
,,,,1111=,Karma,1
,,,,1111=,Karmin,1
,,,,1111=,Karoline,1
,,,,1111=,Karren,1
,,,,1111=,Karrie,1
,,,,1111=,Karyse,1
,,,,1111=,Kassandra,1
,,,,1111=,Kassi,1
,,,,1111=,Kassia,1
,,,,1111=,Katelin,1
,,,,1111=,Katey,1
,,,,1111=,Katherine-Clare,1
,,,,1111=,Kathlynne,1
,,,,1111=,Kathy,1
,,,,1111=,Kati,1
,,,,1111=,Katie-Anne,1
,,,,1111=,Katie-Jean,1
,,,,1111=,Katie-Joan,1
,,,,1111=,Katie-Louise,1
,,,,1111=,Katieann,1
,,,,1111=,Katriina,1
,,,,1111=,Katrin,1
,,,,1111=,Katryn,1
,,,,1111=,Katryna,1
,,,,1111=,Kattlin,1
,,,,1111=,Kayanna,1
,,,,1111=,Kayla-Lee,1
,,,,1111=,Kayleigh-Anne,1
,,,,1111=,Kayleigh-Elizab,1
,,,,1111=,Kayleighanne,1
,,,,1111=,Kayliegh,1
,,,,1111=,Kayna,1
,,,,1111=,Kayree,1
,,,,1111=,Kazanna,1
,,,,1111=,Kazue,1
,,,,1111=,Kea,1
,,,,1111=,Kealla,1
,,,,1111=,Kealy,1
,,,,1111=,Keana,1
,,,,1111=,Kearney,1
,,,,1111=,Keeleigh,1
,,,,1111=,Keera,1
,,,,1111=,Kehkeshan,1
,,,,1111=,Keigheley,1
,,,,1111=,Keighleigh,1
,,,,1111=,Keiliegh,1
,,,,1111=,Keisha,1
,,,,1111=,Kelbay,1
,,,,1111=,Kelleigh,1
,,,,1111=,Kelley,1
,,,,1111=,Kellianne,1
,,,,1111=,Kellie-Marie,1
,,,,1111=,Kellsey,1
,,,,1111=,Kellsie,1
,,,,1111=,Kelly-Louise,1
,,,,1111=,Kellymarie,1
,,,,1111=,Kelsie-Ann,1
,,,,1111=,Kemi,1
,,,,1111=,Kendyl,1
,,,,1111=,Kennerty,1
,,,,1111=,Kenzey,1
,,,,1111=,Kenzie,1
,,,,1111=,Keri-Marie,1
,,,,1111=,Kerie,1
,,,,1111=,Kerin,1
,,,,1111=,Kerina,1
,,,,1111=,Keris,1
,,,,1111=,Kerrera,1
,,,,1111=,Kerri-Ann,1
,,,,1111=,Kerrianne,1
,,,,1111=,Kerrie-Ann,1
,,,,1111=,Kerrie-Anne,1
,,,,1111=,Kerrie-Louise,1
,,,,1111=,Kerry-Jane,1
,,,,1111=,Kerry-Jo,1
,,,,1111=,Kerry-Lee,1
,,,,1111=,Kerry-Louise,1
,,,,1111=,Kersty,1
,,,,1111=,Keryn,1
,,,,1111=,Keshena,1
,,,,1111=,Ketis,1
,,,,1111=,Keyleigh,1
,,,,1111=,Khadejsha,1
,,,,1111=,Khadija,1
,,,,1111=,Khailey,1
,,,,1111=,Khara,1
,,,,1111=,Kheira,1
,,,,1111=,Kherri,1
,,,,1111=,Kiana,1
,,,,1111=,Kiaya,1
,,,,1111=,Kierran,1
,,,,1111=,Kiheela,1
,,,,1111=,Kiloran,1
,,,,1111=,Kimberlay-Louis,1
,,,,1111=,Kimberleigh,1
,,,,1111=,Kimberleigh-Lou,1
,,,,1111=,Kimberley-Clair,1
,,,,1111=,Kimberley-Louis,1
,,,,1111=,Kimberlie,1
,,,,1111=,Kira-Louise,1
,,,,1111=,Kirandeep,1
,,,,1111=,Kirandip,1
,,,,1111=,Kiren,1
,,,,1111=,Kirene,1
,,,,1111=,Kiriaki,1
,,,,1111=,Kirstey,1
,,,,1111=,Kirstieleigh,1
,,,,1111=,Kirsty-Ann,1
,,,,1111=,Kirsty-Anne,1
,,,,1111=,Kirsty-Louise,1
,,,,1111=,Kiya,1
,,,,1111=,Kiyomi,1
,,,,1111=,Kizzy,1
,,,,1111=,Klair,1
,,,,1111=,Klayr,1
,,,,1111=,Kloe,1
,,,,1111=,Klud,1
,,,,1111=,Korrie,1
,,,,1111=,Korriene,1
,,,,1111=,Korryl,1
,,,,1111=,Kostandina,1
,,,,1111=,Kreisha,1
,,,,1111=,Kristin,1
,,,,1111=,Kuljeet,1
,,,,1111=,Kuljit,1
,,,,1111=,Kulwant,1
,,,,1111=,Kyanna-Louise,1
,,,,1111=,Kyle,1
,,,,1111=,Kymberley,1
,,,,1111=,Kymberli,1
,,,,1111=,Kymberly,1
,,,,1111=,Kymbirley,1
,,,,1111=,Kyrstie,1
,,,,1111=,Kyrsty,1
,,,,1111=,Lai,1
,,,,1111=,Laiken,1
,,,,1111=,Lainie,1
,,,,1111=,Lakhvinder,1
,,,,1111=,Lale,1
,,,,1111=,Lamara,1
,,,,1111=,Lanah,1
,,,,1111=,Laney,1
,,,,1111=,Lannette,1
,,,,1111=,Lara-Jane,1
,,,,1111=,Lara-Louise,1
,,,,1111=,Laraeb,1
,,,,1111=,Larah,1
,,,,1111=,Laraine,1
,,,,1111=,Larisa,1
,,,,1111=,Latoya,1
,,,,1111=,Laura-Jean,1
,,,,1111=,Lauramarie,1
,,,,1111=,Laurann,1
,,,,1111=,Laureen,1
,,,,1111=,Laurell,1
,,,,1111=,Laurelle,1
,,,,1111=,Lauren-Joanne,1
,,,,1111=,Laurene,1
,,,,1111=,Lauri,1
,,,,1111=,Laurna,1
,,,,1111=,Laurra,1
,,,,1111=,Layna,1
,,,,1111=,Leah-Louise,1
,,,,1111=,Leane,1
,,,,1111=,Lee-Jane,1
,,,,1111=,Leesa,1
,,,,1111=,Leiana,1
,,,,1111=,Leighamarie,1
,,,,1111=,Lema,1
,,,,1111=,Lena,1
,,,,1111=,Lena-May,1
,,,,1111=,Leni,1
,,,,1111=,Lennox,1
,,,,1111=,Leomi,1
,,,,1111=,Leoni,1
,,,,1111=,Leonne,1
,,,,1111=,Lesleyanne,1
,,,,1111=,Leslie,1
,,,,1111=,Lewis,1
,,,,1111=,Lhana,1
,,,,1111=,Li-Hung,1
,,,,1111=,Liane,1
,,,,1111=,Liberty,1
,,,,1111=,Lieke,1
,,,,1111=,Lilia,1
,,,,1111=,Lilian,1
,,,,1111=,Lilias,1
,,,,1111=,Lilidh,1
,,,,1111=,Lilith,1
,,,,1111=,Lillian,1
,,,,1111=,Lina,1
,,,,1111=,Lindsay-Jane,1
,,,,1111=,Lindy,1
,,,,1111=,Lindzi,1
,,,,1111=,Linzey,1
,,,,1111=,Lisa-Anne,1
,,,,1111=,Lisha,1
,,,,1111=,Lissa,1
,,,,1111=,Lissara,1
,,,,1111=,Liusaidh,1
,,,,1111=,Livia,1
,,,,1111=,Llana,1
,,,,1111=,Lomond,1
,,,,1111=,Lorel,1
,,,,1111=,Lorena,1
,,,,1111=,Lorie,1
,,,,1111=,Lorn,1
,,,,1111=,Loryn,1
,,,,1111=,Lottie,1
,,,,1111=,Louie,1
,,,,1111=,Louisa-Anne,1
,,,,1111=,Louisa-Jane,1
,,,,1111=,Louise-Ann,1
,,,,1111=,Louisha,1
,,,,1111=,Louissa,1
,,,,1111=,Luana,1
,,,,1111=,Lubna,1
,,,,1111=,Lucile,1
,,,,1111=,Lulach,1
,,,,1111=,Lyanne,1
,,,,1111=,Lyka,1
,,,,1111=,Lyndilee,1
,,,,1111=,Lyndsay-Anne,1
,,,,1111=,Lyndsey-Anne,1
,,,,1111=,Lynnette,1
,,,,1111=,Lynsey-Anne,1
,,,,1111=,Lynze,1
,,,,1111=,Maarya,1
,,,,1111=,Maclare,1
,,,,1111=,Madeha,1
,,,,1111=,Madelaine,1
,,,,1111=,Madelynne,1
,,,,1111=,Madhia,1
,,,,1111=,Madiah,1
,,,,1111=,Madihah,1
,,,,1111=,Mae,1
,,,,1111=,Maegan,1
,,,,1111=,Magan,1
,,,,1111=,Magdalen,1
,,,,1111=,Magen,1
,,,,1111=,Maher,1
,,,,1111=,Mahjabeen,1
,,,,1111=,Mahlana,1
,,,,1111=,Mahri,1
,,,,1111=,Mahria,1
,,,,1111=,Mahum,1
,,,,1111=,Mahvish,1
,,,,1111=,Mairead-Anna,1
,,,,1111=,Mairi-Anne,1
,,,,1111=,Maja,1
,,,,1111=,Majid,1
,,,,1111=,Makayla,1
,,,,1111=,Malaika,1
,,,,1111=,Malak,1
,,,,1111=,Malia,1
,,,,1111=,Malneet,1
,,,,1111=,Malvika,1
,,,,1111=,Mamta,1
,,,,1111=,Mandie,1
,,,,1111=,Mandii,1
,,,,1111=,Mankiran,1
,,,,1111=,Manpreet,1
,,,,1111=,Maralisa,1
,,,,1111=,Maram,1
,,,,1111=,Marc,1
,,,,1111=,Marcella,1
,,,,1111=,Margaret-Louise,1
,,,,1111=,Margaretann,1
,,,,1111=,Margarita,1
,,,,1111=,Margot,1
,,,,1111=,Marguerite,1
,,,,1111=,Mari-Claire,1
,,,,1111=,Mari-Elaine,1
,,,,1111=,Maria-Francesca,1
,,,,1111=,Marianna,1
,,,,1111=,Marie-Claire,1
,,,,1111=,Mariella,1
,,,,1111=,Mariesha,1
,,,,1111=,Marilyn,1
,,,,1111=,Marilynn,1
,,,,1111=,Marithe,1
,,,,1111=,Mariyah,1
,,,,1111=,Marley,1
,,,,1111=,Marli,1
,,,,1111=,Marney,1
,,,,1111=,Marni-Ann,1
,,,,1111=,Marrya,1
,,,,1111=,Marta,1
,,,,1111=,Marthe,1
,,,,1111=,Martin,1
,,,,1111=,Mary-Ann,1
,,,,1111=,Mary-Elizabeth,1
,,,,1111=,Mary-Ellen,1
,,,,1111=,Mary-Jane,1
,,,,1111=,Mary-Jo,1
,,,,1111=,Mary-Louise,1
,,,,1111=,Marylouise,1
,,,,1111=,Mashitah,1
,,,,1111=,Maurissa,1
,,,,1111=,Maxcine,1
,,,,1111=,May,1
,,,,1111=,Maymunah,1
,,,,1111=,Meagan,1
,,,,1111=,Mediha,1
,,,,1111=,Meegan,1
,,,,1111=,Meggan,1
,,,,1111=,Meggie,1
,,,,1111=,Megin,1
,,,,1111=,Mehtab,1
,,,,1111=,Mei,1
,,,,1111=,Meighan-Leigh,1
,,,,1111=,Meisha,1
,,,,1111=,Mel-Lisa,1
,,,,1111=,Melaina,1
,,,,1111=,Melina,1
,,,,1111=,Melissa-Ann,1
,,,,1111=,Melissa-Jane,1
,,,,1111=,Mellisa,1
,,,,1111=,Melody,1
,,,,1111=,Melyssa,1
,,,,1111=,Mercaddes,1
,,,,1111=,Mercy,1
,,,,1111=,Meriel,1
,,,,1111=,Merlin,1
,,,,1111=,Merrin,1
,,,,1111=,Meryam,1
,,,,1111=,Meryl,1
,,,,1111=,Meshan,1
,,,,1111=,Meygan,1
,,,,1111=,Mhairi-Claire,1
,,,,1111=,Mhari-Clare,1
,,,,1111=,Mhari-Louise,1
,,,,1111=,Mharianne,1
,,,,1111=,Mhoir,1
,,,,1111=,Mhora,1
,,,,1111=,Miah,1
,,,,1111=,Miama,1
,,,,1111=,Micha,1
,,,,1111=,Michael,1
,,,,1111=,Michaela-Jane,1
,,,,1111=,Michaella,1
,,,,1111=,Michalina,1
,,,,1111=,Micheala,1
,,,,1111=,Michealla,1
,,,,1111=,Michela,1
,,,,1111=,Michelle-Louise,1
,,,,1111=,Mickeala,1
,,,,1111=,Miho,1
,,,,1111=,Mikhaila,1
,,,,1111=,Mikyla,1
,,,,1111=,Milanda,1
,,,,1111=,Mina,1
,,,,1111=,Minha,1
,,,,1111=,Mirium,1
,,,,1111=,Mirren,1
,,,,1111=,Misha,1
,,,,1111=,Mitsu-Annie,1
,,,,1111=,Monisa,1
,,,,1111=,Morbheinn,1
,,,,1111=,Morganne,1
,,,,1111=,Morium,1
,,,,1111=,Moya,1
,,,,1111=,Moyra,1
,,,,1111=,Mubeen,1
,,,,1111=,Mun,1
,,,,1111=,Muna,1
,,,,1111=,Musarat,1
,,,,1111=,Mya,1
,,,,1111=,Myfanwy,1
,,,,1111=,Myra,1
,,,,1111=,Myriam,1
,,,,1111=,Myscha,1
,,,,1111=,Nabeela,1
,,,,1111=,Nadeia,1
,,,,1111=,Naeem,1
,,,,1111=,Naela,1
,,,,1111=,Naeomi,1
,,,,1111=,Nafeesa,1
,,,,1111=,Nagla,1
,,,,1111=,Naicole,1
,,,,1111=,Naidine,1
,,,,1111=,Naiomi,1
,,,,1111=,Nairne,1
,,,,1111=,Naiyla,1
,,,,1111=,Najma,1
,,,,1111=,Najmah,1
,,,,1111=,Najwa,1
,,,,1111=,Nance,1
,,,,1111=,Naomi-Jane,1
,,,,1111=,Nareen,1
,,,,1111=,Narelle,1
,,,,1111=,Narine,1
,,,,1111=,Naseeb,1
,,,,1111=,Naseem,1
,,,,1111=,Natale,1
,,,,1111=,Natalia,1
,,,,1111=,Natalie-Anne,1
,,,,1111=,Natalie-Jane,1
,,,,1111=,Natalie-Marie,1
,,,,1111=,Natalya,1
,,,,1111=,Natasha-Louise,1
,,,,1111=,Natasia,1
,,,,1111=,Nattassja,1
,,,,1111=,Naudeep,1
,,,,1111=,Naurreen,1
,,,,1111=,Nayla,1
,,,,1111=,Necole,1
,,,,1111=,Neecolle,1
,,,,1111=,Neelam,1
,,,,1111=,Neelufar,1
,,,,1111=,Neetu,1
,,,,1111=,Neomi,1
,,,,1111=,Nicael,1
,,,,1111=,Nicholle,1
,,,,1111=,Nickola,1
,,,,1111=,Nida,1
,,,,1111=,Nik,1
,,,,1111=,Nikaila,1
,,,,1111=,Nikayla,1
,,,,1111=,Nikhil,1
,,,,1111=,Nikitha,1
,,,,1111=,Nikkie,1
,,,,1111=,Nikkilee,1
,,,,1111=,Nimarta,1
,,,,1111=,Nirvana,1
,,,,1111=,Nisha,1
,,,,1111=,Nishia,1
,,,,1111=,Nitika,1
,,,,1111=,Noami,1
,,,,1111=,Nocolle,1
,,,,1111=,Nora,1
,,,,1111=,Norah,1
,,,,1111=,Norma,1
,,,,1111=,Nosheen,1
,,,,1111=,Nuala,1
,,,,1111=,Nusaiba,1
,,,,1111=,Nuvroop,1
,,,,1111=,Nyara,1
,,,,1111=,Nyla,1
,,,,1111=,Nynke,1
,,,,1111=,Odette,1
,,,,1111=,Oi,1
,,,,1111=,Olga,1
,,,,1111=,Olun,1
,,,,1111=,Orlaith,1
,,,,1111=,Owyekachukwu,1
,,,,1111=,Pae'j,1
,,,,1111=,Pamela-Anne,1
,,,,1111=,Paris,1
,,,,1111=,Parissa,1
,,,,1111=,Parvishah,1
,,,,1111=,Pasquale,1
,,,,1111=,Patrece,1
,,,,1111=,Patrice,1
,,,,1111=,Patsi-Lee,1
,,,,1111=,Pavanjit,1
,,,,1111=,Paxton,1
,,,,1111=,Pearl,1
,,,,1111=,Penelope,1
,,,,1111=,Perri,1
,,,,1111=,Peter,1
,,,,1111=,Phemie,1
,,,,1111=,Philipa,1
,,,,1111=,Phillippa,1
,,,,1111=,Pie,1
,,,,1111=,Poi,1
,,,,1111=,Portia,1
,,,,1111=,Prashanthi,1
,,,,1111=,Pritpal,1
,,,,1111=,Pui,1
,,,,1111=,Punam,1
,,,,1111=,Qurrat-Ul-Aain,1
,,,,1111=,Rabekah,1
,,,,1111=,Rabya,1
,,,,1111=,Racquel,1
,,,,1111=,Rae-Anne,1
,,,,1111=,Raegan,1
,,,,1111=,Raewyn,1
,,,,1111=,Ragan,1
,,,,1111=,Rahab,1
,,,,1111=,Raheala,1
,,,,1111=,Raiann,1
,,,,1111=,Raisa,1
,,,,1111=,Rajmeet,1
,,,,1111=,Rakha,1
,,,,1111=,Ramaanah,1
,,,,1111=,Ramona,1
,,,,1111=,Ramya,1
,,,,1111=,Ran,1
,,,,1111=,Rana,1
,,,,1111=,Ranya,1
,,,,1111=,Raonaid,1
,,,,1111=,Raquelle,1
,,,,1111=,Ravinder,1
,,,,1111=,Razan,1
,,,,1111=,Razzy,1
,,,,1111=,Reagin,1
,,,,1111=,Reanna,1
,,,,1111=,Reanne,1
,,,,1111=,Rebbeca,1
,,,,1111=,Rebbekah,1
,,,,1111=,Rebbelah,1
,,,,1111=,Rebecca-Ann,1
,,,,1111=,Rebecca-Anne,1
,,,,1111=,Rebecca-Christi,1
,,,,1111=,Rebecca-Louise,1
,,,,1111=,Rebeckah,1
,,,,1111=,Rebeka,1
,,,,1111=,Rebekha,1
,,,,1111=,Reema,1
,,,,1111=,Reeme,1
,,,,1111=,Regan,1
,,,,1111=,Regina,1
,,,,1111=,Rehana,1
,,,,1111=,Reinette,1
,,,,1111=,Rhobyn,1
,,,,1111=,Rhoda,1
,,,,1111=,Rhys,1
,,,,1111=,Riagan,1
,,,,1111=,Riah,1
,,,,1111=,Riann,1
,,,,1111=,Rianne,1
,,,,1111=,Richaela,1
,,,,1111=,Righa,1
,,,,1111=,Riham,1
,,,,1111=,Riona,1
,,,,1111=,Roah,1
,,,,1111=,Roanna,1
,,,,1111=,Robby,1
,,,,1111=,Roberta,1
,,,,1111=,Roberta-Leigh,1
,,,,1111=,Rocheen,1
,,,,1111=,Rochel,1
,,,,1111=,Rochene,1
,,,,1111=,Roishe,1
,,,,1111=,Roisinn,1
,,,,1111=,Romaine,1
,,,,1111=,Romanah,1
,,,,1111=,Romanna,1
,,,,1111=,Romy,1
,,,,1111=,Ronda,1
,,,,1111=,Roni,1
,,,,1111=,Rosaleen,1
,,,,1111=,Rosalyn,1
,,,,1111=,Rosalynd,1
,,,,1111=,Rosamund,1
,,,,1111=,Rosannah,1
,,,,1111=,Rosanne,1
,,,,1111=,Roseann,1
,,,,1111=,Roseanna,1
,,,,1111=,Roseannagh,1
,,,,1111=,Roselyn,1
,,,,1111=,Rosemarie,1
,,,,1111=,Roshan,1
,,,,1111=,Rosheen,1
,,,,1111=,Roshine,1
,,,,1111=,Roslin,1
,,,,1111=,Roslynd,1
,,,,1111=,Rosy,1
,,,,1111=,Rouena,1
,,,,1111=,Rowanne,1
,,,,1111=,Rubaniya,1
,,,,1111=,Rucksana,1
,,,,1111=,Rucsar,1
,,,,1111=,Rudy,1
,,,,1111=,Ruhaly,1
,,,,1111=,Rukaiya,1
,,,,1111=,Rukhsar,1
,,,,1111=,Ruksar,1
,,,,1111=,Rumer,1
,,,,1111=,Ruqsar,1
,,,,1111=,Rushda,1
,,,,1111=,Sabiya,1
,,,,1111=,Sadha,1
,,,,1111=,Sadiyah,1
,,,,1111=,Sadiyya,1
,,,,1111=,Safeena,1
,,,,1111=,Safia,1
,,,,1111=,Safura,1
,,,,1111=,Sahar,1
,,,,1111=,Sahgiea,1
,,,,1111=,Saiqa,1
,,,,1111=,Saiyma,1
,,,,1111=,Saki,1
,,,,1111=,Sakina,1
,,,,1111=,Sallyann,1
,,,,1111=,Salma,1
,,,,1111=,Salwa,1
,,,,1111=,Samah,1
,,,,1111=,Samaira,1
,,,,1111=,Samanatha-May,1
,,,,1111=,Samantha-Jo,1
,,,,1111=,Samara,1
,,,,1111=,Sameea,1
,,,,1111=,Samera,1
,,,,1111=,Sami,1
,,,,1111=,Samia,1
,,,,1111=,Samina,1
,,,,1111=,Samiya,1
,,,,1111=,Samm,1
,,,,1111=,Sammie-Jo,1
,,,,1111=,Samun,1
,,,,1111=,Sanaa,1
,,,,1111=,Sancha,1
,,,,1111=,Sanchia,1
,,,,1111=,Sandeep,1
,,,,1111=,Sandip,1
,,,,1111=,Sandy,1
,,,,1111=,Saneta,1
,,,,1111=,Sangeeta,1
,,,,1111=,Sania,1
,,,,1111=,Sanita,1
,,,,1111=,Sanna,1
,,,,1111=,Sannah,1
,,,,1111=,Santina,1
,,,,1111=,Saphphrinn,1
,,,,1111=,Saqqarah,1
,,,,1111=,Sara-Jane,1
,,,,1111=,Sara-Louise,1
,,,,1111=,Sarah-Ann,1
,,,,1111=,Sarah-Jo,1
,,,,1111=,Sarah-Rose,1
,,,,1111=,Sarahanne,1
,,,,1111=,Sarajane,1
,,,,1111=,Saran,1
,,,,1111=,Sareena,1
,,,,1111=,Sari,1
,,,,1111=,Satinder,1
,,,,1111=,Satya,1
,,,,1111=,Savanjit,1
,,,,1111=,Scott,1
,,,,1111=,Scout,1
,,,,1111=,See,1
,,,,1111=,Sehir,1
,,,,1111=,Sein,1
,,,,1111=,Selena,1
,,,,1111=,Selin,1
,,,,1111=,Seolbie,1
,,,,1111=,Seonad,1
,,,,1111=,Seonni,1
,,,,1111=,Seren,1
,,,,1111=,Serina,1
,,,,1111=,Seung,1
,,,,1111=,Shabeela,1
,,,,1111=,Shada,1
,,,,1111=,Shahd,1
,,,,1111=,Shaheen,1
,,,,1111=,Shahnaz,1
,,,,1111=,Shairi,1
,,,,1111=,Shakila,1
,,,,1111=,Shakita,1
,,,,1111=,Shameem,1
,,,,1111=,Shameen,1
,,,,1111=,Shana,1
,,,,1111=,Shanade,1
,,,,1111=,Shanagh,1
,,,,1111=,Shanahleigh,1
,,,,1111=,Shanaz,1
,,,,1111=,Shanea,1
,,,,1111=,Shanelle,1
,,,,1111=,Shanie,1
,,,,1111=,Shanon,1
,,,,1111=,Shantelle,1
,,,,1111=,Shara,1
,,,,1111=,Sharah,1
,,,,1111=,Sharean,1
,,,,1111=,Sharell,1
,,,,1111=,Sharelle,1
,,,,1111=,Shari-Louise,1
,,,,1111=,Sharice,1
,,,,1111=,Sharisse,1
,,,,1111=,Sharleen,1
,,,,1111=,Sharleenlee,1
,,,,1111=,Sharleigh,1
,,,,1111=,Sharlie,1
,,,,1111=,Sharline,1
,,,,1111=,Shaughn,1
,,,,1111=,Shaun,1
,,,,1111=,Shaunie-Louise,1
,,,,1111=,Shaunni,1
,,,,1111=,Shawne,1
,,,,1111=,Shawnie,1
,,,,1111=,Shayna,1
,,,,1111=,Shaynee,1
,,,,1111=,Shea,1
,,,,1111=,Shearen,1
,,,,1111=,Sheenah,1
,,,,1111=,Sheetal,1
,,,,1111=,Sheilagh,1
,,,,1111=,Sheilain,1
,,,,1111=,Shelagh,1
,,,,1111=,Shelbae,1
,,,,1111=,Shelbey,1
,,,,1111=,Shellbe,1
,,,,1111=,Shellbie,1
,,,,1111=,Shellby,1
,,,,1111=,Shelldan,1
,,,,1111=,Shelley-Ann,1
,,,,1111=,Shelli,1
,,,,1111=,Sheradian,1
,,,,1111=,Sheri-Ann,1
,,,,1111=,Sherie,1
,,,,1111=,Sherill,1
,,,,1111=,Sherise,1
,,,,1111=,Sherren-Louise,1
,,,,1111=,Sherri-Ann,1
,,,,1111=,Sheryle-Anne,1
,,,,1111=,Sheryleigh,1
,,,,1111=,Sheryll,1
,,,,1111=,Shevonne,1
,,,,1111=,Sheyma-A,1
,,,,1111=,Shiobhan,1
,,,,1111=,Shiona,1
,,,,1111=,Shir,1
,,,,1111=,Shireen,1
,,,,1111=,Shirin,1
,,,,1111=,Shirlie,1
,,,,1111=,Shivon,1
,,,,1111=,Shomaila,1
,,,,1111=,Shonah,1
,,,,1111=,Shonaugh,1
,,,,1111=,Shoni,1
,,,,1111=,Shozan,1
,,,,1111=,Shravani,1
,,,,1111=,Shumila,1
,,,,1111=,Shyuan-Yih,1
,,,,1111=,Sia,1
,,,,1111=,Siama,1
,,,,1111=,Siani,1
,,,,1111=,Siann,1
,,,,1111=,Sianna,1
,,,,1111=,Sibrina,1
,,,,1111=,Sidra,1
,,,,1111=,Sileas,1
,,,,1111=,Silje,1
,,,,1111=,Silvana,1
,,,,1111=,Sima,1
,,,,1111=,Simena,1
,,,,1111=,Simran,1
,,,,1111=,Simren,1
,,,,1111=,Sin,1
,,,,1111=,Sinnead,1
,,,,1111=,Siobhain,1
,,,,1111=,Siobhan-Claire,1
,,,,1111=,Siobhaun,1
,,,,1111=,Siri,1
,,,,1111=,Sisely,1
,,,,1111=,Siu,1
,,,,1111=,Smaira,1
,,,,1111=,Snead,1
,,,,1111=,So,1
,,,,1111=,Sobia,1
,,,,1111=,Sobiya,1
,,,,1111=,Sofie,1
,,,,1111=,Sofina,1
,,,,1111=,Somaya,1
,,,,1111=,Somhairle,1
,,,,1111=,Sommer,1
,,,,1111=,Sonali,1
,,,,1111=,Sophie-Ann,1
,,,,1111=,Sophie-Leigh,1
,,,,1111=,Sophy,1
,,,,1111=,Soraya,1
,,,,1111=,Sorelle,1
,,,,1111=,Stacey-Anne,1
,,,,1111=,Stacyleigh,1
,,,,1111=,Star,1
,,,,1111=,Stefania,1
,,,,1111=,Steffani,1
,,,,1111=,Steffie,1
,,,,1111=,Stefi,1
,,,,1111=,Stephaie,1
,,,,1111=,Stephana,1
,,,,1111=,Stephani,1
,,,,1111=,Stephania,1
,,,,1111=,Stephanie-Anne,1
,,,,1111=,Stephanie-Danie,1
,,,,1111=,Stephanie-Louis,1
,,,,1111=,Stephanie-Lynne,1
,,,,1111=,Storm,1
,,,,1111=,Stuart,1
,,,,1111=,Suendoss,1
,,,,1111=,Sui,1
,,,,1111=,Sujata,1
,,,,1111=,Sukhjit,1
,,,,1111=,Sula,1
,,,,1111=,Sumira,1
,,,,1111=,Sumiya,1
,,,,1111=,Sumlee,1
,,,,1111=,Suna,1
,,,,1111=,Sunah,1
,,,,1111=,Sundas,1
,,,,1111=,Sunna,1
,,,,1111=,Sunny,1
,,,,1111=,Supha,1
,,,,1111=,Surupe,1
,,,,1111=,Sussanna,1
,,,,1111=,Suzan,1
,,,,1111=,Suzie,1
,,,,1111=,Sweet,1
,,,,1111=,Sybhon,1
,,,,1111=,Syra,1
,,,,1111=,Syuhada,1
,,,,1111=,Tacita,1
,,,,1111=,Tahanee,1
,,,,1111=,Tahlia,1
,,,,1111=,Tailor,1
,,,,1111=,Taime,1
,,,,1111=,Talia,1
,,,,1111=,Talor,1
,,,,1111=,Tamar,1
,,,,1111=,Tamasian,1
,,,,1111=,Tamika,1
,,,,1111=,Tamla,1
,,,,1111=,Tamlin,1
,,,,1111=,Tamlyn,1
,,,,1111=,Tammay,1
,,,,1111=,Tammie,1
,,,,1111=,Tanita,1
,,,,1111=,Tanzeela,1
,,,,1111=,Tarndip,1
,,,,1111=,Tarri,1
,,,,1111=,Taryn,1
,,,,1111=,Tatjana,1
,,,,1111=,Tayyabah,1
,,,,1111=,Tayyibah,1
,,,,1111=,Teena,1
,,,,1111=,Teghan,1
,,,,1111=,Tehreem,1
,,,,1111=,Tejal,1
,,,,1111=,Teri-Louise,1
,,,,1111=,Texa,1
,,,,1111=,Thea,1
,,,,1111=,Theophania,1
,,,,1111=,Therese,1
,,,,1111=,Tiaba,1
,,,,1111=,Tiffaney,1
,,,,1111=,Tiffiny,1
,,,,1111=,Timara,1
,,,,1111=,Timna,1
,,,,1111=,Titilope-Oluwa,1
,,,,1111=,Tomoko,1
,,,,1111=,Toni-Alicia,1
,,,,1111=,Toni-Marie,1
,,,,1111=,Toniann,1
,,,,1111=,Tonianne,1
,,,,1111=,Torn,1
,,,,1111=,Trina,1
,,,,1111=,Trine,1
,,,,1111=,Trudi,1
,,,,1111=,Trudie,1
,,,,1111=,Trudy,1
,,,,1111=,Tsz-Kwan,1
,,,,1111=,Tyler,1
,,,,1111=,Tyller,1
,,,,1111=,Tylyn,1
,,,,1111=,Umaima,1
,,,,1111=,Umarrah,1
,,,,1111=,Umira,1
,,,,1111=,Ummae,1
,,,,1111=,Urszula,1
,,,,1111=,Uzma,1
,,,,1111=,Vahri,1
,,,,1111=,Vaila,1
,,,,1111=,Valeen,1
,,,,1111=,Vanessa-Louise,1
,,,,1111=,Vannessa,1
,,,,1111=,Varri,1
,,,,1111=,Varrie,1
,,,,1111=,Venetia,1
,,,,1111=,Verdie,1
,,,,1111=,Vhari,1
,,,,1111=,Vianna,1
,,,,1111=,Vicki-Louise,1
,,,,1111=,Vickianne,1
,,,,1111=,Vicotiria,1
,,,,1111=,Victoria-Leigh,1
,,,,1111=,Viki,1
,,,,1111=,Vikki-Lee,1
,,,,1111=,Vittoria,1
,,,,1111=,Wai,1
,,,,1111=,Weronika,1
,,,,1111=,William,1
,,,,1111=,Willow,1
,,,,1111=,Win,1
,,,,1111=,Winifred,1
,,,,1111=,Wionna,1
,,,,1111=,Worood,1
,,,,1111=,Yaisha,1
,,,,1111=,Yan,1
,,,,1111=,Yarra,1
,,,,1111=,Yasemin,1
,,,,1111=,Yasmeen,1
,,,,1111=,Yazmin,1
,,,,1111=,Yeisha,1
,,,,1111=,Ygraine,1
,,,,1111=,Yi,1
,,,,1111=,Yi-Lin,1
,,,,1111=,Yolanda,1
,,,,1111=,Yoran,1
,,,,1111=,Yumna,1
,,,,1111=,Yusra,1
,,,,1111=,Yvetterose,1
,,,,1111=,Zaariyah,1
,,,,1111=,Zadia,1
,,,,1111=,Zahira,1
,,,,1111=,Zahrah,1
,,,,1111=,Zakiyah,1
,,,,1111=,Zalykha,1
,,,,1111=,Zamra,1
,,,,1111=,Zarene,1
,,,,1111=,Zarqa,1
,,,,1111=,Zeenat-Uz-Zaman,1
,,,,1111=,Zeinab,1
,,,,1111=,Zenhab,1
,,,,1111=,Ziara,1
,,,,1111=,Zinab,1
,,,,1111=,Zoe-Marie,1
,,,,1111=,Zoie,1
,,,,1111=,Zona,1
,,,,1111=,Zonara,1
,,,,1111=,Zosha,1
,,,,1111=,Zoya,1
,,,,1111=,Zubya,1
,,,,1111=,Zui,1
,,,,1111=,Zunaira,1
,,,,1111=,Zynab,1
,,,,,,
� Crown Copyright 2015,,,,,,
