Babies' first forenames: births registered in Scotland in 1991,,,,,,
,,,,,,
Information about the basis of the list can be found via the 'Babies' First Names' page on the National Records of Scotland website.,,,,,,
,,,,,,
Boys,,,,Girls,,
,,,,,,
Position,Name,Number of babies,,Position,Name,Number of babies
1,David,1148,,1,Emma,1033
2,Christopher,1105,,2,Laura,780
3,Andrew,988,,3,Stephanie,735
4,Craig,969,,4,Sarah,678
5,Scott,963,,5,Lauren,600
6,Michael,955,,6,Rebecca,591
7,James,925,,7,Kirsty,586
8,Daniel,872,,8,Rachel,542
9,Ryan,790,,9,Claire,525
10,Steven,728,,10,Nicole,522
11,John,701,,11,Jennifer,507
12,Ross,694,,12,Amy,501
13,Jamie,627,,13,Danielle,494
14,Mark,620,,14,Samantha,473
15,Sean,610,,15,Nicola,450
16,Paul,567,,16=,Lisa,406
17,Robert,495,,16=,Louise,406
18,Stephen,493,,18,Gemma,387
19,Stuart,461,,19,Natalie,365
20,Matthew,452,,20,Stacey,326
21,Gary,444,,21,Jade,319
22,Darren,417,,22,Ashley,311
23,Thomas,395,,23,Megan,306
24,William,393,,24,Hannah,289
25,Liam,377,,25,Ashleigh,266
26,Jordan,374,,26,Amanda,259
27,Kevin,358,,27,Rachael,254
28,Callum,326,,28,Fiona,252
29,Grant,311,,29,Heather,232
30,Martin,307,,30,Victoria,227
31,Calum,300,,31,Natasha,221
32,Alexander,299,,32,Kayleigh,214
33,Lewis,296,,33,Melissa,210
34,Adam,294,,34,Michelle,207
35,Jonathan,274,,35,Kerry,202
36,Shaun,265,,36,Katie,194
37,Kyle,262,,37,Gillian,193
38,Fraser,259,,38,Kimberley,185
39,Lee,230,,39,Chloe,183
40,Graeme,226,,40,Siobhan,172
41,Marc,217,,41,Kelly,171
42,Peter,216,,42,Hayley,164
43,Dean,212,,43=,Caitlin,163
44=,Alan,205,,43=,Cheryl,163
44=,Richard,205,,45=,Sophie,158
46,Greg,196,,45=,Zoe,158
47,Kieran,188,,47,Leanne,153
48=,Gavin,187,,48,Robyn,152
48=,Iain,187,,49,Eilidh,142
50,Cameron,186,,50,Holly,141
51,Euan,174,,51,Chelsea,139
52,Colin,171,,52,Erin,138
53,Neil,169,,53=,Elizabeth,137
54,Graham,157,,53=,Emily,137
55=,Ian,155,,55,Karen,136
55=,Joseph,155,,56,Jodie,135
57,Gordon,148,,57,Joanne,129
58,Nicholas,145,,58,Catherine,127
59=,Jack,142,,59,Kirsten,121
59=,Jason,142,,60,Jenna,118
61,Aaron,141,,61,Catriona,117
62,Connor,139,,62,Lucy,115
63,Samuel,138,,63,Lynsey,113
64,Stewart,137,,64,Jessica,111
65,Ewan,136,,65=,Alison,110
66,Anthony,131,,65=,Clare,110
67,Joshua,123,,67,Charlotte,105
68=,Brian,120,,68,Anna,100
68=,Conor,120,,69,Kathryn,98
68=,Nathan,120,,70=,Paula,90
71,Kenneth,118,,70=,Ruth,90
72,Allan,116,,72,Deborah,89
73=,Alistair,115,,73=,Aimee,88
73=,Douglas,115,,73=,Mhairi,88
75,Blair,109,,75,Julie,87
76,Benjamin,105,,76,Christina,85
77=,Duncan,101,,77,Jacqueline,84
77=,Rory,101,,78=,Donna,82
79,Barry,100,,78=,Jemma,82
80,Patrick,96,,80=,Alexandra,81
81=,Alasdair,93,,80=,Suzanne,81
81=,Dale,93,,82=,Alana,80
81=,Sam,93,,82=,Lindsay,80
84,Declan,86,,84,Nikki,78
85=,Ben,85,,85,Caroline,77
85=,Derek,85,,86,Joanna,76
87,George,83,,87=,Dawn,75
88,Charles,81,,87=,Pamela,75
89,Simon,80,,89=,Katherine,74
90,Gregor,78,,89=,Kirstie,74
91=,Edward,76,,91=,Helen,73
91=,Garry,76,,91=,Leigh,73
93,Greig,74,,93=,Kerri,72
94,Owen,68,,93=,Lorna,72
95=,Donald,66,,95,Shona,71
95=,Keith,66,,96=,Hazel,70
97=,Alastair,63,,96=,Shannon,70
97=,Philip,63,,98,Naomi,69
99=,Daryl,62,,99,Sara,67
99=,Luke,62,,100,Cara,66
99=,Robbie,62,,101,Toni,65
102,Murray,60,,102=,Linzi,64
103,Niall,59,,102=,Susan,64
104,Josh,58,,104,Kimberly,63
105,Mohammed,54,,105,Debbie,61
106,Dominic,53,,106,Lesley,60
107,Martyn,51,,107,Adele,59
108,Bryan,49,,108=,Christine,57
109,Kristopher,48,,108=,Nicolle,57
110,Gareth,45,,110=,Carly,56
111=,Danny,44,,110=,Sinead,56
111=,Raymond,44,,112,Katrina,55
113,Angus,43,,113,Michaela,54
114=,Jonathon,42,,114=,Amber,53
114=,Stefan,42,,114=,Terri,53
116=,Kris,41,,116,Elaine,52
116=,Oliver,41,,117=,Charlene,51
118=,Ciaran,40,,117=,Kathleen,51
118=,Rhys,40,,117=,Stacy,51
120,Tony,36,,120=,Hollie,50
121=,Arran,35,,120=,Lynne,50
121=,Brendan,35,,120=,Shelley,50
121=,Bruce,35,,123=,Jane,49
121=,Jake,35,,123=,Kate,49
121=,Kristofer,35,,123=,Margaret,49
126=,Keiran,34,,126=,Mairi,48
126=,Malcolm,34,,126=,Rebekah,48
126=,Reece,34,,128=,Andrea,47
129=,Dylan,33,,128=,Jillian,47
129=,Finlay,33,,128=,Lyndsay,47
131=,Aidan,31,,128=,Nadine,47
131=,Jay,31,,132,Kim,46
133=,Francis,30,,133=,Alice,45
133=,Harry,30,,133=,Angela,45
133=,Jon,30,,133=,Carla,45
136=,Darryl,28,,136,Iona,44
136=,Frazer,28,,137=,Ailsa,43
136=,Hamish,28,,137=,Jill,43
139=,Antony,27,,137=,Mary,43
139=,Gerard,27,,137=,Maxine,43
139=,Mohammad,27,,141=,Lorraine,42
142=,Elliot,26,,141=,Lyndsey,42
142=,Joe,26,,141=,Lynn,42
142=,Mathew,26,,144=,Carrie,41
142=,Russell,26,,144=,Maria,41
146=,Drew,25,,146,Courtney,40
146=,Justin,25,,147,Rhona,39
146=,Louis,25,,148=,Abigail,38
146=,Marcus,25,,148=,Kara,38
146=,Ruairidh,25,,148=,Katy,38
146=,Ruaridh,25,,151=,Abby,37
152=,Calvin,23,,151=,Ainsley,37
152=,Timothy,23,,151=,Jordan,37
154=,Bradley,22,,154=,Bethany,36
154=,Robin,22,,154=,Julia,36
154=,Shane,22,,154=,Olivia,36
154=,Tom,22,,154=,Paige,36
158=,Henry,21,,154=,Roisin,36
158=,Max,21,,159=,Eleanor,35
160,Lloyd,20,,159=,Melanie,35
161=,Billy,19,,159=,Sharon,35
161=,Glenn,19,,159=,Vicky,35
161=,Kerr,19,,163=,Kirstin,34
161=,Ricky,19,,163=,Nadia,34
161=,Ruaraidh,19,,163=,Yvonne,34
166=,Fergus,18,,166=,Carol,33
166=,Gregg,18,,166=,Tammy,33
166=,Kieron,18,,168=,Demi,32
166=,Leigh,18,,168=,Diane,32
166=,Struan,18,,168=,Dionne,32
171,Johnathan,17,,168=,Jamie,32
172=,Daryn,16,,168=,Kelsey,32
172=,Hugh,16,,168=,Leah,32
172=,Muhammad,16,,168=,Mandy,32
175=,Alex,15,,168=,Meghan,32
175=,Alisdair,15,,176,Colette,31
175=,Bobby,15,,177=,Amie,30
175=,Jacob,15,,177=,Lindsey,30
175=,Jordon,15,,177=,Sally,30
175=,Ronald,15,,177=,Tanya,30
175=,Roy,15,,177=,Vicki,30
175=,Scot,15,,177=,Zara,30
183=,Anton,14,,183=,Frances,29
183=,Damien,14,,183=,Marie,29
183=,Ethan,14,,185=,Isla,28
186=,Ashley,13,,185=,Justine,28
186=,Glen,13,,187=,Denise,27
186=,Kristoffer,13,,187=,Jasmine,27
186=,Laurie,13,,187=,Kerrie,27
186=,Omar,13,,187=,Vikki,27
186=,Roderick,13,,191=,April,26
186=,Taylor,13,,191=,Chelsey,26
186=,Vincent,13,,191=,Francesca,26
194=,Barrie,12,,191=,Lori,26
194=,Corey,12,,191=,Rosemary,26
194=,Eoin,12,,196=,Brogan,25
194=,Gerald,12,,196=,Ellis,25
194=,Gregory,12,,196=,Lara,25
194=,Innes,12,,196=,Simone,25
194=,Jed,12,,196=,Tracy,25
194=,Lyle,12,,201=,Abbie,24
194=,Maxwell,12,,201=,Beth,24
194=,Nicky,12,,201=,Dannielle,24
194=,Sandy,12,,201=,Jenny,24
205=,Adrian,11,,201=,Louisa,24
205=,Campbell,11,,206=,Anne,23
205=,Damian,11,,206=,Cassandra,23
205=,Ewen,11,,206=,Chantelle,23
205=,Joel,11,,206=,Gayle,23
205=,Keir,11,,206=,Jodi,23
205=,Laurence,11,,206=,Patricia,23
205=,Rikki,11,,206=,Rosie,23
205=,Ruari,11,,206=,Tracey,23
205=,Zak,11,,206=,Vanessa,23
215=,Austin,10,,215=,Grace,22
215=,Brett,10,,215=,Josephine,22
215=,Conner,10,,215=,Nichola,22
215=,Frank,10,,215=,Sian,22
215=,Guy,10,,215=,Stefanie,22
215=,Lawrence,10,,220=,Allana,21
215=,Mitchell,10,,220=,Colleen,21
215=,Nico,10,,220=,Eve,21
215=,Ronan,10,,220=,Sophia,21
215=,Terry,10,,220=,Yasmin,21
225=,Ahmed,9,,225=,Annie,20
225=,Conar,9,,225=,Ciara,20
225=,Darryn,9,,225=,Gail,20
225=,Dayle,9,,225=,Kristina,20
225=,Eric,9,,225=,Sarah-Jane,20
225=,Johnathon,9,,230=,Clair,19
225=,Kieren,9,,230=,Laurie,19
225=,Lawrie,9,,230=,Morag,19
225=,Leon,9,,230=,Rhiannon,19
225=,Magnus,9,,230=,Stacie,19
225=,Phillip,9,,230=,Teri,19
225=,Wayne,9,,236=,Alix,18
225=,Zachary,9,,236=,Bryony,18
238=,Amir,8,,236=,Carolyn,18
238=,Antonio,8,,236=,Ellen,18
238=,Arron,8,,236=,Georgina,18
238=,Bryce,8,,236=,Linda,18
238=,Chris,8,,236=,Morgan,18
238=,Clark,8,,236=,Sheryl,18
238=,Findlay,8,,244=,Alannah,17
238=,Frederick,8,,244=,Alyson,17
238=,Jared,8,,244=,Collette,17
238=,Karl,8,,244=,Emma-Louise,17
238=,Leo,8,,244=,Faye,17
238=,Marco,8,,244=,Hayleigh,17
238=,Morgan,8,,244=,Morven,17
238=,Myles,8,,244=,Sonia,17
238=,Nathaniel,8,,244=,Tara,17
238=,Neal,8,,253=,Aileen,16
238=,Reuben,8,,253=,Alanna,16
238=,Shawn,8,,253=,Christie,16
238=,Sonny,8,,253=,Jayne,16
238=,Stevie,8,,253=,Keri,16
238=,Warren,8,,253=,Pauline,16
259=,Abdul,7,,259=,Briony,15
259=,Alister,7,,259=,Cherie,15
259=,Archibald,7,,259=,Connie,15
259=,Darrell,7,,259=,Harriet,15
259=,Daryll,7,,259=,Johanna,15
259=,Eliot,7,,259=,Judith,15
259=,Ellis,7,,259=,Kellie,15
259=,Hassan,7,,259=,Kirsteen,15
259=,Hayden,7,,259=,Leeann,15
259=,Imran,7,,259=,Leona,15
259=,Kenny,7,,259=,Lynsay,15
259=,Levi,7,,259=,Monica,15
259=,Ritchie,7,,259=,Rose,15
259=,Rowan,7,,259=,Sarah-Louise,15
259=,Tomas,7,,259=,Shaunna,15
259=,Usman,7,,259=,Staci,15
259=,Zach,7,,275=,Alanah,14
276=,Allen,6,,275=,Alicia,14
276=,Arthur,6,,275=,Ann,14
276=,Bernard,6,,275=,Arlene,14
276=,Byron,6,,275=,Karina,14
276=,Cairn,6,,275=,Karis,14
276=,Callan,6,,275=,Lee,14
276=,Chad,6,,275=,Shauna,14
276=,Charlie,6,,275=,Sheree,14
276=,Connar,6,,284=,Alisha,13
276=,Cory,6,,284=,Coral,13
276=,Finn,6,,284=,Debra,13
276=,Isaac,6,,284=,Erica,13
276=,Joss,6,,284=,Georgia,13
276=,Logan,6,,284=,Hope,13
276=,Mohamed,6,,284=,Leeanne,13
276=,Nikki,6,,284=,Linsey,13
276=,Norman,6,,284=,Molly,13
276=,Ruairi,6,,284=,Rochelle,13
276=,Terence,6,,294=,Allison,12
276=,Tommy,6,,294=,Antonia,12
276=,Tristan,6,,294=,Candice,12
276=,Tyler,6,,294=,Cassie,12
298=,Aarron,5,,294=,Corrie,12
298=,Atif,5,,294=,Daniella,12
298=,Benn,5,,294=,Haley,12
298=,Brandon,5,,294=,Jasmin,12
298=,Carl,5,,294=,Karyn,12
298=,Christian,5,,294=,Lois,12
298=,Dario,5,,294=,Marianne,12
298=,Elliott,5,,294=,Nina,12
298=,Evan,5,,294=,Philippa,12
298=,Gabriel,5,,294=,Roxanne,12
298=,Harley,5,,308=,Aisha,11
298=,Harrison,5,,308=,Camilla,11
298=,Haydn,5,,308=,Dana,11
298=,Hector,5,,308=,Dianne,11
298=,Jeff,5,,308=,Flora,11
298=,Kelvin,5,,308=,Gabriella,11
298=,Kevan,5,,308=,Imogen,11
298=,Lucas,5,,308=,Leigh-Ann,11
298=,Maurice,5,,308=,Leigh-Anne,11
298=,Murdo,5,,308=,Marion,11
298=,Neale,5,,308=,Miriam,11
298=,Rees,5,,308=,Sandra,11
298=,Ronnie,5,,308=,Tiffany,11
298=,Seumas,5,,308=,Wendy,11
298=,Todd,5,,322=,Amelia,10
298=,Troy,5,,322=,Ami,10
324=,Aamir,4,,322=,Bethan,10
324=,Abdullah,4,,322=,Charmaine,10
324=,Adeel,4,,322=,Esther,10
324=,Aiden,4,,322=,Katharine,10
324=,Archie,4,,322=,Kerryann,10
324=,Aron,4,,322=,Martha,10
324=,Benedict,4,,322=,Rona,10
324=,Blaine,4,,322=,Rosanna,10
324=,Brodie,4,,322=,Sasha,10
324=,Conan,4,,322=,Shauni,10
324=,Corrie,4,,322=,Shereen,10
324=,Crawford,4,,335=,Ailie,9
324=,Curtis,4,,335=,Ainslie,9
324=,Darran,4,,335=,Alexis,9
324=,Deane,4,,335=,Ann-Marie,9
324=,Dennis,4,,335=,Ayesha,9
324=,Dwayne,4,,335=,Becky,9
324=,Erik,4,,335=,Brittany,9
324=,Faisal,4,,335=,Chanelle,9
324=,Felix,4,,335=,Corinne,9
324=,Frankie,4,,335=,Fern,9
324=,Geoffrey,4,,335=,Gabrielle,9
324=,Grahame,4,,335=,Janine,9
324=,Haroon,4,,335=,Jay,9
324=,Harris,4,,335=,Jody,9
324=,Hasan,4,,335=,Keira,9
324=,Jaimie,4,,335=,Leonie,9
324=,Johnny,4,,335=,Linsay,9
324=,Josef,4,,335=,Loren,9
324=,Kamran,4,,335=,Nikita,9
324=,Kashif,4,,335=,Roseanne,9
324=,Lachlan,4,,335=,Roslyn,9
324=,Lindsay,4,,335=,Tamara,9
324=,Lyall,4,,335=,Tammi,9
324=,Mario,4,,335=,Valerie,9
324=,Nabeel,4,,359=,Anne-Marie,8
324=,Nicol,4,,359=,Annmarie,8
324=,Qasim,4,,359=,Bianca,8
324=,Ralph,4,,359=,Caitlyn,8
324=,Roddy,4,,359=,Cally,8
324=,Saqib,4,,359=,Christy,8
324=,Seamus,4,,359=,Daryl,8
324=,Stefano,4,,359=,Geraldine,8
324=,Theodore,4,,359=,Jaclyn,8
324=,Toby,4,,359=,Jayde,8
324=,Walter,4,,359=,Kaitlin,8
370=,Aaran,3,,359=,Kay,8
370=,Abdulrahman,3,,359=,Lana,8
370=,Ahmad,3,,359=,Lee-Anne,8
370=,Alexandre,3,,359=,Leila,8
370=,Alfred,3,,359=,Lianne,8
370=,Ali,3,,359=,Madeleine,8
370=,Amar,3,,359=,Michele,8
370=,Andreas,3,,359=,Seonaid,8
370=,Andy,3,,359=,Stephenie,8
370=,Brent,3,,379=,Adelle,7
370=,Cal,3,,379=,Allyson,7
370=,Carlo,3,,379=,Amina,7
370=,Christy,3,,379=,Annabel,7
370=,Cody,3,,379=,Audrey,7
370=,Cole,3,,379=,Bernadette,7
370=,Conal,3,,379=,Blair,7
370=,Conall,3,,379=,Bronwyn,7
370=,Connal,3,,379=,Brooke,7
370=,Dane,3,,379=,Carolann,7
370=,Daren,3,,379=,Carolanne,7
370=,Darrel,3,,379=,Eva,7
370=,Darrin,3,,379=,Evelyn,7
370=,Dechlan,3,,379=,Gina,7
370=,Dene,3,,379=,Hilary,7
370=,Denholm,3,,379=,Jackie,7
370=,Denis,3,,379=,Jaimie,7
370=,Derry,3,,379=,Jamie-Lee,7
370=,Desmond,3,,379=,Janet,7
370=,Don,3,,379=,Juliet,7
370=,Dugald,3,,379=,Kaleigh,7
370=,Eugene,3,,379=,Karly,7
370=,Forbes,3,,379=,Katriona,7
370=,Gage,3,,379=,Keighley,7
370=,Gari,3,,379=,Kelly-Marie,7
370=,Harvey,3,,379=,Kerry-Ann,7
370=,Ieuan,3,,379=,Leighanne,7
370=,Innis,3,,379=,Lily,7
370=,Irfan,3,,379=,Lisa-Marie,7
370=,Ivan,3,,379=,Liza,7
370=,Jackie,3,,379=,Lucinda,7
370=,Jackson,3,,379=,Marissa,7
370=,Jaime,3,,379=,Mikaela,7
370=,Jamie-Lee,3,,379=,Penny,7
370=,Jean,3,,379=,Rosalind,7
370=,Jeffrey,3,,379=,Rowan,7
370=,Jeremy,3,,379=,Sadia,7
370=,Jimmy,3,,379=,Sana,7
370=,Kabir,3,,379=,Shelby,7
370=,Kai,3,,379=,Skye,7
370=,Kasim,3,,379=,Stevie,7
370=,Khalid,3,,379=,Tamsin,7
370=,Kierran,3,,379=,Teresa,7
370=,Kit,3,,422=,Abbey,6
370=,Kristian,3,,422=,Abbi,6
370=,Kurt,3,,422=,Aimie,6
370=,Leslie,3,,422=,Alexandria,6
370=,Lorn,3,,422=,Caron,6
370=,Manvir,3,,422=,Catrina,6
370=,Muhammed,3,,422=,Dayna,6
370=,Naveed,3,,422=,Diana,6
370=,Neill,3,,422=,Ella,6
370=,Nial,3,,422=,Elspeth,6
370=,Padraig,3,,422=,Freya,6
370=,Ramsay,3,,422=,Hailey,6
370=,Rehman,3,,422=,Harley,6
370=,Rhuari,3,,422=,Helena,6
370=,Richie,3,,422=,Jean,6
370=,Rob,3,,422=,Jolene,6
370=,Rupert,3,,422=,Kelsie,6
370=,Sandeep,3,,422=,Kiran,6
370=,Santino,3,,422=,Lucia,6
370=,Saul,3,,422=,Paris,6
370=,Stanley,3,,422=,Phoebe,6
370=,Steffan,3,,422=,Rosalyn,6
370=,Stephan,3,,422=,Sammy,6
370=,Stevan,3,,422=,Selina,6
370=,Steve,3,,422=,Shannen,6
370=,Syed,3,,422=,Sharlene,6
370=,Wai,3,,422=,Shirley,6
370=,Wallace,3,,422=,Stephannie,6
370=,Wesley,3,,422=,Susannah,6
370=,Zubair,3,,422=,Susanne,6
452=,Adil,2,,422=,Theresa,6
452=,Adnan,2,,422=,Veronica,6
452=,Albert,2,,454=,Ainsleigh,5
452=,Alberto,2,,454=,Amna,5
452=,Alec,2,,454=,Annemarie,5
452=,Alessandro,2,,454=,Barbara,5
452=,Allister,2,,454=,Beverley,5
452=,Anand,2,,454=,Billie,5
452=,Anders,2,,454=,Carmen,5
452=,Andi,2,,454=,Carol-Ann,5
452=,Antoni,2,,454=,Caryn,5
452=,Arfan,2,,454=,Casey,5
452=,Ariel,2,,454=,Ceri,5
452=,Arnold,2,,454=,Charis,5
452=,Ashleigh,2,,454=,Charley,5
452=,Ashton,2,,454=,Clara,5
452=,Aston,2,,454=,Corinna,5
452=,Baden,2,,454=,Crystal,5
452=,Balal,2,,454=,Daniela,5
452=,Barnaby,2,,454=,Danika,5
452=,Bastiaan,2,,454=,Deanna,5
452=,Beau,2,,454=,Dee,5
452=,Bennett,2,,454=,Devon,5
452=,Brad,2,,454=,Eileen,5
452=,Brogan,2,,454=,Eilish,5
452=,Bryn,2,,454=,Ellie,5
452=,Cailean,2,,454=,Eloise,5
452=,Calumn,2,,454=,Emma-Jane,5
452=,Casey,2,,454=,Faith,5
452=,Ceiran,2,,454=,Florence,5
452=,Chi,2,,454=,Gaynor,5
452=,Clarke,2,,454=,Gwen,5
452=,Claudio,2,,454=,Isabella,5
452=,Clinton,2,,454=,Jamie-Leigh,5
452=,Connel,2,,454=,Jamielee,5
452=,Conrad,2,,454=,Janice,5
452=,Corry,2,,454=,Joni,5
452=,Creon,2,,454=,Joy,5
452=,Crisdean,2,,454=,Kaitlyn,5
452=,Cristopher,2,,454=,Karla,5
452=,Dalton,2,,454=,Kaye,5
452=,Damon,2,,454=,Kirstine,5
452=,Dannie,2,,454=,Kristen,5
452=,Darin,2,,454=,Kristi,5
452=,Darius,2,,454=,Kristie,5
452=,Darron,2,,454=,Kylie,5
452=,Dee,2,,454=,Kym,5
452=,Devon,2,,454=,Lacey,5
452=,Dexter,2,,454=,Larissa,5
452=,Domenico,2,,454=,Layla,5
452=,Domhnall,2,,454=,Lee-Ann,5
452=,Dominick,2,,454=,Leigha,5
452=,Donnie,2,,454=,Leighann,5
452=,Eamon,2,,454=,Leoni,5
452=,Edwin,2,,454=,Leonna,5
452=,Eion,2,,454=,Lora,5
452=,Emilio,2,,454=,Luisa,5
452=,Eoghann,2,,454=,Lyn,5
452=,Ernest,2,,454=,Lynette,5
452=,Euen,2,,454=,Lynzi,5
452=,Fahid,2,,454=,Mari,5
452=,Fergal,2,,454=,Mariam,5
452=,Fionn,2,,454=,Marina,5
452=,Floris,2,,454=,Marnie,5
452=,Francesco,2,,454=,Meggan,5
452=,Gerrard,2,,454=,Mellisa,5
452=,Gerry,2,,454=,Mhari,5
452=,Giovanni,2,,454=,Monique,5
452=,Gurdeep,2,,454=,Nathalie,5
452=,Hamed,2,,454=,Nisha,5
452=,Hamza,2,,454=,Polly,5
452=,Hamzah,2,,454=,Rabia,5
452=,Harold,2,,454=,Rhea,5
452=,Harpreet,2,,454=,Rhianna,5
452=,Humza,2,,454=,Roberta,5
452=,Hunter,2,,454=,Sadie,5
452=,Hussain,2,,454=,Sandie,5
452=,Jai,2,,454=,Serena,5
452=,Jak,2,,454=,Shareen,5
452=,James-Alexander,2,,454=,Shonagh,5
452=,Jamielee,2,,454=,Steffany,5
452=,Jarrad,2,,454=,Steffi,5
452=,Jethro,2,,454=,Susanna,5
452=,Jim,2,,454=,Tabitha,5
452=,Jodie,2,,454=,Tania,5
452=,John-Paul,2,,454=,Tegan,5
452=,Jos,2,,454=,Tina,5
452=,Ka,2,,454=,Vivian,5
452=,Kane,2,,454=,Vivienne,5
452=,Keerin,2,,454=,Zoey,5
452=,Keiron,2,,542=,Agnes,4
452=,Kent,2,,542=,Aimi,4
452=,Khurram,2,,542=,Aisling,4
452=,Kiefer,2,,542=,Alex,4
452=,Kim,2,,542=,Alexa,4
452=,Kraig,2,,542=,Alisa,4
452=,Krisstopher,2,,542=,Allanah,4
452=,Kurtis,2,,542=,Allannah,4
452=,Lance,2,,542=,Alyssa,4
452=,Leith,2,,542=,Amira,4
452=,Lindsey,2,,542=,Ammie,4
452=,Lorne,2,,542=,Anam,4
452=,Luc,2,,542=,Anisa,4
452=,Luca,2,,542=,Arran,4
452=,Marshall,2,,542=,Caris,4
452=,Massimo,2,,542=,Carrie-Ann,4
452=,Maximillian,2,,542=,Carron,4
452=,Melvin,2,,542=,Cathryn,4
452=,Merlin,2,,542=,Chelsie,4
452=,Micheil,2,,542=,Claudine,4
452=,Mikey,2,,542=,Coleen,4
452=,Miles,2,,542=,Corrina,4
452=,Moray,2,,542=,Corrine,4
452=,Mykel,2,,542=,Danni,4
452=,Mykola,2,,542=,Danya,4
452=,Nadeem,2,,542=,Darcy,4
452=,Nick,2,,542=,Darlene,4
452=,Nicolas,2,,542=,Debbi,4
452=,Nikolas,2,,542=,Dominique,4
452=,Noel,2,,542=,Elinor,4
452=,Omer,2,,542=,Elisabeth,4
452=,Oran,2,,542=,Elisha,4
452=,Orrin,2,,542=,Erika,4
452=,Osman,2,,542=,Esme,4
452=,Padraic,2,,542=,Farah,4
452=,Paolo,2,,542=,Fatima,4
452=,Perry,2,,542=,Genna,4
452=,Piers,2,,542=,Henna,4
452=,Qamar,2,,542=,Holli,4
452=,Raja,2,,542=,India,4
452=,Reeve,2,,542=,Iqra,4
452=,Reiss,2,,542=,Irene,4
452=,Rhuraidh,2,,542=,Jaime,4
452=,Ricki,2,,542=,Janey,4
452=,Roberto,2,,542=,Jenni,4
452=,Rogan,2,,542=,Jocelyn,4
452=,Rohan,2,,542=,Jordyn,4
452=,Royce,2,,542=,Kali,4
452=,Rudi,2,,542=,Kayley,4
452=,Saad,2,,542=,Keren,4
452=,Salvatore,2,,542=,Kerri-Ann,4
452=,Sami,2,,542=,Kerry-Anne,4
452=,Sammy,2,,542=,Kiera,4
452=,Satwinder,2,,542=,Kirsti,4
452=,Sebastian,2,,542=,Kristy,4
452=,Shafiq,2,,542=,Laura-Jane,4
452=,Shakeel,2,,542=,Lauryn,4
452=,Sharaz,2,,542=,Leann,4
452=,Sinclair,2,,542=,Levi,4
452=,Siu,2,,542=,Lucie,4
452=,Sky,2,,542=,Lynda,4
452=,Storm,2,,542=,Madeline,4
452=,Talha,2,,542=,Mairi-Claire,4
452=,Tanveer,2,,542=,Marisa,4
452=,Theo,2,,542=,Mary-Jane,4
452=,Thorfinn,2,,542=,Nadeen,4
452=,Tiernan,2,,542=,Natalia,4
452=,Tjay,2,,542=,Niamh,4
452=,Tyrone,2,,542=,Niomi,4
452=,Waqas,2,,542=,Penelope,4
452=,Waseem,2,,542=,Rae,4
452=,Yasin,2,,542=,Rhian,4
452=,Yasir,2,,542=,Rhianne,4
452=,Zac,2,,542=,Ria,4
452=,Zeshan,2,,542=,Riona,4
452=,Zoheb,2,,542=,Sabrina,4
618=,Aadil,1,,542=,Sacha,4
618=,Aaftab,1,,542=,Saima,4
618=,Aaren,1,,542=,Saskia,4
618=,Aaryn,1,,542=,Seona,4
618=,Aasim,1,,542=,Shaunie,4
618=,Abdulkarem,1,,542=,Sheena,4
618=,Abdulla,1,,542=,Shelly,4
618=,Abdulmajeed,1,,542=,Steffanie,4
618=,Abdulwahab,1,,542=,Suzanna,4
618=,Abdur,1,,542=,Sylvia,4
618=,Abdurahman,1,,542=,Viki,4
618=,Abdurrahman,1,,542=,Virginia,4
618=,Abdussalam,1,,542=,Vivien,4
618=,Abraham,1,,542=,Wing,4
618=,Abrar,1,,542=,Yvette,4
618=,Ackie,1,,542=,Zainab,4
618=,Adan,1,,634=,Adrienne,3
618=,Adeal,1,,634=,Aidan,3
618=,Adel,1,,634=,Ailis,3
618=,Aden,1,,634=,Aiysha,3
618=,Adien,1,,634=,Alesha,3
618=,Aeneas,1,,634=,Amberley,3
618=,Afraz,1,,634=,Ambreen,3
618=,Ahad,1,,634=,Angelina,3
618=,Ahhad,1,,634=,Annabelle,3
618=,Ahid,1,,634=,Arleen,3
618=,Ahmer,1,,634=,Asha,3
618=,Ahron,1,,634=,Ashlee,3
618=,Aidan-Blair,1,,634=,Ashliegh,3
618=,Ailean,1,,634=,Aston,3
618=,Aimee,1,,634=,Avril,3
618=,Ainsley,1,,634=,Aynsley,3
618=,Ajay,1,,634=,Beverly,3
618=,Ajveer,1,,634=,Brodie,3
618=,Akash,1,,634=,Bronagh,3
618=,Akira,1,,634=,Bushra,3
618=,Al-Hady,1,,634=,Caley,3
618=,Alain,1,,634=,Callie,3
618=,Albara,1,,634=,Camille,3
618=,Alec-John,1,,634=,Carina,3
618=,Aleem,1,,634=,Carley,3
618=,Alfie,1,,634=,Carys,3
618=,Alimahomed,1,,634=,Cathrine,3
618=,Alistar,1,,634=,Chanel,3
618=,Allain,1,,634=,Charlie,3
618=,Alli,1,,634=,Cher,3
618=,Allistair,1,,634=,Cherise,3
618=,Ally,1,,634=,Cheryll,3
618=,Allyn,1,,634=,Cheyenne,3
618=,Alp,1,,634=,Chrystal,3
618=,Alun,1,,634=,Constance,3
618=,Alva,1,,634=,Courtnay,3
618=,Alwyn,1,,634=,Cristina,3
618=,Amaar,1,,634=,Daisy,3
618=,Aman,1,,634=,Dale,3
618=,Amedeo,1,,634=,Danica,3
618=,Amer,1,,634=,Darryl,3
618=,Amerjeet,1,,634=,Deanne,3
618=,Amin,1,,634=,Deena,3
618=,Amir-Reza,1,,634=,Dora,3
618=,Ammar,1,,634=,Eirinn,3
618=,Amrik,1,,634=,Elisa,3
618=,Andie,1,,634=,Elise,3
618=,Andre,1,,634=,Eryn,3
618=,Andrewlee,1,,634=,Evonne,3
618=,Andrian,1,,634=,Fay,3
618=,Andros,1,,634=,Felicity,3
618=,Anees,1,,634=,Gael,3
618=,Angela,1,,634=,Genevieve,3
618=,Angelo,1,,634=,Hanna,3
618=,Anilraj,1,,634=,Inga,3
618=,Aniq,1,,634=,Ingrid,3
618=,Anise,1,,634=,Iram,3
618=,Anissur,1,,634=,Isabel,3
618=,Anjandeep,1,,634=,Isobel,3
618=,Ansaar,1,,634=,Jacquelyn,3
618=,Anscar,1,,634=,Jacqui,3
618=,Anson,1,,634=,Jaimi,3
618=,Anthsham,1,,634=,Jakki,3
618=,Antoine,1,,634=,Janette,3
618=,Antonni,1,,634=,Janna,3
618=,Aodhan,1,,634=,Jena,3
618=,Aongnas,1,,634=,Jennafer,3
618=,Aoron,1,,634=,Jennie,3
618=,Aqale,1,,634=,Jessie,3
618=,Arab,1,,634=,Jilly,3
618=,Aran,1,,634=,Jo-Anne,3
618=,Aric,1,,634=,Jordanne,3
618=,Arif,1,,634=,Jordin,3
618=,Arin,1,,634=,Joyce,3
618=,Arjun,1,,634=,Judy,3
618=,Arren,1,,634=,Julie-Ann,3
618=,Arrin,1,,634=,Julie-Anne,3
618=,Arslan,1,,634=,June,3
618=,Arunjit,1,,634=,Kaley,3
618=,Aryan,1,,634=,Karena,3
618=,Asa,1,,634=,Kari,3
618=,Asad,1,,634=,Karin,3
618=,Asgar,1,,634=,Karine,3
618=,Asger,1,,634=,Karli,3
618=,Ashwin,1,,634=,Katelyn,3
618=,Asif,1,,634=,Kayliegh,3
618=,Asim,1,,634=,Kayren,3
618=,Asimullah,1,,634=,Kelly-Anne,3
618=,Asmat,1,,634=,Kellyann,3
618=,Asrar,1,,634=,Kellyanne,3
618=,Assad,1,,634=,Kelsy,3
618=,Ateek,1,,634=,Kendal,3
618=,Attaf,1,,634=,Kirsty-Ann,3
618=,Attiq,1,,634=,Kirstyn,3
618=,Augustine,1,,634=,Laura-Ann,3
618=,Auran,1,,634=,Laureen,3
618=,Austen,1,,634=,Lea,3
618=,Avigad,1,,634=,Lesley-Ann,3
618=,Awace,1,,634=,Leyla,3
618=,Awais,1,,634=,Leza,3
618=,Axl,1,,634=,Linzie,3
618=,Aydan,1,,634=,Lisa-Anne,3
618=,Ayman,1,,634=,Lissa,3
618=,Azad,1,,634=,Lorne,3
618=,Azam,1,,634=,Lydia,3
618=,Azeem,1,,634=,Madelaine,3
618=,Azfar,1,,634=,Madison,3
618=,Azim,1,,634=,Mairead,3
618=,Aziz,1,,634=,Mallory,3
618=,Azzam,1,,634=,Marcella,3
618=,Babar,1,,634=,Maree,3
618=,Baldeep,1,,634=,Mariel,3
618=,Baljinder,1,,634=,Marni,3
618=,Balraj,1,,634=,Martina,3
618=,Barclay,1,,634=,Martine,3
618=,Barnabas,1,,634=,Maureen,3
618=,Barrak,1,,634=,Mica,3
618=,Barrington,1,,634=,Miranda,3
618=,Basil,1,,634=,Morgen,3
618=,Bayedy,1,,634=,Nakita,3
618=,Benny,1,,634=,Narelle,3
618=,Bentley,1,,634=,Nazia,3
618=,Benvolio,1,,634=,Nichole,3
618=,Berney,1,,634=,Nicki,3
618=,Bhavnik,1,,634=,Nikole,3
618=,Bilal,1,,634=,Oonagh,3
618=,Billie,1,,634=,Phillipa,3
618=,Bjaerni,1,,634=,Rachelle,3
618=,Blain,1,,634=,Rea,3
618=,Blaise,1,,634=,Regan,3
618=,Blake,1,,634=,Rio,3
618=,Blane,1,,634=,Roseanna,3
618=,Blawal,1,,634=,Rosemarie,3
618=,Blayre,1,,634=,Rowena,3
618=,Bleys,1,,634=,Ruby,3
618=,Blyth,1,,634=,Sahar,3
618=,Bobbie,1,,634=,Saira,3
618=,Bonnar,1,,634=,Salma,3
618=,Boudewijn,1,,634=,Sam,3
618=,Boyd,1,,634=,Sanah,3
618=,Bradford,1,,634=,Sandi,3
618=,Brandyn,1,,634=,Sara-Jane,3
618=,Breandan,1,,634=,Sarah-Jayne,3
618=,Bremner,1,,634=,Sarahlouise,3
618=,Brenden,1,,634=,Sascha,3
618=,Brendon,1,,634=,Scarlett,3
618=,Brenton,1,,634=,Sehar,3
618=,Bret,1,,634=,Seonagh,3
618=,Briar,1,,634=,Shari,3
618=,Brooks,1,,634=,Sharleen,3
618=,Bruno,1,,634=,Sheila,3
618=,Bryden,1,,634=,Shellie,3
618=,Brydon,1,,634=,Sheona,3
618=,Burhan,1,,634=,Sheridan,3
618=,Byran,1,,634=,Sherie,3
618=,Cahil,1,,634=,Sidrah,3
618=,Cailain,1,,634=,Siobhon,3
618=,Caimbeul,1,,634=,Sky,3
618=,Cairnn,1,,634=,Sofia,3
618=,Cairon,1,,634=,Sorcha,3
618=,Calan,1,,634=,Stacey-Louise,3
618=,Caleb,1,,634=,Steffani,3
618=,Calen,1,,634=,Stella,3
618=,Calib,1,,634=,Suzannah,3
618=,Callam,1,,634=,Syeda,3
618=,Calman,1,,634=,Tasha,3
618=,Camden,1,,634=,Taylor,3
618=,Cameran,1,,634=,Terry,3
618=,Camron,1,,634=,Thea,3
618=,Camryn,1,,634=,Vari,3
618=,Cannigia,1,,634=,Vhairi,3
618=,Carlito,1,,634=,Yasmine,3
618=,Carlton,1,,634=,Zunera,3
618=,Carnie,1,,807=,Abbigail,2
618=,Caryss,1,,807=,Afton,2
618=,Cayne,1,,807=,Aishah,2
618=,Cenk,1,,807=,Aleasha,2
618=,Chadwick,1,,807=,Aleisha,2
618=,Challum,1,,807=,Alexandrea,2
618=,Chance,1,,807=,Ali,2
618=,Charli,1,,807=,Alia,2
618=,Charly,1,,807=,Alissa,2
618=,Chesney,1,,807=,Alysha,2
618=,Chey,1,,807=,Amber-Leigh,2
618=,Cheyne,1,,807=,Amera,2
618=,Ching-Fung,1,,807=,Ami-Louise,2
618=,Christiaan,1,,807=,Amy-Louise,2
618=,Christipher,1,,807=,Andi,2
618=,Christofer,1,,807=,Aneeqa,2
618=,Chulk,1,,807=,Angeline,2
618=,Chung,1,,807=,Anisah,2
618=,Cieran,1,,807=,Annalise,2
618=,Claran,1,,807=,Annamarie,2
618=,Claude,1,,807=,Anneliese,2
618=,Claye,1,,807=,Anthea,2
618=,Codie,1,,807=,Anum,2
618=,Coeray,1,,807=,Arianna,2
618=,Cohn,1,,807=,Ashlene,2
618=,Cohnor,1,,807=,Ashlie,2
618=,Coleman,1,,807=,Ashly,2
618=,Coll,1,,807=,Autumn,2
618=,Colum,1,,807=,Ayleigh,2
618=,Conneir,1,,807=,Belinda,2
618=,Connell,1,,807=,Bella,2
618=,Conon,1,,807=,Billie-Jo,2
618=,Cooper,1,,807=,Blaire,2
618=,Corbin,1,,807=,Bobbi,2
618=,Corie,1,,807=,Bonnie,2
618=,Corin,1,,807=,Brianna,2
618=,Cormick,1,,807=,Bronte,2
618=,Cosimo,1,,807=,Cailin,2
618=,Cosmo,1,,807=,Cairistiona,2
618=,Courtney,1,,807=,Candace,2
618=,Creig,1,,807=,Caoimhe,2
618=,Cristofer,1,,807=,Caren,2
618=,Curtiss,1,,807=,Carey,2
618=,Cyrus,1,,807=,Carol-Anne,2
618=,Daanish,1,,807=,Carole,2
618=,Dalminder,1,,807=,Carrie-Anne,2
618=,Damarcus,1,,807=,Cassy,2
618=,Damion,1,,807=,Cathleen,2
618=,Dan,1,,807=,Cecilia,2
618=,Daniyaal,1,,807=,Chamaine,2
618=,Danni,1,,807=,Chelcie,2
618=,Danniel,1,,807=,Chellsey,2
618=,Danny-Lee,1,,807=,Chelsea-Ann,2
618=,Dante,1,,807=,Chelsi,2
618=,Danus,1,,807=,Chelsy,2
618=,Danzig,1,,807=,Cherith,2
618=,Dara,1,,807=,Chermaine,2
618=,Darall,1,,807=,Chiara,2
618=,Daran,1,,807=,Christa,2
618=,Darra,1,,807=,Christiana,2
618=,Darragh,1,,807=,Christianne,2
618=,Darral,1,,807=,Cindy,2
618=,Darroch,1,,807=,Cody,2
618=,Darryle,1,,807=,Colene,2
618=,Dassie,1,,807=,Coreen,2
618=,Davide,1,,807=,Corran,2
618=,Davis,1,,807=,Corrinne,2
618=,Davy,1,,807=,Cynthia,2
618=,Daylyn,1,,807=,Dannii,2
618=,Deandre,1,,807=,Danyelle,2
618=,Decklin,1,,807=,Darcey,2
618=,Declin,1,,807=,Davina,2
618=,Declyn,1,,807=,Debbie-Anne,2
618=,Deklin,1,,807=,Debby,2
618=,Deklyn,1,,807=,Deniece,2
618=,Del,1,,807=,Disa,2
618=,Dela,1,,807=,Doreen,2
618=,Deril,1,,807=,Dorothy,2
618=,Derrie,1,,807=,Ekaterini,2
618=,Deryck,1,,807=,Eliza,2
618=,Deryk,1,,807=,Elsa,2
618=,Devesh,1,,807=,Elyse,2
618=,Dexy,1,,807=,Elysia,2
618=,Dhugal,1,,807=,Emmalouise,2
618=,Dillan,1,,807=,Erinn,2
618=,Dillon,1,,807=,Errin,2
618=,Dino,1,,807=,Faizah,2
618=,Dominik,1,,807=,Farren,2
618=,Dominique,1,,807=,Fionn,2
618=,Dong-Woo,1,,807=,Fionna,2
618=,Doran,1,,807=,Frankie,2
618=,Dougal,1,,807=,Freda,2
618=,Druwyn,1,,807=,Gemma-Louise,2
618=,Dwain,1,,807=,Gena,2
618=,Dwaine,1,,807=,Georgie,2
618=,Dywayne,1,,807=,Gill,2
618=,E-Sau,1,,807=,Glenda,2
618=,Eaione,1,,807=,Gloria,2
618=,Eamonn,1,,807=,Gurmeet,2
618=,Easton,1,,807=,Gurpreet,2
618=,Edan,1,,807=,Harpreet,2
618=,Eddie,1,,807=,Hazell,2
618=,Eddy,1,,807=,Heidi,2
618=,Edison,1,,807=,Henrietta,2
618=,Edmund,1,,807=,Honor,2
618=,Ehap,1,,807=,Ifrah,2
618=,Ehsan,1,,807=,Ilona,2
618=,Ehssan,1,,807=,Isha,2
618=,Einar,1,,807=,Jace,2
618=,Eisuke,1,,807=,Jai,2
618=,Elijah,1,,807=,Jamie-Anne,2
618=,Elio,1,,807=,Jan,2
618=,Emile,1,,807=,Janie,2
618=,Emile-Leo,1,,807=,Jaye,2
618=,Enrico,1,,807=,Jaynie,2
618=,Enzo,1,,807=,Jazmine,2
618=,Eoghan,1,,807=,Jazzmin,2
618=,Erhan,1,,807=,Jeanette,2
618=,Erin,1,,807=,Jenifer,2
618=,Erlend,1,,807=,Jo,2
618=,Ernesto,1,,807=,Joann,2
618=,Esko,1,,807=,Jordana,2
618=,Etienne,1,,807=,Jordann,2
618=,Evann,1,,807=,Josie,2
618=,Ewan-James,1,,807=,Julianna,2
618=,Eythan,1,,807=,Julianne,2
618=,Fabio,1,,807=,Julieanne,2
618=,Faegan,1,,807=,Juliette,2
618=,Fahd,1,,807=,Kai,2
618=,Faheem,1,,807=,Kairen,2
618=,Faiz,1,,807=,Kari-Anne,2
618=,Falah,1,,807=,Katie-Jo,2
618=,Faraz,1,,807=,Katie-Louise,2
618=,Farazdag,1,,807=,Katrine,2
618=,Farhad,1,,807=,Kayla,2
618=,Farhan,1,,807=,Kaylee,2
618=,Farhatullam,1,,807=,Kayleigh-Anne,2
618=,Fateh,1,,807=,Kaylie,2
618=,Fearghas,1,,807=,Kellie-Marie,2
618=,Fernando,1,,807=,Kendra,2
618=,Fiaz,1,,807=,Kerri-Anne,2
618=,Finley,1,,807=,Kerrin,2
618=,Finnian,1,,807=,Kerstin,2
618=,Fintan,1,,807=,Keziah,2
618=,Fionnlagh,1,,807=,Khadija,2
618=,Fletcher,1,,807=,Kharis,2
618=,Ford,1,,807=,Kiren,2
618=,Forde,1,,807=,Kirsty-Louise,2
618=,Francisco,1,,807=,Kizzy,2
618=,Franciss,1,,807=,Krista,2
618=,Franco,1,,807=,Kristeen,2
618=,Franz,1,,807=,Krystal,2
618=,Fynn,1,,807=,Kyle,2
618=,Gaetano,1,,807=,Laila,2
618=,Gagandeep,1,,807=,Laura-Anne,2
618=,Garith,1,,807=,Lauri,2
618=,Garret,1,,807=,Laurin,2
618=,Garrick,1,,807=,Lea-Ann,2
618=,Garth,1,,807=,Lea-Anne,2
618=,Gavyn,1,,807=,Leanna,2
618=,Gavynn,1,,807=,Leisa,2
618=,Ged,1,,807=,Lena,2
618=,Geordan,1,,807=,Leonora,2
618=,Georg,1,,807=,Lesley-Anne,2
618=,Gethin,1,,807=,Leslie,2
618=,Gevi,1,,807=,Letitia,2
618=,Ghalib,1,,807=,Lettice,2
618=,Ghassan,1,,807=,Liana,2
618=,Gholam-Hossein,1,,807=,Lilian,2
618=,Gian,1,,807=,Lisamarie,2
618=,Giancarlo,1,,807=,Lorianne,2
618=,Gianluca,1,,807=,Lorin,2
618=,Gilbert,1,,807=,Lynnette,2
618=,Gilby,1,,807=,Magan,2
618=,Gilmour,1,,807=,Malak,2
618=,Gino,1,,807=,Mandi,2
618=,Giuliano,1,,807=,Marian,2
618=,Giuseppe,1,,807=,Marie-Claire,2
618=,Glen-Ross,1,,807=,Marilyn,2
618=,Glyen,1,,807=,Marlene,2
618=,Glyn,1,,807=,Marta,2
618=,Glynn,1,,807=,Marwa,2
618=,Govinda,1,,807=,Maryam,2
618=,Graeme-Leah,1,,807=,Maxene,2
618=,Graemie-John,1,,807=,Maya,2
618=,Gregori,1,,807=,Meagan,2
618=,Grigor,1,,807=,Melisa,2
618=,Guido,1,,807=,Mellissa,2
618=,Gurakash,1,,807=,Melody,2
618=,Gurmeet,1,,807=,Meredith,2
618=,Gurpage,1,,807=,Merryn,2
618=,Gursevak,1,,807=,Mia,2
618=,Gustav,1,,807=,Micha,2
618=,Guthrie,1,,807=,Michaella,2
618=,Haashim,1,,807=,Moira,2
618=,Hai,1,,807=,Morna,2
618=,Haig,1,,807=,Moya,2
618=,Haldan,1,,807=,Munpreet,2
618=,Halim,1,,807=,Myriam,2
618=,Hamant,1,,807=,Nancy,2
618=,Hameza,1,,807=,Natallie,2
618=,Hamid,1,,807=,Necole,2
618=,Hamilton,1,,807=,Nicholle,2
618=,Hammad,1,,807=,Nickie,2
618=,Han-Sun,1,,807=,Nickola,2
618=,Hanif,1,,807=,Nikhita,2
618=,Hannan,1,,807=,Nikkita,2
618=,Hany,1,,807=,Nikola,2
618=,Hardeep,1,,807=,Noreen,2
618=,Hareth,1,,807=,Nyree,2
618=,Haris,1,,807=,Omera,2
618=,Harnek,1,,807=,Orla,2
618=,Harsimran,1,,807=,Phillippa,2
618=,Hasabe,1,,807=,Pooja,2
618=,Haseeb,1,,807=,Rakhee,2
618=,Hashim,1,,807=,Raquel,2
618=,Heather,1,,807=,Reanna,2
618=,Henderson,1,,807=,Rebecka,2
618=,Henrik,1,,807=,Rebeka,2
618=,Hesham,1,,807=,Rebekka,2
618=,Hishaam,1,,807=,Rena,2
618=,Hoa,1,,807=,Rhanna,2
618=,Hogan,1,,807=,Rhia,2
618=,Hoiyin,1,,807=,Rhiann,2
618=,Housam,1,,807=,Rhonda,2
618=,Hubert,1,,807=,Riah,2
618=,Hugo,1,,807=,Riana,2
618=,Husam,1,,807=,Rianna,2
618=,Huseyin,1,,807=,Rianne,2
618=,Hussin,1,,807=,Robin,2
618=,Iaqib,1,,807=,Rohana,2
618=,Ibrahim,1,,807=,Roma,2
618=,Idrees,1,,807=,Romaine,2
618=,Idwal,1,,807=,Rosein,2
618=,Iemke,1,,807=,Roya,2
618=,Iftikhar,1,,807=,Saffron,2
618=,Ihtisham,1,,807=,Saimah,2
618=,Ikhlaq,1,,807=,Samantha-Jane,2
618=,Ilias,1,,807=,Samina,2
618=,Ilyaas,1,,807=,Samira,2
618=,Imtiaz,1,,807=,Sara-Louise,2
618=,Inderjit,1,,807=,Sarah-Ann,2
618=,Indio,1,,807=,Savannah,2
618=,Irvine,1,,807=,Seanna,2
618=,Itsham,1,,807=,Sehrish,2
618=,Izaak,1,,807=,Seonaidh,2
618=,Jac,1,,807=,Shama,2
618=,Jacky,1,,807=,Shan,2
618=,Jacques,1,,807=,Shanel,2
618=,Jade,1,,807=,Shanna,2
618=,Jagraj,1,,807=,Shannan,2
618=,Jahanzeb,1,,807=,Shantell,2
618=,Jaimee,1,,807=,Sharelle,2
618=,Jamel,1,,807=,Sharene,2
618=,Jamey,1,,807=,Sharondeep,2
618=,Jan,1,,807=,Shaunice,2
618=,Janzell,1,,807=,Shawnee,2
618=,Jardin,1,,807=,Shazia,2
618=,Jarol,1,,807=,Shelbie,2
618=,Jaron,1,,807=,Shellby,2
618=,Jarred,1,,807=,Sher,2
618=,Jarryd,1,,807=,Sherridan,2
618=,Jarvis,1,,807=,Sherrie,2
618=,Jasim,1,,807=,Shinead,2
618=,Jason-James,1,,807=,Shiree,2
618=,Jaspal,1,,807=,Shireen,2
618=,Jasper,1,,807=,Siama,2
618=,Jatinder,1,,807=,Sianna,2
618=,Javaad,1,,807=,Siannon,2
618=,Javis,1,,807=,Sion,2
618=,Jawwad,1,,807=,Sobia,2
618=,Jay-Jay,1,,807=,Sonam,2
618=,Jayce,1,,807=,Sonya,2
618=,Jayme,1,,807=,Sophy,2
618=,Jaypreet,1,,807=,Soraya,2
618=,Jayson,1,,807=,Stefania,2
618=,Jedd,1,,807=,Stephany,2
618=,Jener,1,,807=,Stevi,2
618=,Jens,1,,807=,Sunita,2
618=,Jereth,1,,807=,Suzy,2
618=,Jericho,1,,807=,Sylvie,2
618=,Jerry,1,,807=,Tami,2
618=,Jibran,1,,807=,Tammie,2
618=,Jifan,1,,807=,Tazmin,2
618=,Jo,1,,807=,Terri-Anne,2
618=,Joan,1,,807=,Terrie,2
618=,Jodi,1,,807=,Trisha,2
618=,Joeseph,1,,807=,Una,2
618=,Joey,1,,807=,Valentina,2
618=,John-David,1,,807=,Verity,2
618=,John-Mark,1,,807=,Vhari,2
618=,John-William,1,,807=,Whitney,2
618=,Johnathen,1,,807=,Yasemin,2
618=,Johneil,1,,1100=,Aamna,1
618=,Johnson,1,,1100=,Aaron,1
618=,Johnston,1,,1100=,Aasiyah,1
618=,Joma,1,,1100=,Abaigeal,1
618=,Jon-Paul,1,,1100=,Abbeygail,1
618=,Jonas,1,,1100=,Abbeygale,1
618=,Jonjon,1,,1100=,Abbroo,1
618=,Jonni,1,,1100=,Abeer,1
618=,Joost,1,,1100=,Abneet,1
618=,Jordain,1,,1100=,Adara,1
618=,Jorden,1,,1100=,Addolorata,1
618=,Jordin,1,,1100=,Ade'le,1
618=,Jordyn,1,,1100=,Adeinne,1
618=,Josie,1,,1100=,Adeline,1
618=,Jourdan,1,,1100=,Adrian,1
618=,Jozef,1,,1100=,Adriana,1
618=,Jules,1,,1100=,Adrianne,1
618=,Julian,1,,1100=,Adriene,1
618=,Julien,1,,1100=,Aeisha,1
618=,Jumsher,1,,1100=,Aemelia,1
618=,Junayd,1,,1100=,Aerica,1
618=,Junior,1,,1100=,Aerin,1
618=,K,1,,1100=,Affia,1
618=,Kaerin,1,,1100=,Afia,1
618=,Kal,1,,1100=,Afifah,1
618=,Kalan,1,,1100=,Afiyah,1
618=,Kaled,1,,1100=,Afra,1
618=,Kalem,1,,1100=,Afreka,1
618=,Kam,1,,1100=,Afribeanne,1
618=,Karm,1,,1100=,Afsha,1
618=,Karol,1,,1100=,Afshan,1
618=,Kasiem,1,,1100=,Ahlam,1
618=,Kaul,1,,1100=,Ahsen,1
618=,Kavan,1,,1100=,Ai,1
618=,Kavin,1,,1100=,Aida,1
618=,Kayler,1,,1100=,Aikwinder,1
618=,Kaylum,1,,1100=,Aile,1
618=,Kayvan,1,,1100=,Aileeshia,1
618=,Kayvon,1,,1100=,Aili,1
618=,Kaz,1,,1100=,Ailidh,1
618=,Kazim,1,,1100=,Ailish,1
618=,Keane,1,,1100=,Aiman,1
618=,Kearn,1,,1100=,Aimee-Leigh,1
618=,Kearyn,1,,1100=,Aimee-Louise,1
618=,Keelan,1,,1100=,Aimy,1
618=,Keenan,1,,1100=,Ainslii,1
618=,Kegan,1,,1100=,Aislinn,1
618=,Keifer,1,,1100=,Aja,1
618=,Keighan,1,,1100=,Akashdeep,1
618=,Keirn,1,,1100=,Ala,1
618=,Keirran,1,,1100=,Alaa,1
618=,Keirron,1,,1100=,Alahna,1
618=,Keiryn,1,,1100=,Alanda,1
618=,Ken,1,,1100=,Alanood,1
618=,Kenan,1,,1100=,Alanwar,1
618=,Kendrick,1,,1100=,Alba,1
618=,Kerey,1,,1100=,Albany,1
618=,Kerim,1,,1100=,Alease,1
618=,Kern,1,,1100=,Alecia,1
618=,Kerren,1,,1100=,Aleece,1
618=,Kerrin,1,,1100=,Aleema,1
618=,Kerry,1,,1100=,Aleigh,1
618=,Keven,1,,1100=,Alesia,1
618=,Kevyn,1,,1100=,Alessa,1
618=,Kez,1,,1100=,Alessandra,1
618=,Khaja,1,,1100=,Aleta,1
618=,Khaled,1,,1100=,Alethea,1
618=,Khalifa,1,,1100=,Alexandri,1
618=,Kher,1,,1100=,Aliah,1
618=,Khieran,1,,1100=,Aliesha,1
618=,Khuram,1,,1100=,Aline,1
618=,Khwaja,1,,1100=,Aliya,1
618=,Kieranjeet,1,,1100=,Aliyah,1
618=,Kiernan,1,,1100=,Aliysa,1
618=,Killean,1,,1100=,Alizae,1
618=,Kinnon,1,,1100=,Alla,1
618=,Kirk,1,,1100=,Allahna,1
618=,Kishan,1,,1100=,Alleashia,1
618=,Kiyl,1,,1100=,Alleyna,1
618=,Koadie,1,,1100=,Allie,1
618=,Kojo,1,,1100=,Allisha,1
618=,Kol,1,,1100=,Allysha,1
618=,Kolapokabir,1,,1100=,Alona,1
618=,Konan,1,,1100=,Alpha,1
618=,Konrad,1,,1100=,Althea,1
618=,Kory,1,,1100=,Alychea,1
618=,Kouros,1,,1100=,Alyesha,1
618=,Kriss,1,,1100=,Alyia,1
618=,Kristiaan,1,,1100=,Alysan,1
618=,Kristofor,1,,1100=,Alyth,1
618=,Kristos,1,,1100=,Alyxs,1
618=,Krys,1,,1100=,Amal,1
618=,Krystofer,1,,1100=,Amalia,1
618=,Kurd,1,,1100=,Amalie,1
618=,Kwadwo,1,,1100=,Amanda-Jane,1
618=,Kwame,1,,1100=,Amanda-Marie,1
618=,Kyall,1,,1100=,Amanpreet,1
618=,Kye,1,,1100=,Amareen,1
618=,Kymo,1,,1100=,Amber-Louise,1
618=,Kyrk,1,,1100=,Amber-Rose,1
618=,Laeeq,1,,1100=,Amberle,1
618=,Lars,1,,1100=,Ambre,1
618=,Laurance,1,,1100=,Amee,1
618=,Lauritz,1,,1100=,Ameliah,1
618=,Lawerence,1,,1100=,Amethyst,1
618=,Lean,1,,1100=,Amiee,1
618=,Leask,1,,1100=,Amilree,1
618=,Leigham,1,,1100=,Aminah,1
618=,Leighton,1,,1100=,Amnah,1
618=,Leland,1,,1100=,Amorette,1
618=,Lennard,1,,1100=,Amrit,1
618=,Leonard,1,,1100=,Amsaa,1
618=,Leroy,1,,1100=,Amy-Claire,1
618=,Lesli,1,,1100=,Amy-Jane,1
618=,Lewis-Ashley,1,,1100=,Amye,1
618=,Lewys,1,,1100=,Amyee,1
618=,Leyton,1,,1100=,Ana,1
618=,Liam-Martin,1,,1100=,Anahita,1
618=,Liang-Jiun,1,,1100=,Anaide,1
618=,Lisle,1,,1100=,Anais,1
618=,Lliam,1,,1100=,Andee,1
618=,Lorcan,1,,1100=,Andree,1
618=,Lorenzo,1,,1100=,Andrew,1
618=,Loreto,1,,1100=,Andria,1
618=,Lorna,1,,1100=,Andrina,1
618=,Lucian,1,,1100=,Aneeka,1
618=,Luciano,1,,1100=,Aneela,1
618=,Ludovic,1,,1100=,Angel,1
618=,Luqmaan,1,,1100=,Angelia,1
618=,Lyndon,1,,1100=,Angelica,1
618=,Maan,1,,1100=,Anika,1
618=,Mac,1,,1100=,Anila,1
618=,Mackenzie,1,,1100=,Aniqah,1
618=,Madasir,1,,1100=,Anise,1
618=,Madhav,1,,1100=,Anita,1
618=,Mahomed,1,,1100=,Anja,1
618=,Mahtab,1,,1100=,Ann-Frances,1
618=,Majid,1,,1100=,Ann-Louise,1
618=,Makeyan,1,,1100=,Anna-Louise,1
618=,Malik,1,,1100=,Annabell,1
618=,Manar,1,,1100=,Annale,1
618=,Mandeep,1,,1100=,Annalies,1
618=,Maqsood,1,,1100=,Annam,1
618=,Marcas,1,,1100=,Anneka,1
618=,Marcello,1,,1100=,Annelies,1
618=,Marek,1,,1100=,Annelise,1
618=,Marinus,1,,1100=,Annette,1
618=,Marten,1,,1100=,Anni,1
618=,Marti,1,,1100=,Anniesa,1
618=,Martin-Lee,1,,1100=,Anslie,1
618=,Marty,1,,1100=,Anssa,1
618=,Martynn,1,,1100=,Antoinette,1
618=,Marvin,1,,1100=,Antonella,1
618=,Mason,1,,1100=,Antonina,1
618=,Masoom,1,,1100=,Anuja,1
618=,Massimiliano,1,,1100=,Anushay,1
618=,Mathias,1,,1100=,Anushka,1
618=,Mathieu,1,,1100=,Anuwara,1
618=,Matija,1,,1100=,Anwen,1
618=,Matteo,1,,1100=,Anwi,1
618=,Matthue,1,,1100=,Anya,1
618=,Matz,1,,1100=,Aoife,1
618=,Maxime,1,,1100=,Aoiffe,1
618=,Maximilian,1,,1100=,Aqsa,1
618=,May,1,,1100=,Ara,1
618=,Meftah,1,,1100=,Arabella,1
618=,Melak,1,,1100=,Araminta,1
618=,Melissa,1,,1100=,Ariana,1
618=,Melkit-Jurawar,1,,1100=,Arianne,1
618=,Mervyn,1,,1100=,Arianwen,1
618=,Mhiran,1,,1100=,Arijah,1
618=,Michael-Joseph,1,,1100=,Arika,1
618=,Michel,1,,1100=,Arishdeep,1
618=,Michele,1,,1100=,Aroog,1
618=,Mickey,1,,1100=,Arron,1
618=,Mike,1,,1100=,Arryn,1
618=,Mikel,1,,1100=,Aseel,1
618=,Mikhail,1,,1100=,Ash,1
618=,Ming,1,,1100=,Ashia,1
618=,Mirza,1,,1100=,Ashlay,1
618=,Mitchel,1,,1100=,Ashleen,1
618=,Moath,1,,1100=,Ashleigh-Louise,1
618=,Mogib,1,,1100=,Ashleighanne,1
618=,Mohamad,1,,1100=,Ashleighe,1
618=,Mohamed-Omar,1,,1100=,Ashley-Louise,1
618=,Mohsen,1,,1100=,Ashley-May,1
618=,Mohsin,1,,1100=,Ashleyann,1
618=,Morris,1,,1100=,Ashleyanne,1
618=,Morten,1,,1100=,Ashli,1
618=,Morton,1,,1100=,Ashlyne,1
618=,Morven,1,,1100=,Ashton,1
618=,Mrad,1,,1100=,Ashtyn,1
618=,Muaaz,1,,1100=,Asma,1
618=,Muddasar,1,,1100=,Asten,1
618=,Muhsin,1,,1100=,Astera,1
618=,Mujahid,1,,1100=,Astra,1
618=,Mungo,1,,1100=,Astyn,1
618=,Munsoor,1,,1100=,Ateeqa,1
618=,Murphy,1,,1100=,Athena,1
618=,Musaab,1,,1100=,Atikah,1
618=,Mussadaq,1,,1100=,Atiqa,1
618=,Mustafa,1,,1100=,Atka,1
618=,Mustaffa,1,,1100=,Atthia,1
618=,Mustapha,1,,1100=,Attya,1
618=,Mutale,1,,1100=,Aulayna,1
618=,Muwahhid,1,,1100=,Aurelia,1
618=,Mykie,1,,1100=,Ava,1
618=,Nahidul,1,,1100=,Aveen,1
618=,Nairn,1,,1100=,Ayah,1
618=,Naman,1,,1100=,Aydon,1
618=,Nambi,1,,1100=,Ayeshia,1
618=,Naphtaly,1,,1100=,Ayisha,1
618=,Naren,1,,1100=,Ayla,1
618=,Nasrullah,1,,1100=,Aylie,1
618=,Nassif,1,,1100=,Ayliean,1
618=,Nathanael,1,,1100=,Aynsleigh,1
618=,Navandeep,1,,1100=,Aynslie,1
618=,Nawaz,1,,1100=,Aysla,1
618=,Neall,1,,1100=,Ayslynne,1
618=,Neilsen,1,,1100=,Ayumi,1
618=,Nicci,1,,1100=,Azella,1
618=,Nicki,1,,1100=,Azmat,1
618=,Nicklas,1,,1100=,Azura,1
618=,Nickolas,1,,1100=,Badia,1
618=,Nicoll,1,,1100=,Balpreet,1
618=,Niek,1,,1100=,Basma,1
618=,Niel,1,,1100=,Belle,1
618=,Niels,1,,1100=,Beni,1
618=,Nikhal,1,,1100=,Berenice,1
618=,Nikolai,1,,1100=,Bernita,1
618=,Nils,1,,1100=,Bernnice,1
618=,Nino,1,,1100=,Bethannie,1
618=,Nitish,1,,1100=,Bethanny,1
618=,Nolan,1,,1100=,Billi-Jo,1
618=,Oban,1,,1100=,Billie-Jean,1
618=,Obayda,1,,1100=,Billinda,1
618=,Odin,1,,1100=,Blair-Sarah,1
618=,Ohmar,1,,1100=,Blaise,1
618=,Olli,1,,1100=,Blayre,1
618=,Omeed,1,,1100=,Bobbie-Lee,1
618=,Onorio,1,,1100=,Bobby,1
618=,Oodesh,1,,1100=,Bobi,1
618=,Orin,1,,1100=,Bonneville,1
618=,Orson,1,,1100=,Botheyna,1
618=,Osama,1,,1100=,Botsang,1
618=,Oscar,1,,1100=,Brandy,1
618=,Ossilton,1,,1100=,Branwen,1
618=,Owain,1,,1100=,Bravika,1
618=,Pacian,1,,1100=,Bree,1
618=,Panayotis,1,,1100=,Breighe,1
618=,Paris,1,,1100=,Brenda,1
618=,Parmajit,1,,1100=,Brenna,1
618=,Pascal,1,,1100=,Bria,1
618=,Paschal,1,,1100=,Brianne,1
618=,Pavandeep,1,,1100=,Brionay,1
618=,Pavel,1,,1100=,Brionny,1
618=,Pearce,1,,1100=,Briony-Jade,1
618=,Perikles,1,,1100=,Britney,1
618=,Petter,1,,1100=,Brittanni,1
618=,Pin,1,,1100=,Brittney,1
618=,Poul,1,,1100=,Broghan,1
618=,Pramod,1,,1100=,Bronwen,1
618=,Prience,1,,1100=,Brooklyn,1
618=,Qadeer,1,,1100=,Brougan,1
618=,Qadees,1,,1100=,Brynie,1
618=,Qaiser,1,,1100=,Bryoni,1
618=,Quinton,1,,1100=,Bryonie,1
618=,Quism,1,,1100=,Bwenish,1
618=,Quon,1,,1100=,Caerla,1
618=,Ra-Ece,1,,1100=,Cairan,1
618=,Rabinder,1,,1100=,Cairistine,1
618=,Rachelle,1,,1100=,Cairstiona,1
618=,Rae,1,,1100=,Caitlan,1
618=,Rael,1,,1100=,Caitlind,1
618=,Rafaquet,1,,1100=,Caitlinn,1
618=,Raheed,1,,1100=,Caitriona,1
618=,Raheel,1,,1100=,Calay,1
618=,Raheil,1,,1100=,Cali,1
618=,Raiyan,1,,1100=,Calise,1
618=,Rajan,1,,1100=,Calley,1
618=,Rakesh,1,,1100=,Callie-Jae,1
618=,Rakin,1,,1100=,Caly,1
618=,Raleigh,1,,1100=,Cammila,1
618=,Ramandeep,1,,1100=,Camrie,1
618=,Ramaz,1,,1100=,Canan,1
618=,Rameen,1,,1100=,Candida,1
618=,Rameez,1,,1100=,Cara-Dawn,1
618=,Ramis,1,,1100=,Carafilia,1
618=,Ramiz,1,,1100=,Carajaun,1
618=,Ramzan,1,,1100=,Caraleigh,1
618=,Ramzy,1,,1100=,Cardell,1
618=,Ranald,1,,1100=,Careen,1
618=,Rannoch,1,,1100=,Cari,1
618=,Ranulph,1,,1100=,Carianne,1
618=,Raoof,1,,1100=,Cariss,1
618=,Raphael,1,,1100=,Carlanna,1
618=,Rauri,1,,1100=,Carleen,1
618=,Ravail,1,,1100=,Carleigh,1
618=,Razmal,1,,1100=,Carlene,1
618=,Razwan,1,,1100=,Carli,1
618=,Rd,1,,1100=,Carlin,1
618=,Reagan,1,,1100=,Carline,1
618=,Reahan,1,,1100=,Carly-Marie,1
618=,Reamonn,1,,1100=,Carlyn,1
618=,Redha,1,,1100=,Carmel,1
618=,Redmond,1,,1100=,Carmella,1
618=,Rein,1,,1100=,Carole-Ann,1
618=,Remo,1,,1100=,Carole-Anne,1
618=,Rhori,1,,1100=,Carolina,1
618=,Rhouri,1,,1100=,Carolyne,1
618=,Rhuairidh,1,,1100=,Carolynne,1
618=,Rhuaraidh,1,,1100=,Carra,1
618=,Rhuaridh,1,,1100=,Carriann,1
618=,Riaghain,1,,1100=,Carrianne,1
618=,Rian,1,,1100=,Carrieleigh,1
618=,Ricardo,1,,1100=,Carrin,1
618=,Riccardo,1,,1100=,Carris,1
618=,Richi,1,,1100=,Cassey,1
618=,Richmond,1,,1100=,Cassia,1
618=,Rick,1,,1100=,Cassie-Louise,1
618=,Rico,1,,1100=,Caterina,1
618=,Rikky,1,,1100=,Cathy,1
618=,Rioch,1,,1100=,Catreena,1
618=,Riyad,1,,1100=,Catrhona-Morag,1
618=,Rizwan,1,,1100=,Cavell,1
618=,Robaidh,1,,1100=,Caylea,1
618=,Robertson,1,,1100=,Cayley,1
618=,Robinson,1,,1100=,Ceana,1
618=,Robyn,1,,1100=,Ceilidh,1
618=,Rocco,1,,1100=,Cein,1
618=,Roger,1,,1100=,Ceiran,1
618=,Romi,1,,1100=,Ceire,1
618=,Ronwing,1,,1100=,Ceit,1
618=,Rorie,1,,1100=,Celeste,1
618=,Rowen,1,,1100=,Ceris,1
618=,Rthys,1,,1100=,Cerran,1
618=,Ruaidhri,1,,1100=,Cerys,1
618=,Ruarion,1,,1100=,Chamely,1
618=,Ruben,1,,1100=,Chandnie,1
618=,Rupesh,1,,1100=,Chaneice,1
618=,Ruraidh,1,,1100=,Chanice,1
618=,Rurigdh,1,,1100=,Channel,1
618=,Russel,1,,1100=,Channing,1
618=,Rutger,1,,1100=,Chantal,1
618=,Ruth,1,,1100=,Chantel,1
618=,Ryann,1,,1100=,Charel,1
618=,Sacha,1,,1100=,Charelle,1
618=,Safeer,1,,1100=,Charise,1
618=,Sahed,1,,1100=,Charissa,1
618=,Sahil,1,,1100=,Charlee,1
618=,Saidi,1,,1100=,Charleena,1
618=,Saithe,1,,1100=,Charleene,1
618=,Sajad,1,,1100=,Charleigh,1
618=,Sajid,1,,1100=,Charlena,1
618=,Saleh,1,,1100=,Charlette,1
618=,Sama,1,,1100=,Charli,1
618=,Samson,1,,1100=,Charli-Anne,1
618=,Sarfraz,1,,1100=,Charliann,1
618=,Sarmod,1,,1100=,Charlie-Anne,1
618=,Sarvaz,1,,1100=,Charlie-Leigh,1
618=,Satinderjit,1,,1100=,Charlotta,1
618=,Satoshi,1,,1100=,Charlotte-Rose,1
618=,Satpal,1,,1100=,Charly,1
618=,Satveer,1,,1100=,Charmain,1
618=,Saun,1,,1100=,Charmane,1
618=,Sax,1,,1100=,Charmayne,1
618=,Seain,1,,1100=,Chauntell,1
618=,Sean-Joseph,1,,1100=,Chavaun,1
618=,Sean-Michael,1,,1100=,Chavaune,1
618=,Seanallan,1,,1100=,Chavon,1
618=,Sebastien,1,,1100=,Chavonne,1
618=,Seon,1,,1100=,Chellsie,1
618=,Seonaidh,1,,1100=,Chelsay,1
618=,Seoras,1,,1100=,Chelsea-Anne,1
618=,Seort,1,,1100=,Chelsee,1
618=,Severin,1,,1100=,Chelsei,1
618=,Sezar,1,,1100=,Cheney,1
618=,Shabaan,1,,1100=,Chennise,1
618=,Shabaz,1,,1100=,Chereen,1
618=,Shaber,1,,1100=,Cherell,1
618=,Shael,1,,1100=,Cherenne,1
618=,Shahid,1,,1100=,Cheri,1
618=,Shahzada,1,,1100=,Cherine,1
618=,Shajan,1,,1100=,Cherisse,1
618=,Shamoon,1,,1100=,Cherlyn,1
618=,Shannan,1,,1100=,Cherrel,1
618=,Shariar,1,,1100=,Cherrell,1
618=,Shau,1,,1100=,Cheryl-Ann,1
618=,Shaun-Julian,1,,1100=,Cheryl-Jane,1
618=,Shaun-Paul,1,,1100=,Chevonne,1
618=,Shaw,1,,1100=,Chi,1
618=,Shayne,1,,1100=,China,1
618=,Shehbaz,1,,1100=,Chipasha,1
618=,Shehroz,1,,1100=,Chirelle,1
618=,Sheru,1,,1100=,Chivonne,1
618=,Shezad,1,,1100=,Chizzarra,1
618=,Shingo,1,,1100=,Chloe-Dee,1
618=,Shivraj,1,,1100=,Chloe-Rose,1
618=,Shoaib,1,,1100=,Choi,1
618=,Shoheb,1,,1100=,Chor,1
618=,Sholto,1,,1100=,Chrisselle,1
618=,Shone,1,,1100=,Chrissie,1
618=,Shorta,1,,1100=,Christaidh,1
618=,Sigurd,1,,1100=,Christeen,1
618=,Sim,1,,1100=,Christel,1
618=,Simranjit,1,,1100=,Christie-Jo,1
618=,Sonnie,1,,1100=,Christopher,1
618=,Sonul,1,,1100=,Christy-Selica,1
618=,Spencer,1,,1100=,Chunnan,1
618=,Spike,1,,1100=,Chyvonne,1
618=,Stanly,1,,1100=,Ciaran,1
618=,Steele,1,,1100=,Cicily,1
618=,Steffen,1,,1100=,Cindie,1
618=,Stefhan,1,,1100=,Cinzia,1
618=,Stefon,1,,1100=,Cirsty,1
618=,Stevenson,1,,1100=,Clair-Louise,1
618=,Stiofan,1,,1100=,Claira,1
618=,Stirling,1,,1100=,Claire-Anne,1
618=,Strachan,1,,1100=,Claire-Louise,1
618=,Su,1,,1100=,Clare-Louise,1
618=,Subhaan,1,,1100=,Claresa,1
618=,Suhael,1,,1100=,Clarissa,1
618=,Suhail,1,,1100=,Clarisse,1
618=,Sukhmeet,1,,1100=,Claudia,1
618=,Sullivan,1,,1100=,Clayre,1
618=,Sumeet,1,,1100=,Clementine,1
618=,Sunil,1,,1100=,Cleo,1
618=,Sunit,1,,1100=,Clio,1
618=,Sunnan,1,,1100=,Cliona,1
618=,Surjun,1,,1100=,Clodagh,1
618=,Swaleyha,1,,1100=,Clowance,1
618=,Sylvester,1,,1100=,Coleyne,1
618=,Symon-Lee,1,,1100=,Collaine,1
618=,T,1,,1100=,Collene,1
618=,Taha,1,,1100=,Conner,1
618=,Tai,1,,1100=,Connory,1
618=,Tait,1,,1100=,Conor,1
618=,Tajinderpal,1,,1100=,Cora,1
618=,Tallan,1,,1100=,Corey,1
618=,Tamer,1,,1100=,Cori,1
618=,Tanim,1,,1100=,Corrae,1
618=,Tariq,1,,1100=,Corrin,1
618=,Tarquin,1,,1100=,Corrinna,1
618=,Tascal,1,,1100=,Corry,1
618=,Tauheed,1,,1100=,Cory,1
618=,Tayler,1,,1100=,Craig,1
618=,Tayyab,1,,1100=,Cree,1
618=,Teejay,1,,1100=,Cristal,1
618=,Teillo,1,,1100=,Cristiona,1
618=,Telfer,1,,1100=,Cryzia,1
618=,Terrance,1,,1100=,Cuan,1
618=,Terri-Jo,1,,1100=,Culzean,1
618=,Terryll,1,,1100=,Cursty,1
618=,Thain,1,,1100=,Cyndelle,1
618=,Thana,1,,1100=,Cynele,1
618=,Theoharis,1,,1100=,D'arcy,1
618=,Thokeer,1,,1100=,Dahni,1
618=,Thurston,1,,1100=,Daina,1
618=,Tim,1,,1100=,Daisie,1
618=,Tobias,1,,1100=,Daisy-Kay,1
618=,Tomass,1,,1100=,Damaris,1
618=,Tongie,1,,1100=,Danae,1
618=,Toni,1,,1100=,Danee,1
618=,Torquil,1,,1100=,Danella,1
618=,Tory,1,,1100=,Danelle,1
618=,Trent,1,,1100=,Daniel,1
618=,Trevor,1,,1100=,Daniele,1
618=,Tristram,1,,1100=,Danielle-Lynn,1
618=,Tsim-Ton,1,,1100=,Danielle-Marie,1
618=,Tuan,1,,1100=,Danielle-Theras,1
618=,Tugrul,1,,1100=,Danna,1
618=,Tye,1,,1100=,Danni-Tiree,1
618=,Tylor,1,,1100=,Dannia,1
618=,Tyson,1,,1100=,Dannica,1
618=,Uko,1,,1100=,Danniel,1
618=,Umair,1,,1100=,Danniella,1
618=,Umair-Ul,1,,1100=,Danyell,1
618=,Umar,1,,1100=,Danyeze,1
618=,Umer,1,,1100=,Daoine,1
618=,Usama,1,,1100=,Dara,1
618=,Uthman,1,,1100=,Darcie,1
618=,Varun,1,,1100=,Darelle,1
618=,Vern,1,,1100=,Dariane,1
618=,Vernon,1,,1100=,Darrell,1
618=,Victor,1,,1100=,Darrelle,1
618=,Vinnie,1,,1100=,Darria,1
618=,Wajid-Ibrar,1,,1100=,Darryle,1
618=,Waleed,1,,1100=,Dawna,1
618=,Warran,1,,1100=,Dayle,1
618=,Wasay,1,,1100=,Daynor,1
618=,Wasim,1,,1100=,Daytona,1
618=,Wi,1,,1100=,Deana,1
618=,Willis,1,,1100=,Debbie-Jo,1
618=,Willum,1,,1100=,Debra-Louise,1
618=,Wilson,1,,1100=,Deeonne,1
618=,Wing,1,,1100=,Deionne,1
618=,Xander,1,,1100=,Deirdre,1
618=,Yaakov,1,,1100=,Delijah,1
618=,Yacine,1,,1100=,Demetra,1
618=,Yaqut,1,,1100=,Demi-Jade,1
618=,Yassen,1,,1100=,Demi-Leigh,1
618=,Yathan,1,,1100=,Demi-Louise,1
618=,Yavuz,1,,1100=,Demmi,1
618=,Yaw,1,,1100=,Demmie,1
618=,Yazeed,1,,1100=,Denele,1
618=,Yeorgo,1,,1100=,Deni,1
618=,Yiannis,1,,1100=,Denice,1
618=,Yik,1,,1100=,Dennie,1
618=,Yin,1,,1100=,Denyse,1
618=,Yinglun,1,,1100=,Deone,1
618=,Yiorgos,1,,1100=,Deonna,1
618=,Yiu,1,,1100=,Deryn,1
618=,Yona,1,,1100=,Destinee,1
618=,Yuill,1,,1100=,Devin,1
618=,Yujay,1,,1100=,Dharia,1
618=,Yusaf,1,,1100=,Diahan,1
618=,Yusef,1,,1100=,Dilara,1
618=,Yusif,1,,1100=,Dion,1
618=,Yusuf,1,,1100=,Dione,1
618=,Zachariah,1,,1100=,Divia,1
618=,Zacharias,1,,1100=,Djennah,1
618=,Zacharie,1,,1100=,Dodie,1
618=,Zackarie,1,,1100=,Dolina,1
618=,Zaeem,1,,1100=,Donach,1
618=,Zafar,1,,1100=,Donna-Lee,1
618=,Zahn,1,,1100=,Donna-Marie,1
618=,Zain-Ul-Abdeen,1,,1100=,Donnella,1
618=,Zakir,1,,1100=,Drishti,1
618=,Zakk,1,,1100=,Dyann,1
618=,Zaman,1,,1100=,Dzi,1
618=,Zayd,1,,1100=,Ebonnie,1
618=,Zeashan,1,,1100=,Ebony,1
618=,Zebadiah,1,,1100=,Edden,1
618=,Zeeshan,1,,1100=,Eden,1
618=,Zen-Ul-Abideen,1,,1100=,Edith,1
618=,Zeyn,1,,1100=,Edyn,1
618=,Zhu,1,,1100=,Efua,1
618=,Zi,1,,1100=,Eilean,1
618=,Zia,1,,1100=,Eileidh,1
618=,Zishaan,1,,1100=,Eilidgh,1
618=,Zoe,1,,1100=,Eilidh-Mairead,1
618=,Zuber,1,,1100=,Eilioh,1
618=,Zuhaib,1,,1100=,Eilis,1
618=,Zuhair,1,,1100=,Eilise,1
618=,Zuhayb,1,,1100=,Eillie,1
618=,Zuhayr,1,,1100=,Eireann,1
618=,Zyshan,1,,1100=,Eiren,1
,,,,1100=,Eirian,1
,,,,1100=,Eisha-Tul-Raazi,1
,,,,1100=,Eithne,1
,,,,1100=,Ekram,1
,,,,1100=,Elaina,1
,,,,1100=,Elainya,1
,,,,1100=,Elana,1
,,,,1100=,Elanna,1
,,,,1100=,Eleeza,1
,,,,1100=,Elena-Jane,1
,,,,1100=,Elin,1
,,,,1100=,Elizabethann,1
,,,,1100=,Elkie,1
,,,,1100=,Ellana,1
,,,,1100=,Ellen-Marie,1
,,,,1100=,Ellyn,1
,,,,1100=,Ellysia-Grace,1
,,,,1100=,Ema-Jayne,1
,,,,1100=,Emanuela,1
,,,,1100=,Emelye,1
,,,,1100=,Emilie-Louise,1
,,,,1100=,Emily-Jane,1
,,,,1100=,Emily-Kate,1
,,,,1100=,Emma-Jan,1
,,,,1100=,Emma-Lee,1
,,,,1100=,Emma-Leigh,1
,,,,1100=,Emma-Rose,1
,,,,1100=,Emmajane,1
,,,,1100=,Emmanuelle,1
,,,,1100=,Emmi,1
,,,,1100=,Emmy,1
,,,,1100=,Ena,1
,,,,1100=,Eniola,1
,,,,1100=,Enja,1
,,,,1100=,Enuri,1
,,,,1100=,Eran,1
,,,,1100=,Ericka,1
,,,,1100=,Erin-Bethany,1
,,,,1100=,Erin-Jane,1
,,,,1100=,Erin-Louise,1
,,,,1100=,Erina,1
,,,,1100=,Esmay,1
,,,,1100=,Eunice,1
,,,,1100=,Evan,1
,,,,1100=,Evangeline,1
,,,,1100=,Fadiva,1
,,,,1100=,Fahria,1
,,,,1100=,Fallon,1
,,,,1100=,Farena,1
,,,,1100=,Farhat-Naz,1
,,,,1100=,Fariya,1
,,,,1100=,Farrah,1
,,,,1100=,Farzana,1
,,,,1100=,Fatema,1
,,,,1100=,Fatimah,1
,,,,1100=,Fatin,1
,,,,1100=,Fatma,1
,,,,1100=,Faune,1
,,,,1100=,Fauzia,1
,,,,1100=,Fawn,1
,,,,1100=,Fely,1
,,,,1100=,Fenella,1
,,,,1100=,Fenna,1
,,,,1100=,Feona,1
,,,,1100=,Feonagh,1
,,,,1100=,Ferial,1
,,,,1100=,Fernanda,1
,,,,1100=,Fhionna,1
,,,,1100=,Fionnuala,1
,,,,1100=,Francene,1
,,,,1100=,Frances-Jane,1
,,,,1100=,Franchesca,1
,,,,1100=,Francine,1
,,,,1100=,Frederike,1
,,,,1100=,Freida,1
,,,,1100=,Freyja,1
,,,,1100=,Frieda,1
,,,,1100=,Frith,1
,,,,1100=,Fulvia,1
,,,,1100=,Furah,1
,,,,1100=,Fyrarie,1
,,,,1100=,Gaenor,1
,,,,1100=,Gainyah,1
,,,,1100=,Gaitlin,1
,,,,1100=,Gar,1
,,,,1100=,Gary,1
,,,,1100=,Gemma-Lee,1
,,,,1100=,Genny,1
,,,,1100=,Geofrey,1
,,,,1100=,Georga,1
,,,,1100=,Geovan,1
,,,,1100=,Ghislaine,1
,,,,1100=,Gianna,1
,,,,1100=,Ginette,1
,,,,1100=,Ginnie,1
,,,,1100=,Giovanna,1
,,,,1100=,Gisela,1
,,,,1100=,Glenn,1
,,,,1100=,Golda,1
,,,,1100=,Grahyl,1
,,,,1100=,Graizella,1
,,,,1100=,Greer,1
,,,,1100=,Gulsah,1
,,,,1100=,Gurnam,1
,,,,1100=,Gwyneth,1
,,,,1100=,Hadeel,1
,,,,1100=,Hafsa,1
,,,,1100=,Haidee,1
,,,,1100=,Haira,1
,,,,1100=,Hajar,1
,,,,1100=,Hajer,1
,,,,1100=,Hajra,1
,,,,1100=,Hala,1
,,,,1100=,Halima,1
,,,,1100=,Halimah,1
,,,,1100=,Halley,1
,,,,1100=,Hameara,1
,,,,1100=,Han-Yin,1
,,,,1100=,Hana,1
,,,,1100=,Hanah,1
,,,,1100=,Hanan,1
,,,,1100=,Haneen,1
,,,,1100=,Hannah-Leigh,1
,,,,1100=,Hannah-Louise,1
,,,,1100=,Hannan,1
,,,,1100=,Hanne,1
,,,,1100=,Harika,1
,,,,1100=,Harsharn,1
,,,,1100=,Harula,1
,,,,1100=,Harvinder,1
,,,,1100=,Hasina,1
,,,,1100=,Hasna,1
,,,,1100=,Haya,1
,,,,1100=,Hayley-James,1
,,,,1100=,Hayli,1
,,,,1100=,Haylie,1
,,,,1100=,Heather-Ann,1
,,,,1100=,Heather-Iona,1
,,,,1100=,Hee-Syn,1
,,,,1100=,Heidy,1
,,,,1100=,Helen-Anne,1
,,,,1100=,Helen-Louise,1
,,,,1100=,Helga,1
,,,,1100=,Heloise,1
,,,,1100=,Hema,1
,,,,1100=,Hia,1
,,,,1100=,Hiliory,1
,,,,1100=,Hina,1
,,,,1100=,Hinaa,1
,,,,1100=,Hinna,1
,,,,1100=,Hira,1
,,,,1100=,Hiu,1
,,,,1100=,Hoi,1
,,,,1100=,Hollianne,1
,,,,1100=,Hollie-Louise,1
,,,,1100=,Holly-Ann,1
,,,,1100=,Holly-Anne,1
,,,,1100=,Hollyann,1
,,,,1100=,Hooria,1
,,,,1100=,Hui,1
,,,,1100=,Humah,1
,,,,1100=,Humayra,1
,,,,1100=,Humera,1
,,,,1100=,Humma,1
,,,,1100=,Husnara,1
,,,,1100=,Hynde,1
,,,,1100=,Ieshia,1
,,,,1100=,Iffrah,1
,,,,1100=,Ilaria,1
,,,,1100=,Ilene,1
,,,,1100=,Illana,1
,,,,1100=,Iman,1
,,,,1100=,Indiana,1
,,,,1100=,Indigo,1
,,,,1100=,Ingham,1
,,,,1100=,Ingibjorg,1
,,,,1100=,Innes,1
,,,,1100=,Iqrah,1
,,,,1100=,Iqranelam,1
,,,,1100=,Irem,1
,,,,1100=,Irenie,1
,,,,1100=,Irina,1
,,,,1100=,Irram,1
,,,,1100=,Irum,1
,,,,1100=,Isabelle,1
,,,,1100=,Iseabal,1
,,,,1100=,Iselin,1
,,,,1100=,Islay,1
,,,,1100=,Isma,1
,,,,1100=,Isobella,1
,,,,1100=,Israa,1
,,,,1100=,Israh,1
,,,,1100=,Ivee,1
,,,,1100=,Ivonne,1
,,,,1100=,Ivory,1
,,,,1100=,Jaade,1
,,,,1100=,Jackiline,1
,,,,1100=,Jacklyn,1
,,,,1100=,Jacklynn,1
,,,,1100=,Jacqualine,1
,,,,1100=,Jacquie,1
,,,,1100=,Jacquiline,1
,,,,1100=,Jade-Kareen,1
,,,,1100=,Jadiene,1
,,,,1100=,Jaeger,1
,,,,1100=,Jahnna,1
,,,,1100=,Jaide-Lynn,1
,,,,1100=,Jaine,1
,,,,1100=,Jaki,1
,,,,1100=,Jamesina,1
,,,,1100=,Jamie-Ann,1
,,,,1100=,Jan-Michelle,1
,,,,1100=,Janelle,1
,,,,1100=,Janinne,1
,,,,1100=,Jannah,1
,,,,1100=,Jannine,1
,,,,1100=,Jansyn,1
,,,,1100=,Janzia,1
,,,,1100=,Jardin,1
,,,,1100=,Jardine,1
,,,,1100=,Jas,1
,,,,1100=,Jasbir,1
,,,,1100=,Jaweiria,1
,,,,1100=,Jaya,1
,,,,1100=,Jayd,1
,,,,1100=,Jayden,1
,,,,1100=,Jayme,1
,,,,1100=,Jaymi,1
,,,,1100=,Jaymie,1
,,,,1100=,Jaymie-Anne,1
,,,,1100=,Jayna,1
,,,,1100=,Jazmin,1
,,,,1100=,Jean-Claire,1
,,,,1100=,Jeanean,1
,,,,1100=,Jeanie,1
,,,,1100=,Jeanine,1
,,,,1100=,Jeanna,1
,,,,1100=,Jeannie,1
,,,,1100=,Jeda,1
,,,,1100=,Jem,1
,,,,1100=,Jemima,1
,,,,1100=,Jemimah,1
,,,,1100=,Jenah,1
,,,,1100=,Jenee,1
,,,,1100=,Jenel,1
,,,,1100=,Jenna-Louise,1
,,,,1100=,Jenna-Marie,1
,,,,1100=,Jennah,1
,,,,1100=,Jeri,1
,,,,1100=,Jermaine,1
,,,,1100=,Jerri,1
,,,,1100=,Jerri-Jo,1
,,,,1100=,Jerry,1
,,,,1100=,Jesica,1
,,,,1100=,Jessica-Anne,1
,,,,1100=,Jett,1
,,,,1100=,Jhenath,1
,,,,1100=,Jihan,1
,,,,1100=,Jilli,1
,,,,1100=,Jillianne,1
,,,,1100=,Jillyan,1
,,,,1100=,Jo-Ann,1
,,,,1100=,Joanne-Elizabet,1
,,,,1100=,Jocelene,1
,,,,1100=,Jocellyn,1
,,,,1100=,Jodi-Louise,1
,,,,1100=,Jodie-Ann,1
,,,,1100=,Jodieanne,1
,,,,1100=,Joeann,1
,,,,1100=,Joelle,1
,,,,1100=,Johan,1
,,,,1100=,Johann,1
,,,,1100=,Johanne,1
,,,,1100=,John,1
,,,,1100=,Jonathan,1
,,,,1100=,Jordane,1
,,,,1100=,Jorden,1
,,,,1100=,Jordon,1
,,,,1100=,Jordynn,1
,,,,1100=,Jorrie,1
,,,,1100=,Joshua,1
,,,,1100=,Josslyn,1
,,,,1100=,Jourdan,1
,,,,1100=,Jovan-Veer,1
,,,,1100=,Joye,1
,,,,1100=,Judi,1
,,,,1100=,Juliana,1
,,,,1100=,Justeen,1
,,,,1100=,Justene,1
,,,,1100=,Ka,1
,,,,1100=,Kacey,1
,,,,1100=,Kacie,1
,,,,1100=,Kadee,1
,,,,1100=,Kae,1
,,,,1100=,Kaela,1
,,,,1100=,Kailey,1
,,,,1100=,Kaisha,1
,,,,1100=,Kaleigh-Jade,1
,,,,1100=,Kalena,1
,,,,1100=,Kalli-Anne,1
,,,,1100=,Kallie,1
,,,,1100=,Kally,1
,,,,1100=,Kamaljit,1
,,,,1100=,Kami,1
,,,,1100=,Kara-Ann,1
,,,,1100=,Karamveer,1
,,,,1100=,Kareen,1
,,,,1100=,Kareena,1
,,,,1100=,Kareene,1
,,,,1100=,Karen-Anne,1
,,,,1100=,Karien,1
,,,,1100=,Karissa,1
,,,,1100=,Karlene,1
,,,,1100=,Karlie,1
,,,,1100=,Karlyn,1
,,,,1100=,Karmen,1
,,,,1100=,Karoline,1
,,,,1100=,Karrie,1
,,,,1100=,Karris,1
,,,,1100=,Karyl,1
,,,,1100=,Kasey,1
,,,,1100=,Kasha,1
,,,,1100=,Kasharine,1
,,,,1100=,Kasi,1
,,,,1100=,Kasia,1
,,,,1100=,Kassie,1
,,,,1100=,Kasyan,1
,,,,1100=,Katarina,1
,,,,1100=,Kathanna,1
,,,,1100=,Katherina,1
,,,,1100=,Kathi,1
,,,,1100=,Kathleen-Anne,1
,,,,1100=,Kathlene,1
,,,,1100=,Kathrin,1
,,,,1100=,Kathryn-Anne,1
,,,,1100=,Kathy,1
,,,,1100=,Katie-Ann,1
,,,,1100=,Katie-Jane,1
,,,,1100=,Katielyn,1
,,,,1100=,Katrianne,1
,,,,1100=,Katricia,1
,,,,1100=,Katya,1
,,,,1100=,Kauma,1
,,,,1100=,Kaya,1
,,,,1100=,Kayah,1
,,,,1100=,Kaylea,1
,,,,1100=,Kayleah,1
,,,,1100=,Kayleen,1
,,,,1100=,Kayleh,1
,,,,1100=,Kayleigh-Ann,1
,,,,1100=,Kayleish,1
,,,,1100=,Kaylin,1
,,,,1100=,Kayran,1
,,,,1100=,Kayrene,1
,,,,1100=,Kayrn,1
,,,,1100=,Kaysha,1
,,,,1100=,Kaysie,1
,,,,1100=,Keara,1
,,,,1100=,Keaton,1
,,,,1100=,Keilidh,1
,,,,1100=,Keirra,1
,,,,1100=,Keli,1
,,,,1100=,Kelleigh,1
,,,,1100=,Kelley,1
,,,,1100=,Kellianne,1
,,,,1100=,Kellie-Ann,1
,,,,1100=,Kellie-Jane,1
,,,,1100=,Kellsy,1
,,,,1100=,Kelly-Ann,1
,,,,1100=,Kellymarie,1
,,,,1100=,Kelsay,1
,,,,1100=,Kelsea,1
,,,,1100=,Kensa,1
,,,,1100=,Kera,1
,,,,1100=,Kerensa,1
,,,,1100=,Keri-Ellen,1
,,,,1100=,Keri-Louise,1
,,,,1100=,Kerianne,1
,,,,1100=,Keriss,1
,,,,1100=,Kerri-Lauren,1
,,,,1100=,Kerri-Lee,1
,,,,1100=,Kerri-Lynn,1
,,,,1100=,Kerrianne,1
,,,,1100=,Kerrie-Louise,1
,,,,1100=,Kerrylouise,1
,,,,1100=,Kerryn,1
,,,,1100=,Kerrys,1
,,,,1100=,Keryl,1
,,,,1100=,Keshia,1
,,,,1100=,Keshia-Jayne,1
,,,,1100=,Kevin,1
,,,,1100=,Kezia,1
,,,,1100=,Khadeeja,1
,,,,1100=,Khali,1
,,,,1100=,Khashiya,1
,,,,1100=,Khayria,1
,,,,1100=,Khia,1
,,,,1100=,Kia,1
,,,,1100=,Kianna,1
,,,,1100=,Kiaya,1
,,,,1100=,Kierah,1
,,,,1100=,Kieran,1
,,,,1100=,Kierra,1
,,,,1100=,Kim-Louise,1
,,,,1100=,Kimberlee,1
,,,,1100=,Kimberleigh,1
,,,,1100=,Kimberrey,1
,,,,1100=,Kira,1
,,,,1100=,Kirandeep,1
,,,,1100=,Kiri,1
,,,,1100=,Kirndeep,1
,,,,1100=,Kirren,1
,,,,1100=,Kirstie-Louise,1
,,,,1100=,Kirstie-Marie,1
,,,,1100=,Kirsty-Anne,1
,,,,1100=,Kirsty-Lee,1
,,,,1100=,Kirstyann,1
,,,,1100=,Kirstyanne,1
,,,,1100=,Kirstylee,1
,,,,1100=,Kismit,1
,,,,1100=,Kitrina,1
,,,,1100=,Kitty,1
,,,,1100=,Kizmet,1
,,,,1100=,Kizzie,1
,,,,1100=,Kolsuma,1
,,,,1100=,Kora,1
,,,,1100=,Koral,1
,,,,1100=,Koren,1
,,,,1100=,Krissy,1
,,,,1100=,Kristianne,1
,,,,1100=,Kristin,1
,,,,1100=,Kristine,1
,,,,1100=,Krystel,1
,,,,1100=,Krystie,1
,,,,1100=,Kulsum,1
,,,,1100=,Kye,1
,,,,1100=,Kymberlie,1
,,,,1100=,Kymberly,1
,,,,1100=,Kymi,1
,,,,1100=,Kyomi,1
,,,,1100=,Kyra,1
,,,,1100=,Kyrshia,1
,,,,1100=,Kyrsten,1
,,,,1100=,L'ann,1
,,,,1100=,Labiba,1
,,,,1100=,Lacie,1
,,,,1100=,Lama,1
,,,,1100=,Lamia,1
,,,,1100=,Landana,1
,,,,1100=,Lanya,1
,,,,1100=,Lara-Jade,1
,,,,1100=,Laraib,1
,,,,1100=,Laura-Rose,1
,,,,1100=,Lauraanne,1
,,,,1100=,Lauran,1
,,,,1100=,Laurel,1
,,,,1100=,Lauren-Jane,1
,,,,1100=,Laurena,1
,,,,1100=,Laurenne,1
,,,,1100=,Laurey,1
,,,,1100=,Laurie-Ann,1
,,,,1100=,Laurien,1
,,,,1100=,Lauris,1
,,,,1100=,Lavender,1
,,,,1100=,Lavinia,1
,,,,1100=,Lawren,1
,,,,1100=,Layiah,1
,,,,1100=,Leah-Anne,1
,,,,1100=,Lechelle,1
,,,,1100=,Lecia,1
,,,,1100=,Leea,1
,,,,1100=,Leeanna,1
,,,,1100=,Leesa,1
,,,,1100=,Leeza,1
,,,,1100=,Leigh-Shyvonne,1
,,,,1100=,Leighsa,1
,,,,1100=,Leilah,1
,,,,1100=,Lenka,1
,,,,1100=,Lennox,1
,,,,1100=,Leone,1
,,,,1100=,Leonia,1
,,,,1100=,Leonnie,1
,,,,1100=,Leonore,1
,,,,1100=,Lesa,1
,,,,1100=,Letaya,1
,,,,1100=,Lewis,1
,,,,1100=,Leyana,1
,,,,1100=,Leyanne,1
,,,,1100=,Leytasha,1
,,,,1100=,Li-Qi,1
,,,,1100=,Lia,1
,,,,1100=,Lian,1
,,,,1100=,Libby,1
,,,,1100=,Liberty,1
,,,,1100=,Lidia,1
,,,,1100=,Lieba,1
,,,,1100=,Lila,1
,,,,1100=,Lillian,1
,,,,1100=,Lilly,1
,,,,1100=,Lina,1
,,,,1100=,Linden,1
,,,,1100=,Lindi,1
,,,,1100=,Lindis,1
,,,,1100=,Linn,1
,,,,1100=,Linnette,1
,,,,1100=,Linzey,1
,,,,1100=,Linzy,1
,,,,1100=,Lisa-Marion,1
,,,,1100=,Lisa-Marrie,1
,,,,1100=,Liska,1
,,,,1100=,Liusa,1
,,,,1100=,Liusaidh,1
,,,,1100=,Liza-Marie,1
,,,,1100=,Logan,1
,,,,1100=,Loise,1
,,,,1100=,Loraine,1
,,,,1100=,Lorina,1
,,,,1100=,Lorrae,1
,,,,1100=,Lorri-Ann,1
,,,,1100=,Lorrin,1
,,,,1100=,Loryn,1
,,,,1100=,Lotta,1
,,,,1100=,Lottie,1
,,,,1100=,Loueis,1
,,,,1100=,Louisajayne,1
,,,,1100=,Louise-Marie,1
,,,,1100=,Lowis,1
,,,,1100=,Luanne,1
,,,,1100=,Lubna,1
,,,,1100=,Lucette,1
,,,,1100=,Luci,1
,,,,1100=,Luciana,1
,,,,1100=,Lucienne,1
,,,,1100=,Lucille,1
,,,,1100=,Luckwinder,1
,,,,1100=,Lucretia,1
,,,,1100=,Lucynda,1
,,,,1100=,Luisza,1
,,,,1100=,Luluah,1
,,,,1100=,Luscha,1
,,,,1100=,Lyndie,1
,,,,1100=,Lyndzy,1
,,,,1100=,Lynelle,1
,,,,1100=,Lynmarie,1
,,,,1100=,Lynnsey,1
,,,,1100=,Lynore,1
,,,,1100=,Lynsi,1
,,,,1100=,Lynsy,1
,,,,1100=,Lynzay,1
,,,,1100=,Lynzie,1
,,,,1100=,Lynzy,1
,,,,1100=,Lysette,1
,,,,1100=,Lyteila,1
,,,,1100=,Maariyah,1
,,,,1100=,Madaleine,1
,,,,1100=,Madalene,1
,,,,1100=,Maddia,1
,,,,1100=,Madeeha,1
,,,,1100=,Madiha,1
,,,,1100=,Madihah,1
,,,,1100=,Maedhbh,1
,,,,1100=,Maegan,1
,,,,1100=,Maeve,1
,,,,1100=,Maggie,1
,,,,1100=,Maha,1
,,,,1100=,Mahdiah,1
,,,,1100=,Maheen,1
,,,,1100=,Mahreen,1
,,,,1100=,Mahrukh,1
,,,,1100=,Mahtab,1
,,,,1100=,Maigen,1
,,,,1100=,Maimonah,1
,,,,1100=,Maimoona,1
,,,,1100=,Mair,1
,,,,1100=,Maire,1
,,,,1100=,Mairhead,1
,,,,1100=,Mairi-Clare,1
,,,,1100=,Mairin,1
,,,,1100=,Mairina,1
,,,,1100=,Majda,1
,,,,1100=,Makaila,1
,,,,1100=,Malie,1
,,,,1100=,Malissa,1
,,,,1100=,Man,1
,,,,1100=,Manal,1
,,,,1100=,Mandie,1
,,,,1100=,Maninder,1
,,,,1100=,Manjit,1
,,,,1100=,Manpreet,1
,,,,1100=,Manuela,1
,,,,1100=,Mara,1
,,,,1100=,Marbeth,1
,,,,1100=,Margaret-Ann,1
,,,,1100=,Margo,1
,,,,1100=,Mari-Ann,1
,,,,1100=,Mariann,1
,,,,1100=,Marianna,1
,,,,1100=,Marie-Ann,1
,,,,1100=,Marie-Cecile,1
,,,,1100=,Marieanne,1
,,,,1100=,Mariette,1
,,,,1100=,Marihah,1
,,,,1100=,Marisha,1
,,,,1100=,Marishka,1
,,,,1100=,Marley,1
,,,,1100=,Marna,1
,,,,1100=,Marriam,1
,,,,1100=,Marsaili,1
,,,,1100=,Marteen,1
,,,,1100=,Martessa,1
,,,,1100=,Marwah,1
,,,,1100=,Mary-Anne,1
,,,,1100=,Mary-Beth,1
,,,,1100=,Marya,1
,,,,1100=,Maryann,1
,,,,1100=,Maryjean,1
,,,,1100=,Marysia,1
,,,,1100=,Maryum,1
,,,,1100=,Maud,1
,,,,1100=,Maura,1
,,,,1100=,Maurica,1
,,,,1100=,Mavra,1
,,,,1100=,May,1
,,,,1100=,Maylei,1
,,,,1100=,Mayra,1
,,,,1100=,Maysim,1
,,,,1100=,Maythanee,1
,,,,1100=,Meaghan,1
,,,,1100=,Mechelle,1
,,,,1100=,Mee-Seon,1
,,,,1100=,Meegin,1
,,,,1100=,Megahn,1
,,,,1100=,Megan-Anne,1
,,,,1100=,Megean,1
,,,,1100=,Megen,1
,,,,1100=,Meghan-Rhos,1
,,,,1100=,Meghann,1
,,,,1100=,Mehek,1
,,,,1100=,Meherunnissa,1
,,,,1100=,Mehgan,1
,,,,1100=,Mehreen,1
,,,,1100=,Mei,1
,,,,1100=,Meighan,1
,,,,1100=,Meike,1
,,,,1100=,Melise,1
,,,,1100=,Mercedes,1
,,,,1100=,Mercy,1
,,,,1100=,Meriel,1
,,,,1100=,Mhairi-Ann,1
,,,,1100=,Mhairi-Anne,1
,,,,1100=,Mhairi-Claire,1
,,,,1100=,Mhairi-Elaine,1
,,,,1100=,Mhari-Ann,1
,,,,1100=,Mhegan,1
,,,,1100=,Mhorag,1
,,,,1100=,Miar,1
,,,,1100=,Micheala,1
,,,,1100=,Mikaela-Rose,1
,,,,1100=,Mike'la,1
,,,,1100=,Mikhaila,1
,,,,1100=,Millicent,1
,,,,1100=,Mireilla,1
,,,,1100=,Mireille,1
,,,,1100=,Mirelle,1
,,,,1100=,Mirisha,1
,,,,1100=,Mirka,1
,,,,1100=,Mirrin,1
,,,,1100=,Mischa,1
,,,,1100=,Mishale,1
,,,,1100=,Mishka,1
,,,,1100=,Mobeena,1
,,,,1100=,Mohsena,1
,,,,1100=,Momo,1
,,,,1100=,Moneka,1
,,,,1100=,Monika,1
,,,,1100=,Montana,1
,,,,1100=,Moon,1
,,,,1100=,Morena,1
,,,,1100=,Morrighan,1
,,,,1100=,Moynagh,1
,,,,1100=,Mukhlisa,1
,,,,1100=,Muneerah,1
,,,,1100=,Munibah,1
,,,,1100=,Murihah,1
,,,,1100=,Murul,1
,,,,1100=,Mylene,1
,,,,1100=,Mylissa,1
,,,,1100=,Myra,1
,,,,1100=,Myrah,1
,,,,1100=,Myriah,1
,,,,1100=,Naaila,1
,,,,1100=,Nabehiah,1
,,,,1100=,Nabiha,1
,,,,1100=,Nabilla,1
,,,,1100=,Nadiahali,1
,,,,1100=,Nadiene,1
,,,,1100=,Nadmi,1
,,,,1100=,Nafeesa,1
,,,,1100=,Nafisa,1
,,,,1100=,Nagina,1
,,,,1100=,Nahdia,1
,,,,1100=,Nahima,1
,,,,1100=,Naila,1
,,,,1100=,Nailah,1
,,,,1100=,Naiomi,1
,,,,1100=,Namdip,1
,,,,1100=,Naoimh,1
,,,,1100=,Narissa,1
,,,,1100=,Narmeen,1
,,,,1100=,Nasrin,1
,,,,1100=,Nastassja,1
,,,,1100=,Natacha,1
,,,,1100=,Natala,1
,,,,1100=,Natalee,1
,,,,1100=,Natascha,1
,,,,1100=,Natasha-Louise,1
,,,,1100=,Natassia,1
,,,,1100=,Nathania,1
,,,,1100=,Navdip,1
,,,,1100=,Navida,1
,,,,1100=,Nazirah,1
,,,,1100=,Neave,1
,,,,1100=,Neda,1
,,,,1100=,Neelam,1
,,,,1100=,Neidin,1
,,,,1100=,Neikol,1
,,,,1100=,Neilian,1
,,,,1100=,Neysha,1
,,,,1100=,Nia,1
,,,,1100=,Niala,1
,,,,1100=,Niamph,1
,,,,1100=,Niccole,1
,,,,1100=,Nichaela,1
,,,,1100=,Nickeeta,1
,,,,1100=,Nickeighla,1
,,,,1100=,Nicky,1
,,,,1100=,Nico,1
,,,,1100=,Nicoe,1
,,,,1100=,Nicolette,1
,,,,1100=,Nicoll,1
,,,,1100=,Nidah,1
,,,,1100=,Nieshba,1
,,,,1100=,Niketta,1
,,,,1100=,Niki,1
,,,,1100=,Nikitta,1
,,,,1100=,Niloo,1
,,,,1100=,Nimrit,1
,,,,1100=,Niomhi,1
,,,,1100=,Nisa,1
,,,,1100=,Nisba,1
,,,,1100=,Nisreen,1
,,,,1100=,Nissa,1
,,,,1100=,Nitika,1
,,,,1100=,Nobia,1
,,,,1100=,Noirin,1
,,,,1100=,Nola,1
,,,,1100=,Noor-E-Afshan,1
,,,,1100=,Noor-E-Sabbah,1
,,,,1100=,Nora,1
,,,,1100=,Norah,1
,,,,1100=,Nova,1
,,,,1100=,Nozomi,1
,,,,1100=,Nuala,1
,,,,1100=,Nur,1
,,,,1100=,Nura,1
,,,,1100=,Nyla,1
,,,,1100=,Obehioye,1
,,,,1100=,Odette,1
,,,,1100=,Oi,1
,,,,1100=,Ola,1
,,,,1100=,Olaa,1
,,,,1100=,Olga,1
,,,,1100=,Oluwafunke,1
,,,,1100=,Onar,1
,,,,1100=,Onya,1
,,,,1100=,Orchideh,1
,,,,1100=,Oriane,1
,,,,1100=,Orly,1
,,,,1100=,Ottalie,1
,,,,1100=,Oula,1
,,,,1100=,Ovinda,1
,,,,1100=,Page,1
,,,,1100=,Paige-Hollie,1
,,,,1100=,Paisley,1
,,,,1100=,Pallavi,1
,,,,1100=,Pamala,1
,,,,1100=,Paola,1
,,,,1100=,Pardeep,1
,,,,1100=,Parisa,1
,,,,1100=,Parris,1
,,,,1100=,Parrisa,1
,,,,1100=,Pascale,1
,,,,1100=,Pascalle,1
,,,,1100=,Patricia-Ann,1
,,,,1100=,Patrina,1
,,,,1100=,Patrycja,1
,,,,1100=,Paula-Michelle,1
,,,,1100=,Pavanpreet,1
,,,,1100=,Peggy,1
,,,,1100=,Peigi,1
,,,,1100=,Pemma,1
,,,,1100=,Pennie,1
,,,,1100=,Pepe-Marie,1
,,,,1100=,Perveen,1
,,,,1100=,Phern,1
,,,,1100=,Philipa,1
,,,,1100=,Piera,1
,,,,1100=,Pierina,1
,,,,1100=,Po,1
,,,,1100=,Poppy,1
,,,,1100=,Poppy-Lee,1
,,,,1100=,Prabjoyt,1
,,,,1100=,Priya,1
,,,,1100=,Qian,1
,,,,1100=,Qiu,1
,,,,1100=,Rabbia,1
,,,,1100=,Rabeaha,1
,,,,1100=,Rabu,1
,,,,1100=,Rachana,1
,,,,1100=,Racquel,1
,,,,1100=,Raegan,1
,,,,1100=,Raema,1
,,,,1100=,Ragen,1
,,,,1100=,Raghda,1
,,,,1100=,Rainer,1
,,,,1100=,Raisah,1
,,,,1100=,Raj-Kiran,1
,,,,1100=,Raja-Thilakam,1
,,,,1100=,Rajinder,1
,,,,1100=,Rajnish,1
,,,,1100=,Rajwant,1
,,,,1100=,Ramanjit,1
,,,,1100=,Ramona,1
,,,,1100=,Rana,1
,,,,1100=,Ranah,1
,,,,1100=,Raquell,1
,,,,1100=,Rashah,1
,,,,1100=,Rauni,1
,,,,1100=,Ravina,1
,,,,1100=,Ravneet,1
,,,,1100=,Rayanne,1
,,,,1100=,Rayhanah,1
,,,,1100=,Raynor,1
,,,,1100=,Reagan,1
,,,,1100=,Reagen,1
,,,,1100=,Reannan,1
,,,,1100=,Reanne,1
,,,,1100=,Rebbeca,1
,,,,1100=,Rebekha,1
,,,,1100=,Rebekkah,1
,,,,1100=,Rechelle,1
,,,,1100=,Redd,1
,,,,1100=,Reem,1
,,,,1100=,Refilwe,1
,,,,1100=,Rehanna,1
,,,,1100=,Reighanne,1
,,,,1100=,Reisha,1
,,,,1100=,Renatta,1
,,,,1100=,Renenet,1
,,,,1100=,Reonora,1
,,,,1100=,Rheanne,1
,,,,1100=,Rheece,1
,,,,1100=,Rhoda,1
,,,,1100=,Rhona-May,1
,,,,1100=,Rhonwyn,1
,,,,1100=,Rhudi,1
,,,,1100=,Rhyanna,1
,,,,1100=,Rhyannon,1
,,,,1100=,Riada,1
,,,,1100=,Riley,1
,,,,1100=,Rishika,1
,,,,1100=,Rita,1
,,,,1100=,Riyannah,1
,,,,1100=,Roanna,1
,,,,1100=,Robbyn,1
,,,,1100=,Robieann,1
,,,,1100=,Robyn-Lee,1
,,,,1100=,Robyne,1
,,,,1100=,Robynn,1
,,,,1100=,Robynne,1
,,,,1100=,Roccinne,1
,,,,1100=,Rodelle,1
,,,,1100=,Rogan,1
,,,,1100=,Rohanna,1
,,,,1100=,Rohanne,1
,,,,1100=,Roishe,1
,,,,1100=,Romana,1
,,,,1100=,Romilly,1
,,,,1100=,Romola,1
,,,,1100=,Romy,1
,,,,1100=,Ronja,1
,,,,1100=,Rosa,1
,,,,1100=,Rosalynd,1
,,,,1100=,Rosalynn,1
,,,,1100=,Rosamund,1
,,,,1100=,Rosanne,1
,,,,1100=,Rosasharon,1
,,,,1100=,Roseann,1
,,,,1100=,Roseienne,1
,,,,1100=,Rosey,1
,,,,1100=,Rosheen,1
,,,,1100=,Rosine,1
,,,,1100=,Roslynn,1
,,,,1100=,Ross,1
,,,,1100=,Rosy,1
,,,,1100=,Roxana,1
,,,,1100=,Roxann,1
,,,,1100=,Roxanna,1
,,,,1100=,Roxeanne,1
,,,,1100=,Roxi,1
,,,,1100=,Roxine,1
,,,,1100=,Royan,1
,,,,1100=,Rozalynne,1
,,,,1100=,Rozanna,1
,,,,1100=,Rozanne,1
,,,,1100=,Rozemarijn,1
,,,,1100=,Rozlyn,1
,,,,1100=,Rozlynn,1
,,,,1100=,Ruba,1
,,,,1100=,Rubina,1
,,,,1100=,Rudi,1
,,,,1100=,Ruhiyah,1
,,,,1100=,Rukhsana,1
,,,,1100=,Rumpa,1
,,,,1100=,Rumy,1
,,,,1100=,Rupinder,1
,,,,1100=,Ruqayyah,1
,,,,1100=,Rwan,1
,,,,1100=,Saadiya,1
,,,,1100=,Saaemah,1
,,,,1100=,Saba,1
,,,,1100=,Sabaa,1
,,,,1100=,Sabbah,1
,,,,1100=,Sabiah,1
,,,,1100=,Safiyah,1
,,,,1100=,Sagan,1
,,,,1100=,Saher,1
,,,,1100=,Sahira,1
,,,,1100=,Sahrish,1
,,,,1100=,Saimen,1
,,,,1100=,Saiqa,1
,,,,1100=,Sairaghlouise,1
,,,,1100=,Sakina,1
,,,,1100=,Salimah,1
,,,,1100=,Sally-Anne,1
,,,,1100=,Sama,1
,,,,1100=,Samah,1
,,,,1100=,Saman,1
,,,,1100=,Samantha-Jo,1
,,,,1100=,Samantha-Louise,1
,,,,1100=,Sameen,1
,,,,1100=,Sameera,1
,,,,1100=,Samera,1
,,,,1100=,Samihah,1
,,,,1100=,Samija,1
,,,,1100=,Samiyah,1
,,,,1100=,Samiyya,1
,,,,1100=,Sammantha,1
,,,,1100=,Sammi,1
,,,,1100=,Sammie,1
,,,,1100=,Sammy-Jo,1
,,,,1100=,Sammyjo,1
,,,,1100=,Sanaa,1
,,,,1100=,Sanam,1
,,,,1100=,Sandylee,1
,,,,1100=,Sanha,1
,,,,1100=,Sanna,1
,,,,1100=,Saphena,1
,,,,1100=,Sapphire,1
,,,,1100=,Sara-Jan,1
,,,,1100=,Sara-Terese,1
,,,,1100=,Sarah-Anne,1
,,,,1100=,Sarah-Jade,1
,,,,1100=,Sarah-Rose,1
,,,,1100=,Sarahjane,1
,,,,1100=,Sarajane,1
,,,,1100=,Sarina,1
,,,,1100=,Sarra,1
,,,,1100=,Sarraa,1
,,,,1100=,Sarupe,1
,,,,1100=,Sashkia,1
,,,,1100=,Satin,1
,,,,1100=,Savanna,1
,,,,1100=,Savita,1
,,,,1100=,Sayra,1
,,,,1100=,Sayrah,1
,,,,1100=,Scarlet,1
,,,,1100=,Sean'a,1
,,,,1100=,Seana,1
,,,,1100=,Selena,1
,,,,1100=,Senga,1
,,,,1100=,Seonade,1
,,,,1100=,Seonead,1
,,,,1100=,Seori,1
,,,,1100=,Seranne,1
,,,,1100=,Serkalem,1
,,,,1100=,Setuat,1
,,,,1100=,Seymone,1
,,,,1100=,Shabenna,1
,,,,1100=,Shadi,1
,,,,1100=,Shadia,1
,,,,1100=,Shafaq,1
,,,,1100=,Shahana,1
,,,,1100=,Shahd,1
,,,,1100=,Shahla,1
,,,,1100=,Shahnaz,1
,,,,1100=,Shailee,1
,,,,1100=,Shaima,1
,,,,1100=,Shaimaa,1
,,,,1100=,Shala,1
,,,,1100=,Shamha,1
,,,,1100=,Shamin,1
,,,,1100=,Shamsa,1
,,,,1100=,Shamshad,1
,,,,1100=,Shandell,1
,,,,1100=,Shaneen,1
,,,,1100=,Shanelle,1
,,,,1100=,Shaney,1
,,,,1100=,Shani,1
,,,,1100=,Shanice,1
,,,,1100=,Shaniece,1
,,,,1100=,Shanneh,1
,,,,1100=,Shannyn,1
,,,,1100=,Shara,1
,,,,1100=,Sharee,1
,,,,1100=,Shareyse,1
,,,,1100=,Sharmaine,1
,,,,1100=,Sharman,1
,,,,1100=,Sharna,1
,,,,1100=,Sharona,1
,,,,1100=,Shaswati,1
,,,,1100=,Shau,1
,,,,1100=,Shaun,1
,,,,1100=,Shauna-Lee,1
,,,,1100=,Shaunagh,1
,,,,1100=,Shauneen,1
,,,,1100=,Shaunessy,1
,,,,1100=,Shaunii,1
,,,,1100=,Shaunnah,1
,,,,1100=,Shaunni,1
,,,,1100=,Shaunnie,1
,,,,1100=,Shauny,1
,,,,1100=,Shawn,1
,,,,1100=,Shawny,1
,,,,1100=,Shayna,1
,,,,1100=,Shaza,1
,,,,1100=,Sheetal,1
,,,,1100=,Shellen,1
,,,,1100=,Shelley-Anne,1
,,,,1100=,Shelli,1
,,,,1100=,Shelly-Lee,1
,,,,1100=,Sheneela,1
,,,,1100=,Sheoban,1
,,,,1100=,Sheree-Anne,1
,,,,1100=,Sherice,1
,,,,1100=,Sherree,1
,,,,1100=,Sherri,1
,,,,1100=,Sherril,1
,,,,1100=,Sheryle,1
,,,,1100=,Sherylin,1
,,,,1100=,Shevaun,1
,,,,1100=,Shevon,1
,,,,1100=,Shevonne,1
,,,,1100=,Sheyvonne,1
,,,,1100=,Shiann,1
,,,,1100=,Shifra,1
,,,,1100=,Shifroh,1
,,,,1100=,Shing-Yi,1
,,,,1100=,Shiobhan,1
,,,,1100=,Shiona,1
,,,,1100=,Shira,1
,,,,1100=,Shirean,1
,,,,1100=,Shirelle,1
,,,,1100=,Shivonne,1
,,,,1100=,Shoana,1
,,,,1100=,Shonaid,1
,,,,1100=,Shondie,1
,,,,1100=,Shonna,1
,,,,1100=,Shonni,1
,,,,1100=,Shu,1
,,,,1100=,Shvonne,1
,,,,1100=,Shyvanna-Lee,1
,,,,1100=,Shyvonne,1
,,,,1100=,Sia,1
,,,,1100=,Siahnon,1
,,,,1100=,Sianne,1
,,,,1100=,Sidra,1
,,,,1100=,Sieann,1
,,,,1100=,Sigourney,1
,,,,1100=,Sigrid,1
,,,,1100=,Silje,1
,,,,1100=,Silk,1
,,,,1100=,Silvia,1
,,,,1100=,Simmone,1
,,,,1100=,Simon,1
,,,,1100=,Simran,1
,,,,1100=,Sin,1
,,,,1100=,Sinade,1
,,,,1100=,Sindy,1
,,,,1100=,Sine,1
,,,,1100=,Siobahn,1
,,,,1100=,Siobain,1
,,,,1100=,Siobhann,1
,,,,1100=,Siona,1
,,,,1100=,Sioned,1
,,,,1100=,Sitheag,1
,,,,1100=,Siwar,1
,,,,1100=,Smaira,1
,,,,1100=,Sobya,1
,,,,1100=,Sofeen,1
,,,,1100=,Sofie,1
,,,,1100=,Sofya,1
,,,,1100=,Sohaib,1
,,,,1100=,Soibhan,1
,,,,1100=,Sommer,1
,,,,1100=,Sonah,1
,,,,1100=,Sonnie,1
,,,,1100=,Sophie-Louise,1
,,,,1100=,Souhila,1
,,,,1100=,Stacey-Anne,1
,,,,1100=,Stacey-Lee,1
,,,,1100=,Staceyann,1
,,,,1100=,Staci-Lee,1
,,,,1100=,Stacia,1
,,,,1100=,Stacyanne,1
,,,,1100=,Star,1
,,,,1100=,Starrie,1
,,,,1100=,Steevi,1
,,,,1100=,Stefani,1
,,,,1100=,Stephanay,1
,,,,1100=,Stephanie-Jo,1
,,,,1100=,Stephi,1
,,,,1100=,Stephnie,1
,,,,1100=,Stern,1
,,,,1100=,Steven,1
,,,,1100=,Stoney,1
,,,,1100=,Storm,1
,,,,1100=,Stroma,1
,,,,1100=,Struan,1
,,,,1100=,Sub,1
,,,,1100=,Suckvinder,1
,,,,1100=,Sueanna,1
,,,,1100=,Suenita,1
,,,,1100=,Sui,1
,,,,1100=,Suilven,1
,,,,1100=,Suk,1
,,,,1100=,Sukhdev,1
,,,,1100=,Sukhvir,1
,,,,1100=,Sukinder,1
,,,,1100=,Sultana,1
,,,,1100=,Sumaiya,1
,,,,1100=,Sumarah,1
,,,,1100=,Sumaya,1
,,,,1100=,Sumayah,1
,,,,1100=,Sumera,1
,,,,1100=,Sumiyya,1
,,,,1100=,Sunia,1
,,,,1100=,Suraiya,1
,,,,1100=,Susie,1
,,,,1100=,Suzann,1
,,,,1100=,Suzelle,1
,,,,1100=,Suzette,1
,,,,1100=,Suzi,1
,,,,1100=,Sylvanie,1
,,,,1100=,Symone,1
,,,,1100=,Syrah,1
,,,,1100=,Taarna,1
,,,,1100=,Taegan,1
,,,,1100=,Tahnee,1
,,,,1100=,Taiba,1
,,,,1100=,Taibah,1
,,,,1100=,Taima,1
,,,,1100=,Talor,1
,,,,1100=,Tamala,1
,,,,1100=,Tamar,1
,,,,1100=,Tamaryne,1
,,,,1100=,Tamasin,1
,,,,1100=,Tamika,1
,,,,1100=,Tammi-Lee,1
,,,,1100=,Tamsyn,1
,,,,1100=,Tamzyn,1
,,,,1100=,Tanita,1
,,,,1100=,Tanith,1
,,,,1100=,Tanja,1
,,,,1100=,Tansy,1
,,,,1100=,Tanveer,1
,,,,1100=,Tapashree,1
,,,,1100=,Tarrah,1
,,,,1100=,Taslima,1
,,,,1100=,Tasmin,1
,,,,1100=,Tasniam,1
,,,,1100=,Tasnim,1
,,,,1100=,Tatania,1
,,,,1100=,Tay,1
,,,,1100=,Taylor-Jane,1
,,,,1100=,Teagan,1
,,,,1100=,Teniola,1
,,,,1100=,Tereen,1
,,,,1100=,Teressa,1
,,,,1100=,Terren,1
,,,,1100=,Terri-Ann,1
,,,,1100=,Terri-Leigh,1
,,,,1100=,Teryll,1
,,,,1100=,Tess,1
,,,,1100=,Tessa,1
,,,,1100=,Tessa-Jane,1
,,,,1100=,Teyana,1
,,,,1100=,Thaniya,1
,,,,1100=,Thomasena,1
,,,,1100=,Thomasina,1
,,,,1100=,Thyrza,1
,,,,1100=,Tiana,1
,,,,1100=,Tiayyibha,1
,,,,1100=,Tiffani-Rose,1
,,,,1100=,Tilley,1
,,,,1100=,Tilly,1
,,,,1100=,Tineke,1
,,,,1100=,Toni-Elaine,1
,,,,1100=,Toni-Louise,1
,,,,1100=,Toni-Marie,1
,,,,1100=,Toniann,1
,,,,1100=,Tonilee,1
,,,,1100=,Tonimarie,1
,,,,1100=,Tonnina,1
,,,,1100=,Tonnya,1
,,,,1100=,Tracie-Louise,1
,,,,1100=,Triona,1
,,,,1100=,Trixi,1
,,,,1100=,Trudie,1
,,,,1100=,Trudy,1
,,,,1100=,Tuesday,1
,,,,1100=,Tyiesha,1
,,,,1100=,Tyla,1
,,,,1100=,Tyler,1
,,,,1100=,Tyne,1
,,,,1100=,Umayzaki,1
,,,,1100=,Ummae,1
,,,,1100=,Urooj,1
,,,,1100=,Ursulla,1
,,,,1100=,Urszula,1
,,,,1100=,Urum,1
,,,,1100=,Uzma,1
,,,,1100=,Vahri,1
,,,,1100=,Vaila,1
,,,,1100=,Vassiliki,1
,,,,1100=,Vianna,1
,,,,1100=,Vicki-Louise,1
,,,,1100=,Victoria-Lynn,1
,,,,1100=,Vienna,1
,,,,1100=,Vikki-Ann,1
,,,,1100=,Viola,1
,,,,1100=,Violette,1
,,,,1100=,Vittoria,1
,,,,1100=,Wendy-Louise,1
,,,,1100=,Winifred,1
,,,,1100=,Xana,1
,,,,1100=,Xanthe,1
,,,,1100=,Ximena,1
,,,,1100=,Xue,1
,,,,1100=,Yardlie,1
,,,,1100=,Yasamin,1
,,,,1100=,Yaslynne,1
,,,,1100=,Yasra,1
,,,,1100=,Yazman,1
,,,,1100=,Yit,1
,,,,1100=,Yolanda,1
,,,,1100=,Ysamin,1
,,,,1100=,Yumna,1
,,,,1100=,Yusra,1
,,,,1100=,Yvanna,1
,,,,1100=,Yve,1
,,,,1100=,Zahrah,1
,,,,1100=,Zaibunnisa,1
,,,,1100=,Zainub,1
,,,,1100=,Zandia,1
,,,,1100=,Zandra,1
,,,,1100=,Zarah,1
,,,,1100=,Zaranne,1
,,,,1100=,Zarminah,1
,,,,1100=,Zaynib,1
,,,,1100=,Zeenat,1
,,,,1100=,Zenab,1
,,,,1100=,Zianab,1
,,,,1100=,Zirka,1
,,,,1100=,Zobia,1
,,,,1100=,Zoe-Louise,1
,,,,1100=,Zoha,1
,,,,1100=,Zohrah,1
,,,,1100=,Zsara,1
,,,,1100=,Zubeda,1
,,,,1100=,Zulekhah,1
,,,,,,
� Crown Copyright 2015,,,,,,
