Babies' first forenames: births registered in Scotland in 1999,,,,,,
,,,,,,
Information about the basis of the list can be found via the 'Babies' First Names' page on the National Records of Scotland website.,,,,,,
,,,,,,
Boys,,,,Girls,,
,,,,,,
Position,Name,Number of babies,,Position,Name,Number of babies
1,Jack,883,,1,Chloe,917
2,Lewis,784,,2,Rebecca,721
3,Ryan,735,,3,Emma,605
4,Cameron,699,,4,Lauren,602
5,Ross,619,,5,Amy,577
6,Andrew,576,,6,Caitlin,568
7,James,562,,7,Megan,566
8,Liam,554,,8,Rachel,507
9,Scott,495,,9,Erin,396
10,Jordan,494,,10,Sophie,385
11,Connor,491,,11,Emily,367
12,Callum,482,,12,Hannah,364
13,Matthew,468,,13,Sarah,331
14=,Kieran,434,,14,Nicole,314
14=,Kyle,434,,15=,Lucy,312
16,Jamie,414,,15=,Shannon,312
17,David,409,,17,Katie,270
18,Daniel,402,,18,Morgan,248
19,Michael,372,,19,Courtney,246
20,Adam,365,,20,Kirsty,244
21,Craig,344,,21=,Laura,228
22,Dylan,331,,21=,Olivia,228
23,John,315,,23,Eilidh,219
24,Sean,299,,24,Jennifer,199
25,Thomas,298,,25,Jade,194
26,Euan,288,,26,Niamh,189
27,Christopher,277,,27,Anna,176
28,Robert,274,,28,Holly,172
29,Nathan,273,,29,Heather,171
30,Calum,267,,30=,Louise,165
31,Ben,265,,30=,Natasha,165
32=,Alexander,257,,32,Rachael,163
32=,Fraser,257,,33,Robyn,157
34,Ewan,254,,34,Ellie,153
35,Declan,234,,35,Aimee,148
36,Mark,230,,36,Taylor,147
37,William,222,,37,Abbie,146
38,Robbie,214,,38,Georgia,143
39,Aaron,210,,39,Bethany,142
40,Aidan,189,,40=,Samantha,141
41,Reece,181,,40=,Zoe,141
42,Joshua,179,,42,Chelsea,140
43,Steven,178,,43,Natalie,139
44=,Lee,176,,44,Danielle,136
44=,Paul,176,,45,Melissa,135
46,Brandon,173,,46,Charlotte,134
47,Samuel,168,,47=,Jessica,130
48,Joseph,162,,47=,Kayleigh,130
49,Owen,156,,47=,Stephanie,130
50,Stuart,153,,50,Gemma,124
51,Shaun,146,,51,Claire,123
52,Luke,144,,52,Iona,122
53,Jonathan,140,,53,Beth,119
54,Stephen,135,,54=,Abigail,111
55=,Josh,134,,54=,Elizabeth,111
55=,Rory,134,,56,Cara,110
57,Conor,132,,57=,Leah,108
58,Sam,128,,57=,Nicola,108
59,Blair,126,,59,Amber,104
60,Gregor,123,,60,Lisa,101
61,Finlay,121,,61,Victoria,100
62,Darren,119,,62,Jodie,98
63,Harry,118,,63,Lauryn,93
64,Rhys,117,,64=,Fiona,88
65,Dean,106,,64=,Molly,88
66,Jake,101,,66,Isla,84
67,Benjamin,98,,67,Kelsey,82
68,Ronan,97,,68,Brooke,81
69,Greg,94,,69,Mhairi,76
70,Jay,93,,70,Demi,75
71=,Angus,92,,71,Jenna,74
71=,Jason,92,,72=,Alexandra,73
73,Ciaran,91,,72=,Ciara,73
74,Morgan,86,,72=,Kirsten,73
75=,Ethan,84,,75=,Alice,69
75=,Grant,84,,75=,Jordan,69
75=,Peter,84,,77,Eve,68
78,Marc,82,,78=,Ashley,66
79,Murray,77,,78=,Paige,66
80,Martin,74,,80,Carly,65
81,Patrick,73,,81,Catherine,64
82,Logan,71,,82=,Ashleigh,62
83,Bradley,70,,82=,Catriona,62
84=,Gary,69,,84=,Caitlyn,61
84=,Jacob,69,,84=,Grace,61
86,Taylor,68,,84=,Kimberley,61
87=,Duncan,65,,87=,Chantelle,60
87=,Max,65,,87=,Katherine,60
89=,Charles,64,,89,Carla,57
89=,Iain,64,,90=,Abby,55
89=,Kevin,64,,90=,Toni,55
92=,Alan,62,,92,Rebekah,54
92=,Alistair,62,,93=,Alana,50
94,Anthony,61,,93=,Kathryn,50
95,Aiden,59,,95,Meghan,49
96,Stewart,58,,96,Joanna,48
97=,George,57,,97=,Ailsa,47
97=,Nicholas,57,,97=,Ellen,47
99,Ian,55,,97=,Jasmine,47
100=,Louis,54,,97=,Kaitlyn,47
100=,Marcus,54,,97=,Morven,47
100=,Mitchell,54,,102=,Kate,46
103,Arran,53,,102=,Kerry,46
104,Alasdair,52,,102=,Kiera,46
105=,Joe,50,,102=,Rowan,46
105=,Kai,50,,102=,Siobhan,46
105=,Keir,50,,107,Skye,45
108=,Gavin,49,,108=,Eleanor,44
108=,Neil,49,,108=,Rhiannon,44
110,Dominic,48,,108=,Rosie,44
111,Leon,47,,108=,Sara,44
112=,Charlie,44,,112,Hollie,43
112=,Mohammed,44,,113=,Alisha,42
112=,Oliver,44,,113=,Mairi,42
115=,Conner,43,,115=,Jemma,41
115=,Tyler,43,,115=,Kelly,41
117=,Colin,42,,117=,Alison,40
117=,Douglas,42,,117=,Maria,40
117=,Evan,42,,119=,Lara,39
117=,Hamish,42,,119=,Leanne,39
117=,Ruairidh,42,,119=,Naomi,39
122=,Calvin,41,,122,Zara,38
122=,Richard,41,,123=,Cerys,37
124,Keiran,40,,123=,Kaitlin,37
125,Brian,39,,123=,Michaela,37
126=,Bruce,36,,123=,Orla,37
126=,Corey,36,,123=,Ruth,37
126=,Graham,36,,128=,Freya,35
129=,Brendan,35,,128=,Hayley,35
129=,Greig,35,,128=,Nadia,35
131=,Alastair,33,,128=,Phoebe,35
131=,Brodie,33,,132=,Brogan,34
133=,Innes,32,,132=,Elise,34
133=,Mohammad,32,,132=,Helen,34
133=,Niall,32,,135=,Clare,33
133=,Struan,32,,135=,Michelle,33
137,Campbell,31,,137=,Alex,32
138=,Billy,30,,137=,Amanda,32
138=,Dillon,30,,137=,Jamie,32
138=,Edward,30,,137=,Katy,32
138=,Fergus,30,,137=,Shona,32
138=,Kerr,30,,142=,Adele,31
143=,Graeme,29,,142=,Gillian,31
143=,Tom,29,,142=,Kara,31
145=,Glen,28,,145=,Charley,30
145=,Joel,28,,145=,Ellis,30
147=,Alex,27,,145=,Kathleen,30
147=,Gordon,27,,145=,Lois,30
147=,Harris,27,,145=,Yasmin,30
150=,Bailey,26,,150=,Dana,29
150=,Dale,26,,150=,Elle,29
150=,Elliot,26,,150=,Julia,29
150=,Regan,26,,150=,Katrina,29
154=,Allan,25,,150=,Leigh,29
154=,Donald,25,,155=,Eva,28
154=,Findlay,25,,155=,Mary,28
154=,Lachlan,25,,155=,Neve,28
154=,Philip,25,,158=,Alanna,27
159,Frazer,24,,158=,Alicia,27
160=,Caleb,23,,158=,Antonia,27
160=,Drew,23,,158=,Charlie,27
160=,Kenneth,23,,158=,Daisy,27
160=,Ruaridh,23,,158=,Dionne,27
164=,Henry,22,,158=,Roisin,27
164=,Lucas,22,,158=,Stacey,27
164=,Mathew,22,,166=,Abbey,26
167,Arron,21,,166=,Amie,26
168=,Brad,20,,166=,Becky,26
168=,Hugh,20,,166=,Gabrielle,26
168=,Isaac,20,,166=,Imogen,26
168=,Jon,20,,166=,Lorna,26
168=,Muhammad,20,,166=,Melanie,26
168=,Reiss,20,,166=,Sophia,26
168=,Zak,20,,174=,Abbi,25
175=,Archie,19,,174=,Caroline,25
175=,Barry,19,,174=,Connie,25
177=,Kieren,18,,174=,Karen,25
177=,Shane,18,,174=,Mia,25
179=,Harrison,17,,174=,Tia,25
179=,Harvey,17,,180=,Bryony,24
179=,Jordon,17,,180=,Christie,24
182=,Derek,16,,180=,Christy,24
182=,Ellis,16,,180=,Hope,24
182=,Ewen,16,,180=,Rhona,24
182=,Finn,16,,180=,Shelby,24
182=,Garry,16,,186=,Andrea,23
182=,Kieron,16,,186=,Annie,23
182=,Kristopher,16,,186=,Billie,23
182=,Robin,16,,186=,Madeleine,23
182=,Simon,16,,190=,Alix,22
191=,Bryan,15,,190=,Carrie,22
191=,Darryl,15,,190=,Isabella,22
191=,Gabriel,15,,190=,Joanne,22
191=,Justin,15,,190=,Sally,22
191=,Mason,15,,190=,Shania,22
191=,Stefan,15,,196=,Britney,21
197=,Curtis,14,,196=,Brittany,21
197=,Rowan,14,,196=,Christina,21
197=,Russell,14,,196=,Francesca,21
197=,Tony,14,,196=,Jane,21
201=,Antony,13,,196=,Kayla,21
201=,Elliott,13,,196=,Kirstie,21
201=,Kris,13,,196=,Lori,21
201=,Maxwell,13,,196=,Nina,21
205=,Brett,12,,196=,Tamara,21
205=,Jonathon,12,,206=,Alannah,20
205=,Lloyd,12,,206=,Brooklyn,20
205=,Malcolm,12,,206=,Carys,20
205=,Saul,12,,206=,Georgina,20
210=,Austin,11,,206=,Hazel,20
210=,Bobby,11,,206=,India,20
210=,Callan,11,,206=,Julie,20
210=,Daryl,11,,206=,Kira,20
210=,Finley,11,,206=,Kirstin,20
210=,Gareth,11,,206=,Sinead,20
210=,Jed,11,,206=,Tiegan,20
210=,Lyle,11,,217=,Casey,19
210=,Ruari,11,,217=,Jenny,19
210=,Timothy,11,,217=,Keira,19
210=,Zachary,11,,217=,Leona,19
221=,Adrian,10,,217=,Saskia,19
221=,Ali,10,,217=,Shauna,19
221=,Christian,10,,217=,Tammy,19
221=,Cole,10,,217=,Tara,19
221=,Hayden,10,,225=,Bethan,18
221=,Keith,10,,225=,Bronwyn,18
221=,Kelvin,10,,225=,Claudia,18
221=,Mackenzie,10,,225=,Ella,18
221=,Marco,10,,225=,Flora,18
221=,Nathaniel,10,,225=,Katelyn,18
221=,Oscar,10,,225=,Kerri,18
221=,Zain,10,,225=,Kimberly,18
233=,Danny,9,,233=,Eden,17
233=,Eoin,9,,233=,Jordyn,17
233=,Francis,9,,233=,Simone,17
233=,Guy,9,,233=,Tegan,17
233=,Hamza,9,,237=,Amelia,16
233=,Jak,9,,237=,Lynsey,16
233=,Johnathan,9,,237=,Maya,16
233=,Lennon,9,,237=,Mollie,16
233=,Magnus,9,,237=,Poppy,16
233=,Maximilian,9,,237=,Ruby,16
233=,Nico,9,,237=,Sian,16
233=,Zack,9,,237=,Susan,16
245=,Abdul,8,,245=,Ami,15
245=,Chris,8,,245=,Helena,15
245=,Damon,8,,245=,Kelsie,15
245=,Eoghan,8,,245=,Lily,15
245=,Hassan,8,,245=,Lindsay,15
245=,Jackson,8,,245=,Monica,15
245=,Kristofer,8,,245=,Nadine,15
245=,Leo,8,,245=,Nikki,15
245=,Louie,8,,253=,Anne,14
245=,Macaulay,8,,253=,Carmen,14
245=,Martyn,8,,253=,Chelsey,14
245=,Myles,8,,253=,Deborah,14
245=,Noah,8,,253=,Laurie,14
245=,Reuben,8,,253=,Mirren,14
245=,Ricky,8,,253=,Rosemary,14
245=,Ruaraidh,8,,253=,Sasha,14
245=,Toby,8,,253=,Shelley,14
245=,Tommy,8,,262=,Angela,13
263=,Antonio,7,,262=,Annabel,13
263=,Benedict,7,,262=,Brodie,13
263=,Blaine,7,,262=,Cameron,13
263=,Blake,7,,262=,Charlene,13
263=,Brogan,7,,262=,Faye,13
263=,Bryce,7,,262=,Jacqueline,13
263=,Byron,7,,262=,Jillian,13
263=,Colm,7,,262=,Kiara,13
263=,Corrie,7,,262=,Kyra,13
263=,Glenn,7,,262=,Lindsey,13
263=,Gregory,7,,262=,Louisa,13
263=,Kane,7,,262=,Millie,13
263=,Karl,7,,262=,Rose,13
263=,Kurt,7,,262=,Summer,13
263=,Luis,7,,277=,Aisha,12
263=,Omar,7,,277=,Alexandria,12
263=,Raymond,7,,277=,Dayna,12
263=,Rohan,7,,277=,Eloise,12
263=,Ronald,7,,277=,Erica,12
263=,Sandy,7,,277=,Fern,12
263=,Shay,7,,277=,Jamie-Lee,12
263=,Theo,7,,277=,Jodi,12
263=,Usman,7,,277=,Josephine,12
263=,Zac,7,,277=,Karis,12
263=,Zach,7,,277=,Kim,12
288=,Adil,6,,277=,Maryam,12
288=,Ayden,6,,289=,Anya,11
288=,Brendon,6,,289=,Briony,11
288=,Clark,6,,289=,Danni,11
288=,Corin,6,,289=,Darcy,11
288=,Dillan,6,,289=,Dion,11
288=,Eric,6,,289=,Kayley,11
288=,Hugo,6,,289=,Kerrie,11
288=,Jared,6,,289=,Levi,11
288=,Josef,6,,289=,Linzi,11
288=,Keenan,6,,289=,Nikita,11
288=,Keiron,6,,289=,Rhianna,11
288=,Laurence,6,,289=,Sacha,11
288=,Lawrence,6,,289=,Savannah,11
288=,Lorne,6,,289=,Susannah,11
288=,Luca,6,,289=,Suzanne,11
288=,Rian,6,,289=,Tyler,11
288=,Ritchie,6,,305=,Ainsley,10
288=,Roderick,6,,305=,Allana,10
288=,Ronnie,6,,305=,Ava,10
288=,Ruairi,6,,305=,Charis,10
288=,Sebastian,6,,305=,Chiara,10
288=,Todd,6,,305=,Collette,10
288=,Vincent,6,,305=,Esme,10
288=,Zeeshan,6,,305=,Frances,10
313=,Aedan,5,,305=,Harriet,10
313=,Ahmed,5,,305=,Jasmin,10
313=,Anton,5,,305=,Kirstyn,10
313=,Brent,5,,305=,Lana,10
313=,Bryn,5,,305=,Maia,10
313=,Cailean,5,,305=,Mairead,10
313=,Cal,5,,305=,Margaret,10
313=,Cavan,5,,305=,Marie,10
313=,Cody,5,,305=,Martha,10
313=,Conall,5,,305=,Miriam,10
313=,Connel,5,,305=,Tayler,10
313=,Cooper,5,,305=,Terri,10
313=,Cory,5,,325=,Ally,9
313=,Danyal,5,,325=,Alyssa,9
313=,Darius,5,,325=,Angel,9
313=,Darrell,5,,325=,Ann,9
313=,Declyn,5,,325=,Aoife,9
313=,Dexter,5,,325=,April,9
313=,Fionn,5,,325=,Ashlyn,9
313=,Frank,5,,325=,Cally,9
313=,Haroon,5,,325=,Charly,9
313=,Haydn,5,,325=,Chelsie,9
313=,Humza,5,,325=,Cheyenne,9
313=,Jai,5,,325=,Codie,9
313=,Kian,5,,325=,Colleen,9
313=,Laurie,5,,325=,Daniella,9
313=,Lochlan,5,,325=,Demi-Lee,9
313=,Milo,5,,325=,Gail,9
313=,Mitchel,5,,325=,Georgie,9
313=,Murdo,5,,325=,Honor,9
313=,Nicky,5,,325=,Jamie-Leigh,9
313=,Nicol,5,,325=,Jo,9
313=,Oisin,5,,325=,Keri,9
313=,Owain,5,,325=,Leila,9
313=,Ramsay,5,,325=,Maisie,9
313=,Riccardo,5,,325=,Regan,9
313=,Salman,5,,325=,Rhianne,9
313=,Scot,5,,325=,Saffron,9
313=,Shawn,5,,325=,Stella,9
313=,Sohaib,5,,352=,Alanah,8
313=,Solomon,5,,352=,Alina,8
313=,Spencer,5,,352=,Andi,8
313=,Theodore,5,,352=,Aqsa,8
313=,Tristan,5,,352=,Bernadette,8
313=,Troy,5,,352=,Caragh,8
313=,Warren,5,,352=,Chanelle,8
359=,Aaran,4,,352=,Charli,8
359=,Aarron,4,,352=,Christine,8
359=,Alec,4,,352=,Cody,8
359=,Alfred,4,,352=,Colette,8
359=,Alister,4,,352=,Dawn,8
359=,Archibald,4,,352=,Eryn,8
359=,Bilal,4,,352=,Gabriella,8
359=,Cade,4,,352=,Jill,8
359=,Cain,4,,352=,Karina,8
359=,Casey,4,,352=,Larissa,8
359=,Cieran,4,,352=,Lea,8
359=,Conal,4,,352=,Leonie,8
359=,Conlan,4,,352=,Lyndsay,8
359=,Conrad,4,,352=,Murron,8
359=,Damien,4,,352=,Pamela,8
359=,Dan,4,,352=,Paula,8
359=,Dennis,4,,352=,Rosa,8
359=,Derry,4,,352=,Sorcha,8
359=,Dion,4,,352=,Stacie,8
359=,Eden,4,,352=,Yvonne,8
359=,Frederick,4,,379=,Adelle,7
359=,Jakob,4,,379=,Ailidh,7
359=,Jan,4,,379=,Ailie,7
359=,John-Paul,4,,379=,Allanah,7
359=,Jonah,4,,379=,Ana,7
359=,Jude,4,,379=,Bobbi,7
359=,Julian,4,,379=,Callie,7
359=,Kamal,4,,379=,Celine,7
359=,Kristoffer,4,,379=,Cheryl,7
359=,Kyran,4,,379=,Corrie,7
359=,Luc,4,,379=,Darcie,7
359=,Matt,4,,379=,Ebony,7
359=,Mikey,4,,379=,Eirinn,7
359=,Nairn,4,,379=,Elena,7
359=,Oran,4,,379=,Elisabeth,7
359=,Phillip,4,,379=,Iqra,7
359=,Qasim,4,,379=,Jayde,7
359=,Reagan,4,,379=,Jody,7
359=,Rhyan,4,,379=,Juliet,7
359=,Rikki,4,,379=,Kari,7
359=,Ronin,4,,379=,Karla,7
359=,Saif,4,,379=,Karly,7
359=,Sanjay,4,,379=,Katharine,7
359=,Sohail,4,,379=,Kelsea,7
359=,Sonny,4,,379=,Kristy,7
359=,Stanley,4,,379=,Lia,7
359=,Syed,4,,379=,Lucia,7
359=,Tomas,4,,379=,Lucie,7
359=,Tyrone,4,,379=,Lyndsey,7
359=,Wallace,4,,379=,Mariam,7
359=,Wayne,4,,379=,Marina,7
410=,Abbas,3,,379=,Maxine,7
410=,Alisdair,3,,379=,Meaghan,7
410=,Amir,3,,379=,Miranda,7
410=,Andre,3,,379=,Rhea,7
410=,Aodhan,3,,379=,Rona,7
410=,Aron,3,,379=,Roslyn,7
410=,Arthur,3,,379=,Serena,7
410=,Ashley,3,,379=,Shannan,7
410=,Aymen,3,,379=,Sofia,7
410=,Baillie,3,,379=,Tanya,7
410=,Brady,3,,379=,Teigan,7
410=,Brandon-Lee,3,,379=,Tiffany,7
410=,Brandyn,3,,379=,Vicki,7
410=,Carlos,3,,379=,Wendy,7
410=,Chay,3,,379=,Zahra,7
410=,Che,3,,379=,Zainab,7
410=,Coll,3,,426=,Aine,6
410=,Conan,3,,426=,Aleena,6
410=,Corran,3,,426=,Aminah,6
410=,Daanyaal,3,,426=,Ayesha,6
410=,Dalton,3,,426=,Bonnie,6
410=,Damian,3,,426=,Cailin,6
410=,Dane,3,,426=,Carolyn,6
410=,Dario,3,,426=,Chanel,6
410=,Dariusz,3,,426=,Courteney,6
410=,Daryll,3,,426=,Diane,6
410=,Declin,3,,426=,Donna,6
410=,Denny,3,,426=,Eireann,6
410=,Dermot,3,,426=,Ellise,6
410=,Devin,3,,426=,Islay,6
410=,Devlin,3,,426=,Isobel,6
410=,Fabio,3,,426=,Jessie,6
410=,Felix,3,,426=,Jocelyn,6
410=,Flynn,3,,426=,Kennedy,6
410=,Frankie,3,,426=,Keryn,6
410=,Gerard,3,,426=,Kristi,6
410=,Gianluca,3,,426=,Leia,6
410=,Giovanni,3,,426=,Libby,6
410=,Hadyn,3,,426=,Linda,6
410=,Hasan,3,,426=,Marianne,6
410=,Ibraheem,3,,426=,Marisa,6
410=,Jac,3,,426=,Meg,6
410=,Jacques,3,,426=,Mikaela,6
410=,Jae,3,,426=,Mirin,6
410=,Jonothan,3,,426=,Monique,6
410=,Jorden,3,,426=,Paris,6
410=,Ka,3,,426=,Rochelle,6
410=,Kade,3,,426=,Sadie,6
410=,Kalvin,3,,426=,Saoirse,6
410=,Kameron,3,,426=,Sophy,6
410=,Keelan,3,,426=,Tamsin,6
410=,Kenan,3,,426=,Tamzin,6
410=,Kier,3,,426=,Tessa,6
410=,Kiran,3,,426=,Thea,6
410=,Kirk,3,,426=,Vanessa,6
410=,Kristian,3,,465=,Adrienne,5
410=,Kye,3,,465=,Ailish,5
410=,Lauchlan,3,,465=,Aisling,5
410=,Leigh,3,,465=,Andie,5
410=,Leighton,3,,465=,Ariana,5
410=,Leonard,3,,465=,Bethanie,5
410=,Levi,3,,465=,Breagha,5
410=,Lochlann,3,,465=,Bree,5
410=,Mario,3,,465=,Caitlan,5
410=,Miles,3,,465=,Carina,5
410=,Miller,3,,465=,Carli,5
410=,Moray,3,,465=,Cassie,5
410=,Nathanael,3,,465=,Ceira,5
410=,Nick,3,,465=,Ceri,5
410=,Nicolas,3,,465=,Chantel,5
410=,Nino,3,,465=,Darby,5
410=,Norman,3,,465=,Daria,5
410=,Padraig,3,,465=,Deanna,5
410=,Paolo,3,,465=,Demi-Leigh,5
410=,Pearse,3,,465=,Denise,5
410=,Riley,3,,465=,Eilish,5
410=,Rob,3,,465=,Elaine,5
410=,Robson,3,,465=,Elli,5
410=,Ruadhan,3,,465=,Emilie,5
410=,Ruadhri,3,,465=,Emma-Louise,5
410=,Ruben,3,,465=,Erika,5
410=,Sammy,3,,465=,Erinn,5
410=,Sean-Paul,3,,465=,Evie,5
410=,Shayne,3,,465=,Faith,5
410=,Shea,3,,465=,Felicity,5
410=,Shoaib,3,,465=,Florence,5
410=,Subhan,3,,465=,Hanna,5
410=,Torin,3,,465=,Hayleigh,5
410=,Tye,3,,465=,Jaimee,5
410=,Zakariya,3,,465=,Joy,5
500=,Adeel,2,,465=,Juliette,5
500=,Adem,2,,465=,Katlin,5
500=,Adnan,2,,465=,Kay,5
500=,Ahsan,2,,465=,Keavy,5
500=,Alessio,2,,465=,Keely,5
500=,Alexandre,2,,465=,Kendal,5
500=,Alfie,2,,465=,Kendra,5
500=,Allister,2,,465=,Kirsteen,5
500=,Aman,2,,465=,Kristen,5
500=,Andy,2,,465=,Kristie,5
500=,Aqib,2,,465=,Linsey,5
500=,Aran,2,,465=,Madeline,5
500=,Arin,2,,465=,Madison,5
500=,Arjun,2,,465=,Marissa,5
500=,Asa,2,,465=,Melody,5
500=,Asim,2,,465=,Mhari,5
500=,Atholl,2,,465=,Mya,5
500=,Aydon,2,,465=,Natalia,5
500=,Bailley,2,,465=,Orlagh,5
500=,Barnaby,2,,465=,Philippa,5
500=,Barrie,2,,465=,Raegan,5
500=,Benn,2,,465=,Reagan,5
500=,Blaire,2,,465=,Rebekka,5
500=,Blayre,2,,465=,Rhian,5
500=,Branden,2,,465=,Sharon,5
500=,Brody,2,,465=,Shelly,5
500=,Brogen,2,,465=,Sheryl,5
500=,Bryden,2,,465=,Simran,5
500=,Bryon,2,,465=,Stevie,5
500=,Caelan,2,,465=,Theresa,5
500=,Caelen,2,,465=,Veronica,5
500=,Calam,2,,465=,Yasmine,5
500=,Calder,2,,532=,Abi,4
500=,Caley,2,,532=,Abigael,4
500=,Carl,2,,532=,Aileen,4
500=,Carter,2,,532=,Ailis,4
500=,Charly,2,,532=,Ainslie,4
500=,Chi,2,,532=,Aliyah,4
500=,Cian,2,,532=,Alyx,4
500=,Ciar,2,,532=,Amina,4
500=,Conlin,2,,532=,Anastasia,4
500=,Connaire,2,,532=,Aneesa,4
500=,Connal,2,,532=,Anisa,4
500=,Connall,2,,532=,Anisah,4
500=,Connar,2,,532=,Anisha,4
500=,Connell,2,,532=,Annabelle,4
500=,Cosmo,2,,532=,Ariane,4
500=,Crae,2,,532=,Astrid,4
500=,Darragh,2,,532=,Autumn,4
500=,Darrin,2,,532=,Bailey,4
500=,Darroch,2,,532=,Billie-Jo,4
500=,Daryn,2,,532=,Camryn,4
500=,Deacon,2,,532=,Candice,4
500=,Deaglan,2,,532=,Caoimhe,4
500=,Deklan,2,,532=,Charmaine,4
500=,Deklyn,2,,532=,Cree,4
500=,Dene,2,,532=,D'arcy,4
500=,Derrick,2,,532=,Dani,4
500=,Devon,2,,532=,Daniela,4
500=,Diarmid,2,,532=,Demilee,4
500=,Dino,2,,532=,Devon,4
500=,Don,2,,532=,Dharma,4
500=,Donnie,2,,532=,Drew,4
500=,Dougal,2,,532=,Elisa,4
500=,Eadan,2,,532=,Evelyn,4
500=,Eamon,2,,532=,Frankie,4
500=,Eamonn,2,,532=,Gaynor,4
500=,Eli,2,,532=,Ilona,4
500=,Elias,2,,532=,Isabel,4
500=,Eliot,2,,532=,Ishbel,4
500=,Emilio,2,,532=,Jayne,4
500=,Eoghann,2,,532=,Jenni,4
500=,Fabian,2,,532=,Jess,4
500=,Faraz,2,,532=,Johanna,4
500=,Faris,2,,532=,Jordon,4
500=,Ferdinando,2,,532=,Josie,4
500=,Firaz,2,,532=,Justine,4
500=,Fred,2,,532=,Kaitlynn,4
500=,Gerald,2,,532=,Kali,4
500=,Haaris,2,,532=,Kasey,4
500=,Haider,2,,532=,Katelin,4
500=,Hamzah,2,,532=,Katelynn,4
500=,Haris,2,,532=,Katlyn,4
500=,Harri,2,,532=,Katriona,4
500=,Haseeb,2,,532=,Kelsi,4
500=,Hashim,2,,532=,Kendall,4
500=,Hector,2,,532=,Kenzie,4
500=,Hisham,2,,532=,Krista,4
500=,Idrees,2,,532=,Leonna,4
500=,Irvine,2,,532=,Lesley,4
500=,Ivan,2,,532=,Lorin,4
500=,Jaime,2,,532=,Luisa,4
500=,Jaimie,2,,532=,Lydia,4
500=,Jamal,2,,532=,Lynsay,4
500=,Jasdeep,2,,532=,Maura,4
500=,Jasper,2,,532=,Meagan,4
500=,Jayden,2,,532=,Nancy,4
500=,Jayme,2,,532=,Neave,4
500=,Jeremiah,2,,532=,Nichole,4
500=,Jeremy,2,,532=,Niomi,4
500=,Jerome,2,,532=,Nuala,4
500=,Jody,2,,532=,Patricia,4
500=,Johannes,2,,532=,Rhia,4
500=,John-James,2,,532=,Ria,4
500=,Johnstone,2,,532=,Romy,4
500=,Junior,2,,532=,Sana,4
500=,Kaine,2,,532=,Sarah-Jane,4
500=,Kal,2,,532=,Scarlett,4
500=,Kaleb,2,,532=,Selina,4
500=,Kallum,2,,532=,Seonaid,4
500=,Kalum,2,,532=,Shanice,4
500=,Kaylum,2,,532=,Shantelle,4
500=,Keanu,2,,532=,Sheree,4
500=,Keegan,2,,532=,Sky,4
500=,Keiren,2,,532=,Susanna,4
500=,Keirran,2,,532=,Talia,4
500=,Kelsey,2,,532=,Teighan,4
500=,Kelton,2,,532=,Teresa,4
500=,Kern,2,,532=,Tori,4
500=,Keshav,2,,532=,Vicky,4
500=,Ki,2,,532=,Vikki,4
500=,Killian,2,,621=,Adriana,3
500=,Kit,2,,621=,Afton,3
500=,Kobi,2,,621=,Aimie,3
500=,Konrad,2,,621=,Aishah,3
500=,Kray,2,,621=,Alisa,3
500=,Kriss,2,,621=,Alishia,3
500=,Kurtis,2,,621=,Alyson,3
500=,Laughlin,2,,621=,Ammarah,3
500=,Laurent,2,,621=,Amy-Louise,3
500=,Lawrie,2,,621=,Angelina,3
500=,Layton,2,,621=,Anneliese,3
500=,Leonardo,2,,621=,Arianne,3
500=,Lewys,2,,621=,Arran,3
500=,Lochlin,2,,621=,Asha,3
500=,Lomond,2,,621=,Ashlea,3
500=,Loyd,2,,621=,Ayah,3
500=,Lukas,2,,621=,Belinda,3
500=,Lyall,2,,621=,Blythe,3
500=,Mac,2,,621=,Bobbie,3
500=,Man,2,,621=,Breanna,3
500=,Marshall,2,,621=,Brenna,3
500=,Matteo,2,,621=,Brianna,3
500=,Maurice,2,,621=,Brittney,3
500=,Maximillian,2,,621=,Carlie,3
500=,Mckenzie,2,,621=,Carrigan,3
500=,Mirza,2,,621=,Cassidy,3
500=,Mohamed,2,,621=,Ceilidh,3
500=,Muaaz,2,,621=,Celeste,3
500=,Muhammed,2,,621=,Cherie,3
500=,Mustafa,2,,621=,Chrissie,3
500=,Nassim,2,,621=,Christi,3
500=,Nathanial,2,,621=,Ciera,3
500=,Nolan,2,,621=,Clair,3
500=,Oakley,2,,621=,Clara,3
500=,Osman,2,,621=,Cleo,3
500=,Perry,2,,621=,Coleen,3
500=,Pietro,2,,621=,Constance,3
500=,Preston,2,,621=,Cora,3
500=,Quinn,2,,621=,Coral,3
500=,Rae,2,,621=,Corrine,3
500=,Ralph,2,,621=,Cory,3
500=,Ranald,2,,621=,Danika,3
500=,Reef,2,,621=,Debbie,3
500=,Reegan,2,,621=,Derryn,3
500=,Reeve,2,,621=,Devyn,3
500=,Rhuaridh,2,,621=,Dominique,3
500=,Rhyce,2,,621=,Eimear,3
500=,Richie,2,,621=,Elinor,3
500=,Rio,2,,621=,Elisha,3
500=,Roberto,2,,621=,Elissa,3
500=,Rohit,2,,621=,Elly,3
500=,Roman,2,,621=,Elspeth,3
500=,Rowen,2,,621=,Elysia,3
500=,Russel,2,,621=,Emilia,3
500=,Rylan,2,,621=,Emillie,3
500=,Sami,2,,621=,Errin,3
500=,Saqib,2,,621=,Farah,3
500=,Seamus,2,,621=,Finlay,3
500=,Sebastien,2,,621=,Gayle,3
500=,Seif,2,,621=,Hana,3
500=,Seoras,2,,621=,Harley,3
500=,Seth,2,,621=,Heidi,3
500=,Shaan,2,,621=,Ikra,3
500=,Somhairle,2,,621=,Iman,3
500=,Stefano,2,,621=,Jaclyn,3
500=,Subhaan,2,,621=,Jay,3
500=,Tain,2,,621=,Jazmin,3
500=,Tayler,2,,621=,Jean,3
500=,Tejay,2,,621=,Jennie,3
500=,Terry,2,,621=,Joelle,3
500=,Thorfinn,2,,621=,Kai,3
500=,Tod,2,,621=,Karah,3
500=,Tommi,2,,621=,Karli,3
500=,Travis,2,,621=,Karyn,3
500=,Ty,2,,621=,Katelynne,3
500=,Umar,2,,621=,Katrine,3
500=,Umer,2,,621=,Katya,3
500=,Victor,2,,621=,Kellie,3
500=,Vishal,2,,621=,Kellyanne,3
500=,Vittorio,2,,621=,Khloe,3
500=,Will,2,,621=,Kitty,3
500=,Willem,2,,621=,Kloe,3
500=,Xander,2,,621=,Krystal,3
500=,Yue,2,,621=,Kyla,3
705=,Aadam,1,,621=,Kylie,3
705=,Aadil,1,,621=,Laila,3
705=,Aaqib,1,,621=,Latasha,3
705=,Aaroan,1,,621=,Layla,3
705=,Aaron-Michael,1,,621=,Leanna,3
705=,Aavaiz,1,,621=,Leigh-Anne,3
705=,Abdul-Baasit,1,,621=,Leoni,3
705=,Abdulaziz,1,,621=,Lili,3
705=,Abdullah,1,,621=,Lilian,3
705=,Abdulmusen,1,,621=,Logan,3
705=,Abdulrahman,1,,621=,Loren,3
705=,Abdur-Rahmaan,1,,621=,Lorraine,3
705=,Abraham,1,,621=,Lynn,3
705=,Abram,1,,621=,Mackenzie,3
705=,Abu,1,,621=,Maddison,3
705=,Abubakar,1,,621=,Mahnoor,3
705=,Adon,1,,621=,Malissa,3
705=,Adrees,1,,621=,Mandy,3
705=,Aeneas,1,,621=,Mara,3
705=,Afnaan,1,,621=,Mari,3
705=,Afzal,1,,621=,Marley,3
705=,Aidain,1,,621=,Meredith,3
705=,Aiddon,1,,621=,Mica,3
705=,Aidenn,1,,621=,Michaella,3
705=,Aidon,1,,621=,Michela,3
705=,Ailig,1,,621=,Milly,3
705=,Aimon,1,,621=,Morgen,3
705=,Aitken,1,,621=,Morna,3
705=,Ajee,1,,621=,Murran,3
705=,Akeel,1,,621=,Murren,3
705=,Akif,1,,621=,Nathalie,3
705=,Alberto,1,,621=,Nichola,3
705=,Aldin,1,,621=,Niki,3
705=,Alec-James,1,,621=,Nisha,3
705=,Aleem,1,,621=,Orlaith,3
705=,Alek,1,,621=,Penny,3
705=,Aleksi,1,,621=,Rachelle,3
705=,Alexandr,1,,621=,Rae,3
705=,Algernon,1,,621=,Rebeka,3
705=,Ali-Farhan,1,,621=,Reegan,3
705=,Alick,1,,621=,Reese,3
705=,Alihyder,1,,621=,Remy,3
705=,Alim,1,,621=,Rheanna,3
705=,Alistair-Josh,1,,621=,Rhiannan,3
705=,Ally,1,,621=,Rio,3
705=,Alun,1,,621=,Roseanna,3
705=,Alvaro,1,,621=,Rowanne,3
705=,Amarjit,1,,621=,Sabah,3
705=,Ambrogio,1,,621=,Sabrina,3
705=,Amin,1,,621=,Salma,3
705=,Ammad,1,,621=,Sammy,3
705=,Amoz,1,,621=,Sandra,3
705=,Anand,1,,621=,Sarah-Anne,3
705=,Ananthan,1,,621=,Sarah-Louise,3
705=,Anas,1,,621=,Sarahjane,3
705=,Ander,1,,621=,Savanna,3
705=,Anders,1,,621=,Shana,3
705=,Andrea,1,,621=,Shanna,3
705=,Andreas,1,,621=,Shaunie,3
705=,Andrew-Lewis,1,,621=,Shaunna,3
705=,Andri,1,,621=,Shonagh,3
705=,Anees,1,,621=,Sonia,3
705=,Angus-Ian,1,,621=,Stevi,3
705=,Aniello,1,,621=,Storm,3
705=,Anson,1,,621=,Tiree,3
705=,Antoin,1,,621=,Vaila,3
705=,Antoni,1,,621=,Verity,3
705=,Anurag,1,,621=,Vivien,3
705=,Anza,1,,621=,Whitney,3
705=,Aodan,1,,774=,Abigayle,2
705=,Aonghus,1,,774=,Adeline,2
705=,Aqeel,1,,774=,Aela,2
705=,Aravind,1,,774=,Ailey,2
705=,Arbaaz,1,,774=,Aillie,2
705=,Arda,1,,774=,Aime,2
705=,Argyle,1,,774=,Aimi,2
705=,Argyll,1,,774=,Ainslee,2
705=,Ari,1,,774=,Ainsleigh,2
705=,Ariasun,1,,774=,Aislinn,2
705=,Arif,1,,774=,Aiysha,2
705=,Arik,1,,774=,Aleisha,2
705=,Arman,1,,774=,Alesha,2
705=,Armand,1,,774=,Alexia,2
705=,Armando,1,,774=,Alia,2
705=,Arne,1,,774=,Alixandra,2
705=,Arris,1,,774=,Allie,2
705=,Arssalan,1,,774=,Allison,2
705=,Arun,1,,774=,Alysha,2
705=,Arundeep,1,,774=,Alyth,2
705=,Aryan,1,,774=,Ameera,2
705=,Aryn,1,,774=,Amelie,2
705=,Asama,1,,774=,Amira,2
705=,Asela,1,,774=,Amna,2
705=,Ashraf,1,,774=,Angharad,2
705=,Ashton,1,,774=,Anita,2
705=,Asif,1,,774=,Ann-Marie,2
705=,Assem,1,,774=,Anna-Louise,2
705=,Athol,1,,774=,Annalise,2
705=,Atticus,1,,774=,Anouska,2
705=,Aurelio,1,,774=,Arabella,2
705=,Avran,1,,774=,Areeba,2
705=,Aws,1,,774=,Areej,2
705=,Aydan,1,,774=,Argyll,2
705=,Aydin,1,,774=,Aria,2
705=,Aydn,1,,774=,Arlene,2
705=,Aylan,1,,774=,Atlanta,2
705=,Ayrton,1,,774=,Ayleigh,2
705=,Azeem,1,,774=,Barbara,2
705=,Azharul,1,,774=,Beatrice,2
705=,Babar,1,,774=,Becki,2
705=,Bahadur,1,,774=,Bethannie,2
705=,Bailay,1,,774=,Bismah,2
705=,Bailey-Jay,1,,774=,Briana,2
705=,Balaram,1,,774=,Briege,2
705=,Baljeevan,1,,774=,Bronagh,2
705=,Baran,1,,774=,Bronya,2
705=,Bartholomew,1,,774=,Cade,2
705=,Basel,1,,774=,Caitlin-Louise,2
705=,Batuhan,1,,774=,Caitlynn,2
705=,Beck,1,,774=,Caley,2
705=,Beinn,1,,774=,Calista,2
705=,Bekir,1,,774=,Callan,2
705=,Ben-Brian,1,,774=,Carey,2
705=,Benan,1,,774=,Cari,2
705=,Bennie,1,,774=,Carolina,2
705=,Bequanis,1,,774=,Caron,2
705=,Bernard,1,,774=,Carra,2
705=,Bez,1,,774=,Catarina,2
705=,Bheinn,1,,774=,Catrina,2
705=,Billal,1,,774=,Cayleigh,2
705=,Bjorn,1,,774=,Ceara,2
705=,Blain,1,,774=,Ceitidh,2
705=,Blayn,1,,774=,Channelle,2
705=,Bleu,1,,774=,Charlette,2
705=,Bow,1,,774=,Charlie-Anne,2
705=,Boyd,1,,774=,Charlize,2
705=,Bradd,1,,774=,Charmain,2
705=,Braidin,1,,774=,Charmian,2
705=,Brenden-Lee,1,,774=,Chelsea-Leigh,2
705=,Brendin,1,,774=,Chelsi,2
705=,Brendyn,1,,774=,Chevonne,2
705=,Brenyn,1,,774=,Chloe-Marie,2
705=,Bret,1,,774=,Christian,2
705=,Brey,1,,774=,Ciaran,2
705=,Brion,1,,774=,Clodagh,2
705=,Brockwell,1,,774=,Cloe,2
705=,Brok,1,,774=,Codi,2
705=,Bronson,1,,774=,Corey,2
705=,Brook,1,,774=,Corina,2
705=,Brooke,1,,774=,Cristina,2
705=,Broque,1,,774=,Daina,2
705=,Brynn,1,,774=,Dannielle,2
705=,Caellum,1,,774=,Darcey,2
705=,Caelum,1,,774=,Darci,2
705=,Caeran,1,,774=,Deri,2
705=,Cahal,1,,774=,Derri,2
705=,Cai,1,,774=,Dervla,2
705=,Caihrn,1,,774=,Deryn,2
705=,Cailan,1,,774=,Dianne,2
705=,Caileb,1,,774=,Dione,2
705=,Caileon,1,,774=,Dorothy,2
705=,Caillean,1,,774=,Dulcie,2
705=,Caine,1,,774=,Edith,2
705=,Cairan,1,,774=,Eileen,2
705=,Cairney,1,,774=,Eilis,2
705=,Cairo,1,,774=,Ellidh,2
705=,Calan,1,,774=,Ellyse,2
705=,Caleab,1,,774=,Elsa,2
705=,Calib,1,,774=,Elyse,2
705=,Callam,1,,774=,Emelia,2
705=,Callan-John,1,,774=,Emily-Jane,2
705=,Callen,1,,774=,Emine,2
705=,Callin,1,,774=,Emmie,2
705=,Callumn,1,,774=,Enya,2
705=,Cambeul,1,,774=,Estelle,2
705=,Cameron-Scott,1,,774=,Esther,2
705=,Canice,1,,774=,Faizah,2
705=,Carden,1,,774=,Fatima,2
705=,Carlin,1,,774=,Fay,2
705=,Carrig,1,,774=,Finley,2
705=,Carson,1,,774=,Genevieve,2
705=,Cathal,1,,774=,Geraldine,2
705=,Cathan,1,,774=,Giorgia,2
705=,Cearnach,1,,774=,Grainne,2
705=,Ceiron,1,,774=,Hafsa,2
705=,Ceirran,1,,774=,Halle,2
705=,Ceiryn,1,,774=,Hallie,2
705=,Cemre,1,,774=,Haylie,2
705=,Cesur,1,,774=,Henna,2
705=,Chad,1,,774=,Hilary,2
705=,Chandan,1,,774=,Holli,2
705=,Chandler,1,,774=,Holly-Jane,2
705=,Chapin,1,,774=,Humna,2
705=,Chaudhry,1,,774=,Imaan,2
705=,Chen,1,,774=,Inayah,2
705=,Cheuk,1,,774=,Innes,2
705=,Christie,1,,774=,Iola,2
705=,Christy,1,,774=,Isabela,2
705=,Chukwuma,1,,774=,Isabelle,2
705=,Chun,1,,774=,Jaden,2
705=,Ciaranjay,1,,774=,Jai,2
705=,Ciarran,1,,774=,Jaime,2
705=,Ciernan,1,,774=,Jaimey,2
705=,Clarke,1,,774=,Jaimie,2
705=,Claymore,1,,774=,Janet,2
705=,Clayton,1,,774=,Janey,2
705=,Clement,1,,774=,Janine,2
705=,Clive,1,,774=,Janna,2
705=,Cobie,1,,774=,Jaye,2
705=,Codie,1,,774=,Jaymie,2
705=,Colt,1,,774=,Jemima,2
705=,Colum,1,,774=,Jena,2
705=,Coner,1,,774=,Jiordan,2
705=,Conlon,1,,774=,Jo-Anne,2
705=,Connadh,1,,774=,Jolene,2
705=,Connah,1,,774=,Joni,2
705=,Conner-Lee,1,,774=,Jordana,2
705=,Connir,1,,774=,Jordanna,2
705=,Connorhan,1,,774=,Jordanne,2
705=,Connull,1,,774=,Jorgia,2
705=,Conon,1,,774=,Jude,2
705=,Conor-James,1,,774=,Judith,2
705=,Coran,1,,774=,Julianne,2
705=,Corbyn,1,,774=,Julie-Anne,2
705=,Cormac,1,,774=,Kaitlan,2
705=,Corrin,1,,774=,Karley,2
705=,Cougar,1,,774=,Karlie,2
705=,Craigain,1,,774=,Kassie,2
705=,Crawford,1,,774=,Kaye,2
705=,Cree,1,,774=,Kaylee,2
705=,Cuinlan,1,,774=,Kelly-Anne,2
705=,Cullen,1,,774=,Kerin,2
705=,Culloch,1,,774=,Kerren,2
705=,Cybarus,1,,774=,Kerri-Ann,2
705=,Cyro,1,,774=,Kerry-Ann,2
705=,D'ellis,1,,774=,Kerryn,2
705=,Daanish,1,,774=,Kerys,2
705=,Daeho,1,,774=,Kiana,2
705=,Daiki,1,,774=,Kirsti,2
705=,Daire,1,,774=,Kody,2
705=,Daljinder,1,,774=,Koni,2
705=,Damen,1,,774=,Kristina,2
705=,Dani,1,,774=,Kristyn,2
705=,Danial,1,,774=,Kym,2
705=,Daniyaal,1,,774=,Lai,2
705=,Daniyal,1,,774=,Latifa,2
705=,Danqi,1,,774=,Layna,2
705=,Danyaal,1,,774=,Lee,2
705=,Dara,1,,774=,Leeanne,2
705=,Daren,1,,774=,Leena,2
705=,Darian,1,,774=,Leeona,2
705=,Dariush,1,,774=,Leeza,2
705=,Darnell,1,,774=,Leighanne,2
705=,Daro,1,,774=,Lena,2
705=,Daron,1,,774=,Lianne,2
705=,Darran,1,,774=,Lilli,2
705=,Darrel,1,,774=,Lilly,2
705=,Darrian,1,,774=,Lina,2
705=,Darron,1,,774=,Livia,2
705=,Darry,1,,774=,Lola,2
705=,Darryn,1,,774=,Loryn,2
705=,Darwin,1,,774=,Lucinda,2
705=,Davey,1,,774=,Lynne,2
705=,David-John,1,,774=,Madihah,2
705=,David-Ross,1,,774=,Maeve,2
705=,Davidson,1,,774=,Maggie,2
705=,Davie,1,,774=,Maja,2
705=,Davor,1,,774=,Mariah,2
705=,Dawson,1,,774=,Marion,2
705=,Dayle,1,,774=,Mariya,2
705=,Dayne,1,,774=,Mariyah,2
705=,De-Sean,1,,774=,Marnie,2
705=,Deagan,1,,774=,Martina,2
705=,Dechlan,1,,774=,Martine,2
705=,Decklyn,1,,774=,Matilda,2
705=,Decland,1,,774=,Megen,2
705=,Declane,1,,774=,Melisa,2
705=,Dee,1,,774=,Mellisa,2
705=,Dee-Jay,1,,774=,Mercedes,2
705=,Deepak,1,,774=,Mikayla,2
705=,Dehandra,1,,774=,Mili,2
705=,Deian,1,,774=,Milli,2
705=,Dell,1,,774=,Mira,2
705=,Dempster,1,,774=,Mirran,2
705=,Denis,1,,774=,Mirrin,2
705=,Deniz,1,,774=,Miya,2
705=,Dennan,1,,774=,Montana,2
705=,Denni,1,,774=,Morag,2
705=,Denton,1,,774=,Morbheinn,2
705=,Denver,1,,774=,Morghan,2
705=,Denym,1,,774=,Morvenn,2
705=,Deon,1,,774=,Murin,2
705=,Deron,1,,774=,Murrin,2
705=,Derran,1,,774=,Myrin,2
705=,Derri,1,,774=,Nairne,2
705=,Derrie,1,,774=,Natalya,2
705=,Desean,1,,774=,Nazia,2
705=,Desmond,1,,774=,Nellie,2
705=,Dewar,1,,774=,Nevada,2
705=,Dharyl,1,,774=,Nida,2
705=,Dhillon,1,,774=,Nikkita,2
705=,Dhilon,1,,774=,Octavia,2
705=,Dhugal,1,,774=,Omnia,2
705=,Diarmuid,1,,774=,Oonagh,2
705=,Diederik,1,,774=,Paton,2
705=,Diggory,1,,774=,Patrice,2
705=,Dilan,1,,774=,Perry,2
705=,Dilbarg,1,,774=,Polly,2
705=,Dilliondeep,1,,774=,Priya,2
705=,Dilshad,1,,774=,Quinn,2
705=,Dimitrios,1,,774=,Rabia,2
705=,Diyar,1,,774=,Rachele,2
705=,Domenic,1,,774=,Ragen,2
705=,Domenico,1,,774=,Ramona,2
705=,Dominick,1,,774=,Rawan,2
705=,Dominik,1,,774=,Rebeckah,2
705=,Donnelly,1,,774=,Rhiann,2
705=,Doohan,1,,774=,Riana,2
705=,Dougie,1,,774=,Rianne,2
705=,Drew-David,1,,774=,Robin,2
705=,Drife,1,,774=,Roma,2
705=,Dyllan,1,,774=,Romany,2
705=,Dylnn,1,,774=,Rosalie,2
705=,Eddie,1,,774=,Rosalind,2
705=,Edmond,1,,774=,Rosanna,2
705=,Edoardo,1,,774=,Rosina,2
705=,Edwin,1,,774=,Saarah,2
705=,Eesa,1,,774=,Sabaa,2
705=,Eesaa,1,,774=,Sahar,2
705=,Efem,1,,774=,Saira,2
705=,Egil,1,,774=,Sam,2
705=,Ehren,1,,774=,Samara,2
705=,Ehsun,1,,774=,Sameena,2
705=,Einar,1,,774=,Samia,2
705=,Eion,1,,774=,Samiya,2
705=,Eiru,1,,774=,Sanaa,2
705=,Eke,1,,774=,Sanna,2
705=,Emeil,1,,774=,Sannah,2
705=,Emilion,1,,774=,Sehr,2
705=,Emir,1,,774=,Shanelle,2
705=,Emmanuel,1,,774=,Shannah,2
705=,Emre,1,,774=,Shannen,2
705=,Enes,1,,774=,Shannon-Lee,2
705=,Enrico,1,,774=,Shantell,2
705=,Eoghainn,1,,774=,Sharleen,2
705=,Erich,1,,774=,Shauni,2
705=,Erik,1,,774=,Shaye,2
705=,Erin,1,,774=,Shazia,2
705=,Erland,1,,774=,Shellby,2
705=,Eros,1,,774=,Sine,2
705=,Erwan,1,,774=,Sofie,2
705=,Esa,1,,774=,Sophie-Louise,2
705=,Esat,1,,774=,Staci,2
705=,Etienne,1,,774=,Stacy,2
705=,Ewing,1,,774=,Stefanie,2
705=,Eythan,1,,774=,Sunita,2
705=,Fabrizio,1,,774=,Sydney,2
705=,Faelan,1,,774=,Syeda,2
705=,Faeq,1,,774=,Symone,2
705=,Fahad,1,,774=,Tabitha,2
705=,Faiz,1,,774=,Taleare,2
705=,Faizan,1,,774=,Talitha,2
705=,Faraaz,1,,774=,Tammie,2
705=,Fareid,1,,774=,Tania,2
705=,Fearghas,1,,774=,Tanith,2
705=,Federico,1,,774=,Tasmin,2
705=,Fenn,1,,774=,Tasneem,2
705=,Finbar,1,,774=,Taylar,2
705=,Finnbar,1,,774=,Teighlor,2
705=,Fintan,1,,774=,Teri,2
705=,Fionnbharr,1,,774=,Tess,2
705=,Forbes,1,,774=,Tianna,2
705=,Forrest,1,,774=,Tinashe,2
705=,Francesco,1,,774=,Tracy,2
705=,Franklin,1,,774=,Trudy,2
705=,Franz,1,,774=,Tylar,2
705=,Freddie,1,,774=,Vari,2
705=,Fynn,1,,774=,Violet,2
705=,Fynthan,1,,774=,Xsara,2
705=,Gage,1,,774=,Yumna,2
705=,Galen,1,,774=,Yusra,2
705=,Garan,1,,774=,Zahrah,2
705=,Garith,1,,774=,Zaina,2
705=,Garon,1,,774=,Zaynab,2
705=,Garratt,1,,774=,Zeenat,2
705=,Garreth,1,,774=,Zenab,2
705=,Garrick,1,,774=,Zoha,2
705=,Garth,1,,774=,Zoya,2
705=,Garvie,1,,1093=,Aabiyah,1
705=,Gaspard,1,,1093=,Aaina,1
705=,Geordan,1,,1093=,Aaisha,1
705=,Georgie,1,,1093=,Aalaa,1
705=,Gerarde,1,,1093=,Aamna,1
705=,Gethin,1,,1093=,Aarti,1
705=,Geun,1,,1093=,Aase,1
705=,Gha,1,,1093=,Abagael,1
705=,Giancarlo,1,,1093=,Abagail,1
705=,Gianfranco,1,,1093=,Abbeygale,1
705=,Gideon,1,,1093=,Abbie-Leigh,1
705=,Gilbert,1,,1093=,Abbiegail,1
705=,Gillean,1,,1093=,Abbigael,1
705=,Gillespie,1,,1093=,Abbigail,1
705=,Gino,1,,1093=,Abby-Rose,1
705=,Giulio,1,,1093=,Abrar,1
705=,Giuseppe,1,,1093=,Abtaha,1
705=,Glyn,1,,1093=,Abygale,1
705=,Glynn,1,,1093=,Adelina,1
705=,Gorden,1,,1093=,Aden,1
705=,Graem,1,,1093=,Adeshola,1
705=,Greer,1,,1093=,Adie,1
705=,Gregg,1,,1093=,Adria,1
705=,Griffin,1,,1093=,Adrien,1
705=,Grigor,1,,1093=,Aelis,1
705=,Gunnar,1,,1093=,Aeron,1
705=,Gurdeep,1,,1093=,Afra,1
705=,Gurgeet,1,,1093=,Afreen,1
705=,Gurpaige,1,,1093=,Afsa,1
705=,Gurpreet,1,,1093=,Ahsrin,1
705=,Gursimrin,1,,1093=,Aibhlis,1
705=,Gurveer,1,,1093=,Aidie,1
705=,Gustav,1,,1093=,Aila,1
705=,Haashir,1,,1093=,Ailbhe,1
705=,Haden,1,,1093=,Ailee,1
705=,Hadi,1,,1093=,Aileigh,1
705=,Haidar,1,,1093=,Ailigsh,1
705=,Hallum,1,,1093=,Ailleachd,1
705=,Hamaad,1,,1093=,Ailley,1
705=,Hamid,1,,1093=,Aillidh,1
705=,Hang,1,,1093=,Aiman,1
705=,Hansel,1,,1093=,Aimei,1
705=,Hao,1,,1093=,Aimen,1
705=,Haran,1,,1093=,Aimma,1
705=,Hari,1,,1093=,Aimy,1
705=,Harley,1,,1093=,Aindrea,1
705=,Harold,1,,1093=,Aine-Mhairi,1
705=,Harpreet,1,,1093=,Aiya,1
705=,Harun,1,,1093=,Akiko,1
705=,Harvie,1,,1093=,Akila,1
705=,Harvinder,1,,1093=,Aksa,1
705=,Hashaam,1,,1093=,Alaina,1
705=,Hassaan,1,,1093=,Alaitz,1
705=,Hassam,1,,1093=,Alana-Lee,1
705=,Hassun,1,,1093=,Alana-Marie,1
705=,Haydan,1,,1093=,Alanis,1
705=,Haydin,1,,1093=,Alanna-Jayne,1
705=,Hendry,1,,1093=,Alannis,1
705=,Henk-Jan,1,,1093=,Alayna,1
705=,Hidekazu,1,,1093=,Albany,1
705=,Hideto,1,,1093=,Alea,1
705=,Ho,1,,1093=,Aleasha,1
705=,Hoi,1,,1093=,Aleceia,1
705=,Hon,1,,1093=,Aleece,1
705=,Howard,1,,1093=,Aleen,1
705=,Hozafa,1,,1093=,Aleesha,1
705=,Humair,1,,1093=,Aleeshia,1
705=,Husnain,1,,1093=,Aleiah,1
705=,Hussain,1,,1093=,Alejandra,1
705=,Ibn,1,,1093=,Alena,1
705=,Ibrahim,1,,1093=,Alessandra,1
705=,Idriss,1,,1093=,Alessia,1
705=,Iestyn,1,,1093=,Alev,1
705=,Ieuan,1,,1093=,Alexa,1
705=,Ihsan,1,,1093=,Alexena,1
705=,Ihtisham,1,,1093=,Alexis,1
705=,Ijaaz,1,,1093=,Ali,1
705=,Ilja,1,,1093=,Aliesha,1
705=,Ilyas,1,,1093=,Alisbah,1
705=,Inam,1,,1093=,Alishah,1
705=,Incari,1,,1093=,Alishba,1
705=,Inder,1,,1093=,Alissa,1
705=,Inness,1,,1093=,Alivia,1
705=,Innis,1,,1093=,Aliya,1
705=,Ioan,1,,1093=,Aliza,1
705=,Irbaaz,1,,1093=,Alizah,1
705=,Irfaan,1,,1093=,Alize,1
705=,Irfan,1,,1093=,Allanah-May,1
705=,Irvin,1,,1093=,Allanis,1
705=,Irving,1,,1093=,Allannah,1
705=,Irwin,1,,1093=,Allise,1
705=,Isidor,1,,1093=,Allix,1
705=,Ismael,1,,1093=,Allyson,1
705=,Ismail,1,,1093=,Allyssa,1
705=,Ivor,1,,1093=,Alya,1
705=,Izaac,1,,1093=,Alysia,1
705=,Jaan,1,,1093=,Alyssia,1
705=,Jacqueson,1,,1093=,Ama,1
705=,Jad,1,,1093=,Amaara,1
705=,Jaden,1,,1093=,Amabel,1
705=,Jadon,1,,1093=,Amal,1
705=,Jagandeep,1,,1093=,Amalea,1
705=,Jago,1,,1093=,Amanda-Jane,1
705=,Jamaal,1,,1093=,Amanda-Lily,1
705=,Jamaine,1,,1093=,Amarah,1
705=,Jamel,1,,1093=,Amarrah,1
705=,James-Lee,1,,1093=,Ambar,1
705=,Jameson,1,,1093=,Ambre,1
705=,Jamey,1,,1093=,Ame,1
705=,Japhet,1,,1093=,Amee,1
705=,Jardin,1,,1093=,Ameena,1
705=,Jarod,1,,1093=,Amellia,1
705=,Jarrad,1,,1093=,Ami-Lee,1
705=,Jarred,1,,1093=,Amia,1
705=,Jasvir,1,,1093=,Amilah,1
705=,Jatinder,1,,1093=,Amirjeet,1
705=,Javade,1,,1093=,Ammaarah,1
705=,Jawad,1,,1093=,Ammie,1
705=,Jaxsan,1,,1093=,Amrit,1
705=,Jaxson,1,,1093=,Amryt,1
705=,Jaya,1,,1093=,Amy-Marie,1
705=,Jaye,1,,1093=,Amye,1
705=,Jayke,1,,1093=,Amyleigh,1
705=,Jaymi,1,,1093=,Anabel,1
705=,Jaymie,1,,1093=,Analisa,1
705=,Jean-Claude,1,,1093=,Analise,1
705=,Jean-Luc,1,,1093=,Ananda,1
705=,Jedd,1,,1093=,Anashra,1
705=,Jee,1,,1093=,Anavi,1
705=,Jeevan,1,,1093=,Andi-Louise,1
705=,Jeffrey,1,,1093=,Andie-Marie,1
705=,Jerrad,1,,1093=,Anesa,1
705=,Jerry,1,,1093=,Anika,1
705=,Jess,1,,1093=,Anja,1
705=,Jesse,1,,1093=,Anjali,1
705=,Jim,1,,1093=,Ankita,1
705=,Joatham,1,,1093=,Anmol,1
705=,Jock,1,,1093=,Anna-Delia,1
705=,Jodie,1,,1093=,Annabell,1
705=,Joe-James,1,,1093=,Annah,1
705=,Joep,1,,1093=,Annaliese,1
705=,Joey,1,,1093=,Annalisa,1
705=,Joga,1,,1093=,Anne-Marie,1
705=,John-Alexander,1,,1093=,Annelieke,1
705=,John-Ellis,1,,1093=,Annice,1
705=,John-Joseph,1,,1093=,Anniemae,1
705=,John-Ross,1,,1093=,Annisa,1
705=,John-Thomas,1,,1093=,Annischa,1
705=,Johnathon,1,,1093=,Annita,1
705=,Johnnie,1,,1093=,Annmarie,1
705=,Johnny,1,,1093=,Annushka,1
705=,Johnpaul,1,,1093=,Anoushka,1
705=,Johnson,1,,1093=,Anum,1
705=,Jon-Lee,1,,1093=,Aoibhin,1
705=,Jordan-Cameron,1,,1093=,Aoiffe,1
705=,Jordan-Daniel,1,,1093=,Appin,1
705=,Jordan-Lee,1,,1093=,Aqsaa,1
705=,Jordyn,1,,1093=,Aqua-Marie,1
705=,Jorshan,1,,1093=,Archeala,1
705=,Jose,1,,1093=,Arden,1
705=,Joshim,1,,1093=,Areege,1
705=,Josiah,1,,1093=,Arfa,1
705=,Joss,1,,1093=,Ariadne,1
705=,Jozeph,1,,1093=,Arianna,1
705=,Juan,1,,1093=,Arieg,1
705=,Judah,1,,1093=,Ariella,1
705=,Jumshayd,1,,1093=,Arietta,1
705=,Jun,1,,1093=,Arlena,1
705=,Junaid,1,,1093=,Arooj,1
705=,Justyn,1,,1093=,Arrandeep,1
705=,Juswinder,1,,1093=,Arrianne,1
705=,Kaden,1,,1093=,Arubah,1
705=,Kadhum,1,,1093=,Arwen,1
705=,Kaelan,1,,1093=,Ashante,1
705=,Kaellum,1,,1093=,Ashlay,1
705=,Kaide,1,,1093=,Ashleen,1
705=,Kaiden,1,,1093=,Ashleykay,1
705=,Kailan,1,,1093=,Ashlynn,1
705=,Kain,1,,1093=,Ashton,1
705=,Kale,1,,1093=,Atiya,1
705=,Kalil,1,,1093=,Aundrea,1
705=,Kalle,1,,1093=,Aurelia,1
705=,Kallumvir,1,,1093=,Aurian,1
705=,Kalm,1,,1093=,Aurikha,1
705=,Kalome,1,,1093=,Auriol,1
705=,Kalyb,1,,1093=,Averal,1
705=,Kamen,1,,1093=,Avril,1
705=,Kameron-Jason,1,,1093=,Ayat,1
705=,Kamran,1,,1093=,Ayeisha,1
705=,Kamran-Ud-Din,1,,1093=,Ayla,1
705=,Kaolin,1,,1093=,Aylie,1
705=,Kar,1,,1093=,Aymy,1
705=,Karanveer,1,,1093=,Aynsley,1
705=,Kareem,1,,1093=,Aynslie,1
705=,Karwan,1,,1093=,Aysha,1
705=,Kas,1,,1093=,Ayshe,1
705=,Kasam,1,,1093=,Aysia,1
705=,Kasim,1,,1093=,Aysling,1
705=,Kayleb,1,,1093=,Ayu,1
705=,Kayra,1,,1093=,Azaria,1
705=,Keagan,1,,1093=,Babette,1
705=,Kealan,1,,1093=,Bailee,1
705=,Keanan,1,,1093=,Baillie,1
705=,Keane,1,,1093=,Bao-Qing,1
705=,Kearan,1,,1093=,Bavandeep,1
705=,Kearon,1,,1093=,Beadee,1
705=,Keatan,1,,1093=,Beatriz,1
705=,Keatyn,1,,1093=,Bebhinn,1
705=,Keeghan,1,,1093=,Becci,1
705=,Kegan,1,,1093=,Beckie,1
705=,Kein,1,,1093=,Begum,1
705=,Keirin,1,,1093=,Beki,1
705=,Keisen,1,,1093=,Benan,1
705=,Keld,1,,1093=,Benesh,1
705=,Kellan,1,,1093=,Bentley,1
705=,Kelland,1,,1093=,Bernie,1
705=,Keller,1,,1093=,Bethaney,1
705=,Kemal,1,,1093=,Bethani,1
705=,Kennan,1,,1093=,Bethenay,1
705=,Kenny,1,,1093=,Bethyn,1
705=,Kered,1,,1093=,Betty,1
705=,Kerzan,1,,1093=,Beulah,1
705=,Kesiena,1,,1093=,Beverly,1
705=,Kester,1,,1093=,Bevhan,1
705=,Kevan,1,,1093=,Bharati,1
705=,Keyan,1,,1093=,Billi,1
705=,Keyrin,1,,1093=,Billie-Jean,1
705=,Keyryn,1,,1093=,Blair,1
705=,Khalid,1,,1093=,Blaise,1
705=,Khalum,1,,1093=,Bobbi-Lea,1
705=,Kia,1,,1093=,Bobbi-Leigh,1
705=,Kiaran,1,,1093=,Bobbie-Joe,1
705=,Kiavni,1,,1093=,Bobbie-Leigh,1
705=,Kie,1,,1093=,Bobby,1
705=,Kiel,1,,1093=,Bobby-Jo,1
705=,Kierhan,1,,1093=,Bobby-Lee,1
705=,Kiern,1,,1093=,Bobbyjo,1
705=,Kiernan,1,,1093=,Bonny,1
705=,Kierran,1,,1093=,Breagh,1
705=,Kinley,1,,1093=,Breann,1
705=,Kinnon,1,,1093=,Breanne,1
705=,Kioko,1,,1093=,Breckon,1
705=,Kjeld,1,,1093=,Bree-Ann,1
705=,Knut,1,,1093=,Breege,1
705=,Kodi,1,,1093=,Breeyan,1
705=,Koen,1,,1093=,Breeze,1
705=,Konar,1,,1093=,Breige,1
705=,Konor,1,,1093=,Briagh,1
705=,Koray,1,,1093=,Brianne,1
705=,Korben,1,,1093=,Briar,1
705=,Korbyn,1,,1093=,Brid-Erin,1
705=,Kori,1,,1093=,Bridgette,1
705=,Korri,1,,1093=,Bridin,1
705=,Korvin,1,,1093=,Brieanna,1
705=,Kristain,1,,1093=,Brigid,1
705=,Kristjan,1,,1093=,Briitnie,1
705=,Kristof,1,,1093=,Brioni,1
705=,Kristofor,1,,1093=,Brionni,1
705=,Kristopher-Paul,1,,1093=,Brionny,1
705=,Kros,1,,1093=,Brittaney,1
705=,Kumayl,1,,1093=,Brody,1
705=,Kyllum,1,,1093=,Brogann,1
705=,Kyrian,1,,1093=,Brogen,1
705=,Lachlann,1,,1093=,Broghan,1
705=,Laitham,1,,1093=,Bronja,1
705=,Lambert,1,,1093=,Bronte,1
705=,Lawson,1,,1093=,Bronwen,1
705=,Leigham,1,,1093=,Bronwynn,1
705=,Leion,1,,1093=,Brooklin,1
705=,Leslie,1,,1093=,Brooklyne,1
705=,Lewis-Antony,1,,1093=,Brooklynn,1
705=,Lewiss,1,,1093=,Bruni,1
705=,Linton,1,,1093=,Bryanna,1
705=,Lisle,1,,1093=,Bryanne,1
705=,Lonie,1,,1093=,Brydie,1
705=,Lorimer,1,,1093=,Bryony-Louise,1
705=,Lorn,1,,1093=,Bushria,1
705=,Louden,1,,1093=,Caera,1
705=,Loughlin,1,,1093=,Caileigh,1
705=,Loui,1,,1093=,Cailey,1
705=,Lovell,1,,1093=,Caillay,1
705=,Lowri,1,,1093=,Caira,1
705=,Lu,1,,1093=,Cairistiona,1
705=,Luathais,1,,1093=,Cairn,1
705=,Luciano,1,,1093=,Cairney,1
705=,Ludovic,1,,1093=,Cait,1
705=,Luke-John,1,,1093=,Caithlin,1
705=,Lynden,1,,1093=,Caitlain,1
705=,Macauley,1,,1093=,Caitlan-Jane,1
705=,Macauly,1,,1093=,Caitlin-Beth,1
705=,Maciain,1,,1093=,Caitlin-Marie,1
705=,Mackie,1,,1093=,Caitlinde,1
705=,Mackinnon,1,,1093=,Caitriona,1
705=,Maddox,1,,1093=,Caiya,1
705=,Mads,1,,1093=,Caledonia,1
705=,Mahfuj,1,,1093=,Calla,1
705=,Maik,1,,1093=,Caly,1
705=,Malik,1,,1093=,Camae,1
705=,Malte,1,,1093=,Camellia,1
705=,Manar,1,,1093=,Camerin,1
705=,Maneeb,1,,1093=,Cameryn,1
705=,Manh-Kitt,1,,1093=,Camilla,1
705=,Manuel,1,,1093=,Camille,1
705=,Manvir,1,,1093=,Canada,1
705=,Marcel,1,,1093=,Caoilfhin,1
705=,Marius,1,,1093=,Caoimha,1
705=,Marky,1,,1093=,Capella,1
705=,Marley,1,,1093=,Carah,1
705=,Masaki,1,,1093=,Caraline,1
705=,Masen,1,,1093=,Carhys,1
705=,Mathieu,1,,1093=,Cariena,1
705=,Matthias,1,,1093=,Caris,1
705=,Mauize,1,,1093=,Carissa,1
705=,Mawgan,1,,1093=,Carla-Lea,1
705=,Maxaluna,1,,1093=,Carlann,1
705=,Maxim,1,,1093=,Carlene,1
705=,Maximilyon,1,,1093=,Carlesha,1
705=,Maxwel,1,,1093=,Carley,1
705=,Mccauley,1,,1093=,Carlidh,1
705=,Mcnaughton,1,,1093=,Carlin,1
705=,Medwyn,1,,1093=,Carlissa,1
705=,Merlin,1,,1093=,Carlyanne,1
705=,Mete,1,,1093=,Carlyn,1
705=,Micauly,1,,1093=,Carmel,1
705=,Michael-Sean,1,,1093=,Carmell,1
705=,Michaeljames,1,,1093=,Carol,1
705=,Micheal,1,,1093=,Carolann,1
705=,Micheil,1,,1093=,Carole,1
705=,Miguel,1,,1093=,Carra-Ann,1
705=,Mikael,1,,1093=,Carragh,1
705=,Millan,1,,1093=,Carrie-Ann,1
705=,Millar,1,,1093=,Carrie-Anne,1
705=,Mitch,1,,1093=,Carrieann,1
705=,Mitchaell,1,,1093=,Carrieanne,1
705=,Mithin,1,,1093=,Carron,1
705=,Moaad,1,,1093=,Carsten,1
705=,Mohsin,1,,1093=,Caseylea,1
705=,Montel,1,,1093=,Casie,1
705=,Morad,1,,1093=,Cassandra,1
705=,Moritz,1,,1093=,Cassia,1
705=,Morten,1,,1093=,Cassiday,1
705=,Moses,1,,1093=,Cassidie,1
705=,Mouize,1,,1093=,Cassy,1
705=,Muath,1,,1093=,Catherine-Anne,1
705=,Mubasher,1,,1093=,Cathrine,1
705=,Muhsin,1,,1093=,Cathryn,1
705=,Mungeh,1,,1093=,Catlin,1
705=,Murphy,1,,1093=,Catrin,1
705=,Murtaza,1,,1093=,Caylin,1
705=,Musa,1,,1093=,Ceana,1
705=,Mustafaa,1,,1093=,Celia,1
705=,Mustaqim,1,,1093=,Ceona,1
705=,Muyawia,1,,1093=,Ceri-Ann,1
705=,Nabeel,1,,1093=,Ceriese,1
705=,Naeem,1,,1093=,Cerise,1
705=,Naim,1,,1093=,Cerri,1
705=,Nairne,1,,1093=,Cerrys,1
705=,Naqqash,1,,1093=,Chaia,1
705=,Narayana,1,,1093=,Chana,1
705=,Narindarjai,1,,1093=,Chandni,1
705=,Narinder,1,,1093=,Chanice,1
705=,Nash,1,,1093=,Channell,1
705=,Nasim,1,,1093=,Chantal,1
705=,Nasir,1,,1093=,Chantalle,1
705=,Nathen,1,,1093=,Chantell,1
705=,Nathian,1,,1093=,Chara,1
705=,Nathyn,1,,1093=,Chardonnay,1
705=,Nauman,1,,1093=,Charelle,1
705=,Neavan,1,,1093=,Charese,1
705=,Neema,1,,1093=,Charice,1
705=,Neiro,1,,1093=,Charisse,1
705=,Nevis,1,,1093=,Charity,1
705=,Niels,1,,1093=,Charlayne,1
705=,Niem,1,,1093=,Charlee,1
705=,Nigel,1,,1093=,Charleigh,1
705=,Niki,1,,1093=,Charlie-Rianna,1
705=,Nikolai,1,,1093=,Charlotte-Anne,1
705=,Nikolas,1,,1093=,Charlotte-Rose,1
705=,Ninian,1,,1093=,Charlyce,1
705=,Niran,1,,1093=,Charmagne,1
705=,Niven,1,,1093=,Charrie-Lee,1
705=,Noel,1,,1093=,Chayntelle,1
705=,Norrie,1,,1093=,Chelby,1
705=,Numan,1,,1093=,Chelci,1
705=,Nur,1,,1093=,Chelsae,1
705=,Nur-Afza,1,,1093=,Chelsea-Louise,1
705=,Nyeem,1,,1093=,Chelseanne,1
705=,Nyles,1,,1093=,Chelsey-Leigh,1
705=,Obadiah,1,,1093=,Cheney,1
705=,Obey,1,,1093=,Chenise,1
705=,Odin,1,,1093=,Cher,1
705=,Olutomi,1,,1093=,Cherieann,1
705=,Omer,1,,1093=,Cherlyann,1
705=,Omid,1,,1093=,Cherrelle,1
705=,Oney,1,,1093=,Cherrenie,1
705=,Orhan,1,,1093=,Chesnay,1
705=,Orrin,1,,1093=,Chetna,1
705=,Otto,1,,1093=,Cheyane,1
705=,Owen-Lee,1,,1093=,Chloe-Lee,1
705=,Owni,1,,1093=,Chowdhury,1
705=,Pacian,1,,1093=,Chrisanne,1
705=,Parmeet,1,,1093=,Chrissy-Ellen,1
705=,Parmvir,1,,1093=,Christiana,1
705=,Pat-Danko,1,,1093=,Christianne,1
705=,Patrizio,1,,1093=,Chrysanthi,1
705=,Paul-Ross,1,,1093=,Chun,1
705=,Pavanraj,1,,1093=,Chun-An,1
705=,Pavel,1,,1093=,Chung,1
705=,Peadar,1,,1093=,Cian,1
705=,Per,1,,1093=,Ciann,1
705=,Philippos,1,,1093=,Cianna,1
705=,Pierce,1,,1093=,Cindy,1
705=,Pierre,1,,1093=,Cionna-Louise,1
705=,Prabhdeep,1,,1093=,Cira,1
705=,Pranav,1,,1093=,Clara-Jane,1
705=,Presley,1,,1093=,Clarissa,1
705=,Qalbe,1,,1093=,Clementine,1
705=,Quinten,1,,1093=,Cliona,1
705=,Quintin,1,,1093=,Coady,1
705=,Quoc-Anh,1,,1093=,Cobi,1
705=,Raees,1,,1093=,Coire,1
705=,Raegan,1,,1093=,Colby,1
705=,Raemos,1,,1093=,Coline,1
705=,Rafsan,1,,1093=,Collete,1
705=,Raghav,1,,1093=,Cora-Leigh,1
705=,Raheem,1,,1093=,Coreen,1
705=,Rahul,1,,1093=,Corinna,1
705=,Rahys,1,,1093=,Corinne,1
705=,Raish,1,,1093=,Corlea,1
705=,Raistlin,1,,1093=,Corragh,1
705=,Raith,1,,1093=,Corran,1
705=,Raja,1,,1093=,Corrin,1
705=,Rajan,1,,1093=,Corrina,1
705=,Rajeshwar,1,,1093=,Corris,1
705=,Rakan,1,,1093=,Corry,1
705=,Rama,1,,1093=,Corynn,1
705=,Rameez,1,,1093=,Cosima,1
705=,Ramesh,1,,1093=,Courntey,1
705=,Ramez,1,,1093=,Courtneyleigh,1
705=,Ramin,1,,1093=,Covahn,1
705=,Ramsey,1,,1093=,Cove,1
705=,Rana,1,,1093=,Cressey,1
705=,Rao,1,,1093=,Criosaidh,1
705=,Raphel,1,,1093=,Cristi,1
705=,Ravi,1,,1093=,Cristie,1
705=,Ray,1,,1093=,Crystal,1
705=,Raygan,1,,1093=,Curstaidh,1
705=,Razvan-Mihai,1,,1093=,Cydnee,1
705=,Reed,1,,1093=,Cynthia,1
705=,Rees,1,,1093=,Dagmar,1
705=,Reese,1,,1093=,Dainah,1
705=,Rehan,1,,1093=,Dakota,1
705=,Reheem,1,,1093=,Danae,1
705=,Rehman,1,,1093=,Danica,1
705=,Reid,1,,1093=,Daniella-Jane,1
705=,Reigh,1,,1093=,Danila,1
705=,Reilly,1,,1093=,Daniyah,1
705=,Reis,1,,1093=,Danna,1
705=,Remy,1,,1093=,Danni-Marie,1
705=,Ren,1,,1093=,Dannii,1
705=,Renaud,1,,1093=,Danuska,1
705=,Rennie,1,,1093=,Danya,1
705=,Reshid,1,,1093=,Danyelle,1
705=,Reuban,1,,1093=,Daphne,1
705=,Rhass,1,,1093=,Dara,1
705=,Rheece,1,,1093=,Darcae,1
705=,Rhegan,1,,1093=,Darian,1
705=,Rhoan,1,,1093=,Darien,1
705=,Rhoanan,1,,1093=,Darrah,1
705=,Rhonan,1,,1093=,Daryl,1
705=,Rhori,1,,1093=,Daveena,1
705=,Rhuari,1,,1093=,Davie-Jane,1
705=,Rhuben,1,,1093=,Daylene,1
705=,Rhudii,1,,1093=,Dayna-Jade,1
705=,Rhurie,1,,1093=,Daynagh,1
705=,Rhysce,1,,1093=,Deanne,1
705=,Rhyss,1,,1093=,Dearbhla,1
705=,Riaz,1,,1093=,Debbra,1
705=,Ricci,1,,1093=,Dee,1
705=,Rickie,1,,1093=,Delaney,1
705=,Rico,1,,1093=,Della,1
705=,Ridwan,1,,1093=,Demi-Louise,1
705=,Rin,1,,1093=,Demmi,1
705=,Rioghan,1,,1093=,Dena,1
705=,Rion,1,,1093=,Denbie,1
705=,Ritwick,1,,1093=,Dene,1
705=,Roan,1,,1093=,Deni,1
705=,Robbi,1,,1093=,Denni,1
705=,Robby,1,,1093=,Denny,1
705=,Rocco,1,,1093=,Denver,1
705=,Rod,1,,1093=,Deon,1
705=,Roddy,1,,1093=,Deonne,1
705=,Rodric,1,,1093=,Derby,1
705=,Rogan,1,,1093=,Deren,1
705=,Rognvald,1,,1093=,Derrian,1
705=,Rohaan,1,,1093=,Derrin,1
705=,Romano,1,,1093=,Derry,1
705=,Romario,1,,1093=,Devenee,1
705=,Romney,1,,1093=,Devlin,1
705=,Ronnan,1,,1093=,Devlyn,1
705=,Roop,1,,1093=,Dharia,1
705=,Rori,1,,1093=,Diana,1
705=,Rorie,1,,1093=,Dona,1
705=,Roshawn,1,,1093=,Donella,1
705=,Rossano,1,,1093=,Donia,1
705=,Roy,1,,1093=,Dua,1
705=,Ruaidhri,1,,1093=,Dylan,1
705=,Ruairaidh,1,,1093=,Dyonne,1
705=,Ruairdh,1,,1093=,Dzeneta,1
705=,Ruariri,1,,1093=,Eadidh,1
705=,Rudi,1,,1093=,Eartha,1
705=,Rupert,1,,1093=,Ecem,1
705=,Ruraidh,1,,1093=,Edelle,1
705=,Russ,1,,1093=,Edie,1
705=,Ryan-Connor,1,,1093=,Eila,1
705=,Ryan-Lee,1,,1093=,Eilean,1
705=,Ryian,1,,1093=,Eileann,1
705=,Ryosuke,1,,1093=,Eilidah,1
705=,Ryutaro,1,,1093=,Eilliech,1
705=,Saad,1,,1093=,Eirinn-Rose,1
705=,Sachin,1,,1093=,Eklas,1
705=,Sahand,1,,1093=,Elana,1
705=,Sahil,1,,1093=,Elanor,1
705=,Saiyem,1,,1093=,Eleasha,1
705=,Sajjad-Ur,1,,1093=,Eleashia-Marie,1
705=,Sameer,1,,1093=,Eleisha,1
705=,Samir,1,,1093=,Eleni,1
705=,Sammi,1,,1093=,Elgin,1
705=,Samrat,1,,1093=,Elia,1
705=,Samuel-David,1,,1093=,Eliana,1
705=,Samy,1,,1093=,Elicia,1
705=,Sanjeev,1,,1093=,Elif,1
705=,Santino,1,,1093=,Eline,1
705=,Santo,1,,1093=,Elisse,1
705=,Sarles,1,,1093=,Elita,1
705=,Sarmid,1,,1093=,Elivia,1
705=,Saud,1,,1093=,Eliza,1
705=,Seanan,1,,1093=,Elka,1
705=,Seaney,1,,1093=,Elke,1
705=,Seanvir,1,,1093=,Ellaina,1
705=,Sebastiaan,1,,1093=,Elle-Alix,1
705=,Sebestyen,1,,1093=,Elle-Ann,1
705=,Seff,1,,1093=,Ellecia,1
705=,Selby,1,,1093=,Elleigh,1
705=,Seonaidh,1,,1093=,Elleni,1
705=,Seumas,1,,1093=,Ellenor,1
705=,Seung-Je,1,,1093=,Ellie-Marie,1
705=,Shadman,1,,1093=,Elliot,1
705=,Shahrez,1,,1093=,Ellisia,1
705=,Shahzad,1,,1093=,Ellisse,1
705=,Shameer,1,,1093=,Ellynne,1
705=,Shamil,1,,1093=,Ellys,1
705=,Shan,1,,1093=,Elora,1
705=,Shaquelle,1,,1093=,Elsie,1
705=,Shaquille,1,,1093=,Elyn,1
705=,Shaunn,1,,1093=,Elysa,1
705=,Shaw,1,,1093=,Emalie,1
705=,Shaz,1,,1093=,Eman,1
705=,Shazeab,1,,1093=,Emer,1
705=,Shedan,1,,1093=,Emi,1
705=,Shehar,1,,1093=,Emilee,1
705=,Shehzaib,1,,1093=,Emilli,1
705=,Sheldon,1,,1093=,Emilly,1
705=,Shem,1,,1093=,Emily-Amber,1
705=,Sherjeel,1,,1093=,Emily-Jayne,1
705=,Shiraz,1,,1093=,Emily-Louise,1
705=,Shivam,1,,1093=,Emily-Rose,1
705=,Shivraj,1,,1093=,Emma-Jane,1
705=,Shoib,1,,1093=,Emma-Jayne,1
705=,Shon,1,,1093=,Emma-Lee,1
705=,Shpetim,1,,1093=,Emma-Lily,1
705=,Shrayum,1,,1093=,Emma-Mae,1
705=,Shreenil,1,,1093=,Emme,1
705=,Shuaib,1,,1093=,Emmeline,1
705=,Shuei,1,,1093=,Emmen,1
705=,Sidney,1,,1093=,Emmerson,1
705=,Silas,1,,1093=,Emmy,1
705=,Simone,1,,1093=,Emy,1
705=,Simonpeter,1,,1093=,Eoina,1
705=,Simrin,1,,1093=,Ericka,1
705=,Sina,1,,1093=,Erin-Louise,1
705=,Sion,1,,1093=,Erinnann,1
705=,Sipho,1,,1093=,Erynne,1
705=,Siu,1,,1093=,Esha,1
705=,Skene,1,,1093=,Esmee,1
705=,Sofian,1,,1093=,Etienne,1
705=,Sofiane,1,,1093=,Evan,1
705=,Soham,1,,1093=,Evangelia,1
705=,Somerset,1,,1093=,Evangeline,1
705=,Sonah,1,,1093=,Evann,1
705=,Sonnie-Boy,1,,1093=,Evanna,1
705=,Sorn,1,,1093=,Evere,1
705=,Sota,1,,1093=,Evin,1
705=,Steffen,1,,1093=,Eyerusalem,1
705=,Steph,1,,1093=,Faaza,1
705=,Stephane,1,,1093=,Fajr,1
705=,Stephen-John,1,,1093=,Fallan,1
705=,Steve,1,,1093=,Fallon,1
705=,Steven-Lee,1,,1093=,Fara,1
705=,Stevi,1,,1093=,Faria,1
705=,Stevie,1,,1093=,Fariah,1
705=,Straun,1,,1093=,Farlan,1
705=,Sufyaan,1,,1093=,Fatemah,1
705=,Suhail,1,,1093=,Fatimah,1
705=,Suhayb,1,,1093=,Feha,1
705=,Sukhraj,1,,1093=,Feona,1
705=,Sulaiman,1,,1093=,Ffion,1
705=,Sulayman,1,,1093=,Finleigh,1
705=,Sulman,1,,1093=,Finn-Leigh,1
705=,Surdev,1,,1093=,Finnella,1
705=,Surfraz,1,,1093=,Finula,1
705=,Suroop,1,,1093=,Fionna,1
705=,Syrus,1,,1093=,Fionnaghal,1
705=,T,1,,1093=,Fionnghuala,1
705=,T-Jay,1,,1093=,Fionnuala,1
705=,Taaher,1,,1093=,Fiza,1
705=,Tai,1,,1093=,Flana,1
705=,Taimoor,1,,1093=,Fleur,1
705=,Taine,1,,1093=,Franca,1
705=,Tait,1,,1093=,Freija,1
705=,Taliska,1,,1093=,Freja,1
705=,Tamer,1,,1093=,Freyja,1
705=,Tane,1,,1093=,Frieda,1
705=,Tanveer,1,,1093=,Fynlei,1
705=,Tao,1,,1093=,Fynn,1
705=,Tariq,1,,1093=,Gabariella,1
705=,Tarka,1,,1093=,Gabriela,1
705=,Tarquin,1,,1093=,Gaby,1
705=,Tate,1,,1093=,Gaelin,1
705=,Taufiq,1,,1093=,Gaenor,1
705=,Tayub,1,,1093=,Gaia,1
705=,Te,1,,1093=,Geena,1
705=,Ted,1,,1093=,Gemma-Ann,1
705=,Teddy,1,,1093=,Genna,1
705=,Teejay,1,,1093=,Georga,1
705=,Tejasvi,1,,1093=,Georgea,1
705=,Temidola,1,,1093=,Georgi,1
705=,Terence,1,,1093=,Georgia-Anne,1
705=,Terrance,1,,1093=,Georgia-May,1
705=,Thaha,1,,1093=,Georgiana,1
705=,Thatchara,1,,1093=,Georgie-Leigh,1
705=,Theodros,1,,1093=,Geri,1
705=,Thom,1,,1093=,Gianna,1
705=,Thomas-Jack,1,,1093=,Gillyan,1
705=,Thomas-James,1,,1093=,Gina,1
705=,Thommas,1,,1093=,Gioia,1
705=,Tiarnan,1,,1093=,Gipsi,1
705=,Tiernan,1,,1093=,Girisha,1
705=,Tim,1,,1093=,Giselle,1
705=,Tino,1,,1093=,Giuliana,1
705=,Tioram,1,,1093=,Gloria,1
705=,Titus,1,,1093=,Gracie,1
705=,Tobi-Lee,1,,1093=,Graihagh,1
705=,Tobias,1,,1093=,Greer,1
705=,Tommy-Lee,1,,1093=,Gresa,1
705=,Toni,1,,1093=,Gur-Chandni,1
705=,Tony-James,1,,1093=,Gurpreet,1
705=,Torben,1,,1093=,Gwyneth,1
705=,Tore,1,,1093=,Haighley,1
705=,Tormod,1,,1093=,Hailey,1
705=,Toshiaki,1,,1093=,Haiqa,1
705=,Tre,1,,1093=,Hajara,1
705=,Trevelyan,1,,1093=,Hala,1
705=,Trevor,1,,1093=,Haleema,1
705=,Tristen,1,,1093=,Haleena,1
705=,Tristin,1,,1093=,Haley,1
705=,Triston,1,,1093=,Hanabi,1
705=,Tylor,1,,1093=,Haneen,1
705=,Tyrell,1,,1093=,Hanf,1
705=,Tyron,1,,1093=,Haniya,1
705=,Tyronne,1,,1093=,Hannah-Louise,1
705=,Ubaid,1,,1093=,Hansine,1
705=,Uhmad,1,,1093=,Harleen,1
705=,Uisdean,1,,1093=,Harlie,1
705=,Umair,1,,1093=,Harneet,1
705=,Umberto,1,,1093=,Haruka,1
705=,Usama,1,,1093=,Hasna,1
705=,Usamah,1,,1093=,Havanna,1
705=,Usaman,1,,1093=,Haylaie,1
705=,Usmaan,1,,1093=,He-In,1
705=,Uwais,1,,1093=,Hei,1
705=,Vahtan,1,,1093=,Helana,1
705=,Vassilios,1,,1093=,Helena-Marie,1
705=,Vassilis,1,,1093=,Helene,1
705=,Vaughan,1,,1093=,Hend,1
705=,Vedin,1,,1093=,Henrietta,1
705=,Vijaypal,1,,1093=,Heo,1
705=,Vincenzo,1,,1093=,Hessa,1
705=,Viraj,1,,1093=,Hester,1
705=,Vito,1,,1093=,Hiab,1
705=,Vivek,1,,1093=,Hiba,1
705=,Wai,1,,1093=,Hibah,1
705=,Waqar,1,,1093=,Hibatullah,1
705=,Waqqas,1,,1093=,Hiraa,1
705=,Wes,1,,1093=,Hiu,1
705=,Wesley,1,,1093=,Hollie-Ann,1
705=,Wezlee,1,,1093=,Honey,1
705=,Wil,1,,1093=,Huda,1
705=,William-Wallace,1,,1093=,Huma,1
705=,Williejohn,1,,1093=,Humairaa,1
705=,Wing,1,,1093=,Humera,1
705=,Wing-Kin,1,,1093=,Hureem,1
705=,Wrys,1,,1093=,Husna,1
705=,Yaseen,1,,1093=,Iben,1
705=,Yaser,1,,1093=,Ida,1
705=,Yasin,1,,1093=,Ieshka,1
705=,Yazan,1,,1093=,Ifrah,1
705=,Yin,1,,1093=,Iiona,1
705=,Yitzhak,1,,1093=,Ikeyra,1
705=,Yiu,1,,1093=,Imogene,1
705=,Yosef,1,,1093=,Inara,1
705=,Yoshua,1,,1093=,Indi,1
705=,Yousaf,1,,1093=,Indigo,1
705=,Yousef,1,,1093=,Indy,1
705=,Youssaf,1,,1093=,Indya,1
705=,Yung,1,,1093=,Ines,1
705=,Yusef,1,,1093=,Ingrid,1
705=,Yusuf,1,,1093=,Ioni,1
705=,Yuuta,1,,1093=,Ionie,1
705=,Yuxin,1,,1093=,Iram,1
705=,Zaahir,1,,1093=,Irene,1
705=,Zachariah,1,,1093=,Iris,1
705=,Zackary,1,,1093=,Irum,1
705=,Zaib,1,,1093=,Irwa,1
705=,Zaid,1,,1093=,Isabell,1
705=,Zain-Ul-Abideen,1,,1093=,Isela,1
705=,Zaine,1,,1093=,Ishani,1
705=,Zakary,1,,1093=,Isobelle,1
705=,Zand,1,,1093=,Israh,1
705=,Zander,1,,1093=,Izzy,1
705=,Zayn,1,,1093=,Jack-A-Lynn,1
705=,Zed,1,,1093=,Jackieline,1
705=,Zein,1,,1093=,Jacquelyn,1
705=,Zeki,1,,1093=,Jada,1
705=,Zenon,1,,1093=,Jade-Leigh,1
705=,Zeshan,1,,1093=,Jae,1
705=,Zeus,1,,1093=,Jaiden,1
705=,Zevf,1,,1093=,Jaime-Lee,1
705=,Zidane,1,,1093=,Jaime-Leigh,1
705=,Ziman,1,,1093=,Jaimie-Ann,1
705=,Zohib,1,,1093=,Jaimie-Leigh,1
705=,Zuhair,1,,1093=,Jamie-Lynn,1
705=,Zulkifl,1,,1093=,Jamielee,1
,,,,1093=,Jamieleigh,1
,,,,1093=,Jana,1
,,,,1093=,Janele,1
,,,,1093=,Janice,1
,,,,1093=,Janina,1
,,,,1093=,Jannat,1
,,,,1093=,Jansen,1
,,,,1093=,Jardine,1
,,,,1093=,Jasbir,1
,,,,1093=,Jasmain,1
,,,,1093=,Jasmyn,1
,,,,1093=,Jasmyne,1
,,,,1093=,Javairia,1
,,,,1093=,Jaya,1
,,,,1093=,Jayda,1
,,,,1093=,Jayden-Emma,1
,,,,1093=,Jayeanne,1
,,,,1093=,Jayme-Lee,1
,,,,1093=,Jaymee,1
,,,,1093=,Jaymielee,1
,,,,1093=,Jayney,1
,,,,1093=,Jaz,1
,,,,1093=,Jazmine,1
,,,,1093=,Jazz,1
,,,,1093=,Jeanie,1
,,,,1093=,Jeanine,1
,,,,1093=,Jenna-Alexandra,1
,,,,1093=,Jennifer-Anne,1
,,,,1093=,Jeorjette,1
,,,,1093=,Jerrica,1
,,,,1093=,Jessie-Flora,1
,,,,1093=,Jett,1
,,,,1093=,Ji,1
,,,,1093=,Jilly,1
,,,,1093=,Jing,1
,,,,1093=,Jlenia,1
,,,,1093=,Joan,1
,,,,1093=,Jodie-Lee,1
,,,,1093=,Jodie-Leigh,1
,,,,1093=,Jodilee,1
,,,,1093=,Joele,1
,,,,1093=,Joelene,1
,,,,1093=,Joely,1
,,,,1093=,Johanna-Leigh,1
,,,,1093=,Johannah,1
,,,,1093=,Johdi,1
,,,,1093=,Johnann,1
,,,,1093=,Jordan-Lee,1
,,,,1093=,Jordan-Paige,1
,,,,1093=,Jordane,1
,,,,1093=,Jordyan,1
,,,,1093=,Jorgie,1
,,,,1093=,Jorja,1
,,,,1093=,Jorjia,1
,,,,1093=,Joyce,1
,,,,1093=,Julian,1
,,,,1093=,Juliana,1
,,,,1093=,Julianna,1
,,,,1093=,Julieann,1
,,,,1093=,Julieanne,1
,,,,1093=,June,1
,,,,1093=,Juno,1
,,,,1093=,Justice,1
,,,,1093=,Ka,1
,,,,1093=,Ka-Yee,1
,,,,1093=,Kacey,1
,,,,1093=,Kacie,1
,,,,1093=,Kade,1
,,,,1093=,Kaelyn,1
,,,,1093=,Kahra,1
,,,,1093=,Kaia,1
,,,,1093=,Kaila,1
,,,,1093=,Kailey,1
,,,,1093=,Kailyn,1
,,,,1093=,Kainat,1
,,,,1093=,Kaitlinn,1
,,,,1093=,Kaitlyne-Louise,1
,,,,1093=,Kaitlynne,1
,,,,1093=,Kajal,1
,,,,1093=,Kajul,1
,,,,1093=,Kaleen,1
,,,,1093=,Kalena,1
,,,,1093=,Kalie,1
,,,,1093=,Kalli,1
,,,,1093=,Kally,1
,,,,1093=,Kameron,1
,,,,1093=,Kamryn,1
,,,,1093=,Kanisha,1
,,,,1093=,Karima,1
,,,,1093=,Kariss,1
,,,,1093=,Karita,1
,,,,1093=,Karleen,1
,,,,1093=,Karleigh,1
,,,,1093=,Karma,1
,,,,1093=,Karrie,1
,,,,1093=,Karrigan,1
,,,,1093=,Karson,1
,,,,1093=,Karys,1
,,,,1093=,Kasha,1
,,,,1093=,Kassandra,1
,,,,1093=,Katarina,1
,,,,1093=,Katelyne,1
,,,,1093=,Katerina,1
,,,,1093=,Katey,1
,,,,1093=,Kathrine,1
,,,,1093=,Kathryn-Ann,1
,,,,1093=,Kathy,1
,,,,1093=,Kathyrn,1
,,,,1093=,Kathyryn,1
,,,,1093=,Katie-Ann,1
,,,,1093=,Katie-Anne,1
,,,,1093=,Katie-Marie,1
,,,,1093=,Katlynn,1
,,,,1093=,Katrin,1
,,,,1093=,Katryna,1
,,,,1093=,Kay-Leigh,1
,,,,1093=,Kaya,1
,,,,1093=,Kaycee,1
,,,,1093=,Kaylay,1
,,,,1093=,Kaylee-Ann,1
,,,,1093=,Kaylie,1
,,,,1093=,Kaylin,1
,,,,1093=,Kaylor,1
,,,,1093=,Kaylyn,1
,,,,1093=,Kayrn,1
,,,,1093=,Kaysey,1
,,,,1093=,Kayti,1
,,,,1093=,Kaytie,1
,,,,1093=,Kaytlynne,1
,,,,1093=,Keana,1
,,,,1093=,Keany,1
,,,,1093=,Kearney,1
,,,,1093=,Keavey,1
,,,,1093=,Keavie,1
,,,,1093=,Keela,1
,,,,1093=,Keelan,1
,,,,1093=,Keeley,1
,,,,1093=,Keelie-Jane,1
,,,,1093=,Keera,1
,,,,1093=,Keera-Leigh,1
,,,,1093=,Keerah,1
,,,,1093=,Keirah,1
,,,,1093=,Keirra,1
,,,,1093=,Keiss,1
,,,,1093=,Kelci,1
,,,,1093=,Kelle-Louise,1
,,,,1093=,Kelli,1
,,,,1093=,Kelly-Marie,1
,,,,1093=,Kellymarie,1
,,,,1093=,Kelowna,1
,,,,1093=,Kelsy,1
,,,,1093=,Kenhya,1
,,,,1093=,Kenna,1
,,,,1093=,Kennady,1
,,,,1093=,Kennice,1
,,,,1093=,Kensey,1
,,,,1093=,Kenyah,1
,,,,1093=,Kenzi,1
,,,,1093=,Kera,1
,,,,1093=,Keran,1
,,,,1093=,Kered,1
,,,,1093=,Kerilee,1
,,,,1093=,Keron,1
,,,,1093=,Kerri-Marie,1
,,,,1093=,Kerrieann,1
,,,,1093=,Kerrin,1
,,,,1093=,Kerry-Anne,1
,,,,1093=,Kerryanne,1
,,,,1093=,Keryl,1
,,,,1093=,Kesia,1
,,,,1093=,Kevey,1
,,,,1093=,Keylea,1
,,,,1093=,Kezia,1
,,,,1093=,Keziah,1
,,,,1093=,Khadijah,1
,,,,1093=,Khaila,1
,,,,1093=,Khali,1
,,,,1093=,Kharis,1
,,,,1093=,Kharm,1
,,,,1093=,Khiara,1
,,,,1093=,Khristina,1
,,,,1093=,Kiah,1
,,,,1093=,Kialah,1
,,,,1093=,Kianna,1
,,,,1093=,Kiara-Louise,1
,,,,1093=,Kiesha,1
,,,,1093=,Kimaron,1
,,,,1093=,Kimberely,1
,,,,1093=,Kimberleey,1
,,,,1093=,Kina,1
,,,,1093=,Kineesha,1
,,,,1093=,Kinesha,1
,,,,1093=,Kinza,1
,,,,1093=,Kira-Michelle,1
,,,,1093=,Kiramarie,1
,,,,1093=,Kiran,1
,,,,1093=,Kiri,1
,,,,1093=,Kirrin,1
,,,,1093=,Kirstianne,1
,,,,1093=,Kirstie-Ann,1
,,,,1093=,Kirstieanne,1
,,,,1093=,Kirstine,1
,,,,1093=,Kismat,1
,,,,1093=,Kismet,1
,,,,1093=,Kit,1
,,,,1093=,Kizzie-Marie,1
,,,,1093=,Kodi,1
,,,,1093=,Komal,1
,,,,1093=,Konnie,1
,,,,1093=,Koren,1
,,,,1093=,Kori,1
,,,,1093=,Kori-Ann,1
,,,,1093=,Korri,1
,,,,1093=,Kourtney,1
,,,,1093=,Krissy,1
,,,,1093=,Kristiana,1
,,,,1093=,Kristin,1
,,,,1093=,Krithika,1
,,,,1093=,Krystie,1
,,,,1093=,Krystyna,1
,,,,1093=,Kumi,1
,,,,1093=,Kya,1
,,,,1093=,Kyla-Danielle,1
,,,,1093=,Kylah,1
,,,,1093=,Kyro,1
,,,,1093=,Laiba,1
,,,,1093=,Lailan,1
,,,,1093=,Lainey,1
,,,,1093=,Laiqa,1
,,,,1093=,Lakeisha,1
,,,,1093=,Lakota,1
,,,,1093=,Lani,1
,,,,1093=,Lanna,1
,,,,1093=,Lareb,1
,,,,1093=,Larisa,1
,,,,1093=,Latecia,1
,,,,1093=,Laura-Ann,1
,,,,1093=,Laurel,1
,,,,1093=,Laurhyn,1
,,,,1093=,Lauri,1
,,,,1093=,Laurianne,1
,,,,1093=,Laurin,1
,,,,1093=,Lauris,1
,,,,1093=,Lawiza,1
,,,,1093=,Lawren,1
,,,,1093=,Leaanne,1
,,,,1093=,Leah-Louise,1
,,,,1093=,Leahanne,1
,,,,1093=,Leann,1
,,,,1093=,Leasa,1
,,,,1093=,Leenah,1
,,,,1093=,Leha,1
,,,,1093=,Leiah,1
,,,,1093=,Leigh-Ann,1
,,,,1093=,Leigha,1
,,,,1093=,Leisha,1
,,,,1093=,Lella,1
,,,,1093=,Leone,1
,,,,1093=,Leonne,1
,,,,1093=,Leonnie,1
,,,,1093=,Leontina,1
,,,,1093=,Lesha,1
,,,,1093=,Lesley-Ann,1
,,,,1093=,Lesleyann,1
,,,,1093=,Leticia,1
,,,,1093=,Leya,1
,,,,1093=,Leyah,1
,,,,1093=,Leyla,1
,,,,1093=,Li,1
,,,,1093=,Li-Sian,1
,,,,1093=,Liah,1
,,,,1093=,Liala,1
,,,,1093=,Liamie,1
,,,,1093=,Liana,1
,,,,1093=,Lidia,1
,,,,1093=,Lillee,1
,,,,1093=,Lillian,1
,,,,1093=,Lillie,1
,,,,1093=,Lindi,1
,,,,1093=,Lindzi,1
,,,,1093=,Linsay,1
,,,,1093=,Linseyann,1
,,,,1093=,Linzie,1
,,,,1093=,Lisa-Marie,1
,,,,1093=,Lisamarie,1
,,,,1093=,Lisha,1
,,,,1093=,Liusaidh,1
,,,,1093=,Livi,1
,,,,1093=,Liza-Beth,1
,,,,1093=,Lizzie,1
,,,,1093=,Lleona,1
,,,,1093=,Logyn,1
,,,,1093=,Lois-Anne,1
,,,,1093=,Loni-Mae,1
,,,,1093=,Lora,1
,,,,1093=,Loreal,1
,,,,1093=,Lori-Ann,1
,,,,1093=,Lori-Beth,1
,,,,1093=,Lorine,1
,,,,1093=,Lorrie,1
,,,,1093=,Luana,1
,,,,1093=,Lubna,1
,,,,1093=,Lubov,1
,,,,1093=,Luccia,1
,,,,1093=,Luci,1
,,,,1093=,Luigseach,1
,,,,1093=,Luissa,1
,,,,1093=,Luiza,1
,,,,1093=,Lyall,1
,,,,1093=,Lybi,1
,,,,1093=,Lynette,1
,,,,1093=,Lynne-Mhairi,1
,,,,1093=,Lynnette,1
,,,,1093=,Lynzi,1
,,,,1093=,Maahtab,1
,,,,1093=,Maaia,1
,,,,1093=,Maaria,1
,,,,1093=,Maarya,1
,,,,1093=,Machaela,1
,,,,1093=,Macheala,1
,,,,1093=,Maddy,1
,,,,1093=,Madelyn,1
,,,,1093=,Madiha,1
,,,,1093=,Mae,1
,,,,1093=,Maedhbh,1
,,,,1093=,Maeesha,1
,,,,1093=,Maegan,1
,,,,1093=,Mafee,1
,,,,1093=,Magdalena,1
,,,,1093=,Magdalene,1
,,,,1093=,Magen,1
,,,,1093=,Maheen,1
,,,,1093=,Mahima,1
,,,,1093=,Mahoney,1
,,,,1093=,Maili,1
,,,,1093=,Mairi-Kate,1
,,,,1093=,Mairin,1
,,,,1093=,Mais,1
,,,,1093=,Makiyo,1
,,,,1093=,Malak,1
,,,,1093=,Maleeha,1
,,,,1093=,Malia,1
,,,,1093=,Malia-Jane,1
,,,,1093=,Malishia,1
,,,,1093=,Mami,1
,,,,1093=,Mamie,1
,,,,1093=,Man,1
,,,,1093=,Manon,1
,,,,1093=,Marah,1
,,,,1093=,Maraod,1
,,,,1093=,Marcedes,1
,,,,1093=,Marcella,1
,,,,1093=,Marcia,1
,,,,1093=,Mareel,1
,,,,1093=,Maren,1
,,,,1093=,Maresa,1
,,,,1093=,Margaret-Louise,1
,,,,1093=,Mari-Ann,1
,,,,1093=,Maria-Lolita,1
,,,,1093=,Mariama,1
,,,,1093=,Marian,1
,,,,1093=,Mariana,1
,,,,1093=,Mariann,1
,,,,1093=,Marianna,1
,,,,1093=,Marianthi,1
,,,,1093=,Marieha,1
,,,,1093=,Mariesha,1
,,,,1093=,Mariessa,1
,,,,1093=,Mariha,1
,,,,1093=,Mariyam,1
,,,,1093=,Marjolaine,1
,,,,1093=,Mark,1
,,,,1093=,Marleigh,1
,,,,1093=,Marni,1
,,,,1093=,Marrianna,1
,,,,1093=,Mary-Anne,1
,,,,1093=,Mary-Clare,1
,,,,1093=,Maryanne,1
,,,,1093=,Maryjane,1
,,,,1093=,Marzia,1
,,,,1093=,Mathilda,1
,,,,1093=,Mathilde,1
,,,,1093=,Maude,1
,,,,1093=,Mauragh,1
,,,,1093=,Maureen,1
,,,,1093=,Maurvin,1
,,,,1093=,Mayuka,1
,,,,1093=,Mayuri,1
,,,,1093=,Mckayla,1
,,,,1093=,Mckenzie,1
,,,,1093=,Meaghann,1
,,,,1093=,Medi,1
,,,,1093=,Megan-Mary,1
,,,,1093=,Megane,1
,,,,1093=,Meggan,1
,,,,1093=,Meggin,1
,,,,1093=,Meghan-Molly,1
,,,,1093=,Meghan-Rose,1
,,,,1093=,Meghann,1
,,,,1093=,Megin,1
,,,,1093=,Megyn,1
,,,,1093=,Mehr,1
,,,,1093=,Mehreen,1
,,,,1093=,Meia,1
,,,,1093=,Meisha,1
,,,,1093=,Mekella,1
,,,,1093=,Melina,1
,,,,1093=,Melinda,1
,,,,1093=,Mellissa,1
,,,,1093=,Memoona,1
,,,,1093=,Memphis,1
,,,,1093=,Mercedies,1
,,,,1093=,Mereeha,1
,,,,1093=,Merna,1
,,,,1093=,Merryn,1
,,,,1093=,Mhairi-Claire,1
,,,,1093=,Mhairi-Clare,1
,,,,1093=,Mhairi-Kirsty,1
,,,,1093=,Mhia,1
,,,,1093=,Mhyran,1
,,,,1093=,Mia-Sara,1
,,,,1093=,Miarren,1
,,,,1093=,Micaela,1
,,,,1093=,Michaela-Jaye,1
,,,,1093=,Michaela-Lee,1
,,,,1093=,Michaila,1
,,,,1093=,Mickella,1
,,,,1093=,Milana,1
,,,,1093=,Mildred,1
,,,,1093=,Millena,1
,,,,1093=,Millicent,1
,,,,1093=,Millisa,1
,,,,1093=,Mimaemi,1
,,,,1093=,Mina,1
,,,,1093=,Minahil,1
,,,,1093=,Minami,1
,,,,1093=,Minnie,1
,,,,1093=,Mirella,1
,,,,1093=,Miren,1
,,,,1093=,Mirienne,1
,,,,1093=,Mirka,1
,,,,1093=,Mirron,1
,,,,1093=,Mirryn,1
,,,,1093=,Miryn,1
,,,,1093=,Misha,1
,,,,1093=,Mita,1
,,,,1093=,Mitra,1
,,,,1093=,Miyah,1
,,,,1093=,Moena,1
,,,,1093=,Moesha,1
,,,,1093=,Moira,1
,,,,1093=,Momnia,1
,,,,1093=,Mona,1
,,,,1093=,Monisha,1
,,,,1093=,Morgan-Lee,1
,,,,1093=,Morgane,1
,,,,1093=,Morgyn,1
,,,,1093=,Morin,1
,,,,1093=,Morvern,1
,,,,1093=,Morvin,1
,,,,1093=,Morvyn,1
,,,,1093=,Moy,1
,,,,1093=,Mu'azzamah,1
,,,,1093=,Muhran,1
,,,,1093=,Muirinn,1
,,,,1093=,Mun,1
,,,,1093=,Muran,1
,,,,1093=,Muriyum,1
,,,,1093=,Murrean,1
,,,,1093=,Murrhan,1
,,,,1093=,Murron-Elizabeth,1
,,,,1093=,Murya,1
,,,,1093=,Muryam,1
,,,,1093=,Muzainah,1
,,,,1093=,Muzakira,1
,,,,1093=,Myah,1
,,,,1093=,Myia,1
,,,,1093=,Myisha,1
,,,,1093=,Myren,1
,,,,1093=,Myrna,1
,,,,1093=,Myrryn,1
,,,,1093=,Nabah,1
,,,,1093=,Nabia,1
,,,,1093=,Nabihah,1
,,,,1093=,Nabila,1
,,,,1093=,Nadean,1
,,,,1093=,Nadia-Claire,1
,,,,1093=,Nadiah,1
,,,,1093=,Nadya,1
,,,,1093=,Nafeesa,1
,,,,1093=,Nafisah,1
,,,,1093=,Naha,1
,,,,1093=,Nahima,1
,,,,1093=,Naila,1
,,,,1093=,Naima,1
,,,,1093=,Naimh,1
,,,,1093=,Naisoon,1
,,,,1093=,Nanakee,1
,,,,1093=,Nansi,1
,,,,1093=,Natacha,1
,,,,1093=,Natallie,1
,,,,1093=,Natasa,1
,,,,1093=,Natascha,1
,,,,1093=,Natasha-Louise,1
,,,,1093=,Natashia,1
,,,,1093=,Natassja,1
,,,,1093=,Nathalay,1
,,,,1093=,Naya,1
,,,,1093=,Nayha,1
,,,,1093=,Nazmie,1
,,,,1093=,Naznin,1
,,,,1093=,Nebahat,1
,,,,1093=,Neecole,1
,,,,1093=,Neelam,1
,,,,1093=,Neha,1
,,,,1093=,Nehreen,1
,,,,1093=,Neith,1
,,,,1093=,Neive,1
,,,,1093=,Nekisha,1
,,,,1093=,Nerissa,1
,,,,1093=,Niamph,1
,,,,1093=,Nickilee,1
,,,,1093=,Nicky,1
,,,,1093=,Nicola-Louise,1
,,,,1093=,Nicolle,1
,,,,1093=,Niesha,1
,,,,1093=,Nighean,1
,,,,1093=,Nihaa,1
,,,,1093=,Nikayla,1
,,,,1093=,Nikole,1
,,,,1093=,Nimrah,1
,,,,1093=,Niree,1
,,,,1093=,Niyyah,1
,,,,1093=,Nnenna,1
,,,,1093=,Noorina,1
,,,,1093=,Noshabah,1
,,,,1093=,Nour,1
,,,,1093=,Nuha,1
,,,,1093=,Nurul,1
,,,,1093=,Nuryn,1
,,,,1093=,Nyisha,1
,,,,1093=,Nyree,1
,,,,1093=,Oakley,1
,,,,1093=,Ocean,1
,,,,1093=,Oluwaseun,1
,,,,1093=,Olwen,1
,,,,1093=,On-Ling,1
,,,,1093=,Orianne,1
,,,,1093=,Orlaith-Mairead,1
,,,,1093=,Oryn,1
,,,,1093=,Otilie,1
,,,,1093=,Pagan,1
,,,,1093=,Paje,1
,,,,1093=,Palma,1
,,,,1093=,Parysa,1
,,,,1093=,Paula-Jane,1
,,,,1093=,Pauline,1
,,,,1093=,Paysley,1
,,,,1093=,Payton,1
,,,,1093=,Pearl,1
,,,,1093=,Peigi,1
,,,,1093=,Peri,1
,,,,1093=,Perrin,1
,,,,1093=,Petra,1
,,,,1093=,Pheobe,1
,,,,1093=,Phillippa,1
,,,,1093=,Philomena,1
,,,,1093=,Phuong,1
,,,,1093=,Pia,1
,,,,1093=,Pip,1
,,,,1093=,Pippa,1
,,,,1093=,Pooja,1
,,,,1093=,Poonam,1
,,,,1093=,Poppaea,1
,,,,1093=,Poppie,1
,,,,1093=,Portia,1
,,,,1093=,Preeti,1
,,,,1093=,Priscilla,1
,,,,1093=,Privjyot,1
,,,,1093=,Priyanka,1
,,,,1093=,Pui,1
,,,,1093=,Puja,1
,,,,1093=,Purum,1
,,,,1093=,Qaila,1
,,,,1093=,Qi,1
,,,,1093=,Racheal,1
,,,,1093=,Racheyl,1
,,,,1093=,Rae-Anne,1
,,,,1093=,Raeann,1
,,,,1093=,Raema,1
,,,,1093=,Rafiah,1
,,,,1093=,Raghda,1
,,,,1093=,Rahima,1
,,,,1093=,Rahki,1
,,,,1093=,Rai,1
,,,,1093=,Raihanah,1
,,,,1093=,Raine,1
,,,,1093=,Rajni,1
,,,,1093=,Ramandeep,1
,,,,1093=,Rameen,1
,,,,1093=,Rameesha,1
,,,,1093=,Rana,1
,,,,1093=,Raniya,1
,,,,1093=,Ravan,1
,,,,1093=,Raveena,1
,,,,1093=,Raven,1
,,,,1093=,Ravinder,1
,,,,1093=,Ray-Anna,1
,,,,1093=,Razia,1
,,,,1093=,Razinah,1
,,,,1093=,Rea,1
,,,,1093=,Reah,1
,,,,1093=,Reanne,1
,,,,1093=,Reave,1
,,,,1093=,Rebbecca,1
,,,,1093=,Rebecca-Jade,1
,,,,1093=,Rebecca-Jane,1
,,,,1093=,Rebekkah,1
,,,,1093=,Reeane,1
,,,,1093=,Reece,1
,,,,1093=,Reegen,1
,,,,1093=,Reem,1
,,,,1093=,Reiah,1
,,,,1093=,Reigan,1
,,,,1093=,Remi,1
,,,,1093=,Remmi,1
,,,,1093=,Renee-Leigh,1
,,,,1093=,Rennie,1
,,,,1093=,Reo,1
,,,,1093=,Reona,1
,,,,1093=,Rheagan,1
,,,,1093=,Rheana,1
,,,,1093=,Rheanne,1
,,,,1093=,Rheece,1
,,,,1093=,Rheona,1
,,,,1093=,Rhiain,1
,,,,1093=,Rhiannah,1
,,,,1093=,Rhiannon-Lee,1
,,,,1093=,Rhoda,1
,,,,1093=,Rhyana,1
,,,,1093=,Rhys,1
,,,,1093=,Ria-Leix,1
,,,,1093=,Riahnonn,1
,,,,1093=,Ribh,1
,,,,1093=,Ricki,1
,,,,1093=,Riley,1
,,,,1093=,Rimshah,1
,,,,1093=,Riona,1
,,,,1093=,Rita,1
,,,,1093=,Roanne,1
,,,,1093=,Robbi-Lee,1
,,,,1093=,Roberta,1
,,,,1093=,Robyn-Leigh,1
,,,,1093=,Rochel,1
,,,,1093=,Rohana,1
,,,,1093=,Rohanna,1
,,,,1093=,Roisan,1
,,,,1093=,Romana,1
,,,,1093=,Romii,1
,,,,1093=,Roni,1
,,,,1093=,Rosaleen,1
,,,,1093=,Rosalyn,1
,,,,1093=,Rosamund,1
,,,,1093=,Rosanne,1
,,,,1093=,Rose-Anne,1
,,,,1093=,Roseanne,1
,,,,1093=,Rosella,1
,,,,1093=,Rosemarie,1
,,,,1093=,Rosetta,1
,,,,1093=,Rowen,1
,,,,1093=,Rowena,1
,,,,1093=,Roxanna,1
,,,,1093=,Roxanne,1
,,,,1093=,Roya,1
,,,,1093=,Roza,1
,,,,1093=,Ruathy,1
,,,,1093=,Rudi,1
,,,,1093=,Rukayya,1
,,,,1093=,Rukhsar,1
,,,,1093=,Rukiye,1
,,,,1093=,Rumsha,1
,,,,1093=,Ruqaiyah,1
,,,,1093=,Ruri,1
,,,,1093=,Rusa,1
,,,,1093=,Rylan,1
,,,,1093=,Saabirah,1
,,,,1093=,Saara,1
,,,,1093=,Saaraa,1
,,,,1093=,Sabha,1
,,,,1093=,Sabiha,1
,,,,1093=,Sabina,1
,,,,1093=,Sade,1
,,,,1093=,Sadia,1
,,,,1093=,Sadiqah,1
,,,,1093=,Safa,1
,,,,1093=,Safari,1
,,,,1093=,Safia,1
,,,,1093=,Safina,1
,,,,1093=,Sagarika,1
,,,,1093=,Sahba,1
,,,,1093=,Saher,1
,,,,1093=,Saho,1
,,,,1093=,Sallina,1
,,,,1093=,Samah,1
,,,,1093=,Samantha-Jane,1
,,,,1093=,Samantha-Mae,1
,,,,1093=,Samantha-Nicole,1
,,,,1093=,Samar,1
,,,,1093=,Sameeha,1
,,,,1093=,Samera,1
,,,,1093=,Sammi-Jo,1
,,,,1093=,Sammy-Joe,1
,,,,1093=,Samra,1
,,,,1093=,Sanah,1
,,,,1093=,Sanara,1
,,,,1093=,Sandie,1
,,,,1093=,Sandileigh,1
,,,,1093=,Sandy,1
,,,,1093=,Sangeet,1
,,,,1093=,Sanghita,1
,,,,1093=,Sangreal,1
,,,,1093=,Sanyah,1
,,,,1093=,Saorsa,1
,,,,1093=,Sapphire,1
,,,,1093=,Sarah-Ann,1
,,,,1093=,Sarah-Jayne,1
,,,,1093=,Sarah-Marie,1
,,,,1093=,Sarah-Michelle,1
,,,,1093=,Sarene,1
,,,,1093=,Sariah,1
,,,,1093=,Sarina,1
,,,,1093=,Sasa,1
,,,,1093=,Sasha-Elizabeth,1
,,,,1093=,Saski,1
,,,,1093=,Sativa,1
,,,,1093=,Satya,1
,,,,1093=,Savhanna,1
,,,,1093=,Scarlet,1
,,,,1093=,Schauwe,1
,,,,1093=,Scotia,1
,,,,1093=,Seanagh,1
,,,,1093=,Seanie,1
,,,,1093=,Seannie,1
,,,,1093=,Searlait,1
,,,,1093=,Seetal,1
,,,,1093=,Sehir,1
,,,,1093=,Sehrish,1
,,,,1093=,Senarath,1
,,,,1093=,Seniz,1
,,,,1093=,Seren,1
,,,,1093=,Serenna,1
,,,,1093=,Sewuese,1
,,,,1093=,Shabana,1
,,,,1093=,Shabeena,1
,,,,1093=,Shackira,1
,,,,1093=,Shada,1
,,,,1093=,Shadha,1
,,,,1093=,Shakiera,1
,,,,1093=,Shakira,1
,,,,1093=,Shaleen,1
,,,,1093=,Shameel,1
,,,,1093=,Shamilah,1
,,,,1093=,Shanen,1
,,,,1093=,Shaniah,1
,,,,1093=,Shanise,1
,,,,1093=,Shannon-Jade,1
,,,,1093=,Shannon-Shalom,1
,,,,1093=,Shantel,1
,,,,1093=,Sharanann,1
,,,,1093=,Sharene,1
,,,,1093=,Shari,1
,,,,1093=,Sharlyin,1
,,,,1093=,Sharmaine,1
,,,,1093=,Sharmika,1
,,,,1093=,Sharminara,1
,,,,1093=,Sharna,1
,,,,1093=,Shauney,1
,,,,1093=,Shauni-Lee,1
,,,,1093=,Shaunney,1
,,,,1093=,Shaunnie,1
,,,,1093=,Shauntell,1
,,,,1093=,Shauntelle,1
,,,,1093=,Shauny,1
,,,,1093=,Shavaun,1
,,,,1093=,Shavonne,1
,,,,1093=,Shawney,1
,,,,1093=,Shawnie,1
,,,,1093=,Shaznay,1
,,,,1093=,Shazney,1
,,,,1093=,Sheereen,1
,,,,1093=,Shehr-Bano,1
,,,,1093=,Shei,1
,,,,1093=,Shelbie,1
,,,,1093=,Shelby-Lee,1
,,,,1093=,Shenice,1
,,,,1093=,Shenies,1
,,,,1093=,Sheralyn,1
,,,,1093=,Sherane,1
,,,,1093=,Sheridan,1
,,,,1093=,Sheril,1
,,,,1093=,Sherlyn,1
,,,,1093=,Sherri,1
,,,,1093=,Sherrie,1
,,,,1093=,Shian,1
,,,,1093=,Shiloh,1
,,,,1093=,Shiloh-Anne,1
,,,,1093=,Shinaid,1
,,,,1093=,Shinead,1
,,,,1093=,Shiona,1
,,,,1093=,Shirley,1
,,,,1093=,Shirley-Anne,1
,,,,1093=,Shivani,1
,,,,1093=,Shonaid,1
,,,,1093=,Shonia,1
,,,,1093=,Shubhi,1
,,,,1093=,Shyan,1
,,,,1093=,Shyvonne,1
,,,,1093=,Si,1
,,,,1093=,Sianainn,1
,,,,1093=,Sidra,1
,,,,1093=,Sidrah,1
,,,,1093=,Simirn,1
,,,,1093=,Simranrani,1
,,,,1093=,Simren,1
,,,,1093=,Simrin,1
,,,,1093=,Simrit,1
,,,,1093=,Siofra,1
,,,,1093=,Siouxsie,1
,,,,1093=,Sirena,1
,,,,1093=,Sisley,1
,,,,1093=,Sixtine,1
,,,,1093=,Skie,1
,,,,1093=,Skyler,1
,,,,1093=,Sommer,1
,,,,1093=,Sommyr,1
,,,,1093=,Sonali,1
,,,,1093=,Sonita,1
,,,,1093=,Sonja,1
,,,,1093=,Soodeh,1
,,,,1093=,Sophie-Lee,1
,,,,1093=,Sorrel,1
,,,,1093=,Soti,1
,,,,1093=,Stacey-Leigh,1
,,,,1093=,Star,1
,,,,1093=,Starien,1
,,,,1093=,Starr,1
,,,,1093=,Steffaney,1
,,,,1093=,Steffanie,1
,,,,1093=,Steffi,1
,,,,1093=,Stefhanie,1
,,,,1093=,Stephani,1
,,,,1093=,Stephania,1
,,,,1093=,Stevie-Leigh,1
,,,,1093=,Stevielee,1
,,,,1093=,Stroma,1
,,,,1093=,Su-Ning,1
,,,,1093=,Sue,1
,,,,1093=,Suha,1
,,,,1093=,Sumaiyah,1
,,,,1093=,Sumaya,1
,,,,1093=,Sumer-Louise,1
,,,,1093=,Summor,1
,,,,1093=,Sundas,1
,,,,1093=,Sunia,1
,,,,1093=,Sunnah,1
,,,,1093=,Susie,1
,,,,1093=,Suzannah,1
,,,,1093=,Suzi,1
,,,,1093=,Sydnie,1
,,,,1093=,Sylvan,1
,,,,1093=,Syrena,1
,,,,1093=,Tabatha,1
,,,,1093=,Taelor,1
,,,,1093=,Taen,1
,,,,1093=,Tafadzwa,1
,,,,1093=,Tagen,1
,,,,1093=,Tahibah,1
,,,,1093=,Tahnae,1
,,,,1093=,Taigan,1
,,,,1093=,Tallulah,1
,,,,1093=,Talya,1
,,,,1093=,Tamaira,1
,,,,1093=,Tamar,1
,,,,1093=,Tamara-Jayne,1
,,,,1093=,Tamarah-Ann,1
,,,,1093=,Tamasin,1
,,,,1093=,Tamilei,1
,,,,1093=,Tamira,1
,,,,1093=,Tammi,1
,,,,1093=,Tammi-Ann,1
,,,,1093=,Tammi-Marie,1
,,,,1093=,Tamsyn,1
,,,,1093=,Tanisha,1
,,,,1093=,Taniysha,1
,,,,1093=,Tanvir,1
,,,,1093=,Tanzeela,1
,,,,1093=,Tarryn,1
,,,,1093=,Taryn,1
,,,,1093=,Tasha,1
,,,,1093=,Taskeen,1
,,,,1093=,Tasnim,1
,,,,1093=,Tatiana,1
,,,,1093=,Tatyana,1
,,,,1093=,Tauren,1
,,,,1093=,Tay,1
,,,,1093=,Taygan,1
,,,,1093=,Taykisha,1
,,,,1093=,Tayla,1
,,,,1093=,Tayllur,1
,,,,1093=,Tayzuki,1
,,,,1093=,Te'a,1
,,,,1093=,Teagan,1
,,,,1093=,Teegan,1
,,,,1093=,Teia,1
,,,,1093=,Teigen,1
,,,,1093=,Temilolaoluwa,1
,,,,1093=,Tennessee,1
,,,,1093=,Teona,1
,,,,1093=,Teoni,1
,,,,1093=,Teri-Lea,1
,,,,1093=,Tern,1
,,,,1093=,Tessa-Jayne,1
,,,,1093=,Thebe,1
,,,,1093=,Thiegan,1
,,,,1093=,Thokozani,1
,,,,1093=,Tiana,1
,,,,1093=,Tiaunna,1
,,,,1093=,Tieghan,1
,,,,1093=,Tierney-Sky,1
,,,,1093=,Tiffany-Anne,1
,,,,1093=,Tiffiny,1
,,,,1093=,Tiia,1
,,,,1093=,Tilda,1
,,,,1093=,Tisha,1
,,,,1093=,Tizane,1
,,,,1093=,Tommy,1
,,,,1093=,Tommy-Lee,1
,,,,1093=,Toni-Jane,1
,,,,1093=,Toni-Jaye,1
,,,,1093=,Toni-Lea,1
,,,,1093=,Toni-Leigh,1
,,,,1093=,Toni-Louise,1
,,,,1093=,Toni-May,1
,,,,1093=,Tonie,1
,,,,1093=,Tooba,1
,,,,1093=,Tor,1
,,,,1093=,Tori-Beth,1
,,,,1093=,Torrin,1
,,,,1093=,Tracey,1
,,,,1093=,Triana,1
,,,,1093=,Tricia,1
,,,,1093=,Trinity,1
,,,,1093=,Trisha,1
,,,,1093=,Trudi,1
,,,,1093=,Trudie,1
,,,,1093=,Tuesday,1
,,,,1093=,Tylier,1
,,,,1093=,Tylor,1
,,,,1093=,Tyra,1
,,,,1093=,Uma,1
,,,,1093=,Umay,1
,,,,1093=,Umayhabiba,1
,,,,1093=,Umaymah,1
,,,,1093=,Umma,1
,,,,1093=,Una,1
,,,,1093=,Unnam,1
,,,,1093=,Unzla,1
,,,,1093=,Usma,1
,,,,1093=,Vaishnavi,1
,,,,1093=,Vakya,1
,,,,1093=,Valerie,1
,,,,1093=,Vaniya,1
,,,,1093=,Vegas,1
,,,,1093=,Venisse,1
,,,,1093=,Venuri,1
,,,,1093=,Venus,1
,,,,1093=,Vhairi,1
,,,,1093=,Vicki-Leigh,1
,,,,1093=,Viraji,1
,,,,1093=,W.,1
,,,,1093=,Wai,1
,,,,1093=,Wallis,1
,,,,1093=,Wan,1
,,,,1093=,Wendiejo,1
,,,,1093=,Weyam,1
,,,,1093=,Wezi,1
,,,,1093=,Willow,1
,,,,1093=,Wing,1
,,,,1093=,Wing-Lam,1
,,,,1093=,Wing-Yuen,1
,,,,1093=,Wissam,1
,,,,1093=,Xandia,1
,,,,1093=,Xena,1
,,,,1093=,Xenia,1
,,,,1093=,Xinbao,1
,,,,1093=,Xyanthea,1
,,,,1093=,Ya,1
,,,,1093=,Yana,1
,,,,1093=,Yannah,1
,,,,1093=,Yasamin,1
,,,,1093=,Yasemin,1
,,,,1093=,Yasmeen,1
,,,,1093=,Yazmin,1
,,,,1093=,Yingqi,1
,,,,1093=,Yolanda,1
,,,,1093=,Yuk,1
,,,,1093=,Yuko,1
,,,,1093=,Yumn,1
,,,,1093=,Yuri,1
,,,,1093=,Yvette,1
,,,,1093=,Yvie,1
,,,,1093=,Zaara,1
,,,,1093=,Zahar,1
,,,,1093=,Zahara,1
,,,,1093=,Zahra',1
,,,,1093=,Zahrish,1
,,,,1093=,Zaib,1
,,,,1093=,Zaiba,1
,,,,1093=,Zaineb,1
,,,,1093=,Zakia,1
,,,,1093=,Zakiya,1
,,,,1093=,Zakiyyah,1
,,,,1093=,Zaphira,1
,,,,1093=,Zarah,1
,,,,1093=,Zaria,1
,,,,1093=,Zarina,1
,,,,1093=,Zarinah,1
,,,,1093=,Zayna,1
,,,,1093=,Zaynah,1
,,,,1093=,Zeenatun,1
,,,,1093=,Zehra,1
,,,,1093=,Zena,1
,,,,1093=,Zengani,1
,,,,1093=,Zermeen,1
,,,,1093=,Zhi,1
,,,,1093=,Zi,1
,,,,1093=,Zianab,1
,,,,1093=,Zilke,1
,,,,1093=,Zinet,1
,,,,1093=,Zuha,1
,,,,1093=,Zuleika,1
,,,,1093=,Zulekah,1
,,,,1093=,Zuma,1
,,,,1093=,Zunaira,1
,,,,,,
� Crown Copyright 2015,,,,,,
