Babies' first forenames: births registered in Scotland in 1996,,,,,,
,,,,,,
Information about the basis of the list can be found via the 'Babies' First Names' page on the National Records of Scotland website.,,,,,,
,,,,,,
Boys,,,,Girls,,
,,,,,,
Position,Name,Number of babies,,Position,Name,Number of babies
1,Ryan,932,,1,Emma,707
2,Andrew,772,,2,Amy,703
3,Liam,701,,3,Lauren,688
4,Jack,675,,4,Shannon,687
5,Connor,663,,5,Chloe,663
6,Scott,660,,6,Rebecca,659
7,James,654,,7,Megan,566
8,Daniel,647,,8,Sarah,490
9,Ross,640,,9,Rachel,481
10,Jordan,603,,10,Hannah,476
11,Michael,554,,11,Caitlin,439
12,David,542,,12,Nicole,438
13,Cameron,499,,13,Laura,387
14=,Craig,492,,14,Sophie,383
14=,Kieran,492,,15,Kirsty,332
16,Lewis,473,,16,Danielle,321
17,Christopher,461,,17,Katie,287
18,John,450,,18,Louise,271
19,Callum,447,,19,Erin,269
20,Jamie,430,,20,Samantha,255
21,Sean,425,,21,Emily,234
22,Matthew,421,,22,Jennifer,229
23,Kyle,388,,23=,Claire,227
24,Calum,372,,23=,Heather,227
25,Mark,361,,25,Stephanie,222
26,Dylan,338,,26=,Eilidh,210
27,Robert,332,,26=,Nicola,210
28,Thomas,331,,28,Jade,205
29,Adam,308,,29=,Kayleigh,198
30,Alexander,292,,29=,Lisa,198
31,Steven,288,,31=,Hayley,188
32,Darren,262,,31=,Holly,188
33,Paul,252,,33,Rachael,186
34,William,246,,34,Lucy,184
35,Stuart,245,,35,Melissa,180
36,Lee,240,,36,Jessica,173
37,Fraser,237,,37,Zoe,170
38,Stephen,218,,38,Robyn,165
39,Declan,205,,39,Gemma,164
40,Aaron,204,,40,Aimee,154
41,Dean,202,,41=,Anna,151
42,Shaun,200,,41=,Jodie,151
43,Aidan,173,,43,Natasha,150
44,Conor,171,,44,Natalie,147
45,Grant,170,,45,Victoria,137
46,Euan,166,,46,Chelsea,136
47,Joshua,165,,47,Kimberley,135
48=,Gary,157,,48,Ashley,134
48=,Jonathan,157,,49,Courtney,128
50=,Ben,156,,50,Kirsten,124
50=,Joseph,156,,51,Beth,123
52,Nathan,145,,52,Catherine,122
53,Martin,144,,53,Ashleigh,120
54,Sam,137,,54=,Abbie,118
55,Gavin,134,,54=,Alexandra,118
56,Peter,133,,56,Bethany,116
57=,Blair,130,,57,Charlotte,108
57=,Robbie,130,,58,Abigail,105
59=,Marc,128,,59,Demi,98
59=,Samuel,128,,60,Fiona,97
61=,Greg,127,,61,Paige,96
61=,Reece,127,,62,Taylor,92
63,Rory,125,,63,Catriona,91
64,Jason,124,,64=,Cara,90
65,Josh,121,,64=,Kelly,90
66,Alan,117,,66=,Amber,89
67=,Alistair,114,,66=,Leah,89
67=,Jake,114,,66=,Siobhan,89
69,Luke,110,,69=,Amanda,88
70,Kevin,107,,69=,Katherine,88
71,Ewan,104,,69=,Kathryn,88
72,Benjamin,99,,72,Kerry,86
73,Harry,94,,73,Elizabeth,83
74,Patrick,93,,74,Iona,82
75=,Anthony,90,,75,Molly,78
75=,Dale,90,,76,Jemma,76
77,Gregor,89,,77,Alice,74
78,Colin,87,,78=,Olivia,73
79,Iain,86,,78=,Ruth,73
80,Ian,85,,80,Jenna,71
81=,George,82,,81=,Alison,70
81=,Nicholas,82,,81=,Georgia,70
81=,Stewart,82,,81=,Morgan,70
84,Duncan,80,,84=,Ellen,68
85,Brandon,79,,84=,Hollie,68
86,Ciaran,75,,86=,Carly,67
87,Hamish,74,,86=,Naomi,67
88=,Brian,72,,88=,Alana,66
88=,Rhys,72,,88=,Mhairi,66
90=,Murray,71,,90,Kate,65
90=,Neil,71,,91=,Chantelle,64
92,Richard,70,,91=,Gillian,64
93=,Angus,68,,91=,Stacey,64
93=,Douglas,68,,94,Joanne,62
93=,Graeme,68,,95=,Isla,59
96,Alasdair,66,,95=,Joanna,59
97=,Bradley,62,,97=,Rebekah,58
97=,Owen,62,,97=,Toni,58
97=,Taylor,62,,99=,Ellie,56
100,Mohammed,61,,99=,Michelle,56
101,Jay,59,,101,Kelsey,54
102=,Allan,57,,102=,Clare,51
102=,Max,57,,102=,Leanne,51
104,Charles,56,,104=,Meghan,50
105,Joe,52,,104=,Rhiannon,50
106,Keiran,51,,106,Eleanor,49
107,Dominic,49,,107=,Hazel,48
108=,Finlay,48,,107=,Mairi,48
108=,Niall,48,,109=,Caroline,47
110=,Corey,47,,109=,Ciara,47
110=,Graham,47,,109=,Julie,47
112=,Alastair,46,,112=,Grace,46
112=,Calvin,46,,112=,Niamh,46
114=,Aiden,45,,114,Carla,45
114=,Edward,45,,115,Christina,44
116=,Glen,44,,116,Rosie,43
116=,Jacob,44,,117=,Brooke,42
116=,Marcus,44,,117=,Lorna,42
119,Donald,42,,119=,Brogan,41
120,Logan,41,,119=,Helen,41
121=,Daryl,40,,119=,Kathleen,41
121=,Elliot,40,,122=,Ailsa,40
121=,Gordon,40,,122=,Christie,40
121=,Oliver,40,,122=,Kaitlin,40
121=,Ronan,40,,122=,Michaela,40
121=,Shane,40,,122=,Sara,40
127,Garry,38,,122=,Shona,40
128=,Arran,37,,128=,Abby,39
128=,Conner,37,,128=,Amie,39
128=,Kenneth,37,,128=,Karen,39
128=,Ruairidh,37,,131,Caitlyn,38
132=,Alex,36,,132=,Adele,37
132=,Greig,36,,132=,Jacqueline,37
134,Simon,34,,132=,Katy,37
135=,Barry,33,,135,Dionne,36
135=,Fergus,33,,136,Alanna,35
135=,Kerr,33,,137=,Julia,34
138=,Bruce,32,,137=,Lindsay,34
138=,Ruaridh,32,,137=,Mary,34
140=,Dillon,31,,140=,Eve,33
140=,Stefan,31,,140=,Jasmine,33
140=,Tyler,31,,140=,Leigh,33
143=,Brodie,30,,140=,Margaret,33
143=,Frazer,30,,140=,Morven,33
145,Louis,29,,140=,Nadia,33
146=,Charlie,28,,140=,Paula,33
146=,Derek,28,,140=,Sian,33
146=,Jonathon,28,,140=,Suzanne,33
149=,Bryan,27,,140=,Tamara,33
149=,Jon,27,,150=,Colette,32
149=,Keir,27,,150=,Jamie,32
152=,Arron,26,,150=,Kirstin,32
152=,Kristopher,26,,150=,Roisin,32
154=,Gareth,25,,150=,Yasmin,32
154=,Glenn,25,,155=,Kim,31
154=,Russell,25,,155=,Kirstie,31
154=,Zak,25,,155=,Lori,31
158=,Brendan,24,,155=,Lynsey,31
158=,Ethan,24,,155=,Rhona,31
160=,Danny,23,,155=,Susan,31
160=,Kris,23,,161=,Alicia,30
160=,Malcolm,23,,161=,Kimberly,30
160=,Struan,23,,163=,Alex,29
164=,Evan,22,,163=,Kara,29
164=,Justin,22,,163=,Kerri,29
164=,Lyle,22,,163=,Madeleine,29
164=,Mohammad,22,,163=,Nadine,29
164=,Philip,22,,163=,Skye,29
169,Jordon,21,,169=,Georgina,28
170=,Billy,20,,169=,Jordan,28
170=,Brad,20,,171=,Alannah,27
170=,Campbell,20,,171=,Carrie,27
170=,Darryl,20,,171=,Lois,27
170=,Leon,20,,174=,Connie,26
170=,Tom,20,,174=,Lindsey,26
176,Francis,19,,174=,Monica,26
177=,Drew,18,,177=,Angela,25
177=,Hugh,18,,177=,Antonia,25
177=,Kristofer,18,,177=,Becky,25
177=,Muhammad,18,,180=,Eilish,24
177=,Tony,18,,180=,Jane,24
182=,Gerard,17,,180=,Jill,24
182=,Kieren,17,,180=,Katrina,24
182=,Mitchell,17,,180=,Nikki,24
182=,Raymond,17,,180=,Pamela,24
182=,Timothy,17,,180=,Zara,24
182=,Zachary,17,,187=,Ainsley,23
188=,Findlay,16,,187=,Alix,23
188=,Keith,16,,187=,Annie,23
188=,Lachlan,16,,187=,Elise,23
188=,Robin,16,,187=,Lara,23
192=,Ewen,15,,187=,Phoebe,23
192=,Finn,15,,187=,Sally,23
192=,Harris,15,,187=,Shelley,23
192=,Innes,15,,195=,Christine,22
192=,Kai,15,,195=,Dana,22
192=,Morgan,15,,195=,Kiera,22
198=,Alister,14,,195=,Linzi,22
198=,Kieron,14,,195=,Simone,22
198=,Martyn,14,,200=,Bronwyn,21
198=,Mathew,14,,200=,Daisy,21
198=,Sandy,14,,200=,Donna,21
203=,Jed,13,,200=,Ellis,21
203=,Lawrence,13,,200=,Jenny,21
203=,Roy,13,,200=,Maria,21
203=,Sebastian,13,,206=,Charlene,20
207=,Antony,12,,206=,Deborah,20
207=,Brett,12,,206=,Francesca,20
207=,Eoin,12,,206=,Lyndsay,20
207=,Harrison,12,,206=,Lyndsey,20
207=,Isaac,12,,206=,Melanie,20
207=,Maxwell,12,,206=,Rowan,20
207=,Regan,12,,206=,Sinead,20
207=,Ricky,12,,214=,Abbey,19
207=,Rowan,12,,214=,Christy,19
216=,Corrie,11,,214=,Hope,19
216=,Curtis,11,,214=,Tammy,19
216=,Jared,11,,214=,Tara,19
216=,Roderick,11,,219=,Briony,18
216=,Ruaraidh,11,,219=,Cheryl,18
221=,Alisdair,10,,219=,Colleen,18
221=,Arthur,10,,219=,Hayleigh,18
221=,Caleb,10,,219=,Leona,18
221=,Connar,10,,219=,Louisa,18
221=,Damon,10,,219=,Nina,18
221=,Hayden,10,,219=,Shelby,18
221=,Henry,10,,219=,Tanya,18
221=,Jackson,10,,219=,Terri,18
221=,Joel,10,,229=,Andrea,17
221=,Johnathan,10,,229=,Claudia,17
221=,Kane,10,,229=,Dawn,17
221=,Karl,10,,229=,Freya,17
221=,Leigh,10,,229=,Jamie-Lee,17
221=,Ronald,10,,229=,Lana,17
221=,Vincent,10,,235=,Alisha,16
236=,Bobby,9,,235=,Billie,16
236=,Christian,9,,235=,Celine,16
236=,Ellis,9,,235=,Chelsey,16
236=,Harvey,9,,235=,Jasmin,16
236=,Lloyd,9,,235=,Jodi,16
236=,Marco,9,,235=,Kaitlyn,16
236=,Oscar,9,,235=,Laurie,16
236=,Ruairi,9,,235=,Sasha,16
236=,Ruari,9,,235=,Shauna,16
236=,Zack,9,,235=,Sophia,16
246=,Ahmed,8,,235=,Yvonne,16
246=,Ashley,8,,247=,Ailish,15
246=,Darrell,8,,247=,Alexandria,15
246=,Dillan,8,,247=,Amelia,15
246=,Elliott,8,,247=,Anne,15
246=,Eric,8,,247=,April,15
246=,Gabriel,8,,247=,Charley,15
246=,Gregg,8,,247=,Charmaine,15
246=,Gregory,8,,247=,Eva,15
246=,Haydn,8,,247=,Keira,15
246=,Keiron,8,,247=,Keri,15
246=,Kurt,8,,247=,Mairead,15
246=,Lucas,8,,258=,Aisha,14
246=,Macaulay,8,,258=,Dannielle,14
246=,Mason,8,,258=,Elaine,14
246=,Reiss,8,,258=,Evie,14
246=,Terry,8,,258=,Frances,14
246=,Tommy,8,,258=,Jillian,14
264=,Abdul,7,,258=,Josephine,14
264=,Ali,7,,258=,Katharine,14
264=,Cairn,7,,258=,Lesley,14
264=,Callan,7,,258=,Lily,14
264=,Chad,7,,258=,Marie,14
264=,Damien,7,,258=,Rhianna,14
264=,Daryn,7,,258=,Shannen,14
264=,Eoghan,7,,258=,Tiffany,14
264=,Hassan,7,,272=,Alanah,13
264=,Kelvin,7,,272=,Cody,13
264=,Laurence,7,,272=,Danni,13
264=,Leo,7,,272=,Debbie,13
264=,Nicolas,7,,272=,Imogen,13
264=,Rikki,7,,272=,Kayley,13
264=,Saif,7,,272=,Lydia,13
264=,Saul,7,,272=,Lynne,13
264=,Scot,7,,272=,Tegan,13
264=,Theodore,7,,281=,Casey,12
264=,Toby,7,,281=,Cassie,12
264=,Todd,7,,281=,Dayna,12
264=,Umar,7,,281=,Ebony,12
264=,Walter,7,,281=,Faye,12
264=,Warren,7,,281=,Flora,12
287=,Adrian,6,,281=,Gabrielle,12
287=,Alec,6,,281=,Harriet,12
287=,Anton,6,,281=,Jay,12
287=,Antonio,6,,281=,Jordyn,12
287=,Archie,6,,281=,Karla,12
287=,Austin,6,,281=,Katelyn,12
287=,Blake,6,,281=,Lynn,12
287=,Bryce,6,,281=,Stefanie,12
287=,Cailean,6,,295=,Allana,11
287=,Cory,6,,295=,Bethan,11
287=,Damian,6,,295=,Cassandra,11
287=,Darius,6,,295=,Chelsie,11
287=,Dayle,6,,295=,Daniella,11
287=,Declyn,6,,295=,Helena,11
287=,Don,6,,295=,Justine,11
287=,Eamonn,6,,295=,Kerrie,11
287=,Felix,6,,295=,Loren,11
287=,Frank,6,,295=,Marissa,11
287=,Frankie,6,,295=,Rebekka,11
287=,Frederick,6,,295=,Saskia,11
287=,Gerald,6,,307=,Alexis,10
287=,Guy,6,,307=,Annabel,10
287=,Kalvin,6,,307=,Bonnie,10
287=,Keiren,6,,307=,Brodie,10
287=,Kyran,6,,307=,Bryony,10
287=,Lyall,6,,307=,Carmen,10
287=,Macauley,6,,307=,Carys,10
287=,Magnus,6,,307=,Chanelle,10
287=,Muhammed,6,,307=,Corrie,10
287=,Nathaniel,6,,307=,Darcy,10
287=,Neal,6,,307=,Diane,10
287=,Nico,6,,307=,Eden,10
287=,Richie,6,,307=,Ella,10
287=,Ronnie,6,,307=,Emma-Louise,10
287=,Shawn,6,,307=,Eryn,10
287=,Travis,6,,307=,Fern,10
287=,Wayne,6,,307=,Gaynor,10
287=,Zac,6,,307=,Hanna,10
287=,Zain,6,,307=,Jayne,10
326=,Aaran,5,,307=,Karis,10
326=,Ahmad,5,,307=,Kaylee,10
326=,Amir,5,,307=,Kelsie,10
326=,Archibald,5,,307=,Linda,10
326=,Bernard,5,,307=,Marion,10
326=,Brogan,5,,307=,Marnie,10
326=,Charley,5,,307=,Rose,10
326=,Clark,5,,307=,Shannan,10
326=,Coll,5,,307=,Shauni,10
326=,Connel,5,,307=,Stevie,10
326=,Cooper,5,,307=,Teri,10
326=,Dennis,5,,307=,Tyler,10
326=,Eamon,5,,307=,Vanessa,10
326=,Forbes,5,,307=,Vikki,10
326=,Hamza,5,,340=,Abbi,9
326=,Haris,5,,340=,Carley,9
326=,Hector,5,,340=,Charlie,9
326=,Jacques,5,,340=,Collette,9
326=,Ka,5,,340=,Courteney,9
326=,Kenny,5,,340=,Dione,9
326=,Lorne,5,,340=,Elle,9
326=,Matt,5,,340=,Eloise,9
326=,Noah,5,,340=,Georgie,9
326=,Phillip,5,,340=,Honor,9
326=,Rian,5,,340=,Isabella,9
326=,Riccardo,5,,340=,Jayde,9
326=,Rob,5,,340=,Kayla,9
326=,Rohan,5,,340=,Lianne,9
326=,Seamus,5,,340=,Linsey,9
326=,Seumas,5,,340=,Lynsay,9
326=,Terence,5,,340=,Miriam,9
326=,Usman,5,,340=,Mirren,9
326=,Zach,5,,340=,Nicolle,9
359=,Aden,4,,340=,Poppy,9
359=,Alfie,4,,340=,Rhian,9
359=,Amar,4,,340=,Rhianne,9
359=,Asif,4,,340=,Sarah-Jane,9
359=,Benedict,4,,340=,Shanice,9
359=,Benn,4,,340=,Shaunie,9
359=,Bilal,4,,340=,Yasmine,9
359=,Blane,4,,366=,Adelle,8
359=,Boyd,4,,366=,Aileen,8
359=,Brendon,4,,366=,Ailie,8
359=,Bryn,4,,366=,Alyx,8
359=,Caelan,4,,366=,Ann,8
359=,Cain,4,,366=,Carolyn,8
359=,Cal,4,,366=,Chanel,8
359=,Callam,4,,366=,Denise,8
359=,Carl,4,,366=,Dominique,8
359=,Chris,4,,366=,Elisha,8
359=,Christy,4,,366=,Gayle,8
359=,Cieran,4,,366=,Isobel,8
359=,Clarke,4,,366=,Jaime,8
359=,Cody,4,,366=,Johanna,8
359=,Cole,4,,366=,Joy,8
359=,Conal,4,,366=,Judith,8
359=,Connal,4,,366=,Katriona,8
359=,Crawford,4,,366=,Kyra,8
359=,Dalton,4,,366=,Lauryn,8
359=,Dayne,4,,366=,Lorraine,8
359=,Deklyn,4,,366=,Madison,8
359=,Derry,4,,366=,Maya,8
359=,Devlin,4,,366=,Philippa,8
359=,Dion,4,,366=,Rona,8
359=,Erik,4,,366=,Ruby,8
359=,Ibrahim,4,,366=,Sheryl,8
359=,Imran,4,,366=,Summer,8
359=,Jan,4,,366=,Zoey,8
359=,Jarred,4,,394=,Ailidh,7
359=,Jonah,4,,394=,Allanah,7
359=,Josef,4,,394=,Allison,7
359=,Joss,4,,394=,Alyson,7
359=,Julian,4,,394=,Ami,7
359=,Kasim,4,,394=,Andi,7
359=,Kelsey,4,,394=,Andie,7
359=,Kriss,4,,394=,Ayesha,7
359=,Kristoffer,4,,394=,Bobbie,7
359=,Laurie,4,,394=,Caragh,7
359=,Leroy,4,,394=,Cherie,7
359=,Levi,4,,394=,Chiara,7
359=,Luca,4,,394=,Clair,7
359=,Marshall,4,,394=,Clara,7
359=,Maximilian,4,,394=,Esme,7
359=,Mikey,4,,394=,Esther,7
359=,Mohamed,4,,394=,Evangeline,7
359=,Myles,4,,394=,Evelyn,7
359=,Nairn,4,,394=,Gabriella,7
359=,Nikolas,4,,394=,Gail,7
359=,Noel,4,,394=,Gina,7
359=,Omar,4,,394=,India,7
359=,Ritchie,4,,394=,Jo,7
359=,Robson,4,,394=,Juliet,7
359=,Syed,4,,394=,Juliette,7
359=,Tobias,4,,394=,Karly,7
359=,Tristan,4,,394=,Kira,7
359=,Tyrone,4,,394=,Kirsteen,7
359=,Victor,4,,394=,Lee,7
359=,Wallace,4,,394=,Mandy,7
359=,Wilson,4,,394=,Martha,7
425=,Aarron,3,,394=,Maryam,7
425=,Abdulla,3,,394=,Mhari,7
425=,Alessandro,3,,394=,Morag,7
425=,Allen,3,,394=,Nikita,7
425=,Andreas,3,,394=,Orla,7
425=,Aron,3,,394=,Rhea,7
425=,Asim,3,,394=,Rosa,7
425=,Austen,3,,394=,Rosalind,7
425=,Ayden,3,,394=,Savannah,7
425=,Blaine,3,,394=,Seonaid,7
425=,Chi,3,,394=,Tammi,7
425=,Cian,3,,394=,Vicki,7
425=,Colm,3,,394=,Wendy,7
425=,Conar,3,,394=,Zainab,7
425=,Dario,3,,439=,Aimie,6
425=,Darragh,3,,439=,Ainslie,6
425=,Darrel,3,,439=,Bernadette,6
425=,Derren,3,,439=,Brittany,6
425=,Derrick,3,,439=,Candice,6
425=,Domenico,3,,439=,Charis,6
425=,Dougal,3,,439=,Corinne,6
425=,Eden,3,,439=,Daryl,6
425=,Geoffrey,3,,439=,Deanna,6
425=,Gianluca,3,,439=,Demi-Lee,6
425=,Gillies,3,,439=,Erica,6
425=,Harley,3,,439=,Erinn,6
425=,Hashim,3,,439=,Heidi,6
425=,Hugo,3,,439=,Hilary,6
425=,Ismail,3,,439=,Iqra,6
425=,Ivan,3,,439=,Jaye,6
425=,Jarvis,3,,439=,Kellie,6
425=,Jeff,3,,439=,Kiran,6
425=,Johnathon,3,,439=,Kristi,6
425=,Jordyn,3,,439=,Kristie,6
425=,Junaid,3,,439=,Kristina,6
425=,Kalen,3,,439=,Kristy,6
425=,Kalum,3,,439=,Kym,6
425=,Karim,3,,439=,Lucie,6
425=,Keelan,3,,439=,Maisie,6
425=,Keenan,3,,439=,Marianne,6
425=,Kierran,3,,439=,Marley,6
425=,Kirk,3,,439=,Meaghan,6
425=,Kristian,3,,439=,Mollie,6
425=,Kurtis,3,,439=,Patricia,6
425=,Leslie,3,,439=,Rae,6
425=,Lukas,3,,439=,Rhiann,6
425=,Mackenzie,3,,439=,Rochelle,6
425=,Maximillian,3,,439=,Rosanna,6
425=,Miller,3,,439=,Roslyn,6
425=,Moray,3,,439=,Samara,6
425=,Nathanael,3,,439=,Shanna,6
425=,Neill,3,,439=,Sharon,6
425=,Nicky,3,,439=,Shereen,6
425=,Nigel,3,,439=,Stacy,6
425=,Pierce,3,,439=,Steffi,6
425=,Ramsay,3,,439=,Susanna,6
425=,Rees,3,,439=,Tabitha,6
425=,Reuben,3,,439=,Tessa,6
425=,Rhonan,3,,483=,Adrienne,5
425=,Robb,3,,483=,Allyson,5
425=,Roddy,3,,483=,Alyssa,5
425=,Rogan,3,,483=,Annabelle,5
425=,Sanjeev,3,,483=,Annalise,5
425=,Shay,3,,483=,Anya,5
425=,Sher,3,,483=,Arlene,5
425=,Silas,3,,483=,Ashton,5
425=,Sohail,3,,483=,Aysha,5
425=,Stevie,3,,483=,Bianca,5
425=,Troy,3,,483=,Cailin,5
425=,Uwais,3,,483=,Camille,5
425=,Xavier,3,,483=,Carlie,5
425=,Yahya,3,,483=,Chantel,5
497=,Aadil,2,,483=,Constance,5
497=,Abbas,2,,483=,Coral,5
497=,Abraham,2,,483=,Dani,5
497=,Adeel,2,,483=,Elisabeth,5
497=,Adil,2,,483=,Elspeth,5
497=,Aditya,2,,483=,Hana,5
497=,Adnan,2,,483=,Janet,5
497=,Aeden,2,,483=,Jessie,5
497=,Ainsley,2,,483=,Jody,5
497=,Alejandro,2,,483=,Josie,5
497=,Alexandre,2,,483=,Kaleigh,5
497=,Allistair,2,,483=,Kennedy,5
497=,Ally,2,,483=,Linsay,5
497=,Ameer,2,,483=,Lucia,5
497=,Amer,2,,483=,Mariam,5
497=,Anderson,2,,483=,Marisa,5
497=,Anil,2,,483=,Maxine,5
497=,Antoni,2,,483=,Meg,5
497=,Aonghas,2,,483=,Nathalie,5
497=,Aran,2,,483=,Rabia,5
497=,Arin,2,,483=,Rebeckah,5
497=,Aston,2,,483=,Ria,5
497=,Athanasios,2,,483=,Rosemary,5
497=,Awais,2,,483=,Roxanne,5
497=,Aydan,2,,483=,Sarah-Louise,5
497=,Baillie,2,,483=,Siannon,5
497=,Barnaby,2,,483=,Susannah,5
497=,Barny,2,,483=,Tamsin,5
497=,Beinn,2,,483=,Tia,5
497=,Brandyn,2,,483=,Tori,5
497=,Brent,2,,483=,Tracy,5
497=,Brody,2,,483=,Veronica,5
497=,Cael,2,,483=,Vivien,5
497=,Callen,2,,483=,Wallis,5
497=,Camran,2,,531=,Ainsleigh,4
497=,Carlo,2,,531=,Alanis,4
497=,Carrick,2,,531=,Aleshia,4
497=,Casey,2,,531=,Alissa,4
497=,Cathal,2,,531=,Alysha,4
497=,Cavan,2,,531=,Amina,4
497=,Chae,2,,531=,Anita,4
497=,Chay,2,,531=,Arianne,4
497=,Christie,2,,531=,Atlanta,4
497=,Claudio,2,,531=,Audrey,4
497=,Clay,2,,531=,Autumn,4
497=,Colum,2,,531=,Barbara,4
497=,Conall,2,,531=,Beckie,4
497=,Coner,2,,531=,Bobbi,4
497=,Conlan,2,,531=,Bria,4
497=,Conlon,2,,531=,Corrine,4
497=,Connah,2,,531=,Dannii,4
497=,Connaire,2,,531=,Demmi,4
497=,Connall,2,,531=,Dion,4
497=,Connon,2,,531=,Eirinn,4
497=,Conrad,2,,531=,Emmalouise,4
497=,Corie,2,,531=,Faith,4
497=,Corin,2,,531=,Fatima,4
497=,Cormac,2,,531=,Felicity,4
497=,Cristiano,2,,531=,Genevieve,4
497=,Cullen,2,,531=,Hailey,4
497=,Daanyaal,2,,531=,Haley,4
497=,Danial,2,,531=,Harley,4
497=,Daragh,2,,531=,Holli,4
497=,Darin,2,,531=,Iman,4
497=,Darron,2,,531=,Isabelle,4
497=,Deane,2,,531=,Jaimee,4
497=,Derrin,2,,531=,Jamielee,4
497=,Diarmid,2,,531=,Janie,4
497=,Dugald,2,,531=,Jaymee,4
497=,Dylon,2,,531=,Jena,4
497=,Eddie,2,,531=,Jolene,4
497=,Edwin,2,,531=,Karina,4
497=,Eliot,2,,531=,Karyn,4
497=,Emilio,2,,531=,Katelynn,4
497=,Emre,2,,531=,Kay,4
497=,Fabian,2,,531=,Kelsi,4
497=,Faisal,2,,531=,Kendal,4
497=,Farooq,2,,531=,Kenna,4
497=,Fearghas,2,,531=,Kenzie,4
497=,Finnbar,2,,531=,Lacey,4
497=,Fionn,2,,531=,Laura-Anne,4
497=,Fionnlagh,2,,531=,Layla,4
497=,Forest,2,,531=,Leeanne,4
497=,Geordie,2,,531=,Leia,4
497=,Gurjit,2,,531=,Leoni,4
497=,Hadyn,2,,531=,Leonna,4
497=,Haider,2,,531=,Lia,4
497=,Hamzah,2,,531=,Lisa-Marie,4
497=,Harmeet,2,,531=,Madeline,4
497=,Haroon,2,,531=,Maura,4
497=,Hussan,2,,531=,Mia,4
497=,Huzaifah,2,,531=,Millie,4
497=,Iestyn,2,,531=,Miranda,4
497=,Irvine,2,,531=,Murron,4
497=,Jai,2,,531=,Natalia,4
497=,Jak,2,,531=,Nichola,4
497=,Jakob,2,,531=,Nichole,4
497=,Jamey,2,,531=,Nur,4
497=,Jamie-Lee,2,,531=,Pauline,4
497=,Jardin,2,,531=,Rachelle,4
497=,Jaspal,2,,531=,Raegan,4
497=,Jaspreet,2,,531=,Reagan,4
497=,Jatinder,2,,531=,Regan,4
497=,Javen,2,,531=,Robin,4
497=,Jayce,2,,531=,Romana,4
497=,Jayden,2,,531=,Romy,4
497=,Jaymie,2,,531=,Roseanna,4
497=,Jeremy,2,,531=,Sabrina,4
497=,Jo,2,,531=,Sam,4
497=,Johnny,2,,531=,Shannah,4
497=,Jon-Paul,2,,531=,Sofia,4
497=,Jonjo,2,,531=,Tess,4
497=,Jordan-Lee,2,,531=,Thea,4
497=,Jorge,2,,531=,Vicky,4
497=,Jourdan,2,,611=,Abbigail,3
497=,Jozef,2,,611=,Abigayle,3
497=,Jye,2,,611=,Aidan,3
497=,Kaelan,2,,611=,Aiesha,3
497=,Kaleb,2,,611=,Ailis,3
497=,Kallum,2,,611=,Alexa,3
497=,Kamran,2,,611=,Allysha,3
497=,Karan,2,,611=,Amberley,3
497=,Keanu,2,,611=,Aminah,3
497=,Keegan,2,,611=,Amirah,3
497=,Keilan,2,,611=,Amna,3
497=,Kierin,2,,611=,Amy-Louise,3
497=,Konnor,2,,611=,Aneesa,3
497=,Konor,2,,611=,Aneesah,3
497=,Korey,2,,611=,Annemarie,3
497=,Lachlann,2,,611=,Ariane,3
497=,Lars,2,,611=,Arran,3
497=,Lawrie,2,,611=,Asha,3
497=,Leif,2,,611=,Asia,3
497=,Leighton,2,,611=,Ayla,3
497=,Lhiam,2,,611=,Ayleigh,3
497=,Louie,2,,611=,Bailey,3
497=,Luciano,2,,611=,Baillie,3
497=,Maison,2,,611=,Bekki,3
497=,Malik,2,,611=,Breagha,3
497=,Man,2,,611=,Brianna,3
497=,Mario,2,,611=,Briege,3
497=,Mathieu,2,,611=,Bronagh,3
497=,Micheal,2,,611=,Bronwen,3
497=,Mike,2,,611=,Cally,3
497=,Mohd,2,,611=,Camilla,3
497=,Murry,2,,611=,Carli,3
497=,Mustafa,2,,611=,Carol,3
497=,Naveed,2,,611=,Carolann,3
497=,Nicol,2,,611=,Carolanne,3
497=,Nile,2,,611=,Cassey,3
497=,Norman,2,,611=,Catrin,3
497=,Nyle,2,,611=,Catrina,3
497=,Owain,2,,611=,Ceri,3
497=,Padraig,2,,611=,Charli,3
497=,Perry,2,,611=,Charly,3
497=,Phoenix,2,,611=,Claire-Louise,3
497=,Qaasim,2,,611=,Clarissa,3
497=,Qasim,2,,611=,Clodagh,3
497=,Quinn,2,,611=,Cloe,3
497=,Ranald,2,,611=,Coleen,3
497=,Ray,2,,611=,Corri,3
497=,Reagan,2,,611=,Corrina,3
497=,Reegan,2,,611=,Daniela,3
497=,Reeve,2,,611=,Danna,3
497=,Rhory,2,,611=,Darci,3
497=,Rhyan,2,,611=,Darcie,3
497=,Ricardo,2,,611=,Devon,3
497=,Rohaan,2,,611=,Diana,3
497=,Rorie,2,,611=,Dorothy,3
497=,Rowen,2,,611=,Eileen,3
497=,Ruaidhri,2,,611=,Elena,3
497=,Ryland,2,,611=,Elinor,3
497=,Salman,2,,611=,Elisa,3
497=,Samir,2,,611=,Emilie,3
497=,Sandeep,2,,611=,Erika,3
497=,Sanjay,2,,611=,Errin,3
497=,Sebastien,2,,611=,Estelle,3
497=,Seoras,2,,611=,Evan,3
497=,Seth,2,,611=,Fay,3
497=,Shaan,2,,611=,Finlay,3
497=,Shaheer,2,,611=,Fionnuala,3
497=,Shaw,2,,611=,Florence,3
497=,Shea,2,,611=,Hafsa,3
497=,Stanley,2,,611=,Hina,3
497=,Stefano,2,,611=,Irene,3
497=,Stephan,2,,611=,Isabel,3
497=,Steve,2,,611=,Islay,3
497=,Sweyn,2,,611=,Ivana,3
497=,Taidgh,2,,611=,Janey,3
497=,Taran,2,,611=,Jazmin,3
497=,Tarun,2,,611=,Jean,3
497=,Theo,2,,611=,Jenni,3
497=,Tim,2,,611=,Jennie,3
497=,Tomas,2,,611=,Jocelyn,3
497=,Tomasz,2,,611=,Jodi-Anne,3
497=,Torin,2,,611=,Jordanne,3
497=,Torquil,2,,611=,Julianne,3
497=,Trevor,2,,611=,Kaiya,3
497=,Usamah,2,,611=,Karli,3
497=,Valentino,2,,611=,Kasey,3
497=,Wesley,2,,611=,Katarina,3
497=,Yan,2,,611=,Katelin,3
497=,Yousaf,2,,611=,Katelynne,3
497=,Youssef,2,,611=,Katerina,3
497=,Zaki,2,,611=,Katey,3
497=,Zayn,2,,611=,Kaylie,3
497=,Zubair,2,,611=,Kayliegh,3
704=,Aadam,1,,611=,Kaytlin,3
704=,Aaden,1,,611=,Keeley,3
704=,Aamir,1,,611=,Keely,3
704=,Aaronveer,1,,611=,Kendall,3
704=,Aarran,1,,611=,Keren,3
704=,Aarryn,1,,611=,Kerri-Anne,3
704=,Aaryn,1,,611=,Kerryanne,3
704=,Abd,1,,611=,Kerryn,3
704=,Abd-Al,1,,611=,Khloe,3
704=,Abdu-Allah,1,,611=,Kiara,3
704=,Abdualrrahman,1,,611=,Kirsti,3
704=,Abdul-Aziz,1,,611=,Kirsty-Anne,3
704=,Abdulaleam,1,,611=,Kirstyn,3
704=,Abdullah,1,,611=,Kourtney,3
704=,Abdulrahman,1,,611=,Kristin,3
704=,Abdulrhman,1,,611=,Kyla,3
704=,Abdur,1,,611=,Kylie,3
704=,Abhimanyu,1,,611=,Larissa,3
704=,Abid,1,,611=,Lauri,3
704=,Abu-Hurayrah,1,,611=,Lea,3
704=,Adair,1,,611=,Lee-Anne,3
704=,Adarro,1,,611=,Leena,3
704=,Adeem,1,,611=,Leigh-Ann,3
704=,Adham,1,,611=,Leigha,3
704=,Adib,1,,611=,Leila,3
704=,Adin,1,,611=,Lena,3
704=,Adon,1,,611=,Levi,3
704=,Adrien,1,,611=,Liana,3
704=,Adris,1,,611=,Libby,3
704=,Aedan,1,,611=,Lillian,3
704=,Aerron,1,,611=,Lucinda,3
704=,Afrasyab,1,,611=,Luisa,3
704=,Agha,1,,611=,Lynda,3
704=,Agilla,1,,611=,Maliha,3
704=,Ahad,1,,611=,Mara,3
704=,Ahren,1,,611=,Marcia,3
704=,Ahron,1,,611=,Mariah,3
704=,Ahsaan,1,,611=,Martine,3
704=,Aidan-Bryan,1,,611=,Matilda,3
704=,Aiden-David,1,,611=,Maureen,3
704=,Aidon,1,,611=,Michaella,3
704=,Aiman,1,,611=,Mikaela,3
704=,Aird,1,,611=,Monique,3
704=,Aitken,1,,611=,Morgen,3
704=,Akeel,1,,611=,Morna,3
704=,Akeil,1,,611=,Nicki,3
704=,Aki,1,,611=,Nikkita,3
704=,Akif,1,,611=,Nuala,3
704=,Akshay,1,,611=,Nyree,3
704=,Alaan,1,,611=,Paisley,3
704=,Aladino,1,,611=,Penelope,3
704=,Alasdhair,1,,611=,Rebeka,3
704=,Alberto,1,,611=,Rhanna,3
704=,Aldo,1,,611=,Rhia,3
704=,Aleem,1,,611=,Rhiannan,3
704=,Alexandros,1,,611=,Rio,3
704=,Alexis,1,,611=,Riona,3
704=,Alexzander,1,,611=,Roberta,3
704=,Alick,1,,611=,Rosalyn,3
704=,Alireza,1,,611=,Rosanne,3
704=,Alix,1,,611=,Rowena,3
704=,Alixander,1,,611=,Sana,3
704=,Allison,1,,611=,Sandie,3
704=,Allister,1,,611=,Sapphire,3
704=,Allistir,1,,611=,Sascha,3
704=,Almas,1,,611=,Selina,3
704=,Almutawakel,1,,611=,Serena,3
704=,Alun,1,,611=,Shana,3
704=,Alvar,1,,611=,Shania,3
704=,Alvin,1,,611=,Shaunna,3
704=,Alwyn,1,,611=,Sheena,3
704=,Amaad-Ul-Hassan,1,,611=,Sheona,3
704=,Amit,1,,611=,Simona,3
704=,Ammar,1,,611=,Simran,3
704=,Anas,1,,611=,Sky,3
704=,Andae,1,,611=,Sonia,3
704=,Andrew-Allan,1,,611=,Staci,3
704=,Andrew-James,1,,611=,Stacie,3
704=,Andy,1,,611=,Suzannah,3
704=,Aniq,1,,611=,Symone,3
704=,Anson,1,,611=,Talia,3
704=,Antoine,1,,611=,Tammie,3
704=,Anuraj,1,,611=,Teighlor,3
704=,Aodan,1,,611=,Tonia,3
704=,Arcangelo,1,,611=,Tonicha,3
704=,Ardal,1,,611=,Tracey,3
704=,Arden,1,,611=,Valerie,3
704=,Ardle,1,,611=,Vhari,3
704=,Areeb,1,,611=,Wing,3
704=,Arfan,1,,611=,Zenab,3
704=,Argyll,1,,794=,Abaigh,2
704=,Arif,1,,794=,Abigael,2
704=,Arion,1,,794=,Adelaide,2
704=,Arjun,1,,794=,Adelina,2
704=,Armando,1,,794=,Adriana,2
704=,Arn,1,,794=,Agnes,2
704=,Arren,1,,794=,Aiden,2
704=,Arsalan,1,,794=,Aine,2
704=,Arunbir,1,,794=,Aishah,2
704=,Asfandyar,1,,794=,Aislinn,2
704=,Asmaan,1,,794=,Aleena,2
704=,Ata,1,,794=,Aletia,2
704=,Atholl,1,,794=,Alexandera,2
704=,Atiq,1,,794=,Ali,2
704=,Atkin,1,,794=,Alina,2
704=,Aunce,1,,794=,Aliyah,2
704=,Austyn,1,,794=,Allannah,2
704=,Averkis,1,,794=,Allie,2
704=,Axel,1,,794=,Alys,2
704=,Ayman,1,,794=,Alysa,2
704=,Aymen,1,,794=,Alyshia,2
704=,Ayoub,1,,794=,Amanda-Jane,2
704=,Ayrton,1,,794=,Amee,2
704=,Ayyub,1,,794=,Amiee,2
704=,Azam,1,,794=,Ana,2
704=,Azim,1,,794=,Anastasia,2
704=,Babiker,1,,794=,Aneela,2
704=,Badr-Dein,1,,794=,Angel,2
704=,Badrul,1,,794=,Angelica,2
704=,Bailey,1,,794=,Ani,2
704=,Balal,1,,794=,Anisa,2
704=,Baljinder,1,,794=,Anisah,2
704=,Bannor,1,,794=,Annika,2
704=,Barnabas,1,,794=,Aqsa,2
704=,Barrie,1,,794=,Arianna,2
704=,Bart,1,,794=,Arooj,2
704=,Bazil,1,,794=,Arwen,2
704=,Belal,1,,794=,Ashli,2
704=,Bellund,1,,794=,Asiya,2
704=,Ben-Luc,1,,794=,Avril,2
704=,Beni,1,,794=,Ayeisha,2
704=,Bertie,1,,794=,Ayisha,2
704=,Bijan,1,,794=,Aynsleigh,2
704=,Billal-Ur,1,,794=,Aynsley,2
704=,Billie,1,,794=,Bella,2
704=,Billy-Jo,1,,794=,Belle,2
704=,Bj-Alan,1,,794=,Beverley,2
704=,Blayn,1,,794=,Blaine,2
704=,Bleu,1,,794=,Blair,2
704=,Bob,1,,794=,Blaire,2
704=,Bobby-Michael,1,,794=,Blayre,2
704=,Bodhi,1,,794=,Blythe,2
704=,Bonar,1,,794=,Brenna,2
704=,Boston,1,,794=,Briana,2
704=,Brackin,1,,794=,Brody,2
704=,Bradd,1,,794=,Broghan,2
704=,Braden,1,,794=,Bronach,2
704=,Bradie-Taylor,1,,794=,Bronte,2
704=,Bradlie,1,,794=,Brooklyn,2
704=,Bran,1,,794=,Brooklyne,2
704=,Brandan,1,,794=,Bryonie,2
704=,Branden,1,,794=,Caitland,2
704=,Brandin,1,,794=,Caitlynn,2
704=,Brandon-Dean,1,,794=,Caitriona,2
704=,Brannon,1,,794=,Caley,2
704=,Brendanlee,1,,794=,Calli,2
704=,Brinley,1,,794=,Caprice,2
704=,Britt,1,,794=,Caris,2
704=,Broc,1,,794=,Caron,2
704=,Broderick,1,,794=,Carra,2
704=,Brook,1,,794=,Cassidy,2
704=,Butler,1,,794=,Cathryn,2
704=,Byron,1,,794=,Cecilia,2
704=,Caeleb,1,,794=,Ceilidh,2
704=,Caelum,1,,794=,Ceit,2
704=,Cahil,1,,794=,Ceitidh,2
704=,Cai,1,,794=,Chandra,2
704=,Caine,1,,794=,Chantell,2
704=,Cairns,1,,794=,Charise,2
704=,Cairo,1,,794=,Charleigh,2
704=,Calan,1,,794=,Chelcie,2
704=,Calanais,1,,794=,Chelsi,2
704=,Calder,1,,794=,Cherise,2
704=,Calem,1,,794=,Chevonne,2
704=,Calian,1,,794=,Cheyenne,2
704=,Calieb,1,,794=,Ching,2
704=,Calladan,1,,794=,Cindy,2
704=,Callumn,1,,794=,Clarice,2
704=,Calum-Matthias,1,,794=,Codie,2
704=,Calumn,1,,794=,Cora,2
704=,Calvert,1,,794=,Corey,2
704=,Cameron-James,1,,794=,Corin,2
704=,Cameron-Macrae,1,,794=,Corryn,2
704=,Cammie,1,,794=,Dale,2
704=,Carey,1,,794=,Danah,2
704=,Carlos,1,,794=,Danya,2
704=,Carmine,1,,794=,Daria,2
704=,Carter,1,,794=,Dee,2
704=,Cassidy,1,,794=,Delilah,2
704=,Cathan,1,,794=,Demi-Louise,2
704=,Cathel,1,,794=,Denby,2
704=,Caylum,1,,794=,Deni,2
704=,Cayne,1,,794=,Denni,2
704=,Ceiran,1,,794=,Dennie,2
704=,Ceiren,1,,794=,Dianne,2
704=,Cejay,1,,794=,Dina,2
704=,Cemal,1,,794=,Drew,2
704=,Cesare,1,,794=,Edith,2
704=,Chandler,1,,794=,Eireann,2
704=,Charan,1,,794=,Eithne,2
704=,Charanthur,1,,794=,Eleisha,2
704=,Charles-John,1,,794=,Elissa,2
704=,Charlie-William,1,,794=,Eliza,2
704=,Chase,1,,794=,Ellie-Louise,2
704=,Che,1,,794=,Elodie,2
704=,Christopher-Desmond,1,,794=,Eman,2
704=,Christopher-Louis,1,,794=,Emer,2
704=,Chun,1,,794=,Emerald,2
704=,Ciar,1,,794=,Emma-Jane,2
704=,Ciaras,1,,794=,Emmie,2
704=,Ciaren,1,,794=,Fabienne,2
704=,Ciarhan,1,,794=,Fara,2
704=,Ciaron,1,,794=,Farah,2
704=,Cieron,1,,794=,Farrah,2
704=,Clare,1,,794=,Fionn,2
704=,Clyde,1,,794=,Fionna,2
704=,Codey,1,,794=,Fleur,2
704=,Collin,1,,794=,Francine,2
704=,Comet,1,,794=,Freyja,2
704=,Conan,1,,794=,Genna,2
704=,Conaugh,1,,794=,Giulia,2
704=,Connadh,1,,794=,Gloria,2
704=,Connan,1,,794=,Greta,2
704=,Conran,1,,794=,Hadia,2
704=,Conroy,1,,794=,Hala,2
704=,Constantinos-Anastasios,1,,794=,Haleema,2
704=,Coplyn,1,,794=,Haleigh,2
704=,Coregh,1,,794=,Harlee,2
704=,Cori,1,,794=,Haylie,2
704=,Corran,1,,794=,Heather-Louise,2
704=,Corrigan,1,,794=,Heena,2
704=,Corry,1,,794=,Hera,2
704=,Courtland,1,,794=,Hira,2
704=,Courtney,1,,794=,Honi,2
704=,Creag,1,,794=,Ines,2
704=,Creighton,1,,794=,Inez,2
704=,Cristian,1,,794=,Inga,2
704=,Cristopher,1,,794=,Ingrid,2
704=,Curt,1,,794=,Ione,2
704=,Dagan,1,,794=,Iqraa,2
704=,Daine,1,,794=,Iseabail,2
704=,Dak,1,,794=,Jacklyn,2
704=,Daley,1,,794=,Jacqui,2
704=,Dalvinder,1,,794=,Jamie-Leigh,2
704=,Dan,1,,794=,Jan,2
704=,Dane,1,,794=,Jana,2
704=,Dani,1,,794=,Jayden,2
704=,Danish,1,,794=,Jaydene,2
704=,Dannie,1,,794=,Jayme,2
704=,Danyaal,1,,794=,Jazmine,2
704=,Danyal,1,,794=,Jeni,2
704=,Danyl,1,,794=,Jo-Ann,2
704=,Darcy,1,,794=,Jo-Anne,2
704=,Darias,1,,794=,Joan,2
704=,Darien,1,,794=,Jodie-Lee,2
704=,Darnell,1,,794=,Jonelle,2
704=,Darrian,1,,794=,Joni,2
704=,Darrien,1,,794=,Jordane,2
704=,Darrin,1,,794=,Jude,2
704=,Darryn,1,,794=,Juliana,2
704=,Daryll,1,,794=,Ka,2
704=,Davidson,1,,794=,Kailey,2
704=,Davie,1,,794=,Kalina,2
704=,Davinder,1,,794=,Karah,2
704=,Davy-Joe,1,,794=,Kareen,2
704=,Davyd,1,,794=,Kari,2
704=,Day,1,,794=,Karima,2
704=,Daymien,1,,794=,Karin,2
704=,Daymon,1,,794=,Katheryn,2
704=,De,1,,794=,Kathrine,2
704=,Deacon,1,,794=,Katrine,2
704=,Dechlan,1,,794=,Katya,2
704=,Decklan,1,,794=,Kelly-Marie,2
704=,Decklin,1,,794=,Kellyanne,2
704=,Dee-Jay,1,,794=,Kennagh,2
704=,Deen,1,,794=,Keris,2
704=,Deepak,1,,794=,Kerri-Marie,2
704=,Deezil,1,,794=,Kerry-Ann,2
704=,Deglan,1,,794=,Kerry-Anne,2
704=,Dejan,1,,794=,Kerryann,2
704=,Deklan,1,,794=,Khadija,2
704=,Deklen,1,,794=,Kia,2
704=,Dell,1,,794=,Kiana,2
704=,Demetrius,1,,794=,Kianna,2
704=,Dene,1,,794=,Kimberlee,2
704=,Deneil,1,,794=,Kloe,2
704=,Denham,1,,794=,Kristine,2
704=,Denholm,1,,794=,Kymberley,2
704=,Denim,1,,794=,Kymberly,2
704=,Denny,1,,794=,Laura-Jane,2
704=,Denva,1,,794=,Laurel,2
704=,Denver,1,,794=,Leana,2
704=,Deon,1,,794=,Leanna,2
704=,Derick,1,,794=,Leeann,2
704=,Dermott,1,,794=,Leigh-Anne,2
704=,Derri,1,,794=,Leighanne,2
704=,Derron,1,,794=,Leyla,2
704=,Derryn,1,,794=,Liane,2
704=,Deryn,1,,794=,Lianna,2
704=,Des,1,,794=,Liberty,2
704=,Deshawn,1,,794=,Lili,2
704=,Desmond,1,,794=,Lillias,2
704=,Devin,1,,794=,Liza,2
704=,Devlynn,1,,794=,Lora,2
704=,Devon,1,,794=,Lorena,2
704=,Dex,1,,794=,Lorin,2
704=,Dexter,1,,794=,Maaria,2
704=,Deynn,1,,794=,Mackenzie,2
704=,Dhanyal,1,,794=,Maddie,2
704=,Dharamraj,1,,794=,Maddison,2
704=,Dhugal,1,,794=,Mae,2
704=,Diarmiad,1,,794=,Maegan,2
704=,Dilan,1,,794=,Mahrukh,2
704=,Dillion,1,,794=,Mairi-Louise,2
704=,Dimitri,1,,794=,Mallory,2
704=,Dogukan,1,,794=,Manal,2
704=,Domhnall,1,,794=,Margaret-Anne,2
704=,Dominik,1,,794=,Mari,2
704=,Donal,1,,794=,Marilyn,2
704=,Donald-Iain,1,,794=,Marina,2
704=,Donald-John,1,,794=,Mariya,2
704=,Donavan,1,,794=,Maryanne,2
704=,Donovan,1,,794=,May,2
704=,Doriano,1,,794=,Meganne,2
704=,Dorran,1,,794=,Meggan,2
704=,Dougald,1,,794=,Mehreen,2
704=,Dre,1,,794=,Melisa,2
704=,Drewan,1,,794=,Melody,2
704=,Drey,1,,794=,Mercedes,2
704=,Drummond,1,,794=,Milly,2
704=,Dryden,1,,794=,Misha,2
704=,Duc,1,,794=,Moira,2
704=,Dughall,1,,794=,Momina,2
704=,Dustin,1,,794=,Monika,2
704=,Dusty,1,,794=,Morghan,2
704=,Dylan-Scott,1,,794=,Morgyn,2
704=,Dyllan,1,,794=,Naiomi,2
704=,Dyllon,1,,794=,Namrah,2
704=,Eain,1,,794=,Nancy,2
704=,Eathan,1,,794=,Nazia,2
704=,Edan,1,,794=,Noor,2
704=,Edmund,1,,794=,Nurul,2
704=,Edric,1,,794=,Penny,2
704=,Edwyn,1,,794=,Petra,2
704=,Ehsin,1,,794=,Polly,2
704=,Eirinn,1,,794=,Priya,2
704=,Eldon,1,,794=,Raquel,2
704=,Eleftherios,1,,794=,Rebecca-Louise,2
704=,Elijah,1,,794=,Rebekha,2
704=,Elijah-Rae,1,,794=,Rheanne,2
704=,Elonzo,1,,794=,Rianne,2
704=,Elton,1,,794=,Robynn,2
704=,Emjay,1,,794=,Romany,2
704=,Emyr,1,,794=,Rose-Marie,2
704=,Enes,1,,794=,Roseanne,2
704=,Enrico,1,,794=,Rosheen,2
704=,Eoghann,1,,794=,Rosslyn,2
704=,Erem,1,,794=,Rukhsar,2
704=,Erin,1,,794=,Sadie,2
704=,Erland,1,,794=,Sandi,2
704=,Esan,1,,794=,Sandra,2
704=,Euain,1,,794=,Sanna,2
704=,Euen,1,,794=,Saorsa,2
704=,Ezzat,1,,794=,Savanna,2
704=,Fabio,1,,794=,Scarlet,2
704=,Fahad,1,,794=,Scarlett,2
704=,Fahed,1,,794=,Sehar,2
704=,Faheem-Ur-Rahman,1,,794=,Seher,2
704=,Faiz,1,,794=,Sehr,2
704=,Faizan,1,,794=,Senga,2
704=,Fakhar,1,,794=,Seona,2
704=,Falah,1,,794=,Shannyn,2
704=,Farhaan,1,,794=,Shantel,2
704=,Farhan,1,,794=,Sharee,2
704=,Fazeel,1,,794=,Shareen,2
704=,Feargus,1,,794=,Shari,2
704=,Fenner,1,,794=,Sharri,2
704=,Ferhan,1,,794=,Sharyn,2
704=,Feroz,1,,794=,Shavonne,2
704=,Ferran,1,,794=,Shawnee,2
704=,Fhinn,1,,794=,Sheldon,2
704=,Finbarr,1,,794=,Sheree,2
704=,Finley,1,,794=,Shirelle,2
704=,Finn-Barr,1,,794=,Shonagh,2
704=,Finnian,1,,794=,Sidra,2
704=,Finnlay,1,,794=,Sophie-Ann,2
704=,Finnur,1,,794=,Sophie-Louise,2
704=,Fintan,1,,794=,Starr,2
704=,Fionnlaoch,1,,794=,Stefani,2
704=,Flint,1,,794=,Stella,2
704=,Ford,1,,794=,Susanne,2
704=,Forde,1,,794=,Suzanna,2
704=,Forrester,1,,794=,Syeda,2
704=,Foxx,1,,794=,Taelor,2
704=,Francesco,1,,794=,Taiba,2
704=,Franki,1,,794=,Tammy-Jo,2
704=,Franklin,1,,794=,Tania,2
704=,Frasier,1,,794=,Tanisha,2
704=,Freddie,1,,794=,Tayler,2
704=,Fulton,1,,794=,Teagan,2
704=,Furqan,1,,794=,Teresa,2
704=,Gaetano,1,,794=,Terri-Lee,2
704=,Gage,1,,794=,Terrie,2
704=,Garen,1,,794=,Tierney,2
704=,Garie,1,,794=,Tina,2
704=,Garrie,1,,794=,Toni-Leigh,2
704=,Garth,1,,794=,Trudie,2
704=,Gary-James,1,,794=,Una,2
704=,Gasim,1,,794=,Valentine,2
704=,Gee,1,,794=,Verity,2
704=,Geoff,1,,794=,Violet,2
704=,Gerrard,1,,794=,Vivienne,2
704=,Gerry,1,,794=,Whitney,2
704=,Ghulam,1,,794=,Yee,2
704=,Gian-Luca,1,,794=,Zahira,2
704=,Gianpaolo,1,,794=,Zahra,2
704=,Gideon,1,,794=,Zoie,2
704=,Gilbert,1,,794=,Zunera,2
704=,Giles,1,,1122=,Aaisha,1
704=,Giordano,1,,1122=,Aakifah,1
704=,Giuseppe,1,,1122=,Aalish,1
704=,Gordan,1,,1122=,Aaminah,1
704=,Grady,1,,1122=,Aarron,1
704=,Griogair,1,,1122=,Abbigael,1
704=,Guilherme,1,,1122=,Abbygail,1
704=,Guillermo,1,,1122=,Abeeha,1
704=,Gurdeep,1,,1122=,Abhi-Louise,1
704=,Gurdit,1,,1122=,Abi,1
704=,Gurpreet,1,,1122=,Abia,1
704=,Haaris,1,,1122=,Abie-Jo,1
704=,Hadi,1,,1122=,Abira,1
704=,Hadleigh,1,,1122=,Abisola,1
704=,Hagen,1,,1122=,Ada,1
704=,Hakan,1,,1122=,Adama,1
704=,Hal,1,,1122=,Adeela,1
704=,Halden,1,,1122=,Adel,1
704=,Haleaf,1,,1122=,Adela,1
704=,Hamadh,1,,1122=,Adelia,1
704=,Hamilton,1,,1122=,Adrianna,1
704=,Hammaad,1,,1122=,Aea,1
704=,Hammad,1,,1122=,Aeiysha,1
704=,Han,1,,1122=,Aemilia,1
704=,Haralambos,1,,1122=,Aenea,1
704=,Harinder,1,,1122=,Aeron,1
704=,Harlie,1,,1122=,Aerryn,1
704=,Harold,1,,1122=,Aesha,1
704=,Harrie,1,,1122=,Afia,1
704=,Harun,1,,1122=,Afifa,1
704=,Hasan,1,,1122=,Afreen,1
704=,Hasib,1,,1122=,Afshaan,1
704=,Hassannor,1,,1122=,Ahliafirdaus,1
704=,Hin,1,,1122=,Ahna,1
704=,Ho-Yin,1,,1122=,Ailee,1
704=,Holden,1,,1122=,Aileen-Marie,1
704=,Hriday,1,,1122=,Ailey,1
704=,Hudhaifa,1,,1122=,Aillie,1
704=,Hue,1,,1122=,Aillish,1
704=,Huillam,1,,1122=,Aime,1
704=,Humza,1,,1122=,Aimee-Danielle,1
704=,Hunter,1,,1122=,Aimee-Elizabeth,1
704=,Husnain,1,,1122=,Aimee-Jean,1
704=,Husnan,1,,1122=,Aimee-Louise,1
704=,Hussain,1,,1122=,Ainslee,1
704=,Huw,1,,1122=,Ainya,1
704=,Hywl,1,,1122=,Ainzley,1
704=,Ibraaheem,1,,1122=,Airlie,1
704=,Ibraheem,1,,1122=,Aisher,1
704=,Ieuan,1,,1122=,Aishling,1
704=,Iftkar,1,,1122=,Aisling,1
704=,Igor,1,,1122=,Aithne,1
704=,Ilyaas,1,,1122=,Aityha,1
704=,Ilyas,1,,1122=,Aiya,1
704=,Imraan,1,,1122=,Aizah,1
704=,Imshal,1,,1122=,Aksa,1
704=,Inderjeet,1,,1122=,Alaine,1
704=,Inderpreet,1,,1122=,Alannah-Jo,1
704=,Inderveer,1,,1122=,Alanya,1
704=,Innis,1,,1122=,Alarna,1
704=,Ion,1,,1122=,Alba,1
704=,Isam,1,,1122=,Aleesha,1
704=,Isfahan,1,,1122=,Aleisha,1
704=,Ish,1,,1122=,Aleishia,1
704=,Islam,1,,1122=,Alejandra,1
704=,Ismael,1,,1122=,Alena,1
704=,Issac,1,,1122=,Alesha,1
704=,Ithisham,1,,1122=,Alessia,1
704=,Ivor,1,,1122=,Alethea,1
704=,Iwan,1,,1122=,Alexia,1
704=,Izaak,1,,1122=,Alexs,1
704=,Jaad,1,,1122=,Alexsandra,1
704=,Jaap,1,,1122=,Aleysha,1
704=,Jabar,1,,1122=,Alia,1
704=,Jacque,1,,1122=,Aliah,1
704=,Jaime,1,,1122=,Alicea,1
704=,Jaimie,1,,1122=,Alichia,1
704=,Jaison,1,,1122=,Alida,1
704=,Jameel,1,,1122=,Aliesha,1
704=,James-Lewis,1,,1122=,Alieshia,1
704=,James-Michael,1,,1122=,Alima,1
704=,James-Ryan,1,,1122=,Aline,1
704=,Jamie-Alexander,1,,1122=,Alis,1
704=,Janik,1,,1122=,Alisa,1
704=,Jarad,1,,1122=,Alishba,1
704=,Jardine,1,,1122=,Alishia,1
704=,Jarrid,1,,1122=,Allanna,1
704=,Jaskaran,1,,1122=,Allegra,1
704=,Jasveer,1,,1122=,Alliah,1
704=,Jaswant,1,,1122=,Alliyah,1
704=,Javier,1,,1122=,Ally,1
704=,Jaxon,1,,1122=,Alma,1
704=,Jaydeep,1,,1122=,Alycia,1
704=,Jaye,1,,1122=,Alyshah,1
704=,Jaymes,1,,1122=,Alysia,1
704=,Jaymieson,1,,1122=,Alyth,1
704=,Jazz,1,,1122=,Amaia,1
704=,Jean-Pierre,1,,1122=,Amal,1
704=,Jeffrey,1,,1122=,Amalie,1
704=,Jefri,1,,1122=,Aman,1
704=,Jens-Jonas,1,,1122=,Amanda-Jayne,1
704=,Jerome,1,,1122=,Amandeep,1
704=,Jerry,1,,1122=,Amanjot,1
704=,Jesse,1,,1122=,Amanjote,1
704=,Jevan,1,,1122=,Amay,1
704=,Jevon,1,,1122=,Amba,1
704=,Jim,1,,1122=,Amber-Leigh,1
704=,Jing,1,,1122=,Amber-Marie,1
704=,Jock,1,,1122=,Amberlee,1
704=,Jodi,1,,1122=,Ambrat,1
704=,Joe-Lewis,1,,1122=,Ambreen,1
704=,Joep,1,,1122=,Ambur,1
704=,Joeseph,1,,1122=,Ameela,1
704=,Johan,1,,1122=,Amey,1
704=,John-Anthony,1,,1122=,Ami-Leigh,1
704=,John-Connor,1,,1122=,Ami-Louise,1
704=,John-George,1,,1122=,Amie-Louise,1
704=,John-Paul,1,,1122=,Amiolaoluwa,1
704=,Johnnie,1,,1122=,Amisha,1
704=,Johnpaul,1,,1122=,Amma,1
704=,Jon-Peter,1,,1122=,Ammaarah,1
704=,Jonnie,1,,1122=,Ammyjayne,1
704=,Jonny,1,,1122=,Amritha,1
704=,Jools,1,,1122=,Amy-Jayne,1
704=,Joost,1,,1122=,Amy-Lee,1
704=,Jordanlee,1,,1122=,Amylouise,1
704=,Jorden,1,,1122=,Anah,1
704=,Jordi,1,,1122=,Anais,1
704=,Jordy,1,,1122=,Anam,1
704=,Jordyan,1,,1122=,Andrina,1
704=,Jorge-Paul,1,,1122=,Aneeqa,1
704=,Jos,1,,1122=,Aneila,1
704=,Josh-Lee,1,,1122=,Anelia,1
704=,Joshuah,1,,1122=,Angharad,1
704=,Josiah,1,,1122=,Anika,1
704=,Jowad,1,,1122=,Anilah,1
704=,Juan,1,,1122=,Anisha,1
704=,Judge,1,,1122=,Anissa,1
704=,Julen,1,,1122=,Anja,1
704=,Jules,1,,1122=,Ankita,1
704=,Julio,1,,1122=,Anna-Felenka,1
704=,Junior,1,,1122=,Annabell,1
704=,Justyn,1,,1122=,Annah,1
704=,Kaesy,1,,1122=,Annalee,1
704=,Kahl,1,,1122=,Annalise-Rose,1
704=,Kailan,1,,1122=,Anne-Marie,1
704=,Kailas,1,,1122=,Annette,1
704=,Kailash,1,,1122=,Annice,1
704=,Kailib,1,,1122=,Annila,1
704=,Kailum,1,,1122=,Annis,1
704=,Kain,1,,1122=,Annlouise,1
704=,Kairn,1,,1122=,Ansa,1
704=,Kais,1,,1122=,Antionia,1
704=,Kaisar,1,,1122=,Antonella,1
704=,Kalam,1,,1122=,Antonina,1
704=,Kaleem,1,,1122=,Anujeet,1
704=,Kalem,1,,1122=,April-Rose,1
704=,Kalian,1,,1122=,Araminta,1
704=,Kalid,1,,1122=,Arantxa,1
704=,Kalim-Ullah,1,,1122=,Arashdeep,1
704=,Kallan,1,,1122=,Arifah,1
704=,Kalon,1,,1122=,Arizona,1
704=,Kameron,1,,1122=,Arlana,1
704=,Kamil,1,,1122=,Arleana,1
704=,Karljinder,1,,1122=,Arlena,1
704=,Karll,1,,1122=,Arrianna,1
704=,Karmjeet,1,,1122=,Arrianne,1
704=,Karun,1,,1122=,Ashlay,1
704=,Kasam,1,,1122=,Ashlee,1
704=,Kason,1,,1122=,Ashleigh-Ann,1
704=,Kassam,1,,1122=,Ashleigh-Anne,1
704=,Kay,1,,1122=,Ashley-Jade,1
704=,Kayde,1,,1122=,Ashlyn,1
704=,Kaylan,1,,1122=,Asiyah,1
704=,Kayne,1,,1122=,Asmaa,1
704=,Kazim,1,,1122=,Aspasia,1
704=,Kazimierz,1,,1122=,Asra,1
704=,Kealan,1,,1122=,Assya,1
704=,Keaton,1,,1122=,Astrid,1
704=,Keeran,1,,1122=,Atifah,1
704=,Keirin,1,,1122=,Atiya,1
704=,Keirran,1,,1122=,Aubrey,1
704=,Kelan,1,,1122=,Audra,1
704=,Keller,1,,1122=,Aurore,1
704=,Kenan,1,,1122=,Austen,1
704=,Kendal,1,,1122=,Ava,1
704=,Kered,1,,1122=,Avannah,1
704=,Kern,1,,1122=,Ayah,1
704=,Keyaan,1,,1122=,Aylee,1
704=,Kez,1,,1122=,Ayleisha,1
704=,Khal,1,,1122=,Ayley,1
704=,Khalid,1,,1122=,Ayse,1
704=,Kharee,1,,1122=,Azaria,1
704=,Kheir,1,,1122=,Azizah,1
704=,Khizer,1,,1122=,Babe,1
704=,Khwaja,1,,1122=,Babette,1
704=,Ki,1,,1122=,Balbir,1
704=,Kian,1,,1122=,Barah,1
704=,Kiefer,1,,1122=,Barrie,1
704=,Kiereen,1,,1122=,Bayyan,1
704=,Kiernan,1,,1122=,Beatrice,1
704=,Kierren,1,,1122=,Becki,1
704=,Killian,1,,1122=,Belinda,1
704=,Kin,1,,1122=,Bena,1
704=,Kingsley,1,,1122=,Benedicte,1
704=,Kinnon,1,,1122=,Bernadeta,1
704=,Kirean,1,,1122=,Bernice,1
704=,Kireon,1,,1122=,Bethan-Ann,1
704=,Kirn,1,,1122=,Bethaney,1
704=,Kirpal,1,,1122=,Bethanie,1
704=,Kit,1,,1122=,Bethannie,1
704=,Kjeld,1,,1122=,Bethany-Louise,1
704=,Klark,1,,1122=,Bethoch,1
704=,Klaus,1,,1122=,Beverly,1
704=,Kleem,1,,1122=,Bisma,1
704=,Klein,1,,1122=,Blaney-Meadow,1
704=,Koby,1,,1122=,Blayke,1
704=,Koen,1,,1122=,Blyth,1
704=,Kolle,1,,1122=,Bobbie-Lee,1
704=,Konrad,1,,1122=,Bobby-Jo,1
704=,Konstandinos,1,,1122=,Bobi,1
704=,Koran,1,,1122=,Bonny,1
704=,Kori,1,,1122=,Bracken,1
704=,Korrie,1,,1122=,Bramble,1
704=,Kristien,1,,1122=,Brea,1
704=,Kulveer,1,,1122=,Breagh,1
704=,Kurrum,1,,1122=,Breege,1
704=,Kurun,1,,1122=,Breige,1
704=,Kye,1,,1122=,Brenda,1
704=,Kyle-Kaillin,1,,1122=,Bridget,1
704=,Kylum,1,,1122=,Bridie,1
704=,Kynan,1,,1122=,Brie,1
704=,Kyse,1,,1122=,Brier,1
704=,Lance,1,,1122=,Brigette,1
704=,Larri,1,,1122=,Brigid,1
704=,Lauchlin,1,,1122=,Briona,1
704=,Lauder,1,,1122=,Brionny,1
704=,Layth,1,,1122=,Brodi,1
704=,Lea,1,,1122=,Brogann,1
704=,Leah,1,,1122=,Bronan,1
704=,Leal,1,,1122=,Bronweyn,1
704=,Leam,1,,1122=,Bronya,1
704=,Lei,1,,1122=,Brook,1
704=,Lennart,1,,1122=,Brooklynn,1
704=,Levi-Jordon,1,,1122=,Bunty,1
704=,Levon,1,,1122=,Bushira,1
704=,Lewes,1,,1122=,Bushra,1
704=,Lewys,1,,1122=,Cadien,1
704=,Liam-John,1,,1122=,Caera,1
704=,Liam-Paul,1,,1122=,Cailee,1
704=,Liangyuan,1,,1122=,Caileigh,1
704=,Liefr,1,,1122=,Cailley,1
704=,Lindsay,1,,1122=,Cailyn,1
704=,Lior,1,,1122=,Cairan,1
704=,Lliam,1,,1122=,Caithlyn,1
704=,Lloyd-James,1,,1122=,Caitie,1
704=,Llywelyn,1,,1122=,Caitlan,1
704=,Lochlainn,1,,1122=,Caitlinn,1
704=,Loni,1,,1122=,Calandra,1
704=,Loren,1,,1122=,Caledonia,1
704=,Lorenzo,1,,1122=,Calhi,1
704=,Louay,1,,1122=,Callan,1
704=,Loudon,1,,1122=,Callie,1
704=,Louis-Pierre,1,,1122=,Camassia,1
704=,Louise,1,,1122=,Cameron,1
704=,Loyd,1,,1122=,Campbell,1
704=,Luan,1,,1122=,Caoimh,1
704=,Luc,1,,1122=,Caoimhe,1
704=,Lucanas,1,,1122=,Cara-Louise,1
704=,Lui,1,,1122=,Carahleah,1
704=,Luigi,1,,1122=,Carenza,1
704=,Luis,1,,1122=,Cari,1
704=,Luqman,1,,1122=,Carine,1
704=,Lyam,1,,1122=,Carissa,1
704=,Lyndsay,1,,1122=,Carla-Fay,1
704=,Maan,1,,1122=,Carlenne,1
704=,Maarten,1,,1122=,Carlina,1
704=,Maaz,1,,1122=,Carlyn,1
704=,Mac,1,,1122=,Carole,1
704=,Macaulley,1,,1122=,Carole-Anne,1
704=,Macauly,1,,1122=,Carolyne,1
704=,Maclin,1,,1122=,Carragh,1
704=,Mahdi,1,,1122=,Carri,1
704=,Mahmoud,1,,1122=,Carrie-Ann,1
704=,Maisara,1,,1122=,Carrie-Beth,1
704=,Maislyn,1,,1122=,Carrie-Jane,1
704=,Makshud,1,,1122=,Carrol-Ann,1
704=,Malek,1,,1122=,Carron,1
704=,Manmohan,1,,1122=,Carsandra,1
704=,Manuel,1,,1122=,Caryn,1
704=,Manus,1,,1122=,Cascia,1
704=,Manvir,1,,1122=,Cassia,1
704=,Marcos,1,,1122=,Cassy,1
704=,Marius,1,,1122=,Cate,1
704=,Markale,1,,1122=,Caterina,1
704=,Markus,1,,1122=,Catharine,1
704=,Marley,1,,1122=,Catherine-Marie,1
704=,Marley-Junior,1,,1122=,Catherine-Megan,1
704=,Marvin,1,,1122=,Cathia,1
704=,Masen,1,,1122=,Ceara,1
704=,Masjood,1,,1122=,Cee-Jay,1
704=,Mateo,1,,1122=,Ceile,1
704=,Mateus,1,,1122=,Ceire,1
704=,Matteo,1,,1122=,Celese,1
704=,Mattia,1,,1122=,Celeste,1
704=,Matty,1,,1122=,Celia,1
704=,Maurice,1,,1122=,Ceranne,1
704=,Mauro,1,,1122=,Ceri-Ann,1
704=,Maverick,1,,1122=,Ceri-Anne,1
704=,Maximiliaan,1,,1122=,Cerian,1
704=,Maximillion,1,,1122=,Cerise,1
704=,Maziar,1,,1122=,Chana,1
704=,Mccauley,1,,1122=,Chandni,1
704=,Mckenzie,1,,1122=,Chantalle,1
704=,Mclean,1,,1122=,Chanttell,1
704=,Mehdi,1,,1122=,Chanynn,1
704=,Mehmet,1,,1122=,Chareise,1
704=,Menzies,1,,1122=,Charisse,1
704=,Meran,1,,1122=,Charlaye,1
704=,Merlin,1,,1122=,Charlee,1
704=,Micah,1,,1122=,Charlie-Dee,1
704=,Michael-Thomas,1,,1122=,Charlie-Jane,1
704=,Michail,1,,1122=,Charmane,1
704=,Micheil,1,,1122=,Charrone,1
704=,Michel,1,,1122=,Charys,1
704=,Michiel,1,,1122=,Chau,1
704=,Miguel,1,,1122=,Che,1
704=,Mikie,1,,1122=,Chealsie,1
704=,Mikko,1,,1122=,Chelcea,1
704=,Milan,1,,1122=,Chelsay,1
704=,Milo,1,,1122=,Chelsea-Lee,1
704=,Miralem,1,,1122=,Chelsea-Leigh,1
704=,Mirisage,1,,1122=,Chelsea-Louise,1
704=,Mitchel,1,,1122=,Chelsea-Marie,1
704=,Moaad,1,,1122=,Chelsealee,1
704=,Moad,1,,1122=,Chenoa,1
704=,Mohamad,1,,1122=,Cherice,1
704=,Mohammed-Bin,1,,1122=,Cherilyn,1
704=,Mohsan,1,,1122=,Cherinne,1
704=,Mohsin,1,,1122=,Cheron,1
704=,Moiz,1,,1122=,Cherri,1
704=,Momen,1,,1122=,Cherrie,1
704=,Moreno,1,,1122=,Cherylanne,1
704=,Morgyn,1,,1122=,Cheu,1
704=,Morvinder,1,,1122=,Cheye,1
704=,Mosan,1,,1122=,Chi,1
704=,Moses,1,,1122=,Chipego,1
704=,Mousaab,1,,1122=,Chloe-Lee,1
704=,Moussa,1,,1122=,Chloe-Louise,1
704=,Muad,1,,1122=,Chloe-Marie,1
704=,Mudit,1,,1122=,Chloie,1
704=,Muhamad,1,,1122=,Chrisanne,1
704=,Muir,1,,1122=,Chrissie,1
704=,Mujahid,1,,1122=,Chrissy,1
704=,Mungo,1,,1122=,Christa,1
704=,Munro,1,,1122=,Christabel,1
704=,Murdoch,1,,1122=,Christelle,1
704=,Murphy,1,,1122=,Christen,1
704=,Murtaza,1,,1122=,Christianna,1
704=,Musa,1,,1122=,Christy-Marie,1
704=,Muskoka,1,,1122=,Chun,1
704=,Mwila,1,,1122=,Chynna,1
704=,Nabeegh,1,,1122=,Ciara-Jayne,1
704=,Nabeel,1,,1122=,Ciera,1
704=,Nadim,1,,1122=,Cimone,1
704=,Naeem,1,,1122=,Cirstyn,1
704=,Naithan,1,,1122=,Clare-Louise,1
704=,Najeib,1,,1122=,Clarrissa,1
704=,Nardin,1,,1122=,Claudine,1
704=,Natan,1,,1122=,Clemency,1
704=,Nathan-Lee,1,,1122=,Cleo,1
704=,Nathen,1,,1122=,Cloudie,1
704=,Nazir,1,,1122=,Clova,1
704=,Neelish,1,,1122=,Cobainy,1
704=,Neilson,1,,1122=,Coco,1
704=,Nelson,1,,1122=,Codyandrea,1
704=,Nestor,1,,1122=,Coire,1
704=,Nguyen,1,,1122=,Colynn,1
704=,Nick,1,,1122=,Conneranne,1
704=,Nicki,1,,1122=,Constance-Caitlin,1
704=,Nicola,1,,1122=,Cora-Marie,1
704=,Nike,1,,1122=,Coral-Jay,1
704=,Nikhil,1,,1122=,Cordelia,1
704=,Niko,1,,1122=,Cordelle,1
704=,Nim,1,,1122=,Cori,1
704=,Ninian,1,,1122=,Corina,1
704=,Nitesh,1,,1122=,Corral,1
704=,Nitin,1,,1122=,Correen,1
704=,Njal,1,,1122=,Corri-Marie,1
704=,Nnaemeka,1,,1122=,Corrie-Jane,1
704=,Nolan,1,,1122=,Corrin,1
704=,Nooreddeen,1,,1122=,Corrinna,1
704=,Norris,1,,1122=,Coryn,1
704=,Nublan,1,,1122=,Courtenay,1
704=,Numan,1,,1122=,Courtney-Ann,1
704=,Nyo,1,,1122=,Courtney-Jane,1
704=,Ogilvie,1,,1122=,Courtney-Marie,1
704=,Oisin,1,,1122=,Craig,1
704=,Olaoluwa,1,,1122=,Cree,1
704=,Oleksandr,1,,1122=,Cristen,1
704=,Omayr,1,,1122=,Cristina,1
704=,Oran,1,,1122=,Crystal,1
704=,Oreoluwa,1,,1122=,Cullen,1
704=,Orren,1,,1122=,Cynera,1
704=,Ostja,1,,1122=,D,1
704=,Ovais,1,,1122=,D'arcy,1
704=,Ovik,1,,1122=,Dahna,1
704=,Ozair,1,,1122=,Daina,1
704=,Padraic,1,,1122=,Daisy-May,1
704=,Padruig,1,,1122=,Dakota,1
704=,Paolo,1,,1122=,Dallas-Louise,1
704=,Parm,1,,1122=,Daloney,1
704=,Parmo,1,,1122=,Dana-Leigh,1
704=,Pasha,1,,1122=,Daneyah,1
704=,Pavinder,1,,1122=,Dania,1
704=,Pavlos,1,,1122=,Danica,1
704=,Pearce,1,,1122=,Danika,1
704=,Pedrum,1,,1122=,Danniella,1
704=,Peejay,1,,1122=,Dannilee,1
704=,Phillipo,1,,1122=,Danuelle,1
704=,Piara,1,,1122=,Danyele,1
704=,Pierre,1,,1122=,Daragh,1
704=,Pietro,1,,1122=,Darby,1
704=,Pinchos,1,,1122=,Darcey,1
704=,Prabhjot,1,,1122=,Darian,1
704=,Prabjoot,1,,1122=,Darianne,1
704=,Prabraj,1,,1122=,Darien,1
704=,Prentice,1,,1122=,Darion,1
704=,Prithveraj,1,,1122=,Darionne,1
704=,Qashif,1,,1122=,Darlene,1
704=,Quasim,1,,1122=,Darragh,1
704=,Quetzocoatl,1,,1122=,Darriane,1
704=,Quin,1,,1122=,Darrien,1
704=,Qutayba,1,,1122=,Dayle,1
704=,Radleigh,1,,1122=,Daynah,1
704=,Rafe,1,,1122=,Deana,1
704=,Raffaello,1,,1122=,Debbi,1
704=,Rafiq,1,,1122=,Debra,1
704=,Ragen,1,,1122=,Deeann,1
704=,Raghnall,1,,1122=,Deeon,1
704=,Raheel,1,,1122=,Deepika,1
704=,Rahim,1,,1122=,Deirdre,1
704=,Rajinder,1,,1122=,Delina,1
704=,Rajpal,1,,1122=,Delzelle,1
704=,Ralph,1,,1122=,Demie,1
704=,Ramsey,1,,1122=,Demii,1
704=,Ramzi,1,,1122=,Demilee,1
704=,Ranjodh,1,,1122=,Demilouise,1
704=,Rannoch,1,,1122=,Denholm,1
704=,Rasmus,1,,1122=,Denim,1
704=,Raul,1,,1122=,Denna,1
704=,Raven,1,,1122=,Deny,1
704=,Ravi,1,,1122=,Deonne,1
704=,Raygen,1,,1122=,Derri,1
704=,Raymund,1,,1122=,Derrie,1
704=,Razak,1,,1122=,Derry,1
704=,Reece-Daniel,1,,1122=,Derry-Maria,1
704=,Reese,1,,1122=,Derryn,1
704=,Reid,1,,1122=,Dervla,1
704=,Reise,1,,1122=,Detta,1
704=,Reiv,1,,1122=,Devin,1
704=,Remy,1,,1122=,Devonn,1
704=,Remzi,1,,1122=,Devonne,1
704=,Ren,1,,1122=,Dexi-Lee,1
704=,Renato,1,,1122=,Dhana,1
704=,Rennie,1,,1122=,Dhani,1
704=,Reno,1,,1122=,Donde,1
704=,Renton,1,,1122=,Donna-Maria,1
704=,Rex,1,,1122=,Doreen,1
704=,Rhiann,1,,1122=,Dorothea,1
704=,Rhien,1,,1122=,Dounia,1
704=,Rhionn,1,,1122=,Drassana,1
704=,Rhuari,1,,1122=,Dristi,1
704=,Rhuaridh,1,,1122=,Drue,1
704=,Rhuiri,1,,1122=,Dulashene,1
704=,Rhuraidh,1,,1122=,Dulcie,1
704=,Ricki,1,,1122=,Durga,1
704=,Rico,1,,1122=,Dyani,1
704=,Ridhwaan,1,,1122=,Dylan,1
704=,Ridwan,1,,1122=,Eboni,1
704=,Rieve,1,,1122=,Ebonie,1
704=,Riis,1,,1122=,Ebonyanne,1
704=,Rikkie,1,,1122=,Ebunoluwa,1
704=,Riley,1,,1122=,Edana,1
704=,Rio,1,,1122=,Eddi,1
704=,Rion,1,,1122=,Edel,1
704=,Roan,1,,1122=,Eibhlin,1
704=,Roarke,1,,1122=,Eileidh,1
704=,Roban,1,,1122=,Eilise,1
704=,Robby-Scott,1,,1122=,Eily,1
704=,Roberto,1,,1122=,Eimear,1
704=,Rocky,1,,1122=,Eirean,1
704=,Rodney,1,,1122=,Eirian,1
704=,Rodrigo,1,,1122=,Eirinne,1
704=,Roger,1,,1122=,Ekaterina,1
704=,Rohail,1,,1122=,Elaina,1
704=,Roie,1,,1122=,Elanna,1
704=,Rorey,1,,1122=,Elayn,1
704=,Rori,1,,1122=,Eleace,1
704=,Rorry,1,,1122=,Elen,1
704=,Roshan,1,,1122=,Elese,1
704=,Roxley,1,,1122=,Elicia,1
704=,Ruairaidh,1,,1122=,Elidh,1
704=,Ruary,1,,1122=,Eliese,1
704=,Ruben,1,,1122=,Eliesha,1
704=,Rudi,1,,1122=,Elif,1
704=,Rufus,1,,1122=,Elisheva,1
704=,Rupert,1,,1122=,Elizabethmary,1
704=,Ryad,1,,1122=,Elle-Jay,1
704=,Ryahn,1,,1122=,Ellese,1
704=,Ryan-Lee,1,,1122=,Elli,1
704=,Ryann,1,,1122=,Ellidh,1
704=,Ryhs,1,,1122=,Ellise,1
704=,Ryo,1,,1122=,Elliss,1
704=,Ryoma,1,,1122=,Ellissa,1
704=,Rytchy,1,,1122=,Elly,1
704=,Ryyan,1,,1122=,Ellys,1
704=,Saad,1,,1122=,Ellyse,1
704=,Saaim,1,,1122=,Elna,1
704=,Sadah,1,,1122=,Elsa,1
704=,Sadik,1,,1122=,Elysa,1
704=,Safian,1,,1122=,Elyse,1
704=,Safwat,1,,1122=,Elysha,1
704=,Saleh,1,,1122=,Elyssia,1
704=,Sameer,1,,1122=,Emalie,1
704=,Sammer,1,,1122=,Emelia,1
704=,Sammie,1,,1122=,Emeline,1
704=,Sana-Ullah,1,,1122=,Emilea,1
704=,Sanad,1,,1122=,Emiley,1
704=,Sanchit,1,,1122=,Emillie,1
704=,Sanraj,1,,1122=,Emilly,1
704=,Sarfaraaz,1,,1122=,Emily-Rose,1
704=,Saud,1,,1122=,Emma-Claire,1
704=,Scott-Taylor,1,,1122=,Emma-Jayne,1
704=,Sean-Patrick,1,,1122=,Emma-Mary,1
704=,Sean-Paul,1,,1122=,Emma-May,1
704=,Seyed,1,,1122=,Emma-Michelle,1
704=,Shabbir,1,,1122=,Emmajane,1
704=,Shahbaz,1,,1122=,Emman,1
704=,Shahmir,1,,1122=,Emmi,1
704=,Shahzaib,1,,1122=,Ena,1
704=,Shakeel,1,,1122=,Enna,1
704=,Sharaf,1,,1122=,Enola,1
704=,Sharuf,1,,1122=,Eona,1
704=,Shawaiz,1,,1122=,Ericka,1
704=,Shawon,1,,1122=,Eritrea,1
704=,Shayan,1,,1122=,Erminia,1
704=,Shazil,1,,1122=,Erryn,1
704=,Shehroz,1,,1122=,Eslyn,1
704=,Shehzayb,1,,1122=,Esma,1
704=,Sherif,1,,1122=,Esme.,1
704=,Shezad,1,,1122=,Esmee,1
704=,Shohaib,1,,1122=,Evalina,1
704=,Shuaib,1,,1122=,Evana,1
704=,Siddharth,1,,1122=,Eymma,1
704=,Sideek,1,,1122=,Faatamah,1
704=,Silvio,1,,1122=,Fae,1
704=,Sim,1,,1122=,Faika,1
704=,Simeon,1,,1122=,Faine,1
704=,Sion,1,,1122=,Fair,1
704=,Sjhone,1,,1122=,Fajar,1
704=,Sky,1,,1122=,Fallon,1
704=,Sobhan,1,,1122=,Fallyn,1
704=,Sol,1,,1122=,Faria,1
704=,Sonny,1,,1122=,Fariah,1
704=,Spencer,1,,1122=,Farihah,1
704=,Srishti,1,,1122=,Farrell,1
704=,Steen,1,,1122=,Farron,1
704=,Stefen,1,,1122=,Faseeha,1
704=,Steinar,1,,1122=,Faseehah,1
704=,Stevan,1,,1122=,Fathima,1
704=,Steven-John,1,,1122=,Fatima-Zahra,1
704=,Stian,1,,1122=,Fatimah,1
704=,Straun,1,,1122=,Fayne,1
704=,Sufyan,1,,1122=,Felicia,1
704=,Sukhpal,1,,1122=,Felicity-Chantel,1
704=,Sukhvir,1,,1122=,Fenella,1
704=,Suleman,1,,1122=,Ffion,1
704=,Sundeep,1,,1122=,Findlay,1
704=,Suraj,1,,1122=,Finola,1
704=,Suresh,1,,1122=,Finty,1
704=,Surosh,1,,1122=,Fionnadh,1
704=,Syamael,1,,1122=,Fionnaigh,1
704=,Sybaris,1,,1122=,Fionne,1
704=,T-Jay,1,,1122=,Fiza,1
704=,T.J.,1,,1122=,Flo,1
704=,Taelor,1,,1122=,Floraidh-Anne,1
704=,Taha,1,,1122=,Francessca,1
704=,Tahir,1,,1122=,Frania,1
704=,Taimoor,1,,1122=,Frankie,1
704=,Tain,1,,1122=,Fulya,1
704=,Takumi,1,,1122=,Gabriel,1
704=,Talenua,1,,1122=,Gael,1
704=,Talha,1,,1122=,Gaia,1
704=,Taryam,1,,1122=,Gaitlin,1
704=,Taswaf,1,,1122=,Gee,1
704=,Tatsuki,1,,1122=,Gem,1
704=,Tavis,1,,1122=,Georgie-Ann,1
704=,Tay,1,,1122=,Geraldine,1
704=,Tayyib,1,,1122=,Gigha-Michelle,1
704=,Tazio,1,,1122=,Gill,1
704=,Tearlach,1,,1122=,Gilly,1
704=,Tee,1,,1122=,Gilraj,1
704=,Teighlor,1,,1122=,Ginamarie,1
704=,Tetsuya,1,,1122=,Giorgie,1
704=,Tharek,1,,1122=,Giovanna,1
704=,Theodoros,1,,1122=,Gisele,1
704=,Thiadmar,1,,1122=,Giselle,1
704=,Thijs,1,,1122=,Gonca,1
704=,Thofayal,1,,1122=,Gracie,1
704=,Thorbjorn,1,,1122=,Grady,1
704=,Thorin,1,,1122=,Grainne,1
704=,Tiernan,1,,1122=,Greer,1
704=,Tighe,1,,1122=,Gugandeep,1
704=,Timothy-Robertevan,1,,1122=,Gurjinder,1
704=,Tomi,1,,1122=,Gurleen,1
704=,Tommy-Lee,1,,1122=,Haddy,1
704=,Tomos,1,,1122=,Hadeeqa-Tun-Nabee,1
704=,Tong,1,,1122=,Hadiyah,1
704=,Toqeer,1,,1122=,Hafsah,1
704=,Troi,1,,1122=,Hailie,1
704=,Tuncay,1,,1122=,Hailley,1
704=,Turlough,1,,1122=,Hailyn,1
704=,Tyee,1,,1122=,Haiqa,1
704=,Ubayd,1,,1122=,Hajara,1
704=,Ummar,1,,1122=,Hajira,1
704=,Unnes,1,,1122=,Hajirah,1
704=,Vahaab,1,,1122=,Halley,1
704=,Vance,1,,1122=,Hallie,1
704=,Vaughan,1,,1122=,Hanaa,1
704=,Vernon,1,,1122=,Hanah,1
704=,Ville,1,,1122=,Hang,1
704=,Vinay,1,,1122=,Hannah-Jane,1
704=,Vinny,1,,1122=,Hannah-Louise,1
704=,Vishal,1,,1122=,Hanne-Lisbeth,1
704=,Wai,1,,1122=,Hanneka,1
704=,Walker,1,,1122=,Harjeet,1
704=,Waqas,1,,1122=,Harleigh,1
704=,Waritorn,1,,1122=,Harlie,1
704=,Warwick,1,,1122=,Harper-Leigh,1
704=,Wei,1,,1122=,Harpreet,1
704=,Will,1,,1122=,Harsimran,1
704=,Wing,1,,1122=,Harve,1
704=,Wy,1,,1122=,Harveen,1
704=,Xabier,1,,1122=,Hassina,1
704=,Ya'akov,1,,1122=,Hatice,1
704=,Yanal,1,,1122=,Hattie,1
704=,Yannick,1,,1122=,Haydyn,1
704=,Yaseen,1,,1122=,Hazell,1
704=,Yasin,1,,1122=,Heba-Alla,1
704=,Yasir,1,,1122=,Hebe,1
704=,Yasser,1,,1122=,Helene,1
704=,Yat,1,,1122=,Hellen,1
704=,Yehoshua,1,,1122=,Henna,1
704=,Yewon,1,,1122=,Henrietta,1
704=,Yi,1,,1122=,Hephzibah,1
704=,Yonatan,1,,1122=,Hester,1
704=,Yoonis,1,,1122=,Hifsa,1
704=,Yosef,1,,1122=,Hillary,1
704=,You,1,,1122=,Hoda,1
704=,Young,1,,1122=,Hoi,1
704=,Youri,1,,1122=,Holly-Ann,1
704=,Yue,1,,1122=,Hollyanne,1
704=,Yul,1,,1122=,Hollymarie,1
704=,Yun,1,,1122=,Honey,1
704=,Zacary,1,,1122=,Hughetta,1
704=,Zachariah,1,,1122=,Huma,1
704=,Zacharias,1,,1122=,Ibriz,1
704=,Zachery,1,,1122=,Iesha,1
704=,Zackary,1,,1122=,Ifra,1
704=,Zagros,1,,1122=,Ikra,1
704=,Zaheer,1,,1122=,Ilayna,1
704=,Zahid,1,,1122=,Ileagh,1
704=,Zaine,1,,1122=,Ilona,1
704=,Zakar,1,,1122=,Ilythia,1
704=,Zakari,1,,1122=,Imani,1
704=,Zakaria,1,,1122=,Imke,1
704=,Zakarya,1,,1122=,Indiana,1
704=,Zakir,1,,1122=,Indianna,1
704=,Zaman,1,,1122=,Indica,1
704=,Zander,1,,1122=,Indie,1
704=,Zane,1,,1122=,Indya,1
704=,Zaraq,1,,1122=,Ine,1
704=,Zax,1,,1122=,Innes,1
704=,Zayd,1,,1122=,Iqrah,1
704=,Zayyan,1,,1122=,Iram,1
704=,Zeeshan,1,,1122=,Ireanne,1
704=,Zeyad,1,,1122=,Irhum,1
704=,Zhain,1,,1122=,Isha,1
704=,Zhe,1,,1122=,Ishbel,1
704=,Zhen,1,,1122=,Iska,1
704=,Zi,1,,1122=,Isma,1
704=,Ziad,1,,1122=,Ismat,1
704=,Zilan,1,,1122=,Isra,1
704=,Zine,1,,1122=,Israel,1
704=,Ziyan,1,,1122=,Issa,1
704=,Zoltan,1,,1122=,Issrah,1
704=,Zuber,1,,1122=,Iyesha,1
704=,Zuhair,1,,1122=,Iyisha,1
704=,Zuhayr,1,,1122=,Jacalyn,1
,,,,1122=,Jacinda,1
,,,,1122=,Jacinta,1
,,,,1122=,Jaclyn,1
,,,,1122=,Jade-Louise,1
,,,,1122=,Jadeanne,1
,,,,1122=,Jaden,1
,,,,1122=,Jadene,1
,,,,1122=,Jadzia,1
,,,,1122=,Jae-Won,1
,,,,1122=,Jaid,1
,,,,1122=,Jaime-Lee,1
,,,,1122=,Jaimi-Leigh,1
,,,,1122=,Jaimie,1
,,,,1122=,Jaipreet,1
,,,,1122=,Jamay,1
,,,,1122=,Jamey,1
,,,,1122=,Jamie-Louise,1
,,,,1122=,Jamieleigh,1
,,,,1122=,Janeen,1
,,,,1122=,Janessa,1
,,,,1122=,Janice,1
,,,,1122=,Janna,1
,,,,1122=,Jannine,1
,,,,1122=,Jardanna,1
,,,,1122=,Jaydean,1
,,,,1122=,Jaydien,1
,,,,1122=,Jaymie-Leigh,1
,,,,1122=,Jayna,1
,,,,1122=,Jazmynn,1
,,,,1122=,Jazz,1
,,,,1122=,Jeanna,1
,,,,1122=,Jeanne,1
,,,,1122=,Jeannine,1
,,,,1122=,Jeing,1
,,,,1122=,Jemima,1
,,,,1122=,Jemimah,1
,,,,1122=,Jemma-Louise,1
,,,,1122=,Jen,1
,,,,1122=,Jenifer,1
,,,,1122=,Jennah,1
,,,,1122=,Jennifer-Lauren,1
,,,,1122=,Jenniffer,1
,,,,1122=,Jennnifer,1
,,,,1122=,Jensen,1
,,,,1122=,Jeorjie,1
,,,,1122=,Jeri,1
,,,,1122=,Jerry,1
,,,,1122=,Jess,1
,,,,1122=,Jessica-Ann,1
,,,,1122=,Jessica-Leigh,1
,,,,1122=,Jessica-Rose,1
,,,,1122=,Jessika,1
,,,,1122=,Jetta,1
,,,,1122=,Jia,1
,,,,1122=,Joann,1
,,,,1122=,Jocelyne,1
,,,,1122=,Jodee,1
,,,,1122=,Jodhi,1
,,,,1122=,Jodie-Leigh,1
,,,,1122=,Jodilee,1
,,,,1122=,Joelle,1
,,,,1122=,Joely,1
,,,,1122=,Johan,1
,,,,1122=,Johannah,1
,,,,1122=,Johanne,1
,,,,1122=,Joley,1
,,,,1122=,Jonni,1
,,,,1122=,Jordene,1
,,,,1122=,Jordin,1
,,,,1122=,Jordina,1
,,,,1122=,Jordynn,1
,,,,1122=,Jorge,1
,,,,1122=,Jorie,1
,,,,1122=,Josefine,1
,,,,1122=,Joselle,1
,,,,1122=,Josey,1
,,,,1122=,Joss,1
,,,,1122=,Jsanne,1
,,,,1122=,Juana,1
,,,,1122=,Judy,1
,,,,1122=,Jules,1
,,,,1122=,Julia-Anne,1
,,,,1122=,Julianna,1
,,,,1122=,Julie-Ann,1
,,,,1122=,Juna,1
,,,,1122=,June,1
,,,,1122=,Justina,1
,,,,1122=,Juwairiyyah,1
,,,,1122=,Kacey,1
,,,,1122=,Kacia,1
,,,,1122=,Kacie,1
,,,,1122=,Kader,1
,,,,1122=,Kadie,1
,,,,1122=,Kaeley,1
,,,,1122=,Kaelyn,1
,,,,1122=,Kaidi,1
,,,,1122=,Kaifa,1
,,,,1122=,Kaileigh,1
,,,,1122=,Kainat,1
,,,,1122=,Kaisha,1
,,,,1122=,Kaisley,1
,,,,1122=,Kaitlian,1
,,,,1122=,Kaitlynd,1
,,,,1122=,Kaitlynn,1
,,,,1122=,Kajal,1
,,,,1122=,Kalen,1
,,,,1122=,Kalesha,1
,,,,1122=,Kali,1
,,,,1122=,Kallie,1
,,,,1122=,Kanako,1
,,,,1122=,Kandis,1
,,,,1122=,Kanita,1
,,,,1122=,Kansas,1
,,,,1122=,Kanval,1
,,,,1122=,Kara-Lee,1
,,,,1122=,Kareema,1
,,,,1122=,Kareena,1
,,,,1122=,Karees,1
,,,,1122=,Karenjit,1
,,,,1122=,Kari-Jo,1
,,,,1122=,Karimah,1
,,,,1122=,Karine,1
,,,,1122=,Kariss,1
,,,,1122=,Karleigh,1
,,,,1122=,Karlin,1
,,,,1122=,Karra,1
,,,,1122=,Karri,1
,,,,1122=,Karrie,1
,,,,1122=,Karyce,1
,,,,1122=,Kashmila,1
,,,,1122=,Kassandra,1
,,,,1122=,Kassy,1
,,,,1122=,Kate-Lynne,1
,,,,1122=,Kateland,1
,,,,1122=,Kately,1
,,,,1122=,Katelynd,1
,,,,1122=,Katelyne,1
,,,,1122=,Katharina,1
,,,,1122=,Kathleen-Anne,1
,,,,1122=,Kathyrn,1
,,,,1122=,Katia,1
,,,,1122=,Katie-Ann,1
,,,,1122=,Katie-Jane,1
,,,,1122=,Katla,1
,,,,1122=,Katliya,1
,,,,1122=,Katlyn,1
,,,,1122=,Katlynn,1
,,,,1122=,Katrin,1
,,,,1122=,Katryn,1
,,,,1122=,Kavita,1
,,,,1122=,Kaya,1
,,,,1122=,Kaydi,1
,,,,1122=,Kayla-Jade,1
,,,,1122=,Kaylan,1
,,,,1122=,Kayleigh-Ann,1
,,,,1122=,Kayleigh-Anne,1
,,,,1122=,Kaylen,1
,,,,1122=,Kayli,1
,,,,1122=,Kaylin,1
,,,,1122=,Kayra,1
,,,,1122=,Kayrene,1
,,,,1122=,Kaysha,1
,,,,1122=,Kaytie,1
,,,,1122=,Kea,1
,,,,1122=,Kealan,1
,,,,1122=,Keanne,1
,,,,1122=,Keara,1
,,,,1122=,Keavagh,1
,,,,1122=,Keelin,1
,,,,1122=,Keidi,1
,,,,1122=,Keirah,1
,,,,1122=,Kelda,1
,,,,1122=,Keli,1
,,,,1122=,Kelisha,1
,,,,1122=,Kelli,1
,,,,1122=,Kelly-Ann,1
,,,,1122=,Kellymarie,1
,,,,1122=,Kelsa,1
,,,,1122=,Kelsea,1
,,,,1122=,Kelseigh,1
,,,,1122=,Kelsey-Alison,1
,,,,1122=,Kelsey-Anne,1
,,,,1122=,Kelsey-Jane,1
,,,,1122=,Kendra,1
,,,,1122=,Kenisa,1
,,,,1122=,Kerena,1
,,,,1122=,Kerensa,1
,,,,1122=,Kerin,1
,,,,1122=,Kerra,1
,,,,1122=,Kerrann,1
,,,,1122=,Kerri-Ann,1
,,,,1122=,Kerri-Ellen,1
,,,,1122=,Kerris,1
,,,,1122=,Kerry-Jane,1
,,,,1122=,Kerry-Lyne,1
,,,,1122=,Kerrymarie,1
,,,,1122=,Keryn,1
,,,,1122=,Kes,1
,,,,1122=,Kesia,1
,,,,1122=,Kesleigh,1
,,,,1122=,Kezia,1
,,,,1122=,Kezziah,1
,,,,1122=,Khadeja,1
,,,,1122=,Khalia,1
,,,,1122=,Khansa,1
,,,,1122=,Khara,1
,,,,1122=,Kharina,1
,,,,1122=,Kharis,1
,,,,1122=,Khatija,1
,,,,1122=,Kheira,1
,,,,1122=,Khira,1
,,,,1122=,Khulud,1
,,,,1122=,Kiah,1
,,,,1122=,Kilda,1
,,,,1122=,Kilonnie,1
,,,,1122=,Kimberely,1
,,,,1122=,Kimberleigh,1
,,,,1122=,Kinza,1
,,,,1122=,Kiona,1
,,,,1122=,Kirandeep,1
,,,,1122=,Kirenna,1
,,,,1122=,Kirn,1
,,,,1122=,Kirran,1
,,,,1122=,Kirrea,1
,,,,1122=,Kirsa,1
,,,,1122=,Kirsty-Ann,1
,,,,1122=,Kirstylee,1
,,,,1122=,Kisha,1
,,,,1122=,Klara,1
,,,,1122=,Kloi,1
,,,,1122=,Kody,1
,,,,1122=,Koral,1
,,,,1122=,Koren,1
,,,,1122=,Korrin,1
,,,,1122=,Kourtnay,1
,,,,1122=,Krisell,1
,,,,1122=,Kristen,1
,,,,1122=,Kristian,1
,,,,1122=,Krysia,1
,,,,1122=,Krysta,1
,,,,1122=,Krystal,1
,,,,1122=,Krystin,1
,,,,1122=,Kujah,1
,,,,1122=,Kyarah,1
,,,,1122=,Kyla-Marie,1
,,,,1122=,Kymberley-Jane,1
,,,,1122=,Kymberlie,1
,,,,1122=,Kymm,1
,,,,1122=,Kyomi,1
,,,,1122=,Kyra-Alison,1
,,,,1122=,Kyrie,1
,,,,1122=,Kyrin,1
,,,,1122=,Kyrsten,1
,,,,1122=,Kytana,1
,,,,1122=,Lacie,1
,,,,1122=,Laeba,1
,,,,1122=,Laiba,1
,,,,1122=,Lakisha,1
,,,,1122=,Lalique,1
,,,,1122=,Lamis,1
,,,,1122=,Lamisah,1
,,,,1122=,Lara-Jayne,1
,,,,1122=,Larah,1
,,,,1122=,Laraina,1
,,,,1122=,Laura-Ann,1
,,,,1122=,Laura-Kate,1
,,,,1122=,Lauralyne,1
,,,,1122=,Lauran,1
,,,,1122=,Lauren-Marie,1
,,,,1122=,Lauren-Rose,1
,,,,1122=,Laurene,1
,,,,1122=,Laurie-Louise,1
,,,,1122=,Laurienne,1
,,,,1122=,Lawrie,1
,,,,1122=,Lawrie-Ann,1
,,,,1122=,Leagha,1
,,,,1122=,Leander,1
,,,,1122=,Leann,1
,,,,1122=,Lee-Ann,1
,,,,1122=,Leeanna,1
,,,,1122=,Leeonna,1
,,,,1122=,Leesa,1
,,,,1122=,Leighann,1
,,,,1122=,Leighza,1
,,,,1122=,Lejla,1
,,,,1122=,Lennox,1
,,,,1122=,Leona-Paige,1
,,,,1122=,Leonie,1
,,,,1122=,Leonore,1
,,,,1122=,Leontean,1
,,,,1122=,Lesley-Anne,1
,,,,1122=,Lesleyann,1
,,,,1122=,Letitia,1
,,,,1122=,Levanna,1
,,,,1122=,Leya-Jay,1
,,,,1122=,Liaba,1
,,,,1122=,Liah,1
,,,,1122=,Liesel,1
,,,,1122=,Liha,1
,,,,1122=,Lila,1
,,,,1122=,Lilian,1
,,,,1122=,Lilie,1
,,,,1122=,Lily-Beth,1
,,,,1122=,Lindsy,1
,,,,1122=,Linnet,1
,,,,1122=,Liona,1
,,,,1122=,Lisamarie,1
,,,,1122=,Lisanne,1
,,,,1122=,Lisette,1
,,,,1122=,Lissa,1
,,,,1122=,Liusaidh,1
,,,,1122=,Liv-Kari,1
,,,,1122=,Logan,1
,,,,1122=,Lois-Jayne,1
,,,,1122=,Lorenza-Lee,1
,,,,1122=,Loretta,1
,,,,1122=,Lorne,1
,,,,1122=,Lorri,1
,,,,1122=,Loryn,1
,,,,1122=,Lou-Anne,1
,,,,1122=,Louise-Anna,1
,,,,1122=,Louise-Marie,1
,,,,1122=,Lowry,1
,,,,1122=,Lu,1
,,,,1122=,Luca,1
,,,,1122=,Lucca,1
,,,,1122=,Luci,1
,,,,1122=,Lucy-Anne,1
,,,,1122=,Lucy-Jade,1
,,,,1122=,Lujine,1
,,,,1122=,Lumai,1
,,,,1122=,Luna,1
,,,,1122=,Lyla,1
,,,,1122=,Lyn,1
,,,,1122=,Lyndzi,1
,,,,1122=,Lynette,1
,,,,1122=,Lynn-Marie,1
,,,,1122=,Lynzey,1
,,,,1122=,Lynzi,1
,,,,1122=,Lynzie,1
,,,,1122=,Maaike,1
,,,,1122=,Madaleine,1
,,,,1122=,Madalen,1
,,,,1122=,Madalene,1
,,,,1122=,Maddalena,1
,,,,1122=,Madeeha,1
,,,,1122=,Madinah,1
,,,,1122=,Maella,1
,,,,1122=,Maggie,1
,,,,1122=,Mahala,1
,,,,1122=,Maham,1
,,,,1122=,Mahnoor,1
,,,,1122=,Mahreen,1
,,,,1122=,Maia,1
,,,,1122=,Maigan,1
,,,,1122=,Maighan,1
,,,,1122=,Maira,1
,,,,1122=,Maisie-Mae,1
,,,,1122=,Maja,1
,,,,1122=,Makayla,1
,,,,1122=,Makenzie,1
,,,,1122=,Malak,1
,,,,1122=,Maleesa,1
,,,,1122=,Malyssa,1
,,,,1122=,Manaswini,1
,,,,1122=,Mandeep,1
,,,,1122=,Mandi,1
,,,,1122=,Marcie,1
,,,,1122=,Maree,1
,,,,1122=,Marelle,1
,,,,1122=,Margaretta,1
,,,,1122=,Margot,1
,,,,1122=,Margueritte,1
,,,,1122=,Mari-Anne,1
,,,,1122=,Marieann,1
,,,,1122=,Mariesa,1
,,,,1122=,Marietta,1
,,,,1122=,Marijne,1
,,,,1122=,Marika,1
,,,,1122=,Marine,1
,,,,1122=,Mariska,1
,,,,1122=,Mariyam,1
,,,,1122=,Marlene,1
,,,,1122=,Marli,1
,,,,1122=,Marloes,1
,,,,1122=,Marlyn,1
,,,,1122=,Marna,1
,,,,1122=,Marra,1
,,,,1122=,Marrin,1
,,,,1122=,Marrissa,1
,,,,1122=,Marsha,1
,,,,1122=,Marshall,1
,,,,1122=,Martina,1
,,,,1122=,Marvi,1
,,,,1122=,Marwa,1
,,,,1122=,Mary-Ellen,1
,,,,1122=,Mary-Helena,1
,,,,1122=,Mary-Jane,1
,,,,1122=,Mary-Kate,1
,,,,1122=,Mary-Rose,1
,,,,1122=,Maryisa,1
,,,,1122=,Maryum,1
,,,,1122=,Masha,1
,,,,1122=,Masooma,1
,,,,1122=,Matilde,1
,,,,1122=,Maximilia,1
,,,,1122=,Maxine-Lee,1
,,,,1122=,Mayghan,1
,,,,1122=,Maysoon,1
,,,,1122=,Mcdowall,1
,,,,1122=,Meadow,1
,,,,1122=,Meagan,1
,,,,1122=,Medi,1
,,,,1122=,Meena,1
,,,,1122=,Meggie,1
,,,,1122=,Meghann,1
,,,,1122=,Meghen,1
,,,,1122=,Megyn,1
,,,,1122=,Mehwish,1
,,,,1122=,Meighan,1
,,,,1122=,Melaine,1
,,,,1122=,Melanna,1
,,,,1122=,Mellisa,1
,,,,1122=,Menatula,1
,,,,1122=,Menna,1
,,,,1122=,Mercades,1
,,,,1122=,Merran,1
,,,,1122=,Merrick,1
,,,,1122=,Merron,1
,,,,1122=,Merryn,1
,,,,1122=,Meryl,1
,,,,1122=,Metis,1
,,,,1122=,Mhairi-Claire,1
,,,,1122=,Mhairi-Clare,1
,,,,1122=,Mhairiclaire,1
,,,,1122=,Mhari-Ann,1
,,,,1122=,Mharit,1
,,,,1122=,Mhegan,1
,,,,1122=,Miaochen,1
,,,,1122=,Mica,1
,,,,1122=,Micaleigh,1
,,,,1122=,Michaela-George,1
,,,,1122=,Micheila,1
,,,,1122=,Michela,1
,,,,1122=,Micia,1
,,,,1122=,Mikalla,1
,,,,1122=,Mikayla,1
,,,,1122=,Mikaylamarie,1
,,,,1122=,Mikhaila,1
,,,,1122=,Mikhailla,1
,,,,1122=,Milan,1
,,,,1122=,Milli,1
,,,,1122=,Mimi,1
,,,,1122=,Minji,1
,,,,1122=,Minying,1
,,,,1122=,Miquelle,1
,,,,1122=,Mirage,1
,,,,1122=,Miren,1
,,,,1122=,Mirrin,1
,,,,1122=,Misako,1
,,,,1122=,Mischa,1
,,,,1122=,Miya,1
,,,,1122=,Mobeen,1
,,,,1122=,Moira-Anne,1
,,,,1122=,Moire,1
,,,,1122=,Mollie-Anna,1
,,,,1122=,Mona,1
,,,,1122=,Moonisah,1
,,,,1122=,Moran,1
,,,,1122=,Moray,1
,,,,1122=,Morbheinn,1
,,,,1122=,Moreen,1
,,,,1122=,Morgaine,1
,,,,1122=,Morgana,1
,,,,1122=,Morgann,1
,,,,1122=,Morganne,1
,,,,1122=,Mubeenah,1
,,,,1122=,Muirne,1
,,,,1122=,Mulenga,1
,,,,1122=,Munisah,1
,,,,1122=,Munisha,1
,,,,1122=,Muntaha,1
,,,,1122=,Muriel,1
,,,,1122=,Murn,1
,,,,1122=,Murphy,1
,,,,1122=,Murren,1
,,,,1122=,Murryn,1
,,,,1122=,Myfanwy,1
,,,,1122=,Myrn,1
,,,,1122=,Myrren,1
,,,,1122=,Naa,1
,,,,1122=,Nabeeha,1
,,,,1122=,Nabiha,1
,,,,1122=,Nabila,1
,,,,1122=,Nabysaran,1
,,,,1122=,Nacisha,1
,,,,1122=,Nada,1
,,,,1122=,Nadean,1
,,,,1122=,Nadene,1
,,,,1122=,Nadiah,1
,,,,1122=,Nafisah,1
,,,,1122=,Naila,1
,,,,1122=,Naima,1
,,,,1122=,Naina,1
,,,,1122=,Nairne,1
,,,,1122=,Nakita,1
,,,,1122=,Nala,1
,,,,1122=,Naomi-Louise,1
,,,,1122=,Narelle,1
,,,,1122=,Nashwah,1
,,,,1122=,Natacha,1
,,,,1122=,Natalie-Jay,1
,,,,1122=,Natalya,1
,,,,1122=,Natascia,1
,,,,1122=,Navneet,1
,,,,1122=,Nayab,1
,,,,1122=,Neave,1
,,,,1122=,Neecolle,1
,,,,1122=,Needa,1
,,,,1122=,Neelam,1
,,,,1122=,Neelum,1
,,,,1122=,Neisha,1
,,,,1122=,Nelli,1
,,,,1122=,Neomi,1
,,,,1122=,Nerissa,1
,,,,1122=,Nevada,1
,,,,1122=,Nhyree,1
,,,,1122=,Niaomi,1
,,,,1122=,Nicci,1
,,,,1122=,Nichaela,1
,,,,1122=,Nicholle,1
,,,,1122=,Nicky,1
,,,,1122=,Nicole-Helena,1
,,,,1122=,Nicolette,1
,,,,1122=,Nidah,1
,,,,1122=,Nieama,1
,,,,1122=,Nik,1
,,,,1122=,Nikia,1
,,,,1122=,Nikola,1
,,,,1122=,Nikole,1
,,,,1122=,Nikyla,1
,,,,1122=,Nimra,1
,,,,1122=,Niomi,1
,,,,1122=,Nirali,1
,,,,1122=,Nisha,1
,,,,1122=,Noble,1
,,,,1122=,Noha,1
,,,,1122=,Noor-E-Hina,1
,,,,1122=,Noorah,1
,,,,1122=,Nor,1
,,,,1122=,Nora,1
,,,,1122=,Norhidayah,1
,,,,1122=,Nosheen,1
,,,,1122=,Nouf,1
,,,,1122=,Noura,1
,,,,1122=,Noureloune,1
,,,,1122=,Nova,1
,,,,1122=,Nurina,1
,,,,1122=,Nychole,1
,,,,1122=,Nyomi,1
,,,,1122=,Nyssa,1
,,,,1122=,O'shan,1
,,,,1122=,Oakley,1
,,,,1122=,Ofir,1
,,,,1122=,Olwen,1
,,,,1122=,Omnia,1
,,,,1122=,Omolola,1
,,,,1122=,On-Sin,1
,,,,1122=,Ona,1
,,,,1122=,Ondine,1
,,,,1122=,Oonagh,1
,,,,1122=,Ophelia,1
,,,,1122=,Oriana,1
,,,,1122=,Oriel,1
,,,,1122=,Pagan,1
,,,,1122=,Paighton,1
,,,,1122=,Paislee,1
,,,,1122=,Paislie,1
,,,,1122=,Paiton,1
,,,,1122=,Palina,1
,,,,1122=,Paloma,1
,,,,1122=,Pandora-Jade,1
,,,,1122=,Paola,1
,,,,1122=,Pascale,1
,,,,1122=,Patience,1
,,,,1122=,Patrice,1
,,,,1122=,Patricha,1
,,,,1122=,Paulene,1
,,,,1122=,Pavnjit,1
,,,,1122=,Payton,1
,,,,1122=,Payvand,1
,,,,1122=,Peigi,1
,,,,1122=,Peigidh,1
,,,,1122=,Pepsi,1
,,,,1122=,Perihan,1
,,,,1122=,Perry,1
,,,,1122=,Phaedra,1
,,,,1122=,Phebe,1
,,,,1122=,Phemie,1
,,,,1122=,Pheobe,1
,,,,1122=,Philipaa,1
,,,,1122=,Philippa-Jane,1
,,,,1122=,Phillipa,1
,,,,1122=,Philomena,1
,,,,1122=,Pippa,1
,,,,1122=,Polaith,1
,,,,1122=,Poonam,1
,,,,1122=,Poppi,1
,,,,1122=,Precious,1
,,,,1122=,Primrose,1
,,,,1122=,Princess,1
,,,,1122=,Priscilla,1
,,,,1122=,Purneet,1
,,,,1122=,Qainaat,1
,,,,1122=,Qian-Nan,1
,,,,1122=,Ra'eesah,1
,,,,1122=,Raabia,1
,,,,1122=,Rabecca,1
,,,,1122=,Rabeeah,1
,,,,1122=,Rabiah,1
,,,,1122=,Rabiya,1
,,,,1122=,Rachael-Lynda,1
,,,,1122=,Racheal,1
,,,,1122=,Rachell,1
,,,,1122=,Raechel,1
,,,,1122=,Raehannon,1
,,,,1122=,Rafia,1
,,,,1122=,Raga,1
,,,,1122=,Raigan,1
,,,,1122=,Raihan,1
,,,,1122=,Raine,1
,,,,1122=,Rajwinder,1
,,,,1122=,Rameen,1
,,,,1122=,Rameeza,1
,,,,1122=,Ramisha,1
,,,,1122=,Rana,1
,,,,1122=,Ranbir,1
,,,,1122=,Raneem,1
,,,,1122=,Ranha,1
,,,,1122=,Rania,1
,,,,1122=,Rawiyah,1
,,,,1122=,Raya,1
,,,,1122=,Rayanne,1
,,,,1122=,Rayma,1
,,,,1122=,Rayna,1
,,,,1122=,Reaghan,1
,,,,1122=,Reann,1
,,,,1122=,Reannan,1
,,,,1122=,Reanne,1
,,,,1122=,Rebbecca,1
,,,,1122=,Rebbecca-Jayne,1
,,,,1122=,Rebbecca-Louise,1
,,,,1122=,Rebone,1
,,,,1122=,Reebeka,1
,,,,1122=,Reece,1
,,,,1122=,Reese,1
,,,,1122=,Regane,1
,,,,1122=,Reghan,1
,,,,1122=,Remi,1
,,,,1122=,Remy,1
,,,,1122=,Renee,1
,,,,1122=,Reni,1
,,,,1122=,Reshna,1
,,,,1122=,Rhana,1
,,,,1122=,Rheagan,1
,,,,1122=,Rheanna,1
,,,,1122=,Rhegan,1
,,,,1122=,Rheis,1
,,,,1122=,Rheo,1
,,,,1122=,Rhian-Leigh,1
,,,,1122=,Rhiane,1
,,,,1122=,Rhiannon-Maer,1
,,,,1122=,Rhogan,1
,,,,1122=,Rhomi,1
,,,,1122=,Rhowain,1
,,,,1122=,Rhys,1
,,,,1122=,Richelle,1
,,,,1122=,Richenda,1
,,,,1122=,Rida,1
,,,,1122=,Ridaa,1
,,,,1122=,Ridah,1
,,,,1122=,Ridar,1
,,,,1122=,Rihana,1
,,,,1122=,Rikki,1
,,,,1122=,Riminiy,1
,,,,1122=,Rina,1
,,,,1122=,Rinni,1
,,,,1122=,Rinske,1
,,,,1122=,Riyah,1
,,,,1122=,Roanna,1
,,,,1122=,Roba,1
,,,,1122=,Robbie,1
,,,,1122=,Rohanie,1
,,,,1122=,Rohann,1
,,,,1122=,Roisean,1
,,,,1122=,Roisian,1
,,,,1122=,Romanna,1
,,,,1122=,Romi,1
,,,,1122=,Romina,1
,,,,1122=,Ronan,1
,,,,1122=,Roni-Jean,1
,,,,1122=,Rosaleen,1
,,,,1122=,Rosaline,1
,,,,1122=,Rosaly,1
,,,,1122=,Rosalynd,1
,,,,1122=,Roseleen,1
,,,,1122=,Roselle,1
,,,,1122=,Roselynne,1
,,,,1122=,Rosemarie,1
,,,,1122=,Roshene,1
,,,,1122=,Rosiland,1
,,,,1122=,Roslynd,1
,,,,1122=,Rosy,1
,,,,1122=,Rozlyn,1
,,,,1122=,Rudi,1
,,,,1122=,Rukhsaar,1
,,,,1122=,Ruksaar,1
,,,,1122=,Rumaysah,1
,,,,1122=,Ruthana,1
,,,,1122=,Ryanna,1
,,,,1122=,Ryna,1
,,,,1122=,Saalihah,1
,,,,1122=,Saarah,1
,,,,1122=,Saba,1
,,,,1122=,Sabah,1
,,,,1122=,Sabeha,1
,,,,1122=,Sabihah,1
,,,,1122=,Sacha,1
,,,,1122=,Sadia,1
,,,,1122=,Sadra,1
,,,,1122=,Saffron,1
,,,,1122=,Safiyyah,1
,,,,1122=,Sahiba,1
,,,,1122=,Sahira,1
,,,,1122=,Sai,1
,,,,1122=,Saibvhonn,1
,,,,1122=,Saimah,1
,,,,1122=,Saira,1
,,,,1122=,Sairah,1
,,,,1122=,Samah,1
,,,,1122=,Sameena,1
,,,,1122=,Samerah,1
,,,,1122=,Samia,1
,,,,1122=,Samm,1
,,,,1122=,Sammi,1
,,,,1122=,Sammi-Jo,1
,,,,1122=,Sammi-Lea,1
,,,,1122=,Sammie-Lee,1
,,,,1122=,Sammy,1
,,,,1122=,Sammy-Jo,1
,,,,1122=,Samreen,1
,,,,1122=,Sanchi,1
,,,,1122=,Sandia,1
,,,,1122=,Sandranne,1
,,,,1122=,Sangeeta,1
,,,,1122=,Sanjota,1
,,,,1122=,Sanne,1
,,,,1122=,Sanya,1
,,,,1122=,Sara-Louise,1
,,,,1122=,Sarah-Aimee,1
,,,,1122=,Sarah-Ann,1
,,,,1122=,Sarah-Anne,1
,,,,1122=,Sarah-Jayne,1
,,,,1122=,Sarah-Leigh,1
,,,,1122=,Sarahjane,1
,,,,1122=,Sarahlouise,1
,,,,1122=,Sarahtulain,1
,,,,1122=,Saranne,1
,,,,1122=,Sarena,1
,,,,1122=,Sari,1
,,,,1122=,Sarinah,1
,,,,1122=,Sarrah,1
,,,,1122=,Sasha-Jay,1
,,,,1122=,Saundrea,1
,,,,1122=,Sayoko,1
,,,,1122=,Schauncey,1
,,,,1122=,Sean-Ann,1
,,,,1122=,Seerat-E,1
,,,,1122=,Sehir,1
,,,,1122=,Sehrish,1
,,,,1122=,Selby,1
,,,,1122=,Selene,1
,,,,1122=,Seline,1
,,,,1122=,Selisha,1
,,,,1122=,Selma,1
,,,,1122=,Sgianach,1
,,,,1122=,Shaakirah,1
,,,,1122=,Shabiha,1
,,,,1122=,Shadab,1
,,,,1122=,Shadanah,1
,,,,1122=,Shae,1
,,,,1122=,Shaela,1
,,,,1122=,Shah,1
,,,,1122=,Shahad,1
,,,,1122=,Shaina,1
,,,,1122=,Shakila,1
,,,,1122=,Shakira,1
,,,,1122=,Shalana,1
,,,,1122=,Shalann,1
,,,,1122=,Shaleen,1
,,,,1122=,Shalena,1
,,,,1122=,Shamia,1
,,,,1122=,Shanagh,1
,,,,1122=,Shanahan,1
,,,,1122=,Shanel,1
,,,,1122=,Shanell,1
,,,,1122=,Shanelle,1
,,,,1122=,Shani,1
,,,,1122=,Shanie,1
,,,,1122=,Shanin,1
,,,,1122=,Shanley,1
,,,,1122=,Shanna-Lea,1
,,,,1122=,Shannagh,1
,,,,1122=,Shannah-Louise,1
,,,,1122=,Shannel,1
,,,,1122=,Shanniece,1
,,,,1122=,Shannin,1
,,,,1122=,Shannon-Leigh,1
,,,,1122=,Shannon-Marie,1
,,,,1122=,Shanon,1
,,,,1122=,Shantana,1
,,,,1122=,Shantelle,1
,,,,1122=,Shanyce,1
,,,,1122=,Shanyn,1
,,,,1122=,Shapelle,1
,,,,1122=,Sharanjit,1
,,,,1122=,Sharelle,1
,,,,1122=,Sharen,1
,,,,1122=,Shari-Louise,1
,,,,1122=,Sharlene,1
,,,,1122=,Sharmaine,1
,,,,1122=,Sharmilla,1
,,,,1122=,Sharna,1
,,,,1122=,Shauneen,1
,,,,1122=,Shaunelle,1
,,,,1122=,Shaunii,1
,,,,1122=,Shaunni,1
,,,,1122=,Shaunnie,1
,,,,1122=,Shauntelle,1
,,,,1122=,Shawni,1
,,,,1122=,Shawnie,1
,,,,1122=,Shawnni,1
,,,,1122=,Shay,1
,,,,1122=,Shaza,1
,,,,1122=,Shazia,1
,,,,1122=,Sheefali,1
,,,,1122=,Sheila,1
,,,,1122=,Sheilanne,1
,,,,1122=,Shelbie,1
,,,,1122=,Shelbii,1
,,,,1122=,Shelby-Leigh,1
,,,,1122=,Shellby,1
,,,,1122=,Shellie,1
,,,,1122=,Shelly,1
,,,,1122=,Shennan,1
,,,,1122=,Sherelle,1
,,,,1122=,Sheridan,1
,,,,1122=,Sherine,1
,,,,1122=,Sherow,1
,,,,1122=,Sherrie,1
,,,,1122=,Sherryann,1
,,,,1122=,Shervene,1
,,,,1122=,Shevon,1
,,,,1122=,Shi,1
,,,,1122=,Shifaa',1
,,,,1122=,Shilloh,1
,,,,1122=,Shion,1
,,,,1122=,Shivohn,1
,,,,1122=,Shondele,1
,,,,1122=,Shonie,1
,,,,1122=,Shonni,1
,,,,1122=,Shri-Ishvarya,1
,,,,1122=,Shythira,1
,,,,1122=,Siama,1
,,,,1122=,Siana,1
,,,,1122=,Sianan-Mharie,1
,,,,1122=,Siannen,1
,,,,1122=,Sidrah,1
,,,,1122=,Siena,1
,,,,1122=,Simarin,1
,,,,1122=,Simra,1
,,,,1122=,Simranjeet,1
,,,,1122=,Simranjit,1
,,,,1122=,Simrin,1
,,,,1122=,Sin-Tung,1
,,,,1122=,Sinara,1
,,,,1122=,Sine,1
,,,,1122=,Siobahn,1
,,,,1122=,Siran,1
,,,,1122=,Siti,1
,,,,1122=,Smriti,1
,,,,1122=,Snadeed,1
,,,,1122=,Soffi,1
,,,,1122=,Soha,1
,,,,1122=,Solene,1
,,,,1122=,Solma,1
,,,,1122=,Solveig,1
,,,,1122=,Sommer,1
,,,,1122=,Sondos,1
,,,,1122=,Sonya,1
,,,,1122=,Sophea,1
,,,,1122=,Sophi-Ann,1
,,,,1122=,Sophia-Rose,1
,,,,1122=,Sophie-Anne,1
,,,,1122=,Sophie-Leigh,1
,,,,1122=,Sophie-May,1
,,,,1122=,Sophie-Rae,1
,,,,1122=,Sophy,1
,,,,1122=,Soraya,1
,,,,1122=,Sorcha,1
,,,,1122=,Sorrel,1
,,,,1122=,Sorsha,1
,,,,1122=,Sree,1
,,,,1122=,Stacey-Leigh,1
,,,,1122=,Stacey-Marie,1
,,,,1122=,Stavroula,1
,,,,1122=,Stefania,1
,,,,1122=,Steffani,1
,,,,1122=,Steffanie,1
,,,,1122=,Stefny,1
,,,,1122=,Stephany,1
,,,,1122=,Stephenie,1
,,,,1122=,Stevi,1
,,,,1122=,Stevie-Jay,1
,,,,1122=,Stevie-Louise,1
,,,,1122=,Storm,1
,,,,1122=,Streen,1
,,,,1122=,Sukdeep,1
,,,,1122=,Sukhvear,1
,,,,1122=,Sula,1
,,,,1122=,Sultan,1
,,,,1122=,Sumayyah,1
,,,,1122=,Sundas,1
,,,,1122=,Sunita,1
,,,,1122=,Sunitta,1
,,,,1122=,Sunya,1
,,,,1122=,Surya,1
,,,,1122=,Susan-Louise,1
,,,,1122=,Susha,1
,,,,1122=,Suzy,1
,,,,1122=,Syazwani,1
,,,,1122=,Sydney,1
,,,,1122=,Sylvia,1
,,,,1122=,Sylvie,1
,,,,1122=,Synnove,1
,,,,1122=,Taaibah,1
,,,,1122=,Taelyr,1
,,,,1122=,Tagan,1
,,,,1122=,Tahira,1
,,,,1122=,Tahirah,1
,,,,1122=,Tailorre,1
,,,,1122=,Taisha,1
,,,,1122=,Tali,1
,,,,1122=,Talia-Marie,1
,,,,1122=,Talitha,1
,,,,1122=,Talys,1
,,,,1122=,Tamara-Jane,1
,,,,1122=,Tamarra,1
,,,,1122=,Tami-Leigh,1
,,,,1122=,Tamla,1
,,,,1122=,Tamlyn,1
,,,,1122=,Tammay,1
,,,,1122=,Tammylee,1
,,,,1122=,Tamzen,1
,,,,1122=,Tamzyn,1
,,,,1122=,Tanera,1
,,,,1122=,Tanita,1
,,,,1122=,Tanith,1
,,,,1122=,Taniya,1
,,,,1122=,Tannith,1
,,,,1122=,Tanysha,1
,,,,1122=,Tanzeela,1
,,,,1122=,Tarma,1
,,,,1122=,Tarn,1
,,,,1122=,Taryn,1
,,,,1122=,Tasia,1
,,,,1122=,Tasmiah,1
,,,,1122=,Tasmin,1
,,,,1122=,Tasneem,1
,,,,1122=,Tayba,1
,,,,1122=,Taybah,1
,,,,1122=,Taylar,1
,,,,1122=,Tayler-Abby,1
,,,,1122=,Taylor-Ann,1
,,,,1122=,Taylor-Erin,1
,,,,1122=,Tayrn,1
,,,,1122=,Tayyibah,1
,,,,1122=,Te,1
,,,,1122=,Tedi,1
,,,,1122=,Tee-Jay,1
,,,,1122=,Teigan,1
,,,,1122=,Teija,1
,,,,1122=,Teiybah,1
,,,,1122=,Teri-Ann,1
,,,,1122=,Terianne,1
,,,,1122=,Terri-Anne,1
,,,,1122=,Terri-Jo,1
,,,,1122=,Terri-Louise,1
,,,,1122=,Tharfa,1
,,,,1122=,Therese,1
,,,,1122=,Theresia,1
,,,,1122=,Thianna,1
,,,,1122=,Tian,1
,,,,1122=,Tianna,1
,,,,1122=,Tiffani,1
,,,,1122=,Tiffany-Lee,1
,,,,1122=,Tiffiney,1
,,,,1122=,Tika,1
,,,,1122=,Tilly,1
,,,,1122=,Tillyarna,1
,,,,1122=,Tionne,1
,,,,1122=,Tiree,1
,,,,1122=,Tong,1
,,,,1122=,Toni-Lee,1
,,,,1122=,Toni-Marie,1
,,,,1122=,Toni-Olivia,1
,,,,1122=,Tonie,1
,,,,1122=,Tonii,1
,,,,1122=,Tonimarie,1
,,,,1122=,Tonisha,1
,,,,1122=,Tonitia,1
,,,,1122=,Tori-Ann,1
,,,,1122=,Tori-Jade,1
,,,,1122=,Torie,1
,,,,1122=,Tracie,1
,,,,1122=,Tracyann,1
,,,,1122=,Trisha,1
,,,,1122=,Trixie,1
,,,,1122=,Trude,1
,,,,1122=,Trudi,1
,,,,1122=,'True,1
,,,,1122=,Tuesday,1
,,,,1122=,Turaya,1
,,,,1122=,Tyana,1
,,,,1122=,Tyisha,1
,,,,1122=,Tyla,1
,,,,1122=,Tyree,1
,,,,1122=,Uksa,1
,,,,1122=,Umaimah,1
,,,,1122=,Umber,1
,,,,1122=,Umima,1
,,,,1122=,Ummaarah,1
,,,,1122=,Urooj,1
,,,,1122=,Urvashi,1
,,,,1122=,Vaila,1
,,,,1122=,Valentina,1
,,,,1122=,Vari,1
,,,,1122=,Venetia,1
,,,,1122=,Vhairi,1
,,,,1122=,Vhairie,1
,,,,1122=,Vicki-Louise,1
,,,,1122=,Vickie,1
,,,,1122=,Victoria-Lynn,1
,,,,1122=,Viktoria,1
,,,,1122=,Vineeta,1
,,,,1122=,Vittoria,1
,,,,1122=,Vivian,1
,,,,1122=,Wah,1
,,,,1122=,Welhena,1
,,,,1122=,Winnifred,1
,,,,1122=,Winter,1
,,,,1122=,Wren,1
,,,,1122=,Xemxija,1
,,,,1122=,Xiaoxue,1
,,,,1122=,Yael,1
,,,,1122=,Yi,1
,,,,1122=,Yi-Lan,1
,,,,1122=,Yin,1
,,,,1122=,Yong-Chin,1
,,,,1122=,Yosser,1
,,,,1122=,Young,1
,,,,1122=,Ysabella,1
,,,,1122=,Yu,1
,,,,1122=,Yumna,1
,,,,1122=,Yuri,1
,,,,1122=,Yuxi,1
,,,,1122=,Zabrina,1
,,,,1122=,Zackeyah,1
,,,,1122=,Zaema,1
,,,,1122=,Zaenab,1
,,,,1122=,Zahraa,1
,,,,1122=,Zaina,1
,,,,1122=,Zakia,1
,,,,1122=,Zanna,1
,,,,1122=,Zarah,1
,,,,1122=,Zarha,1
,,,,1122=,Zarin,1
,,,,1122=,Zarine,1
,,,,1122=,Zarreen,1
,,,,1122=,Zehra,1
,,,,1122=,Zenaib,1
,,,,1122=,Zeynep,1
,,,,1122=,Zita,1
,,,,1122=,Zo,1
,,,,1122=,Zola,1
,,,,1122=,Zoya,1
,,,,1122=,Zuhra,1
,,,,,,
� Crown Copyright 2015,,,,,,
