Babies' first forenames: births registered in Scotland in 1998,,,,,,
,,,,,,
Information about the basis of the list can be found via the 'Babies' First Names' page on the National Records of Scotland website.,,,,,,
,,,,,,
Boys,,,,Girls,,
,,,,,,
Position,Name,Number of babies,,Position,Name,Number of babies
1,Ryan,791,,1,Chloe,953
2,Jack,709,,2,Megan,679
3,Ross,662,,3,Rebecca,631
4,Lewis,637,,4,Emma,601
5,Cameron,619,,5,Amy,588
6,James,616,,6,Caitlin,580
7,Connor,592,,7,Lauren,542
8,Andrew,584,,8,Rachel,541
9,Scott,549,,9,Shannon,444
10,Callum,524,,10,Hannah,425
11,Jordan,516,,11,Sophie,400
12,Daniel,492,,12,Nicole,377
13,David,484,,13,Sarah,372
14,Matthew,483,,14,Erin,361
15,Liam,471,,15,Courtney,317
16,Michael,466,,16,Lucy,303
17,Kieran,457,,17,Katie,276
18,Craig,400,,18,Kirsty,275
19,Kyle,395,,19,Emily,271
20,Sean,383,,20,Laura,254
21,Jamie,377,,21,Louise,246
22,Dylan,362,,22,Eilidh,244
23,John,353,,23,Holly,220
24,Christopher,351,,24,Jennifer,208
25,Calum,337,,25=,Morgan,198
26,Adam,331,,25=,Samantha,198
27,Thomas,309,,27=,Heather,191
28,Alexander,301,,27=,Rachael,191
29,Mark,284,,29,Jade,183
30,Nathan,280,,30,Chelsea,181
31,Robert,272,,31,Natalie,176
32,Aaron,268,,32,Danielle,174
33,Euan,259,,33,Jessica,169
34,Fraser,244,,34,Stephanie,168
35,Paul,238,,35,Robyn,165
36,Ewan,235,,36,Anna,162
37,Declan,226,,37,Zoe,157
38,William,216,,38,Natasha,153
39,Ben,211,,39,Lisa,150
40,Stuart,206,,40=,Claire,148
41,Aidan,196,,40=,Kayleigh,148
42,Stephen,194,,42,Bethany,147
43,Steven,191,,43,Aimee,143
44,Reece,189,,44,Nicola,142
45,Robbie,180,,45,Charlotte,139
46,Joshua,179,,46,Gemma,135
47,Lee,178,,47,Niamh,134
48,Conor,169,,48,Abbie,127
49,Shaun,162,,49,Melissa,125
50,Darren,159,,50,Victoria,124
51,Samuel,154,,51=,Georgia,120
52,Brandon,142,,51=,Taylor,120
53,Marc,140,,53=,Iona,119
54,Joseph,139,,53=,Olivia,119
55=,Dean,138,,55=,Beth,118
55=,Jonathan,138,,55=,Jodie,118
57,Luke,135,,57,Cara,105
58,Jake,129,,58=,Alexandra,101
59,Josh,128,,58=,Amber,101
60,Rory,127,,58=,Ellie,101
61=,Greg,126,,61,Abigail,97
61=,Owen,126,,62=,Caitlyn,95
63,Grant,125,,62=,Catherine,95
64,Jason,124,,62=,Molly,95
65,Sam,114,,65,Fiona,94
66,Blair,112,,66,Kelsey,92
67,Martin,105,,67,Kirsten,91
68,Benjamin,104,,68,Jenna,90
69=,Gary,101,,69,Hayley,87
69=,Peter,101,,70,Isla,81
71,Gavin,96,,71=,Kimberley,78
72,Rhys,94,,71=,Paige,78
73,Iain,91,,73,Leah,77
74,Kevin,90,,74,Ashleigh,76
75,Ciaran,88,,75,Elizabeth,75
76=,Jay,86,,76,Eve,73
76=,Murray,86,,77,Catriona,71
78=,Alistair,85,,78,Ashley,66
78=,Harry,85,,79=,Alice,64
80=,Bradley,84,,79=,Ellen,64
80=,Finlay,84,,81=,Carly,63
82=,Alan,82,,81=,Kaitlin,63
82=,Gregor,82,,83,Katherine,62
82=,Taylor,82,,84,Chantelle,61
85,Nicholas,81,,85=,Ciara,60
86,Ethan,80,,85=,Demi,60
87=,Angus,77,,87=,Kerry,59
87=,Duncan,77,,87=,Rebekah,59
89=,Charles,76,,89,Jordan,58
89=,Stewart,76,,90=,Alison,57
91,Ronan,74,,90=,Rhiannon,57
92,Aiden,70,,92=,Mhairi,56
93,Ian,69,,92=,Toni,56
94=,Anthony,68,,94,Meghan,55
94=,Neil,68,,95=,Alana,53
96,George,66,,95=,Siobhan,53
97=,Charlie,62,,97,Abby,52
97=,Jacob,62,,98=,Carla,50
99,Max,61,,98=,Hollie,50
100,Hamish,60,,100=,Kaitlyn,48
101=,Douglas,59,,100=,Kathryn,48
101=,Logan,59,,102,Kelly,47
103,Patrick,56,,103=,Eleanor,46
104,Ruairidh,54,,103=,Katy,46
105=,Morgan,53,,103=,Naomi,46
105=,Richard,53,,106=,Jemma,44
107,Mohammed,52,,106=,Kate,44
108=,Alasdair,51,,108=,Amanda,43
108=,Brian,51,,108=,Brooke,43
108=,Calvin,51,,110=,Brogan,42
108=,Colin,51,,110=,Leigh,42
108=,Marcus,51,,110=,Rosie,42
113=,Graeme,48,,110=,Ruth,42
113=,Louis,48,,110=,Shona,42
115,Arran,47,,115,Gillian,41
116=,Dominic,46,,116=,Clare,40
116=,Oliver,46,,116=,Jasmine,40
118,Keir,45,,116=,Morven,40
119,Alastair,44,,119=,Kara,39
120=,Brendan,41,,119=,Tiegan,39
120=,Conner,41,,121,Joanna,37
122,Joe,40,,122=,Christina,36
123=,Dillon,39,,122=,Hazel,36
123=,Elliot,39,,122=,Michelle,36
123=,Leon,39,,122=,Nadia,36
126,Kai,38,,122=,Sara,36
127=,Dale,37,,127=,Helen,35
127=,Kenneth,37,,127=,Katrina,35
127=,Niall,37,,127=,Leanne,35
130,Tyler,36,,127=,Michaela,35
131=,Edward,35,,127=,Monica,35
131=,Graham,35,,127=,Shelby,35
131=,Kerr,35,,133=,Grace,34
131=,Lachlan,35,,133=,Joanne,34
131=,Mitchell,35,,133=,Julia,34
136=,Alex,34,,133=,Kiera,34
136=,Evan,34,,137=,Ailsa,33
136=,Keiran,34,,137=,Christie,33
139,Regan,33,,137=,Eva,33
140=,Greig,32,,137=,Freya,33
140=,Tom,32,,137=,Jamie,33
142,Allan,31,,137=,Mairi,33
143=,Brad,30,,143=,Alex,32
143=,Corey,30,,143=,Alix,32
143=,Gordon,30,,143=,Dionne,32
143=,Shane,30,,143=,Lara,32
147,Glen,29,,147=,Lynsey,31
148=,Bailey,28,,147=,Rhona,31
148=,Bruce,28,,147=,Tamara,31
148=,Rowan,28,,150=,Alisha,30
151=,Donald,27,,150=,Annie,30
151=,Justin,27,,150=,Roisin,30
151=,Ruaridh,27,,150=,Tara,30
151=,Zak,27,,154=,Ellis,29
155=,Fergus,26,,154=,Julie,29
155=,Struan,26,,154=,Sian,29
157=,Barry,25,,154=,Stacey,29
157=,Danny,25,,158=,Alicia,28
157=,Kieron,25,,158=,Caroline,28
157=,Mohammad,25,,158=,Dana,28
161=,Arron,24,,158=,Skye,28
161=,Brodie,24,,162=,Carrie,27
161=,Mathew,24,,162=,Imogen,27
164=,Finn,23,,162=,Sinead,27
164=,Frazer,23,,165=,Adele,26
164=,Kieren,23,,165=,Charley,26
164=,Philip,23,,165=,Lois,26
168=,Derek,22,,165=,Mary,26
168=,Henry,22,,165=,Millie,26
168=,Simon,22,,170=,Antonia,25
171=,Billy,21,,170=,Kira,25
171=,Caleb,21,,170=,Lori,25
171=,Daryl,21,,170=,Madeleine,25
171=,Drew,21,,170=,Mia,25
171=,Hayden,21,,170=,Phoebe,25
171=,Kristopher,21,,176=,Bryony,24
177=,Campbell,20,,176=,Christy,24
177=,Kane,20,,176=,Karen,24
179=,Christian,19,,176=,Maria,24
179=,Stefan,19,,176=,Nikki,24
181=,Curtis,18,,176=,Tia,24
181=,Francis,18,,182=,Alannah,23
181=,Reiss,18,,182=,Francesca,23
184=,Gabriel,17,,182=,Georgina,23
184=,Lloyd,17,,182=,Kelsie,23
184=,Russell,17,,182=,Kirstin,23
184=,Zachary,17,,182=,Lorna,23
188=,Garry,16,,188=,Elle,22
188=,Jon,16,,188=,Kim,22
188=,Leo,16,,188=,Kirstie,22
188=,Mason,16,,188=,Rowan,22
192=,Antony,15,,188=,Sophia,22
192=,Findlay,15,,193=,Mollie,21
192=,Innes,15,,193=,Yasmin,21
192=,Jordon,15,,195=,Casey,20
192=,Muhammad,15,,195=,Elise,20
197=,Darryl,14,,195=,Jodi,20
197=,Gareth,14,,195=,Kathleen,20
197=,Harris,14,,195=,Keira,20
197=,Joel,14,,195=,Neve,20
197=,Jonathon,14,,195=,Paula,20
197=,Malcolm,14,,195=,Shauna,20
197=,Maxwell,14,,203=,Aisha,19
197=,Shawn,14,,203=,Alanna,19
205=,Callan,13,,203=,Amie,19
205=,Gerard,13,,203=,Chelsey,19
205=,Hugh,13,,203=,Colette,19
205=,Keith,13,,203=,Connie,19
205=,Martyn,13,,203=,Jordyn,19
205=,Robin,13,,203=,Kerri,19
205=,Tommy,13,,203=,Lauryn,19
205=,Tony,13,,212=,Becky,18
213=,Adrian,12,,212=,Charlene,18
213=,Ali,12,,212=,Claudia,18
213=,Conall,12,,212=,Deborah,18
213=,Corrie,12,,212=,Jacqueline,18
213=,Lucas,12,,212=,Kimberly,18
213=,Raymond,12,,212=,Lindsay,18
213=,Reagan,12,,212=,Nadine,18
213=,Rohan,12,,212=,Nina,18
213=,Ronald,12,,212=,Rhianna,18
213=,Tristan,12,,222=,Abbey,17
223=,Bryan,11,,222=,Bethan,17
223=,Finley,11,,222=,Bronwyn,17
223=,Glenn,11,,222=,Daisy,17
223=,Guy,11,,222=,Katelyn,17
223=,Harrison,11,,222=,Kyra,17
223=,Magnus,11,,222=,Leona,17
223=,Marco,11,,222=,Rose,17
223=,Nicolas,11,,222=,Suzanne,17
223=,Warren,11,,222=,Tammy,17
232=,Anton,10,,222=,Teri,17
232=,Bilal,10,,222=,Zara,17
232=,Bryce,10,,234=,Ainsley,16
232=,Elliott,10,,234=,Briony,16
232=,Ellis,10,,234=,Dayna,16
232=,Johnathan,10,,234=,Hope,16
232=,Kristofer,10,,234=,Jane,16
232=,Murdo,10,,234=,Lily,16
232=,Nico,10,,234=,Orla,16
232=,Oscar,10,,234=,Sally,16
232=,Sandy,10,,242=,Amelia,15
232=,Zack,10,,242=,Annabel,15
244=,Archie,9,,242=,Cerys,15
244=,Clark,9,,242=,Flora,15
244=,Cole,9,,242=,Gabrielle,15
244=,Daryn,9,,242=,Isobel,15
244=,Eoin,9,,242=,Jenny,15
244=,Ewen,9,,242=,Marie,15
244=,Isaac,9,,242=,Susan,15
244=,Jed,9,,251=,Bobbie,14
244=,Kelvin,9,,251=,Carys,14
244=,Myles,9,,251=,Charlie,14
244=,Reuben,9,,251=,Colleen,14
244=,Rian,9,,251=,Daniella,14
244=,Ricky,9,,251=,Fern,14
244=,Ruaraidh,9,,251=,Karis,14
244=,Timothy,9,,251=,Karla,14
259=,Abdul,8,,251=,Linzi,14
259=,Austin,8,,251=,Ruby,14
259=,Brett,8,,251=,Simone,14
259=,Cairn,8,,251=,Tayler,14
259=,Cory,8,,263=,Andrea,13
259=,Dillan,8,,263=,Angela,13
259=,Gregory,8,,263=,Caragh,13
259=,Harvey,8,,263=,Dawn,13
259=,Humza,8,,263=,Georgie,13
259=,Jak,8,,263=,Jamie-Lee,13
259=,Lauchlan,8,,263=,Jill,13
259=,Lyle,8,,263=,Kristen,13
259=,Mackenzie,8,,263=,Margaret,13
259=,Ruari,8,,263=,Maya,13
259=,Shay,8,,263=,Nikita,13
259=,Zain,8,,263=,Poppy,13
275=,Blake,7,,263=,Regan,13
275=,Cailean,7,,263=,Shauni,13
275=,Conan,7,,263=,Tiffany,13
275=,Damon,7,,263=,Tyler,13
275=,Hector,7,,279=,Alexandria,12
275=,Hugo,7,,279=,Amina,12
275=,Jackson,7,,279=,Anne,12
275=,Jai,7,,279=,April,12
275=,Levi,7,,279=,Charmaine,12
275=,Nairn,7,,279=,Cody,12
275=,Phillip,7,,279=,Donna,12
275=,Ramsay,7,,279=,Erica,12
275=,Sonny,7,,279=,Haley,12
275=,Syed,7,,279=,India,12
289=,Aarron,6,,279=,Joy,12
289=,Antonio,6,,279=,Louisa,12
289=,Archibald,6,,279=,Lydia,12
289=,Blaine,6,,279=,Lyndsey,12
289=,Bobby,6,,279=,Mirren,12
289=,Cavan,6,,279=,Murron,12
289=,Cieran,6,,279=,Tanya,12
289=,Conal,6,,279=,Vanessa,12
289=,Cormac,6,,297=,Billie,11
289=,Damian,6,,297=,Brodie,11
289=,Damien,6,,297=,Chelsie,11
289=,Donnie,6,,297=,Christine,11
289=,Felix,6,,297=,Courteney,11
289=,Frederick,6,,297=,Dannielle,11
289=,Haris,6,,297=,Darcy,11
289=,Kalvin,6,,297=,Ella,11
289=,Kamran,6,,297=,Gabriella,11
289=,Kirk,6,,297=,Jasmin,11
289=,Lawrence,6,,297=,Kayla,11
289=,Leighton,6,,297=,Lana,11
289=,Lorne,6,,297=,Leia,11
289=,Luca,6,,297=,Miriam,11
289=,Lyall,6,,297=,Pamela,11
289=,Macauley,6,,297=,Rebekka,11
289=,Matt,6,,297=,Saffron,11
289=,Miles,6,,297=,Sasha,11
289=,Nathaniel,6,,297=,Savannah,11
289=,Omar,6,,297=,Shelley,11
289=,Quinn,6,,317=,Abbi,10
289=,Ruairi,6,,317=,Aisling,10
289=,Scot,6,,317=,Allana,10
289=,Tomas,6,,317=,Bobbi,10
289=,Wesley,6,,317=,Cassie,10
322=,Abdullah,5,,317=,Celine,10
322=,Alisdair,5,,317=,Chanelle,10
322=,Aqib,5,,317=,Chiara,10
322=,Ashley,5,,317=,Denise,10
322=,Baillie,5,,317=,Eden,10
322=,Benedict,5,,317=,Eirinn,10
322=,Brogan,5,,317=,Elaine,10
322=,Chris,5,,317=,Isabella,10
322=,Cian,5,,317=,Karli,10
322=,Conlan,5,,317=,Kay,10
322=,Dario,5,,317=,Kayley,10
322=,Dominik,5,,317=,Maxine,10
322=,Eden,5,,317=,Philippa,10
322=,Eliot,5,,317=,Rhianne,10
322=,Eric,5,,317=,Susannah,10
322=,Hasan,5,,337=,Ailish,9
322=,Jayson,5,,337=,Ava,9
322=,Keenan,5,,337=,Ayesha,9
322=,Kenan,5,,337=,Cameron,9
322=,Kristoffer,5,,337=,Carmen,9
322=,Kye,5,,337=,Charis,9
322=,Lochlan,5,,337=,Erika,9
322=,Macaulay,5,,337=,Helena,9
322=,Milo,5,,337=,Jo,9
322=,Mohamed,5,,337=,Katelin,9
322=,Muhammed,5,,337=,Katharine,9
322=,Owain,5,,337=,Keri,9
322=,Reegan,5,,337=,Laurie,9
322=,Roderick,5,,337=,Lia,9
322=,Saul,5,,337=,Lyndsay,9
322=,Sebastian,5,,337=,Maia,9
322=,Shea,5,,337=,Melanie,9
322=,Terry,5,,337=,Mhari,9
322=,Theodore,5,,337=,Reagan,9
322=,Troy,5,,337=,Rosa,9
322=,Will,5,,337=,Seonaid,9
358=,Ajay,4,,337=,Stella,9
358=,Alec,4,,359=,Ailie,8
358=,Alfie,4,,359=,Aimie,8
358=,Allister,4,,359=,Allison,8
358=,Andy,4,,359=,Brittany,8
358=,Aston,4,,359=,Carolyn,8
358=,Ayden,4,,359=,Clara,8
358=,Brady,4,,359=,Devon,8
358=,Byron,4,,359=,Ebony,8
358=,Cain,4,,359=,Evie,8
358=,Carl,4,,359=,Hayleigh,8
358=,Carson,4,,359=,Honor,8
358=,Casey,4,,359=,Juliet,8
358=,Chun,4,,359=,Justine,8
358=,Conar,4,,359=,Karly,8
358=,Connall,4,,359=,Katriona,8
358=,Connar,4,,359=,Kirstyn,8
358=,Conrad,4,,359=,Kylie,8
358=,Crawford,4,,359=,Lesley,8
358=,Darius,4,,359=,Libby,8
358=,Darrel,4,,359=,Lynn,8
358=,Darrell,4,,359=,Martha,8
358=,Dougal,4,,359=,Meaghan,8
358=,Edwin,4,,359=,Nichole,8
358=,Fintan,4,,359=,Rhian,8
358=,Frank,4,,359=,Rona,8
358=,Gerald,4,,359=,Sabrina,8
358=,Gregg,4,,359=,Sarah-Jane,8
358=,Hamzah,4,,359=,Shelly,8
358=,Harley,4,,359=,Stacy,8
358=,Haroon,4,,359=,Tegan,8
358=,Haydn,4,,359=,Teigan,8
358=,Ibrahim,4,,359=,Terri,8
358=,Imran,4,,391=,Ainslie,7
358=,Jared,4,,391=,Angel,7
358=,Josef,4,,391=,Anita,7
358=,Joss,4,,391=,Ann,7
358=,Keegan,4,,391=,Bailey,7
358=,Keiron,4,,391=,Blythe,7
358=,Kurt,4,,391=,Carol,7
358=,Lindsay,4,,391=,Chanel,7
358=,Maximilian,4,,391=,Cheryl,7
358=,Mikey,4,,391=,Constance,7
358=,Nicky,4,,391=,Coral,7
358=,Nicol,4,,391=,Dani,7
358=,Noah,4,,391=,Drew,7
358=,Qasim,4,,391=,Eilish,7
358=,Ray,4,,391=,Eireann,7
358=,Rees,4,,391=,Elisha,7
358=,Riley,4,,391=,Eryn,7
358=,Ritchie,4,,391=,Faye,7
358=,Rob,4,,391=,Harley,7
358=,Roddy,4,,391=,Iqra,7
358=,Roy,4,,391=,Judith,7
358=,Saif,4,,391=,Karyn,7
358=,Salman,4,,391=,Kennedy,7
358=,Seth,4,,391=,Kerrie,7
358=,Sol,4,,391=,Kristin,7
358=,Spencer,4,,391=,Kristina,7
358=,Tariq,4,,391=,Kristy,7
358=,Wallace,4,,391=,Lea,7
358=,Wayne,4,,391=,Lee,7
358=,Zachariah,4,,391=,Lindsey,7
358=,Zubair,4,,391=,Lucie,7
422=,Aaran,3,,391=,Madeline,7
422=,Adil,3,,391=,Maryam,7
422=,Aedan,3,,391=,Patricia,7
422=,Ahmed,3,,391=,Rosemary,7
422=,Albert,3,,391=,Shania,7
422=,Alister,3,,391=,Sharon,7
422=,Ally,3,,391=,Sheryl,7
422=,Amir,3,,391=,Shonagh,7
422=,Aodhan,3,,391=,Sorcha,7
422=,Arjun,3,,391=,Summer,7
422=,Aron,3,,391=,Talia,7
422=,Arthur,3,,391=,Veronica,7
422=,Bernard,3,,434=,Alyson,6
422=,Branden,3,,434=,Alyssa,6
422=,Brenden,3,,434=,Ami,6
422=,Brendon,3,,434=,Anya,6
422=,Brody,3,,434=,Arianna,6
422=,Carlos,3,,434=,Arlene,6
422=,Carter,3,,434=,Becki,6
422=,Cathal,3,,434=,Bonnie,6
422=,Clarke,3,,434=,Corrie,6
422=,Coll,3,,434=,Daniela,6
422=,Cullen,3,,434=,Danni,6
422=,Damion,3,,434=,Diane,6
422=,Dan,3,,434=,Emma-Louise,6
422=,Danyal,3,,434=,Frances,6
422=,Daragh,3,,434=,Harriet,6
422=,Darragh,3,,434=,Holli,6
422=,Daud,3,,434=,Jaime,6
422=,Declyn,3,,434=,Jaye,6
422=,Deklyn,3,,434=,Jessie,6
422=,Derry,3,,434=,Jody,6
422=,Dion,3,,434=,Kari,6
422=,Don,3,,434=,Katlyn,6
422=,Elijah,3,,434=,Kenzie,6
422=,Eoghan,3,,434=,Kiara,6
422=,Faisal,3,,434=,Kiran,6
422=,Fionn,3,,434=,Kristie,6
422=,Freddie,3,,434=,Linda,6
422=,Hamza,3,,434=,Luci,6
422=,Hassan,3,,434=,Lynsay,6
422=,Hussain,3,,434=,Mairead,6
422=,Jackie,3,,434=,Marisa,6
422=,Jaime,3,,434=,Marley,6
422=,Jakob,3,,434=,Marnie,6
422=,Jan,3,,434=,Morag,6
422=,Jarod,3,,434=,Murren,6
422=,Jaymie,3,,434=,Rhea,6
422=,John-James,3,,434=,Rosanna,6
422=,Jose,3,,434=,Saskia,6
422=,Junior,3,,434=,Selina,6
422=,Kallum,3,,434=,Serena,6
422=,Karl,3,,434=,Thea,6
422=,Kasim,3,,434=,Yvonne,6
422=,Kaylum,3,,476=,Abigayle,5
422=,Keelan,3,,476=,Aileen,5
422=,Kenny,3,,476=,Ailidh,5
422=,Kern,3,,476=,Aishah,5
422=,Kris,3,,476=,Alanah,5
422=,Kristian,3,,476=,Aleisha,5
422=,Kurtis,3,,476=,Alexis,5
422=,Laurence,3,,476=,Alyx,5
422=,Laurie,3,,476=,Aoife,5
422=,Lochlann,3,,476=,Ashton,5
422=,Lorenzo,3,,476=,Bella,5
422=,Millar,3,,476=,Bronte,5
422=,Moray,3,,476=,Cailin,5
422=,Morton,3,,476=,Caitlan,5
422=,Nabeel,3,,476=,Charli,5
422=,Nick,3,,476=,Ciera,5
422=,Quentin,3,,476=,Clair,5
422=,Rehman,3,,476=,Cloe,5
422=,Reid,3,,476=,Daryl,5
422=,Rhyss,3,,476=,Deanna,5
422=,Robbi,3,,476=,Elena,5
422=,Robby,3,,476=,Elinor,5
422=,Ruan,3,,476=,Eliza,5
422=,Sammy,3,,476=,Elspeth,5
422=,Seamus,3,,476=,Faith,5
422=,Sorley,3,,476=,Fatima,5
422=,Stephan,3,,476=,Gayle,5
422=,Stevie,3,,476=,Henna,5
422=,Tayler,3,,476=,Hira,5
422=,Terence,3,,476=,Janet,5
422=,Theo,3,,476=,Jay,5
422=,Toby,3,,476=,Jayde,5
422=,Todd,3,,476=,Jayne,5
422=,Trevor,3,,476=,Jemima,5
422=,Tyrone,3,,476=,Jena,5
422=,Umar,3,,476=,Jenni,5
422=,Usama,3,,476=,Jillian,5
422=,Vincent,3,,476=,Johanna,5
422=,Walter,3,,476=,Joni,5
422=,Wilson,3,,476=,Jordana,5
422=,Zac,3,,476=,Josephine,5
517=,Aadam,2,,476=,Josie,5
517=,Abbas,2,,476=,Juliette,5
517=,Abu,2,,476=,Kai,5
517=,Adnan,2,,476=,Karina,5
517=,Akash,2,,476=,Kaylee,5
517=,Alexandre,2,,476=,Kerryann,5
517=,Alexandros,2,,476=,Kristi,5
517=,Alfred,2,,476=,Larissa,5
517=,Ammar,2,,476=,Leighann,5
517=,Anish,2,,476=,Leoni,5
517=,Aran,2,,476=,Loren,5
517=,Arif,2,,476=,Lorraine,5
517=,Arryn,2,,476=,Lucia,5
517=,Athol,2,,476=,Lucinda,5
517=,Austen,2,,476=,Luisa,5
517=,Awais,2,,476=,Lynne,5
517=,Ayaz,2,,476=,Maeve,5
517=,Aydan,2,,476=,Maisie,5
517=,Azeem,2,,476=,Marianne,5
517=,Barrie,2,,476=,Marina,5
517=,Benn,2,,476=,Marion,5
517=,Braden,2,,476=,Marissa,5
517=,Brandan,2,,476=,Meg,5
517=,Brandyn,2,,476=,Mercedes,5
517=,Caelan,2,,476=,Milly,5
517=,Cai,2,,476=,Morna,5
517=,Cairan,2,,476=,Natalya,5
517=,Cal,2,,476=,Rhiannan,5
517=,Cale,2,,476=,Ria,5
517=,Calib,2,,476=,Sarah-Louise,5
517=,Callen,2,,476=,Scarlett,5
517=,Calumn,2,,476=,Shanice,5
517=,Camran,2,,476=,Sofie,5
517=,Caolan,2,,476=,Stacie,5
517=,Carrick,2,,476=,Stevie,5
517=,Cary,2,,476=,Sydney,5
517=,Chae,2,,476=,Syeda,5
517=,Christy,2,,476=,Tamsin,5
517=,Codey,2,,476=,Vicky,5
517=,Colm,2,,476=,Vikki,5
517=,Coner,2,,476=,Zarah,5
517=,Connagh,2,,558=,Abigael,4
517=,Connaire,2,,558=,Adelle,4
517=,Connan,2,,558=,Adrienne,4
517=,Connell,2,,558=,Alina,4
517=,Conran,2,,558=,Andie,4
517=,Corbin,2,,558=,Angharad,4
517=,Corin,2,,558=,Anisah,4
517=,Corran,2,,558=,Annmarie,4
517=,Corri,2,,558=,Barbara,4
517=,Daniele,2,,558=,Billie-Jo,4
517=,Darnell,2,,558=,Blair,4
517=,Darrin,2,,558=,Brianna,4
517=,Dawson,2,,558=,Camille,4
517=,Declin,2,,558=,Candice,4
517=,Dennis,2,,558=,Caoimhe,4
517=,Dennon,2,,558=,Caris,4
517=,Derryn,2,,558=,Carli,4
517=,Devlin,2,,558=,Carlie,4
517=,Devon,2,,558=,Catrina,4
517=,Donovan,2,,558=,Chantel,4
517=,Dugal,2,,558=,Charly,4
517=,Dylon,2,,558=,Cherie,4
517=,Eamon,2,,558=,Cora,4
517=,Eddie,2,,558=,Corey,4
517=,Emilio,2,,558=,Cristina,4
517=,Enrico,2,,558=,Davina,4
517=,Eoghain,2,,558=,Deanne,4
517=,Erik,2,,558=,Demi-Lee,4
517=,Erin,2,,558=,Deryn,4
517=,Faizan,2,,558=,Dion,4
517=,Flynn,2,,558=,Elyse,4
517=,Francisco,2,,558=,Emilia,4
517=,Fyfe,2,,558=,Emilie,4
517=,Gage,2,,558=,Errin,4
517=,Garth,2,,558=,Fay,4
517=,Geordie,2,,558=,Genna,4
517=,Grahame,2,,558=,Hana,4
517=,Gurdave,2,,558=,Isabel,4
517=,Harper,2,,558=,Isabelle,4
517=,Hunter,2,,558=,Jaimee,4
517=,Ieuan,2,,558=,Jamie-Leigh,4
517=,Irfan,2,,558=,Janie,4
517=,Ivan,2,,558=,Jocelyn,4
517=,Jac,2,,558=,Katelynn,4
517=,Jaimie,2,,558=,Katrin,4
517=,Jamal,2,,558=,Kaya,4
517=,Jaye,2,,558=,Keela,4
517=,Jayme,2,,558=,Kellie,4
517=,Jedd,2,,558=,Kelly-Anne,4
517=,Jefferson,2,,558=,Kendal,4
517=,Jeffrey,2,,558=,Kendall,4
517=,Jeremiah,2,,558=,Kerryn,4
517=,Jerry,2,,558=,Kia,4
517=,Jimmy,2,,558=,Kitty,4
517=,Jock,2,,558=,Lanna,4
517=,Johannes,2,,558=,Leeanne,4
517=,Johnathon,2,,558=,Leila,4
517=,Johnny,2,,558=,Linsay,4
517=,Johnpaul,2,,558=,Linsey,4
517=,Jordan-Lee,2,,558=,Lucille,4
517=,Jude,2,,558=,Lynzi,4
517=,Kade,2,,558=,Madison,4
517=,Kaine,2,,558=,Maryann,4
517=,Kal,2,,558=,Mehreen,4
517=,Kaleb,2,,558=,Melody,4
517=,Kasey,2,,558=,Mirin,4
517=,Keanan,2,,558=,Mirrin,4
517=,Keiren,2,,558=,Monique,4
517=,Kenzie,2,,558=,Murrin,4
517=,Kier,2,,558=,Natalia,4
517=,Kierian,2,,558=,Neave,4
517=,Kierren,2,,558=,Nicolle,4
517=,Kiran,2,,558=,Nuala,4
517=,Kobe,2,,558=,Rachelle,4
517=,Kobi,2,,558=,Reanne,4
517=,Konnor,2,,558=,Rheanne,4
517=,Korey,2,,558=,Rochelle,4
517=,Kyran,2,,558=,Romy,4
517=,Lachlann,2,,558=,Rosalind,4
517=,Lawrie,2,,558=,Sacha,4
517=,Leonard,2,,558=,Sadia,4
517=,Leonardo,2,,558=,Sam,4
517=,Leroy,2,,558=,Sana,4
517=,Lorcan,2,,558=,Saoirse,4
517=,Luc,2,,558=,Shanna,4
517=,Luigi,2,,558=,Shannah,4
517=,Lukas,2,,558=,Shannan,4
517=,Macauly,2,,558=,Shantel,4
517=,Maitland,2,,558=,Shantelle,4
517=,Malachy,2,,558=,Shaunie,4
517=,Man,2,,558=,Sheree,4
517=,Mario,2,,558=,Simran,4
517=,Marshall,2,,558=,Sofia,4
517=,Matteo,2,,558=,Sophie-Louise,4
517=,Maxime,2,,558=,Sylvia,4
517=,Maximillian,2,,558=,Tabitha,4
517=,Michele,2,,558=,Tessa,4
517=,Mikael,2,,558=,Tiffani,4
517=,Mitchel,2,,558=,Tracey,4
517=,Mohd,2,,558=,Tyree,4
517=,Munro,2,,558=,Vaila,4
517=,Murad,2,,558=,Wing,4
517=,Musa,2,,558=,Yasmine,4
517=,Nadeem,2,,558=,Zainab,4
517=,Narayan,2,,558=,Zeenat,4
517=,Nathanael,2,,558=,Zoey,4
517=,Nathanial,2,,664=,Aine,3
517=,Neal,2,,664=,Ainsleigh,3
517=,Niccolo,2,,664=,Aleena,3
517=,Niklas,2,,664=,Alexa,3
517=,Nyall,2,,664=,Aliesha,3
517=,Odin,2,,664=,Ally,3
517=,Omid,2,,664=,Alysha,3
517=,Oran,2,,664=,Amiee,3
517=,Osama,2,,664=,Aminah,3
517=,Paolo,2,,664=,Amirah,3
517=,Pearce,2,,664=,Amna,3
517=,Piero,2,,664=,Amy-Leigh,3
517=,Rafi,2,,664=,Anastasia,3
517=,Raza,2,,664=,Anika,3
517=,Reace,2,,664=,Annabelle,3
517=,Rhonan,2,,664=,Ariane,3
517=,Rhuaridh,2,,664=,Ashlie,3
517=,Riaz,2,,664=,Ashlyn,3
517=,Richey,2,,664=,Asia,3
517=,Richie,2,,664=,Astrid,3
517=,Ricki,2,,664=,Aurora,3
517=,Roan,2,,664=,Autumn,3
517=,Roman,2,,664=,Ayla,3
517=,Rorie,2,,664=,Beckie,3
517=,Rowen,2,,664=,Bernadette,3
517=,Sabir,2,,664=,Brenna,3
517=,Salim,2,,664=,Brooklyn,3
517=,Santino,2,,664=,Caera,3
517=,Seamas,2,,664=,Caledonia,3
517=,Seoras,2,,664=,Caprice,3
517=,Seumas,2,,664=,Carina,3
517=,Shaw,2,,664=,Cassandra,3
517=,Sheldon,2,,664=,Ceri,3
517=,Sohaib,2,,664=,Chandler,3
517=,Stefano,2,,664=,Charisse,3
517=,Steffan,2,,664=,Cherise,3
517=,Subhan,2,,664=,Christian,3
517=,Sulaiman,2,,664=,Coleen,3
517=,Suleman,2,,664=,Collette,3
517=,Tate,2,,664=,Corrin,3
517=,Tayyib,2,,664=,Corrine,3
517=,Thibaut,2,,664=,Dara,3
517=,Thorfinn,2,,664=,Daria,3
517=,Tobias,2,,664=,Demi-Leigh,3
517=,Torran,2,,664=,Derri,3
517=,Tylar,2,,664=,Devyn,3
517=,Ubaid,2,,664=,Dharma,3
517=,Usmaan,2,,664=,Ellice,3
517=,Victor,2,,664=,Elly,3
517=,Vittorio,2,,664=,Ellyn,3
517=,Wai,2,,664=,Eloise,3
517=,Waseem,2,,664=,Erinn,3
517=,Xavier,2,,664=,Esme,3
517=,Yann,2,,664=,Esther,3
517=,Zach,2,,664=,Evelyn,3
517=,Zeeshan,2,,664=,Fallon,3
517=,Zen,2,,664=,Felicity,3
517=,Zidane,2,,664=,Finlay,3
722=,Aarran,1,,664=,Finley,3
722=,Abanoub,1,,664=,Fionn,3
722=,Abdul-Haq,1,,664=,Florence,3
722=,Abdulmoez,1,,664=,Gail,3
722=,Abdulrahman,1,,664=,Gina,3
722=,Abhishek,1,,664=,Giulia,3
722=,Abraham,1,,664=,Hafsah,3
722=,Abubakar,1,,664=,Iman,3
722=,Abubakr,1,,664=,Inez,3
722=,Adem,1,,664=,Ishbel,3
722=,Adib,1,,664=,Jana,3
722=,Adim,1,,664=,Jenifer,3
722=,Adithya,1,,664=,Jordanne,3
722=,Aeneas,1,,664=,Kaitlynn,3
722=,Agung,1,,664=,Karisha,3
722=,Ahad,1,,664=,Karri,3
722=,Ahan,1,,664=,Kasey,3
722=,Ahmir,1,,664=,Katrine,3
722=,Ahren,1,,664=,Kaye,3
722=,Aidan-James,1,,664=,Kayleigh-Anne,3
722=,Aidden,1,,664=,Kaytlyn,3
722=,Aidin,1,,664=,Kelsea,3
722=,Aidyn,1,,664=,Kelsi,3
722=,Aiman,1,,664=,Kelsy,3
722=,Airon,1,,664=,Kenzi,3
722=,Aitor,1,,664=,Keren,3
722=,Ajaypal,1,,664=,Keziah,3
722=,Ajaypreet,1,,664=,Kharis,3
722=,Ajmer,1,,664=,Kirsteen,3
722=,Akira,1,,664=,Kyla,3
722=,Akmal,1,,664=,Kymberly,3
722=,Al'amin,1,,664=,Layla,3
722=,Al-Ebrahim,1,,664=,Leigh-Ann,3
722=,Alek,1,,664=,Leigh-Anne,3
722=,Alessandro,1,,664=,Leonie,3
722=,Alexsander,1,,664=,Levi,3
722=,Alfie-Rex,1,,664=,Lianna,3
722=,Alfy,1,,664=,Lindy,3
722=,Allen,1,,664=,Lisa-Marie,3
722=,Allin,1,,664=,Logan,3
722=,Allistair,1,,664=,Lorri,3
722=,Allistair-David,1,,664=,Lyn,3
722=,Alwyn,1,,664=,Mackenzie,3
722=,Aly,1,,664=,Mara,3
722=,Alyster,1,,664=,Mariam,3
722=,Amaar,1,,664=,Marisha,3
722=,Amal,1,,664=,Martina,3
722=,Aman,1,,664=,Martine,3
722=,Ameerhamza,1,,664=,Matilda,3
722=,Amereek,1,,664=,Maura,3
722=,Amit,1,,664=,Meagan,3
722=,Ammish,1,,664=,Mellissa,3
722=,Amos,1,,664=,Mica,3
722=,Amritpal,1,,664=,Mikayla,3
722=,Anas,1,,664=,Millicent,3
722=,Anders,1,,664=,Morgen,3
722=,Andrea,1,,664=,Nia,3
722=,Andres,1,,664=,Nur,3
722=,Andreu,1,,664=,Nurul,3
722=,Andrew-Scott,1,,664=,Paris,3
722=,Anik,1,,664=,Pauline,3
722=,Anton-Morgan,1,,664=,Peyton,3
722=,Antoni,1,,664=,Priya,3
722=,Anza,1,,664=,Rabia,3
722=,Aonghas,1,,664=,Racheal,3
722=,Aqeel,1,,664=,Reece,3
722=,Archi,1,,664=,Rhiana,3
722=,Arean,1,,664=,Robin,3
722=,Arghanil,1,,664=,Rosalyn,3
722=,Argyll,1,,664=,Roseanne,3
722=,Arman,1,,664=,Sadie,3
722=,Armando,1,,664=,Saima,3
722=,Armin,1,,664=,Sandra,3
722=,Armour,1,,664=,Shae,3
722=,Arnau,1,,664=,Sharlene,3
722=,Aronn,1,,664=,Shelbie,3
722=,Arren,1,,664=,Sonia,3
722=,Arum,1,,664=,Stevi,3
722=,Arun,1,,664=,Susanna,3
722=,Aryaan,1,,664=,Suzanna,3
722=,Aryn,1,,664=,Tammi,3
722=,Asa,1,,664=,Tamsyn,3
722=,Asad,1,,664=,Tasha,3
722=,Ash,1,,664=,Theresa,3
722=,Ashlay,1,,664=,Tiegen,3
722=,Ashok,1,,664=,Valentina,3
722=,Ashraf,1,,664=,Vhairi,3
722=,Ashril,1,,664=,Zahra,3
722=,Ashton,1,,810=,Aamna,2
722=,Aslam,1,,810=,Abi,2
722=,Assad,1,,810=,Abigale,2
722=,Astra,1,,810=,Adina,2
722=,Athen,1,,810=,Agnes,2
722=,Atholl,1,,810=,Ailbhe,2
722=,Atsuharu,1,,810=,Aime,2
722=,Auryn,1,,810=,Aimee-Lee,2
722=,Aves,1,,810=,Albany,2
722=,Aydin,1,,810=,Alesha,2
722=,Aydon,1,,810=,Alessandra,2
722=,Aymen,1,,810=,Alessia,2
722=,Ayrton,1,,810=,Alexzandra,2
722=,Aysa,1,,810=,Aliya,2
722=,Ayub,1,,810=,Aliza,2
722=,Azam,1,,810=,Allanah,2
722=,Azhar,1,,810=,Allyson,2
722=,Aziz,1,,810=,Alyshia,2
722=,Azri,1,,810=,Amani,2
722=,Babar,1,,810=,Ammarah,2
722=,Backer,1,,810=,Amy-Louise,2
722=,Bairre,1,,810=,Amyleigh,2
722=,Balal,1,,810=,Andi,2
722=,Bari,1,,810=,Angelina,2
722=,Baris,1,,810=,Anja,2
722=,Barney,1,,810=,Annemarie,2
722=,Basharat,1,,810=,Annisa,2
722=,Bashir,1,,810=,Aqsa,2
722=,Be-Niaz,1,,810=,Araminta,2
722=,Becan,1,,810=,Ariana,2
722=,Behnton,1,,810=,Arooj,2
722=,Beinn,1,,810=,Asha,2
722=,Belal,1,,810=,Ashlee,2
722=,Benson,1,,810=,Athena,2
722=,Beric,1,,810=,Audrey,2
722=,Bill,1,,810=,Avril,2
722=,Billal,1,,810=,Ayeisha,2
722=,Bjork,1,,810=,Aynsley,2
722=,Blaise,1,,810=,Aysha,2
722=,Blayne,1,,810=,Bekki,2
722=,Bleu,1,,810=,Belinda,2
722=,Blue,1,,810=,Beverley,2
722=,Blyth,1,,810=,Breagh,2
722=,Bo,1,,810=,Breagha,2
722=,Bob,1,,810=,Briar,2
722=,Bobby-James,1,,810=,Brighde,2
722=,Boston,1,,810=,Bronagh,2
722=,Boyd,1,,810=,Brook,2
722=,Bradlee,1,,810=,Cairn,2
722=,Bradlley,1,,810=,Caitlynn,2
722=,Bradly,1,,810=,Caitriona,2
722=,Brandon-Lee,1,,810=,Callie,2
722=,Brandyn-Lee,1,,810=,Camilla,2
722=,Brannan,1,,810=,Carlene,2
722=,Brant,1,,810=,Carlyn,2
722=,Brayden,1,,810=,Carolann,2
722=,Braydn,1,,810=,Carra,2
722=,Bree,1,,810=,Cassey,2
722=,Brenainn,1,,810=,Cassidy,2
722=,Brendin,1,,810=,Ceira,2
722=,Brennan,1,,810=,Chanise,2
722=,Breoghan,1,,810=,Chantele,2
722=,Brice,1,,810=,Charelle,2
722=,Bright,1,,810=,Charleen,2
722=,Broderick,1,,810=,Charlie-Ann,2
722=,Bryann,1,,810=,Chelsealee,2
722=,Bryden,1,,810=,Chelsee,2
722=,Brydon,1,,810=,Chelsi,2
722=,Bryn,1,,810=,Cheree,2
722=,Buddy,1,,810=,Cheyenne,2
722=,Burhan,1,,810=,Chloe-Ann,2
722=,Buster,1,,810=,Christa,2
722=,Cade,1,,810=,Codie,2
722=,Cahal,1,,810=,Corin,2
722=,Cahil,1,,810=,Corinne,2
722=,Cahl,1,,810=,Corra,2
722=,Cailead,1,,810=,Courtnie,2
722=,Caine,1,,810=,D'arcy,2
722=,Cairin,1,,810=,Daina,2
722=,Cairns,1,,810=,Dallas,2
722=,Calahan,1,,810=,Danika,2
722=,Calan,1,,810=,Darcey,2
722=,Calder,1,,810=,Darcie,2
722=,Caleld,1,,810=,Daynah,2
722=,Calhan,1,,810=,Debbie,2
722=,Calim,1,,810=,Debra,2
722=,Calluinn,1,,810=,Demi-Marie,2
722=,Callumjohn,1,,810=,Demileigh,2
722=,Camile,1,,810=,Demmi,2
722=,Camrin,1,,810=,Denver,2
722=,Camron,1,,810=,Derrin,2
722=,Caoilen,1,,810=,Derry,2
722=,Caoilfhinn,1,,810=,Diana,2
722=,Caoimhin,1,,810=,Dione,2
722=,Carel,1,,810=,Dorothy,2
722=,Carey,1,,810=,Eileen,2
722=,Carlo,1,,810=,Eilis,2
722=,Caspian,1,,810=,Elisa,2
722=,Cavin,1,,810=,Elisabeth,2
722=,Ceillem,1,,810=,Ellise,2
722=,Ceiran,1,,810=,Ellysse,2
722=,Cemali,1,,810=,Ema,2
722=,Cenaed,1,,810=,Emer,2
722=,Chandler,1,,810=,Emma-May,2
722=,Chandon,1,,810=,Emmy,2
722=,Chandrarajan,1,,810=,Enya,2
722=,Chaorui,1,,810=,Erynn,2
722=,Charleigh,1,,810=,Esra,2
722=,Charles-Alexander,1,,810=,Evan,2
722=,Charley,1,,810=,Faaizah,2
722=,Chawanangwa,1,,810=,Farrah,2
722=,Chaz,1,,810=,Fatimah,2
722=,Chee,1,,810=,Fawn,2
722=,Chi,1,,810=,Ffion,2
722=,Ching,1,,810=,Fleur,2
722=,Christien,1,,810=,Frankie,2
722=,Christophe,1,,810=,Freja,2
722=,Chukwuemeka,1,,810=,Gaynor,2
722=,Chung,1,,810=,Geraldine,2
722=,Ciar,1,,810=,Gill,2
722=,Ciaren,1,,810=,Gloria,2
722=,Cieron,1,,810=,Greer,2
722=,Cinneadh,1,,810=,Hafsa,2
722=,Claude,1,,810=,Hai,2
722=,Claudio,1,,810=,Hailey,2
722=,Clay,1,,810=,Hala,2
722=,Clayton,1,,810=,Halle,2
722=,Clement,1,,810=,Havana,2
722=,Clifford,1,,810=,Haylie,2
722=,Clinton,1,,810=,Heidi,2
722=,Clive,1,,810=,Humera,2
722=,Clyde,1,,810=,Humna,2
722=,Coby,1,,810=,Ikra,2
722=,Cody,1,,810=,Innes,2
722=,Coist,1,,810=,Irene,2
722=,Colby,1,,810=,Isis,2
722=,Coltrane,1,,810=,Isra,2
722=,Colum,1,,810=,Jai,2
722=,Colvin,1,,810=,Jamaica,2
722=,Conghal,1,,810=,Janine,2
722=,Conlen,1,,810=,Jazmine,2
722=,Conlin,1,,810=,Jean,2
722=,Conlyn,1,,810=,Jeri,2
722=,Connal,1,,810=,Jilly,2
722=,Connel,1,,810=,Johanne,2
722=,Connnor,1,,810=,Jordane,2
722=,Connoll,1,,810=,Jordynn,2
722=,Connon,1,,810=,Joyce,2
722=,Connull,1,,810=,Julie-Anne,2
722=,Constantinos,1,,810=,Ka,2
722=,Cooper,1,,810=,Kaila,2
722=,Corbinn,1,,810=,Kaileigh,2
722=,Core,1,,810=,Kailey,2
722=,Corrin,1,,810=,Kaitlen,2
722=,Cosmo,1,,810=,Kali,2
722=,Craven,1,,810=,Karin,2
722=,Cray,1,,810=,Karlee,2
722=,Crispin,1,,810=,Karley,2
722=,Cuairidh,1,,810=,Karlie,2
722=,Cullan,1,,810=,Karrie,2
722=,Cyrus,1,,810=,Karys,2
722=,Cyruss,1,,810=,Katelyne,2
722=,Daanish,1,,810=,Kati,2
722=,Daanyaal,1,,810=,Katia,2
722=,Dagan,1,,810=,Kayliegh,2
722=,Dahir,1,,810=,Kaysha,2
722=,Daib,1,,810=,Kaytlin,2
722=,Dallas,1,,810=,Keana,2
722=,Dalton,1,,810=,Keara,2
722=,Dalwinder,1,,810=,Keeley,2
722=,Damal,1,,810=,Keely,2
722=,Damienios,1,,810=,Kelley,2
722=,Danae,1,,810=,Kelli,2
722=,Dane,1,,810=,Kerenza,2
722=,Danforth,1,,810=,Kerry-Ann,2
722=,Daniyal,1,,810=,Keryn,2
722=,Dannie,1,,810=,Kezia,2
722=,Danyaal,1,,810=,Kiah,2
722=,Daoud,1,,810=,Kloe,2
722=,Dara,1,,810=,Kourtney,2
722=,Darach,1,,810=,Kym,2
722=,Darcy,1,,810=,Lacey,2
722=,Daren,1,,810=,Latasha,2
722=,Darian,1,,810=,Laurel,2
722=,Darien,1,,810=,Leann,2
722=,Darin,1,,810=,Lee-Anne,2
722=,Dariusz,1,,810=,Leeza,2
722=,Darrach,1,,810=,Leigha,2
722=,Darran,1,,810=,Leonna,2
722=,Darryn,1,,810=,Liah,2
722=,Daryll,1,,810=,Lillian,2
722=,Daryne,1,,810=,Lilly,2
722=,Dave,1,,810=,Lina,2
722=,Davide,1,,810=,Liza,2
722=,Davinder,1,,810=,Lorena,2
722=,Davis,1,,810=,Lucy-Ann,2
722=,Davraj,1,,810=,Lynda,2
722=,Dayle,1,,810=,Maariyah,2
722=,Decklin,1,,810=,Maddison,2
722=,Decklyn,1,,810=,Maddy,2
722=,Decklynd,1,,810=,Madelaine,2
722=,Decland,1,,810=,Maegan,2
722=,Declane,1,,810=,Maggie,2
722=,Declean,1,,810=,Maha,2
722=,Declen,1,,810=,Mairin,2
722=,Deklen,1,,810=,Mandy,2
722=,Deklin,1,,810=,Marcella,2
722=,Del,1,,810=,Mari,2
722=,Dell,1,,810=,Marianna,2
722=,Denham,1,,810=,Mariya,2
722=,Denholm,1,,810=,Mariyah,2
722=,Deni,1,,810=,Marni,2
722=,Denni,1,,810=,Meganne,2
722=,Denny,1,,810=,Meghann,2
722=,Denon,1,,810=,Mehak,2
722=,Denver,1,,810=,Meryn,2
722=,Deon,1,,810=,Michele,2
722=,Deren,1,,810=,Morganne,2
722=,Deri,1,,810=,Morgyn,2
722=,Derren,1,,810=,Morvern,2
722=,Derri,1,,810=,Moya,2
722=,Derrick,1,,810=,Mya,2
722=,Derrin,1,,810=,Myah,2
722=,Desmond,1,,810=,Myrhan,2
722=,Deston,1,,810=,Naailah,2
722=,Devin,1,,810=,Nabihah,2
722=,Devon-Reece,1,,810=,Nairne,2
722=,Devyn,1,,810=,Nathalie,2
722=,Dezl,1,,810=,Neive,2
722=,Dheri,1,,810=,Niaomi,2
722=,Dhruv,1,,810=,Nikola,2
722=,Dillin,1,,810=,Nisha,2
722=,Dillion,1,,810=,Nyree,2
722=,Dimitri,1,,810=,Ocean,2
722=,Dionysos,1,,810=,Paighton,2
722=,Dodie,1,,810=,Paisley,2
722=,Dohnam,1,,810=,Paton,2
722=,Domenico,1,,810=,Pearl,2
722=,Domminic,1,,810=,Penny,2
722=,Domonic,1,,810=,Phillippa,2
722=,Donneil,1,,810=,Polly,2
722=,Dorian,1,,810=,Prabhjot,2
722=,Dorukhan,1,,810=,Quinn,2
722=,Duane,1,,810=,Raegan,2
722=,Duart,1,,810=,Rebbeca,2
722=,Dugald,1,,810=,Rebeka,2
722=,Eachainn,1,,810=,Reegan,2
722=,Eamonn,1,,810=,Remy,2
722=,Easton,1,,810=,Rhaigan,2
722=,Eathan,1,,810=,Rhegan,2
722=,Eavan,1,,810=,Rhiann,2
722=,Ebraheem,1,,810=,Rhiannah,2
722=,Edan,1,,810=,Rianna,2
722=,Edhan,1,,810=,Ribh,2
722=,Edreece,1,,810=,Rikki,2
722=,Elbara'a,1,,810=,Rimsha,2
722=,Eliah,1,,810=,Rio,2
722=,Eliott,1,,810=,Riona,2
722=,Ellan,1,,810=,Robbi,2
722=,Elsdon,1,,810=,Robynn,2
722=,Elton,1,,810=,Ronni,2
722=,Elvin,1,,810=,Ronnie,2
722=,Emann,1,,810=,Roseanna,2
722=,Emile,1,,810=,Roslyn,2
722=,Emmanuel,1,,810=,Roxanne,2
722=,Emmet,1,,810=,Saarah,2
722=,Ennis,1,,810=,Sade,2
722=,Enrique,1,,810=,Safiyah,2
722=,Eoan,1,,810=,Saira,2
722=,Eriangga,1,,810=,Samantha-Jayne,2
722=,Eric-Anthony,1,,810=,Samara,2
722=,Ernest,1,,810=,Samira,2
722=,Ernie,1,,810=,Samiyah,2
722=,Eryn,1,,810=,Sammi,2
722=,Ethian,1,,810=,Sammy,2
722=,Euen,1,,810=,Sanaa,2
722=,Eunan,1,,810=,Sandi,2
722=,Ever,1,,810=,Sanna,2
722=,Fabian,1,,810=,Sanya,2
722=,Fabio,1,,810=,Sarah-Anne,2
722=,Fabricio,1,,810=,Sarina,2
722=,Fabrizio,1,,810=,Savanna,2
722=,Faizaan,1,,810=,Seanan,2
722=,Faizhan,1,,810=,Selena,2
722=,Faraaz,1,,810=,Shanley,2
722=,Faraz,1,,810=,Shannen,2
722=,Farhaan,1,,810=,Shannon-Marie,2
722=,Fariad,1,,810=,Shari,2
722=,Faris,1,,810=,Shaunagh,2
722=,Farouk,1,,810=,Shauney,2
722=,Farquhar,1,,810=,Shaunna,2
722=,Fearghas,1,,810=,Shaunnie,2
722=,Fearghus,1,,810=,Shaunnii,2
722=,Feargus,1,,810=,Shayna,2
722=,Feilim,1,,810=,Sheena,2
722=,Fergal,1,,810=,Sheldon,2
722=,Ferghus,1,,810=,Shellie,2
722=,Feroz,1,,810=,Shereen,2
722=,Ferrier,1,,810=,Shevaun,2
722=,Fhinan,1,,810=,Siana,2
722=,Filipe,1,,810=,Simrin,2
722=,Finbar,1,,810=,Siubhan,2
722=,Fingal,1,,810=,Sky,2
722=,Finnian,1,,810=,Stefanie,2
722=,Finnley,1,,810=,Sula,2
722=,Fionnlagh,1,,810=,Sumayya,2
722=,Fionntan,1,,810=,Susanne,2
722=,Florian,1,,810=,Susie,2
722=,Forbes,1,,810=,Tania,2
722=,Fox,1,,810=,Tanisha,2
722=,Francesco,1,,810=,Tanith,2
722=,Fraz,1,,810=,Tasneem,2
722=,Frederic,1,,810=,Taylor-Jane,2
722=,Furkan,1,,810=,Taylore,2
722=,Fynn,1,,810=,Tiana,2
722=,Gabriele,1,,810=,Tieghan,2
722=,Gar,1,,810=,Tierney,2
722=,Garrett,1,,810=,Tilly,2
722=,Garron,1,,810=,Tommi,2
722=,Garryk,1,,810=,Toni-Lee,2
722=,Geoffrey,1,,810=,Toni-Marie,2
722=,Gerrard,1,,810=,Trudie,2
722=,Ghalain,1,,810=,Tyra,2
722=,Gianluca,1,,810=,Ursula,2
722=,Gianni,1,,810=,Valerie,2
722=,Gilbert,1,,810=,Verity,2
722=,Gillies,1,,810=,Vhari,2
722=,Gilroy,1,,810=,Virginia,2
722=,Giorgio,1,,810=,Wallis,2
722=,Giovanni,1,,810=,Wendy,2
722=,Giuseppe,1,,810=,Yana,2
722=,Gleb,1,,810=,Yasmeen,2
722=,Glyn,1,,810=,Zahraa,2
722=,Gonzalo,1,,810=,Zahrah,2
722=,Grady,1,,810=,Zaina,2
722=,Grigor,1,,810=,Zaira,2
722=,Griogair,1,,810=,Zaynab,2
722=,Guarin,1,,810=,Zena,2
722=,Guillaume,1,,810=,Zoya,2
722=,Gunaranjan,1,,1149=,Aaisha,1
722=,Gurbagh,1,,1149=,Aaliyah,1
722=,Gurdeep,1,,1149=,Aanisah,1
722=,Gurdev,1,,1149=,Aarifah,1
722=,Gurdit,1,,1149=,Aarijanna,1
722=,Gurmeet,1,,1149=,Aaron,1
722=,Gurminder,1,,1149=,Abbe,1
722=,Gurmukh,1,,1149=,Abbey-Jo,1
722=,Gurpal,1,,1149=,Abbie-Jehane,1
722=,Gurpreet,1,,1149=,Abbie-Leigh,1
722=,Gururampal,1,,1149=,Abbigail,1
722=,Haaris,1,,1149=,Abbigayle,1
722=,Haaroon,1,,1149=,Abilola,1
722=,Hady,1,,1149=,Abra,1
722=,Hagan,1,,1149=,Adana,1
722=,Hakki,1,,1149=,Adeela,1
722=,Hamaad,1,,1149=,Adelaine,1
722=,Hamad,1,,1149=,Adelina,1
722=,Hamid,1,,1149=,Aden,1
722=,Hammad,1,,1149=,Aditi,1
722=,Hanibal,1,,1149=,Adjoa,1
722=,Hans,1,,1149=,Adrian,1
722=,Hao,1,,1149=,Aeron,1
722=,Harald,1,,1149=,Afirah,1
722=,Hardeep,1,,1149=,Afnnan,1
722=,Hardy,1,,1149=,Afreen,1
722=,Harman,1,,1149=,Afrika,1
722=,Harold,1,,1149=,Afrina,1
722=,Harrington,1,,1149=,Afsha,1
722=,Harun,1,,1149=,Afton,1
722=,Hary's,1,,1149=,Aharan,1
722=,Hasamedean,1,,1149=,Aida,1
722=,Hasib,1,,1149=,Aidah,1
722=,Hassaan,1,,1149=,Aideen,1
722=,Hayden-Lee,1,,1149=,Aidene,1
722=,Hazem,1,,1149=,Aiesha,1
722=,Heera,1,,1149=,Aifric,1
722=,Henri,1,,1149=,Ailcia,1
722=,Hesham,1,,1149=,Aileigh,1
722=,Hogan,1,,1149=,Aiman,1
722=,Hope,1,,1149=,Aimee-Kate,1
722=,Houston,1,,1149=,Aimee-Leigh,1
722=,Howard,1,,1149=,Aimee-Louise,1
722=,Hughes,1,,1149=,Aimeelee,1
722=,Hughie,1,,1149=,Aimmee-Clare,1
722=,Humere,1,,1149=,Ain,1
722=,Humzah,1,,1149=,Ainsley-Ann,1
722=,Huseyin,1,,1149=,Airlie,1
722=,Huzaifa,1,,1149=,Aischa,1
722=,Ibifubara,1,,1149=,Aiysha,1
722=,Ibraheem,1,,1149=,Akamjot,1
722=,Ignacio,1,,1149=,Akira,1
722=,Ikram,1,,1149=,Aksa,1
722=,Imaad,1,,1149=,Alaa,1
722=,Iman,1,,1149=,Alanagh,1
722=,Ingram,1,,1149=,Alanha,1
722=,Ionathan,1,,1149=,Alanis,1
722=,Irvin,1,,1149=,Alannah-Jay,1
722=,Isa,1,,1149=,Alayna,1
722=,Ishmael,1,,1149=,Aleah,1
722=,Ishtiaq,1,,1149=,Aleesa,1
722=,Ismael,1,,1149=,Aleesha,1
722=,Ismet,1,,1149=,Aleigh,1
722=,Ivan-Alexander,1,,1149=,Alejandra,1
722=,Ivor,1,,1149=,Aleksandra,1
722=,Jaac,1,,1149=,Alexandrea,1
722=,Jaber,1,,1149=,Alexandria-Jade,1
722=,Jacq,1,,1149=,Alexandrina,1
722=,Jaden,1,,1149=,Alexia,1
722=,Jae,1,,1149=,Alichia,1
722=,Jafar,1,,1149=,Aliese,1
722=,Jago,1,,1149=,Alifa,1
722=,Jahan,1,,1149=,Alihya,1
722=,Jahred,1,,1149=,Alisa,1
722=,Jaie,1,,1149=,Aliscia,1
722=,Jaike,1,,1149=,Alishia,1
722=,Jakobe,1,,1149=,Alisia,1
722=,Jakub,1,,1149=,Alissa,1
722=,Jalal,1,,1149=,Alixandra,1
722=,Jamil,1,,1149=,Aliyah,1
722=,Jaq,1,,1149=,Allanis,1
722=,Jaraad,1,,1149=,Allanna,1
722=,Jardyn,1,,1149=,Allegra,1
722=,Jareth,1,,1149=,Alli,1
722=,Jarrod,1,,1149=,Allie,1
722=,Jarvie,1,,1149=,Allysa,1
722=,Jarvis,1,,1149=,Allyse,1
722=,Jasdeep,1,,1149=,Alma,1
722=,Jaskaran,1,,1149=,Alora,1
722=,Jaskuran,1,,1149=,Alqariah,1
722=,Jasper,1,,1149=,Althea,1
722=,Jasraj,1,,1149=,Alya,1
722=,Javad,1,,1149=,Alyce,1
722=,Javan,1,,1149=,Alychia,1
722=,Jay-Alexander,1,,1149=,Alys,1
722=,Jayce,1,,1149=,Alysanne,1
722=,Jayden,1,,1149=,Amal,1
722=,Jayk,1,,1149=,Amalie,1
722=,Jean-Louis,1,,1149=,Amana,1
722=,Jean-Luc,1,,1149=,Amanda-Ellen,1
722=,Jean-Paul,1,,1149=,Amara,1
722=,Jedidiah,1,,1149=,Amarpreet,1
722=,Jeevan,1,,1149=,Amber-Lee,1
722=,Jeff,1,,1149=,Amber-Leigh,1
722=,Jehanzeb,1,,1149=,Amber-Louise,1
722=,Jeremy,1,,1149=,Amberj,1
722=,Jerett,1,,1149=,Amberley,1
722=,Jesper,1,,1149=,Ambyr,1
722=,Jethro,1,,1149=,Amee,1
722=,Jett,1,,1149=,Ameena,1
722=,Jevon,1,,1149=,Ameerah,1
722=,Jhosh,1,,1149=,Amel,1
722=,Jihad,1,,1149=,Amelie,1
722=,Jim-Duncan,1,,1149=,Amena,1
722=,Jimi,1,,1149=,Ami-Louise,1
722=,Jody,1,,1149=,Amiker,1
722=,John-George,1,,1149=,Ammie,1
722=,John-Joseph,1,,1149=,Amrit,1
722=,John-Peter,1,,1149=,Amrita,1
722=,John-Ross,1,,1149=,Amy-Lee,1
722=,Johnjo,1,,1149=,Amylee,1
722=,Johnothan,1,,1149=,Ana,1
722=,Johnrobert,1,,1149=,Anab,1
722=,Jojo,1,,1149=,Anam,1
722=,Jonah,1,,1149=,Ananya,1
722=,Jonathan-James,1,,1149=,Anaricia,1
722=,Jong-Hwa,1,,1149=,Andreja,1
722=,Jonjo,1,,1149=,Andrena,1
722=,Jonny,1,,1149=,Andrene,1
722=,Jonty,1,,1149=,Aneela,1
722=,Jordanlee,1,,1149=,Aneesa,1
722=,Jordi,1,,1149=,Aneesah,1
722=,Jordin,1,,1149=,Aneysa,1
722=,Jordy,1,,1149=,Angel-Mercedes,1
722=,Jordyn,1,,1149=,Angela-Louise,1
722=,Jorg,1,,1149=,Angela-May,1
722=,Jorro,1,,1149=,Angelene,1
722=,Joseff,1,,1149=,Angeline,1
722=,Joshim,1,,1149=,Angelique,1
722=,Joshkin,1,,1149=,Aniela,1
722=,Josie,1,,1149=,Aniqah,1
722=,Jourdain,1,,1149=,Anis,1
722=,Jozef,1,,1149=,Aniysa,1
722=,Ju-Hwan,1,,1149=,Anjali,1
722=,Jules,1,,1149=,Anjay,1
722=,Jun,1,,1149=,Ankita,1
722=,Junayd,1,,1149=,Anna-Louise,1
722=,Juswinder,1,,1149=,Anna-Nicole,1
722=,Kaasim,1,,1149=,Anna-Rose,1
722=,Kael,1,,1149=,Annabella,1
722=,Kaelan,1,,1149=,Annalis,1
722=,Kaelum,1,,1149=,Annalise,1
722=,Kafui,1,,1149=,Anne-Jolijn,1
722=,Kailam,1,,1149=,Anne-Marie,1
722=,Kailen,1,,1149=,Anneleise,1
722=,Kailin,1,,1149=,Annesha,1
722=,Kaillum,1,,1149=,Annette,1
722=,Kailum,1,,1149=,Annika,1
722=,Kairn,1,,1149=,Annissa,1
722=,Kaleem,1,,1149=,Annlouise,1
722=,Kalin,1,,1149=,Annya,1
722=,Kalub,1,,1149=,Anshuka,1
722=,Kamal,1,,1149=,Anum,1
722=,Kamaldeen,1,,1149=,Anusha,1
722=,Kamern,1,,1149=,Anwen,1
722=,Kanad,1,,1149=,Aoiffe,1
722=,Kaniya,1,,1149=,April-Lea,1
722=,Kannesh,1,,1149=,Ara,1
722=,Karam,1,,1149=,Areba,1
722=,Karan,1,,1149=,Areeba,1
722=,Karim,1,,1149=,Aria,1
722=,Karis,1,,1149=,Ariadne,1
722=,Kartal,1,,1149=,Arianwen,1
722=,Kasif,1,,1149=,Ariea,1
722=,Kathan,1,,1149=,Arim,1
722=,Kaylan,1,,1149=,Arras,1
722=,Kaz,1,,1149=,Arriann,1
722=,Kc,1,,1149=,Arryn,1
722=,Kealin,1,,1149=,Arubha,1
722=,Keane,1,,1149=,Aseya,1
722=,Kearan,1,,1149=,Ashden,1
722=,Kearn,1,,1149=,Ashleigha,1
722=,Keenan-Jaye,1,,1149=,Ashliegh,1
722=,Keeran,1,,1149=,Ashling,1
722=,Keifer,1,,1149=,Ashlynn,1
722=,Keigan,1,,1149=,Ashrabi,1
722=,Keiki,1,,1149=,Asiya,1
722=,Keillor,1,,1149=,Asma,1
722=,Keirin,1,,1149=,Astyn,1
722=,Keirran,1,,1149=,Asuka,1
722=,Kelby,1,,1149=,Atlanta,1
722=,Kellan,1,,1149=,Attika,1
722=,Kelland,1,,1149=,Aubrina,1
722=,Keller,1,,1149=,Aurea,1
722=,Kelman,1,,1149=,Aureanna,1
722=,Kelsey,1,,1149=,Autumn-Louise,1
722=,Kennedy,1,,1149=,Avneet,1
722=,Kensal,1,,1149=,Ayah-Sofia,1
722=,Keren,1,,1149=,Ayisha,1
722=,Kerran,1,,1149=,Aylah,1
722=,Kesava,1,,1149=,Ayleen,1
722=,Kevan,1,,1149=,Ayleigh,1
722=,Keylan,1,,1149=,Aylish,1
722=,Khaalid,1,,1149=,Ayman,1
722=,Khaleel,1,,1149=,Aynslie,1
722=,Khalem,1,,1149=,Azeema,1
722=,Khalen,1,,1149=,Azure,1
722=,Khalid,1,,1149=,Baileigh,1
722=,Khan,1,,1149=,Bailie,1
722=,Khizar,1,,1149=,Baillie,1
722=,Khuram,1,,1149=,Balgees,1
722=,Khyle,1,,1149=,Baraat,1
722=,Kial,1,,1149=,Basimah,1
722=,Kierin,1,,1149=,Beatrice,1
722=,Kiernan,1,,1149=,Beatriz,1
722=,Kierran,1,,1149=,Becci,1
722=,Kierron,1,,1149=,Beckkie,1
722=,Kiloh,1,,1149=,Becky-Jo,1
722=,Kingsley,1,,1149=,Belle,1
722=,Kinlay,1,,1149=,Bengi,1
722=,Kinnon,1,,1149=,Berfin,1
722=,Kion,1,,1149=,Bernadine-Marie,1
722=,Kirkton,1,,1149=,Bethanay,1
722=,Kishan,1,,1149=,Bethanay-Anne,1
722=,Kit,1,,1149=,Bethane,1
722=,Kobain,1,,1149=,Bethanie,1
722=,Koby,1,,1149=,Bethann,1
722=,Koen,1,,1149=,Bethannie,1
722=,Konner,1,,1149=,Bethany-Marie,1
722=,Konor,1,,1149=,Bethenay,1
722=,Kosta,1,,1149=,Bethia,1
722=,Kriss,1,,1149=,Bevan,1
722=,Kristofor,1,,1149=,Bhavana,1
722=,Krys,1,,1149=,Bhavna,1
722=,Kullen,1,,1149=,Bianca,1
722=,Kuranjit,1,,1149=,Biba,1
722=,Kurdt,1,,1149=,Billie-Jay,1
722=,Kushaagra,1,,1149=,Billieleigh,1
722=,Kyale,1,,1149=,Billijo,1
722=,Kyall,1,,1149=,Blaine,1
722=,Lachie,1,,1149=,Blaire,1
722=,Lance,1,,1149=,Bliss,1
722=,Lars,1,,1149=,Bobbe-Jo,1
722=,Layne,1,,1149=,Bobbielea,1
722=,Lee-Tyler,1,,1149=,Bobby,1
722=,Leigh,1,,1149=,Bonita,1
722=,Leigham,1,,1149=,Bonttu,1
722=,Lennan,1,,1149=,Bree,1
722=,Leon-John,1,,1149=,Bree-Anne,1
722=,Leslie,1,,1149=,Breeann,1
722=,Lewison,1,,1149=,Breige,1
722=,Lews,1,,1149=,Bria-Louise,1
722=,Leyton,1,,1149=,Brianne,1
722=,Linden,1,,1149=,Bridget,1
722=,Lingfeng,1,,1149=,Briege,1
722=,Lliam,1,,1149=,Brigitte,1
722=,Lochie,1,,1149=,Britanny,1
722=,Logie,1,,1149=,Britney,1
722=,Lorn,1,,1149=,Brittney,1
722=,Louie,1,,1149=,Brody,1
722=,Lowrie,1,,1149=,Brogan-Jan,1
722=,Luag,1,,1149=,Broganlee,1
722=,Lucian,1,,1149=,Brogann,1
722=,Luis,1,,1149=,Brogen,1
722=,Lukpreet,1,,1149=,Broghan,1
722=,Luqa,1,,1149=,Brogyn,1
722=,Luqman,1,,1149=,Bronwen,1
722=,Lyes,1,,1149=,Bronya,1
722=,Maan,1,,1149=,Brooklynne,1
722=,Maaz,1,,1149=,Bryoni,1
722=,Macartan,1,,1149=,Bryonie,1
722=,Mackay,1,,1149=,Bryton,1
722=,Mackie,1,,1149=,Bushra,1
722=,Maher,1,,1149=,Bushrah,1
722=,Maimoon,1,,1149=,Byrony,1
722=,Makio,1,,1149=,Caela,1
722=,Malik,1,,1149=,Caeleigh,1
722=,Malk,1,,1149=,Caelidh,1
722=,Malo,1,,1149=,Cahrys,1
722=,Manus,1,,1149=,Caila,1
722=,Mark-Alexander,1,,1149=,Cailer,1
722=,Marlon,1,,1149=,Cailyn,1
722=,Marmion,1,,1149=,Caireen,1
722=,Martino,1,,1149=,Cairon,1
722=,Marty,1,,1149=,Cait,1
722=,Marwan,1,,1149=,Caite,1
722=,Massimo,1,,1149=,Caithlin,1
722=,Mata,1,,1149=,Caitie,1
722=,Matias,1,,1149=,Caitlain,1
722=,Matthias,1,,1149=,Caitland,1
722=,Matthieu,1,,1149=,Caitlin-Anne,1
722=,Maurits,1,,1149=,Caittie,1
722=,Maxence,1,,1149=,Caley,1
722=,Maxim,1,,1149=,Cali,1
722=,Maximilliam,1,,1149=,Calista,1
722=,Mazen,1,,1149=,Calley,1
722=,Mccauley,1,,1149=,Cally,1
722=,Mckinley,1,,1149=,Callyn,1
722=,Mei,1,,1149=,Camelia,1
722=,Mesut,1,,1149=,Campbell,1
722=,Micky,1,,1149=,Candace,1
722=,Mikel,1,,1149=,Candela,1
722=,Miller,1,,1149=,Canna,1
722=,Mirek,1,,1149=,Caol,1
722=,Mishaal,1,,1149=,Caprii,1
722=,Mitch,1,,1149=,Captiva,1
722=,Moath,1,,1149=,Cara-Brooke,1
722=,Moeez,1,,1149=,Caraid,1
722=,Mohaned,1,,1149=,Caren,1
722=,Mohhammad,1,,1149=,Carey,1
722=,Montague,1,,1149=,Cari,1
722=,Moosa,1,,1149=,Cariss,1
722=,Morbheinn,1,,1149=,Carla-Jane,1
722=,Morgan-Lee,1,,1149=,Carla-Louise,1
722=,Morghan,1,,1149=,Carlann,1
722=,Morris,1,,1149=,Carley,1
722=,Moshe,1,,1149=,Carly-Jay,1
722=,Mostafa,1,,1149=,Carmel,1
722=,Motoaki,1,,1149=,Carmin,1
722=,Muath,1,,1149=,Carmina,1
722=,Muaz,1,,1149=,Caro,1
722=,Mubashir,1,,1149=,Carol-Ann,1
722=,Mueed,1,,1149=,Carole,1
722=,Muhanad,1,,1149=,Caron,1
722=,Muir,1,,1149=,Carrah,1
722=,Mukadas,1,,1149=,Carrena,1
722=,Munn,1,,1149=,Carrie-Anne,1
722=,Muqam-E-Ibrahim,1,,1149=,Carrieann,1
722=,Murphy,1,,1149=,Carrin,1
722=,Mustafa,1,,1149=,Carrina,1
722=,Mustapha,1,,1149=,Carris,1
722=,Muzumal,1,,1149=,Caryl,1
722=,Myer,1,,1149=,Caryn,1
722=,Nabil,1,,1149=,Casey-Jo,1
722=,Naeem,1,,1149=,Casey-Leigh,1
722=,Nahid,1,,1149=,Cassidi,1
722=,Nathen,1,,1149=,Catalina,1
722=,Nathin,1,,1149=,Catelynne,1
722=,Navdeep,1,,1149=,Catharina,1
722=,Navid,1,,1149=,Cathryn,1
722=,Neale,1,,1149=,Cathrynn,1
722=,Neirin,1,,1149=,Cathula,1
722=,Nelson,1,,1149=,Catlin,1
722=,Nemanja,1,,1149=,Catrin,1
722=,Nevan,1,,1149=,Catriona-Anne,1
722=,Nevin,1,,1149=,Caylee,1
722=,Nhiall,1,,1149=,Cayleigh,1
722=,Nicholaus,1,,1149=,Cealla,1
722=,Nigel,1,,1149=,Ceara,1
722=,Nik,1,,1149=,Cecilia,1
722=,Nikita,1,,1149=,Ceejay,1
722=,Nikki,1,,1149=,Ceildh,1
722=,Nikky,1,,1149=,Ceilidh,1
722=,Nikolas,1,,1149=,Ceit,1
722=,Nile,1,,1149=,Ceitlyn,1
722=,Nils,1,,1149=,Celeste,1
722=,Niranjan,1,,1149=,Celia,1
722=,Nirvair,1,,1149=,Cerise,1
722=,Niven,1,,1149=,Cerrie,1
722=,Nolan,1,,1149=,Chamonix,1
722=,Nooh,1,,1149=,Chanae,1
722=,Nordine,1,,1149=,Chand,1
722=,Norman,1,,1149=,Chandelle,1
722=,Norrie-David,1,,1149=,Chanele,1
722=,Noshinali,1,,1149=,Chanell,1
722=,Nyal,1,,1149=,Channeh,1
722=,Nye,1,,1149=,Channel,1
722=,Oban,1,,1149=,Channelle,1
722=,Ogochukwu,1,,1149=,Chanttel,1
722=,Oi,1,,1149=,Charisa,1
722=,Oisin,1,,1149=,Charlait,1
722=,Olajuwon,1,,1149=,Charleigh,1
722=,Oliver-Rhys,1,,1149=,Charli-Anne,1
722=,Oluwadamini,1,,1149=,Charlie-Reece,1
722=,Oluwatosin,1,,1149=,Charlotte-Ann,1
722=,Omair,1,,1149=,Charmayne,1
722=,Omer,1,,1149=,Charyce,1
722=,Onkar,1,,1149=,Chaya,1
722=,Onni,1,,1149=,Chelbi,1
722=,Osayukimason,1,,1149=,Chelbye,1
722=,Oskar,1,,1149=,Chelsea-Ann,1
722=,Othniel,1,,1149=,Chelsea-Anne,1
722=,Owen-Rhys,1,,1149=,Chelsea-Jade,1
722=,Owin,1,,1149=,Chelseigh,1
722=,Ownie,1,,1149=,Chelsy,1
722=,Oyesuji,1,,1149=,Cherece,1
722=,Oyinbebe,1,,1149=,Cherelle,1
722=,Ozaire,1,,1149=,Cherice,1
722=,Ozayr,1,,1149=,Cherifa,1
722=,Ozcan,1,,1149=,Cherrease-Ann,1
722=,Pablo,1,,1149=,Cherrell,1
722=,Paddi,1,,1149=,Chetana,1
722=,Padraig,1,,1149=,Chevon,1
722=,Padrig,1,,1149=,Chevonne,1
722=,Palden,1,,1149=,Chey,1
722=,Panos,1,,1149=,Cheyeann,1
722=,Parmveer,1,,1149=,Chi-May,1
722=,Paulo,1,,1149=,Chi-Ying,1
722=,Payam,1,,1149=,Chidinma,1
722=,Pearse,1,,1149=,Chin,1
722=,Phoevos,1,,1149=,Chirsty,1
722=,Pierce,1,,1149=,Chisanga,1
722=,Pierre,1,,1149=,Chloe-Beth,1
722=,Piers,1,,1149=,Chloe-Louise,1
722=,Prathapraj,1,,1149=,Chloe-Marie,1
722=,Qays,1,,1149=,Chloe-May,1
722=,Qcwey,1,,1149=,Chloie,1
722=,Ra'eez,1,,1149=,Chole,1
722=,Raeth,1,,1149=,Chrissy-May,1
722=,Rafiq,1,,1149=,Christen,1
722=,Ragan,1,,1149=,Christianne,1
722=,Raheem,1,,1149=,Chrystie,1
722=,Raheen,1,,1149=,Churi,1
722=,Rahil,1,,1149=,Cianna-Nicole,1
722=,Rahimur,1,,1149=,Ciarra,1
722=,Rahul,1,,1149=,Cindy,1
722=,Rajeev,1,,1149=,Cinzia,1
722=,Rajun,1,,1149=,Ciorstaidh,1
722=,Rajveer,1,,1149=,Ciorstan,1
722=,Rajvinder,1,,1149=,Cissie,1
722=,Rameez,1,,1149=,Clarice,1
722=,Ranald,1,,1149=,Clarisse,1
722=,Raphael,1,,1149=,Claudia-Jordan,1
722=,Rasim,1,,1149=,Clayre,1
722=,Raul,1,,1149=,Clea,1
722=,Rayyan,1,,1149=,Clemmie,1
722=,Rees-Alan,1,,1149=,Cleo,1
722=,Reese,1,,1149=,Cleona,1
722=,Rehan,1,,1149=,Cleopatra,1
722=,Reisse,1,,1149=,Cliodhna,1
722=,Remo,1,,1149=,Clodagh,1
722=,Remy,1,,1149=,Codi,1
722=,Rennie,1,,1149=,Colbi,1
722=,Rex,1,,1149=,Colby,1
722=,Reyce,1,,1149=,Conni,1
722=,Rheagan,1,,1149=,Coragh,1
722=,Rhegan,1,,1149=,Coralie,1
722=,Rheiss,1,,1149=,Coreen,1
722=,Rhian,1,,1149=,Cori,1
722=,Rhory,1,,1149=,Correy,1
722=,Rhuairaidh,1,,1149=,Corrie-Ann,1
722=,Rhuairidh,1,,1149=,Corrie-Anne,1
722=,Rhuaraidh,1,,1149=,Cortnileigh,1
722=,Rhuari,1,,1149=,Coryn,1
722=,Rhyan,1,,1149=,Cosima,1
722=,Rhyse,1,,1149=,Courtenay,1
722=,Riabhadar,1,,1149=,Courtney-Jane,1
722=,Riain,1,,1149=,Courtney-Leah,1
722=,Riaran,1,,1149=,Cree,1
722=,Ricardo,1,,1149=,Cristiana,1
722=,Riccardo,1,,1149=,Cristy,1
722=,Richard-Ryan,1,,1149=,Crystal,1
722=,Riess,1,,1149=,Crystal-Jean,1
722=,Riho,1,,1149=,Cui,1
722=,Rikki,1,,1149=,Cypress,1
722=,Rikkilee,1,,1149=,Daena,1
722=,Rio,1,,1149=,Damaris,1
722=,Rishi-Kumar,1,,1149=,Danah,1
722=,Roark,1,,1149=,Danialina,1
722=,Robert-James,1,,1149=,Danica,1
722=,Roberto,1,,1149=,Daniya,1
722=,Robertson,1,,1149=,Daniyah,1
722=,Rocco,1,,1149=,Danni-Lee,1
722=,Rodger,1,,1149=,Dannie,1
722=,Rogan,1,,1149=,Danniela,1
722=,Romaan,1,,1149=,Dannii,1
722=,Ronnan,1,,1149=,Dannilee,1
722=,Ronnie,1,,1149=,Danya,1
722=,Roshin,1,,1149=,Daragh,1
722=,Roue,1,,1149=,Darrah,1
722=,Royal,1,,1149=,Darrelle,1
722=,Ruadhan,1,,1149=,Darya,1
722=,Ruairaidh,1,,1149=,Daryanne,1
722=,Ruarai,1,,1149=,Dayna-Louise,1
722=,Ruary,1,,1149=,Debony,1
722=,Ruben,1,,1149=,Debyn,1
722=,Rudi,1,,1149=,Decla,1
722=,Ruidi,1,,1149=,Decota,1
722=,Rupert,1,,1149=,Dee,1
722=,Ruraigh,1,,1149=,Dee-Anne,1
722=,Russel,1,,1149=,Deia,1
722=,Ruwen,1,,1149=,Deja,1
722=,Ryain,1,,1149=,Dejon,1
722=,Ryan-Lee,1,,1149=,Delainey,1
722=,Rye,1,,1149=,Deller-Maria,1
722=,Ryhan,1,,1149=,Delphin,1
722=,Rylan,1,,1149=,Demi-Jo,1
722=,Ryley,1,,1149=,Demie,1
722=,Saatchi,1,,1149=,Demsi,1
722=,Sabith,1,,1149=,Deni,1
722=,Sacha,1,,1149=,Denisha,1
722=,Saeed,1,,1149=,Denize,1
722=,Safar,1,,1149=,Denni,1
722=,Safyan,1,,1149=,Dennie,1
722=,Sahan,1,,1149=,Deone,1
722=,Sahil,1,,1149=,Derien,1
722=,Sai,1,,1149=,Derrie,1
722=,Saifur,1,,1149=,Derya,1
722=,Sajan,1,,1149=,Devin,1
722=,Salathiel,1,,1149=,Devinn,1
722=,Salem,1,,1149=,Deyna,1
722=,Salil,1,,1149=,Dharci,1
722=,Samad,1,,1149=,Dharian,1
722=,Sameer,1,,1149=,Dhoa,1
722=,Sameeullah,1,,1149=,Dilara,1
722=,Samer,1,,1149=,Dinah,1
722=,Sami,1,,1149=,Disha,1
722=,Samier,1,,1149=,Diva,1
722=,Samir,1,,1149=,Dixie,1
722=,Samrr,1,,1149=,Dominique,1
722=,Samual,1,,1149=,Donnamarie,1
722=,Sanday,1,,1149=,Dornie,1
722=,Sandeep,1,,1149=,Drugh,1
722=,Sander,1,,1149=,Duaa,1
722=,Sandon,1,,1149=,Duha,1
722=,Sanel,1,,1149=,Eastern,1
722=,Sanjay,1,,1149=,Ebba,1
722=,Saqib,1,,1149=,Eboni,1
722=,Sasha,1,,1149=,Eddi,1
722=,Saxon,1,,1149=,Eddy,1
722=,Sayf,1,,1149=,Edith,1
722=,Sean-Michael,1,,1149=,Eilah,1
722=,Sean-Paul,1,,1149=,Eildih,1
722=,Seb,1,,1149=,Eilean,1
722=,Sebastien,1,,1149=,Eileidh,1
722=,Seisuke,1,,1149=,Eilhana,1
722=,Selahattin,1,,1149=,Eillis,1
722=,Sellam,1,,1149=,Eily,1
722=,Seoirse,1,,1149=,Eiman,1
722=,Seon,1,,1149=,Eimer,1
722=,Seonaid,1,,1149=,Eirean,1
722=,Sergio,1,,1149=,Eirian,1
722=,Seung,1,,1149=,Eirin,1
722=,Severin,1,,1149=,Eiryn,1
722=,Sewak,1,,1149=,Eithne,1
722=,Shae,1,,1149=,Ekaterina,1
722=,Shafi,1,,1149=,Elaita,1
722=,Shaheer,1,,1149=,Elana,1
722=,Shahzeb,1,,1149=,Eleesha,1
722=,Shais,1,,1149=,Elen,1
722=,Shakeel,1,,1149=,Elese,1
722=,Sharaz,1,,1149=,Eliana,1
722=,Sharif,1,,1149=,Elianna,1
722=,Shaune,1,,1149=,Elinore,1
722=,Shayei,1,,1149=,Elishia,1
722=,Shayne,1,,1149=,Elizabeth-Anne,1
722=,Shehroz,1,,1149=,Elizabeth-Jane,1
722=,Sheikh,1,,1149=,Ellan,1
722=,Sher,1,,1149=,Elleis,1
722=,Sher-Ali,1,,1149=,Ellena,1
722=,Sheroz,1,,1149=,Ellenor,1
722=,Sheumais,1,,1149=,Elli,1
722=,Shezade,1,,1149=,Elliot,1
722=,Shirustii,1,,1149=,Ellys,1
722=,Sholto,1,,1149=,Ellyse,1
722=,Shonnie,1,,1149=,Elouise,1
722=,Shwan,1,,1149=,Els,1
722=,Sibelius,1,,1149=,Elys,1
722=,Siddique,1,,1149=,Elysia,1
722=,Sidney,1,,1149=,Elysse,1
722=,Sietse,1,,1149=,Eman,1
722=,Silvano,1,,1149=,Emelye,1
722=,Simisola,1,,1149=,Emilee,1
722=,Simran,1,,1149=,Emilene,1
722=,Sofien,1,,1149=,Emiley,1
722=,Sofiyan,1,,1149=,Emily-Rose,1
722=,Sohail,1,,1149=,Emma-Jane,1
722=,Solon,1,,1149=,Erasmia,1
722=,Somhairle,1,,1149=,Erii,1
722=,Sonas,1,,1149=,Erin-Jane,1
722=,Songezo,1,,1149=,Erin-Louise,1
722=,Soren,1,,1149=,Esin,1
722=,Spike,1,,1149=,Esther-Mari,1
722=,Sri,1,,1149=,Etive,1
722=,Stan,1,,1149=,Eula,1
722=,Steaphan,1,,1149=,Evanna,1
722=,Stefanos,1,,1149=,Eveline,1
722=,Stefyn-Carl,1,,1149=,Evelyne,1
722=,Stein,1,,1149=,Evguenia,1
722=,Stephane,1,,1149=,Fahime,1
722=,Stevan,1,,1149=,Faiqa,1
722=,Steve,1,,1149=,Fairlie,1
722=,Stig,1,,1149=,Faith-Marie,1
722=,Strachan,1,,1149=,Faithe,1
722=,Sufian,1,,1149=,Faiza,1
722=,Suhaib,1,,1149=,Farah,1
722=,Sung,1,,1149=,Farha,1
722=,Sung-Jong,1,,1149=,Farhana,1
722=,Suraj,1,,1149=,Farheen,1
722=,Suresh,1,,1149=,Farjana,1
722=,Suur,1,,1149=,Faryal,1
722=,Sven,1,,1149=,Faseeha,1
722=,Sweyn,1,,1149=,Fatma,1
722=,Sydney,1,,1149=,Fauzia,1
722=,T,1,,1149=,Fayga,1
722=,T-Jay,1,,1149=,Fearn,1
722=,Ta-Hsin,1,,1149=,Fernanda,1
722=,Taguen,1,,1149=,Finch,1
722=,Taha,1,,1149=,Finna,1
722=,Tahir,1,,1149=,Fionagh,1
722=,Tahmith,1,,1149=,Fione,1
722=,Taimur,1,,1149=,Fionna,1
722=,Talwinder,1,,1149=,Fiorenza,1
722=,Tanga,1,,1149=,Floraidh,1
722=,Tanvir,1,,1149=,Flore,1
722=,Taran,1,,1149=,Florida,1
722=,Tarek,1,,1149=,Forkan,1
722=,Tasman,1,,1149=,Francesca-Artilia,1
722=,Tayne,1,,1149=,Franchesca,1
722=,Teague,1,,1149=,Francine,1
722=,Tee-Jay,1,,1149=,Francisca,1
722=,Tejas,1,,1149=,Franki,1
722=,Tejay,1,,1149=,Freyja,1
722=,Teo,1,,1149=,Fyn,1
722=,Theodoros,1,,1149=,Fynlay,1
722=,Theodorus,1,,1149=,Gabriele,1
722=,Thibaud,1,,1149=,Gael,1
722=,Thomas-James,1,,1149=,Gaela,1
722=,Thomson,1,,1149=,Gaelle,1
722=,Thunraj,1,,1149=,Galina,1
722=,Tiernan,1,,1149=,Gemma-Louise,1
722=,Tiger,1,,1149=,Genevieve,1
722=,Tiyub,1,,1149=,Genna-Louise,1
722=,Tod,1,,1149=,Genoa,1
722=,Tomus,1,,1149=,Georga,1
722=,Toni,1,,1149=,Georgeena,1
722=,Toran,1,,1149=,Georgeina,1
722=,Torin,1,,1149=,Georghia,1
722=,Torquil,1,,1149=,Georgi,1
722=,Trae,1,,1149=,Georgiana,1
722=,Travis,1,,1149=,Georgieanna,1
722=,Tre,1,,1149=,Geri-Ann,1
722=,Trent,1,,1149=,Geri-Lee,1
722=,Tudor,1,,1149=,Gerri,1
722=,Tyler-James,1,,1149=,Ghislaine,1
722=,Tyrese,1,,1149=,Gillean,1
722=,Tyson,1,,1149=,Giovanna,1
722=,Uisdean,1,,1149=,Giselle,1
722=,Umair,1,,1149=,Giuliana,1
722=,Umayr,1,,1149=,Glenda,1
722=,Umberto,1,,1149=,Grainne,1
722=,Umer,1,,1149=,Greta,1
722=,Usaama,1,,1149=,Grier,1
722=,Usaamah,1,,1149=,Grizel,1
722=,Usman,1,,1149=,Gulsum,1
722=,Uthman,1,,1149=,Gurivine,1
722=,Uwais,1,,1149=,Gurpreet,1
722=,Uways,1,,1149=,Gwen,1
722=,Uzzam,1,,1149=,Gwenan,1
722=,Valentino,1,,1149=,Gwennan,1
722=,Vaughn,1,,1149=,Gwenyth,1
722=,Vernon,1,,1149=,Haidee,1
722=,Vigo,1,,1149=,Haifa,1
722=,Vlad,1,,1149=,Haillie,1
722=,Wajeeh,1,,1149=,Halina,1
722=,Wan,1,,1149=,Halley,1
722=,Wijdan,1,,1149=,Halliana,1
722=,Willem,1,,1149=,Hanah,1
722=,Wing,1,,1149=,Haneen,1
722=,Won,1,,1149=,Hanis,1
722=,Woods,1,,1149=,Hanna,1
722=,Wouter,1,,1149=,Hannah-Jane,1
722=,Wredd,1,,1149=,Hannah-Louise,1
722=,Xander,1,,1149=,Harneet,1
722=,Yaaseen,1,,1149=,Harper,1
722=,Yahya,1,,1149=,Harriett,1
722=,Yamin,1,,1149=,Harris,1
722=,Yaseen,1,,1149=,Hau,1
722=,Yasseen,1,,1149=,Haven,1
722=,Yassin,1,,1149=,Heather-Irena,1
722=,Yassir,1,,1149=,Heatherbelle,1
722=,Yi,1,,1149=,Heavenly,1
722=,You,1,,1149=,Heba,1
722=,Young,1,,1149=,Hebba,1
722=,Yousaf,1,,1149=,Hebe,1
722=,Youssef,1,,1149=,Hedayah,1
722=,Yousuf,1,,1149=,Hedda,1
722=,Yu,1,,1149=,Heena,1
722=,Yuan-Jau,1,,1149=,Helga,1
722=,Yusuf,1,,1149=,Hena,1
722=,Yusuke,1,,1149=,Hermione,1
722=,Zaachari,1,,1149=,Hessah,1
722=,Zaak,1,,1149=,Hiam,1
722=,Zacharay,1,,1149=,Hiba,1
722=,Zaheeb,1,,1149=,Hibah,1
722=,Zahid,1,,1149=,Hilary,1
722=,Zahidur,1,,1149=,Hileena,1
722=,Zaid,1,,1149=,Ho,1
722=,Zaiyn,1,,1149=,Hoi,1
722=,Zakari,1,,1149=,Hollie-Ann,1
722=,Zander,1,,1149=,Hudaa,1
722=,Zaygham,1,,1149=,Hufsah,1
722=,Zebedee,1,,1149=,Huma,1
722=,Zein,1,,1149=,Humma,1
722=,Zeph,1,,1149=,Ianna,1
722=,Zeshan,1,,1149=,Iasmina,1
722=,Zeyi,1,,1149=,Ibrah,1
722=,Zhi-Sheng,1,,1149=,Ida,1
722=,Ziad,1,,1149=,Idabelle,1
722=,Zishan,1,,1149=,Iffat,1
722=,Zohaib,1,,1149=,Iina,1
722=,Zubayer,1,,1149=,Illa,1
722=,Zuhaib,1,,1149=,Imaan,1
,,,,1149=,Imane,1
,,,,1149=,Immama,1
,,,,1149=,Imogene,1
,,,,1149=,Ina,1
,,,,1149=,Inayah,1
,,,,1149=,Indiana,1
,,,,1149=,Indira,1
,,,,1149=,Indyah,1
,,,,1149=,Ingrid,1
,,,,1149=,Injood,1
,,,,1149=,Ipek,1
,,,,1149=,Iqrah,1
,,,,1149=,Iqura,1
,,,,1149=,Irelanne,1
,,,,1149=,Irmani,1
,,,,1149=,Isa,1
,,,,1149=,Iseabal,1
,,,,1149=,Isha,1
,,,,1149=,Ishara,1
,,,,1149=,Islay,1
,,,,1149=,Isobelle,1
,,,,1149=,Israh,1
,,,,1149=,Ivanna,1
,,,,1149=,Ivy,1
,,,,1149=,Izah,1
,,,,1149=,Jackie,1
,,,,1149=,Jaclyn,1
,,,,1149=,Jacqualine,1
,,,,1149=,Jacqui,1
,,,,1149=,Jada,1
,,,,1149=,Jade-Marion,1
,,,,1149=,Jadean,1
,,,,1149=,Jaden,1
,,,,1149=,Jae,1
,,,,1149=,Jaika,1
,,,,1149=,Jaima,1
,,,,1149=,Jaime-Lee,1
,,,,1149=,Jaimey,1
,,,,1149=,Jaimi,1
,,,,1149=,Jaimie,1
,,,,1149=,Jami,1
,,,,1149=,Jamielee,1
,,,,1149=,Jan,1
,,,,1149=,Janah,1
,,,,1149=,Janeen,1
,,,,1149=,Janey,1
,,,,1149=,Janie-Lee,1
,,,,1149=,Janina,1
,,,,1149=,Janna,1
,,,,1149=,Jaqueline,1
,,,,1149=,Jardelle,1
,,,,1149=,Jasmyn,1
,,,,1149=,Jaya,1
,,,,1149=,Jayda,1
,,,,1149=,Jaydee,1
,,,,1149=,Jayme,1
,,,,1149=,Jaymee-Leigh,1
,,,,1149=,Jaymi-Louise,1
,,,,1149=,Jaymie,1
,,,,1149=,Jaynie,1
,,,,1149=,Jazmin,1
,,,,1149=,Jeanelle,1
,,,,1149=,Jeanie,1
,,,,1149=,Jeanna,1
,,,,1149=,Jehane,1
,,,,1149=,Jemila,1
,,,,1149=,Jenefer,1
,,,,1149=,Jennah,1
,,,,1149=,Jennie,1
,,,,1149=,Jerri,1
,,,,1149=,Jesica,1
,,,,1149=,Jessica-Anne,1
,,,,1149=,Jessica-Lee,1
,,,,1149=,Jessica-Rose,1
,,,,1149=,Jiamie,1
,,,,1149=,Jianna,1
,,,,1149=,Jilana,1
,,,,1149=,Jitske,1
,,,,1149=,Jo-Ann,1
,,,,1149=,Jo-Anne,1
,,,,1149=,Joanie,1
,,,,1149=,Joann,1
,,,,1149=,Jodhi,1
,,,,1149=,Jody-Leigh,1
,,,,1149=,Joely,1
,,,,1149=,Jojo,1
,,,,1149=,Jolaine,1
,,,,1149=,Joleene,1
,,,,1149=,Jordaine,1
,,,,1149=,Jordan-Diane,1
,,,,1149=,Jordanna,1
,,,,1149=,Jorden,1
,,,,1149=,Jordene,1
,,,,1149=,Jordyn-Lee,1
,,,,1149=,Jorja,1
,,,,1149=,Jorji,1
,,,,1149=,Joseline,1
,,,,1149=,Jovita,1
,,,,1149=,Jude,1
,,,,1149=,Judy,1
,,,,1149=,Juliana,1
,,,,1149=,Julianna,1
,,,,1149=,Julieanne,1
,,,,1149=,Junnat,1
,,,,1149=,Juwariah,1
,,,,1149=,Kacey,1
,,,,1149=,Kahlihn,1
,,,,1149=,Kaid,1
,,,,1149=,Kaija,1
,,,,1149=,Kaija-Isabella,1
,,,,1149=,Kailee,1
,,,,1149=,Kailidh,1
,,,,1149=,Kainah,1
,,,,1149=,Kainat,1
,,,,1149=,Kaisha,1
,,,,1149=,Kaitlinn,1
,,,,1149=,Kaitlyne,1
,,,,1149=,Kaiya,1
,,,,1149=,Kajal,1
,,,,1149=,Kaleena,1
,,,,1149=,Kalei,1
,,,,1149=,Kalia,1
,,,,1149=,Kalie,1
,,,,1149=,Kallie,1
,,,,1149=,Kalsoom,1
,,,,1149=,Kami,1
,,,,1149=,Kamilah,1
,,,,1149=,Kandy,1
,,,,1149=,Kar,1
,,,,1149=,Kara-Louise,1
,,,,1149=,Karagh,1
,,,,1149=,Karalyn,1
,,,,1149=,Kareen,1
,,,,1149=,Kareena,1
,,,,1149=,Karena,1
,,,,1149=,Karenza,1
,,,,1149=,Karine,1
,,,,1149=,Karis-Lee,1
,,,,1149=,Karishma,1
,,,,1149=,Karmen,1
,,,,1149=,Karolyn,1
,,,,1149=,Karyna,1
,,,,1149=,Kashmir,1
,,,,1149=,Kasia,1
,,,,1149=,Kassidy,1
,,,,1149=,Katarzyna,1
,,,,1149=,Kate-Lynne,1
,,,,1149=,Katelyn-Lee,1
,,,,1149=,Katheryn,1
,,,,1149=,Katheryne,1
,,,,1149=,Kathrine,1
,,,,1149=,Kathryn-Ann,1
,,,,1149=,Kathryne,1
,,,,1149=,Katica,1
,,,,1149=,Katie-Lee,1
,,,,1149=,Katie-Louise,1
,,,,1149=,Katie-May,1
,,,,1149=,Katie-Nicole,1
,,,,1149=,Katja,1
,,,,1149=,Katlyn-Lee,1
,,,,1149=,Katya,1
,,,,1149=,Kaulsom,1
,,,,1149=,Kayden,1
,,,,1149=,Kayesha,1
,,,,1149=,Kaylah,1
,,,,1149=,Kaylea,1
,,,,1149=,Kayleigh-Jayde,1
,,,,1149=,Kayley-Marie,1
,,,,1149=,Kaylie,1
,,,,1149=,Kaylin,1
,,,,1149=,Kaylinn,1
,,,,1149=,Kaymie,1
,,,,1149=,Kayna,1
,,,,1149=,Kayren,1
,,,,1149=,Kayrin,1
,,,,1149=,Kaysea,1
,,,,1149=,Kaytlene,1
,,,,1149=,Kaziah,1
,,,,1149=,Keanna,1
,,,,1149=,Keavy,1
,,,,1149=,Keegan,1
,,,,1149=,Keelin,1
,,,,1149=,Keera,1
,,,,1149=,Keilidh,1
,,,,1149=,Keisha,1
,,,,1149=,Kelby,1
,,,,1149=,Kelesy,1
,,,,1149=,Keli,1
,,,,1149=,Kellen,1
,,,,1149=,Kellsee,1
,,,,1149=,Kellsie,1
,,,,1149=,Kelly-Ann,1
,,,,1149=,Kellyann,1
,,,,1149=,Kelsa,1
,,,,1149=,Kelsey-Ann,1
,,,,1149=,Kelsey-Anne,1
,,,,1149=,Kelsi-Ann,1
,,,,1149=,Kelsie-Leigh,1
,,,,1149=,Kelsii,1
,,,,1149=,Keltan,1
,,,,1149=,Kennedy-Louise,1
,,,,1149=,Kennice,1
,,,,1149=,Kennisha,1
,,,,1149=,Kensley,1
,,,,1149=,Kenzy,1
,,,,1149=,Keona,1
,,,,1149=,Kerala,1
,,,,1149=,Kered,1
,,,,1149=,Kereen,1
,,,,1149=,Kerem,1
,,,,1149=,Kerena,1
,,,,1149=,Keri-Ann,1
,,,,1149=,Keriin,1
,,,,1149=,Kerilyn,1
,,,,1149=,Kerin,1
,,,,1149=,Keris,1
,,,,1149=,Kerra,1
,,,,1149=,Kerri-Ann,1
,,,,1149=,Kerri-Anne,1
,,,,1149=,Kerridwen,1
,,,,1149=,Kerrie-Ann,1
,,,,1149=,Kerry-Anne,1
,,,,1149=,Kerry-Ellen,1
,,,,1149=,Kerryanne,1
,,,,1149=,Kesia,1
,,,,1149=,Kether,1
,,,,1149=,Keturah,1
,,,,1149=,Keyana,1
,,,,1149=,Kgaugelo,1
,,,,1149=,Khadeja,1
,,,,1149=,Khadijah,1
,,,,1149=,Khaira,1
,,,,1149=,Khansa,1
,,,,1149=,Kharli,1
,,,,1149=,Khera,1
,,,,1149=,Khizra,1
,,,,1149=,Khloe,1
,,,,1149=,Khulufelo,1
,,,,1149=,Kiah-Louise,1
,,,,1149=,Kiana,1
,,,,1149=,Kianne,1
,,,,1149=,Kieana,1
,,,,1149=,Kiely,1
,,,,1149=,Kiera-Louise,1
,,,,1149=,Kierah,1
,,,,1149=,Kierra,1
,,,,1149=,Kieva,1
,,,,1149=,Kimberlee,1
,,,,1149=,Kimmi,1
,,,,1149=,Kiona,1
,,,,1149=,Kirah,1
,,,,1149=,Kirandeep,1
,,,,1149=,Kirin,1
,,,,1149=,Kirstee-Mai,1
,,,,1149=,Kirsti,1
,,,,1149=,Kirstien,1
,,,,1149=,Kirstine,1
,,,,1149=,Kirsty-Ann,1
,,,,1149=,Kirtsy,1
,,,,1149=,Kismet,1
,,,,1149=,Kiya,1
,,,,1149=,Krystal,1
,,,,1149=,Krystyna,1
,,,,1149=,Kwan,1
,,,,1149=,Kya,1
,,,,1149=,Kyan,1
,,,,1149=,Kyerah,1
,,,,1149=,Kylah,1
,,,,1149=,Kymberley,1
,,,,1149=,Kyrah,1
,,,,1149=,Lais,1
,,,,1149=,Lakeisha,1
,,,,1149=,Lam,1
,,,,1149=,Lamis,1
,,,,1149=,Lani,1
,,,,1149=,Laoise,1
,,,,1149=,Larrah,1
,,,,1149=,Latonia,1
,,,,1149=,Laura-Elizabeth,1
,,,,1149=,Lauran,1
,,,,1149=,Laure,1
,,,,1149=,Lauren-Louise,1
,,,,1149=,Laurence,1
,,,,1149=,Laurissa,1
,,,,1149=,Laxmi,1
,,,,1149=,Laylah,1
,,,,1149=,Leanda,1
,,,,1149=,Leane,1
,,,,1149=,Leanna,1
,,,,1149=,Lee-Ann,1
,,,,1149=,Leeann,1
,,,,1149=,Leen,1
,,,,1149=,Leighanne,1
,,,,1149=,Leisa-Marie,1
,,,,1149=,Lejla,1
,,,,1149=,Lelia,1
,,,,1149=,Lennon,1
,,,,1149=,Lennox,1
,,,,1149=,Leonora,1
,,,,1149=,Lesley-Ann,1
,,,,1149=,Leslie,1
,,,,1149=,Letitianne,1
,,,,1149=,Leyla,1
,,,,1149=,Liberty,1
,,,,1149=,Lila,1
,,,,1149=,Lilah,1
,,,,1149=,Lili,1
,,,,1149=,Lilidh,1
,,,,1149=,Lilith,1
,,,,1149=,Lilli,1
,,,,1149=,Limara,1
,,,,1149=,Ling,1
,,,,1149=,Linnea,1
,,,,1149=,Linta,1
,,,,1149=,Linzie,1
,,,,1149=,Lioran,1
,,,,1149=,Lisa-Maria,1
,,,,1149=,Livia,1
,,,,1149=,Loni,1
,,,,1149=,Lora,1
,,,,1149=,Loranna,1
,,,,1149=,Lorelle,1
,,,,1149=,Lorellei,1
,,,,1149=,Loretta,1
,,,,1149=,Lorien,1
,,,,1149=,Lorissa,1
,,,,1149=,Lorne,1
,,,,1149=,Lorren,1
,,,,1149=,Louie-Ada,1
,,,,1149=,Louise-Bethany,1
,,,,1149=,Lua,1
,,,,1149=,Luana,1
,,,,1149=,Lucca,1
,,,,1149=,Lucie-Rose,1
,,,,1149=,Lucrezia,1
,,,,1149=,Lucy-Amber,1
,,,,1149=,Lucy-Anne,1
,,,,1149=,Luis,1
,,,,1149=,Luka,1
,,,,1149=,Lulu,1
,,,,1149=,Lyara,1
,,,,1149=,Lynelle,1
,,,,1149=,Lynette,1
,,,,1149=,Lynnsy,1
,,,,1149=,Lynzie,1
,,,,1149=,Lyta,1
,,,,1149=,Maaike,1
,,,,1149=,Maariya,1
,,,,1149=,Mabel,1
,,,,1149=,Macauley,1
,,,,1149=,Maddeson,1
,,,,1149=,Maddie,1
,,,,1149=,Madelyne,1
,,,,1149=,Madhurima,1
,,,,1149=,Madiha,1
,,,,1149=,Madihah,1
,,,,1149=,Maeghan,1
,,,,1149=,Maerin,1
,,,,1149=,Mahima,1
,,,,1149=,Mahnoor,1
,,,,1149=,Mahri,1
,,,,1149=,Mahrukh,1
,,,,1149=,Maika,1
,,,,1149=,Maili,1
,,,,1149=,Maimoona,1
,,,,1149=,Maire,1
,,,,1149=,Mairi-Theresa,1
,,,,1149=,Maja,1
,,,,1149=,Makaela,1
,,,,1149=,Makala,1
,,,,1149=,Makayla,1
,,,,1149=,Makenzie,1
,,,,1149=,Makerzie,1
,,,,1149=,Maleeha,1
,,,,1149=,Maliha,1
,,,,1149=,Malissa,1
,,,,1149=,Manaal,1
,,,,1149=,Manpreet,1
,,,,1149=,Marcela,1
,,,,1149=,Maree,1
,,,,1149=,Mareha,1
,,,,1149=,Marfa,1
,,,,1149=,Margaret-Jane,1
,,,,1149=,Marguerite,1
,,,,1149=,Maria-Rosa,1
,,,,1149=,Mariama,1
,,,,1149=,Marieanne,1
,,,,1149=,Mariella,1
,,,,1149=,Mariesa,1
,,,,1149=,Mariessa,1
,,,,1149=,Marilena,1
,,,,1149=,Marin,1
,,,,1149=,Mariota,1
,,,,1149=,Marishia,1
,,,,1149=,Mariska,1
,,,,1149=,Marjorie,1
,,,,1149=,Marla,1
,,,,1149=,Marriyah,1
,,,,1149=,Marwa,1
,,,,1149=,Mary-Bernadette,1
,,,,1149=,Mary-Charlotte,1
,,,,1149=,Mary-Kate,1
,,,,1149=,Marya,1
,,,,1149=,Maryanne,1
,,,,1149=,Marycatherine,1
,,,,1149=,Marykate,1
,,,,1149=,Marylee,1
,,,,1149=,Mattia,1
,,,,1149=,Maureen,1
,,,,1149=,May,1
,,,,1149=,Mayeesha,1
,,,,1149=,Maylai,1
,,,,1149=,Maylee,1
,,,,1149=,Meabh,1
,,,,1149=,Mee-Ram,1
,,,,1149=,Meegan,1
,,,,1149=,Megan-Amy,1
,,,,1149=,Megan-Lee,1
,,,,1149=,Meganjamie,1
,,,,1149=,Meggan,1
,,,,1149=,Megha,1
,,,,1149=,Meghan-Louise,1
,,,,1149=,Mehvish,1
,,,,1149=,Meisha,1
,,,,1149=,Melania,1
,,,,1149=,Melannie,1
,,,,1149=,Melisa,1
,,,,1149=,Meridyth,1
,,,,1149=,Merran,1
,,,,1149=,Mhairi-Ann,1
,,,,1149=,Mherrin,1
,,,,1149=,Mhyrin,1
,,,,1149=,Miarin,1
,,,,1149=,Micah,1
,,,,1149=,Michaelah,1
,,,,1149=,Michaella,1
,,,,1149=,Michaila,1
,,,,1149=,Michel,1
,,,,1149=,Michela,1
,,,,1149=,Mikaella,1
,,,,1149=,Mikal,1
,,,,1149=,Mikhaella,1
,,,,1149=,Mila,1
,,,,1149=,Milena,1
,,,,1149=,Mili,1
,,,,1149=,Milisa,1
,,,,1149=,Millarai,1
,,,,1149=,Millisa,1
,,,,1149=,Mira,1
,,,,1149=,Mirella,1
,,,,1149=,Mirna,1
,,,,1149=,Mirran,1
,,,,1149=,Mirrin-Jesse,1
,,,,1149=,Mirte,1
,,,,1149=,Miryn,1
,,,,1149=,Misbah,1
,,,,1149=,Misha,1
,,,,1149=,Mishal,1
,,,,1149=,Misja,1
,,,,1149=,Mitra,1
,,,,1149=,Miya,1
,,,,1149=,Moamina,1
,,,,1149=,Moesha,1
,,,,1149=,Moira,1
,,,,1149=,Moirin,1
,,,,1149=,Moli,1
,,,,1149=,Molli,1
,,,,1149=,Momina,1
,,,,1149=,Monette,1
,,,,1149=,Monibah,1
,,,,1149=,Monisha,1
,,,,1149=,Montanna,1
,,,,1149=,Montse,1
,,,,1149=,Moran,1
,,,,1149=,Morgain,1
,,,,1149=,Morgane,1
,,,,1149=,Morghan,1
,,,,1149=,Morium,1
,,,,1149=,Morrighan,1
,,,,1149=,Mouza,1
,,,,1149=,Moyra,1
,,,,1149=,Muireann,1
,,,,1149=,Muirne,1
,,,,1149=,Muminah,1
,,,,1149=,Mun,1
,,,,1149=,Munibah,1
,,,,1149=,Muriam,1
,,,,1149=,Murin,1
,,,,1149=,Murran,1
,,,,1149=,Murran-Leigh,1
,,,,1149=,Muteeha,1
,,,,1149=,Muzah,1
,,,,1149=,Myeda,1
,,,,1149=,Mykaela,1
,,,,1149=,Mykayla,1
,,,,1149=,Myla,1
,,,,1149=,Myren,1
,,,,1149=,Myrna,1
,,,,1149=,Myrren,1
,,,,1149=,Myrrin,1
,,,,1149=,Naadia,1
,,,,1149=,Nabeela,1
,,,,1149=,Nada,1
,,,,1149=,Naddia,1
,,,,1149=,Nadina,1
,,,,1149=,Nadja,1
,,,,1149=,Nadya,1
,,,,1149=,Naeema,1
,,,,1149=,Nahah,1
,,,,1149=,Naheyda,1
,,,,1149=,Naimh,1
,,,,1149=,Nairn,1
,,,,1149=,Nakitta,1
,,,,1149=,Namrah,1
,,,,1149=,Nancy,1
,,,,1149=,Naomh,1
,,,,1149=,Nargis,1
,,,,1149=,Naseem,1
,,,,1149=,Nasreen,1
,,,,1149=,Nasrine,1
,,,,1149=,Nastasha,1
,,,,1149=,Natacha,1
,,,,1149=,Nataleigh,1
,,,,1149=,Natascha,1
,,,,1149=,Natashja,1
,,,,1149=,Natasia,1
,,,,1149=,Natasja,1
,,,,1149=,Nathalee,1
,,,,1149=,Nathania,1
,,,,1149=,Nattasha,1
,,,,1149=,Nayaab,1
,,,,1149=,Nayab,1
,,,,1149=,Nazifa,1
,,,,1149=,Nazish,1
,,,,1149=,Nee-Cole,1
,,,,1149=,Neelam,1
,,,,1149=,Neesha,1
,,,,1149=,Neha,1
,,,,1149=,Nell,1
,,,,1149=,Nevada,1
,,,,1149=,Nickole,1
,,,,1149=,Nicky,1
,,,,1149=,Nida,1
,,,,1149=,Nikaela,1
,,,,1149=,Nikaila,1
,,,,1149=,Nikki-Marie,1
,,,,1149=,Nikkitta,1
,,,,1149=,Nimra,1
,,,,1149=,Nimrah,1
,,,,1149=,Ninian,1
,,,,1149=,Nioami,1
,,,,1149=,Niomai,1
,,,,1149=,Niomi,1
,,,,1149=,Nishon,1
,,,,1149=,Niven,1
,,,,1149=,Nolan,1
,,,,1149=,Noleen,1
,,,,1149=,Noor,1
,,,,1149=,Noorann,1
,,,,1149=,Nora,1
,,,,1149=,Norma,1
,,,,1149=,Noura,1
,,,,1149=,Nova,1
,,,,1149=,Nurin,1
,,,,1149=,Nurshahirah,1
,,,,1149=,Nuzhat,1
,,,,1149=,Nychole,1
,,,,1149=,Oceanlea,1
,,,,1149=,Odette,1
,,,,1149=,Ololade,1
,,,,1149=,Oluwaseyifunmi,1
,,,,1149=,Omer,1
,,,,1149=,Onyah,1
,,,,1149=,Oona,1
,,,,1149=,Oonagh,1
,,,,1149=,Oren,1
,,,,1149=,Orianne,1
,,,,1149=,Orlagh,1
,,,,1149=,Paishtar,1
,,,,1149=,Paola,1
,,,,1149=,Parima,1
,,,,1149=,Parnaz,1
,,,,1149=,Pasant,1
,,,,1149=,Patrice,1
,,,,1149=,Payge,1
,,,,1149=,Paytn,1
,,,,1149=,Payton,1
,,,,1149=,Pei,1
,,,,1149=,Peri,1
,,,,1149=,Perline,1
,,,,1149=,Pernella,1
,,,,1149=,Perri,1
,,,,1149=,Pesaramalli,1
,,,,1149=,Philipa,1
,,,,1149=,Philomena,1
,,,,1149=,Piera,1
,,,,1149=,Piper,1
,,,,1149=,Polly-Anna,1
,,,,1149=,Porscha,1
,,,,1149=,Priscilla,1
,,,,1149=,Pui,1
,,,,1149=,Quita,1
,,,,1149=,Raabiah,1
,,,,1149=,Rabbia,1
,,,,1149=,Rabecca,1
,,,,1149=,Rachael-Ann,1
,,,,1149=,Rachell,1
,,,,1149=,Radhia,1
,,,,1149=,Radia,1
,,,,1149=,Rae,1
,,,,1149=,Raeanna,1
,,,,1149=,Raeanne,1
,,,,1149=,Raeanu,1
,,,,1149=,Raechelle,1
,,,,1149=,Raegen,1
,,,,1149=,Ragan,1
,,,,1149=,Raigan,1
,,,,1149=,Raimie,1
,,,,1149=,Raina,1
,,,,1149=,Raj,1
,,,,1149=,Ramandeep,1
,,,,1149=,Rameen,1
,,,,1149=,Rameesa,1
,,,,1149=,Rameeza,1
,,,,1149=,Raveen,1
,,,,1149=,Raven,1
,,,,1149=,Ravinder,1
,,,,1149=,Raya,1
,,,,1149=,Rayanen,1
,,,,1149=,Rayanne,1
,,,,1149=,Raychelle,1
,,,,1149=,Rayna,1
,,,,1149=,Razna,1
,,,,1149=,Rea,1
,,,,1149=,Rebecka,1
,,,,1149=,Rebeckah,1
,,,,1149=,Reema,1
,,,,1149=,Reese,1
,,,,1149=,Reiltin,1
,,,,1149=,Reina,1
,,,,1149=,Reine,1
,,,,1149=,Reise,1
,,,,1149=,Remona,1
,,,,1149=,Renae,1
,,,,1149=,Rene,1
,,,,1149=,Renee,1
,,,,1149=,Renni,1
,,,,1149=,Rennie,1
,,,,1149=,Renuka,1
,,,,1149=,Reona,1
,,,,1149=,Rhaianne,1
,,,,1149=,Rhania,1
,,,,1149=,Rheagan,1
,,,,1149=,Rheanna,1
,,,,1149=,Rheannon,1
,,,,1149=,Rheigan,1
,,,,1149=,Rhiain,1
,,,,1149=,Rhianan,1
,,,,1149=,Rhianon,1
,,,,1149=,Rhiona,1
,,,,1149=,Rhoanna,1
,,,,1149=,Rhonwen,1
,,,,1149=,Rhowen,1
,,,,1149=,Rhu,1
,,,,1149=,Rhyanna,1
,,,,1149=,Rhymeny,1
,,,,1149=,Rhys,1
,,,,1149=,Rhyven,1
,,,,1149=,Riana,1
,,,,1149=,Riannah,1
,,,,1149=,Ricki,1
,,,,1149=,Riegan,1
,,,,1149=,Riem,1
,,,,1149=,Rieni,1
,,,,1149=,Robbie,1
,,,,1149=,Robbyn,1
,,,,1149=,Roberta,1
,,,,1149=,Rohan,1
,,,,1149=,Rois,1
,,,,1149=,Rokayya,1
,,,,1149=,Romain,1
,,,,1149=,Romaisa,1
,,,,1149=,Roman,1
,,,,1149=,Romana,1
,,,,1149=,Romani,1
,,,,1149=,Romiesha,1
,,,,1149=,Ronaigh,1
,,,,1149=,Roni,1
,,,,1149=,Roomana,1
,,,,1149=,Rosalea,1
,,,,1149=,Rosaleen,1
,,,,1149=,Rosalia,1
,,,,1149=,Rosalie,1
,,,,1149=,Rosamund,1
,,,,1149=,Roseann,1
,,,,1149=,Roselynn,1
,,,,1149=,Roshanay,1
,,,,1149=,Rosie-Beth,1
,,,,1149=,Rosy,1
,,,,1149=,Roua,1
,,,,1149=,Rowann,1
,,,,1149=,Rowanne,1
,,,,1149=,Rowen,1
,,,,1149=,Rowena,1
,,,,1149=,Roxanna,1
,,,,1149=,Rozemarijn,1
,,,,1149=,Rukhia,1
,,,,1149=,Rumaisah,1
,,,,1149=,Rune,1
,,,,1149=,Ruth-Anna,1
,,,,1149=,Ruthie,1
,,,,1149=,Rya,1
,,,,1149=,Ryann,1
,,,,1149=,Rylie,1
,,,,1149=,Sa'diyah,1
,,,,1149=,Saadia,1
,,,,1149=,Saaraa,1
,,,,1149=,Saba,1
,,,,1149=,Sabah,1
,,,,1149=,Sabina,1
,,,,1149=,Sabrene,1
,,,,1149=,Sachelle,1
,,,,1149=,Safaa,1
,,,,1149=,Safarrah,1
,,,,1149=,Saffia,1
,,,,1149=,Saffron-Louise,1
,,,,1149=,Safina,1
,,,,1149=,Sahar,1
,,,,1149=,Sahayavalli,1
,,,,1149=,Sahdia,1
,,,,1149=,Saher,1
,,,,1149=,Sahran,1
,,,,1149=,Sahrina,1
,,,,1149=,Saiorse,1
,,,,1149=,Saiqa,1
,,,,1149=,Sairah,1
,,,,1149=,Salma,1
,,,,1149=,Salome,1
,,,,1149=,Samaah,1
,,,,1149=,Samantha-Leigh,1
,,,,1149=,Samarah-Leigh,1
,,,,1149=,Sameena,1
,,,,1149=,Sammie,1
,,,,1149=,Sammy-Jo,1
,,,,1149=,Sammy-Lee,1
,,,,1149=,Samuel,1
,,,,1149=,Sandie,1
,,,,1149=,Sanel,1
,,,,1149=,Sania,1
,,,,1149=,Saniya,1
,,,,1149=,Saniyah,1
,,,,1149=,Saphron,1
,,,,1149=,Sapphira,1
,,,,1149=,Sapphire,1
,,,,1149=,Sapphra-Louise,1
,,,,1149=,Sarafina,1
,,,,1149=,Sarah-Jayne,1
,,,,1149=,Sarahjane,1
,,,,1149=,Saralouise,1
,,,,1149=,Sare,1
,,,,1149=,Sarrah,1
,,,,1149=,Sascha,1
,,,,1149=,Sash,1
,,,,1149=,Saskia-Maria,1
,,,,1149=,Satnaam,1
,,,,1149=,Savi,1
,,,,1149=,Saya,1
,,,,1149=,Sbaa,1
,,,,1149=,Sbhat,1
,,,,1149=,Schanice,1
,,,,1149=,Se,1
,,,,1149=,Sean,1
,,,,1149=,Seani,1
,,,,1149=,Seantelle,1
,,,,1149=,Seema,1
,,,,1149=,Segolene,1
,,,,1149=,Sehr,1
,,,,1149=,Sehrish,1
,,,,1149=,Sejla,1
,,,,1149=,Semone,1
,,,,1149=,Senna,1
,,,,1149=,Seona,1
,,,,1149=,Sepideh,1
,,,,1149=,Seren,1
,,,,1149=,Serina,1
,,,,1149=,Shabnam,1
,,,,1149=,Shaddelle,1
,,,,1149=,Shahana,1
,,,,1149=,Shaikhah,1
,,,,1149=,Shaima,1
,,,,1149=,Shaina,1
,,,,1149=,Shama,1
,,,,1149=,Shameela,1
,,,,1149=,Shanae,1
,,,,1149=,Shanaid,1
,,,,1149=,Shanay,1
,,,,1149=,Shanece,1
,,,,1149=,Shanine,1
,,,,1149=,Shannagh,1
,,,,1149=,Shannan-Jade,1
,,,,1149=,Shannia,1
,,,,1149=,Shannice,1
,,,,1149=,Shannon-Louise,1
,,,,1149=,Shannon-May,1
,,,,1149=,Shantele,1
,,,,1149=,Shanyce,1
,,,,1149=,Sharda,1
,,,,1149=,Sharelle,1
,,,,1149=,Sharine,1
,,,,1149=,Sharlay,1
,,,,1149=,Sharleen,1
,,,,1149=,Sharmaine,1
,,,,1149=,Sharmon,1
,,,,1149=,Sharran,1
,,,,1149=,Sharyn,1
,,,,1149=,Shastiana,1
,,,,1149=,Shaunay,1
,,,,1149=,Shaundell,1
,,,,1149=,Shauneen,1
,,,,1149=,Shaunni,1
,,,,1149=,Shawn,1
,,,,1149=,Shay,1
,,,,1149=,Shaylyn,1
,,,,1149=,Shaynia,1
,,,,1149=,Shaznie,1
,,,,1149=,Shea,1
,,,,1149=,Sheila,1
,,,,1149=,Shelbeigh,1
,,,,1149=,Shelbey,1
,,,,1149=,Shelby-Louise,1
,,,,1149=,Shellbie,1
,,,,1149=,Shelley-Anne,1
,,,,1149=,Shenade,1
,,,,1149=,Sheniah,1
,,,,1149=,Sheona,1
,,,,1149=,Sherelle,1
,,,,1149=,Sheri,1
,,,,1149=,Sherise,1
,,,,1149=,Sherylann,1
,,,,1149=,Sheryle,1
,,,,1149=,Shevone,1
,,,,1149=,Shevonne,1
,,,,1149=,Shian,1
,,,,1149=,Shiana,1
,,,,1149=,Shiekh,1
,,,,1149=,Shimara,1
,,,,1149=,Shirley,1
,,,,1149=,Shirley-Karina,1
,,,,1149=,Shivani,1
,,,,1149=,Shivanni,1
,,,,1149=,Shivon,1
,,,,1149=,Sholah,1
,,,,1149=,Shonag,1
,,,,1149=,Shonah,1
,,,,1149=,Shonni,1
,,,,1149=,Shoshana,1
,,,,1149=,Shranpal,1
,,,,1149=,Sianlyn,1
,,,,1149=,Sianon,1
,,,,1149=,Sidonie,1
,,,,1149=,Sidra,1
,,,,1149=,Siena,1
,,,,1149=,Signe,1
,,,,1149=,Silvana,1
,,,,1149=,Sin,1
,,,,1149=,Sinazo,1
,,,,1149=,Siobahn,1
,,,,1149=,Siobhain,1
,,,,1149=,Sioned,1
,,,,1149=,Siouxsie,1
,,,,1149=,Sissy,1
,,,,1149=,Skai,1
,,,,1149=,Skie,1
,,,,1149=,Skyeiona,1
,,,,1149=,Skylar,1
,,,,1149=,Soha,1
,,,,1149=,Sohaila,1
,,,,1149=,Somer,1
,,,,1149=,Sommer,1
,,,,1149=,Soniya,1
,,,,1149=,Sonya,1
,,,,1149=,Sophie-Lee,1
,,,,1149=,Sorrell,1
,,,,1149=,Stacey-Leigh,1
,,,,1149=,Steffane,1
,,,,1149=,Steffanie,1
,,,,1149=,Steffi,1
,,,,1149=,Stefi,1
,,,,1149=,Stephani,1
,,,,1149=,Stephanie-Jayne,1
,,,,1149=,Stephannie,1
,,,,1149=,Stephany,1
,,,,1149=,Stephenie,1
,,,,1149=,Stevie-Ellis,1
,,,,1149=,Stevilee,1
,,,,1149=,Stine,1
,,,,1149=,Storm,1
,,,,1149=,Stormileigh,1
,,,,1149=,Subha,1
,,,,1149=,Suha,1
,,,,1149=,Summan,1
,,,,1149=,Sunday,1
,,,,1149=,Sunha,1
,,,,1149=,Sunita,1
,,,,1149=,Sunnah,1
,,,,1149=,Sunny-Grace,1
,,,,1149=,Surbhi,1
,,,,1149=,Suszanne-Louise,1
,,,,1149=,Suzannah,1
,,,,1149=,Suzie,1
,,,,1149=,Swetha,1
,,,,1149=,Syarifah,1
,,,,1149=,Sydnee,1
,,,,1149=,Sylvhana,1
,,,,1149=,Syra,1
,,,,1149=,Tabatha,1
,,,,1149=,Tahera,1
,,,,1149=,Tahira,1
,,,,1149=,Tahreem,1
,,,,1149=,Tai,1
,,,,1149=,Tain,1
,,,,1149=,Tallulah,1
,,,,1149=,Talor,1
,,,,1149=,Tamania,1
,,,,1149=,Tamanna,1
,,,,1149=,Tamar,1
,,,,1149=,Tami,1
,,,,1149=,Tami-Jayne,1
,,,,1149=,Tamika,1
,,,,1149=,Tamlyn,1
,,,,1149=,Tammara,1
,,,,1149=,Tammie,1
,,,,1149=,Tammy-Lee,1
,,,,1149=,Tammyjoe,1
,,,,1149=,Tamzin,1
,,,,1149=,Tanera,1
,,,,1149=,Tanicha,1
,,,,1149=,Taniya,1
,,,,1149=,Tanja,1
,,,,1149=,Tanvir,1
,,,,1149=,Taraya,1
,,,,1149=,Tasleem,1
,,,,1149=,Tasmin,1
,,,,1149=,Tasnia,1
,,,,1149=,Tasnim,1
,,,,1149=,Tate,1
,,,,1149=,Tayf,1
,,,,1149=,Taylar,1
,,,,1149=,Tazmin,1
,,,,1149=,Teagan,1
,,,,1149=,Teah,1
,,,,1149=,Teegan,1
,,,,1149=,Teghan,1
,,,,1149=,Teia,1
,,,,1149=,Teighan,1
,,,,1149=,Tember,1
,,,,1149=,Teresa,1
,,,,1149=,Teressa,1
,,,,1149=,Teri-Ann,1
,,,,1149=,Terij,1
,,,,1149=,Terri-May,1
,,,,1149=,Tess,1
,,,,1149=,Thai-Lee,1
,,,,1149=,Thalia,1
,,,,1149=,Thania,1
,,,,1149=,Thia,1
,,,,1149=,Thirza,1
,,,,1149=,Tianna,1
,,,,1149=,Tiegan-Jane,1
,,,,1149=,Tina,1
,,,,1149=,Tirath,1
,,,,1149=,Titian,1
,,,,1149=,Titilola,1
,,,,1149=,Tobenna,1
,,,,1149=,Tomeeka,1
,,,,1149=,Toni-Leigh,1
,,,,1149=,Tonicha,1
,,,,1149=,Tonilee,1
,,,,1149=,Tori,1
,,,,1149=,Toria,1
,,,,1149=,Tove,1
,,,,1149=,Tracy,1
,,,,1149=,Trevyn,1
,,,,1149=,Trinidad,1
,,,,1149=,Trinity,1
,,,,1149=,Trisha,1
,,,,1149=,Trudi,1
,,,,1149=,Tubah,1
,,,,1149=,Tulsi,1
,,,,1149=,Tya,1
,,,,1149=,Tyiba,1
,,,,1149=,Tyne,1
,,,,1149=,Uma,1
,,,,1149=,Umaarah,1
,,,,1149=,Umayrah,1
,,,,1149=,Umber,1
,,,,1149=,Umey,1
,,,,1149=,Umia,1
,,,,1149=,Vania,1
,,,,1149=,Vary,1
,,,,1149=,Vega,1
,,,,1149=,Vendela,1
,,,,1149=,Venetia,1
,,,,1149=,Vicki,1
,,,,1149=,Vickie,1
,,,,1149=,Violet,1
,,,,1149=,Vivien,1
,,,,1149=,Vivienne,1
,,,,1149=,Vuyelwa,1
,,,,1149=,Wai,1
,,,,1149=,Wanbing,1
,,,,1149=,Wantanee,1
,,,,1149=,Willa,1
,,,,1149=,Wrenn,1
,,,,1149=,Wynonna,1
,,,,1149=,Xenia,1
,,,,1149=,Xue-Rou,1
,,,,1149=,Yah,1
,,,,1149=,Yara,1
,,,,1149=,Yarrow,1
,,,,1149=,Yasmine-Star,1
,,,,1149=,Yee-Kate,1
,,,,1149=,Yee-San,1
,,,,1149=,Yelaina,1
,,,,1149=,Yevgenya,1
,,,,1149=,Yi,1
,,,,1149=,Yolanda,1
,,,,1149=,Yong-Yin,1
,,,,1149=,Yoo,1
,,,,1149=,Yovela,1
,,,,1149=,Ysanne,1
,,,,1149=,Yve,1
,,,,1149=,Yves,1
,,,,1149=,Yvette,1
,,,,1149=,Zahira,1
,,,,1149=,Zahra'a,1
,,,,1149=,Zaineb,1
,,,,1149=,Zakira,1
,,,,1149=,Zannabelle,1
,,,,1149=,Zara-Louise,1
,,,,1149=,Zarafshan,1
,,,,1149=,Zarina,1
,,,,1149=,Zavanna,1
,,,,1149=,Zavijava,1
,,,,1149=,Zaynah,1
,,,,1149=,Zeba,1
,,,,1149=,Zebunissa,1
,,,,1149=,Zeinab,1
,,,,1149=,Zenab,1
,,,,1149=,Zenaib,1
,,,,1149=,Zenib,1
,,,,1149=,Zenub,1
,,,,1149=,Zhane,1
,,,,1149=,Zhara,1
,,,,1149=,Zin,1
,,,,1149=,Zobia,1
,,,,1149=,Zoe-Anne,1
,,,,1149=,Zoe-Marie,1
,,,,1149=,Zoey-Ann,1
,,,,1149=,Zowie,1
,,,,1149=,Zsofia,1
,,,,1149=,Zuhrah,1
,,,,1149=,Zulekhan,1
,,,,,,
� Crown Copyright 2015,,,,,,
