Babies' first forenames: births registered in Scotland in 1982,,,,,,
,,,,,,
Information about the basis of the list can be found via the 'Babies' First Names' page on the National Records of Scotland website.,,,,,,
,,,,,,
Boys,,,,Girls,,
,,,,,,
Position,Name,Number of babies,,Position,Name,Number of babies
1,David,1856,,1,Laura,1111
2,Christopher,1406,,2,Claire,982
3,John,1298,,3,Lisa,808
4,Andrew,1197,,4,Nicola,726
5,James,1098,,5,Michelle,704
6,Paul,1012,,6,Sarah,683
7,Steven,894,,7,Jennifer,648
8,Craig,849,,8,Louise,645
9,Scott,781,,9,Emma,599
10,Mark,763,,10,Kirsty,510
11,Michael,741,,11,Fiona,498
12,Robert,740,,12,Karen,479
13,Kevin,716,,13,Gillian,476
14,Stuart,663,,14,Donna,378
15,William,599,,15,Kelly,373
16,Alan,594,,16,Victoria,348
17,Stephen,587,,17,Susan,342
18,Gary,519,,18,Julie,338
19,Ross,514,,19,Gemma,329
20,Martin,472,,20,Angela,314
21=,Colin,440,,21=,Amanda,313
21=,Richard,440,,21=,Lynsey,313
23,Thomas,420,,23,Alison,285
24,Brian,412,,24,Pamela,280
25,Barry,401,,25,Leanne,278
26,Neil,389,,26,Caroline,273
27,Graeme,377,,27,Sharon,265
28,Gordon,342,,28,Natalie,255
29,Ian,341,,29,Suzanne,253
30,Iain,334,,30=,Elaine,249
31,Peter,326,,30=,Jacqueline,249
32,Darren,299,,30=,Joanne,249
33,Alexander,290,,33,Lesley,230
34,Jamie,287,,34,Deborah,228
35,Ryan,285,,35,Catherine,224
36,Graham,279,,36,Cheryl,219
37,Jonathan,275,,37,Elizabeth,208
38=,Derek,257,,38,Lynne,201
38=,Kenneth,257,,39,Kerry,198
40,Daniel,249,,40,Lorraine,185
41,Allan,246,,41,Tracy,181
42,Matthew,214,,42=,Lindsay,179
43=,Gavin,210,,42=,Rebecca,179
43=,Lee,210,,44,Charlene,178
45,Stewart,199,,45,Lorna,174
46=,Douglas,187,,46,Rachel,171
46=,George,187,,47,Clare,170
48,Sean,184,,48=,Heather,169
49,Nicholas,182,,48=,Lynn,169
50,Simon,165,,50,Debbie,167
51,Fraser,158,,51,Stephanie,162
52,Keith,151,,52,Kimberley,161
53=,Anthony,140,,53,Stacey,142
53=,Joseph,140,,54,Christine,140
55,Adam,139,,55=,Helen,139
56,Gareth,134,,55=,Margaret,139
57,Grant,133,,57,Yvonne,138
58,Bryan,131,,58,Lauren,136
59=,Duncan,119,,59=,Carol,133
59=,Philip,119,,59=,Samantha,133
61,Euan,116,,61,Dawn,132
62,Alistair,115,,62,Amy,126
63,Garry,114,,63,Pauline,125
64,Ewan,112,,64=,Linda,122
65=,Charles,108,,64=,Paula,122
65=,Edward,108,,66,Ashley,120
67,Jason,105,,67,Catriona,112
68,Marc,104,,68,Diane,110
69,Shaun,99,,69,Shona,109
70=,Donald,97,,70,Lyndsey,108
70=,Russell,97,,71,Anne,106
72=,Alastair,95,,72=,Jill,105
72=,Patrick,95,,72=,Mary,105
74,Calum,89,,74,Anna,100
75,Liam,85,,75=,Hazel,98
76,Alasdair,81,,75=,Sara,98
77,Greg,77,,77,Jane,96
78=,Callum,73,,78=,Kathryn,95
78=,Raymond,73,,78=,Tracey,95
80,Benjamin,70,,80,Denise,94
81,Gerard,69,,81,Ruth,92
82,Malcolm,67,,82=,Kim,89
83,Cameron,64,,82=,Marie,89
84,Aaron,58,,84,Kathleen,88
85,Ronald,57,,85,Andrea,87
86,Bruce,56,,86=,Joanna,86
87=,Greig,55,,86=,Linsey,86
87=,Lewis,55,,88,Katrina,84
89,Francis,54,,89=,Carrie,82
90=,Dean,53,,89=,Danielle,82
90=,Gregor,53,,89=,Katherine,82
90=,Niall,53,,92,Mhairi,81
93,Jordan,51,,93,Christina,78
94=,Kris,50,,94,Lucy,77
94=,Martyn,50,,95,Jillian,75
96=,Robin,48,,96,Melanie,73
96=,Samuel,48,,97=,Lee,72
98=,Blair,47,,97=,Natasha,72
98=,Hugh,47,,99,Gail,71
98=,Mohammed,47,,100=,Eilidh,70
98=,Murray,47,,100=,Lindsey,70
98=,Wayne,47,,100=,Wendy,70
103,Rory,44,,103=,Alana,69
104,Kristopher,41,,103=,Hannah,69
105,Adrian,35,,105,Vicky,68
106,Angus,33,,106,Katie,67
107=,Ben,32,,107,Patricia,65
107=,Dale,32,,108=,Ann,64
109,Gerald,31,,108=,Melissa,64
110,Mohammad,30,,110=,Arlene,63
111,Kristoffer,29,,110=,Hayley,63
112=,Owen,28,,110=,Nichola,63
112=,Timothy,28,,113,Emily,61
114=,Barrie,27,,114,Lyndsay,60
114=,Jon,27,,115=,Frances,59
116,Roderick,25,,115=,Gayle,59
117=,Kieran,24,,115=,Mandy,59
117=,Terry,24,,115=,Nicole,59
119,Kristofer,23,,119,Maria,57
120,Oliver,22,,120=,Eleanor,56
121=,Eric,21,,120=,Zoe,56
121=,Norman,21,,122,Aileen,55
123=,Henry,20,,123,Rhona,53
123=,Luke,20,,124,Leigh,52
123=,Mathew,20,,125,Mairi,51
126,Campbell,19,,126=,Leeanne,50
127=,Antony,18,,126=,Marion,50
127=,Dominic,18,,128=,Kirsten,49
127=,Gregory,18,,128=,Shelley,49
127=,Terence,18,,130,Clair,48
131=,Brendan,17,,131=,Adele,47
131=,Finlay,17,,131=,Vicki,47
131=,Frank,17,,133=,Louisa,44
131=,Frazer,17,,133=,Rachael,44
131=,Kyle,17,,135=,Erin,43
136=,Damien,16,,135=,Julia,43
136=,Roy,16,,135=,Sandra,43
138=,Damian,15,,138,Lee-Anne,42
138=,Darran,15,,139=,Cara,41
138=,Gregg,15,,139=,Lynda,41
138=,Tony,15,,139=,Lynsay,41
142=,Alisdair,14,,142=,Carolyn,40
142=,Alister,14,,142=,Judith,40
142=,Drew,14,,142=,Siobhan,40
142=,Ewen,14,,142=,Stacy,40
142=,Geoffrey,14,,146=,Kate,39
142=,Glenn,14,,146=,Sally,39
142=,Hamish,14,,146=,Vikki,39
142=,Leon,14,,149=,Alexandra,38
142=,Leslie,14,,149=,Ashleigh,38
142=,Lloyd,14,,151,Allison,36
142=,Vincent,14,,152,Leona,35
142=,Wesley,14,,153,Kimberly,34
154=,Ashley,13,,154=,Janine,33
154=,Harry,13,,154=,Lianne,33
154=,Imran,13,,154=,Marianne,33
154=,Jack,13,,154=,Nadia,33
154=,Jay,13,,158=,Jodie,32
154=,Justin,13,,158=,Leeann,32
154=,Leigh,13,,158=,Shirley,32
154=,Lindsay,13,,161=,Jemma,31
154=,Nathan,13,,161=,Leah,31
154=,Sandy,13,,163=,Barbara,30
154=,Scot,13,,163=,Beverley,30
165=,Dennis,12,,163=,Carla,30
165=,Karl,12,,163=,Kirsteen,30
165=,Ricky,12,,167=,Carole,29
168=,Bernard,11,,167=,Morag,29
168=,Billy,11,,167=,Rosemary,29
168=,Elliot,11,,170=,Colette,28
168=,Kenny,11,,170=,Jade,28
168=,Neal,11,,170=,Jenna,28
168=,Omar,11,,170=,Kirstin,28
168=,Phillip,11,,170=,Nikki,28
168=,Shane,11,,175=,Iona,27
176=,Aidan,10,,175=,Janet,27
176=,Clark,10,,177=,Alexis,26
176=,Denis,10,,177=,Audrey,26
176=,Guy,10,,177=,Charlotte,26
176=,Jeremy,10,,177=,Jessica,26
176=,Mitchell,10,,177=,Katy,26
176=,Morgan,10,,177=,Tammy,26
183=,Alex,9,,177=,Theresa,26
183=,Bryce,9,,184=,Debra,25
183=,Danny,9,,184=,Jean,25
183=,Innes,9,,184=,Kara,25
183=,Jacob,9,,184=,Selina,25
183=,Joe,9,,188=,Carly,24
183=,Jonathon,9,,188=,Erica,24
183=,Keir,9,,188=,Kerrie,24
183=,Murdo,9,,188=,Lara,24
183=,Nicolas,9,,188=,Lyn,24
183=,Nikki,9,,188=,Maureen,24
183=,Robbie,9,,188=,Morven,24
183=,Roger,9,,188=,Nadine,24
183=,Stefan,9,,188=,Naomi,24
183=,Trevor,9,,188=,Valerie,24
198=,Ali,8,,198=,Ailsa,23
198=,Allen,8,,198=,Chloe,23
198=,Asif,8,,198=,Colleen,23
198=,Bradley,8,,198=,Eileen,23
198=,Chris,8,,198=,Evelyn,23
198=,Desmond,8,,198=,Janice,23
198=,Jeffrey,8,,198=,Lee-Ann,23
198=,Joel,8,,205=,Abigail,22
198=,Kirk,8,,205=,Veronica,22
198=,Lawrence,8,,207=,Alyson,21
198=,Leo,8,,207=,Georgina,21
198=,Neale,8,,207=,Linsay,21
198=,Ruairidh,8,,207=,Susanne,21
198=,Sam,8,,211=,Alice,20
198=,Steve,8,,211=,Jan,20
198=,Walter,8,,211=,Josephine,20
198=,Warren,8,,211=,Lynette,20
215=,Albert,7,,211=,Sheena,20
215=,Arran,7,,216=,Anne-Marie,19
215=,Austin,7,,216=,Annmarie,19
215=,Brett,7,,216=,Eve,19
215=,Carl,7,,216=,Faye,19
215=,Ciaran,7,,216=,Geraldine,19
215=,Darryl,7,,216=,June,19
215=,Darryn,7,,216=,Lana,19
215=,Daryl,7,,216=,Sonia,19
215=,Glen,7,,216=,Sophie,19
215=,Kerr,7,,216=,Stefanie,19
215=,Kieron,7,,226=,Dionne,18
215=,Laurence,7,,226=,Isla,18
215=,Marcus,7,,226=,Jayne,18
215=,Neill,7,,226=,Kerri,18
215=,Nigel,7,,226=,Kirstie,18
215=,Niki,7,,231=,Ann-Marie,17
215=,Ritchie,7,,231=,Annette,17
215=,Ronnie,7,,231=,Bernadette,17
215=,Ruaridh,7,,231=,Jaclyn,17
215=,Tristan,7,,231=,Linzi,17
236=,Alfred,6,,231=,Miriam,17
236=,Amar,6,,231=,Sarah-Jane,17
236=,Christian,6,,231=,Teresa,17
236=,Crawford,6,,239=,Ellen,16
236=,Derrick,6,,239=,Grace,16
236=,Don,6,,239=,Isobel,16
236=,Evan,6,,239=,Karin,16
236=,Fergus,6,,239=,Kay,16
236=,Gillan,6,,239=,Nina,16
236=,Jaime,6,,239=,Tanya,16
236=,Jan,6,,239=,Tara,16
236=,Joshua,6,,239=,Zara,16
236=,Leonard,6,,248=,Aimee,15
236=,Magnus,6,,248=,Ainsley,15
236=,Marco,6,,248=,Cherie,15
236=,Mario,6,,248=,Dianne,15
236=,Mohamed,6,,248=,Gwen,15
236=,Muhammad,6,,248=,Hilary,15
236=,Nicky,6,,248=,Holly,15
236=,Struan,6,,248=,Irene,15
256=,Ahmed,5,,248=,Lesley-Anne,15
256=,Antonio,5,,248=,Robyn,15
256=,Archibald,5,,258=,Alanna,14
256=,Asim,5,,258=,Catrina,14
256=,Bobby,5,,258=,Esther,14
256=,Chi,5,,258=,Felicity,14
256=,Dario,5,,258=,Jenny,14
256=,Deryck,5,,258=,Jody,14
256=,Duane,5,,258=,Katharine,14
256=,Eamonn,5,,258=,Kelly-Anne,14
256=,Erik,5,,258=,Keri,14
256=,Frederick,5,,258=,Sharlene,14
256=,Gilbert,5,,258=,Sheila,14
256=,Johnny,5,,258=,Simone,14
256=,Laurie,5,,258=,Tina,14
256=,Lorne,5,,258=,Toni,14
256=,Louis,5,,272=,Elspeth,13
256=,Nikolas,5,,272=,Kelly-Ann,13
256=,Rhys,5,,272=,Lesley-Ann,13
256=,Riccardo,5,,272=,Maxine,13
256=,Ronan,5,,272=,Michele,13
256=,Rowan,5,,272=,Ria,13
256=,Syed,5,,272=,Sylvia,13
256=,Tom,5,,279=,Allana,12
256=,Usman,5,,279=,Amber,12
281=,Abdul,4,,279=,Collette,12
281=,Abid,4,,279=,Diana,12
281=,Ahmad,4,,279=,Helena,12
281=,Arron,4,,279=,Jo-Anne,12
281=,Arthur,4,,279=,Joan,12
281=,Chad,4,,279=,Jodi,12
281=,Chun,4,,279=,Jolene,12
281=,Darrell,4,,279=,Vanessa,12
281=,Edwin,4,,279=,Vivien,12
281=,Gerrard,4,,290=,Candice,11
281=,Irfan,4,,290=,Carolanne,11
281=,Jackie,4,,290=,Charmaine,11
281=,Jaimie,4,,290=,Dana,11
281=,Jody,4,,290=,Gaynor,11
281=,Johnathan,4,,290=,Johanne,11
281=,Julian,4,,290=,Joy,11
281=,Karim,4,,290=,Joyce,11
281=,Kelly,4,,290=,Keira,11
281=,Kristofor,4,,290=,Laurie,11
281=,Lachlan,4,,290=,Leigh-Ann,11
281=,Man,4,,290=,Monica,11
281=,Maurice,4,,290=,Rosalind,11
281=,Naveed,4,,290=,Rose,11
281=,Ralph,4,,290=,Sheryl,11
281=,Ramsay,4,,290=,Tamara,11
281=,Ranald,4,,306=,Alexa,10
281=,Ray,4,,306=,Anita,10
281=,Rehan,4,,306=,Francesca,10
281=,Roddy,4,,306=,Kellie,10
281=,Roland,4,,306=,Kerry-Anne,10
281=,Spencer,4,,306=,Kristen,10
281=,Tobias,4,,306=,Kylie,10
281=,Tomas,4,,306=,Lisa-Marie,10
281=,Wai,4,,306=,Martha,10
315=,Abdullah,3,,306=,Megan,10
315=,Adil,3,,306=,Moira,10
315=,Adnan,3,,306=,Roisin,10
315=,Aftab,3,,306=,Sian,10
315=,Aiden,3,,319=,Agnes,9
315=,Alick,3,,319=,Antonia,9
315=,Allister,3,,319=,Bryony,9
315=,Ashraf,3,,319=,Cassandra,9
315=,Balal,3,,319=,Coleen,9
315=,Clarke,3,,319=,Johanna,9
315=,Clayton,3,,319=,Joni,9
315=,Cornelius,3,,319=,Karyn,9
315=,Daren,3,,319=,Kristin,9
315=,Daryn,3,,319=,Lois,9
315=,Declan,3,,319=,Miranda,9
315=,Dugald,3,,319=,Rhiannon,9
315=,Dylan,3,,319=,Sabrina,9
315=,Eamon,3,,319=,Sheree,9
315=,Eugene,3,,319=,Terri,9
315=,Farhan,3,,319=,Vickie,9
315=,Findlay,3,,335=,Aisha,8
315=,Forbes,3,,335=,Carol-Anne,8
315=,Garreth,3,,335=,Carrie-Anne,8
315=,Gerry,3,,335=,Connie,8
315=,Jodi,3,,335=,Davina,8
315=,Jodie,3,,335=,Dee,8
315=,John-Paul,3,,335=,Elinor,8
315=,Jordon,3,,335=,Eva,8
315=,Juan,3,,335=,Evonne,8
315=,Kamran,3,,335=,Fay,8
315=,Keiran,3,,335=,Janette,8
315=,Kenan,3,,335=,Julie-Anne,8
315=,Kevan,3,,335=,Kaye,8
315=,Keven,3,,335=,Leila,8
315=,Lawrance,3,,335=,Philippa,8
315=,Lawrie,3,,335=,Stella,8
315=,Leroy,3,,335=,Wilma,8
315=,Lyall,3,,352=,Adelle,7
315=,Lyle,3,,352=,Annemarie,7
315=,Maxwell,3,,352=,April,7
315=,Mohd,3,,352=,Becky,7
315=,Nadeem,3,,352=,Beth,7
315=,Nicki,3,,352=,Carol-Ann,7
315=,Osman,3,,352=,Carolann,7
315=,Ravi,3,,352=,Carrie-Ann,7
315=,Rodger,3,,352=,Dorothy,7
315=,Rodney,3,,352=,Emma-Louise,7
315=,Ruari,3,,352=,Haley,7
315=,Sandeep,3,,352=,Heidi,7
315=,Shabaz,3,,352=,Isabel,7
315=,Stanley,3,,352=,Jamie,7
315=,Stefano,3,,352=,Julie-Ann,7
315=,Stevie,3,,352=,Lori,7
315=,Sunil,3,,352=,Lucinda,7
315=,Tariq,3,,352=,Marina,7
315=,Toby,3,,352=,Rona,7
315=,Tommy,3,,352=,Rosalyn,7
315=,Victor,3,,352=,Rosemarie,7
315=,Yusuf,3,,352=,Sharleen,7
374=,Alun,2,,352=,Sharron,7
374=,Alvin,2,,352=,Sheona,7
374=,Ameer,2,,352=,Sinead,7
374=,Andreas,2,,352=,Sophia,7
374=,Andres,2,,378=,Alaina,6
374=,Andy,2,,378=,Amelia,6
374=,Anton,2,,378=,Avril,6
374=,Arif,2,,378=,Carina,6
374=,Athol,2,,378=,Carmen,6
374=,Atif,2,,378=,Cecilia,6
374=,Bari,2,,378=,Clara,6
374=,Benedict,2,,378=,Erika,6
374=,Brad,2,,378=,Gina,6
374=,Brenden,2,,378=,Jacquelyn,6
374=,Brent,2,,378=,Jilly,6
374=,Brydon,2,,378=,Judy,6
374=,Burhan,2,,378=,Karla,6
374=,Cairn,2,,378=,Kelli,6
374=,Calvin,2,,378=,Kristina,6
374=,Carlo,2,,378=,Laura-Jane,6
374=,Carlos,2,,378=,Lea,6
374=,Carrick,2,,378=,Lena,6
374=,Clifford,2,,378=,Liane,6
374=,Corrie,2,,378=,Lydia,6
374=,Darroch,2,,378=,Madeleine,6
374=,Derick,2,,378=,Marlene,6
374=,Deryk,2,,378=,Marnie,6
374=,Domenic,2,,378=,Martina,6
374=,Donovan,2,,378=,Monique,6
374=,Dwain,2,,378=,Nikola,6
374=,Edmond,2,,378=,Noreen,6
374=,Elliott,2,,378=,Rhea,6
374=,Ellis,2,,378=,Rhoda,6
374=,Ernest,2,,378=,Roslyn,6
374=,Errol,2,,378=,Rowan,6
374=,Faisal,2,,378=,Rowena,6
374=,Gino,2,,378=,Roxanne,6
374=,Giulio,2,,378=,Shazia,6
374=,Grahame,2,,378=,Sonya,6
374=,Gurdeep,2,,378=,Tamsin,6
374=,Harvey,2,,378=,Vivienne,6
374=,Hector,2,,378=,Yvette,6
374=,Houston,2,,416=,Abbie,5
374=,Huw,2,,416=,Abby,5
374=,Isaac,2,,416=,Adrienne,5
374=,Jackson,2,,416=,Alicia,5
374=,Jai,2,,416=,Angelina,5
374=,Jalal,2,,416=,Asha,5
374=,Jared,2,,416=,Camilla,5
374=,Jeff,2,,416=,Charleen,5
374=,Jim,2,,416=,Corinne,5
374=,Johannes,2,,416=,Elena,5
374=,Johnnie,2,,416=,Harriet,5
374=,Julius,2,,416=,Ingrid,5
374=,Kashif,2,,416=,Isabella,5
374=,Kasif,2,,416=,Janis,5
374=,Kelvin,2,,416=,Jocelyn,5
374=,Kim,2,,416=,Jordana,5
374=,Kin,2,,416=,Justine,5
374=,Kristian,2,,416=,Kari,5
374=,Leighton,2,,416=,Karina,5
374=,Logan,2,,416=,Kerry-Ann,5
374=,Malik,2,,416=,Kiera,5
374=,Mandeep,2,,416=,Kyla,5
374=,Max,2,,416=,Lea-Anne,5
374=,Micheil,2,,416=,Leann,5
374=,Miles,2,,416=,Leighann,5
374=,Mohsin,2,,416=,Lissa,5
374=,Moray,2,,416=,Liza,5
374=,Muir,2,,416=,Margo,5
374=,Myles,2,,416=,Marilyn,5
374=,Nairn,2,,416=,Marisa,5
374=,Nasir,2,,416=,Marissa,5
374=,Nathaniel,2,,416=,Maryann,5
374=,Neville,2,,416=,Mellissa,5
374=,Nial,2,,416=,Mhari,5
374=,Nicol,2,,416=,Michaela,5
374=,Nikolaos,2,,416=,Morna,5
374=,Nikolaus,2,,416=,Myra,5
374=,Noel,2,,416=,Olivia,5
374=,Omer,2,,416=,Polly,5
374=,Parvez,2,,416=,Rhian,5
374=,Rael,2,,416=,Roseanne,5
374=,Ramsey,2,,416=,Sadia,5
374=,Rankin,2,,416=,Saima,5
374=,Razwan,2,,416=,Shareen,5
374=,Rehman,2,,416=,Sharyn,5
374=,Richie,2,,416=,Shonagh,5
374=,Ricki,2,,416=,Sonja,5
374=,Rikki,2,,416=,Tania,5
374=,Roberto,2,,416=,Uzma,5
374=,Rodric,2,,465=,Adriana,4
374=,Rohan,2,,465=,Afshan,4
374=,Ruaraidh,2,,465=,Ailidh,4
374=,Saif,2,,465=,Ailie,4
374=,Saqib,2,,465=,Alexandria,4
374=,Sebastian,2,,465=,Allyson,4
374=,Shahid,2,,465=,Amina,4
374=,Shawn,2,,465=,Andrena,4
374=,Shehzad,2,,465=,Andrina,4
374=,Sikander,2,,465=,Angie,4
374=,Sinclair,2,,465=,Annabel,4
374=,Sohail,2,,465=,Bonnie,4
374=,Stephan,2,,465=,Caryn,4
374=,Stevan,2,,465=,Cassie,4
374=,Sylvester,2,,465=,Charis,4
374=,Tarik,2,,465=,Ciara,4
374=,Thorfinn,2,,465=,Cindy,4
374=,Tuan,2,,465=,Constance,4
374=,Umar,2,,465=,Cora,4
374=,Vance,2,,465=,Dale,4
374=,Vernon,2,,465=,Darlene,4
374=,Vijay,2,,465=,Debby,4
374=,Wallace,2,,465=,Elise,4
374=,Waseem,2,,465=,Eloise,4
374=,Wei,2,,465=,Flora,4
374=,Wilson,2,,465=,Inga,4
374=,Wing,2,,465=,Jackie,4
374=,Yun,2,,465=,Janie,4
374=,Zachary,2,,465=,Janna,4
374=,Zahid,2,,465=,Jenifer,4
374=,Zeeshan,2,,465=,Juliet,4
496=,Abbas,1,,465=,Karly,4
496=,Abdal,1,,465=,Kerryanne,4
496=,Abdalwhab,1,,465=,Kristy,4
496=,Abed,1,,465=,Layla,4
496=,Abnan,1,,465=,Leighanne,4
496=,Abu,1,,465=,Leisa,4
496=,Achyut,1,,465=,Lia,4
496=,Adair,1,,465=,Lisa-Ann,4
496=,Adekunle,1,,465=,Lucia,4
496=,Adewale,1,,465=,Luisa,4
496=,Adrain,1,,465=,Lynnette,4
496=,Adriano,1,,465=,Mari,4
496=,Aedan,1,,465=,Marie-Claire,4
496=,Aeneas,1,,465=,Michela,4
496=,Afzal,1,,465=,Penny,4
496=,Ahamed,1,,465=,Rachelle,4
496=,Ahmade,1,,465=,Rhonda,4
496=,Ahren,1,,465=,Rosslyn,4
496=,Ahsan-Ul-Haq,1,,465=,Salma,4
496=,Ahshan,1,,465=,Sandie,4
496=,Ahsif,1,,465=,Sarah-Anne,4
496=,Aidrian,1,,465=,Sarah-Jayne,4
496=,Ailean,1,,465=,Selena,4
496=,Ainsley,1,,465=,Seonaid,4
496=,Akash,1,,465=,Serena,4
496=,Akemkar,1,,465=,Shelly,4
496=,Akhbar,1,,465=,Sofia,4
496=,Akintayo,1,,465=,Susanna,4
496=,Al-Farrazdak,1,,465=,Suzanna,4
496=,Alaa,1,,465=,Teri,4
496=,Alain,1,,465=,Thea,4
496=,Albbari,1,,465=,Tracie,4
496=,Alec,1,,465=,Verity,4
496=,Aleem,1,,465=,Yasmin,4
496=,Alen,1,,530=,Aimi,3
496=,Alessandro,1,,530=,Alisha,3
496=,Alexandre,1,,530=,Amal,3
496=,Alexis,1,,530=,Ami,3
496=,Allhan,1,,530=,Anika,3
496=,Allin,1,,530=,Annie,3
496=,Allisdair,1,,530=,Ashlie,3
496=,Altaf,1,,530=,Astrid,3
496=,Alyn,1,,530=,Belinda,3
496=,Ameerali,1,,530=,Beverly,3
496=,Amer,1,,530=,Bianca,3
496=,Amin,1,,530=,Bobbie,3
496=,Aminulhakim,1,,530=,Brenda,3
496=,Amir,1,,530=,Bridget,3
496=,Amit,1,,530=,Brooke,3
496=,Amjad,1,,530=,Caren,3
496=,Anas,1,,530=,Carin,3
496=,Anastasios,1,,530=,Carleen,3
496=,Anderson,1,,530=,Carolynn,3
496=,Anh,1,,530=,Caron,3
496=,Anil,1,,530=,Cathleen,3
496=,Anis,1,,530=,Cathy,3
496=,Ann,1,,530=,Celeste,3
496=,Anson,1,,530=,Ceri,3
496=,Antoni,1,,530=,Cheri,3
496=,Antoon,1,,530=,Chevonne,3
496=,Anwar,1,,530=,Chiara,3
496=,Aonghas,1,,530=,Christy,3
496=,Aqib,1,,530=,Claudia,3
496=,Archie,1,,530=,Corrina,3
496=,Ardalan,1,,530=,Crystal,3
496=,Arfan,1,,530=,Daisy,3
496=,Arfhan,1,,530=,Daniela,3
496=,Arian,1,,530=,Donna-Marie,3
496=,Arman,1,,530=,Doreen,3
496=,Armand,1,,530=,Edith,3
496=,Arnout,1,,530=,Elisa,3
496=,Aron,1,,530=,Faith,3
496=,Arsif,1,,530=,Gabrielle,3
496=,Arun,1,,530=,Hanna,3
496=,Arvind,1,,530=,Helene,3
496=,Ased,1,,530=,Iram,3
496=,Aseem,1,,530=,Ishbel,3
496=,Asher,1,,530=,Jasmine,3
496=,Asief,1,,530=,Jo-Ann,3
496=,Asjad,1,,530=,Johan,3
496=,Asman,1,,530=,Johann,3
496=,Athelstan,1,,530=,Julieann,3
496=,Atholl,1,,530=,Julieanne,3
496=,Attif,1,,530=,Karoline,3
496=,Augustin,1,,530=,Kathrine,3
496=,Aumar,1,,530=,Katriona,3
496=,Austen,1,,530=,Kelda,3
496=,Avnish,1,,530=,Kellyann,3
496=,Azam,1,,530=,Kenna,3
496=,Azhar,1,,530=,Kirstine,3
496=,Azher,1,,530=,Kristeen,3
496=,Azim,1,,530=,Kristine,3
496=,Azzam,1,,530=,Laura-Anne,3
496=,Babak,1,,530=,Laura-Marie,3
496=,Babu,1,,530=,Leonna,3
496=,Bahri,1,,530=,Leslie,3
496=,Baktosch,1,,530=,Lillian,3
496=,Balfour,1,,530=,Lisamarie,3
496=,Bang,1,,530=,Loraine,3
496=,Barclay,1,,530=,Lucie,3
496=,Barie,1,,530=,Lynn-Marie,3
496=,Barry-John,1,,530=,Maree,3
496=,Basil,1,,530=,Marjory,3
496=,Behrooz,1,,530=,May,3
496=,Benedetto,1,,530=,Mechelle,3
496=,Bennett,1,,530=,Najma,3
496=,Berwyn,1,,530=,Nancy,3
496=,Bevan,1,,530=,Natalia,3
496=,Bhen,1,,530=,Nazia,3
496=,Bhupinder,1,,530=,Norma,3
496=,Billy-Blue,1,,530=,Nosheen,3
496=,Billyjoe,1,,530=,Nyssa,3
496=,Binh,1,,530=,Penelope,3
496=,Bjorn,1,,530=,Priya,3
496=,Blaine,1,,530=,Roberta,3
496=,Blake,1,,530=,Rosaleen,3
496=,Bleu,1,,530=,Rosanna,3
496=,Boyd,1,,530=,Rozlyn,3
496=,Bradbury,1,,530=,Sacha,3
496=,Bradlay,1,,530=,Samara,3
496=,Bram,1,,530=,Sameena,3
496=,Brandon,1,,530=,Sasha,3
496=,Brien,1,,530=,Shabana,3
496=,Brodie,1,,530=,Shanna,3
496=,Brooke,1,,530=,Shereen,3
496=,Bruxe,1,,530=,Shiona,3
496=,Bryant,1,,530=,Siobhain,3
496=,Burt,1,,530=,Susannah,3
496=,Cabrini,1,,530=,Tessa,3
496=,Cailien,1,,530=,Toyah,3
496=,Caimbeul,1,,530=,Trudy,3
496=,Calder,1,,530=,Vari,3
496=,Casey,1,,530=,Yasmeen,3
496=,Caspar,1,,530=,Zeenat,3
496=,Catherine,1,,630=,Abbi,2
496=,Cesare,1,,630=,Abda,2
496=,Chace,1,,630=,Ainslie,2
496=,Chalmers,1,,630=,Aisling,2
496=,Chares,1,,630=,Alannah,2
496=,Che,1,,630=,Alethea,2
496=,Chee,1,,630=,Aliah,2
496=,Chi-Wing,1,,630=,Alix,2
496=,Chien,1,,630=,Allanna,2
496=,Chimaobi,1,,630=,Alma,2
496=,Chinda,1,,630=,Alysha,2
496=,Chong,1,,630=,Amira,2
496=,Chor,1,,630=,Amrit,2
496=,Chrisopher,1,,630=,Aneesa,2
496=,Christian-James,1,,630=,Anji,2
496=,Christie,1,,630=,Annabelle,2
496=,Christos,1,,630=,Annamarie,2
496=,Chrys,1,,630=,Anthea,2
496=,Chuk,1,,630=,Arianna,2
496=,Chung,1,,630=,Ashlee,2
496=,Ciaron,1,,630=,Asia,2
496=,Cliff,1,,630=,Autumn,2
496=,Clive,1,,630=,Ayesha,2
496=,Cochran,1,,630=,Aynsley,2
496=,Colby,1,,630=,Ban,2
496=,Cole,1,,630=,Bernice,2
496=,Collin,1,,630=,Bethan,2
496=,Colum,1,,630=,Briony,2
496=,Connell,1,,630=,Britt,2
496=,Connor,1,,630=,Bronwyn,2
496=,Conrad,1,,630=,Caitlin,2
496=,Coong,1,,630=,Camille,2
496=,Cormac,1,,630=,Caragh,2
496=,Cory,1,,630=,Careen,2
496=,Cowan,1,,630=,Carlene,2
496=,Cristopher,1,,630=,Carlyn,2
496=,Cue,1,,630=,Carlynn,2
496=,Cyril,1,,630=,Caroleann,2
496=,Daley,1,,630=,Carys,2
496=,Damiano,1,,630=,Cathrine,2
496=,Damilola,1,,630=,Chantelle,2
496=,Damon,1,,630=,Charise,2
496=,Danial,1,,630=,Cher,2
496=,Daniele,1,,630=,Cherly,2
496=,Darian,1,,630=,Cherry,2
496=,Dariush,1,,630=,Cheryl-Ann,2
496=,Darmaveer,1,,630=,Cheryle,2
496=,Darrel,1,,630=,Clare-Louise,2
496=,Darrin,1,,630=,Clementine,2
496=,Darrol,1,,630=,Corina,2
496=,Darryll,1,,630=,Corrine,2
496=,David-John,1,,630=,Cristina,2
496=,David-Lee,1,,630=,Danna,2
496=,Daviditha,1,,630=,Dara,2
496=,Davidson,1,,630=,David,2
496=,Davin,1,,630=,Debora,2
496=,Davis,1,,630=,Deborah-Anne,2
496=,Dawide,1,,630=,Deeba,2
496=,Dawit,1,,630=,Deirdre,2
496=,Dayle,1,,630=,Denice,2
496=,De,1,,630=,Diann,2
496=,Dean-Sebastian,1,,630=,Dione,2
496=,Deane,1,,630=,Donalda,2
496=,Debashish,1,,630=,Dyan,2
496=,Deepankar,1,,630=,Dympna,2
496=,Deeptarka,1,,630=,Ella,2
496=,Del,1,,630=,Elsa,2
496=,Dene,1,,630=,Emilie,2
496=,Denholm,1,,630=,Emma-Jane,2
496=,Denny,1,,630=,Emma-Marie,2
496=,Derik,1,,630=,Esme,2
496=,Dermot,1,,630=,Fallon,2
496=,Derri,1,,630=,Farah,2
496=,Derwin,1,,630=,Farzana,2
496=,Dez,1,,630=,Fatima,2
496=,Dharmveer,1,,630=,Fern,2
496=,Diarmaid,1,,630=,Francine,2
496=,Diarmid,1,,630=,Freda,2
496=,Diederick,1,,630=,Freya,2
496=,Diego,1,,630=,Gabriella,2
496=,Dildar,1,,630=,Gael,2
496=,Dirom,1,,630=,Georgia,2
496=,Dominick,1,,630=,Georgie,2
496=,Doneil,1,,630=,Gioia,2
496=,Donnie,1,,630=,Gulnaz,2
496=,Donny,1,,630=,Hailey,2
496=,Dougal,1,,630=,Harpreet,2
496=,Dougald,1,,630=,Henrietta,2
496=,Dru,1,,630=,Ilanna,2
496=,Drummond,1,,630=,Ilona,2
496=,Duart,1,,630=,Imogen,2
496=,Dudley,1,,630=,Iraina,2
496=,Duffy,1,,630=,Isabelle,2
496=,Dustyn,1,,630=,Islay,2
496=,Dwayne,1,,630=,Jacqui,2
496=,Eamin,1,,630=,Jaime,2
496=,Eann,1,,630=,Janina,2
496=,Earl,1,,630=,Jatinder,2
496=,Easten,1,,630=,Jemima,2
496=,Eddie,1,,630=,Jessie,2
496=,Edgar,1,,630=,Joann,2
496=,Edmund,1,,630=,Joyti,2
496=,Edric,1,,630=,Julianne,2
496=,Eduardo,1,,630=,Juliette,2
496=,Elgan,1,,630=,Katey,2
496=,Eli,1,,630=,Kelley,2
496=,Eliot,1,,630=,Kelly-Marie,2
496=,Elsen,1,,630=,Kellyanne,2
496=,Elvis,1,,630=,Kellymarie,2
496=,Elwyn,1,,630=,Kerri-Ann,2
496=,Emele,1,,630=,Kerryann,2
496=,Enayetur,1,,630=,Khadija,2
496=,Enrico,1,,630=,Kira,2
496=,Eoin,1,,630=,Kirsti,2
496=,Erkan,1,,630=,Kit,2
496=,Ern,1,,630=,Kris,2
496=,Erol,1,,630=,Kriss,2
496=,Eseosa,1,,630=,Kyra,2
496=,Euren,1,,630=,Lauraine,2
496=,Evander,1,,630=,Layna,2
496=,Ewin,1,,630=,Leaanne,2
496=,Eyad,1,,630=,Leanna,2
496=,Fadhil,1,,630=,Leigh-Anne,2
496=,Fahd,1,,630=,Leilah,2
496=,Faithey,1,,630=,Leone,2
496=,Faiz,1,,630=,Leonie,2
496=,Farquhar,1,,630=,Letitia,2
496=,Farrakh,1,,630=,Liana,2
496=,Farran,1,,630=,Liann,2
496=,Farshod,1,,630=,Lilian,2
496=,Fayez,1,,630=,Lily,2
496=,Feeras,1,,630=,Lindy,2
496=,Felice,1,,630=,Linn,2
496=,Ferhan,1,,630=,Linzie,2
496=,Fharhad,1,,630=,Lisa-Anne,2
496=,Fionn,1,,630=,Lora,2
496=,Florian,1,,630=,Lorena,2
496=,Floris,1,,630=,Luciana,2
496=,Foc,1,,630=,Lucille,2
496=,Francesco,1,,630=,Lyndsey-Anne,2
496=,Fred,1,,630=,Lynnsay,2
496=,Furhan,1,,630=,Lynsey-Ann,2
496=,Gabriel,1,,630=,Maire,2
496=,Galen,1,,630=,Mairead,2
496=,Garey,1,,630=,Margaret-Ann,2
496=,Garfield,1,,630=,Mari-Anne,2
496=,Garie,1,,630=,Marie-Louise,2
496=,Garon,1,,630=,Marjorie,2
496=,Garrie,1,,630=,Martine,2
496=,Garth,1,,630=,Maryam,2
496=,Gen,1,,630=,Maryjane,2
496=,Gennaro,1,,630=,Marysia,2
496=,George-James,1,,630=,Maura,2
496=,Georgeios,1,,630=,Meghan,2
496=,Georgie,1,,630=,Mei,2
496=,Geraint,1,,630=,Melinda,2
496=,Gethin,1,,630=,Meredith,2
496=,Gia,1,,630=,Merissa,2
496=,Gian-Carlo,1,,630=,Merle,2
496=,Gianni,1,,630=,Mharia,2
496=,Giles,1,,630=,Milena,2
496=,Gillen,1,,630=,Misba,2
496=,Gillies,1,,630=,Misha,2
496=,Giovanni,1,,630=,Molly,2
496=,Glyn,1,,630=,Moyra,2
496=,Glynn,1,,630=,Nabeela,2
496=,Godfrey,1,,630=,Nahid,2
496=,Grahmn,1,,630=,Nanette,2
496=,Grover,1,,630=,Nathalie,2
496=,Guglielmo,1,,630=,Nicki,2
496=,Guillaume,1,,630=,Niki,2
496=,Gulzar,1,,630=,Nikky,2
496=,Guradev,1,,630=,Nora,2
496=,Gurbaksh,1,,630=,Odette,2
496=,Gurbhes,1,,630=,Orielle,2
496=,Gurdayia,1,,630=,Pamella,2
496=,Gurjinder,1,,630=,Pearl,2
496=,Gurjit,1,,630=,Peggy,2
496=,Gurmale,1,,630=,Priscilla,2
496=,Gurminder,1,,630=,Rae,2
496=,Gurmokam,1,,630=,Razwana,2
496=,Gurnam,1,,630=,Rebekah,2
496=,Gurpreet,1,,630=,Rehana,2
496=,Gurtake,1,,630=,Renata,2
496=,Gwyn,1,,630=,Renee,2
496=,Haaki,1,,630=,Rhiona,2
496=,Habeel,1,,630=,Rizwana,2
496=,Habib,1,,630=,Roanna,2
496=,Hai,1,,630=,Robina,2
496=,Haldane,1,,630=,Rosanne,2
496=,Hammaad,1,,630=,Roseann,2
496=,Hammad,1,,630=,Roya,2
496=,Han-Fei,1,,630=,Ruby,2
496=,Hansi,1,,630=,Sabina,2
496=,Harald,1,,630=,Safia,2
496=,Harinder,1,,630=,Safina,2
496=,Harish,1,,630=,Saira,2
496=,Harkeert,1,,630=,Samena,2
496=,Harkit,1,,630=,Samia,2
496=,Harlan,1,,630=,Sarah-Louise,2
496=,Harmanjit,1,,630=,Sarra,2
496=,Harold,1,,630=,Senga,2
496=,Harvinder,1,,630=,Seona,2
496=,Hassan,1,,630=,Shaima,2
496=,Hassen,1,,630=,Shalini,2
496=,Hatem,1,,630=,Shamshad,2
496=,Hew,1,,630=,Shannon,2
496=,Himit,1,,630=,Sharanjit,2
496=,Hitesh,1,,630=,Sharmaine,2
496=,Hobibur,1,,630=,Shelagh,2
496=,Hoe,1,,630=,Shoma,2
496=,Hoi,1,,630=,Siamah,2
496=,Hosnay,1,,630=,Simona,2
496=,Hugo,1,,630=,Siu,2
496=,Hung,1,,630=,Soibhan,2
496=,Huong,1,,630=,Stacie,2
496=,Hurshuren,1,,630=,Stefani,2
496=,Husham,1,,630=,Sumra,2
496=,Hythem,1,,630=,Susie,2
496=,Iaian,1,,630=,Suzi,2
496=,Ibraheim,1,,630=,Tammie,2
496=,Ibukuntayo,1,,630=,Taryn,2
496=,Idriss,1,,630=,Tasleem,2
496=,Ijaz,1,,630=,Terese,2
496=,Ikenna,1,,630=,Therese,2
496=,Imrati,1,,630=,Thereza,2
496=,Imtiaz,1,,630=,Thomasina,2
496=,Inderjit,1,,630=,Tiffany,2
496=,Innis,1,,630=,Tonia,2
496=,Irfanul,1,,630=,Tracy-Anne,2
496=,Irvine,1,,630=,Valene,2
496=,Irwin,1,,630=,Varri,2
496=,Ishtiaq,1,,630=,Vhairi,2
496=,Isimhemnen,1,,630=,Vhari,2
496=,Isman,1,,630=,Viet,2
496=,Itariworio,1,,630=,Viki,2
496=,Ivor,1,,630=,Virginia,2
496=,Jade,1,,630=,Yousrah,2
496=,Jagdip,1,,630=,Zahida,2
496=,Jagraj,1,,630=,Zahra,2
496=,Jagtar,1,,630=,Zarina,2
496=,Jaimi,1,,630=,Zena,2
496=,Jaimmie,1,,872=,Aasma,1
496=,James-Thomas,1,,872=,Aazma,1
496=,Jamie-Alexander,1,,872=,Abbey,1
496=,Jan-Ove,1,,872=,Ada,1
496=,Janie,1,,872=,Adaeze,1
496=,Jarack,1,,872=,Adaku,1
496=,Jarrod,1,,872=,Adeba,1
496=,Jasdeep,1,,872=,Adeela,1
496=,Jatindra,1,,872=,Adelaida,1
496=,Javaid,1,,872=,Adelaide,1
496=,Jayde,1,,872=,Adelene,1
496=,Jean,1,,872=,Adinah,1
496=,Jeetinder,1,,872=,Adrianne,1
496=,Jeffry,1,,872=,Adrina,1
496=,Jehad,1,,872=,Aeilidh,1
496=,Jeremiah,1,,872=,Aelred,1
496=,Jerrard,1,,872=,Aerin,1
496=,Jerry,1,,872=,Afsha,1
496=,Jesse,1,,872=,Afshain,1
496=,Jetinder,1,,872=,Afton,1
496=,Jimmy,1,,872=,Agathe,1
496=,Jo,1,,872=,Ahlam,1
496=,Joabim,1,,872=,Ai,1
496=,Jock,1,,872=,Aiasha,1
496=,Johann,1,,872=,Aidan,1
496=,John-Alasdair,1,,872=,Aiesha,1
496=,John-Casey,1,,872=,Aihleen,1
496=,Johnston,1,,872=,Aimie,1
496=,Jonah,1,,872=,Ainslay,1
496=,Jonothan,1,,872=,Aisleen,1
496=,Jorden,1,,872=,Aiysha,1
496=,Jordin,1,,872=,Alana-Marie,1
496=,Josh,1,,872=,Alanagh,1
496=,Joss,1,,872=,Aleisha,1
496=,Josselin,1,,872=,Alessandra,1
496=,Jourdan,1,,872=,Alexia,1
496=,Jun,1,,872=,Alia,1
496=,Jurgen,1,,872=,Aliesha,1
496=,Ka,1,,872=,Alina,1
496=,Kaan,1,,872=,Alisa,1
496=,Kabir,1,,872=,Alishiya,1
496=,Kaeran,1,,872=,Allan,1
496=,Kai,1,,872=,Allisha,1
496=,Kaleem,1,,872=,Allvia,1
496=,Kamal,1,,872=,Alya,1
496=,Kar,1,,872=,Alynna,1
496=,Kareem,1,,872=,Alys,1
496=,Kasam,1,,872=,Alyshia,1
496=,Kasim,1,,872=,Amanda-Jane,1
496=,Kasum,1,,872=,Amani,1
496=,Kato,1,,872=,Ambreen,1
496=,Katrina,1,,872=,Amelie,1
496=,Kausam,1,,872=,Amie,1
496=,Keigan,1,,872=,Amiee,1
496=,Keil,1,,872=,Ammara,1
496=,Keilan,1,,872=,Amna,1
496=,Keiron,1,,872=,Amyra,1
496=,Kelvan,1,,872=,Ana,1
496=,Kemal,1,,872=,Anahita,1
496=,Kendrick,1,,872=,Anamika,1
496=,Keneth,1,,872=,Anber,1
496=,Keng,1,,872=,Andina,1
496=,Kepa,1,,872=,Andreanne,1
496=,Kerry,1,,872=,Andreen,1
496=,Keyvan,1,,872=,Andrewina,1
496=,Khairul,1,,872=,Aneela,1
496=,Khalid,1,,872=,Angela-Lee,1
496=,Khizer,1,,872=,Angelene,1
496=,Khuram,1,,872=,Angeline,1
496=,Kier,1,,872=,Angflina,1
496=,Kiernan,1,,872=,Angharad,1
496=,Kinloch,1,,872=,Anila,1
496=,Kiran,1,,872=,Anissa,1
496=,Kiren,1,,872=,Anja,1
496=,Kirstopher,1,,872=,Anjum,1
496=,Konrad,1,,872=,Ann-Louise,1
496=,Konstantinos,1,,872=,Ann-Maree,1
496=,Kosmas,1,,872=,Anna-Marie,1
496=,Krishnasawmy,1,,872=,Anna-Ruth,1
496=,Kristan,1,,872=,Anna-Teraysa,1
496=,Krzysztof,1,,872=,Annabella,1
496=,Kudakwashe,1,,872=,Annalisa,1
496=,Kuljit,1,,872=,Annchris,1
496=,Kurt,1,,872=,Anndrea,1
496=,Kuruye,1,,872=,Anne-Louise,1
496=,Kwok,1,,872=,Anneila,1
496=,Larry,1,,872=,Anneli,1
496=,Lars,1,,872=,Anneliese,1
496=,Laura,1,,872=,Annelise,1
496=,Laurent,1,,872=,Annie-Celeste,1
496=,Lawrie-James,1,,872=,Anour,1
496=,Leif,1,,872=,Anoushka-Johan,1
496=,Len,1,,872=,Antionette,1
496=,Lennox,1,,872=,Antoinette,1
496=,Leonidas,1,,872=,Antonnia,1
496=,Lester,1,,872=,Anveer,1
496=,Leszek,1,,872=,Anwen,1
496=,Levi,1,,872=,Anya,1
496=,Leyton,1,,872=,Aoife,1
496=,Lindsey,1,,872=,Apala,1
496=,Linton,1,,872=,Aqsa,1
496=,Lliam,1,,872=,Arabella,1
496=,Lorien,1,,872=,Ariadne,1
496=,Lucas,1,,872=,Ariana,1
496=,Ludwik,1,,872=,Arianne,1
496=,Lui,1,,872=,Arianwen,1
496=,Luis,1,,872=,Ariel,1
496=,Luk,1,,872=,Arif,1
496=,Mahmood,1,,872=,Arifa,1
496=,Mahmoud,1,,872=,Arjmand,1
496=,Majid,1,,872=,Arleen,1
496=,Manjeet,1,,872=,Arpana,1
496=,Manop,1,,872=,Arran,1
496=,Manroop,1,,872=,Arrielle,1
496=,Maqbool,1,,872=,Aruj,1
496=,Marc-Jon,1,,872=,Aruna,1
496=,Marcello,1,,872=,Ashea,1
496=,Marcos,1,,872=,Ashia,1
496=,Marios,1,,872=,Ashley-Jayne,1
496=,Marko,1,,872=,Ashly,1
496=,Marr,1,,872=,Asma,1
496=,Marshall,1,,872=,Asmaa,1
496=,Marwaani,1,,872=,Assma,1
496=,Masir,1,,872=,Assra,1
496=,Matteo,1,,872=,Astro-X-Hollida,1
496=,Maureen,1,,872=,Atalla,1
496=,Mawuse,1,,872=,Atiya,1
496=,Maxim,1,,872=,Aurelie,1
496=,Maximillian,1,,872=,Avene,1
496=,Maximillion,1,,872=,Avital,1
496=,Mehdi,1,,872=,Ayah,1
496=,Mel,1,,872=,Ayda,1
496=,Mendi,1,,872=,Ayisha,1
496=,Menhel,1,,872=,Azria,1
496=,Meyrick,1,,872=,Badreah,1
496=,Michaeel,1,,872=,Baljeet,1
496=,Michal,1,,872=,Baljinder,1
496=,Michele,1,,872=,Baljit,1
496=,Michelle,1,,872=,Bannan,1
496=,Minh,1,,872=,Barbara-Anne,1
496=,Miraz,1,,872=,Barbra,1
496=,Mirza,1,,872=,Bathia,1
496=,Mohanad,1,,872=,Baukelien,1
496=,Mokaram,1,,872=,Beatrice,1
496=,Mokhtar,1,,872=,Beki,1
496=,Molhim,1,,872=,Betsy,1
496=,Monirul,1,,872=,Bibi,1
496=,Mortimer,1,,872=,Billie,1
496=,Morton,1,,872=,Blaire,1
496=,Motaz,1,,872=,Brandy,1
496=,Mousa,1,,872=,Bree,1
496=,Muad,1,,872=,Brenda-Louise,1
496=,Muhammed,1,,872=,Brenna,1
496=,Mun,1,,872=,Briege,1
496=,Muneeb,1,,872=,Brienne,1
496=,Munro,1,,872=,Cadence,1
496=,Munzoor,1,,872=,Caireen,1
496=,Murdoch,1,,872=,Cairi,1
496=,Mustafa,1,,872=,Cali,1
496=,Nabeel,1,,872=,Callie,1
496=,Nabil,1,,872=,Cally,1
496=,Nadev,1,,872=,Candi,1
496=,Nadim,1,,872=,Candice-Anne,1
496=,Nadime,1,,872=,Capricia,1
496=,Naeem,1,,872=,Cara-Anne,1
496=,Nafeez,1,,872=,Caraline,1
496=,Naill,1,,872=,Caralyn,1
496=,Naim,1,,872=,Careth,1
496=,Najd,1,,872=,Carey,1
496=,Naser,1,,872=,Carey-Lynne,1
496=,Natasha,1,,872=,Carine,1
496=,Nathanael,1,,872=,Carissa,1
496=,Naures,1,,872=,Carlanne,1
496=,Navid,1,,872=,Carlyanne,1
496=,Navin,1,,872=,Carlyne,1
496=,Naweed,1,,872=,Carmel,1
496=,Neilson,1,,872=,Caro,1
496=,Nelson,1,,872=,Carol-Ane,1
496=,Nephi,1,,872=,Carolina,1
496=,Ng,1,,872=,Caroline-Mary,1
496=,Ngay,1,,872=,Carolyne,1
496=,Nicholis,1,,872=,Carolyne-Alice,1
496=,Nick,1,,872=,Carragh,1
496=,Nickie,1,,872=,Carren,1
496=,Nicklaus,1,,872=,Carrianne,1
496=,Nicola,1,,872=,Carrieann,1
496=,Niel,1,,872=,Carrina,1
496=,Nik,1,,872=,Carron,1
496=,Nikolaes,1,,872=,Casandra,1
496=,Ninian,1,,872=,Cassia,1
496=,Nino,1,,872=,Catherina,1
496=,Nirav,1,,872=,Catherine-Anne,1
496=,Niven,1,,872=,Cathryn,1
496=,Niyme,1,,872=,Ceara,1
496=,Nnamdi,1,,872=,Ceinwen,1
496=,Noah,1,,872=,Ceinwyn,1
496=,Obinna,1,,872=,Ceira,1
496=,Oghene,1,,872=,Ceire,1
496=,Oladimeji,1,,872=,Celene,1
496=,Olav,1,,872=,Celia,1
496=,Oluranti,1,,872=,Celina,1
496=,Oluwafemi,1,,872=,Celine,1
496=,Oluwatobi,1,,872=,Chan,1
496=,Omair,1,,872=,Chanelle,1
496=,Omotokunbo,1,,872=,Chani,1
496=,Opeyemi,1,,872=,Chanine,1
496=,Osarogie,1,,872=,Channa,1
496=,Oscar,1,,872=,Chantal,1
496=,Oskar,1,,872=,Charelle,1
496=,Osmaan,1,,872=,Chariene,1
496=,Othman,1,,872=,Charles,1
496=,Oystein,1,,872=,Charlette,1
496=,Pablo,1,,872=,Charmange,1
496=,Padraic,1,,872=,Charmian,1
496=,Padruig,1,,872=,Charna,1
496=,Pahdraig,1,,872=,Charro,1
496=,Paniayotis,1,,872=,Chelsea,1
496=,Paolo,1,,872=,Cheral,1
496=,Paran,1,,872=,Cheran,1
496=,Parmbir,1,,872=,Cherene,1
496=,Partaap,1,,872=,Cherice,1
496=,Partheeban,1,,872=,Cherine,1
496=,Pascal,1,,872=,Cherise,1
496=,Paul-Gerald,1,,872=,Cherlene,1
496=,Perry,1,,872=,Cherlouise,1
496=,Pete,1,,872=,Cherly-Lee,1
496=,Petter,1,,872=,Cherrel,1
496=,Pharic,1,,872=,Cherrie,1
496=,Pharoah,1,,872=,Cheryl-Anne,1
496=,Phu,1,,872=,Cheryll,1
496=,Piedro,1,,872=,Cheves,1
496=,Pierce,1,,872=,Chirene,1
496=,Piers,1,,872=,Chirsty,1
496=,Pietro,1,,872=,Chrisina,1
496=,Praise-God,1,,872=,Christian,1
496=,Prashant,1,,872=,Christiana,1
496=,Pritpal,1,,872=,Christie,1
496=,Priyabrata,1,,872=,Chrystal,1
496=,Purmjeet,1,,872=,Chyvonne,1
496=,Qadir,1,,872=,Ciorsdidh,1
496=,Qasim,1,,872=,Claira,1
496=,Qez,1,,872=,Claire-Elizabet,1
496=,Quoc,1,,872=,Clare-Ann,1
496=,Rae,1,,872=,Clarinda,1
496=,Rahim,1,,872=,Clarissa,1
496=,Raif,1,,872=,Clarisse,1
496=,Rajdeep,1,,872=,Claudette,1
496=,Rajendra,1,,872=,Clemmie,1
496=,Rajib,1,,872=,Cleo,1
496=,Rajko,1,,872=,Cloe,1
496=,Rajpal,1,,872=,Clova,1
496=,Rajvinder,1,,872=,Coc,1
496=,Rakesh,1,,872=,Colene,1
496=,Rana,1,,872=,Colin,1
496=,Ranbir,1,,872=,Coralisa,1
496=,Randeep,1,,872=,Cordelia,1
496=,Randy,1,,872=,Corena,1
496=,Ranjeet,1,,872=,Corey,1
496=,Rannee,1,,872=,Corinna,1
496=,Raphael,1,,872=,Correna,1
496=,Raqeem,1,,872=,Corri,1
496=,Rasab,1,,872=,Corrie-Anne,1
496=,Rasham,1,,872=,Corrin,1
496=,Raveen,1,,872=,Corrinne,1
496=,Ravinder,1,,872=,Courtnay,1
496=,Raymeen,1,,872=,Courtney,1
496=,Raymund,1,,872=,Cullean,1
496=,Razaafzal,1,,872=,Dakotah,1
496=,Redford,1,,872=,Danee,1
496=,Reginald,1,,872=,Danice,1
496=,Remo,1,,872=,Daniella,1
496=,Reuben,1,,872=,Dannine,1
496=,Reza,1,,872=,Darleen,1
496=,Rhodri,1,,872=,Darmeet,1
496=,Rhuari,1,,872=,Darrah-Susanne,1
496=,Ricci,1,,872=,Davinder,1
496=,Rickey,1,,872=,Davinia,1
496=,Rickie,1,,872=,Dawn-Lee,1
496=,Ridwan,1,,872=,Dawna,1
496=,Rinaldo,1,,872=,Dayle,1
496=,Rishi,1,,872=,Deana,1
496=,Ritesh,1,,872=,Deane,1
496=,Riyathe,1,,872=,Debbi,1
496=,Rizwan,1,,872=,Debbi-Leigh,1
496=,Rob,1,,872=,Debbie-Anne,1
496=,Robert-Joseph,1,,872=,Debborah,1
496=,Rochana,1,,872=,Dee-Ann,1
496=,Rodolphe,1,,872=,Delizia,1
496=,Rodrigo,1,,872=,Della,1
496=,Rognvald,1,,872=,Demellsa,1
496=,Romin,1,,872=,Denese,1
496=,Ron,1,,872=,Dennie,1
496=,Ronal,1,,872=,Dennise,1
496=,Rory-James,1,,872=,Deoan,1
496=,Roshan,1,,872=,Deone,1
496=,Rowland,1,,872=,Devereaux,1
496=,Ruarri,1,,872=,Devina,1
496=,Ruary,1,,872=,Devon,1
496=,Rudee,1,,872=,Dianna,1
496=,Rupert,1,,872=,Dierdre,1
496=,Ryhan,1,,872=,Dilraj,1
496=,Ryiadh,1,,872=,Diona,1
496=,Ryn,1,,872=,Dipanjali,1
496=,Ryszard,1,,872=,Dolina,1
496=,Saad,1,,872=,Dominique,1
496=,Sadeeq,1,,872=,Dona,1
496=,Sahidul,1,,872=,Donald,1
496=,Sai,1,,872=,Dong,1
496=,Saiful,1,,872=,Donia,1
496=,Salman,1,,872=,Donmarie,1
496=,Sami,1,,872=,Donna-Ann,1
496=,Samii,1,,872=,Dorcas,1
496=,Sanad,1,,872=,Dore,1
496=,Sanjay,1,,872=,Dorrie,1
496=,Sanjeev,1,,872=,Dunise,1
496=,Sanjoge,1,,872=,Easan,1
496=,Sanjoy,1,,872=,Easter,1
496=,Seamus,1,,872=,Edwina,1
496=,Sebastiano,1,,872=,Eilagh,1
496=,Seean,1,,872=,Eildon,1
496=,Seth,1,,872=,Eilean,1
496=,Shaeraz,1,,872=,Eiliah,1
496=,Shahrum,1,,872=,Eilish,1
496=,Shahzad,1,,872=,Elain,1
496=,Shamas,1,,872=,Elaina-Michelle,1
496=,Shamsher,1,,872=,Elainea,1
496=,Shanavaz,1,,872=,Elann,1
496=,Shanmuga,1,,872=,Elanor,1
496=,Sharear,1,,872=,Elfreda,1
496=,Shayne,1,,872=,Elisa-Marie,1
496=,Shazaad,1,,872=,Elisabeth,1
496=,Shazada,1,,872=,Elisha,1
496=,Shazadah,1,,872=,Elissa,1
496=,Shehbaaz,1,,872=,Elita,1
496=,Shehraz,1,,872=,Elke,1
496=,Sheikh,1,,872=,Elkie,1
496=,Sheldon,1,,872=,Ella-Jean,1
496=,Sherjeel,1,,872=,Ellane,1
496=,Shoab,1,,872=,Ellena,1
496=,Shoaib,1,,872=,Ellenor,1
496=,Shohad,1,,872=,Elleonara,1
496=,Sholto,1,,872=,Ellie,1
496=,Shoumen,1,,872=,Ellis,1
496=,Shualur,1,,872=,Elma,1
496=,Shumshad,1,,872=,Elona,1
496=,Si-Po,1,,872=,Elvira,1
496=,Siew-Siong,1,,872=,Elyse,1
496=,Sikandar,1,,872=,Elyssa-Anne,1
496=,Silvio,1,,872=,Elzbieta,1
496=,Simeon,1,,872=,Emiko,1
496=,Simone,1,,872=,Emily-Rose,1
496=,Simpson,1,,872=,Emma-Kate,1
496=,Sindeep,1,,872=,Emmeline,1
496=,Sinlay,1,,872=,Emmiline,1
496=,Siraj,1,,872=,Ennas,1
496=,Siu,1,,872=,Erinn,1
496=,Skye,1,,872=,Erna,1
496=,Sorwar,1,,872=,Erron,1
496=,Steffan,1,,872=,Erryne,1
496=,Steffin,1,,872=,Estella,1
496=,Steuart,1,,872=,Eugenia,1
496=,Stevenson,1,,872=,Euna,1
496=,Strachan,1,,872=,Eunice,1
496=,Subhaan,1,,872=,Euphemia,1
496=,Sukavinder,1,,872=,Evette,1
496=,Sukhdeep,1,,872=,Evlyn,1
496=,Sukhdev,1,,872=,Evon,1
496=,Suleiman,1,,872=,Ewa,1
496=,Sultan,1,,872=,Ewaohi,1
496=,Sung,1,,872=,Eyvette,1
496=,Suresh,1,,872=,Fadrilla,1
496=,Susheel,1,,872=,Faiza,1
496=,Suvhanker,1,,872=,Fakhrah,1
496=,Suzgo,1,,872=,Farakh,1
496=,Sweyn,1,,872=,Farazeen,1
496=,Symon,1,,872=,Farhana,1
496=,Tarafder,1,,872=,Fariba,1
496=,Taut,1,,872=,Farrah,1
496=,Teagues,1,,872=,Farsina,1
496=,Telford,1,,872=,Fatema,1
496=,Terrance,1,,872=,Felicia,1
496=,Terrence,1,,872=,Fenella,1
496=,Teva,1,,872=,Feryn,1
496=,Theo,1,,872=,Fizza,1
496=,Theodore,1,,872=,Florentine,1
496=,Thien,1,,872=,Flure,1
496=,Tiernan,1,,872=,Folasade,1
496=,Tim,1,,872=,Forbes,1
496=,Titus,1,,872=,Foyjun,1
496=,Tod,1,,872=,Francene,1
496=,Tokunbo,1,,872=,Francheska,1
496=,Toluwalope,1,,872=,Fraya,1
496=,Torquil,1,,872=,Freeha,1
496=,Tsun,1,,872=,Frehia,1
496=,Tsz-Wai,1,,872=,Furheen,1
496=,Tyler,1,,872=,Furwa,1
496=,Ubaid,1,,872=,Furzana,1
496=,Uisdean,1,,872=,Ga-Men,1
496=,Urfan,1,,872=,Gael-Isla,1
496=,Vicky,1,,872=,Gai,1
496=,Vihandha,1,,872=,Gar,1
496=,Vikas,1,,872=,Gareth,1
496=,Virgil,1,,872=,Gayl,1
496=,Vishal,1,,872=,Gayla,1
496=,Vito,1,,872=,Gayna,1
496=,Wade,1,,872=,Gemah,1
496=,Waheed,1,,872=,Gena,1
496=,Wajahat,1,,872=,Genna,1
496=,Walid,1,,872=,Genoveffa-Maria,1
496=,Wan,1,,872=,Genya,1
496=,Waqaas,1,,872=,Georgette,1
496=,Waqass,1,,872=,Geralynn,1
496=,Waquar,1,,872=,Gerhardine,1
496=,Warwick,1,,872=,Ghadeer,1
496=,Watson,1,,872=,Ghislaine,1
496=,Wea,1,,872=,Ghzala,1
496=,Wesam,1,,872=,Gill,1
496=,Wesely,1,,872=,Ginny,1
496=,Westley,1,,872=,Giovanna,1
496=,Westly,1,,872=,Giulia,1
496=,Will,1,,872=,Giuliana,1
496=,Williamlee,1,,872=,Gloria,1
496=,Xolani,1,,872=,Gordonetta,1
496=,Yanek,1,,872=,Gowrie,1
496=,Yasser,1,,872=,Greer,1
496=,Yat,1,,872=,Gurchran,1
496=,Yiu,1,,872=,Gurdev,1
496=,Yosef,1,,872=,Gurmeet,1
496=,You,1,,872=,Gurnam,1
496=,Younas,1,,872=,Gylla,1
496=,Yousaf,1,,872=,Ha,1
496=,Yousof,1,,872=,Hadija,1
496=,Yu,1,,872=,Hafsana,1
496=,Yumen,1,,872=,Hagir,1
496=,Yusif,1,,872=,Hala,1
496=,Zafeer,1,,872=,Halcyon,1
496=,Zaheer,1,,872=,Halema,1
496=,Zahidee,1,,872=,Halima,1
496=,Zaid,1,,872=,Hamaira,1
496=,Zaka,1,,872=,Hamida,1
496=,Zander,1,,872=,Hana,1
496=,Zarack,1,,872=,Haniza,1
496=,Zarrar,1,,872=,Hannah-Lucy,1
496=,Zeff,1,,872=,Happy,1
496=,Zenon,1,,872=,Hardeep,1
496=,Zeshaan,1,,872=,Harjit,1
496=,Zeyad,1,,872=,Harmony,1
496=,Zi-Han,1,,872=,Harneeta,1
496=,Ziad,1,,872=,Harriett,1
496=,Zico,1,,872=,Harsharan,1
496=,Ziggy,1,,872=,Hasina,1
496=,Zouhaib,1,,872=,Hassina,1
496=,Zubir,1,,872=,Haylay,1
,,,,872=,Hayleigh,1
,,,,872=,Haze,1
,,,,872=,Heather-Ann,1
,,,,872=,Hema,1
,,,,872=,Hiedi,1
,,,,872=,Hill,1
,,,,872=,Hindrikje,1
,,,,872=,Hoai,1
,,,,872=,Hok,1
,,,,872=,Hollie,1
,,,,872=,Honor,1
,,,,872=,Hope,1
,,,,872=,Humera,1
,,,,872=,Hunaida,1
,,,,872=,Ian,1
,,,,872=,Ibinabo,1
,,,,872=,Ida,1
,,,,872=,Iffat,1
,,,,872=,Ijoma,1
,,,,872=,Ileana,1
,,,,872=,Iline,1
,,,,872=,Illeana,1
,,,,872=,Ilse,1
,,,,872=,Imreen,1
,,,,872=,India,1
,,,,872=,Indiya,1
,,,,872=,Inez,1
,,,,872=,Inge,1
,,,,872=,Ingeborg,1
,,,,872=,Inin,1
,,,,872=,Innis,1
,,,,872=,Iphigenia,1
,,,,872=,Iris,1
,,,,872=,Irram,1
,,,,872=,Iseabail,1
,,,,872=,Ishabel,1
,,,,872=,Isiua,1
,,,,872=,Islean,1
,,,,872=,Isma,1
,,,,872=,Issra,1
,,,,872=,Jacalyn,1
,,,,872=,Jacilyn,1
,,,,872=,Jackelynn,1
,,,,872=,Jaclynn,1
,,,,872=,Jacqualin,1
,,,,872=,Jacqueline-Anne,1
,,,,872=,Jacqui-Ann,1
,,,,872=,Jacquleine,1
,,,,872=,Jae,1
,,,,872=,Jaima,1
,,,,872=,Jaimie,1
,,,,872=,Jaine,1
,,,,872=,Jakia,1
,,,,872=,Jamice,1
,,,,872=,Jamie-Lee,1
,,,,872=,Jana,1
,,,,872=,Janaki,1
,,,,872=,Janan,1
,,,,872=,Janean,1
,,,,872=,Janeen,1
,,,,872=,Janelle,1
,,,,872=,Janemarie,1
,,,,872=,Janene,1
,,,,872=,Janey,1
,,,,872=,Janice-Anne,1
,,,,872=,Jann,1
,,,,872=,Janneke,1
,,,,872=,Jannette,1
,,,,872=,Jannine,1
,,,,872=,Jaqualene,1
,,,,872=,Jay,1
,,,,872=,Jazlyn,1
,,,,872=,Jean-Anne,1
,,,,872=,Jeanette,1
,,,,872=,Jeanie,1
,,,,872=,Jeanna,1
,,,,872=,Jeannie,1
,,,,872=,Jehan,1
,,,,872=,Jen,1
,,,,872=,Jeniffer,1
,,,,872=,Jennefer,1
,,,,872=,Jenni,1
,,,,872=,Jennie,1
,,,,872=,Jeri,1
,,,,872=,Jesmeen,1
,,,,872=,Jetta,1
,,,,872=,Jhanne,1
,,,,872=,Jigna,1
,,,,872=,Jimaine,1
,,,,872=,Jocelynne,1
,,,,872=,Jodene,1
,,,,872=,Jodine,1
,,,,872=,Jodylea,1
,,,,872=,Joel,1
,,,,872=,Joellen,1
,,,,872=,Jokha,1
,,,,872=,Joleen,1
,,,,872=,Jolen,1
,,,,872=,Jonelle,1
,,,,872=,Jordanna,1
,,,,872=,Josefina,1
,,,,872=,Joyne,1
,,,,872=,Judi,1
,,,,872=,Juliann,1
,,,,872=,Julianna,1
,,,,872=,Juline,1
,,,,872=,Justene,1
,,,,872=,Kairro,1
,,,,872=,Kamaljit,1
,,,,872=,Kan,1
,,,,872=,Kandice,1
,,,,872=,Kanti,1
,,,,872=,Kanwal,1
,,,,872=,Kar,1
,,,,872=,Kar-Yee,1
,,,,872=,Karah,1
,,,,872=,Karan,1
,,,,872=,Kareen,1
,,,,872=,Kareena,1
,,,,872=,Karene,1
,,,,872=,Karima,1
,,,,872=,Karine,1
,,,,872=,Karleen,1
,,,,872=,Karlene,1
,,,,872=,Karli,1
,,,,872=,Karlyn,1
,,,,872=,Karma,1
,,,,872=,Karmjeet,1
,,,,872=,Karolyn,1
,,,,872=,Karon,1
,,,,872=,Karri,1
,,,,872=,Karrie,1
,,,,872=,Karrine,1
,,,,872=,Karta,1
,,,,872=,Katarina,1
,,,,872=,Kath-Erin,1
,,,,872=,Katharina,1
,,,,872=,Katherina,1
,,,,872=,Katherine-Ann,1
,,,,872=,Katheryn,1
,,,,872=,Kathie,1
,,,,872=,Kathlyn,1
,,,,872=,Kathreen,1
,,,,872=,Kathryn-Anne,1
,,,,872=,Kathryne,1
,,,,872=,Kathy,1
,,,,872=,Katie-Jane,1
,,,,872=,Katriana,1
,,,,872=,Katrine,1
,,,,872=,Katy-Anne,1
,,,,872=,Kayane,1
,,,,872=,Kayrene,1
,,,,872=,Kayrine,1
,,,,872=,Kayrn,1
,,,,872=,Kedei,1
,,,,872=,Keely,1
,,,,872=,Kellie-Anne,1
,,,,872=,Kelly-Jayne,1
,,,,872=,Kellyjo,1
,,,,872=,Kelsey,1
,,,,872=,Kenda,1
,,,,872=,Kendra,1
,,,,872=,Kennedy,1
,,,,872=,Kera,1
,,,,872=,Keren,1
,,,,872=,Kerensa,1
,,,,872=,Keri-Ann,1
,,,,872=,Keriann,1
,,,,872=,Kerin,1
,,,,872=,Kerri-Anne,1
,,,,872=,Kerri-Yvonne,1
,,,,872=,Kerrianne,1
,,,,872=,Kerrie-Louise,1
,,,,872=,Kerstin,1
,,,,872=,Keryn,1
,,,,872=,Kerynn,1
,,,,872=,Khaida,1
,,,,872=,Khalda,1
,,,,872=,Kia,1
,,,,872=,Kieron,1
,,,,872=,Kimberlay,1
,,,,872=,Kimberlee,1
,,,,872=,Kimberley-Anne,1
,,,,872=,Kimberlie,1
,,,,872=,Kimberly-Ann,1
,,,,872=,Kin,1
,,,,872=,Kiran,1
,,,,872=,Kirandeep,1
,,,,872=,Kireana,1
,,,,872=,Kiri,1
,,,,872=,Kirnjit,1
,,,,872=,Kirsti-Ann,1
,,,,872=,Kirstian,1
,,,,872=,Kirstin-Dawn,1
,,,,872=,Kirstyn,1
,,,,872=,Klair,1
,,,,872=,Klaire,1
,,,,872=,Kok,1
,,,,872=,Korina,1
,,,,872=,Krishna,1
,,,,872=,Krista,1
,,,,872=,Kristel,1
,,,,872=,Kristi,1
,,,,872=,Kristyle,1
,,,,872=,Kristyne,1
,,,,872=,Krysha,1
,,,,872=,Krystal,1
,,,,872=,Kuei,1
,,,,872=,Kulraaj,1
,,,,872=,Kulvinder,1
,,,,872=,Kursten,1
,,,,872=,Kyleigh,1
,,,,872=,Kyley,1
,,,,872=,Kylia,1
,,,,872=,Kymberley,1
,,,,872=,Kymberly,1
,,,,872=,Kyrsty,1
,,,,872=,Laila,1
,,,,872=,Laina,1
,,,,872=,Lalla,1
,,,,872=,Lamorna,1
,,,,872=,Larissa,1
,,,,872=,Latysha,1
,,,,872=,Lauanne,1
,,,,872=,Laura-Ann,1
,,,,872=,Lauranne,1
,,,,872=,Laureen,1
,,,,872=,Laurena,1
,,,,872=,Laurene,1
,,,,872=,Laurette,1
,,,,872=,Laurin,1
,,,,872=,Laurissa,1
,,,,872=,Lawrie,1
,,,,872=,Laxmi,1
,,,,872=,Le,1
,,,,872=,Le-Anne,1
,,,,872=,Lea-Ann,1
,,,,872=,Leaca,1
,,,,872=,Leagh-Ann,1
,,,,872=,Leah-Anne,1
,,,,872=,Leahan,1
,,,,872=,Leahanne,1
,,,,872=,Leala,1
,,,,872=,Leana,1
,,,,872=,Leasa,1
,,,,872=,Lee-Jane,1
,,,,872=,Lee-Ona,1
,,,,872=,Leenah,1
,,,,872=,Leiah,1
,,,,872=,Leighan,1
,,,,872=,Leighanda,1
,,,,872=,Leisha,1
,,,,872=,Lelani,1
,,,,872=,Lemarie,1
,,,,872=,Leondra,1
,,,,872=,Lesleyanne,1
,,,,872=,Letasha,1
,,,,872=,Leyla,1
,,,,872=,Leza,1
,,,,872=,Lezah,1
,,,,872=,Lezandra,1
,,,,872=,Lezleyann,1
,,,,872=,Li,1
,,,,872=,Li-Anne,1
,,,,872=,Lian,1
,,,,872=,Liegha,1
,,,,872=,Lieh,1
,,,,872=,Liela-Maria,1
,,,,872=,Liisa,1
,,,,872=,Lila,1
,,,,872=,Lillias,1
,,,,872=,Linda-Anne,1
,,,,872=,Linder,1
,,,,872=,Lindsayanne,1
,,,,872=,Liona,1
,,,,872=,Lisa-Jane,1
,,,,872=,Lisa-Maria,1
,,,,872=,Lisanne,1
,,,,872=,Lise,1
,,,,872=,Liselot,1
,,,,872=,Lita,1
,,,,872=,Lizamarie,1
,,,,872=,Lojain,1
,,,,872=,Lola,1
,,,,872=,Lonya,1
,,,,872=,Lorainne,1
,,,,872=,Loretta,1
,,,,872=,Lorinda,1
,,,,872=,Lorne,1
,,,,872=,Lorri,1
,,,,872=,Loryn,1
,,,,872=,Loubna,1
,,,,872=,Louisa-Therese,1
,,,,872=,Louvain,1
,,,,872=,Lowri,1
,,,,872=,Lubna,1
,,,,872=,Luella,1
,,,,872=,Ly,1
,,,,872=,Lyanne,1
,,,,872=,Lyndsay-Anne,1
,,,,872=,Lyneay,1
,,,,872=,Lynelle,1
,,,,872=,Lynne-Anne,1
,,,,872=,Lynne-Marie,1
,,,,872=,Lynsay-Jane,1
,,,,872=,Lynzi,1
,,,,872=,Lyssa,1
,,,,872=,Mabel,1
,,,,872=,Madalene,1
,,,,872=,Madelaine,1
,,,,872=,Madeline,1
,,,,872=,Madiha,1
,,,,872=,Maev,1
,,,,872=,Maeve,1
,,,,872=,Magdalena,1
,,,,872=,Magdalene,1
,,,,872=,Maggie,1
,,,,872=,Mah,1
,,,,872=,Mahrukh,1
,,,,872=,Mairaed,1
,,,,872=,Mairghread,1
,,,,872=,Mairi-Dubhanna,1
,,,,872=,Mairianne,1
,,,,872=,Maisarah,1
,,,,872=,Maiya,1
,,,,872=,Malika,1
,,,,872=,Man,1
,,,,872=,Mandie,1
,,,,872=,Manjeet,1
,,,,872=,Manpreet,1
,,,,872=,Mansura,1
,,,,872=,Mara,1
,,,,872=,Maraim,1
,,,,872=,Marcella,1
,,,,872=,Marcia,1
,,,,872=,Marcy,1
,,,,872=,Margaret-Anne,1
,,,,872=,Margaret-Louise,1
,,,,872=,Margaretanne,1
,,,,872=,Margot,1
,,,,872=,Mari-Louise,1
,,,,872=,Maria-Catherine,1
,,,,872=,Maria-Paz,1
,,,,872=,Mariade,1
,,,,872=,Mariam,1
,,,,872=,Marian,1
,,,,872=,Mariana,1
,,,,872=,Marianna,1
,,,,872=,Marie-Patricia,1
,,,,872=,Marilla,1
,,,,872=,Marishia,1
,,,,872=,Marita,1
,,,,872=,Marium,1
,,,,872=,Marlenna,1
,,,,872=,Marlies,1
,,,,872=,Marlisa,1
,,,,872=,Marlyn,1
,,,,872=,Marny,1
,,,,872=,Marri-Louise,1
,,,,872=,Marrianne,1
,,,,872=,Marsine,1
,,,,872=,Marteen,1
,,,,872=,Martyne,1
,,,,872=,Marvine,1
,,,,872=,Mary-Ann,1
,,,,872=,Mary-Rose,1
,,,,872=,Marya,1
,,,,872=,Maryanne,1
,,,,872=,Mashia,1
,,,,872=,Matilda,1
,,,,872=,Mawahis,1
,,,,872=,Maybelle,1
,,,,872=,Mechelie,1
,,,,872=,Mee,1
,,,,872=,Meena,1
,,,,872=,Mehru,1
,,,,872=,Mehvish,1
,,,,872=,Meirrisha,1
,,,,872=,Melany,1
,,,,872=,Melena,1
,,,,872=,Melina,1
,,,,872=,Melisa,1
,,,,872=,Melodie,1
,,,,872=,Melody,1
,,,,872=,Meredydd,1
,,,,872=,Meri,1
,,,,872=,Merridy,1
,,,,872=,Mhairi-Therese,1
,,,,872=,Mhoraig,1
,,,,872=,Micaela,1
,,,,872=,Micah,1
,,,,872=,Michaella,1
,,,,872=,Michaelle,1
,,,,872=,Michal,1
,,,,872=,Mika,1
,,,,872=,Mikki,1
,,,,872=,Mina,1
,,,,872=,Minlie,1
,,,,872=,Minush,1
,,,,872=,Mirium,1
,,,,872=,Mirjam,1
,,,,872=,Mirren,1
,,,,872=,Mischa,1
,,,,872=,Missbah,1
,,,,872=,Misty,1
,,,,872=,Mona-Gail,1
,,,,872=,Monette,1
,,,,872=,Monsoonwara,1
,,,,872=,Mora,1
,,,,872=,Moranna,1
,,,,872=,Moranne,1
,,,,872=,Morena,1
,,,,872=,Morgan,1
,,,,872=,Morgyn,1
,,,,872=,Moriag,1
,,,,872=,Morvern,1
,,,,872=,Morwen,1
,,,,872=,Moyra-Ann,1
,,,,872=,Muriel,1
,,,,872=,Musammat,1
,,,,872=,Musheref,1
,,,,872=,Mychelle,1
,,,,872=,Myranda,1
,,,,872=,Nabdeep,1
,,,,872=,Nabila,1
,,,,872=,Nada,1
,,,,872=,Nadeen,1
,,,,872=,Nadene,1
,,,,872=,Nadiah,1
,,,,872=,Nadiatul,1
,,,,872=,Nafisa,1
,,,,872=,Naima,1
,,,,872=,Naiomi,1
,,,,872=,Najatt,1
,,,,872=,Najwa,1
,,,,872=,Nalini,1
,,,,872=,Narindar,1
,,,,872=,Narinder,1
,,,,872=,Narooma,1
,,,,872=,Nasreen,1
,,,,872=,Natania,1
,,,,872=,Natascha,1
,,,,872=,Natascia,1
,,,,872=,Nathanielle,1
,,,,872=,Natilie,1
,,,,872=,Nazih,1
,,,,872=,Nazim,1
,,,,872=,Nazrana,1
,,,,872=,Nedhal,1
,,,,872=,Neelum,1
,,,,872=,Neimah,1
,,,,872=,Nerissa,1
,,,,872=,Neva,1
,,,,872=,Ng,1
,,,,872=,Ngimezi,1
,,,,872=,Ngo,1
,,,,872=,Ngog,1
,,,,872=,Nickie,1
,,,,872=,Nickola,1
,,,,872=,Nicky,1
,,,,872=,Nico,1
,,,,872=,Nicola-Ann,1
,,,,872=,Nicola-Anne,1
,,,,872=,Nicola-Jane,1
,,,,872=,Nicolette,1
,,,,872=,Nicolla,1
,,,,872=,Nicolle,1
,,,,872=,Nicoya,1
,,,,872=,Nikala,1
,,,,872=,Nikila,1
,,,,872=,Nikki-Lee,1
,,,,872=,Niomi,1
,,,,872=,Nissa,1
,,,,872=,Nivin,1
,,,,872=,Nkem,1
,,,,872=,Noelle,1
,,,,872=,Noha,1
,,,,872=,Nola,1
,,,,872=,Norah,1
,,,,872=,Norazah,1
,,,,872=,Noren,1
,,,,872=,Nosieba,1
,,,,872=,Nuha,1
,,,,872=,Nur,1
,,,,872=,Nurhafiza,1
,,,,872=,Nurhana,1
,,,,872=,Nyla,1
,,,,872=,Nyree,1
,,,,872=,Nyshma,1
,,,,872=,Oi,1
,,,,872=,Olapeju,1
,,,,872=,Olga,1
,,,,872=,Olutoun,1
,,,,872=,Oluwakemi,1
,,,,872=,Olwen,1
,,,,872=,Omay,1
,,,,872=,Ommera,1
,,,,872=,Omolola,1
,,,,872=,Omololu,1
,,,,872=,Onyesom,1
,,,,872=,Oonagh,1
,,,,872=,Oralie,1
,,,,872=,Orla,1
,,,,872=,Pamala,1
,,,,872=,Pamalla,1
,,,,872=,Pantaa,1
,,,,872=,Paola,1
,,,,872=,Parand,1
,,,,872=,Parminder,1
,,,,872=,Pasley-Anne,1
,,,,872=,Pat,1
,,,,872=,Paula-Jane,1
,,,,872=,Paulette,1
,,,,872=,Pawandeep,1
,,,,872=,Pei,1
,,,,872=,Peigi,1
,,,,872=,Pelan,1
,,,,872=,Pennie,1
,,,,872=,Peta,1
,,,,872=,Peter,1
,,,,872=,Petka,1
,,,,872=,Phillippa,1
,,,,872=,Philomena,1
,,,,872=,Phoebe,1
,,,,872=,Phyllis,1
,,,,872=,Pooja,1
,,,,872=,Poonam,1
,,,,872=,Prashila,1
,,,,872=,Preetpal,1
,,,,872=,Prubjote,1
,,,,872=,Pui-Ching,1
,,,,872=,Purveen,1
,,,,872=,Quey,1
,,,,872=,Rabiya,1
,,,,872=,Rachael-Anne,1
,,,,872=,Rachal,1
,,,,872=,Rachealle,1
,,,,872=,Rada,1
,,,,872=,Rafeth,1
,,,,872=,Raheela,1
,,,,872=,Rajbir,1
,,,,872=,Rajinder,1
,,,,872=,Rajni,1
,,,,872=,Rana,1
,,,,872=,Rania,1
,,,,872=,Ranjina,1
,,,,872=,Rany,1
,,,,872=,Rashdah,1
,,,,872=,Rashmi,1
,,,,872=,Ravinder,1
,,,,872=,Rayah,1
,,,,872=,Raynor,1
,,,,872=,Razeeah,1
,,,,872=,Rea,1
,,,,872=,Reem,1
,,,,872=,Reena,1
,,,,872=,Reetu,1
,,,,872=,Renay,1
,,,,872=,Rhae,1
,,,,872=,Rheannon,1
,,,,872=,Rhoanne,1
,,,,872=,Riada,1
,,,,872=,Riane,1
,,,,872=,Rianne,1
,,,,872=,Richard,1
,,,,872=,Richelle,1
,,,,872=,Rienelle,1
,,,,872=,Rima,1
,,,,872=,Riona,1
,,,,872=,Riswana,1
,,,,872=,Rita,1
,,,,872=,Roana,1
,,,,872=,Robin,1
,,,,872=,Robyn-Marie,1
,,,,872=,Rochelle,1
,,,,872=,Rochene,1
,,,,872=,Rohanna,1
,,,,872=,Roisian,1
,,,,872=,Roisinmarie,1
,,,,872=,Roksana,1
,,,,872=,Rolanda,1
,,,,872=,Romana,1
,,,,872=,Romnana,1
,,,,872=,Rosa,1
,,,,872=,Rosalynn,1
,,,,872=,Rosamund,1
,,,,872=,Rose-Ann,1
,,,,872=,Roseana,1
,,,,872=,Roselia,1
,,,,872=,Roselynn,1
,,,,872=,Rosena,1
,,,,872=,Rosie,1
,,,,872=,Rosina,1
,,,,872=,Roslin,1
,,,,872=,Roslind,1
,,,,872=,Rossalyn,1
,,,,872=,Rossella,1
,,,,872=,Rosslyne,1
,,,,872=,Roxsann,1
,,,,872=,Royanne,1
,,,,872=,Rozalyn,1
,,,,872=,Rozalynne,1
,,,,872=,Rozanna,1
,,,,872=,Rozanne,1
,,,,872=,Rozwana,1
,,,,872=,Ruana,1
,,,,872=,Rukhsana,1
,,,,872=,Ruksana,1
,,,,872=,Rukshana,1
,,,,872=,Ruthanna,1
,,,,872=,Ryan,1
,,,,872=,Saadia,1
,,,,872=,Sabreen,1
,,,,872=,Sadaf,1
,,,,872=,Sadef,1
,,,,872=,Sadhna,1
,,,,872=,Sadie,1
,,,,872=,Saffron,1
,,,,872=,Saika,1
,,,,872=,Sajidah,1
,,,,872=,Saleha,1
,,,,872=,Salliann,1
,,,,872=,Sally-Ann,1
,,,,872=,Sally-Anne,1
,,,,872=,Samaira,1
,,,,872=,Samanda,1
,,,,872=,Samantha-Jane,1
,,,,872=,Samantha-Lee,1
,,,,872=,Samatha,1
,,,,872=,Sameenah,1
,,,,872=,Sameera,1
,,,,872=,Samera,1
,,,,872=,Samiea,1
,,,,872=,Samina,1
,,,,872=,Saminah,1
,,,,872=,Samrah,1
,,,,872=,Sanah,1
,,,,872=,Sandeep,1
,,,,872=,Sandha,1
,,,,872=,Sandi,1
,,,,872=,Sandip,1
,,,,872=,Sangeeta,1
,,,,872=,Sara-Ann,1
,,,,872=,Sara-Jane,1
,,,,872=,Sarah-Lynn,1
,,,,872=,Sarahlee,1
,,,,872=,Saranne,1
,,,,872=,Sarbjit,1
,,,,872=,Sareeka,1
,,,,872=,Satnam,1
,,,,872=,Satveer,1
,,,,872=,Sau,1
,,,,872=,Savannah,1
,,,,872=,Sawsan,1
,,,,872=,Sazia,1
,,,,872=,See,1
,,,,872=,Seli,1
,,,,872=,Seline,1
,,,,872=,Serella,1
,,,,872=,Serina,1
,,,,872=,Serita,1
,,,,872=,Shabbana,1
,,,,872=,Shabnum,1
,,,,872=,Shada,1
,,,,872=,Shadia,1
,,,,872=,Shagufta,1
,,,,872=,Shahaen,1
,,,,872=,Shahela,1
,,,,872=,Shahida,1
,,,,872=,Shahista,1
,,,,872=,Shahma,1
,,,,872=,Shaiesta,1
,,,,872=,Shakeela,1
,,,,872=,Shaleena,1
,,,,872=,Shalena,1
,,,,872=,Shameela,1
,,,,872=,Shameem,1
,,,,872=,Shan,1
,,,,872=,Shana,1
,,,,872=,Shaneene,1
,,,,872=,Shanny,1
,,,,872=,Shanta,1
,,,,872=,Shantha,1
,,,,872=,Sharan,1
,,,,872=,Sharmina,1
,,,,872=,Shasta,1
,,,,872=,Shau,1
,,,,872=,Shauna,1
,,,,872=,Shaureen,1
,,,,872=,Shayma,1
,,,,872=,Sheilah,1
,,,,872=,Shelle,1
,,,,872=,Shelleylouise,1
,,,,872=,Shellymarie,1
,,,,872=,Shena,1
,,,,872=,Shenita,1
,,,,872=,Sheralee,1
,,,,872=,Sherazia,1
,,,,872=,Sherena,1
,,,,872=,Sherene,1
,,,,872=,Sherida,1
,,,,872=,Sherie,1
,,,,872=,Sherle,1
,,,,872=,Sherrie,1
,,,,872=,Sherrill,1
,,,,872=,Sherrise,1
,,,,872=,Sheryll,1
,,,,872=,Shian,1
,,,,872=,Shie,1
,,,,872=,Shieona,1
,,,,872=,Shimara,1
,,,,872=,Shireen,1
,,,,872=,Shirin,1
,,,,872=,Shirlee,1
,,,,872=,Shirley-Anne,1
,,,,872=,Shirleyann,1
,,,,872=,Shmaiala,1
,,,,872=,Shonagah,1
,,,,872=,Shonah,1
,,,,872=,Shonaigh,1
,,,,872=,Shumila,1
,,,,872=,Shun,1
,,,,872=,Siadarie,1
,,,,872=,Siama,1
,,,,872=,Siani,1
,,,,872=,Sianne,1
,,,,872=,Sigrid,1
,,,,872=,Silvy,1
,,,,872=,Sindy,1
,,,,872=,Sine,1
,,,,872=,Sioned,1
,,,,872=,Siran,1
,,,,872=,Siti,1
,,,,872=,Skye,1
,,,,872=,Smitha,1
,,,,872=,So,1
,,,,872=,Sobeeha,1
,,,,872=,Sobia,1
,,,,872=,Soha,1
,,,,872=,Sonita,1
,,,,872=,Soobia,1
,,,,872=,Sopheela,1
,,,,872=,Sophie-Helen,1
,,,,872=,Soracha,1
,,,,872=,Soraya,1
,,,,872=,Sorcha,1
,,,,872=,Sorell,1
,,,,872=,Sorena,1
,,,,872=,Sorrel,1
,,,,872=,Sorrell,1
,,,,872=,Srabani,1
,,,,872=,Stacey-Anne,1
,,,,872=,Stacey-Marie,1
,,,,872=,Stacia,1
,,,,872=,Standish,1
,,,,872=,Stefania,1
,,,,872=,Steffani,1
,,,,872=,Steffanie,1
,,,,872=,Stephaine,1
,,,,872=,Stephanie-Jane,1
,,,,872=,Stephannie,1
,,,,872=,Stephen,1
,,,,872=,Steven,1
,,,,872=,Stevie,1
,,,,872=,Stuart,1
,,,,872=,Sualiha,1
,,,,872=,Subha,1
,,,,872=,Suk,1
,,,,872=,Sukhmani,1
,,,,872=,Sula,1
,,,,872=,Sumeet,1
,,,,872=,Sumera,1
,,,,872=,Summar,1
,,,,872=,Sumya,1
,,,,872=,Sunghia,1
,,,,872=,Sunita,1
,,,,872=,Sunniva,1
,,,,872=,Surya,1
,,,,872=,Susanjane,1
,,,,872=,Suzannah,1
,,,,872=,Suzie,1
,,,,872=,Suzy,1
,,,,872=,Suzzan,1
,,,,872=,Syara,1
,,,,872=,Syeda,1
,,,,872=,Syma,1
,,,,872=,Syra,1
,,,,872=,Syrah,1
,,,,872=,Taberah,1
,,,,872=,Tahany,1
,,,,872=,Tahbusam,1
,,,,872=,Tahreen,1
,,,,872=,Taif,1
,,,,872=,Tallah,1
,,,,872=,Tamar,1
,,,,872=,Tamarith,1
,,,,872=,Tammala,1
,,,,872=,Tammi,1
,,,,872=,Tanina,1
,,,,872=,Tanveer,1
,,,,872=,Tanyara,1
,,,,872=,Tara-Jane,1
,,,,872=,Tarnjeet,1
,,,,872=,Tarra,1
,,,,872=,Tasmeia,1
,,,,872=,Tearaj,1
,,,,872=,Tegan,1
,,,,872=,Tennille,1
,,,,872=,Terri-Anne,1
,,,,872=,Terrie-Anne,1
,,,,872=,Terry,1
,,,,872=,The,1
,,,,872=,Thomas,1
,,,,872=,Tiersa,1
,,,,872=,Tieu,1
,,,,872=,Tinke,1
,,,,872=,Tonya,1
,,,,872=,Tracey-Anne,1
,,,,872=,Tracy-Ann,1
,,,,872=,Trena,1
,,,,872=,Tricia,1
,,,,872=,Trudi,1
,,,,872=,Tsui,1
,,,,872=,Tui-Yee,1
,,,,872=,Tulta,1
,,,,872=,Tung,1
,,,,872=,Tuyet,1
,,,,872=,Tynille,1
,,,,872=,Tyree,1
,,,,872=,Ummaima-Uz-Zohr,1
,,,,872=,Una,1
,,,,872=,Unbreen,1
,,,,872=,Unmber,1
,,,,872=,Urchana,1
,,,,872=,Uthpala,1
,,,,872=,Uwakokunre,1
,,,,872=,Uyai,1
,,,,872=,V'harie,1
,,,,872=,Vaila,1
,,,,872=,Valentine,1
,,,,872=,Valery,1
,,,,872=,Valeska,1
,,,,872=,Valija,1
,,,,872=,Vanita,1
,,,,872=,Vanya-Louise,1
,,,,872=,Venetia,1
,,,,872=,Venus,1
,,,,872=,Veronika,1
,,,,872=,Veronique,1
,,,,872=,Vicky-Lea,1
,,,,872=,Vienna,1
,,,,872=,Violet,1
,,,,872=,Vivian,1
,,,,872=,Vivianne,1
,,,,872=,Wai,1
,,,,872=,Wallis,1
,,,,872=,Waverlay,1
,,,,872=,Wendi,1
,,,,872=,Wendie,1
,,,,872=,Wiam,1
,,,,872=,Widat,1
,,,,872=,Wifaq,1
,,,,872=,Willa,1
,,,,872=,Wing,1
,,,,872=,Winnifred,1
,,,,872=,Winse,1
,,,,872=,Xanthe,1
,,,,872=,Xarifa,1
,,,,872=,Yasmen,1
,,,,872=,Yee,1
,,,,872=,Yehowabehwe,1
,,,,872=,Yen,1
,,,,872=,York,1
,,,,872=,Yuet,1
,,,,872=,Zaharena,1
,,,,872=,Zahedah,1
,,,,872=,Zahra'a,1
,,,,872=,Zainub,1
,,,,872=,Zanobia,1
,,,,872=,Zareena,1
,,,,872=,Zehal,1
,,,,872=,Zilai-Humma,1
,,,,872=,Zina,1
,,,,872=,Zinub,1
,,,,872=,Zoei,1
,,,,872=,Zoey,1
,,,,872=,Zohreh,1
,,,,872=,Zowie,1
,,,,872=,Zulekha,1
,,,,,,
� Crown Copyright 2015,,,,,,
