Babies' first forenames: births registered in Scotland in 1993,,,,,,
,,,,,,
Information about the basis of the list can be found via the 'Babies' First Names' page on the National Records of Scotland website.,,,,,,
,,,,,,
Boys,,,,Girls,,
,,,,,,
Position,Name,Number of babies,,Position,Name,Number of babies
1,Andrew,1099,,1,Emma,794
2,Ryan,922,,2,Rebecca,755
3,David,908,,3,Lauren,703
4,Scott,848,,4,Laura,677
5,James,791,,5,Amy,643
6,Michael,784,,6,Sarah,603
7,Christopher,780,,7,Nicole,585
8,Ross,766,,8,Rachel,555
9,Craig,706,,9,Stephanie,481
10,Jordan,664,,10,Hannah,464
11,Daniel,641,,11,Jennifer,463
12,Jamie,622,,12,Kirsty,449
13,John,554,,13,Megan,443
14,Steven,513,,14,Danielle,409
15,Sean,488,,15,Claire,387
16,Mark,478,,16,Nicola,376
17,Liam,446,,17,Samantha,369
18,Lewis,407,,18,Gemma,362
19,Stuart,406,,19,Lisa,333
20=,Matthew,396,,20,Natalie,321
20=,Paul,396,,21,Louise,298
22,Thomas,394,,22,Jade,280
23=,Robert,391,,23,Ashley,270
23=,Stephen,391,,24,Shannon,267
25,Connor,387,,25,Chloe,259
26,Callum,385,,26=,Caitlin,230
27,Cameron,356,,26=,Fiona,230
28,Darren,343,,28,Hayley,221
29,Calum,334,,29,Kayleigh,219
30,Jack,321,,30=,Katie,218
31,Gary,312,,30=,Rachael,218
32,Adam,303,,32,Melissa,217
33,Alexander,302,,33,Sophie,213
34,William,299,,34,Heather,212
35,Kieran,292,,35,Ashleigh,210
36,Kyle,276,,36,Emily,190
37,Jonathan,260,,37,Natasha,188
38,Fraser,250,,38,Amanda,185
39,Grant,249,,39,Chelsea,184
40,Dean,240,,40=,Eilidh,182
41,Kevin,237,,40=,Lucy,182
42,Shaun,235,,42,Stacey,180
43,Martin,229,,43,Kelly,172
44,Lee,220,,44,Jodie,168
45,Alan,174,,45,Robyn,163
46,Iain,171,,46=,Kerry,159
47,Gavin,162,,46=,Victoria,159
48,Peter,159,,46=,Zoe,159
49,Dylan,158,,49,Holly,157
50,Euan,157,,50,Gillian,155
51,Dale,156,,51,Catherine,154
52=,Aaron,155,,52,Erin,149
52=,Conor,155,,53,Michelle,136
54,Greg,152,,54,Jessica,134
55,Jason,151,,55,Kimberley,127
56,Marc,149,,56,Kirsten,125
57,Alistair,135,,57,Aimee,121
58,Nathan,134,,58,Charlotte,119
59,Joseph,133,,59,Alison,117
60,Joshua,132,,60,Jenna,115
61,Richard,131,,61,Anna,110
62,Anthony,130,,62,Catriona,107
63,Nicholas,125,,63,Elizabeth,106
64=,Blair,124,,64,Siobhan,105
64=,Samuel,124,,65,Kathryn,101
66,Declan,123,,66=,Christina,100
67,Neil,118,,66=,Naomi,100
68=,Benjamin,113,,68,Joanne,96
68=,Stewart,113,,69,Leanne,94
70,Aidan,111,,70,Caroline,92
71,Graeme,110,,71=,Jemma,90
72,Colin,106,,71=,Rebekah,90
73,Ewan,105,,73,Katherine,88
74,Allan,104,,74=,Alana,84
75=,Ben,101,,74=,Alexandra,84
75=,Ian,101,,76,Nicolle,80
77=,Brian,98,,77,Lindsay,79
77=,Graham,98,,78,Cheryl,76
79,Gordon,96,,79,Lynsey,75
80,Duncan,95,,80,Karen,73
81,George,92,,81,Cara,72
82,Sam,90,,82,Demi,71
83,Robbie,89,,83=,Lorna,69
84,Douglas,86,,83=,Mhairi,69
85,Gregor,84,,85,Julie,67
86,Luke,83,,86,Joanna,66
87,Jake,78,,87=,Bethany,64
88,Patrick,77,,87=,Jordan,64
89,Rory,74,,89=,Clare,62
90,Alasdair,73,,89=,Jacqueline,62
91,Kenneth,68,,89=,Toni,62
92,Charles,67,,92=,Hazel,61
93,Rhys,65,,92=,Paula,61
94,Josh,64,,94=,Alice,58
95,Philip,63,,94=,Maria,58
96,Barry,62,,94=,Olivia,58
97,Alastair,60,,94=,Suzanne,58
98,Garry,58,,94=,Taylor,58
99,Angus,57,,99=,Amber,57
100=,Daryl,55,,99=,Chantelle,57
100=,Simon,55,,99=,Helen,57
102,Niall,54,,99=,Ruth,57
103=,Greig,53,,99=,Shona,57
103=,Mohammed,53,,104=,Deborah,56
105=,Donald,52,,104=,Mairi,56
105=,Gareth,52,,104=,Sara,56
105=,Martyn,52,,107=,Angela,54
105=,Murray,52,,107=,Carly,54
105=,Owen,52,,109,Courtney,52
110,Reece,51,,110,Katrina,51
111=,Bradley,50,,111,Hollie,50
111=,Edward,50,,112=,Adele,49
113,Derek,49,,112=,Beth,49
114=,Bryan,48,,112=,Kelsey,49
114=,Glen,48,,112=,Kirstie,49
116=,Ciaran,47,,112=,Mary,49
116=,Dominic,47,,117=,Lyndsay,48
116=,Jay,47,,117=,Michaela,48
119,Taylor,42,,117=,Paige,48
120=,Aiden,40,,117=,Shannen,48
120=,Keith,40,,121=,Kim,47
120=,Max,40,,121=,Nikki,47
123=,Marcus,39,,123=,Ailsa,46
123=,Oliver,39,,123=,Kate,46
125,Joe,38,,123=,Linzi,46
126,Brendan,36,,123=,Susan,46
127=,Glenn,35,,127,Jasmine,45
127=,Ruairidh,35,,128,Ainsley,43
129=,Finlay,34,,129=,Charlene,42
129=,Harry,34,,129=,Christine,42
129=,Jon,34,,129=,Kerri,42
129=,Keiran,34,,129=,Nadine,42
129=,Stefan,34,,133=,Abigail,41
134,Hugh,31,,133=,Iona,41
135,Jonathon,30,,135,Kathleen,40
136=,Bruce,29,,136=,Ellen,39
136=,Kris,29,,136=,Kirstin,39
136=,Mathew,29,,136=,Pamela,39
136=,Shane,29,,136=,Roisin,39
140=,Alex,28,,140=,Abbie,38
140=,Antony,28,,140=,Carrie,38
140=,Calvin,28,,140=,Donna,38
140=,Hamish,28,,140=,Stacy,38
140=,Louis,28,,144=,Debbie,37
140=,Raymond,28,,144=,Leah,37
140=,Russell,28,,146=,Katy,36
147=,Corey,27,,146=,Lesley,36
147=,Kerr,27,,148=,Jill,35
147=,Kristopher,27,,148=,Simone,35
147=,Robin,27,,148=,Yasmin,35
147=,Ruaridh,27,,151=,Kara,34
152,Billy,26,,151=,Leigh,34
153=,Drew,25,,151=,Shauni,34
153=,Elliot,25,,154,Melanie,33
153=,Frazer,25,,155=,Lyndsey,32
153=,Mohammad,25,,155=,Tamara,32
153=,Tom,25,,157=,Eleanor,31
158=,Arran,24,,157=,Jane,31
158=,Conner,24,,157=,Julia,31
158=,Fergus,24,,157=,Shelley,31
161=,Jacob,23,,157=,Tammy,31
161=,Keir,23,,162,Dionne,30
161=,Kristofer,23,,163=,Jillian,29
164=,Darryl,22,,163=,Sinead,29
164=,Gerard,22,,165=,Francesca,28
164=,Lloyd,22,,165=,Meghan,28
164=,Struan,22,,165=,Vikki,28
168,Danny,21,,168=,Georgia,27
169=,Blake,20,,168=,Jamie,27
169=,Damien,20,,168=,Lindsey,27
169=,Justin,20,,168=,Morgan,27
169=,Malcolm,20,,168=,Zara,27
169=,Ronan,20,,173=,Brogan,26
174=,Arron,19,,173=,Kimberly,26
174=,Evan,19,,173=,Rhona,26
174=,Jed,19,,176=,Amie,25
177=,Jordon,18,,176=,Carla,25
177=,Tony,18,,176=,Dawn,25
179=,Johnathan,17,,176=,Nadia,25
179=,Leon,17,,176=,Sian,25
179=,Terry,17,,181=,Eve,24
182=,Brandon,16,,181=,Isla,24
182=,Brett,16,,181=,Lori,24
182=,Damian,16,,181=,Marie,24
182=,Francis,16,,181=,Rosie,24
182=,Henry,16,,181=,Tanya,24
182=,Kieron,16,,187=,Aileen,23
182=,Timothy,16,,187=,Anne,23
189=,Guy,15,,187=,Bryony,23
189=,Kieren,15,,187=,Christie,23
191=,Darrell,14,,187=,Ciara,23
191=,Joel,14,,187=,Lynne,23
191=,Mitchell,14,,187=,Margaret,23
191=,Roderick,14,,187=,Maxine,23
191=,Sandy,14,,187=,Rosemary,23
196=,Campbell,13,,187=,Vanessa,23
196=,Ewen,13,,197=,Abby,22
196=,Logan,13,,197=,April,22
196=,Ronald,13,,197=,Brooke,22
200=,Corrie,12,,197=,Denise,22
200=,Dayle,12,,197=,Elaine,22
200=,Eoin,12,,197=,Jayne,22
200=,Kelvin,12,,197=,Lorraine,22
200=,Maxwell,12,,197=,Molly,22
200=,Omar,12,,197=,Rose,22
200=,Zak,12,,206=,Alisha,21
207=,Brad,11,,206=,Colleen,21
207=,Gregg,11,,206=,Ellis,21
207=,Kristoffer,11,,206=,Gayle,21
207=,Nico,11,,206=,Georgina,21
207=,Scot,11,,206=,Rhiannon,21
212=,Bobby,10,,212=,Andrea,20
212=,Darryn,10,,212=,Antonia,20
212=,Dillon,10,,212=,Becky,20
212=,Ethan,10,,212=,Briony,20
212=,Findlay,10,,212=,Chelsey,20
212=,Hayden,10,,212=,Fern,20
212=,Isaac,10,,212=,Sally,20
212=,Karl,10,,212=,Sharon,20
212=,Lawrence,10,,212=,Vicky,20
212=,Lyle,10,,221=,Alanna,19
212=,Usman,10,,221=,Alicia,19
223=,Alec,9,,221=,Colette,19
223=,Ali,9,,221=,Connie,19
223=,Anton,9,,221=,Jenny,19
223=,Chris,9,,221=,Kerrie,19
223=,Connar,9,,221=,Lana,19
223=,Eric,9,,221=,Laurie,19
223=,Frank,9,,221=,Linda,19
223=,Gerald,9,,221=,Madeleine,19
223=,Harris,9,,221=,Patricia,19
223=,Lachlan,9,,221=,Tara,19
223=,Laurence,9,,233=,Eilish,18
223=,Mohamed,9,,233=,Harriet,18
223=,Muhammad,9,,233=,Leona,18
223=,Ricky,9,,233=,Mandy,18
223=,Roy,9,,233=,Monica,18
223=,Ruaraidh,9,,233=,Morag,18
223=,Shawn,9,,233=,Niamh,18
223=,Wayne,9,,233=,Rowan,18
241=,Alister,8,,241=,Alix,17
241=,Brodie,8,,241=,Annie,17
241=,Cal,8,,241=,Carol,17
241=,Charlie,8,,241=,Grace,17
241=,Conar,8,,241=,Hayleigh,17
241=,Ellis,8,,241=,Keri,17
241=,Hassan,8,,241=,Marianne,17
241=,Johnny,8,,241=,Morven,17
241=,Kane,8,,241=,Shauna,17
241=,Magnus,8,,241=,Tracey,17
241=,Marco,8,,241=,Yvonne,17
241=,Neal,8,,252=,Alyson,16
241=,Tomas,8,,252=,Ann,16
241=,Tommy,8,,252=,Caitlyn,16
241=,Tyler,8,,252=,Dannielle,16
241=,Vincent,8,,252=,Diane,16
257=,Aden,7,,252=,Gabrielle,16
257=,Barrie,7,,252=,Jasmin,16
257=,Bilal,7,,252=,Jodi,16
257=,Bryce,7,,252=,Lara,16
257=,Cailean,7,,252=,Roxanne,16
257=,Curtis,7,,252=,Sarah-Louise,16
257=,Damon,7,,252=,Shelby,16
257=,Darrel,7,,264=,Alannah,15
257=,Dennis,7,,264=,Allana,15
257=,Frederick,7,,264=,Ellie,15
257=,Jackson,7,,264=,Jamie-Lee,15
257=,Jared,7,,264=,Philippa,15
257=,Kirk,7,,264=,Teri,15
257=,Kristian,7,,264=,Vicki,15
257=,Laurie,7,,271=,Allison,14
257=,Leigh,7,,271=,Charmaine,14
257=,Leo,7,,271=,Hope,14
257=,Lucas,7,,271=,India,14
257=,Morgan,7,,271=,Jordyn,14
257=,Nicky,7,,271=,Justine,14
257=,Qasim,7,,271=,Lois,14
257=,Ruairi,7,,271=,Louisa,14
257=,Stevie,7,,271=,Lynn,14
257=,Terence,7,,271=,Tiffany,14
257=,Zach,7,,281=,Bethan,13
282=,Adil,6,,281=,Billie,13
282=,Ahmed,6,,281=,Christy,13
282=,Alisdair,6,,281=,Imogen,13
282=,Allister,6,,281=,Johanna,13
282=,Amir,6,,281=,Karis,13
282=,Ashley,6,,281=,Kay,13
282=,Callan,6,,281=,Kayley,13
282=,Clark,6,,281=,Kellie,13
282=,Elliott,6,,281=,Sarah-Jane,13
282=,Gregory,6,,291=,Corrie,12
282=,Kai,6,,291=,Debra,12
282=,Kevan,6,,291=,Frances,12
282=,Kurt,6,,291=,Gail,12
282=,Leslie,6,,291=,Hailey,12
282=,Lindsay,6,,291=,Janine,12
282=,Nathaniel,6,,291=,Keira,12
282=,Nicol,6,,291=,Lee,12
282=,Norman,6,,291=,Leeanne,12
282=,Ramsay,6,,291=,Lianne,12
282=,Seamus,6,,291=,Marissa,12
282=,Steffan,6,,291=,Sasha,12
282=,Zachary,6,,291=,Terri,12
282=,Zain,6,,304=,Adelle,11
305=,Archie,5,,304=,Ailie,11
305=,Austin,5,,304=,Alex,11
305=,Blaine,5,,304=,Ami,11
305=,Christian,5,,304=,Amy-Louise,11
305=,Conal,5,,304=,Bianca,11
305=,Dario,5,,304=,Casey,11
305=,Daryll,5,,304=,Eva,11
305=,Daryn,5,,304=,Faye,11
305=,Faisal,5,,304=,Haley,11
305=,Fearghas,5,,304=,Jayde,11
305=,Felix,5,,304=,Kirstyn,11
305=,Grahame,5,,304=,Kristina,11
305=,Harrison,5,,304=,Leonie,11
305=,Haydn,5,,304=,Maryam,11
305=,Hector,5,,304=,Nikita,11
305=,Jai,5,,304=,Pauline,11
305=,John-Paul,5,,304=,Rona,11
305=,Johnathon,5,,304=,Roslyn,11
305=,Kamran,5,,304=,Sophia,11
305=,Kashif,5,,304=,Stacie,11
305=,Murdo,5,,304=,Tegan,11
305=,Nicolas,5,,304=,Wendy,11
305=,Oscar,5,,327=,Alexandria,10
305=,Rikki,5,,327=,Candice,10
305=,Ritchie,5,,327=,Carolyn,10
305=,Rob,5,,327=,Clair,10
305=,Samir,5,,327=,Claudia,10
305=,Trevor,5,,327=,Daniella,10
305=,Warren,5,,327=,Ella,10
334=,Adrian,4,,327=,Freya,10
334=,Allen,4,,327=,Janet,10
334=,Andy,4,,327=,Joy,10
334=,Aran,4,,327=,Katharine,10
334=,Ayden,4,,327=,Lynsay,10
334=,Benedict,4,,327=,Miriam,10
334=,Bernard,4,,327=,Rebekka,10
334=,Cavan,4,,327=,Rhea,10
334=,Chad,4,,327=,Shanice,10
334=,Christy,4,,327=,Shannan,10
334=,Clarke,4,,327=,Sheree,10
334=,Cole,4,,327=,Shereen,10
334=,Connaire,4,,327=,Sheryl,10
334=,Cory,4,,347=,Ailish,9
334=,Darrin,4,,347=,Aisha,9
334=,Deane,4,,347=,Alanah,9
334=,Derry,4,,347=,Alexis,9
334=,Diarmid,4,,347=,Ayesha,9
334=,Eamonn,4,,347=,Bernadette,9
334=,Hamza,4,,347=,Bobbie,9
334=,Harley,4,,347=,Bronwyn,9
334=,Harvey,4,,347=,Cally,9
334=,Jeff,4,,347=,Carmen,9
334=,Jordyn,4,,347=,Carolanne,9
334=,Keeran,4,,347=,Cassandra,9
334=,Kenny,4,,347=,Chiara,9
334=,Kurtis,4,,347=,Daisy,9
334=,Lorne,4,,347=,Dana,9
334=,Lyall,4,,347=,Emma-Louise,9
334=,Mason,4,,347=,Evelyn,9
334=,Maximillian,4,,347=,Flora,9
334=,Muhammed,4,,347=,Gabriella,9
334=,Myles,4,,347=,Gaynor,9
334=,Nairn,4,,347=,Jean,9
334=,Nikki,4,,347=,Jenni,9
334=,Phillip,4,,347=,Kym,9
334=,Reiss,4,,347=,Leigh-Anne,9
334=,Ronnie,4,,347=,Martha,9
334=,Seumas,4,,347=,Martine,9
334=,Sonny,4,,347=,Mhari,9
334=,Stefano,4,,347=,Nina,9
334=,Syed,4,,347=,Rochelle,9
334=,Victor,4,,347=,Shaunie,9
334=,Zack,4,,347=,Susannah,9
378=,Aaran,3,,347=,Tracy,9
378=,Abbas,3,,379=,Abbey,8
378=,Abdul,3,,379=,Allanah,8
378=,Abdullah,3,,379=,Alyssa,8
378=,Adeel,3,,379=,Amelia,8
378=,Ahmad,3,,379=,Arlene,8
378=,Allistair,3,,379=,Callie,8
378=,Ally,3,,379=,Camilla,8
378=,Allyn,3,,379=,Cassie,8
378=,Angelo,3,,379=,Chanelle,8
378=,Archibald,3,,379=,Charis,8
378=,Aron,3,,379=,Chelsie,8
378=,Brody,3,,379=,Collette,8
378=,Bruno,3,,379=,Coral,8
378=,Cairn,3,,379=,Dianne,8
378=,Cody,3,,379=,Dominique,8
378=,Colm,3,,379=,Elena,8
378=,Connal,3,,379=,Erika,8
378=,Darryll,3,,379=,Geraldine,8
378=,Del,3,,379=,Henna,8
378=,Dene,3,,379=,Judith,8
378=,Derrick,3,,379=,Kaitlin,8
378=,Edwin,3,,379=,Kaitlyn,8
378=,Eoghan,3,,379=,Katriona,8
378=,Farhan,3,,379=,Kiera,8
378=,Finn,3,,379=,Leigh-Ann,8
378=,Garreth,3,,379=,Leoni,8
378=,Giancarlo,3,,379=,Linsey,8
378=,Imran,3,,379=,Lucie,8
378=,Jaimie,3,,379=,Lucinda,8
378=,Jedd,3,,379=,Mairead,8
378=,Josef,3,,379=,Natalia,8
378=,Kasim,3,,379=,Roseanne,8
378=,Kiefer,3,,379=,Ruby,8
378=,Lauchlan,3,,379=,Tamsin,8
378=,Leonard,3,,379=,Tasmin,8
378=,Levi,3,,379=,Tayler,8
378=,Luis,3,,379=,Tyler,8
378=,Mahomed,3,,416=,Ainsleigh,7
378=,Marcello,3,,416=,Audrey,7
378=,Marley,3,,416=,Ceilidh,7
378=,Mikey,3,,416=,Clara,7
378=,Mitchel,3,,416=,Cody,7
378=,Moray,3,,416=,Corinne,7
378=,Muir,3,,416=,Corrine,7
378=,Nabeel,3,,416=,Deanna,7
378=,Ray,3,,416=,Eileen,7
378=,Richie,3,,416=,Elisabeth,7
378=,Robb,3,,416=,Erica,7
378=,Roddy,3,,416=,Harley,7
378=,Rogan,3,,416=,Hilary,7
378=,Roshan,3,,416=,Isabel,7
378=,Ruari,3,,416=,Jaclyn,7
378=,Sebastian,3,,416=,Jay,7
378=,Sohail,3,,416=,Karyn,7
378=,Steve,3,,416=,Kelsie,7
378=,Sultan,3,,416=,Kirsteen,7
378=,Tobias,3,,416=,Kristie,7
378=,Tristan,3,,416=,Kristy,7
378=,Troy,3,,416=,Larissa,7
378=,Umar,3,,416=,Lisa-Marie,7
378=,Umer,3,,416=,Loren,7
440=,Abd,2,,416=,Lydia,7
440=,Adnan,2,,416=,Lynda,7
440=,Aeden,2,,416=,Marion,7
440=,Aftab,2,,416=,Nichola,7
440=,Alain,2,,416=,Nichole,7
440=,Albert,2,,416=,Phoebe,7
440=,Alfred,2,,416=,Romy,7
440=,Alfredo,2,,416=,Rosa,7
440=,Amar,2,,416=,Rosalind,7
440=,Antoni,2,,416=,Selina,7
440=,Antonio,2,,416=,Shaunna,7
440=,Aqib,2,,416=,Shaunni,7
440=,Arif,2,,416=,Skye,7
440=,Arthur,2,,416=,Sonia,7
440=,Asad,2,,416=,Stefanie,7
440=,Asher,2,,416=,Stevie,7
440=,Ashraf,2,,416=,Susanne,7
440=,Aslam,2,,416=,Tabitha,7
440=,Aston,2,,416=,Tammi,7
440=,Atholl,2,,416=,Tania,7
440=,Aydan,2,,416=,Yasmine,7
440=,Blane,2,,416=,Zoey,7
440=,Bleu,2,,462=,Anastasia,6
440=,Brady,2,,462=,Annabel,6
440=,Brennan,2,,462=,Barbara,6
440=,Brent,2,,462=,Brodie,6
440=,Brydon,2,,462=,Carina,6
440=,Bryn,2,,462=,Cherie,6
440=,Byron,2,,462=,Constance,6
440=,Callam,2,,462=,Emma-Jane,6
440=,Carlo,2,,462=,Evie,6
440=,Carlton,2,,462=,Fallon,6
440=,Che,2,,462=,Fay,6
440=,Chi,2,,462=,Florence,6
440=,Christie,2,,462=,Hanna,6
440=,Chun,2,,462=,Isabella,6
440=,Clint,2,,462=,Isobel,6
440=,Conall,2,,462=,Jan,6
440=,Conan,2,,462=,Jody,6
440=,Connan,2,,462=,Jordanne,6
440=,Cormac,2,,462=,Josephine,6
440=,Creag,2,,462=,Karina,6
440=,Dagan,2,,462=,Karla,6
440=,Damion,2,,462=,Katelyn,6
440=,Dan,2,,462=,Keely,6
440=,Daren,2,,462=,Kiran,6
440=,Darin,2,,462=,Kristi,6
440=,Dariusz,2,,462=,Layla,6
440=,Denholm,2,,462=,Leighanne,6
440=,Denis,2,,462=,Leila,6
440=,Dillan,2,,462=,Rachelle,6
440=,Dustin,2,,462=,Rhianne,6
440=,Emmet,2,,462=,Savannah,6
440=,Fabian,2,,462=,Sheena,6
440=,Fabio,2,,462=,Sheridan,6
440=,Fintan,2,,462=,Sorcha,6
440=,Francesco,2,,462=,Tessa,6
440=,Frankie,2,,497=,Adrienne,5
440=,Gabriel,2,,497=,Ainslie,5
440=,Gage,2,,497=,Aisling,5
440=,Geordie,2,,497=,Aleisha,5
440=,Giovanni,2,,497=,Ashlyn,5
440=,Haaris,2,,497=,Bobbi,5
440=,Harpreet,2,,497=,Bonnie,5
440=,Heather,2,,497=,Catrina,5
440=,Idrees,2,,497=,Charley,5
440=,Innes,2,,497=,Cherise,5
440=,Irfan,2,,497=,Crystal,5
440=,Iyan,2,,497=,Elise,5
440=,Jackie,2,,497=,Elisha,5
440=,Jak,2,,497=,Elle,5
440=,Jamal,2,,497=,Eloise,5
440=,Jamil,2,,497=,Elspeth,5
440=,Jan,2,,497=,Emilie,5
440=,Jarvis,2,,497=,Esther,5
440=,Jaskaran,2,,497=,Finlay,5
440=,Jefferson,2,,497=,Genna,5
440=,Jeremy,2,,497=,Gina,5
440=,Jeroen,2,,497=,Holli,5
440=,Jerome,2,,497=,Ikra,5
440=,Jess,2,,497=,Iman,5
440=,Jory,2,,497=,Jaimie,5
440=,Joss,2,,497=,Jamielee,5
440=,Julian,2,,497=,Janna,5
440=,Ka,2,,497=,Jaye,5
440=,Kal,2,,497=,Jilly,5
440=,Keanu,2,,497=,Juliet,5
440=,Keenan,2,,497=,Kaylee,5
440=,Keiren,2,,497=,Kirsti,5
440=,Keiron,2,,497=,Levi,5
440=,Keirran,2,,497=,Lily,5
440=,Khalid,2,,497=,Maree,5
440=,Kiaran,2,,497=,Mariam,5
440=,Kier,2,,497=,Melody,5
440=,Kierin,2,,497=,Mollie,5
440=,King,2,,497=,Rhian,5
440=,Kiran,2,,497=,Rhianna,5
440=,Konor,2,,497=,Roberta,5
440=,Kraig,2,,497=,Rosanna,5
440=,Kriss,2,,497=,Sabrina,5
440=,Kyran,2,,497=,Sandra,5
440=,Lawrie,2,,497=,Seona,5
440=,Leroy,2,,497=,Shanna,5
440=,Lliam,2,,497=,Sheila,5
440=,Lorenzo,2,,497=,Sofia,5
440=,Manvir,2,,497=,Steffi,5
440=,Marcos,2,,497=,Veronica,5
440=,Marty,2,,547=,Abbi,4
440=,Matt,2,,547=,Anum,4
440=,Mehran,2,,547=,Asha,4
440=,Meredith,2,,547=,Athena,4
440=,Micheal,2,,547=,Aynsley,4
440=,Miller,2,,547=,Beatrice,4
440=,Mohsen,2,,547=,Belinda,4
440=,Mohsin,2,,547=,Bethanie,4
440=,Morton,2,,547=,Brittany,4
440=,Munro,2,,547=,Carlie,4
440=,Nadeem,2,,547=,Carolann,4
440=,Nadir,2,,547=,Carole,4
440=,Naveed,2,,547=,Carys,4
440=,Neale,2,,547=,Cathleen,4
440=,Neill,2,,547=,Cecilia,4
440=,Nickolas,2,,547=,Ceri,4
440=,Nik,2,,547=,Chantal,4
440=,Nikolai,2,,547=,Charlie,4
440=,Nikolas,2,,547=,Chelsi,4
440=,Omer,2,,547=,Coleen,4
440=,Ossian,2,,547=,Danni,4
440=,Rachel,2,,547=,Daryl,4
440=,Rafal,2,,547=,Dee,4
440=,Ralph,2,,547=,Diana,4
440=,Redmond,2,,547=,Elinor,4
440=,Rhuaraidh,2,,547=,Errin,4
440=,Rhuari,2,,547=,Farrah,4
440=,Rian,2,,547=,Felicity,4
440=,Ricardo,2,,547=,Helena,4
440=,Riccardo,2,,547=,Isabelle,4
440=,Ricki,2,,547=,Jemima,4
440=,Robby,2,,547=,Jo-Anne,4
440=,Rohan,2,,547=,Julie-Anne,4
440=,Rudi,2,,547=,Kari,4
440=,Rustam,2,,547=,Karlene,4
440=,Salman,2,,547=,Keighley,4
440=,Sammy,2,,547=,Keren,4
440=,Sanjay,2,,547=,Kira,4
440=,Saqib,2,,547=,Kristen,4
440=,Saul,2,,547=,Kyra,4
440=,Shannon,2,,547=,Lillian,4
440=,Sinclair,2,,547=,Linsay,4
440=,Solomon,2,,547=,Liza,4
440=,Stanley,2,,547=,Lyn,4
440=,Stefanos,2,,547=,Madison,4
440=,Subhan,2,,547=,Maeve,4
440=,Suhail,2,,547=,Marisa,4
440=,Theo,2,,547=,Marnie,4
440=,Thorfinn,2,,547=,Maryann,4
440=,Tim,2,,547=,May,4
440=,Toby,2,,547=,Meagan,4
440=,Todd,2,,547=,Mehreen,4
440=,Tor,2,,547=,Penny,4
440=,Tyrone,2,,547=,Poppy,4
440=,Wahid,2,,547=,Renee,4
440=,Wallace,2,,547=,Rhiann,4
440=,Walter,2,,547=,Rosalyn,4
440=,Wan,2,,547=,Sacha,4
440=,Waqas,2,,547=,Sammy-Jo,4
440=,Wesley,2,,547=,Sandie,4
440=,Yannick,2,,547=,Saskia,4
440=,Yiu,2,,547=,Serena,4
440=,Zac,2,,547=,Shana,4
440=,Zaid,2,,547=,Staci,4
440=,Zaki,2,,547=,Stella,4
440=,Zane,2,,547=,Summer,4
440=,Zen,2,,547=,Sylvia,4
440=,Zohaib,2,,547=,Symone,4
440=,Zubair,2,,547=,Tami,4
616=,Aadam,1,,547=,Tess,4
616=,Aamar,1,,547=,Theresa,4
616=,Aaqib,1,,547=,Verity,4
616=,Aareon,1,,547=,Vhairi,4
616=,Aaron-Stewart,1,,547=,Vivien,4
616=,Aaronjit,1,,547=,Vivienne,4
616=,Aarran,1,,547=,Zahra,4
616=,Aarron,1,,623=,Afton,3
616=,Abdel,1,,623=,Ailidh,3
616=,Abdu,1,,623=,Aishah,3
616=,Abdul-Karim,1,,623=,Alexa,3
616=,Abdul-Rahim,1,,623=,Alisa,3
616=,Abdula,1,,623=,Allyson,3
616=,Abdulghader,1,,623=,Alysha,3
616=,Abdulla,1,,623=,Amina,3
616=,Abdulrahman,1,,623=,Amna,3
616=,Abdurrahman,1,,623=,Anam,3
616=,Abhaijit,1,,623=,Aneesah,3
616=,Abid,1,,623=,Angie,3
616=,Abraar,1,,623=,Anita,3
616=,Abubaker,1,,623=,Anne-Marie,3
616=,Abud-Alrhman,1,,623=,Anya,3
616=,Adden,1,,623=,Aoife,3
616=,Addison,1,,623=,Arusa,3
616=,Adeeb,1,,623=,Ashlea,3
616=,Adel,1,,623=,Ashlee,3
616=,Adhil,1,,623=,Ashliegh,3
616=,Adian,1,,623=,Ashton,3
616=,Adin,1,,623=,Beverly,3
616=,Adnaan,1,,623=,Bridget,3
616=,Adrees,1,,623=,Briege,3
616=,Adrien,1,,623=,Bronwen,3
616=,Aedan,1,,623=,Brooklyn,3
616=,Afzal,1,,623=,Camille,3
616=,Ahamad,1,,623=,Carlyn,3
616=,Ahmir,1,,623=,Carrie-Ann,3
616=,Aidyn,1,,623=,Carrie-Anne,3
616=,Aimen,1,,623=,Carron,3
616=,Ajayraj,1,,623=,Chanice,3
616=,Akib,1,,623=,Chantel,3
616=,Akram,1,,623=,Cherelle,3
616=,Akwal,1,,623=,Cherilyn,3
616=,Alac,1,,623=,Chevonne,3
616=,Alaf,1,,623=,Cheyanne,3
616=,Alan-James,1,,623=,Claire-Louise,3
616=,Alastar,1,,623=,Clarissa,3
616=,Alastiar,1,,623=,Cora,3
616=,Albaraa,1,,623=,Corey,3
616=,Aleef,1,,623=,Danika,3
616=,Alessandro,1,,623=,Darcy,3
616=,Alexander-James,1,,623=,Darryl,3
616=,Alexandre,1,,623=,Demi-Louise,3
616=,Alexandros,1,,623=,Devon,3
616=,Alexei,1,,623=,Dione,3
616=,Alick,1,,623=,Ebony,3
616=,Alistaire,1,,623=,Eden,3
616=,Alistar,1,,623=,Elaina,3
616=,Alix,1,,623=,Elisa,3
616=,Allastair,1,,623=,Elyse,3
616=,Alysandyr,1,,623=,Evangeline,3
616=,Alyxs,1,,623=,Farah,3
616=,Amad,1,,623=,Fatma,3
616=,Aman,1,,623=,Fionna,3
616=,Amiel,1,,623=,Ga,3
616=,Amirullah,1,,623=,Georgie,3
616=,Amit,1,,623=,Gianna,3
616=,Ammar,1,,623=,Gwen,3
616=,Amos,1,,623=,Hira,3
616=,Amrah,1,,623=,Iqra,3
616=,Amrik,1,,623=,Jacklyn,3
616=,Anas,1,,623=,Jaime,3
616=,Anderson,1,,623=,Jamie-Leigh,3
616=,Andi,1,,623=,Janette,3
616=,Andie,1,,623=,Jenifer,3
616=,Andreas,1,,623=,Jessie,3
616=,Andres,1,,623=,Johanne,3
616=,Andrew-James,1,,623=,Joni,3
616=,Anees,1,,623=,Jordane,3
616=,Anel,1,,623=,Jorden,3
616=,Anil,1,,623=,Josie,3
616=,Anish,1,,623=,Joyce,3
616=,Annam,1,,623=,Julianne,3
616=,Annus,1,,623=,Julie-Ann,3
616=,Anson,1,,623=,Kaleigh,3
616=,Antanis,1,,623=,Karin,3
616=,Antoine,1,,623=,Karine,3
616=,Antonie,1,,623=,Karly,3
616=,Anuraag,1,,623=,Katrine,3
616=,Anuss,1,,623=,Kelli,3
616=,Aodan,1,,623=,Kelly-Ann,3
616=,Aonghas,1,,623=,Kerri-Anne,3
616=,Aqeel,1,,623=,Kerry-Anne,3
616=,Arfan,1,,623=,Kerry-Louise,3
616=,Arhum,1,,623=,Kerryann,3
616=,Arjen,1,,623=,Kloe,3
616=,Armaan,1,,623=,Laura-Ann,3
616=,Arman,1,,623=,Laura-Anne,3
616=,Armin,1,,623=,Leanna,3
616=,Arnold,1,,623=,Leesa,3
616=,Arrandeep,1,,623=,Leia,3
616=,Arren,1,,623=,Leighann,3
616=,Arri,1,,623=,Leisha,3
616=,Arslan,1,,623=,Lesley-Anne,3
616=,Art,1,,623=,Lia,3
616=,Arun,1,,623=,Luci,3
616=,Asam,1,,623=,Lucia,3
616=,Aseel,1,,623=,Luisa,3
616=,Ashleigh,1,,623=,Madeline,3
616=,Ashton,1,,623=,Maisie,3
616=,Asid,1,,623=,Mari,3
616=,Asim,1,,623=,Marley,3
616=,Assman,1,,623=,Martina,3
616=,Ataa,1,,623=,Maryanne,3
616=,Ataf,1,,623=,Meghann,3
616=,Atif,1,,623=,Melisa,3
616=,Atiqie,1,,623=,Michele,3
616=,Atta-Ur-Razzaq,1,,623=,Miranda,3
616=,Avess,1,,623=,Misha,3
616=,Awab,1,,623=,Nancy,3
616=,Awaiss,1,,623=,Necole,3
616=,Awaiz,1,,623=,Nikole,3
616=,Axel,1,,623=,Patrice,3
616=,Aybur,1,,623=,Polly,3
616=,Aynslie,1,,623=,Rae,3
616=,Ayoin,1,,623=,Raegan,3
616=,Azam,1,,623=,Rebbecca,3
616=,Azeem,1,,623=,Regan,3
616=,Aziz,1,,623=,Rhoda,3
616=,Azzam,1,,623=,Ria,3
616=,Baber,1,,623=,Rowena,3
616=,Balraj,1,,623=,Sadia,3
616=,Barnaby,1,,623=,Saira,3
616=,Barney,1,,623=,Salma,3
616=,Bart,1,,623=,Samara,3
616=,Basher,1,,623=,Sammy,3
616=,Bavo,1,,623=,Sanaa,3
616=,Bechir,1,,623=,Seonaid,3
616=,Beinn,1,,623=,Shareen,3
616=,Bejan,1,,623=,Sharleen,3
616=,Bejay,1,,623=,Shawn,3
616=,Ben-Ami,1,,623=,Shelly,3
616=,Benn,1,,623=,Stefani,3
616=,Bhaavin,1,,623=,Steffanie,3
616=,Bhupinder,1,,623=,Stephenie,3
616=,Bilaal,1,,623=,Stevi,3
616=,Blayney,1,,623=,Susanna,3
616=,Blue,1,,623=,Suzannah,3
616=,Bob,1,,623=,Tabatha,3
616=,Bora,1,,623=,Tina,3
616=,Boyd,1,,623=,Toni-Marie,3
616=,Braden,1,,623=,Vaila,3
616=,Brem,1,,623=,Valerie,3
616=,Brenden,1,,623=,Vhari,3
616=,Brendon,1,,623=,Vivian,3
616=,Bret,1,,623=,Wallis,3
616=,Brogan,1,,623=,Wing,3
616=,Brynn,1,,623=,Zainab,3
616=,Bryon,1,,773=,Abbigail,2
616=,Buster,1,,773=,Adilah,2
616=,Cailaen,1,,773=,Aicha,2
616=,Cailan,1,,773=,Ailis,2
616=,Caile,1,,773=,Aislinn,2
616=,Caillin,1,,773=,Alaa,2
616=,Cain,1,,773=,Aleena,2
616=,Caine,1,,773=,Alethea,2
616=,Cairan,1,,773=,Aleysha,2
616=,Cairen,1,,773=,Allegra,2
616=,Caithan,1,,773=,Alys,2
616=,Calder,1,,773=,Ambar,2
616=,Caleb,1,,773=,Ambika,2
616=,Callumn,1,,773=,Ameera,2
616=,Caluin,1,,773=,Ammarah,2
616=,Calumn,1,,773=,Ammie,2
616=,Caolan,1,,773=,Aneesa,2
616=,Cardo,1,,773=,Angelina,2
616=,Carey,1,,773=,Ann-Marie,2
616=,Carl,1,,773=,Annette,2
616=,Carlos,1,,773=,Annmarie,2
616=,Carwyn,1,,773=,Arabella,2
616=,Casey,1,,773=,Argyle,2
616=,Cassidy,1,,773=,Argyll,2
616=,Cathal,1,,773=,Ariane,2
616=,Cavin,1,,773=,Arianna,2
616=,Ceiran,1,,773=,Arianne,2
616=,Cem,1,,773=,Astrid,2
616=,Cesar,1,,773=,Autumn,2
616=,Chae,1,,773=,Ayla,2
616=,Charley,1,,773=,Aylish,2
616=,Charnjit,1,,773=,Aysha,2
616=,Chat,1,,773=,Beverley,2
616=,Chavez,1,,773=,Blair,2
616=,Chay,1,,773=,Breige,2
616=,Chee,1,,773=,Brenda,2
616=,Cheng,1,,773=,Brenna,2
616=,Chetan,1,,773=,Brianna,2
616=,Ching-Hsuan,1,,773=,Bronagh,2
616=,Chirag,1,,773=,Caley,2
616=,Chiu,1,,773=,Cali,2
616=,Chrisopher,1,,773=,Candy,2
616=,Ciar,1,,773=,Caragh,2
616=,Ciarain,1,,773=,Cari,2
616=,Cieran,1,,773=,Carlene,2
616=,Cierhan,1,,773=,Carol-Anne,2
616=,Clarence,1,,773=,Caron,2
616=,Claudio,1,,773=,Cassidy,2
616=,Clayton,1,,773=,Cassy,2
616=,Clounos,1,,773=,Cathryn,2
616=,Cohn,1,,773=,Ceara,2
616=,Cohnr,1,,773=,Ceit,2
616=,Col,1,,773=,Ceitidh,2
616=,Colan,1,,773=,Celeste,2
616=,Conah,1,,773=,Celine,2
616=,Coner,1,,773=,Cerys,2
616=,Conlan,1,,773=,Chanel,2
616=,Connon,1,,773=,Channon,2
616=,Connor-Jon,1,,773=,Charli,2
616=,Conrad,1,,773=,Chelcie,2
616=,Conran,1,,773=,Chelsea-Ann,2
616=,Corcy,1,,773=,Cherilynn,2
616=,Cori,1,,773=,Cherisse,2
616=,Corin,1,,773=,Chrissie,2
616=,Corri,1,,773=,Cindy,2
616=,Corrin,1,,773=,Ciorstaidh,2
616=,Covid,1,,773=,Claudine,2
616=,Crawford,1,,773=,Codie,2
616=,Crayg,1,,773=,Corinna,2
616=,Credie,1,,773=,Corri,2
616=,Crinan,1,,773=,Courtenay,2
616=,Cristopher,1,,773=,Cynthia,2
616=,Cuebong,1,,773=,Dale,2
616=,Cyrus,1,,773=,Dani,2
616=,Czeslaw,1,,773=,Dannii,2
616=,Daanyaal,1,,773=,Dannika,2
616=,Dael,1,,773=,Dara,2
616=,Dafydd,1,,773=,Darlene,2
616=,Daibhidh,1,,773=,Daryll,2
616=,Dalbir,1,,773=,David,2
616=,Dalton,1,,773=,Dayna,2
616=,Damein,1,,773=,Derri,2
616=,Danial,1,,773=,Dina,2
616=,Daniella,1,,773=,Edith,2
616=,Danil,1,,773=,Eillish,2
616=,Danilo,1,,773=,Elish,2
616=,Daniyal,1,,773=,Elissa,2
616=,Dannie,1,,773=,Ellise,2
616=,Darey,1,,773=,Ellyn,2
616=,Darius,1,,773=,Emer,2
616=,Darrian,1,,773=,Erinn,2
616=,Darril,1,,773=,Esme,2
616=,David-Liam,1,,773=,Evonne,2
616=,Davide,1,,773=,Ewa,2
616=,Davis,1,,773=,Falon,2
616=,Davy,1,,773=,Farhana,2
616=,Dawda,1,,773=,Fenella,2
616=,Dawoud,1,,773=,Ferne,2
616=,Dayne,1,,773=,Fozia,2
616=,Deaclan,1,,773=,Gar,2
616=,Decklyn,1,,773=,Hana,2
616=,Declan-James,1,,773=,Harpreet,2
616=,Decland,1,,773=,Haylie,2
616=,Declyn,1,,773=,Heidi,2
616=,Deen,1,,773=,Hollye,2
616=,Deklan,1,,773=,Honor,2
616=,Dellan,1,,773=,Inga,2
616=,Denny,1,,773=,Ingrid,2
616=,Denver,1,,773=,Iqrah,2
616=,Derec,1,,773=,Irene,2
616=,Dereck,1,,773=,Jami,2
616=,Deric,1,,773=,Janey,2
616=,Derri,1,,773=,Janice,2
616=,Derrin,1,,773=,Jazmin,2
616=,Dev,1,,773=,Jazmine,2
616=,Devran,1,,773=,Jeanette,2
616=,Devyn,1,,773=,Jeanine,2
616=,Dhara,1,,773=,Jennah,2
616=,Diarmad,1,,773=,Jess,2
616=,Diego,1,,773=,Jo,2
616=,Dieter,1,,773=,Jocelyn,2
616=,Dino,1,,773=,Joelle,2
616=,Dion,1,,773=,Johan,2
616=,Dochas,1,,773=,Johann,2
616=,Domenico,1,,773=,Jordann,2
616=,Domhnall,1,,773=,Jordon,2
616=,Dominick,1,,773=,Julieann,2
616=,Dominik,1,,773=,Kailey,2
616=,Domnik,1,,773=,Kallie,2
616=,Donal,1,,773=,Kareen,2
616=,Donato,1,,773=,Karianne,2
616=,Doneil,1,,773=,Karli,2
616=,Doni,1,,773=,Karra,2
616=,Dorian,1,,773=,Kasey,2
616=,Downes,1,,773=,Katelin,2
616=,Drummond,1,,773=,Katharyn,2
616=,Duane,1,,773=,Kathrine,2
616=,Duanne,1,,773=,Katlin,2
616=,Dudley,1,,773=,Katya,2
616=,Dugald,1,,773=,Kayanna,2
616=,Dughlas,1,,773=,Kayleigh-Ann,2
616=,Duvall,1,,773=,Kaylene,2
616=,Dyllan,1,,773=,Kayli,2
616=,Dylon,1,,773=,Kaylie,2
616=,Eain,1,,773=,Kayreen,2
616=,Eamon,1,,773=,Kayte,2
616=,Easa,1,,773=,Keilidh,2
616=,Eathan,1,,773=,Kelly-Anne,2
616=,Eaun,1,,773=,Kelly-Louise,2
616=,Eben,1,,773=,Kellyann,2
616=,Eden,1,,773=,Kelsea,2
616=,Edmond,1,,773=,Kendal,2
616=,Edmund,1,,773=,Kendall,2
616=,Eelco,1,,773=,Kenzie,2
616=,Eid,1,,773=,Kerrin,2
616=,Eildon,1,,773=,Khally,2
616=,Eli,1,,773=,Kiara,2
616=,Elias,1,,773=,Kieran,2
616=,Elijah,1,,773=,Kimberly-Anne,2
616=,Eliot,1,,773=,Koren,2
616=,Ellice,1,,773=,Kristin,2
616=,Elyas,1,,773=,Kristine,2
616=,Emba,1,,773=,Krystal,2
616=,Emerson,1,,773=,Kyle,2
616=,Emiel,1,,773=,Kymberly,2
616=,Emilio,1,,773=,Laureen,2
616=,Emma,1,,773=,Lauri,2
616=,Emmanuel,1,,773=,Laurianne,2
616=,Eoghann,1,,773=,Laurissa,2
616=,Erik,1,,773=,Lauryn,2
616=,Erin,1,,773=,Lee-Anne,2
616=,Erland,1,,773=,Leeann,2
616=,Ernest,1,,773=,Leni,2
616=,Errol,1,,773=,Leonna,2
616=,Etienne,1,,773=,Liana,2
616=,Ezekiel,1,,773=,Lisa-Louise,2
616=,Faheem,1,,773=,Lisamarie,2
616=,Fahim,1,,773=,Lynette,2
616=,Fane,1,,773=,Lynzi,2
616=,Farakh,1,,773=,Lynzie,2
616=,Farquhar,1,,773=,Mahira,2
616=,Farrukh,1,,773=,Maia,2
616=,Fearghus,1,,773=,Mairi-Claire,2
616=,Fhiannan,1,,773=,Maisy,2
616=,Filip,1,,773=,Marianna,2
616=,Finnbar,1,,773=,Marie-Anne,2
616=,Finnegan,1,,773=,Marina,2
616=,Flinn,1,,773=,Marisha,2
616=,Floyd,1,,773=,Mariyam,2
616=,Franc,1,,773=,Marsha,2
616=,Franco,1,,773=,Mary-Anne,2
616=,Freddie,1,,773=,Matilda,2
616=,Freya,1,,773=,Maura,2
616=,Furhan,1,,773=,Maureen,2
616=,Gabril,1,,773=,Meaghan,2
616=,Gallocher,1,,773=,Meg,2
616=,Galvin,1,,773=,Megen,2
616=,Gamon,1,,773=,Megin,2
616=,Garden,1,,773=,Meighan,2
616=,Gari,1,,773=,Meisha,2
616=,Garri,1,,773=,Mellisa,2
616=,Garrick,1,,773=,Mhairi-Clare,2
616=,Garrie,1,,773=,Mharie,2
616=,Garth,1,,773=,Mica,2
616=,Gautam,1,,773=,Michaella,2
616=,Ged,1,,773=,Michella,2
616=,Gee,1,,773=,Millicent,2
616=,Geoff,1,,773=,Millie,2
616=,Geoffrey,1,,773=,Mirren,2
616=,Gergely,1,,773=,Moira,2
616=,Giacomo,1,,773=,Mona,2
616=,Gianmarco,1,,773=,Morna,2
616=,Gianni,1,,773=,Nadya,2
616=,Gianpaolo,1,,773=,Naia,2
616=,Gideon,1,,773=,Naila,2
616=,Gilbert,1,,773=,Natassia,2
616=,Gilchrist,1,,773=,Neelam,2
616=,Giles,1,,773=,Neesha,2
616=,Gillen,1,,773=,Nicolla,2
616=,Gilmore,1,,773=,Nida,2
616=,Giorgos,1,,773=,Niki,2
616=,Giuliano,1,,773=,Nikitta,2
616=,Giuseppe,1,,773=,Nikola,2
616=,Glyn,1,,773=,Nile,2
616=,Grier,1,,773=,Niomi,2
616=,Guillaume,1,,773=,Nisha,2
616=,Gurdave,1,,773=,Nur,2
616=,Gurdita,1,,773=,Nurul,2
616=,Gurpal,1,,773=,Orla,2
616=,Gurprage,1,,773=,Penelope,2
616=,Gurpreet,1,,773=,Priya,2
616=,Gus,1,,773=,Rabia,2
616=,H,1,,773=,Rachel-Jane,2
616=,Hadarali,1,,773=,Rayne,2
616=,Hadyn,1,,773=,Rea,2
616=,Haider,1,,773=,Reagan,2
616=,Hal,1,,773=,Rebecka,2
616=,Halpawattage,1,,773=,Rebeka,2
616=,Hamaza,1,,773=,Rhia,2
616=,Hamid,1,,773=,Riona,2
616=,Hamid-Reza,1,,773=,Rita,2
616=,Hamilton,1,,773=,Roma,2
616=,Hamzeh,1,,773=,Romana,2
616=,Hannan,1,,773=,Rosheen,2
616=,Harcharan,1,,773=,Rosslyn,2
616=,Harde,1,,773=,Rowanne,2
616=,Hardip,1,,773=,Rowen,2
616=,Hari,1,,773=,Rudi,2
616=,Harinder,1,,773=,Sabah,2
616=,Haris,1,,773=,Sadie,2
616=,Harmail,1,,773=,Sam,2
616=,Haroon,1,,773=,Sammi,2
616=,Hasaan,1,,773=,Sammi-Jo,2
616=,Hasan,1,,773=,Sana,2
616=,Haseeb,1,,773=,Sanah,2
616=,Hashem,1,,773=,Sarah-Jayne,2
616=,Hashim,1,,773=,Sarah-Lee,2
616=,Hasib,1,,773=,Sarahjane,2
616=,Hassen,1,,773=,Selena,2
616=,Haumza,1,,773=,Shakira,2
616=,Hazwan,1,,773=,Shani,2
616=,Henry-Joshua,1,,773=,Shannah,2
616=,Herman,1,,773=,Shanon,2
616=,Heydon,1,,773=,Sharee,2
616=,Hill,1,,773=,Shari,2
616=,Hing,1,,773=,Shaunee,2
616=,Ho,1,,773=,Shauney,2
616=,Hok,1,,773=,Shaunnie,2
616=,Hosam,1,,773=,Shawnee,2
616=,Hou,1,,773=,Shirelle,2
616=,Houdifa,1,,773=,Shirley,2
616=,Hoy-Ho,1,,773=,Shivonne,2
616=,Hsin-Wei,1,,773=,Shonagh,2
616=,Hugo,1,,773=,Simran,2
616=,Hunter,1,,773=,Sine,2
616=,Husain,1,,773=,Siobhon,2
616=,Hussnain,1,,773=,Sofie,2
616=,Huw,1,,773=,Sonya,2
616=,Huzaifa,1,,773=,Syeda,2
616=,Ibrahim,1,,773=,Tahreem,2
616=,Ickey,1,,773=,Talia,2
616=,Ievan,1,,773=,Tamla,2
616=,Ifran,1,,773=,Terry,2
616=,Ilyes,1,,773=,Thea,2
616=,Inam,1,,773=,Tierney,2
616=,Ioannis,1,,773=,Tricia,2
616=,Iona,1,,773=,Trudie,2
616=,Irfaan,1,,773=,Valentina,2
616=,Irvine,1,,773=,Venessa,2
616=,Isfandiar,1,,773=,Viki,2
616=,Ishak,1,,773=,Yasmeen,2
616=,Ivan,1,,773=,Yolanda,2
616=,Izaac,1,,773=,Yusra,2
616=,Izaak,1,,773=,Zahara,2
616=,Jaasdeep,1,,773=,Zeinab,2
616=,Jabed,1,,773=,Zinnia,2
616=,Jace,1,,773=,Zohra,2
616=,Jacqueline,1,,1070=,Aamna,1
616=,Jacques,1,,1070=,Aanya,1
616=,Jad,1,,1070=,Aasia,1
616=,Jadon,1,,1070=,Abaigeal,1
616=,Jae,1,,1070=,Abbie-Lee,1
616=,Jagthar,1,,1070=,Abby-Jayne,1
616=,Jagwinder,1,,1070=,Abbygail,1
616=,Jaik,1,,1070=,Abeera,1
616=,Jaime,1,,1070=,Abena,1
616=,Jamielee,1,,1070=,Abida,1
616=,Jancarte,1,,1070=,Abira,1
616=,Jane,1,,1070=,Aby,1
616=,Jardan,1,,1070=,Ade,1
616=,Jardine,1,,1070=,Adeline,1
616=,Jarod,1,,1070=,Adlyn,1
616=,Jarred,1,,1070=,Adongo,1
616=,Jarrod,1,,1070=,Affeet-Tahira,1
616=,Jasmeet,1,,1070=,Afnan,1
616=,Jassen,1,,1070=,Agnes,1
616=,Javad,1,,1070=,Aida-Jane,1
616=,Jawaad,1,,1070=,Aidynn,1
616=,Jax,1,,1070=,Aiesha,1
616=,Jayden,1,,1070=,Ailaigh,1
616=,Jaye,1,,1070=,Aileigh,1
616=,Jayjames,1,,1070=,Ailey,1
616=,Jayme,1,,1070=,Ailise,1
616=,Jaymes,1,,1070=,Aillison,1
616=,Jaymey,1,,1070=,Aim'ee,1
616=,Jayne,1,,1070=,Aime,1
616=,Jeffrey,1,,1070=,Aimee-Lee,1
616=,Jegan,1,,1070=,Aimee-Louise,1
616=,Jem,1,,1070=,Aimi,1
616=,Jens,1,,1070=,Aimie,1
616=,Jensen,1,,1070=,Aimun,1
616=,Jesper,1,,1070=,Aimy,1
616=,Jesse,1,,1070=,Aine,1
616=,Jethro,1,,1070=,Ainslee,1
616=,Jetindra,1,,1070=,Airlie,1
616=,Jevin,1,,1070=,Aisleen,1
616=,Jharone,1,,1070=,Aisyah,1
616=,Jhuniad,1,,1070=,Aithne,1
616=,Jibran,1,,1070=,Aiya,1
616=,Jimmy,1,,1070=,Ala,1
616=,Jo,1,,1070=,Alahna,1
616=,Joao,1,,1070=,Alannda,1
616=,Jodi,1,,1070=,Alayne,1
616=,Jodie,1,,1070=,Albany,1
616=,Jody,1,,1070=,Aleana,1
616=,Joeseph,1,,1070=,Aleasha,1
616=,Johannes,1,,1070=,Aleeshia,1
616=,John-Andrew,1,,1070=,Aleksandra,1
616=,John-Bruce,1,,1070=,Alessia,1
616=,John-Harris,1,,1070=,Alexia,1
616=,John-Joe,1,,1070=,Alexzandra,1
616=,John-Luke,1,,1070=,Alhanna,1
616=,Johnathan-Charl,1,,1070=,Alhia,1
616=,Johnathen,1,,1070=,Alia,1
616=,Johnie,1,,1070=,Aliasha,1
616=,Johnnie,1,,1070=,Alica,1
616=,Johnross,1,,1070=,Aliesha,1
616=,Johnston,1,,1070=,Alieshia,1
616=,Jon-Alan,1,,1070=,Alish,1
616=,Jonas,1,,1070=,Alishea,1
616=,Joni,1,,1070=,Alishia,1
616=,Jonothan,1,,1070=,Alissa,1
616=,Jordanlee,1,,1070=,Aliya,1
616=,Jordy,1,,1070=,Aliyah,1
616=,Jorge,1,,1070=,Aliza,1
616=,Jori,1,,1070=,Allis,1
616=,Jos,1,,1070=,Ally,1
616=,Josiah,1,,1070=,Allyssa,1
616=,Jousef,1,,1070=,Allyx,1
616=,Jubayar,1,,1070=,Alyia,1
616=,Jura,1,,1070=,Alyse,1
616=,Jussi,1,,1070=,Alyx,1
616=,Kahtan,1,,1070=,Amal,1
616=,Kaide,1,,1070=,Amanah,1
616=,Kain,1,,1070=,Amanda-Jane,1
616=,Kairin,1,,1070=,Amani,1
616=,Kallen,1,,1070=,Amarjeet,1
616=,Kalon,1,,1070=,Amatullah,1
616=,Kameron,1,,1070=,Amber-Louise,1
616=,Kanan,1,,1070=,Ambreen,1
616=,Kareem,1,,1070=,Amee,1
616=,Karim,1,,1070=,Ameena,1
616=,Karndeep,1,,1070=,Amellia,1
616=,Kassam,1,,1070=,Amena,1
616=,Katie,1,,1070=,Amerah,1
616=,Kayne,1,,1070=,Amethyst,1
616=,Keefer,1,,1070=,Amey,1
616=,Keegan,1,,1070=,Aminah,1
616=,Keerin,1,,1070=,Amira,1
616=,Keifner,1,,1070=,Amirah,1
616=,Keilan,1,,1070=,Aml,1
616=,Keiland,1,,1070=,Ammara,1
616=,Keiraan,1,,1070=,Ammy,1
616=,Keirain,1,,1070=,Amnaa,1
616=,Keirin,1,,1070=,Amnah,1
616=,Keirynn,1,,1070=,Amrit,1
616=,Kejjar,1,,1070=,Amrita,1
616=,Keld,1,,1070=,Amy-Anne,1
616=,Kelso,1,,1070=,Amy-Claire,1
616=,Kelt,1,,1070=,Amy-Leigh,1
616=,Kemal,1,,1070=,Amy-Marie,1
616=,Ken,1,,1070=,Amylee,1
616=,Kennor,1,,1070=,Analeise,1
616=,Kenolisa,1,,1070=,Anastazja,1
616=,Kenta,1,,1070=,Andi,1
616=,Kerein,1,,1070=,Andleep,1
616=,Kerim,1,,1070=,Andrina,1
616=,Kern,1,,1070=,Aneeka,1
616=,Kerrick,1,,1070=,Aneela,1
616=,Keven,1,,1070=,Aneeqa,1
616=,Kevyn,1,,1070=,Aneesha,1
616=,Khaleel,1,,1070=,Aneeza,1
616=,Khalil,1,,1070=,Angel,1
616=,Khurkh,1,,1070=,Angela-Jayne,1
616=,Kierein,1,,1070=,Angeline,1
616=,Kiern,1,,1070=,Angelle,1
616=,Kierran,1,,1070=,Angharad,1
616=,Kierron,1,,1070=,Anina,1
616=,Kinan,1,,1070=,Aniqua,1
616=,Kinnell,1,,1070=,Anisa,1
616=,Kinnison,1,,1070=,Anisah,1
616=,Kirsty,1,,1070=,Anja,1
616=,Kjartan,1,,1070=,Anjoo,1
616=,Kojo,1,,1070=,Anmaree,1
616=,Konnor,1,,1070=,Anna-Lena,1
616=,Korey,1,,1070=,Annabella,1
616=,Kori,1,,1070=,Annalisa,1
616=,Korri,1,,1070=,Annalise,1
616=,Kostandinos,1,,1070=,Annam,1
616=,Kourosh,1,,1070=,Anneke,1
616=,Kristjan,1,,1070=,Anneliese,1
616=,Kristofor,1,,1070=,Annemarie,1
616=,Kulraj,1,,1070=,Annessa,1
616=,Kulvinder,1,,1070=,Annielee,1
616=,Kum,1,,1070=,Anntonia,1
616=,Kumron,1,,1070=,Anouska,1
616=,Kweku,1,,1070=,Antoinette,1
616=,Kwok,1,,1070=,Antonette,1
616=,Kwun,1,,1070=,Antonietta,1
616=,Kylle,1,,1070=,Anupria,1
616=,Kynan,1,,1070=,Apiyo,1
616=,Lachlann,1,,1070=,Apryll,1
616=,Laikram,1,,1070=,Arbell,1
616=,Laing,1,,1070=,Ariana,1
616=,Laith,1,,1070=,Ariege,1
616=,Lareab,1,,1070=,Arisa,1
616=,Lars,1,,1070=,Arnietia,1
616=,Larter,1,,1070=,Aron,1
616=,Laura,1,,1070=,Arooj,1
616=,Lawrance,1,,1070=,Arough,1
616=,Layton,1,,1070=,Arran,1
616=,Lea,1,,1070=,Arrian,1
616=,Leigham,1,,1070=,Arumadura,1
616=,Leighton,1,,1070=,Arwa,1
616=,Leith,1,,1070=,Arwen,1
616=,Lennier,1,,1070=,Aryana,1
616=,Leslaw,1,,1070=,Arynn,1
616=,Lewis-Scott,1,,1070=,Asgad,1
616=,Lian,1,,1070=,Ashleah,1
616=,Linton,1,,1070=,Ashleigh-Louise,1
616=,Lisa,1,,1070=,Ashley-Jane,1
616=,Lochlann,1,,1070=,Ashley-Louise,1
616=,Loeis,1,,1070=,Ashley-Maria,1
616=,Logan-Craig,1,,1070=,Ashleyann,1
616=,Logen,1,,1070=,Ashlynne,1
616=,Lok,1,,1070=,Ashyia,1
616=,Loris,1,,1070=,Aspen,1
616=,Lorn,1,,1070=,Astin,1
616=,Louie,1,,1070=,Atefeh,1
616=,Luca,1,,1070=,Athamantia,1
616=,Luckveer,1,,1070=,Atlanta,1
616=,Lynn,1,,1070=,Atyha,1
616=,Macalisdair,1,,1070=,Audra,1
616=,Machiel,1,,1070=,Aurora,1
616=,Macinnes,1,,1070=,Avril,1
616=,Mahmaud,1,,1070=,Ayeisha,1
616=,Mahmoud,1,,1070=,Ayh,1
616=,Mahmud,1,,1070=,Ayhshah,1
616=,Majed,1,,1070=,Ayisha,1
616=,Makbool,1,,1070=,Aylee,1
616=,Malak,1,,1070=,Azhar,1
616=,Malinga,1,,1070=,Ballari,1
616=,Malkit,1,,1070=,Baraa,1
616=,Man,1,,1070=,Barrie,1
616=,Manbir,1,,1070=,Beckie,1
616=,Mandep,1,,1070=,Beckie-Louise,1
616=,Manolis,1,,1070=,Beckiz,1
616=,Mansoor,1,,1070=,Beejay,1
616=,Manus,1,,1070=,Beki,1
616=,Mario,1,,1070=,Bethanne,1
616=,Marius,1,,1070=,Bethannie,1
616=,Mark-Andrew,1,,1070=,Bethia,1
616=,Marshal,1,,1070=,Betsy-Ann,1
616=,Martainn,1,,1070=,Bevan,1
616=,Martin-James,1,,1070=,Bianca-Rose,1
616=,Massimo,1,,1070=,Bilgen,1
616=,Matheau,1,,1070=,Bilkirn,1
616=,Matteo,1,,1070=,Billie-Jean,1
616=,Maurice,1,,1070=,Billie-Jo,1
616=,Maurie,1,,1070=,Billielea,1
616=,Mauro,1,,1070=,Blabheinn,1
616=,Maxim,1,,1070=,Blaine,1
616=,Maximilian,1,,1070=,Blaire,1
616=,Maxton,1,,1070=,Bliss,1
616=,Mcgregor,1,,1070=,Blossom,1
616=,Mclain,1,,1070=,Blythe,1
616=,Mcphail,1,,1070=,Bobie,1
616=,Md,1,,1070=,Bonny,1
616=,Mehboob,1,,1070=,Boshra,1
616=,Melvyn,1,,1070=,Brandy,1
616=,Menzies,1,,1070=,Breda,1
616=,Mert,1,,1070=,Breigen,1
616=,Metehan,1,,1070=,Briany,1
616=,Micheil,1,,1070=,Brid,1
616=,Michele,1,,1070=,Brideen,1
616=,Miles,1,,1070=,Brighda,1
616=,Millar,1,,1070=,Brionaidh,1
616=,Milo,1,,1070=,Britany,1
616=,Milton,1,,1070=,Britta,1
616=,Mitch,1,,1070=,Brody,1
616=,Moad,1,,1070=,Broghan,1
616=,Mohad,1,,1070=,Brona,1
616=,Mohd,1,,1070=,Bronna,1
616=,Moninder,1,,1070=,Bronnie,1
616=,Morrison,1,,1070=,Bryonie,1
616=,Mosab,1,,1070=,Bushraa,1
616=,Mossie,1,,1070=,Ca,1
616=,Mousab,1,,1070=,Caelainn,1
616=,Mozen,1,,1070=,Caeleah,1
616=,Mufid,1,,1070=,Cait,1
616=,Mukitur,1,,1070=,Caitilin,1
616=,Mungo,1,,1070=,Caitlein,1
616=,Muqaddas,1,,1070=,Caitlynn,1
616=,Murdoch,1,,1070=,Caitrin,1
616=,Murphy,1,,1070=,Caitriona,1
616=,Murrey,1,,1070=,Caleigh,1
616=,Musaddiq,1,,1070=,Calene,1
616=,Mustafa,1,,1070=,Callan,1
616=,Muzamal,1,,1070=,Calli,1
616=,Mykailo,1,,1070=,Calumina,1
616=,Mykel,1,,1070=,Caly,1
616=,Myrane,1,,1070=,Camelia,1
616=,Nadav,1,,1070=,Cameron-Leigh,1
616=,Naithan,1,,1070=,Caoimhe,1
616=,Najam,1,,1070=,Cara-Louise,1
616=,Naman,1,,1070=,Caral,1
616=,Nasar,1,,1070=,Caralyn,1
616=,Naser,1,,1070=,Caralynne,1
616=,Nasir,1,,1070=,Careen,1
616=,Nasser,1,,1070=,Carey,1
616=,Nassim,1,,1070=,Carin,1
616=,Nathan-Daniel,1,,1070=,Carissa,1
616=,Nathanael,1,,1070=,Carley,1
616=,Nathanial,1,,1070=,Carly-Jay,1
616=,Nawar,1,,1070=,Carly-Louise,1
616=,Nawaz,1,,1070=,Carmel,1
616=,Nayim,1,,1070=,Carol-Ann,1
616=,Neeman,1,,1070=,Carolan,1
616=,Neiko,1,,1070=,Caroleanne,1
616=,Nelson,1,,1070=,Caroline-Anne,1
616=,Neshan,1,,1070=,Carollina,1
616=,Nial,1,,1070=,Carolynn,1
616=,Nicholai,1,,1070=,Carra,1
616=,Nick,1,,1070=,Carrin,1
616=,Nicola,1,,1070=,Cary,1
616=,Nikeaton,1,,1070=,Caryn,1
616=,Niki,1,,1070=,Caryna,1
616=,Nikola,1,,1070=,Casci,1
616=,Nikolaos,1,,1070=,Cassi,1
616=,Nikoly,1,,1070=,Cassia,1
616=,Niku,1,,1070=,Catherine-Ann,1
616=,Nils,1,,1070=,Catrin,1
616=,Nimrit,1,,1070=,Catrine,1
616=,Nisar,1,,1070=,Cavan,1
616=,Noel,1,,1070=,Caysie,1
616=,Noelen,1,,1070=,Cecelia,1
616=,Norrie,1,,1070=,Ceianne,1
616=,Numman,1,,1070=,Ceildh,1
616=,Oatis,1,,1070=,Ceira,1
616=,Orrin,1,,1070=,Ceirin,1
616=,Osama,1,,1070=,Celia,1
616=,Osian,1,,1070=,Ceri-Anne,1
616=,Oskar,1,,1070=,Ch'enise,1
616=,Osker,1,,1070=,Chad,1
616=,Osman,1,,1070=,Chandice,1
616=,Ottavio,1,,1070=,Chandravadhana,1
616=,Otto,1,,1070=,Chanece,1
616=,Owain,1,,1070=,Chanell,1
616=,Palli,1,,1070=,Chanise,1
616=,Panashe,1,,1070=,Channan,1
616=,Panduke,1,,1070=,Channi,1
616=,Parkash,1,,1070=,Chantalle,1
616=,Parupkar,1,,1070=,Chanyce,1
616=,Patraig,1,,1070=,Charlay,1
616=,Patterson,1,,1070=,Charlotterose,1
616=,Paulwinder,1,,1070=,Charly,1
616=,Peregrine,1,,1070=,Charlynn,1
616=,Perrie,1,,1070=,Charmiane,1
616=,Perry,1,,1070=,Charotte,1
616=,Peyman,1,,1070=,Charrelle,1
616=,Pierce,1,,1070=,Charresse,1
616=,Piers,1,,1070=,Chauntelle,1
616=,Prashant,1,,1070=,Chavaun,1
616=,Pryderi,1,,1070=,Chellsae,1
616=,Pui,1,,1070=,Chellsi,1
616=,Puvanroop,1,,1070=,Chelsae,1
616=,Quaid,1,,1070=,Chelsay,1
616=,Qurban,1,,1070=,Chelsea-Anne,1
616=,Radleigh,1,,1070=,Chelsea-Louise,1
616=,Rae,1,,1070=,Chelsea-Marie,1
616=,Rael,1,,1070=,Chenille,1
616=,Raghav,1,,1070=,Chenise,1
616=,Raghnall,1,,1070=,Chere,1
616=,Raheel,1,,1070=,Cheree,1
616=,Rahim,1,,1070=,Cheri,1
616=,Rahman,1,,1070=,Cherlyn,1
616=,Rainier,1,,1070=,Cherlynne,1
616=,Rajiv,1,,1070=,Cherrie,1
616=,Rajvir,1,,1070=,Cherry,1
616=,Rameez,1,,1070=,Cherycce,1
616=,Ramy,1,,1070=,Cheryle,1
616=,Rana,1,,1070=,Cheryll,1
616=,Ranald,1,,1070=,Cheryn,1
616=,Randall,1,,1070=,Chesca,1
616=,Ranjeev,1,,1070=,Cheu,1
616=,Ranulph,1,,1070=,Cheyne,1
616=,Raphael,1,,1070=,Chi,1
616=,Rashad,1,,1070=,Chimene,1
616=,Rashed,1,,1070=,Chirsty,1
616=,Rashid,1,,1070=,Chivonne,1
616=,Raza,1,,1070=,Chleo,1
616=,Reave,1,,1070=,Chloe-Anne,1
616=,Redwan,1,,1070=,Chloe-Jayne,1
616=,Rees,1,,1070=,Chloe-Marie,1
616=,Reese,1,,1070=,Chloemarie,1
616=,Reess,1,,1070=,Christabel,1
616=,Reggie,1,,1070=,Christen,1
616=,Rehan,1,,1070=,Christian,1
616=,Reis,1,,1070=,Christiane,1
616=,Reisse,1,,1070=,Christie-Anne,1
616=,Remy,1,,1070=,Chyvonne,1
616=,Respati,1,,1070=,Cielidh,1
616=,Rex,1,,1070=,Ciera,1
616=,Reyner,1,,1070=,Ciorstan,1
616=,Reza,1,,1070=,Claira,1
616=,Rhan'aeroch,1,,1070=,Clairann,1
616=,Rheece,1,,1070=,Clarisse,1
616=,Rhian,1,,1070=,Clawdy,1
616=,Rhobbie,1,,1070=,Clemency,1
616=,Rhonan,1,,1070=,Clementina,1
616=,Rhuaridh,1,,1070=,Clementine,1
616=,Rhuary,1,,1070=,Cliona,1
616=,Richwinder,1,,1070=,Clionna,1
616=,Rickey,1,,1070=,Cloda,1
616=,Rickie,1,,1070=,Clorstaidh,1
616=,Riley,1,,1070=,Clorstan,1
616=,Rippu,1,,1070=,Cloudie,1
616=,Rishpale,1,,1070=,Clunie,1
616=,Riyad,1,,1070=,Codey,1
616=,Roan,1,,1070=,Colby,1
616=,Robaidh,1,,1070=,Colene,1
616=,Roben,1,,1070=,Colina,1
616=,Robert-James,1,,1070=,Collete,1
616=,Robert-John,1,,1070=,Conor,1
616=,Robert-Ryan,1,,1070=,Cora-Anne,1
616=,Roberts,1,,1070=,Corah,1
616=,Roger,1,,1070=,Coralena,1
616=,Roland,1,,1070=,Coreen,1
616=,Roman,1,,1070=,Cori,1
616=,Ronjon,1,,1070=,Corina,1
616=,Roonie,1,,1070=,Corine,1
616=,Rorie,1,,1070=,Corissa,1
616=,Rossano,1,,1070=,Coro,1
616=,Rossco,1,,1070=,Corra,1
616=,Rowan,1,,1070=,Corran,1
616=,Rowen,1,,1070=,Corrieanne,1
616=,Royce,1,,1070=,Corrin,1
616=,Royston,1,,1070=,Corrina,1
616=,Ruaraidu,1,,1070=,Corrinna,1
616=,Ruarri,1,,1070=,Coryn,1
616=,Rubeel,1,,1070=,Cosette,1
616=,Ry,1,,1070=,Courtnay,1
616=,Ryan-Jon,1,,1070=,Cree,1
616=,Ryhs,1,,1070=,Crissy,1
616=,Ryo,1,,1070=,Cristina,1
616=,Saad,1,,1070=,Cristine,1
616=,Saajan,1,,1070=,Cydnee,1
616=,Sacha,1,,1070=,Daina,1
616=,Sadeg,1,,1070=,Daisey,1
616=,Sadiq,1,,1070=,Daizy,1
616=,Sagar,1,,1070=,Damiana,1
616=,Sahil,1,,1070=,Dana-Marie,1
616=,Saiem,1,,1070=,Danelle,1
616=,Saif,1,,1070=,Danica,1
616=,Saifyaan,1,,1070=,Daniel,1
616=,Sajed,1,,1070=,Daniela,1
616=,Sajjad,1,,1070=,Daniele,1
616=,Saleh,1,,1070=,Danielle-Louise,1
616=,Salim,1,,1070=,Danniella,1
616=,Salvatore,1,,1070=,Danyelle,1
616=,Samad,1,,1070=,Darcey,1
616=,Sameer,1,,1070=,Darcie,1
616=,Sami,1,,1070=,Darian,1
616=,Samie,1,,1070=,Dariel-Rose,1
616=,Samm,1,,1070=,Darleen,1
616=,Samrat,1,,1070=,Darrah-Leigh,1
616=,Samual,1,,1070=,Davina,1
616=,Sandeep,1,,1070=,Dayla,1
616=,Sanjeev,1,,1070=,Dayna-Jayne,1
616=,Saquib,1,,1070=,Dayna-Louise,1
616=,Sardar,1,,1070=,Dayni,1
616=,Satvinder,1,,1070=,Daynor,1
616=,Saud,1,,1070=,Dea,1
616=,Sayeed,1,,1070=,Deanne,1
616=,Sayf,1,,1070=,Debbi,1
616=,Schon,1,,1070=,Debbielee,1
616=,Scott-Daniel,1,,1070=,Deberah,1
616=,Seain,1,,1070=,Debony,1
616=,Sean-Lee,1,,1070=,Deborahlee,1
616=,Sean-Paul,1,,1070=,Dee-Anne,1
616=,Seann,1,,1070=,Demelza,1
616=,Seanpaul,1,,1070=,Demi-Lee,1
616=,Selim,1,,1070=,Demi-Leigh,1
616=,Seoras,1,,1070=,Demi-Liegh,1
616=,Serag,1,,1070=,Demi-Nicole,1
616=,Sergio,1,,1070=,Demii,1
616=,Serioja,1,,1070=,Demilee,1
616=,Seth,1,,1070=,Demver,1
616=,Seumidh,1,,1070=,Denica,1
616=,Seyed,1,,1070=,Dennise,1
616=,Shaan,1,,1070=,Deon,1
616=,Shae,1,,1070=,Deri,1
616=,Shafquat,1,,1070=,Derry,1
616=,Shahab,1,,1070=,Deryn,1
616=,Shaiss,1,,1070=,Deyna,1
616=,Shakeeb,1,,1070=,Deziree,1
616=,Shaktiraj,1,,1070=,Dianka,1
616=,Shaman,1,,1070=,Dilveer,1
616=,Shan,1,,1070=,Dinah,1
616=,Shaquille,1,,1070=,Dion,1
616=,Shashwath,1,,1070=,Dior,1
616=,Shau,1,,1070=,Disa,1
616=,Shaun-Michael,1,,1070=,Diva,1
616=,Shayn,1,,1070=,Domanique,1
616=,Sheikh,1,,1070=,Domenique,1
616=,Sherveen,1,,1070=,Donya,1
616=,Shin,1,,1070=,Dora,1
616=,Shinya,1,,1070=,Dorothy,1
616=,Shiva,1,,1070=,Drishti,1
616=,Shivdev,1,,1070=,Duncan,1
616=,Shmonder,1,,1070=,Dylan,1
616=,Shonan,1,,1070=,Eadie,1
616=,Shou,1,,1070=,Ealasaid,1
616=,Shuhei,1,,1070=,Eboni,1
616=,Sigurd,1,,1070=,Eesha,1
616=,Simeon,1,,1070=,Eilean,1
616=,Siobhan,1,,1070=,Eilisha,1
616=,Sira,1,,1070=,Eimear,1
616=,Siraj,1,,1070=,Eirann,1
616=,Slavko,1,,1070=,Eirinn,1
616=,Smair,1,,1070=,Elana,1
616=,Sofyan,1,,1070=,Elanor,1
616=,Sohab,1,,1070=,Elayna,1
616=,Sohibe,1,,1070=,Elayne,1
616=,Soloman,1,,1070=,Elektra,1
616=,Sonan,1,,1070=,Elen,1
616=,Sorley,1,,1070=,Eleni,1
616=,Spike,1,,1070=,Elesha-Danielle,1
616=,Srivikram,1,,1070=,Elham,1
616=,Steafen,1,,1070=,Eliesha,1
616=,Steff,1,,1070=,Elif,1
616=,Steffen,1,,1070=,Elin,1
616=,Stephan,1,,1070=,Elis,1
616=,Stephane,1,,1070=,Elisheba,1
616=,Stephanie,1,,1070=,Elke,1
616=,Stirling,1,,1070=,Elles,1
616=,Strachan,1,,1070=,Ellie-Louise,1
616=,Suchin,1,,1070=,Elliss,1
616=,Suhayl,1,,1070=,Elycia,1
616=,Suhib,1,,1070=,Elysia,1
616=,Sukhpal,1,,1070=,Elyssia,1
616=,Suliman,1,,1070=,Emily-Ann,1
616=,Sulman,1,,1070=,Emily-Jay,1
616=,Sunder,1,,1070=,Emily-Kate,1
616=,Suraj,1,,1070=,Emily-Rose,1
616=,Sven,1,,1070=,Emma-Anne,1
616=,Syandayl,1,,1070=,Emma-Lee,1
616=,Sylvester,1,,1070=,Emmalene,1
616=,T-Jay,1,,1070=,Emmalouise,1
616=,Taha,1,,1070=,Emmy,1
616=,Tahir,1,,1070=,Emylie,1
616=,Taimer,1,,1070=,Eniola,1
616=,Taimu,1,,1070=,Eri,1
616=,Takashi,1,,1070=,Erie,1
616=,Talal,1,,1070=,Erika-Leigh,1
616=,Taliesin,1,,1070=,Erinna,1
616=,Talwinder,1,,1070=,Erryn,1
616=,Tanya,1,,1070=,Eryn,1
616=,Tarek,1,,1070=,Etta,1
616=,Tarik,1,,1070=,Evan,1
616=,Tariq,1,,1070=,Evanna,1
616=,Tarus,1,,1070=,Eveline,1
616=,Taufique,1,,1070=,Fadtimeh,1
616=,Tayler,1,,1070=,Faiqah,1
616=,Tearlach,1,,1070=,Fairlie,1
616=,Temel,1,,1070=,Faith,1
616=,Temoho,1,,1070=,Faiza,1
616=,Terrence,1,,1070=,Fakhrina,1
616=,Terri,1,,1070=,Fangyi,1
616=,Thain,1,,1070=,Faraha,1
616=,Theodore-Anthon,1,,1070=,Fariah,1
616=,Thiemo,1,,1070=,Farihah,1
616=,Thom,1,,1070=,Farkhinda,1
616=,Thomaslea,1,,1070=,Farya,1
616=,Tien,1,,1070=,Fatema,1
616=,Tiernan,1,,1070=,Fatharina,1
616=,Timote,1,,1070=,Fatima,1
616=,Tobyaus,1,,1070=,Fatimah,1
616=,Toni,1,,1070=,Fauzia,1
616=,Torin,1,,1070=,Fawn,1
616=,Torquil,1,,1070=,Fawzia,1
616=,Travers,1,,1070=,Fearn,1
616=,Travis,1,,1070=,Feena,1
616=,Traylan,1,,1070=,Femke,1
616=,Trey,1,,1070=,Fennella,1
616=,Tyree,1,,1070=,Feren,1
616=,Tze,1,,1070=,Fhiona,1
616=,Uisdean,1,,1070=,Fionagh,1
616=,Umair,1,,1070=,Fionn,1
616=,Uneeb,1,,1070=,Fionnadh,1
616=,Uzmaan,1,,1070=,Flaura,1
616=,Vaios,1,,1070=,Flin,1
616=,Vakass,1,,1070=,Floraidh,1
616=,Valentino,1,,1070=,Florrie,1
616=,Vance,1,,1070=,Franci,1
616=,Vasco,1,,1070=,Francine,1
616=,Verinder,1,,1070=,Francisca,1
616=,Vikram,1,,1070=,Franki,1
616=,Vishnu,1,,1070=,Frankie,1
616=,Vitor,1,,1070=,Freda,1
616=,Wah,1,,1070=,Fredah,1
616=,Wai,1,,1070=,Freyja,1
616=,Wajid,1,,1070=,Fung,1
616=,Waqar,1,,1070=,Furah,1
616=,Waseem,1,,1070=,Gabriele,1
616=,Wasim,1,,1070=,Gael,1
616=,Willem,1,,1070=,Gaelan,1
616=,Willie,1,,1070=,Gary,1
616=,Win,1,,1070=,Gayna,1
616=,Winson,1,,1070=,Gee,1
616=,Xavier,1,,1070=,Geena,1
616=,Yacine,1,,1070=,Gei,1
616=,Yadhvinder,1,,1070=,Gema-Lee,1
616=,Yahya,1,,1070=,Gemma-Louise,1
616=,Yan,1,,1070=,Gena,1
616=,Yaojie,1,,1070=,Genevieve,1
616=,Yariv,1,,1070=,Geordan,1
616=,Yaseen,1,,1070=,Georga,1
616=,Yasha,1,,1070=,Georgann,1
616=,Yasser,1,,1070=,Georgi,1
616=,Yassin,1,,1070=,Georgy,1
616=,Yee,1,,1070=,Gerardine,1
616=,Yehudah,1,,1070=,Ghulam,1
616=,Ying,1,,1070=,Gi,1
616=,Yohan,1,,1070=,Gilah,1
616=,Yoseph,1,,1070=,Gilli,1
616=,Yousef,1,,1070=,Gilly,1
616=,Yu,1,,1070=,Gilzian,1
616=,Yu-Chieh,1,,1070=,Ginette,1
616=,Yuan-Shie,1,,1070=,Giovanna,1
616=,Yusif,1,,1070=,Girija,1
616=,Yusuf,1,,1070=,Glara,1
616=,Yut,1,,1070=,Gloria,1
616=,Yutsil,1,,1070=,Gorgia,1
616=,Yves,1,,1070=,Gracia,1
616=,Yvo,1,,1070=,Grant,1
616=,Zacare,1,,1070=,Grazyna,1
616=,Zachariah,1,,1070=,Greer,1
616=,Zackary,1,,1070=,Greta,1
616=,Zaheem,1,,1070=,Greta-Lucy,1
616=,Zahid,1,,1070=,Gulnaar,1
616=,Zai,1,,1070=,Gulshanara,1
616=,Zakary,1,,1070=,Gurpreet,1
616=,Zakk,1,,1070=,Gwendolen,1
616=,Zarak,1,,1070=,Gwenno,1
616=,Zaran,1,,1070=,Gwyneth,1
616=,Zawarzar,1,,1070=,Hadair,1
616=,Zayshaan,1,,1070=,Hadeal,1
616=,Zeeshan,1,,1070=,Hadyn,1
616=,Zein,1,,1070=,Hafsa,1
616=,Zenn,1,,1070=,Hafsah,1
616=,Zeth,1,,1070=,Hailie,1
616=,Zishan,1,,1070=,Hajer,1
616=,Zlato-Bobi,1,,1070=,Hajra,1
616=,Zoheb,1,,1070=,Haleena,1
616=,Zonash,1,,1070=,Halina,1
616=,Zubar,1,,1070=,Halley,1
,,,,1070=,Hammera,1
,,,,1070=,Hamshya,1
,,,,1070=,Hanaan,1
,,,,1070=,Hanadi,1
,,,,1070=,Hanah,1
,,,,1070=,Haneen,1
,,,,1070=,Hanin,1
,,,,1070=,Hanne,1
,,,,1070=,Hardeep,1
,,,,1070=,Harly-Jane,1
,,,,1070=,Harousa,1
,,,,1070=,Hasinara,1
,,,,1070=,Haylee,1
,,,,1070=,Hayley-Ann,1
,,,,1070=,Hazell,1
,,,,1070=,Hazyl,1
,,,,1070=,Hebe,1
,,,,1070=,Heena,1
,,,,1070=,Heike,1
,,,,1070=,Heleena,1
,,,,1070=,Helga,1
,,,,1070=,Hemera,1
,,,,1070=,Heron,1
,,,,1070=,Hiba,1
,,,,1070=,Hibah,1
,,,,1070=,Hina,1
,,,,1070=,Hizra,1
,,,,1070=,Hoda,1
,,,,1070=,Hong,1
,,,,1070=,Hsiau,1
,,,,1070=,Hsin-Mei,1
,,,,1070=,Huma,1
,,,,1070=,Humera,1
,,,,1070=,Husna,1
,,,,1070=,Huzefa,1
,,,,1070=,Ilaina,1
,,,,1070=,Ilana,1
,,,,1070=,Ilaria,1
,,,,1070=,Ilina,1
,,,,1070=,Ilka,1
,,,,1070=,Ilona,1
,,,,1070=,Imaan,1
,,,,1070=,Inanna,1
,,,,1070=,Ines,1
,,,,1070=,Innes,1
,,,,1070=,Iona-Shannen,1
,,,,1070=,Ione,1
,,,,1070=,Iqraa,1
,,,,1070=,Iram,1
,,,,1070=,Isabell,1
,,,,1070=,Iseabail,1
,,,,1070=,Iseabal,1
,,,,1070=,Ishbel,1
,,,,1070=,Islay,1
,,,,1070=,Isma,1
,,,,1070=,Issma,1
,,,,1070=,Ivy,1
,,,,1070=,Izzat,1
,,,,1070=,Jacinta,1
,,,,1070=,Jackie,1
,,,,1070=,Jaclyne,1
,,,,1070=,Jacqualine,1
,,,,1070=,Jacquelineann,1
,,,,1070=,Jacquie,1
,,,,1070=,Jacquiline,1
,,,,1070=,Jade-Louise,1
,,,,1070=,Jade-Nicole,1
,,,,1070=,Jaden,1
,,,,1070=,Jai,1
,,,,1070=,Jaide,1
,,,,1070=,Jaimie-Louise,1
,,,,1070=,Jake,1
,,,,1070=,Jaki,1
,,,,1070=,Jalana,1
,,,,1070=,Jamie-Lea,1
,,,,1070=,Jamie-Leah,1
,,,,1070=,Jamie-Louise,1
,,,,1070=,Jamieleigh,1
,,,,1070=,Jamila,1
,,,,1070=,Jana,1
,,,,1070=,Janaid,1
,,,,1070=,Jannah,1
,,,,1070=,Jannai,1
,,,,1070=,Jannat,1
,,,,1070=,Jaqueline,1
,,,,1070=,Jaquelyn,1
,,,,1070=,Jaqui,1
,,,,1070=,Jara,1
,,,,1070=,Jardin,1
,,,,1070=,Jasveer,1
,,,,1070=,Jay-Dean,1
,,,,1070=,Jayd,1
,,,,1070=,Jaydee,1
,,,,1070=,Jaymie-Leigh,1
,,,,1070=,Jayne-Lee,1
,,,,1070=,Jaynea-Rahma,1
,,,,1070=,Jayney,1
,,,,1070=,Jeanna,1
,,,,1070=,Jeannie,1
,,,,1070=,Jedwiga,1
,,,,1070=,Jema,1
,,,,1070=,Jen,1
,,,,1070=,Jena,1
,,,,1070=,Jeni,1
,,,,1070=,Jeni-Lee,1
,,,,1070=,Jennie,1
,,,,1070=,Jeordan,1
,,,,1070=,Jerez,1
,,,,1070=,Jeri-Ann,1
,,,,1070=,Jermaine,1
,,,,1070=,Jessamy,1
,,,,1070=,Jessica-Marie,1
,,,,1070=,Jessie-Lee,1
,,,,1070=,Jet,1
,,,,1070=,Jhothi,1
,,,,1070=,Ji,1
,,,,1070=,Jin,1
,,,,1070=,Jing,1
,,,,1070=,Jiveria,1
,,,,1070=,Jo-Anna,1
,,,,1070=,Joana,1
,,,,1070=,Joann,1
,,,,1070=,Jocelynn,1
,,,,1070=,Jodene,1
,,,,1070=,Jodine,1
,,,,1070=,Joeanne,1
,,,,1070=,Joedie,1
,,,,1070=,Joedy,1
,,,,1070=,Joely,1
,,,,1070=,Joey,1
,,,,1070=,John,1
,,,,1070=,Johnanna,1
,,,,1070=,Johnne,1
,,,,1070=,Johria,1
,,,,1070=,Joleen,1
,,,,1070=,Jolene,1
,,,,1070=,Jolise,1
,,,,1070=,Joniece,1
,,,,1070=,Jonkvrouwe,1
,,,,1070=,Jordan-May,1
,,,,1070=,Jordana,1
,,,,1070=,Jordanna,1
,,,,1070=,Jorgie,1
,,,,1070=,Josefine,1
,,,,1070=,Joslan,1
,,,,1070=,Joslyn,1
,,,,1070=,Jourdain,1
,,,,1070=,Jozie-Anne,1
,,,,1070=,Juanita,1
,,,,1070=,Judy,1
,,,,1070=,Juhi,1
,,,,1070=,Julianna,1
,,,,1070=,Julieanne,1
,,,,1070=,Justyne,1
,,,,1070=,Juwairiyyah,1
,,,,1070=,Juwayriyah,1
,,,,1070=,Ka,1
,,,,1070=,Ka-Yan,1
,,,,1070=,Ka-Yanne,1
,,,,1070=,Kadie,1
,,,,1070=,Kaela,1
,,,,1070=,Kaeli,1
,,,,1070=,Kailah,1
,,,,1070=,Kaileigh,1
,,,,1070=,Kaiming,1
,,,,1070=,Kaireen,1
,,,,1070=,Kaleidh,1
,,,,1070=,Kaley,1
,,,,1070=,Kali,1
,,,,1070=,Kaliopi,1
,,,,1070=,Kaly,1
,,,,1070=,Kalyan,1
,,,,1070=,Kamalpreet,1
,,,,1070=,Kamie,1
,,,,1070=,Kamilla,1
,,,,1070=,Kana,1
,,,,1070=,Kandice,1
,,,,1070=,Kandyce,1
,,,,1070=,Kangwa,1
,,,,1070=,Karalyn,1
,,,,1070=,Karay,1
,,,,1070=,Karima,1
,,,,1070=,Kariss,1
,,,,1070=,Karissa,1
,,,,1070=,Karley,1
,,,,1070=,Karlie,1
,,,,1070=,Karoline,1
,,,,1070=,Karolynn,1
,,,,1070=,Karysm,1
,,,,1070=,Karyss,1
,,,,1070=,Kashaf,1
,,,,1070=,Kasi,1
,,,,1070=,Kasie,1
,,,,1070=,Kassie,1
,,,,1070=,Kassy,1
,,,,1070=,Katarijna,1
,,,,1070=,Katarina,1
,,,,1070=,Katelyne,1
,,,,1070=,Katerine,1
,,,,1070=,Katey,1
,,,,1070=,Katey-Anne,1
,,,,1070=,Katharina,1
,,,,1070=,Katherene,1
,,,,1070=,Kathyrn,1
,,,,1070=,Kati,1
,,,,1070=,Katie-Jane,1
,,,,1070=,Katie-Jean,1
,,,,1070=,Katie-Rose,1
,,,,1070=,Katinka,1
,,,,1070=,Katlyn,1
,,,,1070=,Katlynn,1
,,,,1070=,Katlynne,1
,,,,1070=,Katryna,1
,,,,1070=,Katy-Rose,1
,,,,1070=,Kavita,1
,,,,1070=,Kaya-Jane,1
,,,,1070=,Kaya-Lana,1
,,,,1070=,Kaya-Naomi,1
,,,,1070=,Kaydn,1
,,,,1070=,Kaye,1
,,,,1070=,Kayla,1
,,,,1070=,Kaylea,1
,,,,1070=,Kaylin,1
,,,,1070=,Kayra,1
,,,,1070=,Kayshia,1
,,,,1070=,Kayti,1
,,,,1070=,Keagan,1
,,,,1070=,Kealsey,1
,,,,1070=,Keava,1
,,,,1070=,Keelei,1
,,,,1070=,Keeley,1
,,,,1070=,Keemia,1
,,,,1070=,Keileih,1
,,,,1070=,Keisha,1
,,,,1070=,Kelcey,1
,,,,1070=,Kellianne,1
,,,,1070=,Kellsey,1
,,,,1070=,Kelly-Marie,1
,,,,1070=,Kellyanne,1
,,,,1070=,Kellymarie,1
,,,,1070=,Kelsay,1
,,,,1070=,Kelsi,1
,,,,1070=,Kemi,1
,,,,1070=,Kendell,1
,,,,1070=,Kendra,1
,,,,1070=,Kendyl,1
,,,,1070=,Kenedi,1
,,,,1070=,Kenna,1
,,,,1070=,Kenwan,1
,,,,1070=,Kercia,1
,,,,1070=,Keri-Ann,1
,,,,1070=,Kerianne,1
,,,,1070=,Kerisa,1
,,,,1070=,Kerr,1
,,,,1070=,Kerrae,1
,,,,1070=,Kerrera,1
,,,,1070=,Kerri-Ann,1
,,,,1070=,Kerriann,1
,,,,1070=,Kerrie-Ann,1
,,,,1070=,Kerrie-Anne,1
,,,,1070=,Kerrie-Jo,1
,,,,1070=,Kerris,1
,,,,1070=,Kerry-Ann,1
,,,,1070=,Kerryn,1
,,,,1070=,Kerstin,1
,,,,1070=,Keryn,1
,,,,1070=,Kesang,1
,,,,1070=,Keshet,1
,,,,1070=,Keturah,1
,,,,1070=,Keziah,1
,,,,1070=,Khadija,1
,,,,1070=,Khairun-Nissa,1
,,,,1070=,Khalina,1
,,,,1070=,Kharlene,1
,,,,1070=,Khayren,1
,,,,1070=,Khnsa,1
,,,,1070=,Kholoed,1
,,,,1070=,Kholood,1
,,,,1070=,Kia,1
,,,,1070=,Kiah,1
,,,,1070=,Kiana,1
,,,,1070=,Kiella,1
,,,,1070=,Kierann,1
,,,,1070=,Kieron,1
,,,,1070=,Kimberlea,1
,,,,1070=,Kinesha,1
,,,,1070=,Kiragh,1
,,,,1070=,Kirandeep,1
,,,,1070=,Kiranjit,1
,,,,1070=,Kirileigh,1
,,,,1070=,Kirima,1
,,,,1070=,Kirri,1
,,,,1070=,Kirrin,1
,,,,1070=,Kirstine,1
,,,,1070=,Kirsty-Jay,1
,,,,1070=,Kirsty-Lee,1
,,,,1070=,Kirsty-Marie,1
,,,,1070=,Kirstyann,1
,,,,1070=,Kirya,1
,,,,1070=,Kitrina,1
,,,,1070=,Kitt,1
,,,,1070=,Kiya,1
,,,,1070=,Klarissa,1
,,,,1070=,Knidla,1
,,,,1070=,Kodie,1
,,,,1070=,Kodithuwakku,1
,,,,1070=,Kofran,1
,,,,1070=,Koko,1
,,,,1070=,Komal,1
,,,,1070=,Koreace,1
,,,,1070=,Kori,1
,,,,1070=,Korinne,1
,,,,1070=,Kourtney,1
,,,,1070=,Koyal,1
,,,,1070=,Kris,1
,,,,1070=,Krissy,1
,,,,1070=,Kristella,1
,,,,1070=,Krystie,1
,,,,1070=,Krystina,1
,,,,1070=,Kumba,1
,,,,1070=,Kurstin,1
,,,,1070=,Kyara,1
,,,,1070=,Kyla,1
,,,,1070=,Kylie,1
,,,,1070=,Kyre-Ann,1
,,,,1070=,Kyrie,1
,,,,1070=,Kyrsten,1
,,,,1070=,Kyrstie,1
,,,,1070=,Kyrstine,1
,,,,1070=,Kythe,1
,,,,1070=,Laaiqah,1
,,,,1070=,Laia,1
,,,,1070=,Laila,1
,,,,1070=,Lailah,1
,,,,1070=,Lakin,1
,,,,1070=,Lakshmi,1
,,,,1070=,Lamisa,1
,,,,1070=,Lani,1
,,,,1070=,Larah,1
,,,,1070=,Lareb,1
,,,,1070=,Larni,1
,,,,1070=,Latasha,1
,,,,1070=,Latieshia,1
,,,,1070=,Latifah,1
,,,,1070=,Latoya,1
,,,,1070=,Laura-Jane,1
,,,,1070=,Laura-Jean,1
,,,,1070=,Laurajane,1
,,,,1070=,Laurann,1
,,,,1070=,Laurel,1
,,,,1070=,Lauren-Anne,1
,,,,1070=,Laurna,1
,,,,1070=,Laurren,1
,,,,1070=,Lavanya,1
,,,,1070=,Lawrie,1
,,,,1070=,Le-Ah,1
,,,,1070=,Lea,1
,,,,1070=,Lea-Anne,1
,,,,1070=,Lea-Marie,1
,,,,1070=,Leagh,1
,,,,1070=,Leagsaidh,1
,,,,1070=,Leaharen,1
,,,,1070=,Leana,1
,,,,1070=,Leann,1
,,,,1070=,Leasha,1
,,,,1070=,Lee-Ann,1
,,,,1070=,Leeanda,1
,,,,1070=,Leeomi,1
,,,,1070=,Leeza,1
,,,,1070=,Leigh'a,1
,,,,1070=,Leigha,1
,,,,1070=,Leighan,1
,,,,1070=,Leighvi,1
,,,,1070=,Lelani,1
,,,,1070=,Lene,1
,,,,1070=,Lenora,1
,,,,1070=,Leonia,1
,,,,1070=,Leora,1
,,,,1070=,Lesley-Ann,1
,,,,1070=,Leslie-Anne,1
,,,,1070=,Leticia,1
,,,,1070=,Letitia,1
,,,,1070=,Leyah,1
,,,,1070=,Lez,1
,,,,1070=,Liane,1
,,,,1070=,Liang,1
,,,,1070=,Lianna,1
,,,,1070=,Libby,1
,,,,1070=,Lili,1
,,,,1070=,Lilian,1
,,,,1070=,Lindsie,1
,,,,1070=,Lindzi,1
,,,,1070=,Lindzie,1
,,,,1070=,Linley,1
,,,,1070=,Linn,1
,,,,1070=,Linzi-Ann,1
,,,,1070=,Liona,1
,,,,1070=,Lisa-Ann,1
,,,,1070=,Lisanna,1
,,,,1070=,Lise,1
,,,,1070=,Liusaidh,1
,,,,1070=,Llana,1
,,,,1070=,Llindyn,1
,,,,1070=,Llinos,1
,,,,1070=,Lola,1
,,,,1070=,Loreto,1
,,,,1070=,Loretta,1
,,,,1070=,Lori-Jaye,1
,,,,1070=,Lorie,1
,,,,1070=,Loriena,1
,,,,1070=,Lorin,1
,,,,1070=,Lorina,1
,,,,1070=,Lorn,1
,,,,1070=,Loryn,1
,,,,1070=,Lovisa,1
,,,,1070=,Luanna,1
,,,,1070=,Lucienne,1
,,,,1070=,Lucille,1
,,,,1070=,Lucy-Anne,1
,,,,1070=,Lui,1
,,,,1070=,Lukjeet,1
,,,,1070=,Lyndseyann,1
,,,,1070=,Lynsi,1
,,,,1070=,Lynzy,1
,,,,1070=,Maaike,1
,,,,1070=,Maariya,1
,,,,1070=,Maariyah,1
,,,,1070=,Maarya,1
,,,,1070=,Macaily,1
,,,,1070=,Madaline,1
,,,,1070=,Maddison,1
,,,,1070=,Madelaine,1
,,,,1070=,Madia,1
,,,,1070=,Madihah,1
,,,,1070=,Mahalia,1
,,,,1070=,Mahdieh,1
,,,,1070=,Mahdiyyah,1
,,,,1070=,Maheen,1
,,,,1070=,Mahri,1
,,,,1070=,Mahwish,1
,,,,1070=,Maili,1
,,,,1070=,Maimie,1
,,,,1070=,Maire-Louise,1
,,,,1070=,Maireanne,1
,,,,1070=,Mairhead,1
,,,,1070=,Mairi-Christina,1
,,,,1070=,Mairi-Clair,1
,,,,1070=,Mairi-Clare,1
,,,,1070=,Mairi-Jane,1
,,,,1070=,Mairi-Kate,1
,,,,1070=,Mairianne,1
,,,,1070=,Mairilindsay,1
,,,,1070=,Makala,1
,,,,1070=,Malia,1
,,,,1070=,Malissa,1
,,,,1070=,Mallisa,1
,,,,1070=,Mallory,1
,,,,1070=,Mandevi,1
,,,,1070=,Mandi,1
,,,,1070=,Mandip,1
,,,,1070=,Manpreet,1
,,,,1070=,Mara,1
,,,,1070=,Maram,1
,,,,1070=,Marcella,1
,,,,1070=,Marell,1
,,,,1070=,Maren,1
,,,,1070=,Margaret-Anne,1
,,,,1070=,Margarette,1
,,,,1070=,Marghrad,1
,,,,1070=,Mari-Claire,1
,,,,1070=,Mari-Clare,1
,,,,1070=,Maria-Caterina,1
,,,,1070=,Mariah,1
,,,,1070=,Marian,1
,,,,1070=,Mariana,1
,,,,1070=,Mariann,1
,,,,1070=,Mariay,1
,,,,1070=,Maricia,1
,,,,1070=,Marie-Antoinett,1
,,,,1070=,Marie-Clare,1
,,,,1070=,Marie-Therese,1
,,,,1070=,Marieka,1
,,,,1070=,Mariel,1
,,,,1070=,Mariessa,1
,,,,1070=,Marigold,1
,,,,1070=,Mariha,1
,,,,1070=,Marijke,1
,,,,1070=,Marilyam,1
,,,,1070=,Marilyn,1
,,,,1070=,Marilyne,1
,,,,1070=,Marion-Anne,1
,,,,1070=,Mariota,1
,,,,1070=,Maris,1
,,,,1070=,Marium,1
,,,,1070=,Mariyah,1
,,,,1070=,Marjory,1
,,,,1070=,Marleigh,1
,,,,1070=,Marli,1
,,,,1070=,Marlies,1
,,,,1070=,Marliese,1
,,,,1070=,Marna,1
,,,,1070=,Maroobah,1
,,,,1070=,Martean,1
,,,,1070=,Martha-Elizabet,1
,,,,1070=,Marwa,1
,,,,1070=,Mary-Ann,1
,,,,1070=,Mary-Jane,1
,,,,1070=,Maryjane,1
,,,,1070=,Marykate,1
,,,,1070=,Mathilda,1
,,,,1070=,Mavrah,1
,,,,1070=,Maya,1
,,,,1070=,Mechelle,1
,,,,1070=,Meera,1
,,,,1070=,Meesha,1
,,,,1070=,Mefharet,1
,,,,1070=,Megan-Rose,1
,,,,1070=,Meganne,1
,,,,1070=,Meggan,1
,,,,1070=,Meheq,1
,,,,1070=,Mehrin,1
,,,,1070=,Mehrun,1
,,,,1070=,Mehrunnissa,1
,,,,1070=,Mehwish,1
,,,,1070=,Meili,1
,,,,1070=,Melani,1
,,,,1070=,Mellissa,1
,,,,1070=,Melody-Beth,1
,,,,1070=,Meraud,1
,,,,1070=,Mercedes,1
,,,,1070=,Meresha,1
,,,,1070=,Meriel,1
,,,,1070=,Merissa,1
,,,,1070=,Merran,1
,,,,1070=,Merril,1
,,,,1070=,Mhari-Ann,1
,,,,1070=,Mhiara,1
,,,,1070=,Mia,1
,,,,1070=,Micha,1
,,,,1070=,Michaelar,1
,,,,1070=,Micheala,1
,,,,1070=,Micheelie,1
,,,,1070=,Mickaela,1
,,,,1070=,Midhat,1
,,,,1070=,Mikaela,1
,,,,1070=,Mini,1
,,,,1070=,Mirrin,1
,,,,1070=,Misa,1
,,,,1070=,Misbah,1
,,,,1070=,Mischa,1
,,,,1070=,Mitchel,1
,,,,1070=,Moa,1
,,,,1070=,Moire,1
,,,,1070=,Molisa,1
,,,,1070=,Molly-Jean,1
,,,,1070=,Momena,1
,,,,1070=,Momina,1
,,,,1070=,Monica-Jo,1
,,,,1070=,Monice,1
,,,,1070=,Monique,1
,,,,1070=,Montanna,1
,,,,1070=,Moray,1
,,,,1070=,Morbhan,1
,,,,1070=,Morgaine,1
,,,,1070=,Morgane,1
,,,,1070=,Morgen,1
,,,,1070=,Morias,1
,,,,1070=,Morvwen,1
,,,,1070=,Motee,1
,,,,1070=,Moya,1
,,,,1070=,Muirna,1
,,,,1070=,Muriel,1
,,,,1070=,Murium,1
,,,,1070=,Mya,1
,,,,1070=,Myckaela,1
,,,,1070=,Myfanwy,1
,,,,1070=,Myra,1
,,,,1070=,Na,1
,,,,1070=,Naadirah,1
,,,,1070=,Nabiah,1
,,,,1070=,Nabila,1
,,,,1070=,Nada,1
,,,,1070=,Nadean,1
,,,,1070=,Nadigah,1
,,,,1070=,Nadina,1
,,,,1070=,Nafeesa,1
,,,,1070=,Naheeda,1
,,,,1070=,Naimh,1
,,,,1070=,Naiomi,1
,,,,1070=,Najah,1
,,,,1070=,Nakita,1
,,,,1070=,Namuuka,1
,,,,1070=,Naomi-Beth,1
,,,,1070=,Narelle,1
,,,,1070=,Narina,1
,,,,1070=,Narinder,1
,,,,1070=,Nasreen,1
,,,,1070=,Nastassia,1
,,,,1070=,Natalie-Eliza,1
,,,,1070=,Natallie,1
,,,,1070=,Natasha-Claire,1
,,,,1070=,Natasha-Leigh,1
,,,,1070=,Nathalie,1
,,,,1070=,Nathania,1
,,,,1070=,Nathashia,1
,,,,1070=,Natisha,1
,,,,1070=,Naunena,1
,,,,1070=,Naveen,1
,,,,1070=,Nayaab,1
,,,,1070=,Nayab,1
,,,,1070=,Nazia,1
,,,,1070=,Nazmi,1
,,,,1070=,Nea,1
,,,,1070=,Neala,1
,,,,1070=,Neamhain,1
,,,,1070=,Neasha,1
,,,,1070=,Nebraska,1
,,,,1070=,Nell,1
,,,,1070=,Neneh,1
,,,,1070=,Neomie,1
,,,,1070=,Neovi,1
,,,,1070=,Nerissa,1
,,,,1070=,Nesreen,1
,,,,1070=,Nessrin,1
,,,,1070=,Nia,1
,,,,1070=,Nicaul,1
,,,,1070=,Niccolle,1
,,,,1070=,Nicheala,1
,,,,1070=,Nickaela,1
,,,,1070=,Nicky,1
,,,,1070=,Nicola-Ann,1
,,,,1070=,Nicole-Frances,1
,,,,1070=,Nicoletta,1
,,,,1070=,Nidaa,1
,,,,1070=,Nidda,1
,,,,1070=,Nik,1
,,,,1070=,Niketa,1
,,,,1070=,Nikki-Anne,1
,,,,1070=,Nikkii,1
,,,,1070=,Nikol,1
,,,,1070=,Nilia,1
,,,,1070=,Ninaleigh,1
,,,,1070=,Nioma,1
,,,,1070=,Nisreen,1
,,,,1070=,Noella,1
,,,,1070=,Nompilo,1
,,,,1070=,Noor,1
,,,,1070=,Noor-Zehra,1
,,,,1070=,Noorjahan,1
,,,,1070=,Noreen,1
,,,,1070=,Norma,1
,,,,1070=,Normajean,1
,,,,1070=,Nosheen,1
,,,,1070=,Nursyazwani,1
,,,,1070=,Nusyba,1
,,,,1070=,Nyaomi,1
,,,,1070=,Nyla,1
,,,,1070=,Nyomi,1
,,,,1070=,Nyree,1
,,,,1070=,O'shea,1
,,,,1070=,Ola,1
,,,,1070=,Olesya,1
,,,,1070=,Omaema,1
,,,,1070=,Omogherebhe,1
,,,,1070=,Onnagh,1
,,,,1070=,Orli,1
,,,,1070=,Oui,1
,,,,1070=,Pagan,1
,,,,1070=,Paisley,1
,,,,1070=,Palavi,1
,,,,1070=,Pandora,1
,,,,1070=,Panecea,1
,,,,1070=,Parastwo,1
,,,,1070=,Paris,1
,,,,1070=,Pariss,1
,,,,1070=,Pashmeena,1
,,,,1070=,Patrena,1
,,,,1070=,Pearl,1
,,,,1070=,Pebbles,1
,,,,1070=,Peggy,1
,,,,1070=,Peigi,1
,,,,1070=,Peri,1
,,,,1070=,Peta,1
,,,,1070=,Petra,1
,,,,1070=,Petriece,1
,,,,1070=,Pevrin,1
,,,,1070=,Peyton,1
,,,,1070=,Pheobe,1
,,,,1070=,Philipa-Ann,1
,,,,1070=,Phillipa,1
,,,,1070=,Phillippa,1
,,,,1070=,Picassa,1
,,,,1070=,Pinky,1
,,,,1070=,Pippa,1
,,,,1070=,Pooja,1
,,,,1070=,Prabhjot,1
,,,,1070=,Pravjit,1
,,,,1070=,Preetika,1
,,,,1070=,Preya,1
,,,,1070=,Priscilla,1
,,,,1070=,Priyanaz,1
,,,,1070=,Priyanka,1
,,,,1070=,Prunella,1
,,,,1070=,Pui,1
,,,,1070=,Puneet,1
,,,,1070=,Qinwen,1
,,,,1070=,Quinn,1
,,,,1070=,Rabecca,1
,,,,1070=,Rabiah,1
,,,,1070=,Rachael-Anne,1
,,,,1070=,Rachaell,1
,,,,1070=,Racheal,1
,,,,1070=,Rachel-Louise,1
,,,,1070=,Rachele,1
,,,,1070=,Radha,1
,,,,1070=,Radhika,1
,,,,1070=,Rae-Ann,1
,,,,1070=,Rae-Yen,1
,,,,1070=,Raeanne,1
,,,,1070=,Raechel,1
,,,,1070=,Raeesa,1
,,,,1070=,Raghad,1
,,,,1070=,Rahailey,1
,,,,1070=,Rainey,1
,,,,1070=,Rainny,1
,,,,1070=,Raisa,1
,,,,1070=,Raisah,1
,,,,1070=,Raman,1
,,,,1070=,Rameesha,1
,,,,1070=,Ramona,1
,,,,1070=,Raniah,1
,,,,1070=,Rasheeda,1
,,,,1070=,Raven,1
,,,,1070=,Ray,1
,,,,1070=,Rayanne,1
,,,,1070=,Raynor,1
,,,,1070=,Rayya,1
,,,,1070=,Reann,1
,,,,1070=,Rebbekah,1
,,,,1070=,Rebecca-Nicole,1
,,,,1070=,Rebeccah,1
,,,,1070=,Rebeckah,1
,,,,1070=,Rebekah-Jo,1
,,,,1070=,Rebekha,1
,,,,1070=,Reebecka,1
,,,,1070=,Reece,1
,,,,1070=,Reegan,1
,,,,1070=,Reema,1
,,,,1070=,Rehab,1
,,,,1070=,Remi,1
,,,,1070=,Remy,1
,,,,1070=,Renn,1
,,,,1070=,Revital,1
,,,,1070=,Rezwina,1
,,,,1070=,Rhanna,1
,,,,1070=,Rheagan,1
,,,,1070=,Rheann,1
,,,,1070=,Rheanna,1
,,,,1070=,Rhiah,1
,,,,1070=,Rhiana,1
,,,,1070=,Rhiane,1
,,,,1070=,Rhiannan,1
,,,,1070=,Rhowanna-Anne,1
,,,,1070=,Rhubekka,1
,,,,1070=,Rhuna,1
,,,,1070=,Rhyiza,1
,,,,1070=,Riahannan,1
,,,,1070=,Rianna,1
,,,,1070=,Ridah,1
,,,,1070=,Riel,1
,,,,1070=,Rifat,1
,,,,1070=,Rihan,1
,,,,1070=,Riki,1
,,,,1070=,Rima,1
,,,,1070=,Rio,1
,,,,1070=,Rionna,1
,,,,1070=,Robbyn,1
,,,,1070=,Robecca,1
,,,,1070=,Robin,1
,,,,1070=,Robyne,1
,,,,1070=,Robynne,1
,,,,1070=,Rochie,1
,,,,1070=,Rodica,1
,,,,1070=,Rogie,1
,,,,1070=,Rohanne,1
,,,,1070=,Rois,1
,,,,1070=,Romaela,1
,,,,1070=,Romaine,1
,,,,1070=,Romina,1
,,,,1070=,Roni,1
,,,,1070=,Rosalba,1
,,,,1070=,Rosalie,1
,,,,1070=,Rosalynd,1
,,,,1070=,Rosalynn,1
,,,,1070=,Rosaria,1
,,,,1070=,Rosario,1
,,,,1070=,Rosealeigh,1
,,,,1070=,Roseann,1
,,,,1070=,Roseanna,1
,,,,1070=,Roseline,1
,,,,1070=,Roshani,1
,,,,1070=,Roshni,1
,,,,1070=,Roslyne,1
,,,,1070=,Roslynn,1
,,,,1070=,Roxan,1
,,,,1070=,Roxsanne,1
,,,,1070=,Rozlynn,1
,,,,1070=,Rufaro,1
,,,,1070=,Ruhi,1
,,,,1070=,Ruhksar,1
,,,,1070=,Rukhsar,1
,,,,1070=,Ruksaar,1
,,,,1070=,Rumaanah,1
,,,,1070=,Ruqaya,1
,,,,1070=,Ruqayyah,1
,,,,1070=,Ruqueia,1
,,,,1070=,Ryah,1
,,,,1070=,Saara,1
,,,,1070=,Saarah,1
,,,,1070=,Saareh,1
,,,,1070=,Saba,1
,,,,1070=,Sabeen,1
,,,,1070=,Sabina,1
,,,,1070=,Sabreena,1
,,,,1070=,Sacha-Louise,1
,,,,1070=,Sachania,1
,,,,1070=,Sadiya,1
,,,,1070=,Safa,1
,,,,1070=,Saffron,1
,,,,1070=,Safina,1
,,,,1070=,Safiyya,1
,,,,1070=,Sahnaz,1
,,,,1070=,Sahre,1
,,,,1070=,Saika,1
,,,,1070=,Saimah,1
,,,,1070=,Sairah,1
,,,,1070=,Sakina,1
,,,,1070=,Sallie,1
,,,,1070=,Sally-Anne,1
,,,,1070=,Salvor,1
,,,,1070=,Samah,1
,,,,1070=,Samanth,1
,,,,1070=,Samantha-Anne,1
,,,,1070=,Samantha-Jane,1
,,,,1070=,Samar,1
,,,,1070=,Sameyia,1
,,,,1070=,Sami-Jo,1
,,,,1070=,Samia,1
,,,,1070=,Samiah,1
,,,,1070=,Samina,1
,,,,1070=,Samirah,1
,,,,1070=,Sammantha,1
,,,,1070=,Sammie,1
,,,,1070=,Sammie-Jo,1
,,,,1070=,Samnaa,1
,,,,1070=,Samreen,1
,,,,1070=,Sandeep,1
,,,,1070=,Sanipriya,1
,,,,1070=,Sanita,1
,,,,1070=,Saniya,1
,,,,1070=,Sanna,1
,,,,1070=,Sannah,1
,,,,1070=,Saoirse,1
,,,,1070=,Saorcha,1
,,,,1070=,Sapna,1
,,,,1070=,Sapphire,1
,,,,1070=,Sara-Anne,1
,,,,1070=,Sara-Louise,1
,,,,1070=,Sarah-Ann,1
,,,,1070=,Sarah-Jayn,1
,,,,1070=,Sarah-Marie,1
,,,,1070=,Sarahlee,1
,,,,1070=,Saranjeet,1
,,,,1070=,Sarena,1
,,,,1070=,Sarrah,1
,,,,1070=,Sastre,1
,,,,1070=,Satnam,1
,,,,1070=,Satwinder,1
,,,,1070=,Savannah-Jane,1
,,,,1070=,Sayda,1
,,,,1070=,Scarlett,1
,,,,1070=,Seana,1
,,,,1070=,Seandelle,1
,,,,1070=,Seaneen,1
,,,,1070=,Searlait,1
,,,,1070=,Searoneet,1
,,,,1070=,Seerat,1
,,,,1070=,Seher,1
,,,,1070=,Sehrene,1
,,,,1070=,Sehrish,1
,,,,1070=,Senga,1
,,,,1070=,Seonad,1
,,,,1070=,Seonaidh,1
,,,,1070=,Seun,1
,,,,1070=,Shaa-Ista,1
,,,,1070=,Shabana,1
,,,,1070=,Shaeleigh,1
,,,,1070=,Shafah,1
,,,,1070=,Shahida,1
,,,,1070=,Shahreen,1
,,,,1070=,Shahzana,1
,,,,1070=,Shakiera,1
,,,,1070=,Shakirah,1
,,,,1070=,Shalann,1
,,,,1070=,Shamaila,1
,,,,1070=,Shamiala,1
,,,,1070=,Shamila,1
,,,,1070=,Shan,1
,,,,1070=,Shana-Lee,1
,,,,1070=,Shanan,1
,,,,1070=,Shandana,1
,,,,1070=,Shaneen,1
,,,,1070=,Shanen,1
,,,,1070=,Shanese,1
,,,,1070=,Shaney,1
,,,,1070=,Shannon-Louise,1
,,,,1070=,Shannyn,1
,,,,1070=,Shantelle,1
,,,,1070=,Shara,1
,,,,1070=,Sharalena,1
,,,,1070=,Sharan,1
,,,,1070=,Sharell,1
,,,,1070=,Sharelle,1
,,,,1070=,Sharlane,1
,,,,1070=,Sharlene,1
,,,,1070=,Sharlie,1
,,,,1070=,Sharlotte,1
,,,,1070=,Sharmilla,1
,,,,1070=,Sharron,1
,,,,1070=,Sharyn,1
,,,,1070=,Shaughney,1
,,,,1070=,Shaunagh,1
,,,,1070=,Shaundelle,1
,,,,1070=,Shaune,1
,,,,1070=,Shauni-Leigh,1
,,,,1070=,Shaunii,1
,,,,1070=,Shaunny,1
,,,,1070=,Shauntel,1
,,,,1070=,Shauny,1
,,,,1070=,Shavana,1
,,,,1070=,Shawndell,1
,,,,1070=,Shawney,1
,,,,1070=,Shawnie,1
,,,,1070=,Shawny,1
,,,,1070=,Shazia,1
,,,,1070=,Shea,1
,,,,1070=,Sheereen,1
,,,,1070=,Shekofeh,1
,,,,1070=,Shelaine,1
,,,,1070=,Shelbi,1
,,,,1070=,Shelbie,1
,,,,1070=,Shellby,1
,,,,1070=,Shellie,1
,,,,1070=,Shellyann,1
,,,,1070=,Shellyanne,1
,,,,1070=,Shenaz,1
,,,,1070=,Sheneice,1
,,,,1070=,Shenise,1
,,,,1070=,Shennel,1
,,,,1070=,Sheona,1
,,,,1070=,Shereena,1
,,,,1070=,Sherelle,1
,,,,1070=,Sherene,1
,,,,1070=,Sheri,1
,,,,1070=,Sherree,1
,,,,1070=,Sherrice,1
,,,,1070=,Sherrileigh,1
,,,,1070=,Sherrine,1
,,,,1070=,Sherry-Ann,1
,,,,1070=,Sherrylee,1
,,,,1070=,Sherylanne,1
,,,,1070=,Sheryn,1
,,,,1070=,Shi,1
,,,,1070=,Shian,1
,,,,1070=,Shiel,1
,,,,1070=,Shima,1
,,,,1070=,Shiminder,1
,,,,1070=,Shinara,1
,,,,1070=,Shinda,1
,,,,1070=,Shinell,1
,,,,1070=,Shinese,1
,,,,1070=,Shiree,1
,,,,1070=,Shireen,1
,,,,1070=,Shirley-Ann,1
,,,,1070=,Shirra,1
,,,,1070=,Shirree,1
,,,,1070=,Shodanna,1
,,,,1070=,Shola,1
,,,,1070=,Shonalika,1
,,,,1070=,Shoni,1
,,,,1070=,Shoshannah,1
,,,,1070=,Shurn,1
,,,,1070=,Shynelle,1
,,,,1070=,Sian-Louise,1
,,,,1070=,Sianan,1
,,,,1070=,Sianice,1
,,,,1070=,Siderah,1
,,,,1070=,Sidra,1
,,,,1070=,Sierra,1
,,,,1070=,Signy,1
,,,,1070=,Silvana,1
,,,,1070=,Simbiat,1
,,,,1070=,Simmone,1
,,,,1070=,Simonne,1
,,,,1070=,Simrat,1
,,,,1070=,Sindy,1
,,,,1070=,Sinita,1
,,,,1070=,Sinsemellia,1
,,,,1070=,Siobahn,1
,,,,1070=,Sionad,1
,,,,1070=,Sira,1
,,,,1070=,Sirah,1
,,,,1070=,Siraj,1
,,,,1070=,Siran,1
,,,,1070=,Sirwat,1
,,,,1070=,Sithara,1
,,,,1070=,Siu,1
,,,,1070=,Siwar,1
,,,,1070=,Sky,1
,,,,1070=,Slaine,1
,,,,1070=,Sofi,1
,,,,1070=,Soibhan,1
,,,,1070=,Sonna,1
,,,,1070=,Sophea,1
,,,,1070=,Sophi,1
,,,,1070=,Sophie-Claire,1
,,,,1070=,Sophiya,1
,,,,1070=,Sorrel,1
,,,,1070=,Sozan,1
,,,,1070=,Staceyann,1
,,,,1070=,Staceyanne,1
,,,,1070=,Staceyjane,1
,,,,1070=,Star,1
,,,,1070=,Stefania,1
,,,,1070=,Steffany,1
,,,,1070=,Stena,1
,,,,1070=,Stephane,1
,,,,1070=,Stephanie-Anne,1
,,,,1070=,Stephanie-Jayne,1
,,,,1070=,Stephannie,1
,,,,1070=,Stephnie,1
,,,,1070=,Stevannie,1
,,,,1070=,Stovhan,1
,,,,1070=,Stroma,1
,,,,1070=,Sudhanshi,1
,,,,1070=,Sufia,1
,,,,1070=,Sui,1
,,,,1070=,Sukhpal,1
,,,,1070=,Suman,1
,,,,1070=,Sumara,1
,,,,1070=,Sumayyah,1
,,,,1070=,Sumia,1
,,,,1070=,Sumra,1
,,,,1070=,Sumure,1
,,,,1070=,Sunah,1
,,,,1070=,Sunaina,1
,,,,1070=,Sunita,1
,,,,1070=,Sunnah,1
,,,,1070=,Surriaya,1
,,,,1070=,Suzanna,1
,,,,1070=,Suzy,1
,,,,1070=,Suzzanah,1
,,,,1070=,Syleen,1
,,,,1070=,Symonne,1
,,,,1070=,Syra,1
,,,,1070=,Taelor,1
,,,,1070=,Tahamina,1
,,,,1070=,Tahmina,1
,,,,1070=,Tahminara,1
,,,,1070=,Tahnee,1
,,,,1070=,Talor,1
,,,,1070=,Tamina,1
,,,,1070=,Tammie,1
,,,,1070=,Tamrah,1
,,,,1070=,Tamzene,1
,,,,1070=,Tamzin,1
,,,,1070=,Taneth,1
,,,,1070=,Tanis,1
,,,,1070=,Tanith,1
,,,,1070=,Tanitia,1
,,,,1070=,Tanmeet,1
,,,,1070=,Taris,1
,,,,1070=,Tarrah,1
,,,,1070=,Tasha,1
,,,,1070=,Tasia,1
,,,,1070=,Tasnim,1
,,,,1070=,Tatheer,1
,,,,1070=,Tatjana,1
,,,,1070=,Tauqeer,1
,,,,1070=,Tawny,1
,,,,1070=,Tay,1
,,,,1070=,Taya,1
,,,,1070=,Tayla,1
,,,,1070=,Taylah,1
,,,,1070=,Taylior,1
,,,,1070=,Taylor-Anne,1
,,,,1070=,Taylore,1
,,,,1070=,Tayte,1
,,,,1070=,Tayyaba,1
,,,,1070=,Tazmyn-Simone,1
,,,,1070=,Teagan,1
,,,,1070=,Teala,1
,,,,1070=,Teigan,1
,,,,1070=,Teila,1
,,,,1070=,Teillan,1
,,,,1070=,Teresa,1
,,,,1070=,Terimarie,1
,,,,1070=,Terri-Ann,1
,,,,1070=,Terri-Jane,1
,,,,1070=,Terrianne,1
,,,,1070=,Terry-Jo,1
,,,,1070=,Tertia,1
,,,,1070=,Thayba,1
,,,,1070=,Theodora,1
,,,,1070=,Thorn,1
,,,,1070=,Thwiba,1
,,,,1070=,Tiana,1
,,,,1070=,Tianna-Sheridan,1
,,,,1070=,Tiffiny,1
,,,,1070=,Tilda,1
,,,,1070=,Tinashkia,1
,,,,1070=,Ting,1
,,,,1070=,Tomi,1
,,,,1070=,Tomika,1
,,,,1070=,Toni-Ann,1
,,,,1070=,Toni-Anne,1
,,,,1070=,Toni-Jane,1
,,,,1070=,Toni-Louise,1
,,,,1070=,Tonie,1
,,,,1070=,Tori,1
,,,,1070=,Traci,1
,,,,1070=,Tracie-Louise,1
,,,,1070=,Tressa,1
,,,,1070=,Triana,1
,,,,1070=,Trina,1
,,,,1070=,Trisha,1
,,,,1070=,Trudi,1
,,,,1070=,Trudy,1
,,,,1070=,Tsungai,1
,,,,1070=,Tsz,1
,,,,1070=,Tuesday,1
,,,,1070=,Tyianna-Louise,1
,,,,1070=,Tyne,1
,,,,1070=,Tze,1
,,,,1070=,Umarah,1
,,,,1070=,Umera,1
,,,,1070=,Una,1
,,,,1070=,Unnam,1
,,,,1070=,Unum,1
,,,,1070=,Uram,1
,,,,1070=,Ursula,1
,,,,1070=,Usafeen,1
,,,,1070=,Ushra,1
,,,,1070=,Uzma,1
,,,,1070=,Vahri,1
,,,,1070=,Valeria,1
,,,,1070=,Vanessa-Louise,1
,,,,1070=,Vanna,1
,,,,1070=,Vari,1
,,,,1070=,Varri,1
,,,,1070=,Varrie,1
,,,,1070=,Varyse,1
,,,,1070=,Vevila,1
,,,,1070=,Vicki-Jayne,1
,,,,1070=,Vickie,1
,,,,1070=,Vidya,1
,,,,1070=,Vikki-Lea,1
,,,,1070=,Viola,1
,,,,1070=,Viviana,1
,,,,1070=,Vreni,1
,,,,1070=,Wachikuko,1
,,,,1070=,Wajihah,1
,,,,1070=,Warda,1
,,,,1070=,Watipaso,1
,,,,1070=,Whitney,1
,,,,1070=,Willa,1
,,,,1070=,Wilma,1
,,,,1070=,Wiyam,1
,,,,1070=,Wynnie,1
,,,,1070=,Xin,1
,,,,1070=,Yael,1
,,,,1070=,Yanna,1
,,,,1070=,Yasamin,1
,,,,1070=,Yasemin,1
,,,,1070=,Yasmein,1
,,,,1070=,Yazmin,1
,,,,1070=,Yee,1
,,,,1070=,Yee-Kei,1
,,,,1070=,Yin,1
,,,,1070=,Yong,1
,,,,1070=,Yoshe,1
,,,,1070=,Youn,1
,,,,1070=,Ysabeau,1
,,,,1070=,Yu-Han,1
,,,,1070=,Yuuka,1
,,,,1070=,Zaeema,1
,,,,1070=,Zahira,1
,,,,1070=,Zahrah,1
,,,,1070=,Zaib,1
,,,,1070=,Zakia,1
,,,,1070=,Zanera,1
,,,,1070=,Zanna,1
,,,,1070=,Zaprina,1
,,,,1070=,Zaynab,1
,,,,1070=,Zeenat,1
,,,,1070=,Zeenat-Un-Nisaa,1
,,,,1070=,Zelita,1
,,,,1070=,Zenaira,1
,,,,1070=,Zenat,1
,,,,1070=,Zhaier,1
,,,,1070=,Zia,1
,,,,1070=,Zoei,1
,,,,1070=,Zoella,1
,,,,1070=,Zoeya,1
,,,,1070=,Zofia,1
,,,,1070=,Zoha,1
,,,,1070=,Zoraida,1
,,,,1070=,Zosia,1
,,,,1070=,Zoyah,1
,,,,1070=,Zozan,1
,,,,,,
� Crown Copyright 2015,,,,,,
