Babies' first forenames: births registered in Scotland in 1990,,,,,,
,,,,,,
Information about the basis of the list can be found via the 'Babies' First Names' page on the National Records of Scotland website.,,,,,,
,,,,,,
Boys,,,,Girls,,
,,,,,,
Position,Name,Number of babies,,Position,Name,Number of babies
1,David,1254,,1,Emma,907
2,Christopher,1209,,2,Laura,854
3,Craig,1052,,3,Sarah,775
4,Scott,1044,,4,Stephanie,772
5,Andrew,1009,,5,Kirsty,644
6,Michael,973,,6,Claire,595
7,James,949,,7,Nicola,589
8,John,775,,8,Jennifer,571
9,Ross,771,,9,Stacey,531
10,Daniel,769,,10,Lauren,525
11,Steven,755,,11,Lisa,502
12,Jamie,680,,12,Danielle,483
13,Mark,673,,13,Rachel,474
14,Paul,640,,14,Rebecca,447
15,Ryan,603,,15,Natalie,426
16,Stephen,584,,16=,Amy,408
17,Sean,581,,16=,Louise,408
18,Robert,545,,18,Samantha,384
19,Stuart,533,,19,Ashley,376
20,Gary,467,,20,Gemma,368
21,Darren,415,,21,Fiona,302
22,William,402,,22,Nicole,286
23,Kevin,391,,23,Jade,264
24,Thomas,387,,24,Michelle,257
25,Martin,378,,25,Victoria,256
26,Matthew,373,,26,Amanda,253
27,Liam,336,,27,Megan,237
28,Jonathan,314,,28,Hannah,230
29,Callum,308,,29,Kayleigh,226
30,Alan,304,,30=,Gillian,224
31,Calum,282,,30=,Kimberley,224
32,Graeme,281,,32,Ashleigh,223
33,Jordan,267,,33,Rachael,218
34,Alexander,257,,34=,Heather,213
35,Lee,255,,34=,Kerry,213
36,Richard,244,,36,Cheryl,202
37,Iain,242,,37,Natasha,200
38,Adam,239,,38,Siobhan,198
39=,Fraser,227,,39,Kelly,194
39=,Lewis,227,,40,Katie,187
41,Colin,212,,41,Leanne,178
42,Grant,211,,42=,Joanne,166
43,Peter,209,,42=,Melissa,166
44,Dean,206,,44,Karen,163
45,Gavin,201,,45,Hayley,155
46,Shaun,192,,46,Catherine,152
47,Marc,188,,47,Elizabeth,140
48,Ian,182,,48,Eilidh,134
49,Greg,171,,49=,Alison,128
50,Gordon,170,,49=,Jenna,128
51=,Brian,164,,51,Deborah,126
51=,Graham,164,,52,Chloe,123
51=,Nicholas,164,,53,Zoe,120
54,Neil,163,,54=,Charlotte,119
55,Stewart,157,,54=,Holly,119
56,Euan,155,,56,Emily,115
57,Anthony,147,,57=,Kirsten,114
58,Joseph,146,,57=,Lynsey,114
59,Kieran,145,,59,Robyn,112
60,Kyle,143,,60,Kathryn,110
61=,Jack,134,,61,Catriona,109
61=,Jason,134,,62=,Ruth,105
63,Alistair,133,,62=,Suzanne,105
64,Samuel,128,,64=,Julie,104
65,Allan,127,,64=,Sophie,104
66=,Aaron,118,,66=,Clare,102
66=,Kenneth,118,,66=,Lucy,102
68,George,115,,68=,Caroline,101
69,Barry,109,,68=,Erin,101
70=,Cameron,104,,68=,Pamela,101
70=,Joshua,104,,71,Carly,97
72,Douglas,103,,72,Susan,95
73,Ewan,102,,73,Sinead,93
74,Derek,98,,74,Jacqueline,92
75,Benjamin,95,,75,Anna,91
76,Nathan,93,,76,Debbie,90
77,Duncan,92,,77=,Lorna,89
78,Dale,91,,77=,Mhairi,89
79,Blair,90,,79=,Jessica,88
80,Rory,87,,79=,Jodie,88
81,Patrick,85,,79=,Lindsay,88
82,Simon,83,,82,Alana,87
83,Alasdair,82,,83,Katherine,85
84,Garry,78,,84,Paula,84
85,Alastair,77,,85,Michaela,83
86=,Martyn,75,,86=,Dawn,79
86=,Philip,75,,86=,Sara,79
88,Charles,71,,88=,Caitlin,78
89,Sam,70,,88=,Kerri,78
90=,Daryl,68,,88=,Kim,78
90=,Gregor,68,,91,Donna,77
92=,Edward,65,,92=,Alexandra,76
92=,Niall,65,,92=,Angela,76
94,Donald,64,,92=,Helen,76
95,Murray,63,,95=,Aimee,74
96,Keith,61,,95=,Elaine,74
97=,Ben,60,,95=,Joanna,74
97=,Bryan,60,,98,Christina,71
97=,Connor,60,,99,Adele,70
100,Luke,59,,100=,Kathleen,69
101,Josh,58,,100=,Shona,69
102,Greig,55,,102,Kimberly,67
103,Robbie,54,,103,Jane,65
104=,Angus,52,,104=,Katrina,64
104=,Kristopher,52,,104=,Lesley,64
106,Gareth,50,,106=,Christine,63
107=,Bruce,49,,106=,Lyndsay,63
107=,Declan,49,,108,Stacy,61
109,Owen,48,,109,Linzi,60
110,Stefan,47,,110=,Jemma,58
111,Raymond,44,,110=,Nikki,58
112,Mohammed,41,,112=,Amber,57
113,Malcolm,40,,112=,Jillian,57
114,Frazer,39,,114=,Leigh,55
115,Hugh,38,,114=,Maxine,55
116,Dominic,36,,114=,Melanie,55
117=,Kristofer,33,,117=,Cara,54
117=,Robin,33,,117=,Lynne,54
119=,Jon,32,,119,Mary,53
119=,Russell,32,,120=,Ailsa,52
121=,Billy,31,,120=,Hazel,52
121=,Kris,31,,120=,Kirstie,52
123=,Antony,30,,123,Lynn,51
123=,Gerard,30,,124,Chelsea,50
123=,Jonathon,30,,125,Dionne,49
126=,Aidan,29,,126=,Charlene,47
126=,Oliver,29,,126=,Katy,47
126=,Wayne,29,,126=,Maria,47
129=,Marcus,28,,126=,Toni,47
129=,Shane,28,,130=,Gail,46
131,Tony,26,,130=,Mairi,46
132=,Drew,25,,130=,Margaret,46
132=,Hamish,25,,130=,Nadia,46
132=,Mathew,25,,130=,Naomi,46
135=,Francis,24,,135=,Alice,45
135=,Joe,24,,135=,Jamie,45
135=,Ruaridh,24,,135=,Terri,45
135=,Tom,24,,138,Yvonne,44
139=,Ciaran,23,,139=,Diane,43
139=,Danny,23,,139=,Kelsey,43
139=,Lloyd,23,,139=,Lorraine,43
139=,Max,23,,142,Jordan,42
143=,Conor,22,,143=,Tanya,41
143=,Fergus,22,,143=,Tracy,41
143=,Justin,22,,145,Justine,40
146=,Louis,21,,146,Kate,39
146=,Roy,21,,147=,April,38
148=,Brendan,20,,147=,Carrie,38
148=,Darryl,20,,149=,Carla,37
148=,Glen,20,,149=,Lyndsey,37
148=,Glenn,20,,149=,Mandy,37
148=,Keir,20,,149=,Sian,37
148=,Nicky,20,,153,Nicolle,36
148=,Phillip,20,,154=,Leah,35
148=,Ronald,20,,154=,Lindsey,35
156=,Kristoffer,19,,156=,Georgina,34
156=,Struan,19,,156=,Linda,34
156=,Timothy,19,,156=,Tammy,34
156=,Warren,19,,156=,Vicki,34
160=,Arran,18,,160=,Denise,33
160=,Bradley,18,,160=,Francesca,33
160=,Calvin,18,,160=,Jill,33
160=,Finlay,18,,160=,Kerrie,33
160=,Gregg,18,,160=,Marie,33
160=,Jake,18,,160=,Sharon,33
160=,Ruairidh,18,,166=,Courtney,32
167=,Damien,17,,166=,Iona,32
167=,Harry,17,,166=,Nadine,32
167=,Kerr,17,,166=,Shelley,32
167=,Mohammad,17,,170=,Abbie,30
167=,Terry,17,,170=,Kellie,30
167=,Vincent,17,,170=,Nichola,30
173=,Campbell,16,,170=,Roisin,30
173=,Elliot,16,,174=,Abigail,29
173=,Keiran,16,,174=,Anne,29
173=,Ricky,16,,174=,Colette,29
173=,Terence,16,,174=,Hollie,29
178=,Brett,15,,178=,Andrea,28
178=,Clark,15,,178=,Carol,28
180=,Chris,14,,178=,Eleanor,28
180=,Henry,14,,178=,Julia,28
180=,Jordon,14,,178=,Patricia,28
180=,Kieron,14,,178=,Rhona,28
180=,Laurence,14,,178=,Vicky,28
180=,Omar,14,,185=,Grace,27
186=,Arron,13,,185=,Kara,27
186=,Ashley,13,,185=,Tracey,27
186=,Ethan,13,,185=,Vikki,27
186=,Frank,13,,189=,Ann,26
186=,Jay,13,,189=,Gayle,26
186=,Johnathan,13,,189=,Lara,26
186=,Muhammad,13,,189=,Lori,26
186=,Sandy,13,,189=,Morag,26
194=,Adrian,12,,189=,Sheree,26
194=,Alex,12,,195,Shannon,25
194=,Anton,12,,196=,Alanna,24
194=,Barrie,12,,196=,Ellen,24
194=,Jacob,12,,196=,Morven,24
194=,Jeff,12,,199=,Jayne,23
194=,Maxwell,12,,199=,Olivia,23
194=,Scot,12,,199=,Rebekah,23
202=,Allen,11,,202=,Chantelle,22
202=,Daryn,11,,202=,Frances,22
202=,Gregory,11,,202=,Isla,22
202=,Lawrence,11,,202=,Kirstin,22
202=,Myles,11,,206=,Allana,21
202=,Reece,11,,206=,Carolyn,21
202=,Roderick,11,,206=,Collette,21
202=,Ruaraidh,11,,206=,Janine,21
210=,Ali,10,,206=,Rosie,21
210=,Alisdair,10,,206=,Zara,21
210=,Damian,10,,212=,Aileen,20
210=,Dylan,10,,212=,Ainsley,20
210=,Imran,10,,212=,Alannah,20
210=,Karl,10,,212=,Marianne,20
210=,Kieren,10,,212=,Morgan,20
210=,Leigh,10,,212=,Sarah-Jane,20
210=,Ronan,10,,212=,Stefanie,20
219=,Bobby,9,,219=,Amie,19
219=,Darran,9,,219=,Pauline,19
219=,Dayle,9,,219=,Rosemary,19
219=,Eamon,9,,219=,Roxanne,19
219=,Gerald,9,,219=,Yasmin,19
219=,Guy,9,,224=,Arlene,18
219=,Lyle,9,,224=,Bryony,18
219=,Marco,9,,224=,Corinne,18
219=,Qasim,9,,224=,Emma-Louise,18
219=,Ruari,9,,224=,Lana,18
229=,Aarron,8,,224=,Laurie,18
229=,Ahmed,8,,224=,Sheryl,18
229=,Benedict,8,,224=,Stacie,18
229=,Christian,8,,224=,Veronica,18
229=,Curtis,8,,233=,Allison,17
229=,Darrell,8,,233=,Cassie,17
229=,Daryll,8,,233=,Colleen,17
229=,Derrick,8,,233=,Jamie-Lee,17
229=,Eric,8,,233=,Jasmine,17
229=,Ewen,8,,233=,Jenny,17
229=,Faisal,8,,233=,Marion,17
229=,Joel,8,,240=,Dana,16
229=,Laurie,8,,240=,Demi,16
229=,Leon,8,,240=,Karina,16
229=,Magnus,8,,240=,Lois,16
229=,Nicolas,8,,240=,Lynsay,16
229=,Taylor,8,,240=,Madeleine,16
246=,Alister,7,,240=,Nikita,16
246=,Austin,7,,240=,Sasha,16
246=,Bryce,7,,240=,Teri,16
246=,Innes,7,,240=,Vanessa,16
246=,Jed,7,,250=,Abby,15
246=,Joss,7,,250=,Alicia,15
246=,Kirk,7,,250=,Charmaine,15
246=,Lorne,7,,250=,Christie,15
246=,Rikki,7,,250=,Eve,15
246=,Usman,7,,250=,Harriet,15
256=,Archibald,6,,250=,Kay,15
256=,Cal,6,,250=,Keri,15
256=,Carl,6,,250=,Lee,15
256=,Corey,6,,250=,Rhiannon,15
256=,Geoffrey,6,,250=,Tamara,15
256=,Grahame,6,,261=,Adelle,14
256=,Haroon,6,,261=,Aisha,14
256=,Johnathon,6,,261=,Alyson,14
256=,Kane,6,,261=,Beth,14
256=,Lachlan,6,,261=,Brogan,14
256=,Nathaniel,6,,261=,Cassandra,14
256=,Neill,6,,261=,Hayleigh,14
256=,Nicol,6,,261=,Johanna,14
256=,Nikki,6,,261=,Katharine,14
256=,Ralph,6,,261=,Leeann,14
256=,Ronnie,6,,261=,Leona,14
256=,Zachary,6,,261=,Lianne,14
273=,Albert,5,,261=,Louisa,14
273=,Allister,5,,261=,Rona,14
273=,Amir,5,,275=,Antonia,13
273=,Antoni,5,,275=,Bethany,13
273=,Asim,5,,275=,Cally,13
273=,Bernard,5,,275=,Cherie,13
273=,Blaine,5,,275=,Dannielle,13
273=,Brodie,5,,275=,Dominique,13
273=,Byron,5,,275=,Georgia,13
273=,Colm,5,,275=,Janet,13
273=,Conan,5,,275=,Jayde,13
273=,Dennis,5,,275=,Judith,13
273=,Eoghan,5,,275=,Karyn,13
273=,Evan,5,,275=,Kirsteen,13
273=,Forbes,5,,275=,Kristina,13
273=,Harrison,5,,275=,Leeanne,13
273=,Ivan,5,,275=,Lynda,13
273=,Jeffrey,5,,275=,Roslyn,13
273=,Jim,5,,275=,Sally,13
273=,Ka,5,,275=,Sarah-Louise,13
273=,Kevan,5,,275=,Seonaid,13
273=,Lindsay,5,,275=,Simone,13
273=,Lucas,5,,295=,Ailie,12
273=,Ray,5,,295=,Alexis,12
273=,Reuben,5,,295=,Annie,12
273=,Rhys,5,,295=,Bobbie,12
273=,Roddy,5,,295=,Chelsey,12
273=,Rowan,5,,295=,Clair,12
273=,Saul,5,,295=,Fern,12
273=,Sebastian,5,,295=,Kelsie,12
273=,Sonny,5,,295=,Linsey,12
273=,Stevie,5,,295=,Miriam,12
273=,Tomas,5,,295=,Philippa,12
273=,Tommy,5,,295=,Rochelle,12
273=,Tristan,5,,295=,Sandra,12
273=,Tyler,5,,295=,Theresa,12
309=,Aiden,4,,295=,Tina,12
309=,Blane,4,,295=,Valerie,12
309=,Brent,4,,311=,Ciara,11
309=,Carlo,4,,311=,Connie,11
309=,Charlie,4,,311=,Esther,11
309=,Clarke,4,,311=,Faye,11
309=,Corrie,4,,311=,Helena,11
309=,Creag,4,,311=,Jodi,11
309=,Dane,4,,311=,Meghan,11
309=,Dario,4,,311=,Rose,11
309=,Darrin,4,,311=,Shereen,11
309=,Darryn,4,,311=,Sophia,11
309=,Desmond,4,,311=,Tara,11
309=,Don,4,,311=,Tiffany,11
309=,Elliott,4,,311=,Wendy,11
309=,Eoin,4,,324=,Alix,10
309=,Findlay,4,,324=,Bernadette,10
309=,Garreth,4,,324=,Brooke,10
309=,Giancarlo,4,,324=,Callie,10
309=,Hassan,4,,324=,Daisy,10
309=,Jak,4,,324=,Erica,10
309=,Kai,4,,324=,Eva,10
309=,Karim,4,,324=,Freya,10
309=,Kashif,4,,324=,Gaynor,10
309=,Keiron,4,,324=,Marissa,10
309=,Kenny,4,,324=,Natalia,10
309=,Kurt,4,,324=,Nina,10
309=,Lawrie,4,,324=,Rosalind,10
309=,Leslie,4,,324=,Roseanne,10
309=,Levi,4,,324=,Sabrina,10
309=,Marti,4,,324=,Sandie,10
309=,Mitchell,4,,324=,Serena,10
309=,Morgan,4,,324=,Shaunna,10
309=,Neal,4,,324=,Sonia,10
309=,Osman,4,,324=,Teresa,10
309=,Richie,4,,344=,Alisha,9
309=,Russel,4,,344=,Ami,9
309=,Ryen,4,,344=,Anita,9
309=,Sandeep,4,,344=,Annabel,9
309=,Stephan,4,,344=,Anne-Marie,9
309=,Steve,4,,344=,Barbara,9
309=,Toby,4,,344=,Caron,9
351=,Abdul,3,,344=,Devon,9
351=,Adil,3,,344=,Dianne,9
351=,Alec,3,,344=,Elisabeth,9
351=,Alfred,3,,344=,Elise,9
351=,Amar,3,,344=,Evelyn,9
351=,Ammar,3,,344=,Gina,9
351=,Antonio,3,,344=,Jocelyn,9
351=,Austen,3,,344=,Jody,9
351=,Blake,3,,344=,Josephine,9
351=,Brad,3,,344=,Joy,9
351=,Bret,3,,344=,Stevie,9
351=,Cailean,3,,344=,Susanne,9
351=,Caleb,3,,363=,Abbey,8
351=,Calumn,3,,363=,Alex,8
351=,Coll,3,,363=,Amna,8
351=,Conner,3,,363=,Annemarie,8
351=,Damon,3,,363=,Annette,8
351=,Danish,3,,363=,Ayesha,8
351=,Danni,3,,363=,Briony,8
351=,Devin,3,,363=,Candice,8
351=,Dexter,3,,363=,Casey,8
351=,Edwin,3,,363=,Daniela,8
351=,Fabio,3,,363=,Daniella,8
351=,Gabriel,3,,363=,Fatima,8
351=,Gerrard,3,,363=,Hailey,8
351=,Glynn,3,,363=,Jay,8
351=,Hamza,3,,363=,Keira,8
351=,Hamzah,3,,363=,Kirsti,8
351=,Ibrahim,3,,363=,Kirstyn,8
351=,Jackson,3,,363=,Leighanne,8
351=,Jai,3,,363=,Lisa-Marie,8
351=,Jaimie,3,,363=,Marnie,8
351=,Jan,3,,363=,Mhari,8
351=,Jared,3,,363=,Monica,8
351=,Jarrod,3,,363=,Rudi,8
351=,Jimmy,3,,363=,Shauna,8
351=,Johnny,3,,363=,Shauni,8
351=,Julian,3,,388=,Ailidh,7
351=,Kamran,3,,388=,Alexandria,7
351=,Kier,3,,388=,Allyson,7
351=,Kristian,3,,388=,Ann-Marie,7
351=,Leo,3,,388=,Audrey,7
351=,Leonard,3,,388=,Bethan,7
351=,Logan,3,,388=,Carina,7
351=,Luca,3,,388=,Debra,7
351=,Lyall,3,,388=,Diana,7
351=,Man,3,,388=,Erika,7
351=,Maurice,3,,388=,Fay,7
351=,Maximilian,3,,388=,Geraldine,7
351=,Mohamed,3,,388=,Heidi,7
351=,Mohsin,3,,388=,Jaclyn,7
351=,Murdo,3,,388=,Janice,7
351=,Nadeem,3,,388=,Jo,7
351=,Neale,3,,388=,Jo-Anne,7
351=,Nico,3,,388=,Johanne,7
351=,Nigel,3,,388=,Kelly-Anne,7
351=,Niki,3,,388=,Kendal,7
351=,Nikolas,3,,388=,Kristy,7
351=,Orry,3,,388=,Kylie,7
351=,Raja,3,,388=,Lee-Anne,7
351=,Ramsay,3,,388=,Lucia,7
351=,Reza,3,,388=,Lucinda,7
351=,Riccardo,3,,388=,Marina,7
351=,Ricci,3,,388=,Maureen,7
351=,Ritchie,3,,388=,Paige,7
351=,Saqib,3,,388=,Rachelle,7
351=,Seumas,3,,388=,Rosanna,7
351=,Shawn,3,,388=,Rowan,7
351=,Steffan,3,,388=,Shirley,7
351=,Suraj,3,,388=,Shonagh,7
351=,Tariq,3,,388=,Steffani,7
351=,Theo,3,,388=,Susannah,7
351=,Theodore,3,,388=,Tessa,7
351=,Troy,3,,388=,Vivienne,7
351=,Wai,3,,425=,Aimi,6
351=,Waqas,3,,425=,Allanah,6
351=,Yasir,3,,425=,Amy-Louise,6
351=,Zohaib,3,,425=,Aysha,6
429=,Aamir,2,,425=,Bianca,6
429=,Aaran,2,,425=,Billie,6
429=,Adeel,2,,425=,Bronwyn,6
429=,Aden,2,,425=,Carlene,6
429=,Aeron,2,,425=,Carolanne,6
429=,Aftab,2,,425=,Chanelle,6
429=,Alessandro,2,,425=,Charis,6
429=,Andre,2,,425=,Cindy,6
429=,Angelo,2,,425=,Coral,6
429=,Anish,2,,425=,Corrie,6
429=,Archie,2,,425=,Daryl,6
429=,Arthur,2,,425=,Dayna,6
429=,Ashton,2,,425=,Elisa,6
429=,Azeem,2,,425=,Ellis,6
429=,Bashar,2,,425=,Felicity,6
429=,Bilal,2,,425=,Genna,6
429=,Blyth,2,,425=,Haley,6
429=,Bobak,2,,425=,Hilary,6
429=,Brendon,2,,425=,Imogen,6
429=,Brogan,2,,425=,Jan,6
429=,Burhan,2,,425=,Jasmin,6
429=,Cairn,2,,425=,Jean,6
429=,Cavan,2,,425=,Joan,6
429=,Chad,2,,425=,Julie-Ann,6
429=,Ching,2,,425=,June,6
429=,Chun,2,,425=,Kaitlin,6
429=,Clement,2,,425=,Karis,6
429=,Conar,2,,425=,Kayley,6
429=,Connaire,2,,425=,Kelly-Ann,6
429=,Connar,2,,425=,Kerry-Anne,6
429=,Conrad,2,,425=,Kristen,6
429=,Cormac,2,,425=,Krystina,6
429=,Cornelius,2,,425=,Kym,6
429=,Corry,2,,425=,Leigh-Ann,6
429=,Cory,2,,425=,Leila,6
429=,Crawford,2,,425=,Leonie,6
429=,Cy,2,,425=,Liza,6
429=,Damen,2,,425=,Lydia,6
429=,Dannie,2,,425=,Maryam,6
429=,Darias,2,,425=,Michele,6
429=,Darius,2,,425=,Niki,6
429=,Darroch,2,,425=,Poppy,6
429=,Dave,2,,425=,Rhea,6
429=,Dayll,2,,425=,Sana,6
429=,Dayne,2,,425=,Sandi,6
429=,Dene,2,,425=,Sharlene,6
429=,Denis,2,,425=,Sheena,6
429=,Derick,2,,425=,Stephenie,6
429=,Dermot,2,,425=,Tammi,6
429=,Devon,2,,425=,Taylor,6
429=,Dhani,2,,479=,Abbi,5
429=,Donny,2,,479=,Afton,5
429=,Dougal,2,,479=,Aimie,5
429=,Eammon,2,,479=,Ainslie,5
429=,Eddie,2,,479=,Aishah,5
429=,Ellis,2,,479=,Alanah,5
429=,Eoghann,2,,479=,Ashton,5
429=,Erin,2,,479=,Becky,5
429=,Errol,2,,479=,Belinda,5
429=,Fahad,2,,479=,Carmen,5
429=,Farhan,2,,479=,Carra,5
429=,Farid,2,,479=,Caryn,5
429=,Felix,2,,479=,Chantel,5
429=,Franco,2,,479=,Cherise,5
429=,Frederick,2,,479=,Clara,5
429=,Garath,2,,479=,Coleen,5
429=,Geoff,2,,479=,Cristina,5
429=,Gerry,2,,479=,Dee,5
429=,Giuseppe,2,,479=,Eileen,5
429=,Gurpreet,2,,479=,Emma-Jane,5
429=,Haig,2,,479=,Emma-Jayne,5
429=,Hardeep,2,,479=,Gabriella,5
429=,Harley,2,,479=,Holli,5
429=,Harris,2,,479=,Hope,5
429=,Hasan,2,,479=,Irene,5
429=,Hashim,2,,479=,Jacqui,5
429=,Hector,2,,479=,Janey,5
429=,Howard,2,,479=,Jenni,5
429=,Irving,2,,479=,Joyce,5
429=,Isaac,2,,479=,Julie-Anne,5
429=,Ismail,2,,479=,Kari,5
429=,Ivor,2,,479=,Karly,5
429=,Jac,2,,479=,Kaye,5
429=,Jagdeep,2,,479=,Kaylie,5
429=,Jaspal,2,,479=,Kerry-Ann,5
429=,Jasper,2,,479=,Kristi,5
429=,Jaye,2,,479=,Laura-Jane,5
429=,Jaymie,2,,479=,Leanna,5
429=,Jesse,2,,479=,Lee-Ann,5
429=,Jo,2,,479=,Lily,5
429=,Johannes,2,,479=,Linzie,5
429=,John-Paul,2,,479=,Lorne,5
429=,Keifer,2,,479=,Lyn,5
429=,Khalid,2,,479=,Madeline,5
429=,Kiernan,2,,479=,Mairead,5
429=,Konrad,2,,479=,Maya,5
429=,Kriss,2,,479=,Nazia,5
429=,Laurent,2,,479=,Niamh,5
429=,Leonardo,2,,479=,Noor,5
429=,Lindsey,2,,479=,Penny,5
429=,Linus,2,,479=,Rae,5
429=,Lisa,2,,479=,Rhian,5
429=,Marek,2,,479=,Rosalyn,5
429=,Marty,2,,479=,Sacha,5
429=,Maximillian,2,,479=,Saira,5
429=,Mike,2,,479=,Scarlett,5
429=,Ming,2,,479=,Sheona,5
429=,Mobeen,2,,479=,Sonya,5
429=,Murdoch,2,,479=,Steffanie,5
429=,Naeem,2,,479=,Steffi,5
429=,Naithan,2,,479=,Susanna,5
429=,Nick,2,,479=,Tammie,5
429=,Nile,2,,479=,Tamsin,5
429=,Noel,2,,479=,Vickie,5
429=,Norman,2,,479=,Yasmine,5
429=,Oscar,2,,479=,Zainab,5
429=,Perry,2,,479=,Zoey,5
429=,Rae,2,,546=,Adrienne,4
429=,Ramiz,2,,546=,Aisling,4
429=,Ranald,2,,546=,Anna-Marie,4
429=,Razwan,2,,546=,Annmarie,4
429=,Rehman,2,,546=,Ashlea,4
429=,Rhuaridh,2,,546=,Bonnie,4
429=,Robb,2,,546=,Camilla,4
429=,Rodaidh,2,,546=,Carlyn,4
429=,Roger,2,,546=,Carol-Ann,4
429=,Roland,2,,546=,Carole,4
429=,Ruaidhri,2,,546=,Carron,4
429=,Ruairi,2,,546=,Cathrine,4
429=,Ruary,2,,546=,Charley,4
429=,Saeed,2,,546=,Charli,4
429=,Samir,2,,546=,Cher,4
429=,Santino,2,,546=,Chevonne,4
429=,Seamus,2,,546=,Christy,4
429=,Sean-Paul,2,,546=,Claire-Louise,4
429=,Shah,2,,546=,Constance,4
429=,Shahbaz,2,,546=,Corinna,4
429=,Shannon,2,,546=,Danika,4
429=,Shaun-Paul,2,,546=,Davina,4
429=,Shayne,2,,546=,Dayle,4
429=,Simeon,2,,546=,Deanne,4
429=,Sinclair,2,,546=,Elspeth,4
429=,Skye,2,,546=,Fallon,4
429=,Spencer,2,,546=,Farah,4
429=,Stanley,2,,546=,Florence,4
429=,Stavros,2,,546=,Gabrielle,4
429=,Sulaiman,2,,546=,Genevieve,4
429=,Syed,2,,546=,Gwen,4
429=,Talha,2,,546=,Isabel,4
429=,Tim,2,,546=,Isabella,4
429=,Tobias,2,,546=,Jacquelyn,4
429=,Todd,2,,546=,Jaime,4
429=,Travis,2,,546=,Jaimie,4
429=,Tyson,2,,546=,Jamielee,4
429=,Umar,2,,546=,Janie,4
429=,Umayr,2,,546=,Jolene,4
429=,Ummar,2,,546=,Katriona,4
429=,Vijay,2,,546=,Kiera,4
429=,Wahid,2,,546=,Kristie,4
429=,Wallace,2,,546=,Leigh-Anne,4
429=,Wesley,2,,546=,Leighann,4
429=,Winston,2,,546=,Letitia,4
429=,Yousaf,2,,546=,Linsay,4
429=,Zack,2,,546=,Mari,4
429=,Zahid,2,,546=,Marian,4
429=,Zak,2,,546=,Marilyn,4
429=,Zeeshan,2,,546=,Marisa,4
429=,Zubair,2,,546=,Martina,4
597=,A'fif,1,,546=,Miranda,4
597=,Aaqif,1,,546=,Moira,4
597=,Aaron-James,1,,546=,Monique,4
597=,Aasmaan,1,,546=,Nichole,4
597=,Abd-Rahman,1,,546=,Nyree,4
597=,Abdul-Rahman,1,,546=,Phoebe,4
597=,Abdulkareem,1,,546=,Rhianna,4
597=,Abdulla,1,,546=,Salma,4
597=,Abdullah,1,,546=,Sarah-Ann,4
597=,Abdurrahman,1,,546=,Sheila,4
597=,Abdurrhman,1,,546=,Skye,4
597=,Abed,1,,546=,Sylvia,4
597=,Abhay,1,,546=,Tania,4
597=,Abhijit,1,,546=,Tracie,4
597=,Abinash,1,,546=,Vhari,4
597=,Adnaan,1,,546=,Vivien,4
597=,Adnan,1,,546=,Whitney,4
597=,Adriano,1,,546=,Wing,4
597=,Aedan,1,,615=,Ailey,3
597=,Aeren,1,,615=,Amelia,3
597=,Afzal,1,,615=,Anastasia,3
597=,Ahmad-Adham,1,,615=,Anja,3
597=,Ahmar,1,,615=,Anneka,3
597=,Ahmedur,1,,615=,Annika,3
597=,Ahmet,1,,615=,Antoinette,3
597=,Aitken,1,,615=,Aoife,3
597=,Akeel,1,,615=,Asha,3
597=,Akifumi,1,,615=,Ashlie,3
597=,Akmal,1,,615=,Ava,3
597=,Al-Shriff,1,,615=,Aynsley,3
597=,Alain,1,,615=,Beverley,3
597=,Alaister,1,,615=,Bobbi,3
597=,Alaster,1,,615=,Brittany,3
597=,Alban,1,,615=,Brodie,3
597=,Alcide,1,,615=,Caitlyn,3
597=,Aleczander,1,,615=,Caitriona,3
597=,Aleem,1,,615=,Camille,3
597=,Aleksander,1,,615=,Caragh,3
597=,Alessio,1,,615=,Caralyn,3
597=,Alessio-Marco,1,,615=,Carin,3
597=,Alexandre,1,,615=,Carley,3
597=,Ali-Reza,1,,615=,Carrie-Ann,3
597=,Ally,1,,615=,Catrina,3
597=,Allyn,1,,615=,Ceilidh,3
597=,Alric,1,,615=,Ceri,3
597=,Alun,1,,615=,Chelsie,3
597=,Alvin,1,,615=,Cheree,3
597=,Ameer,1,,615=,Cherelle,3
597=,Amer,1,,615=,Chiara,3
597=,Amin,1,,615=,Claudia,3
597=,Amjid,1,,615=,Courtnay,3
597=,Amr,1,,615=,Crystal,3
597=,Amro,1,,615=,Darryl,3
597=,Anas,1,,615=,Debbi,3
597=,Andi,1,,615=,Debi,3
597=,Andie,1,,615=,Dorothy,3
597=,Andreas,1,,615=,Elena,3
597=,Andrei,1,,615=,Elissa,3
597=,Aneeb,1,,615=,Eloise,3
597=,Aneil,1,,615=,Errin,3
597=,Anil,1,,615=,Esme,3
597=,Anis,1,,615=,Fearn,3
597=,Ankur,1,,615=,Flora,3
597=,Annan,1,,615=,Hanna,3
597=,Anselm,1,,615=,India,3
597=,Antoin,1,,615=,Ishbel,3
597=,Antoine,1,,615=,Jacklyn,3
597=,Anuj,1,,615=,Jana,3
597=,Anupam,1,,615=,Jeanette,3
597=,Aodhan,1,,615=,Jennie,3
597=,Aonghus,1,,615=,Joann,3
597=,Aqeel,1,,615=,Josie,3
597=,Aran,1,,615=,Karin,3
597=,Arash,1,,615=,Karla,3
597=,Ardal,1,,615=,Kasey,3
597=,Areeb,1,,615=,Kasie,3
597=,Ari,1,,615=,Kassandra,3
597=,Arif,1,,615=,Katerina,3
597=,Arin,1,,615=,Katey,3
597=,Arjun,1,,615=,Kayrene,3
597=,Armando,1,,615=,Kelli,3
597=,Armani,1,,615=,Kellyann,3
597=,Arnaud,1,,615=,Kellyanne,3
597=,Aron,1,,615=,Keri-Anne,3
597=,Arqam,1,,615=,Kerri-Anne,3
597=,Arsalan,1,,615=,Kimberleigh,3
597=,Arthair,1,,615=,Kiran,3
597=,Artin,1,,615=,Kirsty-Anne,3
597=,Arumadura,1,,615=,Krystal,3
597=,Arya,1,,615=,Larissa,3
597=,Aryan,1,,615=,Lauri,3
597=,Asifur,1,,615=,Leoni,3
597=,Ateek,1,,615=,Lesley-Anne,3
597=,Atther,1,,615=,Levi,3
597=,Aubrey,1,,615=,Lia,3
597=,Ayyub,1,,615=,Lisamarie,3
597=,Azam,1,,615=,Loren,3
597=,Azhar,1,,615=,Lucie,3
597=,Azim,1,,615=,Luisa,3
597=,B-Jay,1,,615=,Lynette,3
597=,Babajide,1,,615=,Lynzie,3
597=,Baby,1,,615=,Madihah,3
597=,Balawal,1,,615=,Mandi,3
597=,Barclay,1,,615=,Marguerite,3
597=,Barnabas,1,,615=,Martha,3
597=,Bartholomew,1,,615=,Martine,3
597=,Basil,1,,615=,Mechelle,3
597=,Bavinder,1,,615=,Meredith,3
597=,Beau,1,,615=,Mikaela,3
597=,Beck,1,,615=,Molly,3
597=,Beinn,1,,615=,Myra,3
597=,Belal,1,,615=,Nia,3
597=,Benjamen,1,,615=,Nicki,3
597=,Beren,1,,615=,Nicky,3
597=,Billy-James,1,,615=,Nikole,3
597=,Billyboy,1,,615=,Nisha,3
597=,Bjorn,1,,615=,Rabia,3
597=,Blain,1,,615=,Rhiann,3
597=,Blue,1,,615=,Rhianne,3
597=,Bobbie,1,,615=,Rio,3
597=,Bobi,1,,615=,Robynne,3
597=,Bonner,1,,615=,Rosa,3
597=,Boyd,1,,615=,Rosemarie,3
597=,Bradford,1,,615=,Rowena,3
597=,Bradleigh,1,,615=,Roxanna,3
597=,Brady,1,,615=,Ruby,3
597=,Brandon,1,,615=,Sabah,3
597=,Brodan,1,,615=,Samina,3
597=,Brooklan,1,,615=,Sammie,3
597=,Bruno,1,,615=,Sammy,3
597=,Bryant,1,,615=,Sammy-Jo,3
597=,Brydon,1,,615=,Sarah-Jayne,3
597=,Bryn,1,,615=,Shavonne,3
597=,Brynn,1,,615=,Shazia,3
597=,Bryon,1,,615=,Shireen,3
597=,Bulli,1,,615=,Sidrah,3
597=,Cahal,1,,615=,Stevi,3
597=,Cairan,1,,615=,Suzannah,3
597=,Caird,1,,615=,Tabitha,3
597=,Calais,1,,615=,Tayyibah,3
597=,Calder,1,,615=,Vari,3
597=,Callan,1,,615=,Verity,3
597=,Callin,1,,615=,Vhairi,3
597=,Caol,1,,615=,Yvette,3
597=,Carion,1,,615=,Zahrah,3
597=,Carol,1,,742=,Aaron,2
597=,Carrick,1,,742=,Abbigail,2
597=,Casey,1,,742=,Abigael,2
597=,Casey-Ian,1,,742=,Agnes,2
597=,Casey-James,1,,742=,Ailis,2
597=,Cavin,1,,742=,Alena,2
597=,Ceiran,1,,742=,Alexander,2
597=,Cernunnos,1,,742=,Aline,2
597=,Chadwick,1,,742=,Alisa,2
597=,Charanpreet,1,,742=,Allannah,2
597=,Charley,1,,742=,Alyssa,2
597=,Che,1,,742=,Amanda-Jane,2
597=,Chee,1,,742=,Ambika,2
597=,Chen,1,,742=,Ambreen,2
597=,Chenyang,1,,742=,Andi,2
597=,Chevy,1,,742=,Andie,2
597=,Chigozie,1,,742=,Aneeka,2
597=,Chilton,1,,742=,Angeline,2
597=,Chrisopher,1,,742=,Anisa,2
597=,Christain,1,,742=,Anisha,2
597=,Christoher,1,,742=,Anissa,2
597=,Christophe,1,,742=,Annalise,2
597=,Cian,1,,742=,Anneliese,2
597=,Ciarann,1,,742=,Aqsa,2
597=,Ciarhan,1,,742=,Ariane,2
597=,Cieren,1,,742=,Arianne,2
597=,Clayton,1,,742=,Arwen,2
597=,Clemens,1,,742=,Asmaa,2
597=,Cliff,1,,742=,Astrid,2
597=,Clifford,1,,742=,Avril,2
597=,Clive,1,,742=,Ayeisha,2
597=,Cody,1,,742=,Blaire,2
597=,Cohnen,1,,742=,Blythe,2
597=,Coire,1,,742=,Breige,2
597=,Cole,1,,742=,Brenda,2
597=,Collum,1,,742=,Bridget,2
597=,Colum,1,,742=,Cairn,2
597=,Colvin,1,,742=,Calli,2
597=,Conal,1,,742=,Carey,2
597=,Connan,1,,742=,Carine,2
597=,Connel,1,,742=,Carlie,2
597=,Connell,1,,742=,Carol-Anne,2
597=,Constantintos,1,,742=,Carrin,2
597=,Conyn,1,,742=,Caterina,2
597=,Cori,1,,742=,Cathie,2
597=,Cosmo,1,,742=,Cathleen,2
597=,Costas,1,,742=,Cathryn,2
597=,Craigan,1,,742=,Chanel,2
597=,Craigh,1,,742=,Chantal,2
597=,Crisdean,1,,742=,Charissa,2
597=,Cristian,1,,742=,Charly,2
597=,Cydel,1,,742=,Cheri,2
597=,Cyprian,1,,742=,Cherish,2
597=,Daemon,1,,742=,Cheyenne,2
597=,Dahrll,1,,742=,Ching,2
597=,Dail,1,,742=,Chivonne,2
597=,Dailin,1,,742=,Ciorstan,2
597=,Dain,1,,742=,Claudette,2
597=,Daine,1,,742=,Cora,2
597=,Danial,1,,742=,Corrina,2
597=,Daniele,1,,742=,Corrine,2
597=,Daniell,1,,742=,Dani,2
597=,Danyal,1,,742=,Darlene,2
597=,Daragh,1,,742=,Deirdre,2
597=,Darian,1,,742=,Deniece,2
597=,Darl,1,,742=,Donna-Marie,2
597=,Darn,1,,742=,Dyan,2
597=,Darrel,1,,742=,Edith,2
597=,Darrie,1,,742=,Eilis,2
597=,Darron,1,,742=,Eireann,2
597=,Daryoush,1,,742=,Elizabeth-Anne,2
597=,Davie,1,,742=,Ella,2
597=,Dawda,1,,742=,Ellice,2
597=,Dawood,1,,742=,Ellisa,2
597=,Deane,1,,742=,Emmeline,2
597=,Dechlan,1,,742=,Enya,2
597=,Decklin,1,,742=,Eryn,2
597=,Declyn,1,,742=,Evonne,2
597=,Dee,1,,742=,Faith,2
597=,Deklan,1,,742=,Faizah,2
597=,Deklin,1,,742=,Farida,2
597=,Deklyn,1,,742=,Francis,2
597=,Dentyn,1,,742=,Gael,2
597=,Denver,1,,742=,Gemma-Louise,2
597=,Deorsa,1,,742=,Giselle,2
597=,Derry,1,,742=,Gurpreet,2
597=,Deryck,1,,742=,Hai,2
597=,Dev,1,,742=,Hana,2
597=,Dewel,1,,742=,Harley,2
597=,Dhanial,1,,742=,Harmony,2
597=,Dhaniel,1,,742=,Haylie,2
597=,Dhaoud,1,,742=,Helen-Jane,2
597=,Diarmid,1,,742=,Hester,2
597=,Dickon,1,,742=,Ho,2
597=,Dilan,1,,742=,Humera,2
597=,Dilbagh,1,,742=,Ilona,2
597=,Ding,1,,742=,Inga,2
597=,Dino,1,,742=,Iqra,2
597=,Dipesh,1,,742=,Iram,2
597=,Domonic,1,,742=,Isobel,2
597=,Donal,1,,742=,Ivana,2
597=,Dorian,1,,742=,Jackie,2
597=,Douglan,1,,742=,Jacquelynn,2
597=,Duaine,1,,742=,Jael,2
597=,Dugal,1,,742=,Janette,2
597=,Dugald,1,,742=,Janna,2
597=,Dughall,1,,742=,Jayd,2
597=,Dwayne,1,,742=,Jaye,2
597=,Eachann,1,,742=,Jeanne,2
597=,Eain,1,,742=,Jenifer,2
597=,Eamonn,1,,742=,Jeri,2
597=,Eanna,1,,742=,Jessie,2
597=,Easton,1,,742=,Jilly,2
597=,Edan,1,,742=,Jodee,2
597=,Eden,1,,742=,Johan,2
597=,Edghan,1,,742=,John,2
597=,Edmond,1,,742=,Joni,2
597=,Eldon,1,,742=,Jordana,2
597=,Elijah,1,,742=,Jordann,2
597=,Eliot,1,,742=,Jordyn,2
597=,Eliott,1,,742=,Julianne,2
597=,Emanuel,1,,742=,Juliet,2
597=,Emma,1,,742=,Kaireen,2
597=,Emmanuel,1,,742=,Kaisha,2
597=,Enrique,1,,742=,Kareen,2
597=,Eoghainn,1,,742=,Karena,2
597=,Erl,1,,742=,Karleigh,2
597=,Erlend,1,,742=,Karlene,2
597=,Erling,1,,742=,Karlyn,2
597=,Ernest,1,,742=,Kasia,2
597=,Errin,1,,742=,Katarina,2
597=,Euain,1,,742=,Kathrine,2
597=,Fabian,1,,742=,Katrin,2
597=,Fady,1,,742=,Katy-Louise,2
597=,Faisel,1,,742=,Kaya,2
597=,Fane,1,,742=,Kaylee,2
597=,Faraz,1,,742=,Kayleigh-Ann,2
597=,Farhaan,1,,742=,Kayleigh-Anne,2
597=,Faris,1,,742=,Kayliegh,2
597=,Faron,1,,742=,Keara,2
597=,Farrakh,1,,742=,Keighley,2
597=,Fasil,1,,742=,Kelly-Marie,2
597=,Fearghas,1,,742=,Kelsi,2
597=,Feargus,1,,742=,Kenna,2
597=,Febio,1,,742=,Kenzie,2
597=,Ferguson,1,,742=,Keren,2
597=,Fiachra,1,,742=,Kerri-Ann,2
597=,Fiean,1,,742=,Kerrianne,2
597=,Filip,1,,742=,Kerrie-Ann,2
597=,Finlay-James,1,,742=,Kerryanne,2
597=,Finn,1,,742=,Kerstin,2
597=,Finnbar,1,,742=,Kieren,2
597=,Finnlo,1,,742=,Kiren,2
597=,Fizaan,1,,742=,Kirstan,2
597=,Flinn,1,,742=,Kit,2
597=,Fozlur,1,,742=,Koral,2
597=,Francesco,1,,742=,Kristin,2
597=,Franciscus,1,,742=,Krystle,2
597=,Frankie,1,,742=,Kyra,2
597=,Franklin,1,,742=,Lacey,2
597=,Frans,1,,742=,Laura-Jayne,2
597=,Frazul,1,,742=,Laurel,2
597=,Fu'ad,1,,742=,Lauryn,2
597=,Fuad,1,,742=,Lea,2
597=,Fulton,1,,742=,Leisa,2
597=,Fulvio,1,,742=,Lesleyanne,2
597=,Gair,1,,742=,Leyna,2
597=,Garan,1,,742=,Lilian,2
597=,Garay,1,,742=,Lillian,2
597=,Garie,1,,742=,Limara,2
597=,Garri,1,,742=,Lisa-Ann,2
597=,Garrie,1,,742=,Loraine,2
597=,Garron,1,,742=,Lucille,2
597=,Gawain,1,,742=,Lynnette,2
597=,Gawen,1,,742=,Lynzi,2
597=,Geecom,1,,742=,Maddison,2
597=,Gemma,1,,742=,Madiha,2
597=,Gerrit,1,,742=,Magenta,2
597=,Gethyn,1,,742=,Mahri,2
597=,Ghiyath,1,,742=,Mairi-Anne,2
597=,Ghulam,1,,742=,Mandie,2
597=,Gibson,1,,742=,Marcia,2
597=,Gilbert,1,,742=,Maresa,2
597=,Giles,1,,742=,Margaret-Ann,2
597=,Gillan,1,,742=,Marianna,2
597=,Gilmour,1,,742=,Marie-Claire,2
597=,Gino,1,,742=,Marisha,2
597=,Giovanni,1,,742=,Marlene,2
597=,Girvin,1,,742=,Mary-Anne,2
597=,Gistel,1,,742=,Maryann,2
597=,Giulio,1,,742=,Meagan,2
597=,Glyn,1,,742=,Meghann,2
597=,Goldie,1,,742=,Meghanne,2
597=,Gonzalo,1,,742=,Melody,2
597=,Gordan,1,,742=,Meryl,2
597=,Gowan,1,,742=,Mhari-Anne,2
597=,Graeme-Alexande,1,,742=,Mica,2
597=,Gragie,1,,742=,Mikala,2
597=,Grainger,1,,742=,Mikhaila,2
597=,Greer,1,,742=,Mirren,2
597=,Gudmundur,1,,742=,Montana,2
597=,Guillaume,1,,742=,Nadiah,2
597=,Guiseppe,1,,742=,Nakita,2
597=,Gurdhit,1,,742=,Nancy,2
597=,Gurshurn,1,,742=,Nasreen,2
597=,Gurubir,1,,742=,Natalya,2
597=,Gustaf,1,,742=,Nathalie,2
597=,Habibullah,1,,742=,Nazma,2
597=,Haider,1,,742=,Niala,2
597=,Hal,1,,742=,Nicholle,2
597=,Hamad,1,,742=,Nikola,2
597=,Hamed,1,,742=,Nosheen,2
597=,Hameet,1,,742=,Oriana,2
597=,Hanan,1,,742=,Paris,2
597=,Hang,1,,742=,Patrice,2
597=,Hannan,1,,742=,Petrina,2
597=,Hardev,1,,742=,Polly,2
597=,Harold,1,,742=,Portia,2
597=,Harvey,1,,742=,Razia,2
597=,Hasib-Ur,1,,742=,Rea,2
597=,Hasin,1,,742=,Rebeccah,2
597=,Hasnain,1,,742=,Rebekka,2
597=,Hassaan,1,,742=,Rhianwen,2
597=,Hayden,1,,742=,Rhonda,2
597=,Helier,1,,742=,Roberta,2
597=,Hendry,1,,742=,Rosaleen,2
597=,Henri,1,,742=,Rosaline,2
597=,Herbert,1,,742=,Rosanne,2
597=,Hermann,1,,742=,Roseann,2
597=,Hersimerjit,1,,742=,Rosheen,2
597=,Hieu,1,,742=,Rosslyn,2
597=,Hieuvinh,1,,742=,Roxy,2
597=,Hisham,1,,742=,Sabina,2
597=,Hitekalute,1,,742=,Sabine,2
597=,Ho,1,,742=,Sadia,2
597=,Hon,1,,742=,Sadiah,2
597=,Hossein,1,,742=,Saima,2
597=,Hou,1,,742=,Samara,2
597=,Hugo,1,,742=,Sameera,2
597=,Humza,1,,742=,Sammantha,2
597=,Hun,1,,742=,Sammi,2
597=,Hunter,1,,742=,Sara-Jane,2
597=,Husam,1,,742=,Sarahlouise,2
597=,Husayn,1,,742=,Saskia,2
597=,Hussain,1,,742=,Seana,2
597=,Hyder,1,,742=,Seharish,2
597=,Hywel,1,,742=,Selina,2
597=,Idris,1,,742=,Seona,2
597=,Iftikhar,1,,742=,Shamila,2
597=,Ihtishaam,1,,742=,Shamsa,2
597=,Imaon,1,,742=,Shanelle,2
597=,Imtiyaz,1,,742=,Shanna,2
597=,Iqrash,1,,742=,Shareen,2
597=,Irfaan,1,,742=,Shari,2
597=,Irsyad,1,,742=,Sharyn,2
597=,Isam,1,,742=,Shawni,2
597=,Ishan,1,,742=,Shelayne,2
597=,Israr,1,,742=,Shelli,2
597=,Issmael,1,,742=,Shellie,2
597=,Jabhar,1,,742=,Shelly,2
597=,Jabran,1,,742=,Sherie,2
597=,Jackie,1,,742=,Sherrie,2
597=,Jacky,1,,742=,Sheryll,2
597=,Jade,1,,742=,Shivonne,2
597=,Jagjeet,1,,742=,Siannon,2
597=,Jahan,1,,742=,Siobhon,2
597=,Jahon,1,,742=,Sofeina,2
597=,Jaime,1,,742=,Sofia,2
597=,Jakob,1,,742=,Sofie,2
597=,Jamer,1,,742=,Sorcha,2
597=,Jamie-Lee,1,,742=,Stacey-Lee,2
597=,Jardan,1,,742=,Stacy-Anne,2
597=,Jareth,1,,742=,Stefani,2
597=,Jaroslav,1,,742=,Stefania,2
597=,Jarred,1,,742=,Stella,2
597=,Jarren,1,,742=,Stephannie,2
597=,Jaskarnjit,1,,742=,Suet,2
597=,Jaspreet,1,,742=,Suzy,2
597=,Jasvindar,1,,742=,Sydney,2
597=,Jatinderpal,1,,742=,Sylvie,2
597=,Javaid,1,,742=,Tanita,2
597=,Jaymmie,1,,742=,Tanith,2
597=,Jaymy,1,,742=,Teri-Louise,2
597=,Jazib,1,,742=,Thea,2
597=,Jedediah,1,,742=,Uzma,2
597=,Jeetinder,1,,742=,Vaila,2
597=,Jeevin,1,,742=,Vannessa,2
597=,Jefferson,1,,742=,Wallis,2
597=,Jeremy,1,,742=,Yasmeen,2
597=,Jerome,1,,742=,Yee,2
597=,Jesus,1,,742=,Zahra,2
597=,Jethro,1,,1033=,Aafia,1
597=,Jevon,1,,1033=,Aaisha,1
597=,Jezz,1,,1033=,Aamerah,1
597=,Jibran,1,,1033=,Aaminah,1
597=,Jimi,1,,1033=,Aamna-Nazir,1
597=,Joanne,1,,1033=,Aaran,1
597=,Joao,1,,1033=,Aarron,1
597=,Joash,1,,1033=,Aasma,1
597=,Jock,1,,1033=,Abbie-Jo,1
597=,Johann,1,,1033=,Abbie-Rose,1
597=,John-Robert,1,,1033=,Abdah,1
597=,Johnlee,1,,1033=,Abigayle,1
597=,Johnmichael,1,,1033=,Abijane,1
597=,Jon-Paul,1,,1033=,Abirami,1
597=,Jon-Ross,1,,1033=,Abrar,1
597=,Jonnathan,1,,1033=,Adeeba,1
597=,Jonothan,1,,1033=,Adel,1
597=,Jools,1,,1033=,Adina,1
597=,Jordane,1,,1033=,Adora,1
597=,Jorden,1,,1033=,Aeilidh,1
597=,Jordyn,1,,1033=,Aemy,1
597=,Jorie,1,,1033=,Aesha,1
597=,Jos,1,,1033=,Afeefa,1
597=,Josiah,1,,1033=,Afreen,1
597=,Jozef,1,,1033=,Afshan,1
597=,Jtinder,1,,1033=,Agathe,1
597=,Jude,1,,1033=,Ahakira,1
597=,Junior,1,,1033=,Ahsleigh,1
597=,Kadhem,1,,1033=,Aiden,1
597=,Kadum,1,,1033=,Ailith,1
597=,Kae,1,,1033=,Aillie,1
597=,Kailin,1,,1033=,Aillse,1
597=,Kal,1,,1033=,Aimee-Louise,1
597=,Kaleem,1,,1033=,Aine,1
597=,Kallam,1,,1033=,Ainslee,1
597=,Kalvin,1,,1033=,Ainsleigh,1
597=,Kam,1,,1033=,Aislinn,1
597=,Karam,1,,1033=,Aksah,1
597=,Kasey,1,,1033=,Alanna-Marie,1
597=,Kashaan,1,,1033=,Alannaha,1
597=,Kasim,1,,1033=,Alanod,1
597=,Kaum,1,,1033=,Alba,1
597=,Keenan,1,,1033=,Aleigh,1
597=,Kei,1,,1033=,Aleisha,1
597=,Keiren,1,,1033=,Alejandra,1
597=,Keirn,1,,1033=,Alesia,1
597=,Kelsey,1,,1033=,Alexs,1
597=,Ken,1,,1033=,Aleya,1
597=,Kendric,1,,1033=,Alia,1
597=,Keni,1,,1033=,Alice-Erin,1
597=,Kent,1,,1033=,Alima,1
597=,Keran,1,,1033=,Alina,1
597=,Kerem,1,,1033=,Alishia,1
597=,Kern,1,,1033=,Alisia,1
597=,Keron,1,,1033=,Aliyah,1
597=,Kerrin,1,,1033=,Aliysa,1
597=,Kerry,1,,1033=,Allanna,1
597=,Kester,1,,1033=,Allanna-Marie,1
597=,Khaleel,1,,1033=,Alma,1
597=,Khaleeq,1,,1033=,Althea,1
597=,Khalil,1,,1033=,Alyce,1
597=,Khavir,1,,1033=,Alys,1
597=,Khurram,1,,1033=,Alysha,1
597=,Khurum,1,,1033=,Amanah,1
597=,Khwaja,1,,1033=,Amarjeet,1
597=,Kian,1,,1033=,Amba,1
597=,Kiaran,1,,1033=,Amber-Lea,1
597=,Kiefer,1,,1033=,Ambereena,1
597=,Kierin,1,,1033=,Amberlie,1
597=,Kimberley,1,,1033=,Amberly,1
597=,Kin,1,,1033=,Ambre,1
597=,King,1,,1033=,Amee,1
597=,Kirby,1,,1033=,Amel,1
597=,Kirpal,1,,1033=,Amenah,1
597=,Kirsty,1,,1033=,Amereen,1
597=,Kofi,1,,1033=,Amiee,1
597=,Konnar,1,,1033=,Amiel,1
597=,Kori,1,,1033=,Aminah,1
597=,Kouichirou,1,,1033=,Amira,1
597=,Kraig,1,,1033=,Amirah,1
597=,Krishen,1,,1033=,Ammara,1
597=,Krisstopher,1,,1033=,Ammera,1
597=,Kristophar,1,,1033=,Amnah,1
597=,Krys,1,,1033=,Amreet,1
597=,Krystos,1,,1033=,Amrita,1
597=,Kuldip,1,,1033=,Amy-Beth,1
597=,Kutlan,1,,1033=,Amyjo,1
597=,Kutulus,1,,1033=,Anam,1
597=,Kuyoon,1,,1033=,Anath,1
597=,Kwaku,1,,1033=,Anbereen,1
597=,Kynan,1,,1033=,Andra,1
597=,Kyran,1,,1033=,Andrena,1
597=,Laing,1,,1033=,Andriane,1
597=,Larry,1,,1033=,Andrina,1
597=,Lars,1,,1033=,Aneesa,1
597=,Laurance,1,,1033=,Aneesh,1
597=,Lea,1,,1033=,Aneesha,1
597=,Leander,1,,1033=,Angel,1
597=,Leandro,1,,1033=,Angela-Jean,1
597=,Leeham,1,,1033=,Angele,1
597=,Leighton,1,,1033=,Angelea,1
597=,Leom,1,,1033=,Angelica,1
597=,Leonardus,1,,1033=,Angie,1
597=,Lesley,1,,1033=,Ania,1
597=,Lian,1,,1033=,Aniam,1
597=,Liou,1,,1033=,Aniesha,1
597=,Livio,1,,1033=,Anika,1
597=,Lliam,1,,1033=,Anila,1
597=,Lofton,1,,1033=,Aniqah,1
597=,Loftur,1,,1033=,Anisah,1
597=,Lokesh,1,,1033=,Anjali,1
597=,Lori,1,,1033=,Anjelica,1
597=,Lorin,1,,1033=,Anji,1
597=,Louie,1,,1033=,Anjunmonara,1
597=,Louise,1,,1033=,Anmol,1
597=,Louke,1,,1033=,Ann-Jane,1
597=,Luck,1,,1033=,Ann-Louise,1
597=,Luckpathea,1,,1033=,Ann-Maree,1
597=,Lukas,1,,1033=,Anna-Helene,1
597=,Lyam,1,,1033=,Anna-Leigh,1
597=,Mackenzie,1,,1033=,Anna-Louise,1
597=,Madison,1,,1033=,Annabelle,1
597=,Mahir,1,,1033=,Annah,1
597=,Mahmood,1,,1033=,Annastasia,1
597=,Mahmoud,1,,1033=,Anne-Louise,1
597=,Mahummad,1,,1033=,Anneela,1
597=,Majid,1,,1033=,Annelliese,1
597=,Malachi,1,,1033=,Annisha,1
597=,Malhaar,1,,1033=,Annja,1
597=,Malik,1,,1033=,Annmaree,1
597=,Malkit,1,,1033=,Annoushka,1
597=,Manik,1,,1033=,Annum,1
597=,Manjeet,1,,1033=,Anouk,1
597=,Marc-Andrew,1,,1033=,Anya,1
597=,Marcel,1,,1033=,Aqilah,1
597=,Marcus-John,1,,1033=,Arabella,1
597=,Mario,1,,1033=,Arati,1
597=,Marios,1,,1033=,Ari,1
597=,Mark-James,1,,1033=,Ariana,1
597=,Markus,1,,1033=,Arianna,1
597=,Marl,1,,1033=,Arlyne,1
597=,Marsel,1,,1033=,Armande,1
597=,Marshall,1,,1033=,Aroosha,1
597=,Marvin,1,,1033=,Arouje,1
597=,Marzette,1,,1033=,Arron,1
597=,Mason,1,,1033=,Artemia,1
597=,Massimiliano,1,,1033=,Artemis,1
597=,Masson,1,,1033=,Asheya,1
597=,Mats,1,,1033=,Ashlea-Diane,1
597=,Maxamillion,1,,1033=,Ashleah,1
597=,Maxi,1,,1033=,Ashlee,1
597=,Maxim,1,,1033=,Ashleen,1
597=,Maximilwan,1,,1033=,Ashleigh-Jane,1
597=,Mazafar,1,,1033=,Ashleighy,1
597=,Mcgregor,1,,1033=,Ashley-Louise,1
597=,Mel,1,,1033=,Ashli,1
597=,Melad,1,,1033=,Ashliegh,1
597=,Meldrum,1,,1033=,Ashly,1
597=,Micco,1,,1033=,Ashlyn,1
597=,Micheal,1,,1033=,Ashlynn,1
597=,Mickael,1,,1033=,Asia,1
597=,Mickey,1,,1033=,Asifa,1
597=,Mickie,1,,1033=,Asma,1
597=,Micky,1,,1033=,Assunta,1
597=,Mika,1,,1033=,Aston,1
597=,Mikele,1,,1033=,Astral,1
597=,Miklos,1,,1033=,Astryd,1
597=,Miles,1,,1033=,Atalia,1
597=,Miller,1,,1033=,Atia,1
597=,Milo,1,,1033=,Atika,1
597=,Min-Kyong,1,,1033=,Audra,1
597=,Mitch,1,,1033=,Aurora,1
597=,Modar,1,,1033=,Ausfah,1
597=,Mohamad-Amin,1,,1033=,Autumn,1
597=,Mohand,1,,1033=,Averil,1
597=,Mohinoor,1,,1033=,Avonia,1
597=,Mohsan,1,,1033=,Ayasha,1
597=,Mopani,1,,1033=,Ayat,1
597=,Moqsood,1,,1033=,Ayleen,1
597=,Moray,1,,1033=,Aymee,1
597=,Morris,1,,1033=,Aynsleigh,1
597=,Moses,1,,1033=,Aynslie,1
597=,Mostafa,1,,1033=,Ayse,1
597=,Mubeen,1,,1033=,Azima,1
597=,Mudassar,1,,1033=,Aziza,1
597=,Muhammed,1,,1033=,Baby,1
597=,Muhmmad,1,,1033=,Bastian,1
597=,Muir,1,,1033=,Beata,1
597=,Mukta,1,,1033=,Becki,1
597=,Munir,1,,1033=,Bella,1
597=,Munish,1,,1033=,Bena,1
597=,Murad,1,,1033=,Berneray,1
597=,Murchaidh,1,,1033=,Bess,1
597=,Mustafa,1,,1033=,Bethen,1
597=,Muswente,1,,1033=,Beverely,1
597=,Mutasem,1,,1033=,Beverly,1
597=,Muzfar,1,,1033=,Billie-Jean,1
597=,Mykel,1,,1033=,Billie-Jo,1
597=,Mykell,1,,1033=,Billiejane,1
597=,Mykhael,1,,1033=,Bisma,1
597=,Nabeel,1,,1033=,Blair,1
597=,Nachoine,1,,1033=,Blaise,1
597=,Nagin,1,,1033=,Blanche,1
597=,Naiem,1,,1033=,Blaze,1
597=,Nairn,1,,1033=,Bobbi-Lee,1
597=,Naqash,1,,1033=,Bramble,1
597=,Nasrullah,1,,1033=,Branley,1
597=,Natalie,1,,1033=,Brayden,1
597=,Nathon,1,,1033=,Breanna,1
597=,Naveed,1,,1033=,Breda,1
597=,Navid,1,,1033=,Brenda-Lee,1
597=,Navjot,1,,1033=,Brianna,1
597=,Nawab,1,,1033=,Briege,1
597=,Nawfal,1,,1033=,Brigitte,1
597=,Nayland,1,,1033=,Bris,1
597=,Nayyar,1,,1033=,Brittani,1
597=,Neall,1,,1033=,Brogahn,1
597=,Neily,1,,1033=,Broghan,1
597=,Nelson,1,,1033=,Bronte,1
597=,Neville,1,,1033=,Bronwen,1
597=,Nial,1,,1033=,Bryan,1
597=,Nicki,1,,1033=,Bryanna,1
597=,Nickie,1,,1033=,Bryoni,1
597=,Nickolas,1,,1033=,Buristie,1
597=,Nicola,1,,1033=,Bushra,1
597=,Nik,1,,1033=,Cadae,1
597=,Nikola,1,,1033=,Caeleigh,1
597=,Nikolaos,1,,1033=,Caerey,1
597=,Nimer,1,,1033=,Cailidh,1
597=,Ninian,1,,1033=,Caira,1
597=,Niren,1,,1033=,Cairistiona,1
597=,Niven,1,,1033=,Cairstiona,1
597=,Noah,1,,1033=,Caitlinn,1
597=,Norton,1,,1033=,Caitrin,1
597=,Nurez,1,,1033=,Caity,1
597=,Olexa,1,,1033=,Caledonia,1
597=,Oluwafemi,1,,1033=,Cali,1
597=,Omair,1,,1033=,Calleigh,1
597=,On,1,,1033=,Calley,1
597=,On-Sing,1,,1033=,Candace,1
597=,Orlando,1,,1033=,Candis,1
597=,Orri,1,,1033=,Caprice,1
597=,Ossian,1,,1033=,Capricia,1
597=,Ousama,1,,1033=,Cara-Alicia,1
597=,Ousman,1,,1033=,Cara-Louise,1
597=,Paolo,1,,1033=,Caren,1
597=,Parminder,1,,1033=,Cari-Leigh,1
597=,Parmpreet,1,,1033=,Carita,1
597=,Pat,1,,1033=,Carli,1
597=,Paul-Derek,1,,1033=,Carline,1
597=,Paul-Michael,1,,1033=,Carly-Ann,1
597=,Paul-Raynor,1,,1033=,Carly-Marie,1
597=,Paull,1,,1033=,Carmel,1
597=,Pearse,1,,1033=,Carn,1
597=,Pedram,1,,1033=,Carolyne,1
597=,Peter-Alexander,1,,1033=,Carolynn,1
597=,Phil,1,,1033=,Carrera,1
597=,Phillip-Andrew,1,,1033=,Carrie-Marie,1
597=,Pierrick,1,,1033=,Carrieann,1
597=,Piers,1,,1033=,Carrieanne,1
597=,Purcell,1,,1033=,Carrina,1
597=,Qaasim,1,,1033=,Carroll,1
597=,Quentin,1,,1033=,Carys,1
597=,Rabi,1,,1033=,Caseylee,1
597=,Raheem,1,,1033=,Cassandre,1
597=,Rahim,1,,1033=,Cassey-Leigh,1
597=,Rahman,1,,1033=,Cassi,1
597=,Raine,1,,1033=,Cassie-Louise,1
597=,Rajinder,1,,1033=,Cassy,1
597=,Ramadan,1,,1033=,Catarina,1
597=,Ramez,1,,1033=,Catharine,1
597=,Ramsey,1,,1033=,Catherine-Anne,1
597=,Ramy,1,,1033=,Cathrena,1
597=,Rana,1,,1033=,Catryn,1
597=,Ravindra,1,,1033=,Cayleigh,1
597=,Raza,1,,1033=,Celene,1
597=,Razark,1,,1033=,Celeste,1
597=,Redmond,1,,1033=,Celia,1
597=,Reece-Stuart,1,,1033=,Celine,1
597=,Rehan,1,,1033=,Ceola,1
597=,Reid,1,,1033=,Cerri,1
597=,Reilly,1,,1033=,Cerysh,1
597=,Renwick,1,,1033=,Ceylan,1
597=,Renzo,1,,1033=,Chana,1
597=,Rhett,1,,1033=,Chanita,1
597=,Rhory,1,,1033=,Channeh,1
597=,Rhuaraidh,1,,1033=,Channelle,1
597=,Rhuri,1,,1033=,Chantalle,1
597=,Rhurie,1,,1033=,Chantella,1
597=,Rhyan,1,,1033=,Chanthney,1
597=,Riad,1,,1033=,Charla,1
597=,Richmond,1,,1033=,Charlee,1
597=,Rick,1,,1033=,Charlie,1
597=,Ricki,1,,1033=,Charlotte-Jane,1
597=,Rickie,1,,1033=,Charmane,1
597=,Ridwan,1,,1033=,Charmian,1
597=,Ridzwan,1,,1033=,Charys,1
597=,Riki,1,,1033=,Che,1
597=,Rion,1,,1033=,Chelaine,1
597=,Rishidhar,1,,1033=,Chelcey-Anne,1
597=,Rishpal,1,,1033=,Chelcie,1
597=,Riteesh,1,,1033=,Chele,1
597=,Riyad,1,,1033=,Chelsay,1
597=,Rob,1,,1033=,Chelsee,1
597=,Roddan,1,,1033=,Chelsi,1
597=,Roddie,1,,1033=,Chenae,1
597=,Rodger,1,,1033=,Cherice,1
597=,Rodney,1,,1033=,Cherisse,1
597=,Rodrick,1,,1033=,Cherrelle,1
597=,Roghainn,1,,1033=,Cherri,1
597=,Rohan,1,,1033=,Cherry,1
597=,Romain,1,,1033=,Cheryl-Ann,1
597=,Romak,1,,1033=,Cheryl-Anne,1
597=,Ronnielee,1,,1033=,Cheryl-Marie,1
597=,Rorie,1,,1033=,Cherylanne,1
597=,Ros,1,,1033=,Chimene,1
597=,Ross-Ian,1,,1033=,Chiu,1
597=,Royan,1,,1033=,Chloe-May,1
597=,Ruadhri,1,,1033=,Chrisann,1
597=,Ruairiah,1,,1033=,Chrisanne,1
597=,Ruarie,1,,1033=,Christabel,1
597=,Ruarih,1,,1033=,Christen,1
597=,Ruarri,1,,1033=,Christi,1
597=,Ruben,1,,1033=,Christianna,1
597=,Rudi,1,,1033=,Christopher,1
597=,Rueben,1,,1033=,Chyrel,1
597=,Rui,1,,1033=,Chyrell,1
597=,Ruiridh,1,,1033=,Chyvonne,1
597=,Rupert,1,,1033=,Ciarra,1
597=,Rye,1,,1033=,Cieran,1
597=,Saad,1,,1033=,Ciona,1
597=,Saaqib,1,,1033=,Ciorstaidh,1
597=,Sabatino,1,,1033=,Claira,1
597=,Sacha,1,,1033=,Clementina,1
597=,Sadeem,1,,1033=,Clementine,1
597=,Saifoor,1,,1033=,Climidh,1
597=,Sajid,1,,1033=,Cloud,1
597=,Sajjad,1,,1033=,Coady,1
597=,Salem,1,,1033=,Colby,1
597=,Sally,1,,1033=,Colina,1
597=,Salman,1,,1033=,Coline,1
597=,Sampuran,1,,1033=,Collene,1
597=,Sandford,1,,1033=,Colline,1
597=,Sandro,1,,1033=,Cora-Leigh,1
597=,Sanjay,1,,1033=,Coralea,1
597=,Saquib,1,,1033=,Coran,1
597=,Sarang,1,,1033=,Cori,1
597=,Saxon,1,,1033=,Corin,1
597=,Sayyed,1,,1033=,Corinn,1
597=,Seorie,1,,1033=,Corray,1
597=,Seth,1,,1033=,Corri,1
597=,Seumais,1,,1033=,Corrinna,1
597=,Seyed,1,,1033=,Corrinne,1
597=,Shaanan,1,,1033=,Coryn,1
597=,Shabeer,1,,1033=,Corynn,1
597=,Shabir,1,,1033=,Courtenay,1
597=,Shabraz,1,,1033=,Courthey,1
597=,Shahan,1,,1033=,Courtny,1
597=,Shahzad,1,,1033=,Craig,1
597=,Shaikh,1,,1033=,Cree,1
597=,Shajad,1,,1033=,Crissie,1
597=,Shakil,1,,1033=,Curstaidh,1
597=,Sham,1,,1033=,Cyndie,1
597=,Shanoor,1,,1033=,Cynthia,1
597=,Sharon,1,,1033=,Dael,1
597=,Shazad,1,,1033=,Daena,1
597=,Shehzad,1,,1033=,Dale,1
597=,Sheikh,1,,1033=,Dalvina,1
597=,Sher,1,,1033=,Daneka,1
597=,Sheraz,1,,1033=,Danelle,1
597=,Shezaar,1,,1033=,Dania,1
597=,Shirraz,1,,1033=,Danica,1
597=,Shoayb,1,,1033=,Daniell,1
597=,Shuayb,1,,1033=,Danina,1
597=,Shuzal,1,,1033=,Danniel,1
597=,Sigurd,1,,1033=,Darcy,1
597=,Sikandar,1,,1033=,Darlynne,1
597=,Simran,1,,1033=,Daryl-Anne,1
597=,Sirdar,1,,1033=,Daughn,1
597=,Smail,1,,1033=,Davinder,1
597=,Sobhan,1,,1033=,Dawna,1
597=,Sohrob,1,,1033=,Deanna,1
597=,Solke,1,,1033=,Dearbhla,1
597=,Sonit,1,,1033=,Debbie-Ann,1
597=,Souness,1,,1033=,Debbie-Lee,1
597=,Spiros,1,,1033=,Deborah-Anne,1
597=,Stacey,1,,1033=,Debra-Lee,1
597=,Stefano,1,,1033=,Dee-Anne,1
597=,Stefen,1,,1033=,Deena,1
597=,Stefphan,1,,1033=,Deepa,1
597=,Stephanie,1,,1033=,Delia,1
597=,Stephen-John,1,,1033=,Demah,1
597=,Stevan,1,,1033=,Denni,1
597=,Stevenson,1,,1033=,Deonne,1
597=,Stuart-Thomas,1,,1033=,Derula,1
597=,Suckdev,1,,1033=,Despina,1
597=,Suhail,1,,1033=,Destine,1
597=,Sui,1,,1033=,Devahn,1
597=,Suneil,1,,1033=,Devin,1
597=,Sunil,1,,1033=,Devonne,1
597=,Sunjit,1,,1033=,Deyna,1
597=,Symeon,1,,1033=,Dhariat,1
597=,Symon,1,,1033=,Dian,1
597=,Tain,1,,1033=,Diandra,1
597=,Taminder,1,,1033=,Dilbier,1
597=,Tamiym,1,,1033=,Dina,1
597=,Tanvir,1,,1033=,Dinah,1
597=,Taranjodh,1,,1033=,Dion,1
597=,Tareq,1,,1033=,Ditza,1
597=,Tarik,1,,1033=,Divya,1
597=,Tayab,1,,1033=,Domenique,1
597=,Tayyab,1,,1033=,Dona,1
597=,Tayyib,1,,1033=,Donalda,1
597=,Teron,1,,1033=,Donella,1
597=,Terrance,1,,1033=,Donnamarie,1
597=,Terrence,1,,1033=,Doreen,1
597=,Tery,1,,1033=,Dulcie,1
597=,Thomas-Kevin,1,,1033=,Dyane,1
597=,Thorfinn,1,,1033=,Dyanne,1
597=,Thunwant,1,,1033=,Eavan,1
597=,Thurston,1,,1033=,Ebony,1
597=,Ting,1,,1033=,Eden,1
597=,Titus,1,,1033=,Edwina,1
597=,Tomasz,1,,1033=,Eidann,1
597=,Tomer,1,,1033=,Eilean,1
597=,Toni,1,,1033=,Eiley,1
597=,Tor,1,,1033=,Eilisa,1
597=,Torran,1,,1033=,Eilise,1
597=,Trahern,1,,1033=,Eilish,1
597=,Trent,1,,1033=,Eiona,1
597=,Trevor,1,,1033=,Eirinn,1
597=,Tristin,1,,1033=,Elana,1
597=,Tsubasa,1,,1033=,Elanda,1
597=,Tyrone,1,,1033=,Elayna,1
597=,Umair,1,,1033=,Elayne,1
597=,Umar-Ul,1,,1033=,Ele,1
597=,Umer,1,,1033=,Eleeza,1
597=,Vahab,1,,1033=,Eleisha,1
597=,Vaheed,1,,1033=,Eleni,1
597=,Vaqar,1,,1033=,Elgin,1
597=,Vaughan,1,,1033=,Elinor,1
597=,Vernon,1,,1033=,Elischa,1
597=,Victor,1,,1033=,Elishabeth,1
597=,Vikas,1,,1033=,Ellen-Elizabeth,1
597=,Vinay,1,,1033=,Ellena,1
597=,Wae,1,,1033=,Ellenor,1
597=,Wah,1,,1033=,Elli,1
597=,Wahab,1,,1033=,Ellie,1
597=,Wakas,1,,1033=,Ellima,1
597=,Walter,1,,1033=,Ellise,1
597=,Ward,1,,1033=,Elmik,1
597=,Wasif,1,,1033=,Elona,1
597=,Wasim,1,,1033=,Elouise,1
597=,Webster,1,,1033=,Elsa,1
597=,Wesam,1,,1033=,Elsie,1
597=,Westley,1,,1033=,Elyse,1
597=,Willem,1,,1033=,Emilia,1
597=,Wing,1,,1033=,Emilie,1
597=,Winson,1,,1033=,Emiri,1
597=,Wissam,1,,1033=,Emma-Lea,1
597=,Wylie,1,,1033=,Emma-Lee,1
597=,Yaman,1,,1033=,Emma-Leigh,1
597=,Yan,1,,1033=,Emmah,1
597=,Yaseen,1,,1033=,Emmanuela,1
597=,Yasser,1,,1033=,Emmy,1
597=,Yassir,1,,1033=,Emmy-Claire,1
597=,Yeung,1,,1033=,Emy-Louise,1
597=,Yoon,1,,1033=,Eric,1
597=,Yosua,1,,1033=,Ericka,1
597=,Yousef,1,,1033=,Erinn,1
597=,Yusaf,1,,1033=,Erryn,1
597=,Yusuf,1,,1033=,Erynn,1
597=,Zackary,1,,1033=,Esha,1
597=,Zaeem,1,,1033=,Esla,1
597=,Zakari,1,,1033=,Estelle,1
597=,Zammad,1,,1033=,Esther-Ann,1
597=,Zander,1,,1033=,Eubha,1
597=,Zayyan,1,,1033=,Eunice,1
597=,Zebulon,1,,1033=,Euphemia,1
597=,Zeeman,1,,1033=,Evie,1
597=,Zeeshaan,1,,1033=,Evyenia,1
597=,Zenon,1,,1033=,Ezara,1
597=,Ziad,1,,1033=,Fae,1
597=,Zubeir,1,,1033=,Faerne,1
597=,Zubin,1,,1033=,Farat,1
,,,,1033=,Farhana,1
,,,,1033=,Farisq,1
,,,,1033=,Farmin,1
,,,,1033=,Faron,1
,,,,1033=,Farrah,1
,,,,1033=,Fatama,1
,,,,1033=,Fearne,1
,,,,1033=,Federica,1
,,,,1033=,Fehrn,1
,,,,1033=,Fenella,1
,,,,1033=,Ferrol,1
,,,,1033=,Feryn,1
,,,,1033=,Ffion,1
,,,,1033=,Fhern,1
,,,,1033=,Fionna,1
,,,,1033=,Fionnvala,1
,,,,1033=,Firdaus,1
,,,,1033=,Forress,1
,,,,1033=,Francessca,1
,,,,1033=,Freda,1
,,,,1033=,Freja,1
,,,,1033=,Freya-Merret,1
,,,,1033=,Freyja,1
,,,,1033=,Frikha,1
,,,,1033=,Gabriele,1
,,,,1033=,Gada,1
,,,,1033=,Gaganpreet,1
,,,,1033=,Gayner,1
,,,,1033=,Gema,1
,,,,1033=,Gentian,1
,,,,1033=,Geodie,1
,,,,1033=,Georgea,1
,,,,1033=,Georgeina,1
,,,,1033=,Georgie,1
,,,,1033=,Georgine,1
,,,,1033=,Geum,1
,,,,1033=,Ghilean,1
,,,,1033=,Ghulam,1
,,,,1033=,Gill,1
,,,,1033=,Ginny,1
,,,,1033=,Giovanna,1
,,,,1033=,Giulia,1
,,,,1033=,Gloria,1
,,,,1033=,Grady,1
,,,,1033=,Graeme,1
,,,,1033=,Grant,1
,,,,1033=,Grecia,1
,,,,1033=,Guilia,1
,,,,1033=,Gul,1
,,,,1033=,Guratma,1
,,,,1033=,Gwyneth,1
,,,,1033=,Haileigh,1
,,,,1033=,Hajra,1
,,,,1033=,Halcy,1
,,,,1033=,Halima,1
,,,,1033=,Halla,1
,,,,1033=,Haneen,1
,,,,1033=,Hannah-Louise,1
,,,,1033=,Harinder,1
,,,,1033=,Harjit,1
,,,,1033=,Harleen,1
,,,,1033=,Harri,1
,,,,1033=,Havilah,1
,,,,1033=,Hawlie,1
,,,,1033=,Haxley,1
,,,,1033=,Haylay,1
,,,,1033=,Helene,1
,,,,1033=,Helyn,1
,,,,1033=,Henah,1
,,,,1033=,Henna,1
,,,,1033=,Hermione,1
,,,,1033=,Hesper,1
,,,,1033=,Hiba,1
,,,,1033=,Hind,1
,,,,1033=,Hiraa,1
,,,,1033=,Hirra,1
,,,,1033=,Hoda,1
,,,,1033=,Hoi-Ying,1
,,,,1033=,Hollay,1
,,,,1033=,Holley,1
,,,,1033=,Hollye,1
,,,,1033=,Honor,1
,,,,1033=,Hoy-Yun,1
,,,,1033=,Huda,1
,,,,1033=,Humira,1
,,,,1033=,Hyfa,1
,,,,1033=,Ianthe,1
,,,,1033=,Iashiya,1
,,,,1033=,Iesha,1
,,,,1033=,Ifelewa,1
,,,,1033=,Iffat,1
,,,,1033=,Igina,1
,,,,1033=,Ikrah,1
,,,,1033=,Iman,1
,,,,1033=,Indie,1
,,,,1033=,Ingrid,1
,,,,1033=,Innes,1
,,,,1033=,Ioanna,1
,,,,1033=,Ione,1
,,,,1033=,Irena,1
,,,,1033=,Irum,1
,,,,1033=,Isa,1
,,,,1033=,Isabell,1
,,,,1033=,Iseabail,1
,,,,1033=,Iza,1
,,,,1033=,J,1
,,,,1033=,Jacki,1
,,,,1033=,Jacklynn,1
,,,,1033=,Jacqualene,1
,,,,1033=,Jacqualine,1
,,,,1033=,Jacquelin,1
,,,,1033=,Jade-Louise,1
,,,,1033=,Jadeine,1
,,,,1033=,Jae,1
,,,,1033=,Jahira,1
,,,,1033=,Jaide,1
,,,,1033=,Jaime-Lee,1
,,,,1033=,Jaimie-Lee,1
,,,,1033=,Jaklyn,1
,,,,1033=,Jalisa,1
,,,,1033=,Jamey,1
,,,,1033=,Jami,1
,,,,1033=,Jami-Lee,1
,,,,1033=,Jamie-Lyn,1
,,,,1033=,Jamiee,1
,,,,1033=,Jamielea,1
,,,,1033=,Jamieleigh,1
,,,,1033=,Jamilea,1
,,,,1033=,Jan-Louise,1
,,,,1033=,Janade,1
,,,,1033=,Jane-Michelle,1
,,,,1033=,Janee,1
,,,,1033=,Janel,1
,,,,1033=,Jannah,1
,,,,1033=,Jannine,1
,,,,1033=,Jasika,1
,,,,1033=,Jaskiranjeet,1
,,,,1033=,Jasmeen,1
,,,,1033=,Javairia,1
,,,,1033=,Jay-Lee,1
,,,,1033=,Jaydene,1
,,,,1033=,Jaymie,1
,,,,1033=,Jaymie-Leigh,1
,,,,1033=,Jayney,1
,,,,1033=,Jazmin,1
,,,,1033=,Jazmine,1
,,,,1033=,Jeanie,1
,,,,1033=,Jeanmarie,1
,,,,1033=,Jemima,1
,,,,1033=,Jemimah,1
,,,,1033=,Jena,1
,,,,1033=,Jeni,1
,,,,1033=,Jenna-Lee,1
,,,,1033=,Jenna-Lynne,1
,,,,1033=,Jennafer,1
,,,,1033=,Jennifer-Anne,1
,,,,1033=,Jennifer-Dee,1
,,,,1033=,Jenniffer,1
,,,,1033=,Jerri-Lee,1
,,,,1033=,Jerry,1
,,,,1033=,Jessamie,1
,,,,1033=,Jessamine,1
,,,,1033=,Jo-Ann,1
,,,,1033=,Jo-Dee,1
,,,,1033=,Jo-Lisa,1
,,,,1033=,Joana,1
,,,,1033=,Joanie,1
,,,,1033=,Joanita,1
,,,,1033=,Joanna-Lee,1
,,,,1033=,Jocasta,1
,,,,1033=,Jocelynn,1
,,,,1033=,Jodene,1
,,,,1033=,Jodie-Lea,1
,,,,1033=,Joelle,1
,,,,1033=,Johnan,1
,,,,1033=,Jolana,1
,,,,1033=,Joleen,1
,,,,1033=,Jordan-Leigh,1
,,,,1033=,Jordane,1
,,,,1033=,Jorden,1
,,,,1033=,Jordian,1
,,,,1033=,Jordon,1
,,,,1033=,Jordynn,1
,,,,1033=,Joselyn,1
,,,,1033=,Joseph,1
,,,,1033=,Joslyn,1
,,,,1033=,Josslyn,1
,,,,1033=,Jovannah,1
,,,,1033=,Joycelyn,1
,,,,1033=,Jozi,1
,,,,1033=,Jozie,1
,,,,1033=,Judy,1
,,,,1033=,Juleen,1
,,,,1033=,Juliana,1
,,,,1033=,Juliann,1
,,,,1033=,Julianna,1
,,,,1033=,Julie-Marie,1
,,,,1033=,Julie-Yvonne,1
,,,,1033=,Julieanne,1
,,,,1033=,Junet,1
,,,,1033=,Jura,1
,,,,1033=,Justeen,1
,,,,1033=,Justyne,1
,,,,1033=,Ka,1
,,,,1033=,Kacey,1
,,,,1033=,Kaeley,1
,,,,1033=,Kaely,1
,,,,1033=,Kai,1
,,,,1033=,Kaighla,1
,,,,1033=,Kailey,1
,,,,1033=,Kailzie,1
,,,,1033=,Kairen,1
,,,,1033=,Kaiserin,1
,,,,1033=,Kaitlyn,1
,,,,1033=,Kaitlynd,1
,,,,1033=,Kaitlynn,1
,,,,1033=,Kaleigh,1
,,,,1033=,Kaleigh-Anne,1
,,,,1033=,Kalene,1
,,,,1033=,Kali,1
,,,,1033=,Kallie,1
,,,,1033=,Kalya,1
,,,,1033=,Kanya,1
,,,,1033=,Karagh,1
,,,,1033=,Karah,1
,,,,1033=,Karan,1
,,,,1033=,Karie,1
,,,,1033=,Karien,1
,,,,1033=,Karima,1
,,,,1033=,Karisha,1
,,,,1033=,Kariss,1
,,,,1033=,Karley,1
,,,,1033=,Karma,1
,,,,1033=,Karmen,1
,,,,1033=,Karoline,1
,,,,1033=,Karra,1
,,,,1033=,Karrah,1
,,,,1033=,Karri,1
,,,,1033=,Karrie,1
,,,,1033=,Kasha,1
,,,,1033=,Kasmin,1
,,,,1033=,Kassandra-Anne,1
,,,,1033=,Kassia,1
,,,,1033=,Kassie,1
,,,,1033=,Kassy,1
,,,,1033=,Katelyn,1
,,,,1033=,Katelynne,1
,,,,1033=,Katerine,1
,,,,1033=,Katharina,1
,,,,1033=,Kathelle,1
,,,,1033=,Katheryn,1
,,,,1033=,Kathijah,1
,,,,1033=,Kathy,1
,,,,1033=,Kati,1
,,,,1033=,Katie-Ann,1
,,,,1033=,Katie-Lauren,1
,,,,1033=,Katie-Louise,1
,,,,1033=,Katrine,1
,,,,1033=,Katryn,1
,,,,1033=,Katryna,1
,,,,1033=,Katy-Ann,1
,,,,1033=,Katy-Ellen,1
,,,,1033=,Katyanne,1
,,,,1033=,Kausar,1
,,,,1033=,Kaydee,1
,,,,1033=,Kayla,1
,,,,1033=,Kaylana,1
,,,,1033=,Kaylea,1
,,,,1033=,Kayleen,1
,,,,1033=,Kayleigh-Alexan,1
,,,,1033=,Kaylin,1
,,,,1033=,Kayra,1
,,,,1033=,Kayrie,1
,,,,1033=,Kayrin,1
,,,,1033=,Kaz,1
,,,,1033=,Kazamira,1
,,,,1033=,Keiba,1
,,,,1033=,Keighlee,1
,,,,1033=,Keighleigh,1
,,,,1033=,Keleigh,1
,,,,1033=,Kelley,1
,,,,1033=,Kellie-Marie,1
,,,,1033=,Kelly-Jo,1
,,,,1033=,Kellymarie,1
,,,,1033=,Kelsa,1
,,,,1033=,Kelsea,1
,,,,1033=,Kelsie-Anne,1
,,,,1033=,Kelsie-Louise,1
,,,,1033=,Kelsy,1
,,,,1033=,Kely,1
,,,,1033=,Kendra,1
,,,,1033=,Kenny,1
,,,,1033=,Keran,1
,,,,1033=,Kered,1
,,,,1033=,Kerenza,1
,,,,1033=,Keriann,1
,,,,1033=,Kerianne,1
,,,,1033=,Kerrayann,1
,,,,1033=,Kerren,1
,,,,1033=,Kerri-Marie,1
,,,,1033=,Kerriann,1
,,,,1033=,Kerrin,1
,,,,1033=,Kerry-Lee,1
,,,,1033=,Keryn,1
,,,,1033=,Kerys,1
,,,,1033=,Keyrai,1
,,,,1033=,Keziah,1
,,,,1033=,Khaksar,1
,,,,1033=,Khally,1
,,,,1033=,Kheelie,1
,,,,1033=,Khirsti,1
,,,,1033=,Khirstie,1
,,,,1033=,Khusboo,1
,,,,1033=,Khyara,1
,,,,1033=,Kia,1
,,,,1033=,Kiara,1
,,,,1033=,Kiatara,1
,,,,1033=,Kiayana,1
,,,,1033=,Kierran,1
,,,,1033=,Kieywyn,1
,,,,1033=,Kim-Marie,1
,,,,1033=,Kimbereley,1
,,,,1033=,Kimberlee,1
,,,,1033=,Kimberley-Ann,1
,,,,1033=,Kimberlymarie,1
,,,,1033=,Kimbillie,1
,,,,1033=,Kimi,1
,,,,1033=,Kinza,1
,,,,1033=,Kira,1
,,,,1033=,Kirandeep,1
,,,,1033=,Kirby,1
,,,,1033=,Kirena,1
,,,,1033=,Kirsti-Lee,1
,,,,1033=,Kirstian,1
,,,,1033=,Kirstine,1
,,,,1033=,Kirstley,1
,,,,1033=,Kirsty-Ann,1
,,,,1033=,Kirsty-Jane,1
,,,,1033=,Kirsty-Leigh,1
,,,,1033=,Kirsty-Marie,1
,,,,1033=,Kitty,1
,,,,1033=,Klair,1
,,,,1033=,Klaire,1
,,,,1033=,Kloey,1
,,,,1033=,Komel,1
,,,,1033=,Koreen,1
,,,,1033=,Koren,1
,,,,1033=,Korran,1
,,,,1033=,Kris,1
,,,,1033=,Krissa,1
,,,,1033=,Kristel,1
,,,,1033=,Kristi-Lee,1
,,,,1033=,Kristine,1
,,,,1033=,Krysha,1
,,,,1033=,Krystine,1
,,,,1033=,Krystle-Marie,1
,,,,1033=,Kwan,1
,,,,1033=,Kyla,1
,,,,1033=,Kymberli,1
,,,,1033=,Kymberlie-Dee,1
,,,,1033=,Kymberly,1
,,,,1033=,Kyrie,1
,,,,1033=,Kyrstin,1
,,,,1033=,Laetitia,1
,,,,1033=,Lai,1
,,,,1033=,Laice,1
,,,,1033=,Laiken,1
,,,,1033=,Laila,1
,,,,1033=,Lakvinder,1
,,,,1033=,Lalarukh,1
,,,,1033=,Lamya,1
,,,,1033=,Lan,1
,,,,1033=,Lana-Marie,1
,,,,1033=,Lanae,1
,,,,1033=,Lannagh,1
,,,,1033=,Larisa,1
,,,,1033=,Larrah,1
,,,,1033=,Lateasha,1
,,,,1033=,Laura-Anne,1
,,,,1033=,Laura-Beth,1
,,,,1033=,Laura-Joh,1
,,,,1033=,Laura-Ueniese,1
,,,,1033=,Lauran,1
,,,,1033=,Laurane,1
,,,,1033=,Lauranne,1
,,,,1033=,Laureanne,1
,,,,1033=,Laurie-Ann,1
,,,,1033=,Laurie-Leigh,1
,,,,1033=,Laurin,1
,,,,1033=,Lauris,1
,,,,1033=,Laurisa,1
,,,,1033=,Lavelle,1
,,,,1033=,Lawraine,1
,,,,1033=,Lawren,1
,,,,1033=,Lawrie,1
,,,,1033=,Lea-Ann,1
,,,,1033=,Lea-Anne,1
,,,,1033=,Leana,1
,,,,1033=,Leann,1
,,,,1033=,Leaona,1
,,,,1033=,Leena,1
,,,,1033=,Leesa,1
,,,,1033=,Leesa-Marie,1
,,,,1033=,Leia,1
,,,,1033=,Leigha,1
,,,,1033=,Leighan,1
,,,,1033=,Leilani,1
,,,,1033=,Leilla,1
,,,,1033=,Leisha,1
,,,,1033=,Lenah,1
,,,,1033=,Leonah,1
,,,,1033=,Leonna,1
,,,,1033=,Leonora,1
,,,,1033=,Lesah,1
,,,,1033=,Lesley-Ann,1
,,,,1033=,Leyanna,1
,,,,1033=,Leyla,1
,,,,1033=,Lian,1
,,,,1033=,Liana,1
,,,,1033=,Liane,1
,,,,1033=,Liann,1
,,,,1033=,Lianna,1
,,,,1033=,Lichelle,1
,,,,1033=,Lili,1
,,,,1033=,Lilias-Jean,1
,,,,1033=,Lillias,1
,,,,1033=,Lin,1
,,,,1033=,Lina,1
,,,,1033=,Lindsay-Jane,1
,,,,1033=,Linsayann,1
,,,,1033=,Linzay,1
,,,,1033=,Lioba,1
,,,,1033=,Liona,1
,,,,1033=,Liorah,1
,,,,1033=,Lisa-Anne,1
,,,,1033=,Lisanna,1
,,,,1033=,Lisanne,1
,,,,1033=,Lise-Lolte,1
,,,,1033=,Liselle,1
,,,,1033=,Lissa,1
,,,,1033=,Lissanne,1
,,,,1033=,Liza-Marie,1
,,,,1033=,Lizamarie,1
,,,,1033=,Lizanne,1
,,,,1033=,Lizzie,1
,,,,1033=,Llianna,1
,,,,1033=,Llywesse,1
,,,,1033=,Lorelle,1
,,,,1033=,Lorenna,1
,,,,1033=,Loretta,1
,,,,1033=,Lori-Anne,1
,,,,1033=,Lorin,1
,,,,1033=,Lorn,1
,,,,1033=,Loryn,1
,,,,1033=,Lotte,1
,,,,1033=,Louisa-Jane,1
,,,,1033=,Luce,1
,,,,1033=,Luciana-Marinel,1
,,,,1033=,Lucianna,1
,,,,1033=,Lucina,1
,,,,1033=,Lucy-Anne,1
,,,,1033=,Lucy-Helen,1
,,,,1033=,Lui,1
,,,,1033=,Luizee,1
,,,,1033=,Lukka,1
,,,,1033=,Lyanne,1
,,,,1033=,Lydon,1
,,,,1033=,Lyecia,1
,,,,1033=,Lyndsay-Ann,1
,,,,1033=,Lyndsey-Anne,1
,,,,1033=,Lyndsie,1
,,,,1033=,Lynn-Jane,1
,,,,1033=,Lynne-Frances,1
,,,,1033=,Lynsy,1
,,,,1033=,Lysette,1
,,,,1033=,Maariya,1
,,,,1033=,Madelaine,1
,,,,1033=,Madelaine-Rose,1
,,,,1033=,Mae,1
,,,,1033=,Maegan,1
,,,,1033=,Maeve,1
,,,,1033=,Magali,1
,,,,1033=,Magalie,1
,,,,1033=,Magdalene,1
,,,,1033=,Maghan,1
,,,,1033=,Maha,1
,,,,1033=,Mahreen,1
,,,,1033=,Maida,1
,,,,1033=,Maiken,1
,,,,1033=,Maimoonah,1
,,,,1033=,Mairi-Ann,1
,,,,1033=,Mairi-Rebecca,1
,,,,1033=,Mairin,1
,,,,1033=,Maja,1
,,,,1033=,Maleeha,1
,,,,1033=,Maliha,1
,,,,1033=,Malissa,1
,,,,1033=,Malissa-Ann,1
,,,,1033=,Mammie,1
,,,,1033=,Mana,1
,,,,1033=,Mandeep,1
,,,,1033=,Manpreet,1
,,,,1033=,Maraina,1
,,,,1033=,Marc,1
,,,,1033=,Marcella,1
,,,,1033=,Maree,1
,,,,1033=,Mareesa,1
,,,,1033=,Marelle,1
,,,,1033=,Marena,1
,,,,1033=,Margaretmary,1
,,,,1033=,Margaux,1
,,,,1033=,Margo,1
,,,,1033=,Margot,1
,,,,1033=,Mari-Clare,1
,,,,1033=,Maria-Anna,1
,,,,1033=,Maria-Claire,1
,,,,1033=,Mariam,1
,,,,1033=,Mariana,1
,,,,1033=,Mariane,1
,,,,1033=,Mariann,1
,,,,1033=,Mariclaire,1
,,,,1033=,Marie-Clare,1
,,,,1033=,Marie-Louise,1
,,,,1033=,Mariesha,1
,,,,1033=,Mariko,1
,,,,1033=,Marit,1
,,,,1033=,Marjorie,1
,,,,1033=,Marjory,1
,,,,1033=,Marle,1
,,,,1033=,Marley,1
,,,,1033=,Marlies,1
,,,,1033=,Marni,1
,,,,1033=,Marsha,1
,,,,1033=,Marti,1
,,,,1033=,Marwa,1
,,,,1033=,Mary-Elizabeth,1
,,,,1033=,Mary-Jane,1
,,,,1033=,Mary-Teresa,1
,,,,1033=,Maryse,1
,,,,1033=,Marysia,1
,,,,1033=,Mathew,1
,,,,1033=,Mathilde,1
,,,,1033=,Matti,1
,,,,1033=,Maura,1
,,,,1033=,Max,1
,,,,1033=,Maxcine,1
,,,,1033=,May,1
,,,,1033=,Maybole,1
,,,,1033=,Maye,1
,,,,1033=,Meadhbh,1
,,,,1033=,Meaghan,1
,,,,1033=,Medeha,1
,,,,1033=,Meegan,1
,,,,1033=,Meg,1
,,,,1033=,Megann,1
,,,,1033=,Meggin,1
,,,,1033=,Mehrean,1
,,,,1033=,Mehreen,1
,,,,1033=,Meisha,1
,,,,1033=,Melessia,1
,,,,1033=,Melisa,1
,,,,1033=,Mellani,1
,,,,1033=,Mellisa,1
,,,,1033=,Mellise,1
,,,,1033=,Melloney,1
,,,,1033=,Melvina,1
,,,,1033=,Meriel,1
,,,,1033=,Merle,1
,,,,1033=,Merran,1
,,,,1033=,Merrin,1
,,,,1033=,Mhaighan,1
,,,,1033=,Mhairi-Anne,1
,,,,1033=,Mhairi-Claire,1
,,,,1033=,Mhairi-Clare,1
,,,,1033=,Mhairi-Lee,1
,,,,1033=,Mhari-Ann,1
,,,,1033=,Micaela,1
,,,,1033=,Michael,1
,,,,1033=,Michaella,1
,,,,1033=,Michaelle,1
,,,,1033=,Michala,1
,,,,1033=,Michelle-Claire,1
,,,,1033=,Mickaela,1
,,,,1033=,Miesha,1
,,,,1033=,Mikaella,1
,,,,1033=,Mikalla,1
,,,,1033=,Mikki,1
,,,,1033=,Milissa,1
,,,,1033=,Millicent,1
,,,,1033=,Mint,1
,,,,1033=,Mireille,1
,,,,1033=,Misha,1
,,,,1033=,Missba,1
,,,,1033=,Miya,1
,,,,1033=,Mohaddaseh,1
,,,,1033=,Mohammed,1
,,,,1033=,Mollie,1
,,,,1033=,Momeeza,1
,,,,1033=,Mona,1
,,,,1033=,Monoura,1
,,,,1033=,Morgaine,1
,,,,1033=,Moria,1
,,,,1033=,Morna,1
,,,,1033=,Morvan,1
,,,,1033=,Morvern,1
,,,,1033=,Morvyn,1
,,,,1033=,Morwenna,1
,,,,1033=,Muriam,1
,,,,1033=,Murraym,1
,,,,1033=,Mushidia,1
,,,,1033=,My,1
,,,,1033=,Mychaela,1
,,,,1033=,Mykaela,1
,,,,1033=,Mykela,1
,,,,1033=,Nabila,1
,,,,1033=,Nabilah,1
,,,,1033=,Nadina,1
,,,,1033=,Nadini,1
,,,,1033=,Nadinne,1
,,,,1033=,Nadiya,1
,,,,1033=,Naeomi,1
,,,,1033=,Nafeesa,1
,,,,1033=,Nafisa,1
,,,,1033=,Nafisah,1
,,,,1033=,Naila,1
,,,,1033=,Naiomi,1
,,,,1033=,Najiha,1
,,,,1033=,Nakara,1
,,,,1033=,Nakisa,1
,,,,1033=,Nareen,1
,,,,1033=,Narelle,1
,,,,1033=,Nargis,1
,,,,1033=,Nasrina,1
,,,,1033=,Nastassia,1
,,,,1033=,Natali,1
,,,,1033=,Natalie-Jane,1
,,,,1033=,Nataliya,1
,,,,1033=,Natallie,1
,,,,1033=,Natasha-Louise,1
,,,,1033=,Natassia,1
,,,,1033=,Natazha,1
,,,,1033=,Natisha,1
,,,,1033=,Natlaie,1
,,,,1033=,Navita,1
,,,,1033=,Navjit,1
,,,,1033=,Navneet,1
,,,,1033=,Nawal,1
,,,,1033=,Nazish,1
,,,,1033=,Neah,1
,,,,1033=,Neda,1
,,,,1033=,Neelam,1
,,,,1033=,Neelum,1
,,,,1033=,Nehal,1
,,,,1033=,Neisha,1
,,,,1033=,Neneh,1
,,,,1033=,Niah,1
,,,,1033=,Nialla,1
,,,,1033=,Nicci,1
,,,,1033=,Nichaela,1
,,,,1033=,Nickaela,1
,,,,1033=,Nickelle-Louise,1
,,,,1033=,Nickola,1
,,,,1033=,Nicole-Sophia,1
,,,,1033=,Nicolette,1
,,,,1033=,Nicoll,1
,,,,1033=,Nicolla,1
,,,,1033=,Nidhi,1
,,,,1033=,Nieshia,1
,,,,1033=,Nikaela,1
,,,,1033=,Nikalla,1
,,,,1033=,Nikealla,1
,,,,1033=,Niketa,1
,,,,1033=,Nikiti,1
,,,,1033=,Nikki-Lee,1
,,,,1033=,Nila,1
,,,,1033=,Niomie-Jane,1
,,,,1033=,Nkeiruka,1
,,,,1033=,Nnenna,1
,,,,1033=,Nola,1
,,,,1033=,Nomvuzo,1
,,,,1033=,Norah,1
,,,,1033=,Noreen,1
,,,,1033=,Norelle,1
,,,,1033=,Norma,1
,,,,1033=,Nurul,1
,,,,1033=,Nusrat,1
,,,,1033=,Nyah,1
,,,,1033=,Nykola,1
,,,,1033=,Nyssa,1
,,,,1033=,Olabamidele,1
,,,,1033=,Olfat,1
,,,,1033=,Oluremilekun,1
,,,,1033=,Olwen,1
,,,,1033=,Opal,1
,,,,1033=,Ordha,1
,,,,1033=,Ouzma,1
,,,,1033=,Ozioma,1
,,,,1033=,Ozma,1
,,,,1033=,Paisley,1
,,,,1033=,Paisley-Anne,1
,,,,1033=,Pamella,1
,,,,1033=,Parvinder,1
,,,,1033=,Pascale,1
,,,,1033=,Patriona,1
,,,,1033=,Paula-Louise,1
,,,,1033=,Paulla,1
,,,,1033=,Pawandip,1
,,,,1033=,Pebbles,1
,,,,1033=,Peigi,1
,,,,1033=,Penelope,1
,,,,1033=,Perry,1
,,,,1033=,Persia,1
,,,,1033=,Petsa,1
,,,,1033=,Phemie,1
,,,,1033=,Philipia,1
,,,,1033=,Pippa,1
,,,,1033=,Piroska,1
,,,,1033=,Pollaidh,1
,,,,1033=,Pollyanna,1
,,,,1033=,Poonam,1
,,,,1033=,Prabjot,1
,,,,1033=,Puja,1
,,,,1033=,Puneet,1
,,,,1033=,Purdie,1
,,,,1033=,Puteri,1
,,,,1033=,Puyan,1
,,,,1033=,Qian-Yiao,1
,,,,1033=,Quddsia,1
,,,,1033=,Rabaya,1
,,,,1033=,Racheal,1
,,,,1033=,Rachel-Sarah,1
,,,,1033=,Rachelanne,1
,,,,1033=,Rackelle,1
,,,,1033=,Radha,1
,,,,1033=,Radiyah,1
,,,,1033=,Raegan,1
,,,,1033=,Ragen,1
,,,,1033=,Raisah,1
,,,,1033=,Rakina,1
,,,,1033=,Ramla,1
,,,,1033=,Ramona,1
,,,,1033=,Rana,1
,,,,1033=,Rania,1
,,,,1033=,Rasmia,1
,,,,1033=,Raum,1
,,,,1033=,Rayanne,1
,,,,1033=,Raygan,1
,,,,1033=,Rayhana,1
,,,,1033=,Rayne,1
,,,,1033=,Reagan,1
,,,,1033=,Reah,1
,,,,1033=,Reanna,1
,,,,1033=,Rebbecca,1
,,,,1033=,Rebecca-Anne,1
,,,,1033=,Reem,1
,,,,1033=,Reema,1
,,,,1033=,Regan,1
,,,,1033=,Rehana,1
,,,,1033=,Rene,1
,,,,1033=,Rezvaneh,1
,,,,1033=,Rezvi,1
,,,,1033=,Rhae,1
,,,,1033=,Rhanell,1
,,,,1033=,Rheann,1
,,,,1033=,Rhia,1
,,,,1033=,Rhionna,1
,,,,1033=,Rhonagh,1
,,,,1033=,Rhonna,1
,,,,1033=,Rhu,1
,,,,1033=,Rhyanna,1
,,,,1033=,Ria,1
,,,,1033=,Ria-Lynda,1
,,,,1033=,Riahnon,1
,,,,1033=,Rianne,1
,,,,1033=,Richenda,1
,,,,1033=,Rieham,1
,,,,1033=,Rikaela,1
,,,,1033=,Rikki,1
,,,,1033=,Rima,1
,,,,1033=,Riona,1
,,,,1033=,Risga,1
,,,,1033=,Rishell,1
,,,,1033=,Rizwana,1
,,,,1033=,Robbyn,1
,,,,1033=,Robin,1
,,,,1033=,Robin-Marie,1
,,,,1033=,Robynn,1
,,,,1033=,Roisan,1
,,,,1033=,Roishann,1
,,,,1033=,Romaana,1
,,,,1033=,Romana,1
,,,,1033=,Romy,1
,,,,1033=,Ronda,1
,,,,1033=,Roquelle,1
,,,,1033=,Ros,1
,,,,1033=,Rosahna,1
,,,,1033=,Rosalie,1
,,,,1033=,Rose-Marie,1
,,,,1033=,Roseiland,1
,,,,1033=,Roshenac,1
,,,,1033=,Roshni,1
,,,,1033=,Rosina,1
,,,,1033=,Rowanne,1
,,,,1033=,Ruairidh,1
,,,,1033=,Rucksana,1
,,,,1033=,Rudi-Anna,1
,,,,1033=,Ruesha,1
,,,,1033=,Rui,1
,,,,1033=,Rujwunt,1
,,,,1033=,Rukia,1
,,,,1033=,Rusti,1
,,,,1033=,Ryan,1
,,,,1033=,Saahirah,1
,,,,1033=,Saaleha,1
,,,,1033=,Sabeena,1
,,,,1033=,Sabha,1
,,,,1033=,Sabihah,1
,,,,1033=,Sabiya,1
,,,,1033=,Sabrine,1
,,,,1033=,Sabuznisa,1
,,,,1033=,Sacha-Lee,1
,,,,1033=,Sadaf,1
,,,,1033=,Sade,1
,,,,1033=,Sadie,1
,,,,1033=,Saeideh,1
,,,,1033=,Safiya,1
,,,,1033=,Safron,1
,,,,1033=,Saheda,1
,,,,1033=,Sahib,1
,,,,1033=,Saidat,1
,,,,1033=,Saiqa,1
,,,,1033=,Sairah,1
,,,,1033=,Sakeena,1
,,,,1033=,Saleema,1
,,,,1033=,Salima,1
,,,,1033=,Salomi,1
,,,,1033=,Sam,1
,,,,1033=,Sama,1
,,,,1033=,Samantha-Jane,1
,,,,1033=,Samantha-Jo,1
,,,,1033=,Samantha-Margar,1
,,,,1033=,Sameena,1
,,,,1033=,Sami,1
,,,,1033=,Sammy-Joe,1
,,,,1033=,Sammy-Lee,1
,,,,1033=,Sammyjo,1
,,,,1033=,Samra,1
,,,,1033=,Samsara,1
,,,,1033=,Sanaa,1
,,,,1033=,Sandeep,1
,,,,1033=,Sapphire,1
,,,,1033=,Sara-Anne,1
,,,,1033=,Sara-Jayne,1
,,,,1033=,Sara-Louise,1
,,,,1033=,Sarah-Anne,1
,,,,1033=,Sarah-Farah,1
,,,,1033=,Sarai,1
,,,,1033=,Sarana,1
,,,,1033=,Saranna,1
,,,,1033=,Saranne,1
,,,,1033=,Saria,1
,,,,1033=,Sarra,1
,,,,1033=,Satveer,1
,,,,1033=,Sauni,1
,,,,1033=,Saxon,1
,,,,1033=,Sazida,1
,,,,1033=,Sean,1
,,,,1033=,Seanaid,1
,,,,1033=,Seanna,1
,,,,1033=,Seany,1
,,,,1033=,Selma,1
,,,,1033=,Semone,1
,,,,1033=,Senita,1
,,,,1033=,Seonaidh,1
,,,,1033=,September,1
,,,,1033=,Serene,1
,,,,1033=,Serenia,1
,,,,1033=,Shabana,1
,,,,1033=,Shadi,1
,,,,1033=,Shaena,1
,,,,1033=,Shafaq,1
,,,,1033=,Shaheen,1
,,,,1033=,Shaista,1
,,,,1033=,Shakira,1
,,,,1033=,Shallini,1
,,,,1033=,Shalva,1
,,,,1033=,Shameem,1
,,,,1033=,Shams,1
,,,,1033=,Shaneel,1
,,,,1033=,Shaneen,1
,,,,1033=,Shannagh,1
,,,,1033=,Shannan,1
,,,,1033=,Sharazed,1
,,,,1033=,Sharda,1
,,,,1033=,Sharee,1
,,,,1033=,Sharina,1
,,,,1033=,Sharissa,1
,,,,1033=,Sharlotte-Jane,1
,,,,1033=,Sharma,1
,,,,1033=,Sharn,1
,,,,1033=,Sharnjit,1
,,,,1033=,Sharri,1
,,,,1033=,Sharrie,1
,,,,1033=,Sharron,1
,,,,1033=,Shauney,1
,,,,1033=,Shaunice,1
,,,,1033=,Shaunie,1
,,,,1033=,Shaunna-Leigh,1
,,,,1033=,Shaunna-Marie,1
,,,,1033=,Shaunni,1
,,,,1033=,Shawn,1
,,,,1033=,Shawnee,1
,,,,1033=,Shawney,1
,,,,1033=,Shebahn,1
,,,,1033=,Sheelagh,1
,,,,1033=,Sheenagh,1
,,,,1033=,Sheilah,1
,,,,1033=,Sheinean,1
,,,,1033=,Shelagh,1
,,,,1033=,Shelleigh,1
,,,,1033=,Shelley-Leigh,1
,,,,1033=,Shelly-Anne,1
,,,,1033=,Shenaz,1
,,,,1033=,Shenel,1
,,,,1033=,Sheonagh,1
,,,,1033=,Shereifa,1
,,,,1033=,Sherelle,1
,,,,1033=,Sherihan,1
,,,,1033=,Sherre,1
,,,,1033=,Sherrelle,1
,,,,1033=,Sherri,1
,,,,1033=,Sherri-Ann,1
,,,,1033=,Sherry,1
,,,,1033=,Sherylanne,1
,,,,1033=,Sheveen,1
,,,,1033=,Shevon,1
,,,,1033=,Shibhon,1
,,,,1033=,Shilaine,1
,,,,1033=,Shileen,1
,,,,1033=,Shilpa,1
,,,,1033=,Shineela,1
,,,,1033=,Shinin,1
,,,,1033=,Shiree,1
,,,,1033=,Shirin,1
,,,,1033=,Shuna,1
,,,,1033=,Siama,1
,,,,1033=,Sianead,1
,,,,1033=,Sidra,1
,,,,1033=,Siera,1
,,,,1033=,Sigrid,1
,,,,1033=,Sileas,1
,,,,1033=,Silvana,1
,,,,1033=,Silvia,1
,,,,1033=,Simeen,1
,,,,1033=,Simon,1
,,,,1033=,Sinaed,1
,,,,1033=,Sinitta,1
,,,,1033=,Sinna,1
,,,,1033=,Sinnead,1
,,,,1033=,Siobhain,1
,,,,1033=,Siobhanmarie,1
,,,,1033=,Siobhann,1
,,,,1033=,Siohban,1
,,,,1033=,Siollan,1
,,,,1033=,Siouxsie,1
,,,,1033=,Sira,1
,,,,1033=,Siread,1
,,,,1033=,Sirena,1
,,,,1033=,Sirin,1
,,,,1033=,Siti,1
,,,,1033=,Siusaidh,1
,,,,1033=,Sivaan,1
,,,,1033=,Sky,1
,,,,1033=,Sofiya,1
,,,,1033=,Soibhan,1
,,,,1033=,Sokyna,1
,,,,1033=,Somayya,1
,,,,1033=,Sonja,1
,,,,1033=,Soofia,1
,,,,1033=,Soondoos,1
,,,,1033=,Sophena,1
,,,,1033=,Sophey,1
,,,,1033=,Soraya,1
,,,,1033=,Soukaina,1
,,,,1033=,Stacay-Ann,1
,,,,1033=,Stacey-Ann,1
,,,,1033=,Stacey-Louise,1
,,,,1033=,Stacey-Marie,1
,,,,1033=,Staci,1
,,,,1033=,Staisha,1
,,,,1033=,Star,1
,,,,1033=,Stasia,1
,,,,1033=,Stefany,1
,,,,1033=,Steffannie-Ann,1
,,,,1033=,Steffany,1
,,,,1033=,Steffie,1
,,,,1033=,Stefinie,1
,,,,1033=,Stepanie,1
,,,,1033=,Stephan,1
,,,,1033=,Stephanie-Ann,1
,,,,1033=,Stephanie-Anne,1
,,,,1033=,Stephany,1
,,,,1033=,Stepheny,1
,,,,1033=,Stuart,1
,,,,1033=,Suburna,1
,,,,1033=,Suk,1
,,,,1033=,Sulisah,1
,,,,1033=,Sultana,1
,,,,1033=,Sumaiyah,1
,,,,1033=,Sumara,1
,,,,1033=,Sumera,1
,,,,1033=,Sumra,1
,,,,1033=,Suneeta,1
,,,,1033=,Sunia,1
,,,,1033=,Sunjota,1
,,,,1033=,Sunna,1
,,,,1033=,Suroop,1
,,,,1033=,Susana,1
,,,,1033=,Susie,1
,,,,1033=,Suzann,1
,,,,1033=,Suzanne-Marie,1
,,,,1033=,Suzette,1
,,,,1033=,Suzzane,1
,,,,1033=,Svenja,1
,,,,1033=,Sybil,1
,,,,1033=,Sybilla,1
,,,,1033=,Syeda,1
,,,,1033=,Syiara,1
,,,,1033=,Sykha,1
,,,,1033=,Symone,1
,,,,1033=,Symonne,1
,,,,1033=,Tace,1
,,,,1033=,Taelor,1
,,,,1033=,Tahira,1
,,,,1033=,Tahmina,1
,,,,1033=,Talisa,1
,,,,1033=,Tamar,1
,,,,1033=,Tameena,1
,,,,1033=,Tamika,1
,,,,1033=,Tamlihn,1
,,,,1033=,Tammarrin,1
,,,,1033=,Tammie-Lee,1
,,,,1033=,Tammylyn,1
,,,,1033=,Tamryn,1
,,,,1033=,Tanika,1
,,,,1033=,Taninder,1
,,,,1033=,Tanis,1
,,,,1033=,Tanisha,1
,,,,1033=,Tanitha,1
,,,,1033=,Tanya-Maria,1
,,,,1033=,Tanzeela,1
,,,,1033=,Tao,1
,,,,1033=,Tara-Jane,1
,,,,1033=,Tarin,1
,,,,1033=,Tarndeep,1
,,,,1033=,Tarra,1
,,,,1033=,Tasha,1
,,,,1033=,Tasmiah,1
,,,,1033=,Tasniem,1
,,,,1033=,Tasnim,1
,,,,1033=,Taya,1
,,,,1033=,Taye,1
,,,,1033=,Tayler,1
,,,,1033=,Tayyiba,1
,,,,1033=,Teeyla,1
,,,,1033=,Tegan,1
,,,,1033=,Tembisa,1
,,,,1033=,Tequa,1
,,,,1033=,Terri-Ann,1
,,,,1033=,Terri-Anne,1
,,,,1033=,Terrianne,1
,,,,1033=,Terrie,1
,,,,1033=,Terrij,1
,,,,1033=,Tess,1
,,,,1033=,Tessally,1
,,,,1033=,Theadona,1
,,,,1033=,Theodora,1
,,,,1033=,Thereza,1
,,,,1033=,Thiphawan,1
,,,,1033=,Thomasina,1
,,,,1033=,Tiamara,1
,,,,1033=,Tiara,1
,,,,1033=,Tiffiny,1
,,,,1033=,Tiril,1
,,,,1033=,Toni-Louise,1
,,,,1033=,Toni-Marie,1
,,,,1033=,Tonni,1
,,,,1033=,Toyah,1
,,,,1033=,Tracey-Lynn,1
,,,,1033=,Traci,1
,,,,1033=,Tricia,1
,,,,1033=,Triona,1
,,,,1033=,Trudi,1
,,,,1033=,Tsara,1
,,,,1033=,Tyese,1
,,,,1033=,Tynelle,1
,,,,1033=,Tyra,1
,,,,1033=,Tyree,1
,,,,1033=,Umarah,1
,,,,1033=,Ummae,1
,,,,1033=,Una,1
,,,,1033=,Unzola,1
,,,,1033=,Ursula,1
,,,,1033=,Usma,1
,,,,1033=,Vahri,1
,,,,1033=,Valene,1
,,,,1033=,Valleri,1
,,,,1033=,Venetia,1
,,,,1033=,Venus,1
,,,,1033=,Verena,1
,,,,1033=,Vharri,1
,,,,1033=,Vicky-Louise,1
,,,,1033=,Victoria-Rose,1
,,,,1033=,Vikki-Louise,1
,,,,1033=,Virginia,1
,,,,1033=,Vita,1
,,,,1033=,Vivian,1
,,,,1033=,Viviana,1
,,,,1033=,Viviane,1
,,,,1033=,Vyvyen,1
,,,,1033=,Wai-Sum,1
,,,,1033=,Wasan,1
,,,,1033=,Wassila,1
,,,,1033=,Wei-En,1
,,,,1033=,Wejdan,1
,,,,1033=,Werdah,1
,,,,1033=,William,1
,,,,1033=,Wilma,1
,,,,1033=,Wynne,1
,,,,1033=,Xanthe,1
,,,,1033=,Xasandra,1
,,,,1033=,Xaviera,1
,,,,1033=,Yasamin,1
,,,,1033=,Yasemin,1
,,,,1033=,Yasmin-Amber,1
,,,,1033=,Yazmin,1
,,,,1033=,Yazzmine,1
,,,,1033=,Ynez,1
,,,,1033=,Yves,1
,,,,1033=,Zaenab,1
,,,,1033=,Zaiban-Nisa,1
,,,,1033=,Zaina,1
,,,,1033=,Zaira,1
,,,,1033=,Zakkiyya,1
,,,,1033=,Zarah,1
,,,,1033=,Zarra,1
,,,,1033=,Zartasha,1
,,,,1033=,Zaynab,1
,,,,1033=,Zayneb,1
,,,,1033=,Zehnab,1
,,,,1033=,Zeinab,1
,,,,1033=,Zhaesa,1
,,,,1033=,Ziara,1
,,,,1033=,Zoe-Leah,1
,,,,1033=,Zoie,1
,,,,1033=,Zona,1
,,,,1033=,Zopaash,1
,,,,1033=,Zowie,1
,,,,1033=,Zsa,1
,,,,1033=,Zulieka,1
,,,,1033=,Zunira,1
,,,,,,
� Crown Copyright 2015,,,,,,
