Babies' first forenames: births registered in Scotland in 1974,,,,,,
,,,,,,
Information about the basis of the list can be found via the 'Babies' First Names' page on the National Records of Scotland website.,,,,,,
,,,,,,
Boys,,,,Girls,,
,,,,,,
Position,Name,Number of babies,,Position,Name,Number of babies
1,David,1794,,1,Nicola,935
2,John,1528,,2,Karen,825
3,Paul,1260,,3,Fiona,793
4,Mark,1234,,4,Susan,763
5,James,1202,,5,Claire,727
6,Andrew,1067,,6,Sharon,720
7,Scott,1060,,7,Angela,660
8,Steven,1020,,8,Gillian,577
9,Robert,885,,9,Julie,576
10,Stephen,866,,10,Michelle,531
11,William,777,,11,Jacqueline,505
12,Craig,749,,12,Amanda,502
13,Michael,735,,13,Tracy,498
14,Stuart,710,,14,Louise,491
15,Christopher,702,,15,Jennifer,470
16,Alan,685,,16,Alison,453
17,Colin,634,,17,Sarah,402
18,Brian,623,,18,Donna,398
19,Kevin,598,,19,Caroline,396
20,Gary,570,,20,Elaine,390
21,Richard,558,,21,Lynn,376
22,Derek,500,,22,Margaret,375
23,Martin,473,,23,Elizabeth,346
24,Thomas,458,,24,Lesley,341
25,Neil,446,,25,Deborah,340
26,Barry,427,,26,Pauline,338
27,Ian,421,,27,Lorraine,336
28,Jason,389,,28,Laura,335
29,Iain,386,,29=,Lisa,334
30,Gordon,369,,29=,Tracey,334
31,Alexander,359,,31,Carol,319
32,Graeme,354,,32,Linda,316
33,Peter,353,,33,Lorna,314
34,Darren,333,,34,Catherine,298
35,Graham,325,,35,Wendy,290
36=,George,302,,36=,Lynne,284
36=,Kenneth,302,,36=,Yvonne,284
38,Allan,284,,38,Pamela,282
39,Simon,281,,39,Kirsty,281
40,Douglas,225,,40,Jane,274
41,Keith,223,,41,Emma,264
42,Lee,209,,42,Joanne,262
43,Anthony,204,,43=,Heather,253
44=,Grant,187,,43=,Suzanne,253
44=,Ross,187,,45,Anne,238
46,Jonathan,184,,46,Diane,229
47,Gavin,179,,47,Helen,219
48,Nicholas,173,,48,Victoria,215
49,Joseph,172,,49,Dawn,210
50,Stewart,171,,50=,Mary,200
51,Daniel,169,,50=,Samantha,200
52,Edward,160,,52,Marie,190
53,Matthew,151,,53,Kerry,187
54,Donald,146,,54,Ann,180
55,Fraser,140,,55,Hazel,178
56,Garry,139,,56,Christine,175
57,Malcolm,137,,57,Gail,169
58,Charles,131,,58,Andrea,158
59,Duncan,130,,59,Clare,157
60,Alistair,128,,60,Sandra,150
61,Raymond,120,,61,Shona,148
62,Philip,112,,62,Kathleen,143
63,Ronald,111,,63,Paula,137
64=,Ewan,98,,64,Shirley,135
64=,Ryan,98,,65,Denise,128
66,Francis,97,,66,Melanie,126
67=,Bruce,96,,67,Patricia,123
67=,Patrick,96,,68=,Audrey,119
69=,Alastair,94,,68=,Ruth,119
69=,Bryan,94,,70,Jill,114
71,Marc,92,,71=,Lee,109
72,Jamie,88,,71=,Leigh,109
73,Hugh,86,,73,Catriona,107
74=,Euan,81,,74,Rachel,106
74=,Gerard,81,,75,Morag,102
76,Sean,77,,76,Kirsten,98
77,Wayne,76,,77,Kirsteen,97
78=,Adam,75,,78,Katrina,96
78=,Calum,75,,79,Joanna,94
80,Alasdair,72,,80,Lynsey,92
81,Robin,70,,81=,Cheryl,91
82,Greig,69,,81=,Debbie,91
83,Angus,67,,83,Maureen,90
84,Russell,64,,84,Janet,88
85,Cameron,58,,85=,Aileen,87
86,Roderick,56,,85=,Arlene,87
87,Norman,54,,85=,Zoe,87
88,Murray,52,,88,Lindsay,86
89,Gareth,50,,89,Stephanie,84
90=,Dean,49,,90,Judith,82
90=,Eric,49,,91,Mandy,79
92=,Adrian,46,,92=,Jillian,78
92=,Gregor,46,,92=,Mhairi,78
94,Samuel,44,,94=,Barbara,75
95,Gerald,42,,94=,Carolyn,75
96,Henry,39,,96=,Gayle,74
97,Justin,38,,96=,Maria,74
98,Benjamin,37,,96=,Valerie,74
99,Shaun,36,,99=,Christina,73
100=,Callum,35,,99=,Marion,73
100=,Campbell,35,,101,Frances,72
100=,Frank,35,,102,Michele,67
100=,Roy,35,,103,Lynda,66
100=,Timothy,35,,104=,Eileen,65
105=,Glen,32,,104=,Janice,65
105=,Marcus,32,,106=,Kathryn,61
107=,Hamish,31,,106=,Kim,61
107=,Niall,31,,108=,Allison,60
109,Barrie,30,,108=,Julia,60
110,Liam,29,,110=,Alexandra,59
111=,Brendan,28,,110=,Mairi,59
111=,Terence,28,,112,Irene,58
113=,Greg,26,,113,Rhona,57
113=,Leslie,26,,114=,Carole,55
113=,Lindsay,26,,114=,Katherine,55
113=,Trevor,26,,116=,Kelly,54
113=,Vincent,26,,116=,Nichola,54
118=,Christian,25,,118,Anna,53
118=,Lewis,25,,119=,Jean,52
118=,Rory,25,,119=,Lucy,52
121=,Antony,24,,119=,Rebecca,52
121=,Fergus,24,,119=,Sally,52
121=,Roger,24,,119=,Teresa,52
124=,Arthur,23,,124=,Adele,50
124=,Dominic,23,,124=,Lindsey,50
124=,Ewen,23,,124=,Natalie,50
124=,Jon,23,,124=,Sara,50
128,Owen,22,,128,Lyn,48
129=,Gregory,21,,129,Ashley,47
129=,Jeffrey,21,,130=,Brenda,45
131,Terry,20,,130=,Moira,45
132=,Damian,19,,132,Rosemary,44
132=,Geoffrey,19,,133=,Dianne,43
132=,Harry,19,,133=,Kay,43
132=,Walter,19,,135=,Eleanor,42
136=,Bernard,18,,135=,June,42
136=,Desmond,18,,137=,Geraldine,40
136=,Jack,18,,137=,Marianne,40
139=,Aaron,17,,139=,Beverley,39
139=,Archibald,17,,139=,Evelyn,39
139=,Blair,17,,141,Leanne,38
139=,Jeremy,17,,142=,Kirstie,37
139=,Nathan,17,,142=,Theresa,37
144=,Alister,16,,144=,Agnes,36
144=,Dale,16,,144=,Charlotte,36
144=,Dylan,16,,144=,Joan,36
144=,Glenn,16,,144=,Sheila,36
144=,Julian,16,,148=,Clair,34
144=,Leon,16,,148=,Hilary,34
150=,Allen,15,,148=,Jayne,34
150=,Martyn,15,,148=,Sonia,34
150=,Nigel,15,,148=,Vivienne,34
153=,Alisdair,14,,153=,Carla,33
153=,Denis,14,,153=,Ellen,33
153=,Drew,14,,153=,Emily,33
153=,Evan,14,,153=,Morven,33
153=,Phillip,14,,157=,Debra,32
158=,Frazer,13,,157=,Janette,32
158=,Guy,13,,159=,Gaynor,31
158=,Laurence,13,,159=,Rachael,31
158=,Lawrence,13,,159=,Veronica,31
158=,Magnus,13,,159=,Vicky,31
163=,Crawford,12,,163=,Colette,30
163=,Finlay,12,,163=,Lyndsay,30
163=,Frederick,12,,163=,Maxine,30
163=,Gregg,12,,163=,Nicole,30
163=,Karl,12,,163=,Sonya,30
163=,Kerr,12,,163=,Susanne,30
163=,Mohammed,12,,169=,Alice,29
163=,Rodney,12,,169=,Georgina,29
163=,Victor,12,,169=,Sheena,29
172=,Carl,11,,172=,Leona,28
172=,Daryl,11,,172=,Tanya,28
172=,Don,11,,174=,Annette,27
172=,Edwin,11,,174=,Joyce,27
172=,Erik,11,,176=,Ailsa,26
172=,Grahame,11,,176=,Avril,26
172=,Ivan,11,,176=,Iona,26
172=,Kyle,11,,176=,Isobel,26
172=,Leigh,11,,176=,Josephine,26
172=,Lorne,11,,176=,Kimberley,26
172=,Maurice,11,,176=,Sylvia,26
172=,Murdo,11,,183=,Lara,24
172=,Nicolas,11,,183=,Linzi,24
172=,Steve,11,,183=,Siobhan,24
186=,Allister,10,,183=,Vanessa,24
186=,Clark,10,,187=,Bernadette,23
186=,Darran,10,,187=,Natasha,23
186=,Dennis,10,,189,Monica,22
186=,Elliot,10,,190=,Esther,21
186=,Leonard,10,,190=,Hayley,21
186=,Nairn,10,,190=,Isabella,21
186=,Scot,10,,190=,Rose,21
186=,Stefan,10,,190=,Roslyn,21
186=,Toby,10,,190=,Tara,21
186=,Warren,10,,196=,Adrienne,20
197=,Billy,9,,196=,Carrie,20
197=,Clive,9,,196=,Isabel,20
197=,Damien,9,,196=,Jan,20
197=,Louis,9,,196=,Janine,20
197=,Mohammad,9,,196=,Justine,20
197=,Neill,9,,196=,Kirstin,20
197=,Noel,9,,196=,Norma,20
197=,Ralph,9,,196=,Rona,20
197=,Sandy,9,,196=,Shelley,20
206=,Albert,8,,206=,Anne-Marie,19
206=,Alun,8,,206=,Cara,19
206=,Brett,8,,206=,Eilidh,19
206=,Clifford,8,,206=,Grace,19
206=,Eoin,8,,206=,Gwen,19
206=,Glyn,8,,206=,Isla,19
206=,Imran,8,,206=,Vikki,19
206=,Ivor,8,,213=,Deirdre,18
206=,Johnathan,8,,213=,Elspeth,18
206=,Kevan,8,,213=,Faye,18
206=,Neal,8,,213=,Joy,18
206=,Oliver,8,,213=,Kara,18
206=,Robbie,8,,213=,Louisa,18
206=,Roland,8,,213=,Naomi,18
206=,Stanley,8,,213=,Rosalind,18
221=,Aidan,7,,213=,Vicki,18
221=,Antonio,7,,222=,Amy,17
221=,Austin,7,,222=,Hannah,17
221=,Bradley,7,,222=,Heidi,17
221=,Cornelius,7,,222=,Leah,17
221=,Darrin,7,,222=,Lee-Ann,17
221=,Derrick,7,,222=,Lyndsey,17
221=,Innes,7,,222=,Rhonda,17
221=,Kristian,7,,229=,Anita,16
221=,Lachlan,7,,229=,Annie,16
221=,Mathew,7,,229=,April,16
221=,Moray,7,,229=,Charmaine,16
221=,Nicol,7,,229=,Dorothy,16
221=,Shane,7,,229=,Lynsay,16
221=,Tony,7,,229=,Nadine,16
236=,Brent,6,,229=,Penny,16
236=,Findlay,6,,229=,Sharron,16
236=,Forbes,6,,229=,Stacey,16
236=,Gilbert,6,,239=,Charlene,15
236=,Giles,6,,239=,Collette,15
236=,Jay,6,,239=,Corinne,15
236=,Kelvin,6,,239=,Kate,15
236=,Leighton,6,,239=,Katharine,15
236=,Marco,6,,239=,Kerri,15
236=,Omar,6,,239=,Kerrie,15
236=,Roddy,6,,239=,Linsey,15
236=,Tom,6,,239=,Marjorie,15
248=,Abdul,5,,239=,Melissa,15
248=,Alfred,5,,249=,Helena,14
248=,Alick,5,,249=,Jeanette,14
248=,Ashley,5,,249=,Marlene,14
248=,Bryce,5,,249=,Miranda,14
248=,Conrad,5,,249=,Roseann,14
248=,Darryl,5,,254=,Alana,13
248=,Eugene,5,,254=,Anthea,13
248=,Harold,5,,254=,Morna,13
248=,Harvey,5,,257=,Andrina,12
248=,Hector,5,,257=,Carol-Ann,12
248=,Jody,5,,257=,Doreen,12
248=,Kieran,5,,257=,Juliet,12
248=,Kirk,5,,257=,Lauren,12
248=,Kris,5,,257=,Nina,12
248=,Marshall,5,,257=,Nyree,12
248=,Muhammad,5,,257=,Sarah-Jane,12
248=,Ramsay,5,,257=,Sharlene,12
248=,Ray,5,,257=,Simone,12
248=,Rodger,5,,267=,Beverly,11
248=,Seumas,5,,267=,Cindy,11
248=,Tommy,5,,267=,Diana,11
248=,Wai,5,,267=,Dionne,11
271=,Alex,4,,267=,Jacquelyn,11
271=,Ali,4,,267=,Jenny,11
271=,Andrea,4,,267=,Johanne,11
271=,Archie,4,,267=,Margo,11
271=,Daren,4,,267=,Marina,11
271=,Derick,4,,267=,Nancy,11
271=,Gideon,4,,267=,Trudy,11
271=,Jan,4,,267=,Vivien,11
271=,Juan,4,,267=,Wilma,11
271=,Kerry,4,,280=,Abigail,10
271=,Kieron,4,,280=,Alexis,10
271=,Luke,4,,280=,Alyson,10
271=,Lyall,4,,280=,Angie,10
271=,Manus,4,,280=,Ann-Marie,10
271=,Marvin,4,,280=,Annmarie,10
271=,Morgan,4,,280=,Belinda,10
271=,Muir,4,,280=,Carolann,10
271=,Myles,4,,280=,Carolanne,10
271=,Ronnie,4,,280=,Eva,10
271=,Rowan,4,,280=,Eve,10
271=,Rupert,4,,280=,Glenda,10
271=,Spencer,4,,280=,Johanna,10
271=,Stephan,4,,280=,Karin,10
271=,Struan,4,,280=,Kellie,10
271=,Torquil,4,,280=,Loraine,10
271=,Wallace,4,,280=,Lynette,10
297=,Aftab,3,,280=,Nadia,10
297=,Alain,3,,280=,Penelope,10
297=,Alec,3,,280=,Roberta,10
297=,Alvin,3,,280=,Tina,10
297=,Anton,3,,301=,Gael,9
297=,Arran,3,,301=,Gina,9
297=,Arron,3,,301=,Ingrid,9
297=,Austen,3,,301=,Lea,9
297=,Aynsley,3,,301=,Marjory,9
297=,Benedict,3,,301=,Miriam,9
297=,Chad,3,,301=,Philippa,9
297=,Chun,3,,301=,Senga,9
297=,Clarke,3,,301=,Shonagh,9
297=,Damon,3,,301=,Sophie,9
297=,Danny,3,,311=,Catrina,8
297=,Darron,3,,311=,Claudine,8
297=,Declan,3,,311=,Constance,8
297=,Deryck,3,,311=,Edith,8
297=,Edmond,3,,311=,Erica,8
297=,Edmund,3,,311=,Katriona,8
297=,Jacob,3,,311=,Keli,8
297=,Johnston,3,,311=,Keri,8
297=,Keiron,3,,311=,Kristina,8
297=,Kennedy,3,,311=,Laurie,8
297=,Khalil,3,,311=,Lucinda,8
297=,Kristofer,3,,311=,Mari,8
297=,Laurie,3,,311=,Marlyn,8
297=,Lloyd,3,,311=,Olivia,8
297=,Mario,3,,311=,Paulene,8
297=,Max,3,,311=,Selina,8
297=,Maxwell,3,,311=,Seonaid,8
297=,Mitchell,3,,311=,Vivian,8
297=,Morris,3,,311=,Williamina,8
297=,Nathaniel,3,,330=,Alexandria,7
297=,Naveed,3,,330=,Angeline,7
297=,Neville,3,,330=,Antonia,7
297=,Nickolas,3,,330=,Bridget,7
297=,Piers,3,,330=,Candice,7
297=,Quentin,3,,330=,Carolyne,7
297=,Rennie,3,,330=,Cherie,7
297=,Reuben,3,,330=,Colleen,7
297=,Riccardo,3,,330=,Connie,7
297=,Roberto,3,,330=,Daniella,7
297=,Ruaraidh,3,,330=,Francesca,7
297=,Ruaridh,3,,330=,Gwendoline,7
297=,Stefano,3,,330=,Jessie,7
297=,Symon,3,,330=,Jocelyn,7
297=,Tobias,3,,330=,Judy,7
297=,Todd,3,,330=,Karina,7
346=,Abid,2,,330=,Kaye,7
346=,Adnan,2,,330=,Kimberly,7
346=,Aeneas,2,,330=,Lee-Anne,7
346=,Aiden,2,,330=,Lillian,7
346=,Ainslie,2,,330=,Marian,7
346=,Ajay,2,,330=,Martha,7
346=,Alessandro,2,,330=,May,7
346=,Alyn,2,,330=,Roisin,7
346=,Anderson,2,,330=,Shelagh,7
346=,Andre,2,,330=,Sophia,7
346=,Ashok,2,,330=,Susanna,7
346=,Asif,2,,357=,Aimee,6
346=,Atholl,2,,357=,Amanda-Jane,6
346=,Bjorn,2,,357=,Amber,6
346=,Brandon,2,,357=,Beth,6
346=,Brydon,2,,357=,Caren,6
346=,Bryn,2,,357=,Claudia,6
346=,Caine,2,,357=,Corrine,6
346=,Calvin,2,,357=,Euphemia,6
346=,Carlo,2,,357=,Jessica,6
346=,Ceri,2,,357=,Katie,6
346=,Chris,2,,357=,Leeanne,6
346=,Christien,2,,357=,Leila,6
346=,Claudio,2,,357=,Lilian,6
346=,Clayton,2,,357=,Liza,6
346=,Clint,2,,357=,Madeleine,6
346=,Connell,2,,357=,Marcia,6
346=,Cyril,2,,357=,Maree,6
346=,Damion,2,,357=,Marilyn,6
346=,Darin,2,,357=,Marisa,6
346=,Dario,2,,357=,Myra,6
346=,Darroch,2,,357=,Olga,6
346=,Deryk,2,,357=,Sasha,6
346=,Dirk,2,,357=,Sharleen,6
346=,Donovan,2,,357=,Sian,6
346=,Dustin,2,,357=,Sonja,6
346=,Eamonn,2,,357=,Tammy,6
346=,Edgar,2,,357=,Tania,6
346=,Elliott,2,,357=,Teri,6
346=,Elton,2,,357=,Tessa,6
346=,Emlyn,2,,357=,Toni,6
346=,Eoghan,2,,357=,Tricia,6
346=,Erlend,2,,357=,Yasmin,6
346=,Farooq,2,,389=,Alexa,5
346=,Garth,2,,389=,Amelia,5
346=,Geoff,2,,389=,Andrena,5
346=,Gerrard,2,,389=,Annabel,5
346=,Gerry,2,,389=,Annemarie,5
346=,Giancarlo,2,,389=,Arleen,5
346=,Gidon,2,,389=,Carmen,5
346=,Grierson,2,,389=,Cecilia,5
346=,Hamilton,2,,389=,Chloe,5
346=,Hans,2,,389=,Corrie,5
346=,Hendry,2,,389=,Dana,5
346=,Howard,2,,389=,Danielle,5
346=,Irvine,2,,389=,Davina,5
346=,Jaimie,2,,389=,Deanne,5
346=,Jarad,2,,389=,Elisabeth,5
346=,Jayson,2,,389=,Elise,5
346=,Jean,2,,389=,Estelle,5
346=,Jeff,2,,389=,Florence,5
346=,Jerome,2,,389=,Francine,5
346=,Joel,2,,389=,Georgia,5
346=,Jude,2,,389=,Henrietta,5
346=,Kane,2,,389=,Jade,5
346=,Karan,2,,389=,Jeanie,5
346=,Karim,2,,389=,Jo-Anne,5
346=,Kashif,2,,389=,Jody,5
346=,Keiran,2,,389=,Julie-Ann,5
346=,Kendon,2,,389=,Juliette,5
346=,Kent,2,,389=,Kareen,5
346=,Kwok,2,,389=,Kirstine,5
346=,Laith,2,,389=,Kristeen,5
346=,Lauchlan,2,,389=,Lana,5
346=,Leo,2,,389=,Leigh-Ann,5
346=,Leyton,2,,389=,Lesley-Ann,5
346=,Lindsey,2,,389=,Leslie,5
346=,Logan,2,,389=,Linsay,5
346=,Lorn,2,,389=,Lois,5
346=,Lyle,2,,389=,Lucie,5
346=,Mason,2,,389=,Lucille,5
346=,Mervyn,2,,389=,Madeline,5
346=,Michel,2,,389=,Marnie,5
346=,Mubarak,2,,389=,Nora,5
346=,Mungo,2,,389=,Noreen,5
346=,Murdoch,2,,389=,Rae,5
346=,Nathanael,2,,389=,Rhoda,5
346=,Neall,2,,389=,Robyn,5
346=,Nickie,2,,389=,Sacha,5
346=,Nicky,2,,389=,Sandie,5
346=,Nikki,2,,389=,Sheryl,5
346=,Nikolas,2,,389=,Shiona,5
346=,Paolo,2,,389=,Sinead,5
346=,Perry,2,,389=,Stella,5
346=,Ranald,2,,389=,Una,5
346=,Rehan,2,,389=,Vari,5
346=,Ricky,2,,389=,Violet,5
346=,Rikki,2,,389=,Zara,5
346=,Ritchie,2,,444=,Ailie,4
346=,Rizwan,2,,444=,Alaine,4
346=,Robertson,2,,444=,Alanna,4
346=,Roderic,2,,444=,Allyson,4
346=,Rolf,2,,444=,Andria,4
346=,Ronan,2,,444=,Bianca,4
346=,Rowland,2,,444=,Billie,4
346=,Sam,2,,444=,Caireen,4
346=,Scotland,2,,444=,Carol-Anne,4
346=,Seth,2,,444=,Caron,4
346=,Shahid,2,,444=,Cathleen,4
346=,Shakeel,2,,444=,Christian,4
346=,Sidney,2,,444=,Coleen,4
346=,Sinclair,2,,444=,Dennise,4
346=,Sonny,2,,444=,Donalda,4
346=,Taylor,2,,444=,Evonne,4
346=,Tin,2,,444=,Fay,4
346=,Tomas,2,,444=,Harriet,4
346=,Travis,2,,444=,Holly,4
346=,Tristan,2,,444=,Janie,4
346=,Vernon,2,,444=,Janis,4
346=,Vince,2,,444=,Jenifer,4
346=,Waheed,2,,444=,Jodi,4
346=,Waseem,2,,444=,Johann,4
346=,Wei,2,,444=,Karan,4
346=,Wilson,2,,444=,Kari,4
346=,Yan,2,,444=,Katy,4
346=,Zak,2,,444=,Keira,4
472=,Aamir,1,,444=,Kristine,4
472=,Abdullahi,1,,444=,Layla,4
472=,Abdulrazak,1,,444=,Leeann,4
472=,Abraham,1,,444=,Leigh-Anne,4
472=,Adebayo,1,,444=,Leonora,4
472=,Adel,1,,444=,Lianne,4
472=,Adrain,1,,444=,Lindy,4
472=,Adriano,1,,444=,Lynnette,4
472=,Ahmad,1,,444=,Marissa,4
472=,Ahmed,1,,444=,Marsha,4
472=,Aidon,1,,444=,Megan,4
472=,Ajeet,1,,444=,Monique,4
472=,Al-Motamid,1,,444=,Nicolette,4
472=,Alaistair,1,,444=,Norah,4
472=,Alberto,1,,444=,Phyllis,4
472=,Aldo,1,,444=,Rhian,4
472=,Aldous,1,,444=,Rosaleen,4
472=,Alen,1,,444=,Rosalyn,4
472=,Alexandre,1,,444=,Rosemarie,4
472=,Alfredo,1,,444=,Rowan,4
472=,Alisteir,1,,444=,Saira,4
472=,Allon,1,,444=,Shauna,4
472=,Alton,1,,444=,Shazia,4
472=,Alwyn,1,,444=,Stacy,4
472=,Aman,1,,444=,Susannah,4
472=,Amanda,1,,444=,Tamara,4
472=,Amato,1,,444=,Terri,4
472=,Amir,1,,444=,Terry,4
472=,Amit,1,,444=,Therese,4
472=,Amitabha,1,,444=,Trudi,4
472=,Amos,1,,444=,Vanda,4
472=,Anand,1,,444=,Verity,4
472=,Anant,1,,444=,Vickie,4
472=,Anastasi,1,,444=,Wanda,4
472=,Anastasio,1,,444=,Yvette,4
472=,Anastasios,1,,444=,Zoey,4
472=,Andres,1,,508=,Adeline,3
472=,Angel,1,,508=,Aimi,3
472=,Angelo,1,,508=,Ainsley,3
472=,Anil,1,,508=,Ainslie,3
472=,Anjam,1,,508=,Alexandrina,3
472=,Anjum,1,,508=,Anastasia,3
472=,Ann,1,,508=,Anna-Marie,3
472=,Antonius,1,,508=,Annabell,3
472=,Anwar,1,,508=,Camilla,3
472=,Aonghas,1,,508=,Carina,3
472=,Aonghus,1,,508=,Carly,3
472=,Aqif,1,,508=,Catherina,3
472=,Ardene,1,,508=,Cathryn,3
472=,Ardle,1,,508=,Charis,3
472=,Ari,1,,508=,Charlaine,3
472=,Arif,1,,508=,Corinna,3
472=,Arlyn,1,,508=,Corrina,3
472=,Armando,1,,508=,Cristina,3
472=,Armond,1,,508=,Darlene,3
472=,Arne,1,,508=,Debora,3
472=,Arnout,1,,508=,Delia,3
472=,Arol,1,,508=,Della,3
472=,Aron,1,,508=,Dona,3
472=,Aroon,1,,508=,Elena,3
472=,Arshid,1,,508=,Elinor,3
472=,Arvid,1,,508=,Emma-Jane,3
472=,Arvind,1,,508=,Eunice,3
472=,Asa,1,,508=,Felicity,3
472=,Asad,1,,508=,Fionnuala,3
472=,Asaf,1,,508=,Gabrielle,3
472=,Asam,1,,508=,Gloria,3
472=,Ashiqhusein,1,,508=,Greer,3
472=,Ashwani,1,,508=,Ilene,3
472=,Asrar,1,,508=,Imogen,3
472=,Athol,1,,508=,Iris,3
472=,Avees,1,,508=,Ishbel,3
472=,Ayham,1,,508=,Jeannette,3
472=,Ayokoladele,1,,508=,Jemima,3
472=,Ayron,1,,508=,Jilly,3
472=,Azzam,1,,508=,Joann,3
472=,Balfour,1,,508=,Johan,3
472=,Balraj,1,,508=,Julie-Anne,3
472=,Barbara,1,,508=,Karla,3
472=,Barnabas,1,,508=,Karra,3
472=,Barron,1,,508=,Karyn,3
472=,Bartholomew,1,,508=,Katrine,3
472=,Basil,1,,508=,Kelley,3
472=,Bassam,1,,508=,Kelli,3
472=,Bayne,1,,508=,Kerry-Anne,3
472=,Ben-John,1,,508=,Kirsta,3
472=,Bengiman,1,,508=,Kirstien,3
472=,Benoit,1,,508=,Krista,3
472=,Bernardo,1,,508=,Kristen,3
472=,Bevan,1,,508=,Kristi,3
472=,Bill,1,,508=,Kristian,3
472=,Bllal,1,,508=,Krysia,3
472=,Blythe,1,,508=,Kyra,3
472=,Bobby,1,,508=,Leann,3
472=,Brad,1,,508=,Leanna,3
472=,Brant,1,,508=,Lena,3
472=,Brook,1,,508=,Leza,3
472=,Bryden,1,,508=,Liana,3
472=,Byram,1,,508=,Lisa-Marie,3
472=,Byron,1,,508=,Lorette,3
472=,Caleb,1,,508=,Lydia,3
472=,Callam,1,,508=,Mairead,3
472=,Carey,1,,508=,Martina,3
472=,Carol,1,,508=,Muriel,3
472=,Carreen,1,,508=,Parveen,3
472=,Cary,1,,508=,Pauleen,3
472=,Casey,1,,508=,Polly,3
472=,Cathorne,1,,508=,Rania,3
472=,Chae,1,,508=,Rita,3
472=,Charanjeev,1,,508=,Rosanne,3
472=,Che,1,,508=,Samantha-Jane,3
472=,Chee,1,,508=,Shane,3
472=,Chi,1,,508=,Sharlyn,3
472=,Chincdu,1,,508=,Sheelagh,3
472=,Christan,1,,508=,Sheona,3
472=,Christie,1,,508=,Sheree,3
472=,Christos,1,,508=,Suzanna,3
472=,Chrys,1,,508=,Suzy,3
472=,Chu,1,,508=,Thea,3
472=,Churnthoor,1,,508=,Tonya,3
472=,Ciaran,1,,508=,Vera,3
472=,Ciaron,1,,508=,Yuen,3
472=,Ciobhan,1,,594=,Alena,2
472=,Claus,1,,594=,Alix,2
472=,Cliff,1,,594=,Allana,2
472=,Clinton,1,,594=,Allanna,2
472=,Colan,1,,594=,Alma,2
472=,Coll,1,,594=,Angelina,2
472=,Collin,1,,594=,Anji,2
472=,Colum,1,,594=,Annamarie,2
472=,Con,1,,594=,Anneli,2
472=,Connor,1,,594=,Annelise,2
472=,Corey,1,,594=,Antoinette,2
472=,Corin,1,,594=,Ava,2
472=,Cormac,1,,594=,Averil,2
472=,Corren,1,,594=,Ayshea,2
472=,Cowan,1,,594=,Bernice,2
472=,Craige,1,,594=,Betsy,2
472=,Cullen,1,,594=,Betty,2
472=,Daiman,1,,594=,Briony,2
472=,Daljit,1,,594=,Bushra,2
472=,Dall,1,,594=,Cali,2
472=,Dameon,1,,594=,Carey,2
472=,Damyon,1,,594=,Cari,2
472=,Danga,1,,594=,Carolan,2
472=,Danielle,1,,594=,Carolina,2
472=,Darius,1,,594=,Carolynn,2
472=,Daron,1,,594=,Carrie-Anne,2
472=,Darrel,1,,594=,Carron,2
472=,Darrell,1,,594=,Catharine,2
472=,Darryll,1,,594=,Celeste,2
472=,Darryn,1,,594=,Celia,2
472=,Davide,1,,594=,Celine,2
472=,Davidson,1,,594=,Ceri,2
472=,Davinder,1,,594=,Chelsey,2
472=,Davud,1,,594=,Cherelle,2
472=,Davyd,1,,594=,Cherry,2
472=,Dawson,1,,594=,Cheryll,2
472=,Dax,1,,594=,Choi,2
472=,Del,1,,594=,Chrisma,2
472=,Dell,1,,594=,Clarissa,2
472=,Denver,1,,594=,Clayre,2
472=,Dermot,1,,594=,Clea,2
472=,Derry,1,,594=,Coreen,2
472=,Derryl,1,,594=,Cornelia,2
472=,Derryn,1,,594=,Courtney,2
472=,Diarmid,1,,594=,Dagmar,2
472=,Diauddin,1,,594=,Daniela,2
472=,Dick,1,,594=,Debbi,2
472=,Diego,1,,594=,Desiree,2
472=,Dino,1,,594=,Dian,2
472=,Dion,1,,594=,Donella,2
472=,Dolan,1,,594=,Donna-Marie,2
472=,Domenico,1,,594=,Dorcas,2
472=,Domenyk,1,,594=,Elisabetta,2
472=,Donn,1,,594=,Eliza,2
472=,Donnie,1,,594=,Elma,2
472=,Donny,1,,594=,Eloise,2
472=,Dorian,1,,594=,Elsa,2
472=,Dorino,1,,594=,Elsie,2
472=,Dougal,1,,594=,Emer,2
472=,Dowell,1,,594=,Erika,2
472=,Duane,1,,594=,Esme,2
472=,Dugald,1,,594=,Faith,2
472=,Dulip,1,,594=,Farhat,2
472=,Dylaan,1,,594=,Fionna,2
472=,Eamon,1,,594=,Flora,2
472=,Ean,1,,594=,Freya,2
472=,Earl,1,,594=,Gay,2
472=,Eben,1,,594=,Giulia,2
472=,Edoardino,1,,594=,Gwendolyn,2
472=,Efeoni,1,,594=,Haley,2
472=,Egidio,1,,594=,Hebah,2
472=,Eiichi,1,,594=,Helene,2
472=,El,1,,594=,Hellen,2
472=,Elgin,1,,594=,Heloise,2
472=,Ellis,1,,594=,Hester,2
472=,Eloson,1,,594=,Ilona,2
472=,Emmanuel,1,,594=,Ina,2
472=,Emran,1,,594=,Inga,2
472=,Emrys,1,,594=,Ivonne,2
472=,Eoghann,1,,594=,Jackie,2
472=,Erkan,1,,594=,Jacqualine,2
472=,Erl,1,,594=,Janeen,2
472=,Ernest,1,,594=,Jaqueline,2
472=,Erwin,1,,594=,Jasmine,2
472=,Esmond,1,,594=,Jeanne,2
472=,Ewing,1,,594=,Jemma,2
472=,Fabio,1,,594=,Jennie,2
472=,Feargus,1,,594=,Jo,2
472=,Felix,1,,594=,Jo-Ann,2
472=,Ferzund,1,,594=,Jodie,2
472=,Finbar,1,,594=,John,2
472=,Finley,1,,594=,Joni,2
472=,Fionn,1,,594=,Julianne,2
472=,Francesco,1,,594=,Karen-Louise,2
472=,Francisco,1,,594=,Karis,2
472=,Francois,1,,594=,Karlyn,2
472=,Frankie,1,,594=,Karrie,2
472=,Frazier,1,,594=,Katheryn,2
472=,Fu,1,,594=,Kathrine,2
472=,Gabriel,1,,594=,Kelda,2
472=,Galen,1,,594=,Kellie-Ann,2
472=,Gallvin,1,,594=,Kirstene,2
472=,Gardner,1,,594=,Kirsti,2
472=,Garreth,1,,594=,Kirstina,2
472=,Garry-John,1,,594=,Kirstyn,2
472=,Gawad,1,,594=,Kwai,2
472=,Geore,1,,594=,Kylie,2
472=,Georges,1,,594=,Kym,2
472=,Georgio,1,,594=,Laila,2
472=,Gerarde,1,,594=,Larissa,2
472=,Gerhard,1,,594=,Larraine,2
472=,Gethin,1,,594=,Lauraine,2
472=,Ghassan,1,,594=,Lea-Anne,2
472=,Gianni,1,,594=,Leaona,2
472=,Gillan,1,,594=,Leesa,2
472=,Gilmour,1,,594=,Lenore,2
472=,Ginno,1,,594=,Leoni,2
472=,Gino,1,,594=,Letitia,2
472=,Giovanni,1,,594=,Li,2
472=,Glynn,1,,594=,Liane,2
472=,Godfrey,1,,594=,Lily,2
472=,Grainger,1,,594=,Ling,2
472=,Greggory,1,,594=,Linzie,2
472=,Gren,1,,594=,Lissa,2
472=,Grigor,1,,594=,Lizanne,2
472=,Guido,1,,594=,Lorena,2
472=,Gurbal,1,,594=,Loretta,2
472=,Gurchinchel,1,,594=,Lucia,2
472=,Gurhimmat,1,,594=,Luisa,2
472=,Gurjeet,1,,594=,Luise,2
472=,Gurkimat,1,,594=,Lynore,2
472=,Gurmeet,1,,594=,Madelaine,2
472=,Gurvinder,1,,594=,Maeve,2
472=,Gustavus,1,,594=,Maggie,2
472=,Gwion,1,,594=,Mai,2
472=,Haitham,1,,594=,Marcella,2
472=,Hani,1,,594=,Margot,2
472=,Hardeep,1,,594=,Marie-Ann,2
472=,Hassan,1,,594=,Marney,2
472=,Hatim,1,,594=,Marni,2
472=,Heather,1,,594=,Marrianne,2
472=,Hedley,1,,594=,Maryann,2
472=,Hilton,1,,594=,Maryanne,2
472=,Himesh,1,,594=,Maryjane,2
472=,Hitesh,1,,594=,Matilda,2
472=,Hoi-Yuen,1,,594=,Maura,2
472=,Hoy,1,,594=,Maya,2
472=,Hsin,1,,594=,Meave,2
472=,Hui,1,,594=,Mellissa,2
472=,Hussain,1,,594=,Meredith,2
472=,Hytham,1,,594=,Mhari,2
472=,Ifeatu,1,,594=,Michaela,2
472=,Iffor,1,,594=,Mona,2
472=,Ilya,1,,594=,Moyra,2
472=,Imeobong,1,,594=,Mylene,2
472=,Imtiaz,1,,594=,Nan,2
472=,Iqbal,1,,594=,Narelle,2
472=,Isaac,1,,594=,Nathalie,2
472=,Isabirye,1,,594=,Nazia,2
472=,Ishar,1,,594=,Nicki,2
472=,Islay,1,,594=,Nickola,2
472=,Ivy,1,,594=,Nicolla,2
472=,Jackie,1,,594=,Nicolle,2
472=,Jackson,1,,594=,Nikki,2
472=,Jaco,1,,594=,Nirmal,2
472=,Jade,1,,594=,Nisha,2
472=,Jagan,1,,594=,Nuala,2
472=,Jagdeep,1,,594=,Pamella,2
472=,Janet,1,,594=,Paul,2
472=,Jardine,1,,594=,Petra,2
472=,Jarno,1,,594=,Petrina,2
472=,Jasbir,1,,594=,Rachelle,2
472=,Jasen,1,,594=,Raelene,2
472=,Jasjeet,1,,594=,Rebekah,2
472=,Jaspal,1,,594=,Reena,2
472=,Jaspar,1,,594=,Rena,2
472=,Jatinder,1,,594=,Renee,2
472=,Javaid,1,,594=,Rhea,2
472=,Jean-Baptiste,1,,594=,Robert,2
472=,Jedd,1,,594=,Robina,2
472=,Jeffery,1,,594=,Romila,2
472=,Jeremiah,1,,594=,Rosalin,2
472=,Jeroen-Hans,1,,594=,Rosamund,2
472=,Jerry,1,,594=,Rosanna,2
472=,Jesse,1,,594=,Roseanne,2
472=,Jim,1,,594=,Rosslyn,2
472=,Jimmy,1,,594=,Rosslynn,2
472=,Jimsheed,1,,594=,Rowena,2
472=,Joao,1,,594=,Rupinder,2
472=,Jodie,1,,594=,Sadie,2
472=,Joe,1,,594=,Saima,2
472=,Johan,1,,594=,Salma,2
472=,Johann,1,,594=,Samina,2
472=,John-Paul,1,,594=,Selena,2
472=,Johnny,1,,594=,Serena,2
472=,Jojeph,1,,594=,Shabana,2
472=,Jonathon,1,,594=,Shaheen,2
472=,Jonson,1,,594=,Shameem,2
472=,Jose,1,,594=,Sharan,2
472=,Josep-Ramon,1,,594=,Shareen,2
472=,Joshua,1,,594=,Sharren,2
472=,Joss,1,,594=,Sherry,2
472=,Jreen,1,,594=,Sorcha,2
472=,Judd,1,,594=,Stephannie,2
472=,Julie,1,,594=,Stroma,2
472=,Julyan,1,,594=,Tammie,2
472=,Jusbunt,1,,594=,Tasneem,2
472=,Justine,1,,594=,Thomasina,2
472=,Ka,1,,594=,Tracie,2
472=,Ka-Poon,1,,594=,Ursula,2
472=,Kahl,1,,594=,Uzma,2
472=,Kai,1,,594=,Wai,2
472=,Kaleem,1,,594=,Winifred,2
472=,Kam,1,,594=,Yolanda,2
472=,Kameldeed,1,,594=,Yolande,2
472=,Kamran,1,,594=,Zandra,2
472=,Kari,1,,810=,Aalia,1
472=,Kayhan,1,,810=,Abadah,1
472=,Kearan,1,,810=,Abbey,1
472=,Kee,1,,810=,Abida,1
472=,Keenan,1,,810=,Ada,1
472=,Keir,1,,810=,Adalaine,1
472=,Kelly,1,,810=,Adalbjorg,1
472=,Kelman,1,,810=,Adel,1
472=,Kenny,1,,810=,Adelaide,1
472=,Kenrick,1,,810=,Adelle,1
472=,Kern,1,,810=,Aditi,1
472=,Kevyn,1,,810=,Adriana,1
472=,Khalid,1,,810=,Adrianne,1
472=,Ki,1,,810=,Afshan,1
472=,Kia,1,,810=,Ailaidh,1
472=,Kiain,1,,810=,Aimie,1
472=,Kier,1,,810=,Ainnia,1
472=,Kieren,1,,810=,Aisha,1
472=,King,1,,810=,Aisling,1
472=,Kiran,1,,810=,Alain,1
472=,Knok,1,,810=,Alex,1
472=,Ko,1,,810=,Alexine,1
472=,Konrad,1,,810=,Ali,1
472=,Koon,1,,810=,Alicia,1
472=,Kristen,1,,810=,Alienor,1
472=,Kristin,1,,810=,Aline,1
472=,Kristopher,1,,810=,Alisa,1
472=,Kulbant,1,,810=,Alisha,1
472=,Kuldeep,1,,810=,Alissa,1
472=,Kuldip,1,,810=,Alka,1
472=,Kurt,1,,810=,Allene,1
472=,Kurt-Gordon,1,,810=,Almanda,1
472=,Kwasi,1,,810=,Alona,1
472=,Kyles,1,,810=,Alvina,1
472=,Laine,1,,810=,Alvise,1
472=,Laura,1,,810=,Alwyn,1
472=,Lauren,1,,810=,Ama,1
472=,Laurent,1,,810=,Amand,1
472=,Lauri,1,,810=,Amanda-Jayne,1
472=,Laychlan,1,,810=,Amat-Ul,1
472=,Lea,1,,810=,Amita,1
472=,Lee-William,1,,810=,Ana,1
472=,Leevi,1,,810=,Anabel,1
472=,Lelio,1,,810=,Andreana,1
472=,Lenord,1,,810=,Andreena,1
472=,Lesley,1,,810=,Andrewina,1
472=,Levi,1,,810=,Andriena,1
472=,Liaqat,1,,810=,Andrinna,1
472=,Linn,1,,810=,Andromeda,1
472=,Linsay,1,,810=,Andwina,1
472=,Lipton,1,,810=,Aneela,1
472=,Lisle,1,,810=,Aness,1
472=,Lister,1,,810=,Angelene,1
472=,Littlesky,1,,810=,Angelia,1
472=,Loaie,1,,810=,Angelique,1
472=,Logie,1,,810=,Angelita,1
472=,Lorenzo,1,,810=,Angelle,1
472=,Lorraine,1,,810=,Angharad,1
472=,Loumont,1,,810=,Anisa,1
472=,Luigi,1,,810=,Anja,1
472=,Luis,1,,810=,Anjim,1
472=,Luiz,1,,810=,Anna-Katrina,1
472=,Madunil,1,,810=,Anna-Lise,1
472=,Majad,1,,810=,Anna-Louise,1
472=,Maksymilian,1,,810=,Anna-Maria,1
472=,Malkeet,1,,810=,Annabella,1
472=,Man,1,,810=,Annalee,1
472=,Mandeep,1,,810=,Annaline,1
472=,Manmath,1,,810=,Annamaria,1
472=,Mansel,1,,810=,Annavore,1
472=,Mansoor,1,,810=,Anndreana,1
472=,Manuel,1,,810=,Anneliese,1
472=,Maqsood,1,,810=,Ansley,1
472=,Marcello,1,,810=,Anupam,1
472=,Marcos,1,,810=,Anwar,1
472=,Marek,1,,810=,Anya,1
472=,Marin,1,,810=,Ara,1
472=,Marino,1,,810=,Areena,1
472=,Marjus,1,,810=,Arianne,1
472=,Markos,1,,810=,Arlane,1
472=,Marl,1,,810=,Arlenne,1
472=,Marvan,1,,810=,Arlette,1
472=,Marvyn,1,,810=,Arline,1
472=,Mary,1,,810=,Arona,1
472=,Masood,1,,810=,Arshaluse,1
472=,Matt,1,,810=,Ase-Kristin,1
472=,Maurizio,1,,810=,Aseeia,1
472=,Mazhar,1,,810=,Asfia,1
472=,Mcnamara,1,,810=,Asha,1
472=,Melville,1,,810=,Ashleigh,1
472=,Melvin,1,,810=,Ashlene,1
472=,Methven,1,,810=,Ashley-Jo,1
472=,Micah,1,,810=,Asma,1
472=,Michal,1,,810=,Asra,1
472=,Michele,1,,810=,Astrid,1
472=,Michelle,1,,810=,Atinuke,1
472=,Miguel,1,,810=,Aubren,1
472=,Miles,1,,810=,Audra,1
472=,Milo,1,,810=,Autumn,1
472=,Mirza,1,,810=,Ayeshea,1
472=,Mitchel,1,,810=,Ayse,1
472=,Moazzam,1,,810=,Azra,1
472=,Modan,1,,810=,Babette,1
472=,Mohd,1,,810=,Bade,1
472=,Montgomery,1,,810=,Baltit,1
472=,Morrison,1,,810=,Balwinder,1
472=,Moses,1,,810=,Barbara-Anne,1
472=,Moufid,1,,810=,Barbra,1
472=,Muctarr,1,,810=,Beatrice,1
472=,Mugahid,1,,810=,Benedicte,1
472=,Mukendi,1,,810=,Bernardette,1
472=,Mukesh,1,,810=,Beverlee,1
472=,Munnuwar,1,,810=,Bhupinder,1
472=,Muro,1,,810=,Bianca-Louise,1
472=,Mustapha,1,,810=,Bibiana,1
472=,Nabil,1,,810=,Bik,1
472=,Nadeem,1,,810=,Billie-Jo,1
472=,Naeeh,1,,810=,Bilquis,1
472=,Naeem,1,,810=,Blyth,1
472=,Navin,1,,810=,Bobbie,1
472=,Naweed,1,,810=,Bonetta,1
472=,Nazar,1,,810=,Bonnie,1
472=,Neacal,1,,810=,Bozena,1
472=,Neale,1,,810=,Brandy,1
472=,Neel,1,,810=,Breigh,1
472=,Neilson,1,,810=,Brian,1
472=,Nevil,1,,810=,Bridgene,1
472=,Nicola,1,,810=,Brigid,1
472=,Nicolo,1,,810=,Bronia,1
472=,Niel,1,,810=,Brooke,1
472=,Nikolaos,1,,810=,Bryony,1
472=,Ninian,1,,810=,Buffy,1
472=,Nirmaljit,1,,810=,Cailinn,1
472=,Nishal,1,,810=,Caira,1
472=,Noah,1,,810=,Cairan,1
472=,Noureddine,1,,810=,Cameille,1
472=,Nwachukwu,1,,810=,Campbell,1
472=,O'neill,1,,810=,Candy,1
472=,Obumneme,1,,810=,Cara-Louise,1
472=,Odaro,1,,810=,Cara-Lyn,1
472=,Odin,1,,810=,Caralyn,1
472=,Ogilvy,1,,810=,Caralynn,1
472=,Olaf,1,,810=,Carean,1
472=,Olivier,1,,810=,Carene,1
472=,Omer,1,,810=,Carianne,1
472=,Orest,1,,810=,Carin,1
472=,Orlando,1,,810=,Carla-Anne,1
472=,Ormond,1,,810=,Carlanne,1
472=,Orpheus,1,,810=,Carlene,1
472=,Osman,1,,810=,Carli,1
472=,Otis-Chen,1,,810=,Carlin,1
472=,Oyvind,1,,810=,Carlina,1
472=,Pallab,1,,810=,Carlyn,1
472=,Pamela,1,,810=,Carlynn,1
472=,Parvez,1,,810=,Carn,1
472=,Pasquale,1,,810=,Carri,1
472=,Paulo,1,,810=,Carrianne,1
472=,Pegasus,1,,810=,Carrie-Ann,1
472=,Petter,1,,810=,Carriean,1
472=,Phil,1,,810=,Carthagena,1
472=,Pierce,1,,810=,Caryann,1
472=,Piero,1,,810=,Caryll,1
472=,Pierre,1,,810=,Caryn,1
472=,Pietro,1,,810=,Carys,1
472=,Polo,1,,810=,Casfa,1
472=,Pravin,1,,810=,Cassandra,1
472=,Quillan,1,,810=,Caterina,1
472=,Quintin,1,,810=,Catherin,1
472=,Rae,1,,810=,Cathlene,1
472=,Raeph,1,,810=,Catina,1
472=,Ragbir,1,,810=,Catreona,1
472=,Rahul,1,,810=,Catrine,1
472=,Rainer,1,,810=,Catrona,1
472=,Rajesh,1,,810=,Catronia,1
472=,Rajiv,1,,810=,Caulette,1
472=,Ramesh,1,,810=,Cecile,1
472=,Ramon,1,,810=,Celesbial,1
472=,Rana,1,,810=,Chaitali,1
472=,Randy,1,,810=,Chanel,1
472=,Ranjit,1,,810=,Chantal,1
472=,Rashid,1,,810=,Charelle,1
472=,Rauri,1,,810=,Charissa,1
472=,Raymund,1,,810=,Charity,1
472=,Reagan,1,,810=,Charlanne,1
472=,Reay,1,,810=,Charline,1
472=,Redmond,1,,810=,Charmian,1
472=,Reece,1,,810=,Charni,1
472=,Reese,1,,810=,Chau,1
472=,Rene,1,,810=,Cheri,1
472=,Rex,1,,810=,Cherise,1
472=,Reynard,1,,810=,Cherris,1
472=,Reza,1,,810=,Cheryline,1
472=,Rhoderick,1,,810=,Chevan,1
472=,Rhys,1,,810=,Chiara,1
472=,Rian,1,,810=,Chrisann,1
472=,Richie,1,,810=,Chrisanna,1
472=,Ritchard,1,,810=,Chrisanne,1
472=,Robb,1,,810=,Chrissie,1
472=,Robbi,1,,810=,Christan,1
472=,Robertjohn,1,,810=,Christeen,1
472=,Rodden,1,,810=,Christel,1
472=,Rodrick,1,,810=,Christene,1
472=,Rohan,1,,810=,Christianne,1
472=,Rohit,1,,810=,Christy,1
472=,Romolo,1,,810=,Ciona,1
472=,Roope,1,,810=,Cirsty,1
472=,Rorie,1,,810=,Claddia,1
472=,Rowalan,1,,810=,Claire-Marie,1
472=,Royston,1,,810=,Clara,1
472=,Ruairi,1,,810=,Clare-Ann,1
472=,Ruairidh,1,,810=,Clementine,1
472=,Russ,1,,810=,Cleonie,1
472=,Russel,1,,810=,Clinton,1
472=,Ryan-John,1,,810=,Clionagh,1
472=,Ryan-Lee,1,,810=,Colina,1
472=,Sacha,1,,810=,Cora,1
472=,Saddiq,1,,810=,Coral,1
472=,Sajid,1,,810=,Coralie,1
472=,Saleem,1,,810=,Coralynne,1
472=,Samarendra,1,,810=,Cordeilla,1
472=,Samir,1,,810=,Cori,1
472=,Sanders,1,,810=,Corina,1
472=,Sanjay,1,,810=,Corley,1
472=,Saqib,1,,810=,Correen,1
472=,Sarah,1,,810=,Correne,1
472=,Sarfraz,1,,810=,Corrinna,1
472=,Sargon,1,,810=,Cory,1
472=,Sarmed,1,,810=,Cyndie,1
472=,Sasid,1,,810=,Cynthia,1
472=,Saul,1,,810=,Cyrena,1
472=,Sccott,1,,810=,Daen,1
472=,Sebastian,1,,810=,Daisy,1
472=,Sebastien,1,,810=,Dale,1
472=,Sergio,1,,810=,Dalia,1
472=,Shabir,1,,810=,Danielia,1
472=,Shadi,1,,810=,Daria,1
472=,Shafiq,1,,810=,Darice,1
472=,Shahad,1,,810=,Darla,1
472=,Shahed,1,,810=,Darlaine,1
472=,Shahied,1,,810=,Darleen,1
472=,Shahriar,1,,810=,Daunne,1
472=,Shakel,1,,810=,David,1
472=,Shamim,1,,810=,Davidina,1
472=,Sharon,1,,810=,Dawn-Maree,1
472=,Shawn,1,,810=,Dawna,1
472=,Shazad,1,,810=,Dawne,1
472=,Sheamus,1,,810=,Dawnmarie,1
472=,Shehzad,1,,810=,Dawnna,1
472=,Sheikh,1,,810=,Deaonne,1
472=,Sheldon,1,,810=,Debbie-Anne,1
472=,Shibley,1,,810=,Deborah-Ann,1
472=,Shirlaw,1,,810=,Dee,1
472=,Shuan,1,,810=,Deeba,1
472=,Shuyeb,1,,810=,Deidre,1
472=,Siddharta,1,,810=,Deirdrie,1
472=,Siegfried,1,,810=,Delanie,1
472=,Silas,1,,810=,Delphine,1
472=,Silver,1,,810=,Delyth,1
472=,Simpson,1,,810=,Dena,1
472=,Sing,1,,810=,Denice,1
472=,Sion,1,,810=,Denize,1
472=,Sleem,1,,810=,Denyse,1
472=,Solomon,1,,810=,Derna,1
472=,Somhairle,1,,810=,Desirae,1
472=,Soumit,1,,810=,Devinder,1
472=,Stacey,1,,810=,Deziree,1
472=,Stachick,1,,810=,Diahann,1
472=,Stephane,1,,810=,Dietke,1
472=,Stevan,1,,810=,Dina,1
472=,Stevenson,1,,810=,Dineo,1
472=,Stevie,1,,810=,Dione,1
472=,Stuard,1,,810=,Dominica,1
472=,Sufian,1,,810=,Dominie,1
472=,Suhail,1,,810=,Donagh,1
472=,Sun,1,,810=,Donald,1
472=,Sunil,1,,810=,Donijka,1
472=,Suoud,1,,810=,Donna-Louise,1
472=,Sven,1,,810=,Doranne,1
472=,Syed,1,,810=,Doris,1
472=,Tabussam,1,,810=,Dorna,1
472=,Tad,1,,810=,Dulsie,1
472=,Tai,1,,810=,Dvanessa,1
472=,Talal,1,,810=,Dyanne,1
472=,Tam,1,,810=,Easter,1
472=,Tamer,1,,810=,Ebony,1
472=,Tanapant,1,,810=,Ebru,1
472=,Tanvir,1,,810=,Edain,1
472=,Tarek,1,,810=,Edele,1
472=,Tariq,1,,810=,Edwina,1
472=,Tarl,1,,810=,Eenbar,1
472=,Tarun,1,,810=,Eila,1
472=,Tegan,1,,810=,Eilaine,1
472=,Teginder,1,,810=,Eilanda,1
472=,Terrance,1,,810=,Ekpeleamaka,1
472=,Thabit,1,,810=,Elaina,1
472=,Theo,1,,810=,Elayne,1
472=,Thiseas,1,,810=,Eleanora,1
472=,Thor,1,,810=,Elenore,1
472=,Thorfinn,1,,810=,Eleonor,1
472=,Tino,1,,810=,Elishia,1
472=,Tjeerd,1,,810=,Elissa,1
472=,Tolulope,1,,810=,Elizabeth-Ann,1
472=,Toshi,1,,810=,Elizabeth-Anne,1
472=,Tracey,1,,810=,Ella,1
472=,Trebor,1,,810=,Ellieh,1
472=,Trent,1,,810=,Ellison,1
472=,Trygve,1,,810=,Eloisa,1
472=,Tulsa,1,,810=,Els,1
472=,Tyrone,1,,810=,Elspet,1
472=,Umar,1,,810=,Elyse,1
472=,Valentine,1,,810=,Ema,1
472=,Vikash,1,,810=,Eman,1
472=,Vilyen,1,,810=,Emilia,1
472=,Wael,1,,810=,Emma-Jay,1
472=,Waheedur,1,,810=,Emma-Louise,1
472=,Waleed,1,,810=,Emmeline,1
472=,Wam,1,,810=,Encarnita,1
472=,Wanachak,1,,810=,Erin,1
472=,Warner,1,,810=,Ester,1
472=,Warrick,1,,810=,Etive,1
472=,Wasim,1,,810=,Eutilia,1
472=,Webster,1,,810=,Evette,1
472=,Weir,1,,810=,Fadelma,1
472=,Welsh,1,,810=,Faheem,1
472=,Weru,1,,810=,Fahmeeda,1
472=,Wesley,1,,810=,Faiqa,1
472=,Weston,1,,810=,Farah,1
472=,Wilbs,1,,810=,Farat,1
472=,Wilfred,1,,810=,Farhana,1
472=,Willis,1,,810=,Fatemah,1
472=,Wing,1,,810=,Fehmeeda,1
472=,Winston,1,,810=,Felicia,1
472=,Wlaoyslaw,1,,810=,Ferdosh,1
472=,Woon,1,,810=,Feriah,1
472=,Wun,1,,810=,Ferlin,1
472=,Xavier,1,,810=,Finan,1
472=,Yanik,1,,810=,Fionn,1
472=,Yannis,1,,810=,Foye,1
472=,Yaser,1,,810=,Frances-Anne,1
472=,Yasir,1,,810=,Francetta,1
472=,Yasser,1,,810=,Freda,1
472=,Yazan,1,,810=,Freyja,1
472=,Yosof,1,,810=,Frosoulla,1
472=,Younis,1,,810=,Fyona,1
472=,Yuk,1,,810=,Gala,1
472=,Yun,1,,810=,Gale,1
472=,Zack,1,,810=,Garveen,1
472=,Zadjil,1,,810=,Gary,1
472=,Zahid,1,,810=,Gaye,1
472=,Zain,1,,810=,Gaylene,1
472=,Zakary,1,,810=,Gayner,1
472=,Zander,1,,810=,Gaynore,1
472=,Zeeshan,1,,810=,Geeta,1
472=,Zen,1,,810=,Gemma,1
472=,Zeonard,1,,810=,Genene,1
472=,Zi,1,,810=,Genista,1
472=,Ziah,1,,810=,George,1
472=,Zowie,1,,810=,Georgette,1
,,,,810=,Georgine,1
,,,,810=,Geradine,1
,,,,810=,Geraldene,1
,,,,810=,Gerda,1
,,,,810=,Germana,1
,,,,810=,Ghzala,1
,,,,810=,Gillianesther,1
,,,,810=,Gilliann,1
,,,,810=,Giselle,1
,,,,810=,Giuliana,1
,,,,810=,Gladys,1
,,,,810=,Glenys,1
,,,,810=,Glynis,1
,,,,810=,Glynnis,1
,,,,810=,Gordina,1
,,,,810=,Grainne,1
,,,,810=,Gudrun,1
,,,,810=,Gullniz,1
,,,,810=,Gulseren,1
,,,,810=,Gwenne,1
,,,,810=,Gwyneth,1
,,,,810=,Hailey,1
,,,,810=,Hamsa,1
,,,,810=,Hania,1
,,,,810=,Hanne,1
,,,,810=,Harjean,1
,,,,810=,Harjinder,1
,,,,810=,Harminder,1
,,,,810=,Hazel-Ann,1
,,,,810=,Heather-Mairi,1
,,,,810=,Heathermay,1
,,,,810=,Hedda,1
,,,,810=,Heidi-Louise,1
,,,,810=,Heleanor,1
,,,,810=,Helga,1
,,,,810=,Hellinska,1
,,,,810=,Hilda,1
,,,,810=,Hilde,1
,,,,810=,Hind,1
,,,,810=,Hollie,1
,,,,810=,Homa,1
,,,,810=,Honey,1
,,,,810=,Honor,1
,,,,810=,Hsuehmei,1
,,,,810=,Ianswythe,1
,,,,810=,Idell,1
,,,,810=,Ifeoma,1
,,,,810=,Ilana,1
,,,,810=,Ilham,1
,,,,810=,Illona,1
,,,,810=,Ilse,1
,,,,810=,Imelda,1
,,,,810=,Immacolata,1
,,,,810=,Imose,1
,,,,810=,Inderjit,1
,,,,810=,Inge,1
,,,,810=,Ingeborg,1
,,,,810=,Innes,1
,,,,810=,Iram,1
,,,,810=,Irena,1
,,,,810=,Irenie,1
,,,,810=,Isabell,1
,,,,810=,Ishabel,1
,,,,810=,Islaen,1
,,,,810=,Islay,1
,,,,810=,Isolde,1
,,,,810=,Ivy,1
,,,,810=,Jacinta,1
,,,,810=,Jackalyn,1
,,,,810=,Jackeline,1
,,,,810=,Jackson,1
,,,,810=,Jacquelynn,1
,,,,810=,Jacqui,1
,,,,810=,Jagdeep,1
,,,,810=,Jagmfet,1
,,,,810=,Jaine,1
,,,,810=,Jaklyn,1
,,,,810=,Jamesina,1
,,,,810=,Jan-Marie,1
,,,,810=,Jane-Marie,1
,,,,810=,Janeane,1
,,,,810=,Janeeta,1
,,,,810=,Janetta,1
,,,,810=,Janey,1
,,,,810=,Janferie,1
,,,,810=,Janka,1
,,,,810=,Jaqualine,1
,,,,810=,Jasmina,1
,,,,810=,Jaswant,1
,,,,810=,Jean-Marie,1
,,,,810=,Jeanna,1
,,,,810=,Jeannie,1
,,,,810=,Jena,1
,,,,810=,Jenda,1
,,,,810=,Jenefer,1
,,,,810=,Jeneth,1
,,,,810=,Jenna,1
,,,,810=,Jennyfer,1
,,,,810=,Jessa,1
,,,,810=,Jetta,1
,,,,810=,Jhovana,1
,,,,810=,Jinny,1
,,,,810=,Jinty,1
,,,,810=,Joanna-Marie,1
,,,,810=,Joannah,1
,,,,810=,Joanne-Lee,1
,,,,810=,Jocasta,1
,,,,810=,Jodhi,1
,,,,810=,Joe-Ann,1
,,,,810=,Johane,1
,,,,810=,Johcelian,1
,,,,810=,Johnann,1
,,,,810=,Johnanna,1
,,,,810=,Jolanda,1
,,,,810=,Jolene,1
,,,,810=,Jorie,1
,,,,810=,Joseph,1
,,,,810=,Joy-Ann,1
,,,,810=,Jozann,1
,,,,810=,Jude,1
,,,,810=,Juli,1
,,,,810=,Julian,1
,,,,810=,Julianna,1
,,,,810=,Juniper,1
,,,,810=,Ka,1
,,,,810=,Kae,1
,,,,810=,Kaera,1
,,,,810=,Kairo,1
,,,,810=,Kama,1
,,,,810=,Kamaljit,1
,,,,810=,Kandy,1
,,,,810=,Karen-Ann,1
,,,,810=,Karena,1
,,,,810=,Karima,1
,,,,810=,Karine,1
,,,,810=,Karleen,1
,,,,810=,Karlene,1
,,,,810=,Karlin,1
,,,,810=,Karne,1
,,,,810=,Karolyn,1
,,,,810=,Karon,1
,,,,810=,Karren,1
,,,,810=,Karrien,1
,,,,810=,Kasha,1
,,,,810=,Katarina,1
,,,,810=,Katerina,1
,,,,810=,Katey,1
,,,,810=,Katha,1
,,,,810=,Kathlene,1
,,,,810=,Kathy,1
,,,,810=,Kati,1
,,,,810=,Katrien,1
,,,,810=,Katrinaa,1
,,,,810=,Katryn,1
,,,,810=,Katya,1
,,,,810=,Kavil,1
,,,,810=,Kawal,1
,,,,810=,Keeley,1
,,,,810=,Keir,1
,,,,810=,Kelly-Anne,1
,,,,810=,Kemi,1
,,,,810=,Kendal,1
,,,,810=,Kendra,1
,,,,810=,Kenna,1
,,,,810=,Kereen,1
,,,,810=,Keren,1
,,,,810=,Kerena,1
,,,,810=,Kerky,1
,,,,810=,Kerra,1
,,,,810=,Kerray,1
,,,,810=,Kerray-Anne,1
,,,,810=,Kerri-Ann,1
,,,,810=,Kerrie-Ann,1
,,,,810=,Kerryann,1
,,,,810=,Kerstin,1
,,,,810=,Keziah,1
,,,,810=,Khadine,1
,,,,810=,Kiasty,1
,,,,810=,Killian,1
,,,,810=,Kimber,1
,,,,810=,Kira,1
,,,,810=,Kirstein,1
,,,,810=,Kirstey,1
,,,,810=,Kirstin-Shona,1
,,,,810=,Kirsty-Ann,1
,,,,810=,Kiva,1
,,,,810=,Kjersti,1
,,,,810=,Klventh,1
,,,,810=,Korena,1
,,,,810=,Krischa,1
,,,,810=,Kristan,1
,,,,810=,Kristy,1
,,,,810=,Krysta,1
,,,,810=,Kulveer,1
,,,,810=,Kyla,1
,,,,810=,Kymberley,1
,,,,810=,Lada,1
,,,,810=,Ladyemma,1
,,,,810=,Lalainia,1
,,,,810=,Lalita,1
,,,,810=,Laraine,1
,,,,810=,Larna,1
,,,,810=,Lasuru,1
,,,,810=,Latifa,1
,,,,810=,Laura-Ann,1
,,,,810=,Laura-Jane,1
,,,,810=,Laura-Jo,1
,,,,810=,Laurae,1
,,,,810=,Laurena,1
,,,,810=,Lauri,1
,,,,810=,Laurn,1
,,,,810=,Laurna,1
,,,,810=,Lavinia,1
,,,,810=,Layna,1
,,,,810=,Leagh,1
,,,,810=,Leanda,1
,,,,810=,Leanor,1
,,,,810=,Leasa,1
,,,,810=,Leeanna,1
,,,,810=,Leeon,1
,,,,810=,Lefona,1
,,,,810=,Leighann,1
,,,,810=,Leisha,1
,,,,810=,Lela,1
,,,,810=,Lene,1
,,,,810=,Lenel,1
,,,,810=,Leonna,1
,,,,810=,Leore,1
,,,,810=,Lesa,1
,,,,810=,Lesley-Anne,1
,,,,810=,Lesleyann,1
,,,,810=,Lesleyanne,1
,,,,810=,Lewelle,1
,,,,810=,Lezza,1
,,,,810=,Lian,1
,,,,810=,Liann,1
,,,,810=,Licia,1
,,,,810=,Lidia,1
,,,,810=,Lilias,1
,,,,810=,Lillias,1
,,,,810=,Liming,1
,,,,810=,Lina,1
,,,,810=,Lindsay-Anne,1
,,,,810=,Lindsaye,1
,,,,810=,Lindsy,1
,,,,810=,Linette,1
,,,,810=,Linn,1
,,,,810=,Linzey,1
,,,,810=,Lisa-Claire,1
,,,,810=,Lisette,1
,,,,810=,Lola,1
,,,,810=,Lorain,1
,,,,810=,Lorainne,1
,,,,810=,Loramay,1
,,,,810=,Loran,1
,,,,810=,Lorelle,1
,,,,810=,Loren,1
,,,,810=,Lori,1
,,,,810=,Lori-Ann,1
,,,,810=,Lori-Leigh,1
,,,,810=,Loriane,1
,,,,810=,Lorianne,1
,,,,810=,Lorinda,1
,,,,810=,Lorna-Anne,1
,,,,810=,Lorrell,1
,,,,810=,Lotus,1
,,,,810=,Louis,1
,,,,810=,Louisina,1
,,,,810=,Louisse,1
,,,,810=,Lousise,1
,,,,810=,Luan,1
,,,,810=,Lubnina,1
,,,,810=,Luciene,1
,,,,810=,Lucilla,1
,,,,810=,Luna,1
,,,,810=,Luthien,1
,,,,810=,Lyanne,1
,,,,810=,Lyndel,1
,,,,810=,Lyndie,1
,,,,810=,Lyne,1
,,,,810=,Lynelle,1
,,,,810=,Lynn-Maree,1
,,,,810=,Lynsie,1
,,,,810=,Ma,1
,,,,810=,Mabel,1
,,,,810=,Macarena,1
,,,,810=,Machala,1
,,,,810=,Madelene,1
,,,,810=,Madelyn,1
,,,,810=,Madge,1
,,,,810=,Madia,1
,,,,810=,Maegan,1
,,,,810=,Magda,1
,,,,810=,Magda-Mor,1
,,,,810=,Magdalena,1
,,,,810=,Mahri,1
,,,,810=,Maibi,1
,,,,810=,Maida,1
,,,,810=,Maimoona,1
,,,,810=,Mairi-Clare,1
,,,,810=,Mairi-Joanne,1
,,,,810=,Mairianne,1
,,,,810=,Malina,1
,,,,810=,Malina-Louise,1
,,,,810=,Malize,1
,,,,810=,Mamtaz,1
,,,,810=,Man,1
,,,,810=,Manal,1
,,,,810=,Manda,1
,,,,810=,Manjit,1
,,,,810=,Manuela,1
,,,,810=,Maomi,1
,,,,810=,Mara,1
,,,,810=,Marcell,1
,,,,810=,Marcillena,1
,,,,810=,Marcina,1
,,,,810=,Marellen,1
,,,,810=,Maretta,1
,,,,810=,Margarot,1
,,,,810=,Margrethe,1
,,,,810=,Marguerite,1
,,,,810=,Mari-Ann,1
,,,,810=,Mari-Claire,1
,,,,810=,Mariah,1
,,,,810=,Mariana,1
,,,,810=,Marianna,1
,,,,810=,Marica,1
,,,,810=,Maricia,1
,,,,810=,Marie-Anne,1
,,,,810=,Marie-Antoinett,1
,,,,810=,Marie-Claire,1
,,,,810=,Marie-Karen,1
,,,,810=,Marie-Louise,1
,,,,810=,Mariesha,1
,,,,810=,Mariessa,1
,,,,810=,Marilynn,1
,,,,810=,Marise,1
,,,,810=,Marisha,1
,,,,810=,Marjie,1
,,,,810=,Marla,1
,,,,810=,Marleen,1
,,,,810=,Marnee,1
,,,,810=,Marny,1
,,,,810=,Marrianna,1
,,,,810=,Marrica,1
,,,,810=,Marrissa,1
,,,,810=,Marsa,1
,,,,810=,Marsali,1
,,,,810=,Marshalee,1
,,,,810=,Martell,1
,,,,810=,Martine-Anne,1
,,,,810=,Martyne,1
,,,,810=,Marwa,1
,,,,810=,Mary-Ann,1
,,,,810=,Mary-Anne,1
,,,,810=,Mary-Frances,1
,,,,810=,Marylee,1
,,,,810=,Maryth,1
,,,,810=,Maud,1
,,,,810=,Maunika,1
,,,,810=,Me,1
,,,,810=,Meaghan,1
,,,,810=,Mei,1
,,,,810=,Mel,1
,,,,810=,Melainie,1
,,,,810=,Melanie-Jane,1
,,,,810=,Melina,1
,,,,810=,Melinda,1
,,,,810=,Melisa,1
,,,,810=,Melodie,1
,,,,810=,Melody-Anne,1
,,,,810=,Melona,1
,,,,810=,Melonie,1
,,,,810=,Melony,1
,,,,810=,Melysa,1
,,,,810=,Merle,1
,,,,810=,Merren,1
,,,,810=,Merrilie,1
,,,,810=,Mhairi-Clair,1
,,,,810=,Michael,1
,,,,810=,Michaelle,1
,,,,810=,Mieke,1
,,,,810=,Mignonne,1
,,,,810=,Mildred,1
,,,,810=,Millicent,1
,,,,810=,Min,1
,,,,810=,Mina,1
,,,,810=,Ming,1
,,,,810=,Minna,1
,,,,810=,Minnie,1
,,,,810=,Mira,1
,,,,810=,Mirelle,1
,,,,810=,Mirissa,1
,,,,810=,Mirrisa,1
,,,,810=,Misa,1
,,,,810=,Moonie,1
,,,,810=,Mora,1
,,,,810=,Morissa,1
,,,,810=,Muala,1
,,,,810=,Munaza,1
,,,,810=,Murdette,1
,,,,810=,Murdina,1
,,,,810=,Musarat,1
,,,,810=,Mutch,1
,,,,810=,Myriam,1
,,,,810=,Nabdia,1
,,,,810=,Nageen,1
,,,,810=,Nahala,1
,,,,810=,Nahla,1
,,,,810=,Nalane,1
,,,,810=,Nanakee,1
,,,,810=,Nanditha,1
,,,,810=,Nanvula,1
,,,,810=,Nanze,1
,,,,810=,Narene,1
,,,,810=,Nargus,1
,,,,810=,Narinder,1
,,,,810=,Nasira,1
,,,,810=,Nasreen,1
,,,,810=,Natalina,1
,,,,810=,Naureen,1
,,,,810=,Navkiran,1
,,,,810=,Naziah,1
,,,,810=,Nazma,1
,,,,810=,Nazzra,1
,,,,810=,Neeltje,1
,,,,810=,Neerja,1
,,,,810=,Neiliann,1
,,,,810=,Nerissa,1
,,,,810=,Ngairi,1
,,,,810=,Nhairi,1
,,,,810=,Nicholina,1
,,,,810=,Nicoletta,1
,,,,810=,Nikola,1
,,,,810=,Nirvana,1
,,,,810=,Nita,1
,,,,810=,Noel,1
,,,,810=,Noeleen,1
,,,,810=,Noha,1
,,,,810=,Nolwenn,1
,,,,810=,Noorjehan,1
,,,,810=,Noreena,1
,,,,810=,Norianne,1
,,,,810=,Norma-Jean,1
,,,,810=,Nosheen,1
,,,,810=,Nova,1
,,,,810=,Noveljit,1
,,,,810=,Novzha,1
,,,,810=,Nusarut,1
,,,,810=,Nuzhat,1
,,,,810=,Odette,1
,,,,810=,Oenone,1
,,,,810=,Oi,1
,,,,810=,Oisin,1
,,,,810=,Olive,1
,,,,810=,Olufunmilayo,1
,,,,810=,Olwyn,1
,,,,810=,Omaira,1
,,,,810=,Omanda,1
,,,,810=,On,1
,,,,810=,Oonagh,1
,,,,810=,Orainne,1
,,,,810=,Orla,1
,,,,810=,Oyenmwen,1
,,,,810=,Pamala,1
,,,,810=,Pamela-Ann,1
,,,,810=,Paola,1
,,,,810=,Parisa,1
,,,,810=,Patsy-Ann,1
,,,,810=,Paula-Ann,1
,,,,810=,Paulla,1
,,,,810=,Pendel,1
,,,,810=,Perdita,1
,,,,810=,Peri,1
,,,,810=,Pervein,1
,,,,810=,Pesar,1
,,,,810=,Peter,1
,,,,810=,Petre,1
,,,,810=,Philomena,1
,,,,810=,Pilar,1
,,,,810=,Pippa,1
,,,,810=,Pollyanna,1
,,,,810=,Prabjote,1
,,,,810=,Preetpal,1
,,,,810=,Priscilla,1
,,,,810=,Pritpal,1
,,,,810=,Priya,1
,,,,810=,Pui,1
,,,,810=,Pui-Wan,1
,,,,810=,Puja,1
,,,,810=,Pulwander,1
,,,,810=,Rabeea,1
,,,,810=,Rabhia,1
,,,,810=,Rabia,1
,,,,810=,Rabiah,1
,,,,810=,Radha,1
,,,,810=,Raechel,1
,,,,810=,Raihat,1
,,,,810=,Raina,1
,,,,810=,Rajdip,1
,,,,810=,Rajwant,1
,,,,810=,Rakhi,1
,,,,810=,Ramona,1
,,,,810=,Raneyah,1
,,,,810=,Rani,1
,,,,810=,Ranjit,1
,,,,810=,Rashelle,1
,,,,810=,Raynald,1
,,,,810=,Razina,1
,,,,810=,Reema,1
,,,,810=,Regan,1
,,,,810=,Rehana,1
,,,,810=,Rekha,1
,,,,810=,Remena,1
,,,,810=,Renay,1
,,,,810=,Rennie,1
,,,,810=,Rhiannon,1
,,,,810=,Rhianwen,1
,,,,810=,Rhowan,1
,,,,810=,Risa,1
,,,,810=,Rita-Teresa,1
,,,,810=,Rna,1
,,,,810=,Rochelle,1
,,,,810=,Rohini,1
,,,,810=,Roistn,1
,,,,810=,Roma,1
,,,,810=,Rosalie,1
,,,,810=,Rosalinde,1
,,,,810=,Rosaline,1
,,,,810=,Rosalynd,1
,,,,810=,Rosalynn,1
,,,,810=,Rosceallia,1
,,,,810=,Rosehelen,1
,,,,810=,Roseleen,1
,,,,810=,Roselyn,1
,,,,810=,Roselynn,1
,,,,810=,Rosheen,1
,,,,810=,Rosie,1
,,,,810=,Roslin,1
,,,,810=,Roslynn,1
,,,,810=,Roslynne,1
,,,,810=,Rossa,1
,,,,810=,Rothnie,1
,,,,810=,Roxanne,1
,,,,810=,Rozan,1
,,,,810=,Rozanne,1
,,,,810=,Rubina,1
,,,,810=,Rubyina,1
,,,,810=,Rusha,1
,,,,810=,Saara,1
,,,,810=,Sabera,1
,,,,810=,Sabina,1
,,,,810=,Sabita,1
,,,,810=,Sabreena,1
,,,,810=,Sabrina,1
,,,,810=,Sadia,1
,,,,810=,Safia,1
,,,,810=,Safiya,1
,,,,810=,Sahar,1
,,,,810=,Sahira,1
,,,,810=,Sahnaz,1
,,,,810=,Saibvhonn,1
,,,,810=,Saifone,1
,,,,810=,Sairah,1
,,,,810=,Sajdah,1
,,,,810=,Sajida,1
,,,,810=,Sajni,1
,,,,810=,Salena,1
,,,,810=,Sally-Anne,1
,,,,810=,Salvina,1
,,,,810=,Sameena,1
,,,,810=,Samera,1
,,,,810=,Samfya,1
,,,,810=,Samima,1
,,,,810=,Sampa,1
,,,,810=,San,1
,,,,810=,Sandrine,1
,,,,810=,Sangeeta,1
,,,,810=,Saphire,1
,,,,810=,Saqib,1
,,,,810=,Sara-Jane,1
,,,,810=,Sara-Louise,1
,,,,810=,Sara-Simone,1
,,,,810=,Sarah-Louise,1
,,,,810=,Sarra,1
,,,,810=,Sarwat,1
,,,,810=,Saskia,1
,,,,810=,Sau,1
,,,,810=,Savannah,1
,,,,810=,Scho,1
,,,,810=,Seana,1
,,,,810=,Seleena,1
,,,,810=,Semra,1
,,,,810=,Sengul,1
,,,,810=,Seobhan,1
,,,,810=,Seona,1
,,,,810=,Seonad,1
,,,,810=,Sereena,1
,,,,810=,Shaaron,1
,,,,810=,Shabnum,1
,,,,810=,Shadha,1
,,,,810=,Shagofta,1
,,,,810=,Shahana,1
,,,,810=,Shahbano,1
,,,,810=,Shaheena,1
,,,,810=,Shaher,1
,,,,810=,Shahnaz,1
,,,,810=,Shahynaz,1
,,,,810=,Shaida,1
,,,,810=,Shaidh,1
,,,,810=,Shaista,1
,,,,810=,Shakeela,1
,,,,810=,Shamiem,1
,,,,810=,Shamshad,1
,,,,810=,Shan,1
,,,,810=,Shanaz,1
,,,,810=,Shann,1
,,,,810=,Shannon,1
,,,,810=,Sharareh,1
,,,,810=,Sharen,1
,,,,810=,Sharmila,1
,,,,810=,Sharon-Anne,1
,,,,810=,Sharyn,1
,,,,810=,Shastha,1
,,,,810=,Shawn,1
,,,,810=,Shawvinder,1
,,,,810=,Shazya,1
,,,,810=,Shebegeni,1
,,,,810=,Shehla,1
,,,,810=,Shelby,1
,,,,810=,Shella,1
,,,,810=,Shelley-Lynn,1
,,,,810=,Shellie,1
,,,,810=,Shelly,1
,,,,810=,Shemina,1
,,,,810=,Shenaz,1
,,,,810=,Shendl,1
,,,,810=,Sherilyn,1
,,,,810=,Sherlee,1
,,,,810=,Sherlen,1
,,,,810=,Sherlene,1
,,,,810=,Sherree,1
,,,,810=,Sherree-Anne,1
,,,,810=,Sherrie,1
,,,,810=,Sheuli,1
,,,,810=,Shibion,1
,,,,810=,Shibon,1
,,,,810=,Shidha,1
,,,,810=,Shing,1
,,,,810=,Shirella,1
,,,,810=,Shirley-Ann,1
,,,,810=,Shivonne,1
,,,,810=,Shobhana,1
,,,,810=,Shoena,1
,,,,810=,Shonag,1
,,,,810=,Shonaid,1
,,,,810=,Shonna,1
,,,,810=,Shuk,1
,,,,810=,Shuna,1
,,,,810=,Sianne,1
,,,,810=,Sigrid,1
,,,,810=,Silvana,1
,,,,810=,Silvia,1
,,,,810=,Sime,1
,,,,810=,Simina,1
,,,,810=,Simonetta,1
,,,,810=,Simonne,1
,,,,810=,Simran,1
,,,,810=,Sindy,1
,,,,810=,Sineaid,1
,,,,810=,Siobhann,1
,,,,810=,Siobhian,1
,,,,810=,Siobhion,1
,,,,810=,Siona,1
,,,,810=,Siubhan,1
,,,,810=,Sky,1
,,,,810=,Skye,1
,,,,810=,Slochna,1
,,,,810=,Soha,1
,,,,810=,Solveig,1
,,,,810=,Solvey,1
,,,,810=,Sonal,1
,,,,810=,Sonje,1
,,,,810=,Sonney,1
,,,,810=,Soreena,1
,,,,810=,Soryia,1
,,,,810=,Stacey-Anne,1
,,,,810=,Stephaney,1
,,,,810=,Stephen,1
,,,,810=,Strathie,1
,,,,810=,Sue,1
,,,,810=,Suheyla,1
,,,,810=,Sujata,1
,,,,810=,Sujatha,1
,,,,810=,Sukhjit,1
,,,,810=,Sukhvinder,1
,,,,810=,Sula,1
,,,,810=,Sultana,1
,,,,810=,Sumana,1
,,,,810=,Suna,1
,,,,810=,Surinder,1
,,,,810=,Surya,1
,,,,810=,Suzan,1
,,,,810=,Suzannah,1
,,,,810=,Suzette,1
,,,,810=,Suzi,1
,,,,810=,Swabat,1
,,,,810=,Sybil,1
,,,,810=,Syma,1
,,,,810=,Tabatha,1
,,,,810=,Tabitha,1
,,,,810=,Tala,1
,,,,810=,Talula,1
,,,,810=,Tamarys,1
,,,,810=,Tamazin,1
,,,,810=,Tammi,1
,,,,810=,Tamsin,1
,,,,810=,Tanera,1
,,,,810=,Tanja,1
,,,,810=,Tanoja,1
,,,,810=,Tansy,1
,,,,810=,Taranty,1
,,,,810=,Tarena,1
,,,,810=,Tarya,1
,,,,810=,Tasmin,1
,,,,810=,Tatum,1
,,,,810=,Tehiroona,1
,,,,810=,Tehmeena,1
,,,,810=,Teinna,1
,,,,810=,Tereen,1
,,,,810=,Thabile,1
,,,,810=,Thanuja,1
,,,,810=,Thariea,1
,,,,810=,Therasia,1
,,,,810=,Theressa,1
,,,,810=,Thomazina,1
,,,,810=,Thona,1
,,,,810=,Tina-Marie,1
,,,,810=,Titilayo,1
,,,,810=,Toby,1
,,,,810=,Tracey-Anne,1
,,,,810=,Tracey-Jane,1
,,,,810=,Tracy-Ann,1
,,,,810=,Trista,1
,,,,810=,Tryphena,1
,,,,810=,Tullia,1
,,,,810=,Tyla,1
,,,,810=,Valma,1
,,,,810=,Vannessa,1
,,,,810=,Vanya,1
,,,,810=,Varri,1
,,,,810=,Vega,1
,,,,810=,Venetia,1
,,,,810=,Venus,1
,,,,810=,Verona,1
,,,,810=,Veronka,1
,,,,810=,Vibeke,1
,,,,810=,Viki,1
,,,,810=,Vinita,1
,,,,810=,Virginia,1
,,,,810=,Viviene,1
,,,,810=,Voianne,1
,,,,810=,Wei,1
,,,,810=,Wendie,1
,,,,810=,Wendy-Anne,1
,,,,810=,Wendy-Jane,1
,,,,810=,William,1
,,,,810=,Wing-Ming,1
,,,,810=,Xanthe,1
,,,,810=,Xenia,1
,,,,810=,Xue,1
,,,,810=,Yael,1
,,,,810=,Yan,1
,,,,810=,Yanina,1
,,,,810=,Yee,1
,,,,810=,Yenyuk,1
,,,,810=,Yesmin,1
,,,,810=,Yip,1
,,,,810=,York,1
,,,,810=,Yuk,1
,,,,810=,Yves,1
,,,,810=,Zahida,1
,,,,810=,Zahidah,1
,,,,810=,Zaida,1
,,,,810=,Zainabu,1
,,,,810=,Zana,1
,,,,810=,Zanic,1
,,,,810=,Zanthea,1
,,,,810=,Zeena,1
,,,,810=,Zeenat,1
,,,,810=,Zeneide,1
,,,,810=,Zenobia,1
,,,,810=,Zeus,1
,,,,810=,Zillah,1
,,,,810=,Zillan,1
,,,,810=,Zinnia,1
,,,,810=,Zita,1
,,,,810=,Zohra,1
,,,,810=,Zoie,1
,,,,810=,Zona,1
,,,,810=,Zorena,1
,,,,810=,Zubaida,1
,,,,810=,Zynisha,1
,,,,,,
� Crown Copyright 2015,,,,,,
