Babies' first forenames: births registered in Scotland in 2002,,,,,,
,,,,,,
Information about the basis of the list can be found via the 'Babies' First Name' page on the National Records of Scotland website.,,,,,,
,,,,,,
Boys,,,,Girls,,
,,,,,,
Position,Name,Number of babies,,Position,Name,Number of babies
1,Jack,854,,1,Chloe,574
2,Lewis,775,,2,Sophie,532
3,Cameron,607,,3,Emma,504
4,Ryan,535,,4,Amy,499
5,James,508,,5,Erin,441
6,Jamie,432,,6,Ellie,423
7,Liam,423,,7,Rachel,401
8,Matthew,417,,8,Lauren,399
9,Ross,407,,9,Megan,397
10,Callum,401,,10,Hannah,378
11,Kyle,390,,11,Rebecca,376
12,Dylan,385,,12,Emily,335
13,Ben,384,,13,Caitlin,331
14,Connor,378,,14,Lucy,327
15,Adam,372,,15,Holly,322
16,Andrew,365,,16,Katie,284
17,Daniel,361,,17,Nicole,252
18=,Kieran,322,,18,Sarah,249
18=,Scott,322,,19,Abbie,246
20,Nathan,317,,20,Morgan,224
21,Michael,310,,21,Niamh,215
22,Aidan,301,,22,Anna,213
23,Joshua,300,,23,Shannon,203
24,Thomas,299,,24,Leah,196
25,David,286,,25,Eilidh,195
26,Alexander,271,,26,Zoe,192
27,Aaron,259,,27,Jessica,189
28,Josh,257,,28,Louise,177
29,Euan,239,,29,Aimee,174
30,John,235,,30,Eve,172
31,Sean,233,,31,Jennifer,170
32,Luke,218,,32,Molly,167
33,Calum,206,,33,Courtney,165
34=,Jordan,205,,34=,Kirsty,153
34=,Robert,205,,34=,Olivia,153
36,Ewan,202,,36,Jade,151
37,Christopher,196,,37,Charlotte,147
38,Mark,186,,38=,Bethany,135
39,Jay,183,,38=,Laura,135
40=,Finlay,182,,40=,Rachael,132
40=,Fraser,182,,40=,Taylor,132
42,Craig,180,,42=,Abby,126
43,William,177,,42=,Cara,126
44=,Declan,171,,44,Abigail,125
44=,Robbie,171,,45,Jodie,122
46,Logan,166,,46,Mia,119
47,Ethan,165,,47,Samantha,117
48,Reece,158,,48=,Beth,114
49,Brandon,153,,48=,Heather,114
50,Samuel,151,,48=,Kayleigh,114
51,Joseph,150,,51,Iona,102
52,Benjamin,143,,52,Stephanie,100
53,Lee,141,,53,Isla,97
54,Sam,138,,54,Robyn,96
55,Owen,136,,55,Melissa,95
56,Rory,129,,56,Georgia,94
57=,Harry,128,,57,Grace,89
57=,Paul,128,,58,Brooke,88
59,Steven,112,,59,Natasha,85
60=,Jake,110,,60=,Caitlyn,82
60=,Shaun,110,,60=,Jenna,82
62=,Blair,102,,62,Amber,81
62=,Max,102,,63,Skye,80
62=,Rhys,102,,64=,Gemma,77
65,Oliver,94,,64=,Hayley,77
66=,Aiden,91,,66,Lisa,75
66=,Taylor,91,,67,Kelsey,73
68,Kai,90,,68,Freya,72
69,Ciaran,88,,69,Natalie,68
70,Gregor,87,,70=,Claire,67
71,Stuart,83,,70=,Danielle,67
72,Dean,81,,72=,Catherine,65
73,Jonathan,80,,72=,Eva,65
74,Stephen,79,,74=,Alice,64
75,Peter,77,,74=,Kayla,64
76=,Angus,76,,76=,Demi,63
76=,Darren,76,,76=,Kate,63
76=,Jason,76,,76=,Paige,63
79,Marc,74,,79,Chelsea,60
80=,Charlie,72,,80=,Ciara,59
80=,Jacob,72,,80=,Nicola,59
82,Conor,71,,82,Hollie,56
83=,Louis,70,,83=,Carly,55
83=,Murray,70,,83=,Elizabeth,55
85,Tyler,67,,83=,Kara,55
86,Kian,66,,86=,Alex,54
87=,Duncan,61,,86=,Rebekah,54
87=,Mohammed,61,,88=,Alicia,53
89,Gary,58,,88=,Kiera,53
90,George,57,,90,Alexandra,52
91=,Arran,55,,91=,Charlie,51
91=,Charles,55,,91=,Elle,51
91=,Patrick,55,,93=,Fiona,50
94,Joe,54,,93=,Kaitlyn,50
95=,Alex,53,,93=,Lara,50
95=,Bradley,53,,93=,Rosie,50
95=,Finn,53,,97=,Catriona,48
95=,Mitchell,53,,97=,Ella,48
99,Leon,51,,99,Carla,47
100,Grant,50,,100=,Cerys,46
101=,Elliot,49,,100=,Eleanor,46
101=,Lucas,49,,102=,Katherine,45
103=,Archie,48,,102=,Kirsten,45
103=,Martin,48,,104=,Chantelle,44
103=,Nicholas,48,,104=,Naomi,44
106,Marcus,47,,106=,Alana,43
107=,Anthony,46,,106=,Ava,43
107=,Kerr,46,,106=,Ellen,43
109,Gavin,45,,106=,Rhiannon,43
110,Iain,44,,110=,Lily,42
111,Evan,43,,110=,Sara,42
112,Hamish,42,,112,Kerry,41
113=,Alistair,41,,113=,Tegan,40
113=,Bailey,41,,113=,Zara,40
115=,Brian,40,,115=,Elise,39
115=,Keir,40,,115=,Millie,39
115=,Niall,40,,115=,Neve,39
115=,Stewart,40,,115=,Victoria,39
115=,Zak,40,,119=,Ashleigh,38
120=,Douglas,39,,119=,Keira,38
120=,Greg,39,,119=,Maria,38
120=,Jude,39,,122,Abbey,37
120=,Kevin,39,,123=,Abbi,36
124,Harris,38,,123=,Ailsa,36
125=,Alan,36,,123=,Alix,36
125=,Brendan,36,,123=,Ashley,36
125=,Fergus,36,,123=,Casey,36
128=,Ian,35,,123=,Imogen,36
128=,Struan,35,,123=,Mhairi,36
130,Cole,34,,123=,Orla,36
131=,Corey,33,,131=,Daisy,35
131=,Danny,33,,131=,Jasmine,35
131=,Leo,33,,133=,Brogan,34
131=,Muhammad,33,,133=,Jemma,34
135=,Alasdair,32,,133=,Katy,34
135=,Brodie,32,,133=,Lois,34
135=,Neil,32,,133=,Morven,34
138=,Dominic,31,,138=,Alisha,33
138=,Glen,31,,138=,Kaitlin,33
138=,Lennon,31,,138=,Kathryn,33
138=,Oscar,31,,138=,Rowan,33
142=,Calvin,30,,142=,Charley,32
142=,Ronan,30,,142=,Toni,32
144=,Drew,29,,144=,Lauryn,31
144=,Gordon,29,,144=,Ruby,31
144=,Tom,29,,146=,Ellis,30
147=,Dillon,28,,146=,Phoebe,30
147=,Gabriel,28,,148=,Amelia,29
147=,Morgan,28,,148=,Rose,29
147=,Ruairidh,28,,150=,Anya,28
151=,Joel,26,,150=,Connie,28
151=,Mohammad,26,,150=,Kacey,28
153=,Harvey,25,,150=,Maisie,28
153=,Keiran,25,,154=,Gabrielle,26
153=,Mason,25,,154=,Kimberley,26
156=,Allan,24,,156=,Ebony,25
156=,Findlay,24,,156=,Hope,25
158=,Caleb,23,,156=,Leigh,25
158=,Callan,23,,156=,Maya,25
158=,Innes,23,,156=,Mollie,25
158=,Isaac,23,,161=,Adele,24
158=,Justin,23,,161=,Annie,24
158=,Richard,23,,161=,Becky,24
164=,Ellis,22,,161=,Jordan,24
164=,Graeme,22,,161=,Katelyn,24
164=,Saul,22,,161=,Kimberly,24
167=,Aedan,21,,161=,Leona,24
167=,Arron,21,,161=,Mirren,24
167=,Greig,21,,161=,Mya,24
167=,Mackenzie,21,,161=,Nadia,24
167=,Sebastian,21,,161=,Sinead,24
172=,Campbell,20,,161=,Teigan,24
172=,Colin,20,,173,Sophia,23
172=,Conner,20,,174=,Christina,22
172=,Lyle,20,,174=,Faith,22
176=,Billy,19,,174=,Joanna,22
176=,Bryan,19,,174=,Meghan,22
176=,Edward,19,,174=,Tiegan,22
176=,Graham,19,,179=,Dionne,21
176=,Harrison,19,,179=,Evie,21
176=,Robin,19,,179=,Kirstin,21
176=,Ruaridh,19,,179=,Leanne,21
176=,Travis,19,,179=,Madison,21
184=,Antony,18,,179=,Nina,21
184=,Dale,18,,179=,Rhona,21
184=,Kieron,18,,179=,Yasmin,21
184=,Nathaniel,18,,187=,Alanna,20
188=,Curtis,17,,187=,Alyssa,20
188=,Hayden,17,,187=,Amie,20
188=,Hugh,17,,187=,Christie,20
188=,Mathew,17,,187=,Jamie,20
188=,Reuben,17,,187=,Katrina,20
193=,Jackson,16,,187=,Kelly,20
193=,Kane,16,,187=,Libby,20
193=,Riley,16,,187=,Martha,20
193=,Russell,16,,187=,Mary,20
197=,Ali,15,,187=,Poppy,20
197=,Daryl,15,,187=,Ruth,20
197=,Donald,15,,187=,Siobhan,20
197=,Luca,15,,187=,Tara,20
197=,Maxwell,15,,201=,Carmen,19
197=,Reiss,15,,201=,Carrie,19
197=,Shay,15,,201=,Georgina,19
204=,Alastair,14,,201=,Kerri,19
204=,Bruce,14,,201=,Madeleine,19
204=,Bryce,14,,201=,Michaela,19
204=,Christian,14,,201=,Tamzin,19
204=,Derek,14,,201=,Tia,19
204=,Henry,14,,209=,Dana,18
204=,Shane,14,,209=,Francesca,18
204=,Sonny,14,,209=,Kathleen,18
204=,Toby,14,,209=,Kira,18
204=,Zachary,14,,209=,Louisa,18
214=,Garry,13,,214=,Amanda,17
214=,Ibrahim,13,,214=,Annabel,17
214=,Jared,13,,214=,Billie,17
214=,Kenneth,13,,214=,Clara,17
214=,Lachlan,13,,214=,Devon,17
214=,Lloyd,13,,214=,Kaci,17
214=,Tony,13,,214=,Michelle,17
221=,Anton,12,,214=,Milly,17
221=,Cian,12,,214=,Roisin,17
221=,Myles,12,,214=,Sasha,17
221=,Regan,12,,214=,Sian,17
225=,Ahmed,11,,225=,Aaliyah,16
225=,Alfie,11,,225=,Aisha,16
225=,Barry,11,,225=,Clare,16
225=,Brad,11,,225=,Isabella,16
225=,Cody,11,,225=,Isobel,16
225=,Elliott,11,,225=,Julia,16
225=,Ewen,11,,225=,Lana,16
225=,Haris,11,,225=,Maia,16
225=,Magnus,11,,225=,Mairi,16
225=,Rowan,11,,225=,Maryam,16
225=,Theo,11,,225=,Rhianna,16
225=,Tristan,11,,225=,Saskia,16
237=,Brett,10,,237=,Antonia,15
237=,Gareth,10,,237=,Bailey,15
237=,Jak,10,,237=,Brodie,15
237=,Jon,10,,237=,Hazel,15
237=,Kristian,10,,237=,Jodi,15
237=,Noah,10,,237=,Kenzie,15
237=,Philip,10,,237=,Laurie,15
237=,Ruari,10,,237=,Murron,15
237=,Simon,10,,237=,Nadine,15
237=,Zac,10,,237=,Regan,15
237=,Zack,10,,237=,Shelby,15
248=,Abdullah,9,,248=,Caroline,14
248=,Alec,9,,248=,Cody,14
248=,Conall,9,,248=,Eloise,14
248=,Eoin,9,,248=,Helena,14
248=,Glenn,9,,248=,Jessie,14
248=,Hector,9,,248=,Joanne,14
248=,Jayden,9,,248=,Kelsie,14
248=,Jed,9,,248=,Margaret,14
248=,Kieren,9,,248=,Melanie,14
248=,Malcolm,9,,248=,Shona,14
248=,Marco,9,,248=,Stacey,14
248=,Omar,9,,259=,Bethan,13
248=,Rian,9,,259=,Dawn,13
248=,Sol,9,,259=,Gillian,13
248=,Tommy,9,,259=,India,13
263=,Austin,8,,259=,Jane,13
263=,Baillie,8,,259=,Jenny,13
263=,Blake,8,,259=,Karis,13
263=,Byron,8,,259=,Leia,13
263=,Flynn,8,,259=,Sally,13
263=,Frazer,8,,259=,Shauna,13
263=,Jacques,8,,269=,Alannah,12
263=,Jai,8,,269=,Bobbi,12
263=,Kris,8,,269=,Bronwyn,12
263=,Marshall,8,,269=,Claudia,12
263=,Maximilian,8,,269=,Eden,12
263=,Murdo,8,,269=,Eryn,12
263=,Nairn,8,,269=,Josephine,12
263=,Nico,8,,269=,Leonie,12
263=,Oran,8,,269=,Lia,12
263=,Ruaraidh,8,,269=,Lori,12
263=,Todd,8,,269=,Lorna,12
263=,Troy,8,,269=,Mackenzie,12
263=,Xander,8,,269=,Rhian,12
282=,Alfred,7,,269=,Tyler,12
282=,Antonio,7,,269=,Zainab,12
282=,Archibald,7,,284=,Ailie,11
282=,Bilal,7,,284=,Amelie,11
282=,Brogan,7,,284=,Ami,11
282=,Cailean,7,,284=,Angel,11
282=,Carter,7,,284=,Ayesha,11
282=,Conan,7,,284=,Christy,11
282=,Cory,7,,284=,Halle,11
282=,Damien,7,,284=,Helen,11
282=,Eric,7,,284=,Karen,11
282=,Guy,7,,284=,Karla,11
282=,Jaden,7,,284=,Kasey,11
282=,Lauchlan,7,,284=,Meg,11
282=,Leighton,7,,284=,Nikki,11
282=,Levi,7,,284=,Shakira,11
282=,Luc,7,,284=,Willow,11
282=,Matt,7,,284=,Yasmine,11
282=,Raymond,7,,300=,Alison,10
282=,Reagan,7,,300=,Andrea,10
282=,Roan,7,,300=,Annabelle,10
282=,Sandy,7,,300=,Darcy,10
282=,Scot,7,,300=,Faye,10
305=,Aden,6,,300=,Fern,10
305=,Ahmad,6,,300=,Jorja,10
305=,Ayden,6,,300=,Josie,10
305=,Blaine,6,,300=,Kayley,10
305=,Brooklyn,6,,300=,Keri,10
305=,Cairn,6,,300=,Kiara,10
305=,Cooper,6,,300=,Logan,10
305=,Damian,6,,300=,Monica,10
305=,Dane,6,,300=,Sadie,10
305=,Darryl,6,,300=,Summer,10
305=,Devin,6,,300=,Susannah,10
305=,Felix,6,,300=,Tabitha,10
305=,Francis,6,,300=,Tammy,10
305=,Hamza,6,,318=,Alysha,9
305=,Hassan,6,,318=,Angela,9
305=,Haydn,6,,318=,Annalise,9
305=,Ivan,6,,318=,Aoife,9
305=,Jasper,6,,318=,Bryony,9
305=,Johnathan,6,,318=,Caragh,9
305=,Johnny,6,,318=,Carys,9
305=,Jordon,6,,318=,Charli,9
305=,Keelan,6,,318=,Chiara,9
305=,Keiron,6,,318=,Dannielle,9
305=,Kelvin,6,,318=,Darcey,9
305=,Lawrie,6,,318=,Harriet,9
305=,Louie,6,,318=,Jacqueline,9
305=,Lukas,6,,318=,Jamie-Lee,9
305=,Miles,6,,318=,Jasmin,9
305=,Miller,6,,318=,Jordyn,9
305=,Pierce,6,,318=,Kristin,9
305=,Rio,6,,318=,Kyla,9
305=,Roderick,6,,318=,Maeve,9
305=,Rohan,6,,318=,Matilda,9
305=,Shawn,6,,318=,Neave,9
305=,Stefan,6,,318=,Rhea,9
305=,Syed,6,,318=,Simone,9
305=,Tobias,6,,318=,Stella,9
305=,Warren,6,,318=,Susan,9
305=,Zain,6,,318=,Tamara,9
344=,Aaran,5,,344=,Ailidh,8
344=,Aarron,5,,344=,April,8
344=,Abdul,5,,344=,Cameron,8
344=,Asad,5,,344=,Cheyenne,8
344=,Cal,5,,344=,Danni,8
344=,Clark,5,,344=,Demi-Lee,8
344=,Coby,5,,344=,Drew,8
344=,Conlan,5,,344=,Elena,8
344=,Connar,5,,344=,Esme,8
344=,Corran,5,,344=,Flora,8
344=,Danyaal,5,,344=,Georgie,8
344=,Derry,5,,344=,Harley,8
344=,Eoghan,5,,344=,Holli,8
344=,Frederick,5,,344=,Isabelle,8
344=,Gregg,5,,344=,Julie,8
344=,Hammad,5,,344=,Karina,8
344=,Haroon,5,,344=,Kim,8
344=,Hugo,5,,344=,Lucia,8
344=,Kaleb,5,,344=,Lucie,8
344=,Keigan,5,,344=,Mairead,8
344=,Kirk,5,,344=,Philippa,8
344=,Kurt,5,,344=,Reese,8
344=,Kurtis,5,,344=,Rhianne,8
344=,Lochlann,5,,344=,Saffron,8
344=,Lorne,5,,344=,Shanice,8
344=,Lyall,5,,344=,Suzanne,8
344=,Maximillian,5,,344=,Tayler,8
344=,Mohamed,5,,344=,Teagan,8
344=,Rikki,5,,344=,Tiffany,8
344=,Roddy,5,,373=,Ailish,7
344=,Ruben,5,,373=,Aisling,7
344=,Seth,5,,373=,Alexandria,7
344=,Shea,5,,373=,Alexis,7
344=,Theodore,5,,373=,Alyx,7
344=,Timothy,5,,373=,Brianna,7
344=,Tomas,5,,373=,Cassie,7
344=,Umar,5,,373=,Cheryl,7
344=,Zach,5,,373=,Christine,7
344=,Zohaib,5,,373=,Cora,7
383=,Adrian,4,,373=,Demi-Leigh,7
383=,Ajay,4,,373=,Emilie,7
383=,Alessandro,4,,373=,Erica,7
383=,Amaan,4,,373=,Frances,7
383=,Andy,4,,373=,Gabriella,7
383=,Arin,4,,373=,Hana,7
383=,Aron,4,,373=,Hayleigh,7
383=,Arthur,4,,373=,Heidi,7
383=,Blane,4,,373=,Honor,7
383=,Brandyn,4,,373=,Jaime,7
383=,Brook,4,,373=,Johanna,7
383=,Bryden,4,,373=,Kirstie,7
383=,Colby,4,,373=,Kitty,7
383=,Conal,4,,373=,Kym,7
383=,Cormac,4,,373=,Layla,7
383=,Corrie,4,,373=,Lea,7
383=,Damon,4,,373=,Lindsay,7
383=,Darrell,4,,373=,Linzi,7
383=,Denholm,4,,373=,Nikita,7
383=,Devlin,4,,373=,Ria,7
383=,Devon,4,,373=,Rona,7
383=,Donnie,4,,373=,Rosa,7
383=,Erik,4,,373=,Rosemary,7
383=,Fionn,4,,373=,Scarlett,7
383=,Fletcher,4,,373=,Serena,7
383=,Frank,4,,373=,Tessa,7
383=,Gerald,4,,409=,Ailey,6
383=,Griffin,4,,409=,Aliyah,6
383=,Innis,4,,409=,Amna,6
383=,Ismaeel,4,,409=,Aqsa,6
383=,Jaye,4,,409=,Asha,6
383=,Jonathon,4,,409=,Brooklyn,6
383=,Josef,4,,409=,Caoimhe,6
383=,Kaiden,4,,409=,Chanel,6
383=,Keith,4,,409=,Chanelle,6
383=,Kenzie,4,,409=,Charis,6
383=,Kit,4,,409=,Charly,6
383=,Kristopher,4,,409=,Corinne,6
383=,Lawrence,4,,409=,Corrie,6
383=,Luis,4,,409=,Dani,6
383=,Mack,4,,409=,Dayna,6
383=,Marley,4,,409=,Elli,6
383=,Maxim,4,,409=,Elspeth,6
383=,Maximus,4,,409=,Evelyn,6
383=,Mustafa,4,,409=,Felicity,6
383=,Ramsay,4,,409=,Hafsah,6
383=,Reegan,4,,409=,Jaden,6
383=,Ritchie,4,,409=,Jay,6
383=,Rogan,4,,409=,Jena,6
383=,Roman,4,,409=,Jill,6
383=,Ronnie,4,,409=,Justine,6
383=,Stanley,4,,409=,Katlyn,6
383=,Tai,4,,409=,Kaya,6
383=,Torin,4,,409=,Kaylee,6
383=,Yusuf,4,,409=,Kennedy,6
438=,Alisdair,3,,409=,Lacey,6
438=,Amir,3,,409=,Lena,6
438=,Aodhan,3,,409=,Lola,6
438=,Aran,3,,409=,Lydia,6
438=,Arun,3,,409=,Miriam,6
438=,Barrie,3,,409=,Mirin,6
438=,Beau,3,,409=,Murrin,6
438=,Bernard,3,,409=,Paris,6
438=,Boyd,3,,409=,Rebekka,6
438=,Brady,3,,409=,Rio,6
438=,Brody,3,,409=,Shanna,6
438=,Bruno,3,,409=,Shannan,6
438=,Cade,3,,409=,Shelley,6
438=,Caden,3,,409=,Sky,6
438=,Cael,3,,409=,Sorcha,6
438=,Cale,3,,409=,Tamsin,6
438=,Carson,3,,409=,Tanya,6
438=,Casey,3,,409=,Tess,6
438=,Cathal,3,,409=,Tiana,6
438=,Chad,3,,409=,Tori,6
438=,Che,3,,409=,Zahra,6
438=,Chi,3,,459=,Abi,5
438=,Cieron,3,,459=,Alanah,5
438=,Coll,3,,459=,Aleesha,5
438=,Conlon,3,,459=,Amina,5
438=,Conrad,3,,459=,Amy-Louise,5
438=,Corben,3,,459=,Ana,5
438=,Corin,3,,459=,Anne,5
438=,Cosmo,3,,459=,Arianna,5
438=,Dara,3,,459=,Ayla,5
438=,Darrel,3,,459=,Beatrice,5
438=,Daryn,3,,459=,Brenna,5
438=,Davy,3,,459=,Bridget,5
438=,Dexter,3,,459=,Briony,5
438=,Diarmuid,3,,459=,Cailin,5
438=,Dougal,3,,459=,Callie,5
438=,Dugald,3,,459=,Carol,5
438=,Edan,3,,459=,Chantel,5
438=,Elias,3,,459=,Charlene,5
438=,Faraz,3,,459=,Chelsey,5
438=,Fergal,3,,459=,Codie,5
438=,Frankie,3,,459=,Deborah,5
438=,Gerard,3,,459=,Dee,5
438=,Grier,3,,459=,Eilish,5
438=,Harold,3,,459=,Elaine,5
438=,Hasan,3,,459=,Elisha,5
438=,Haydon,3,,459=,Elyse,5
438=,Hunter,3,,459=,Emilia,5
438=,Ieuan,3,,459=,Estelle,5
438=,Imaad,3,,459=,Esther,5
438=,Irvine,3,,459=,Fallon,5
438=,Jac,3,,459=,Fatima,5
438=,Jensen,3,,459=,Fatimah,5
438=,Jeremy,3,,459=,Gail,5
438=,Joey,3,,459=,Genevieve,5
438=,John-Paul,3,,459=,Gina,5
438=,Jonah,3,,459=,Hailie,5
438=,Junior,3,,459=,Imaan,5
438=,Kalum,3,,459=,Iman,5
438=,Kalvin,3,,459=,Isabel,5
438=,Keegan,3,,459=,Jenni,5
438=,Kiegan,3,,459=,Jillian,5
438=,Konnor,3,,459=,Jocelyn,5
438=,Kristofer,3,,459=,Jody,5
438=,Kristoffer,3,,459=,Jude,5
438=,Kye,3,,459=,Kacie,5
438=,Laurence,3,,459=,Karli,5
438=,Leyton,3,,459=,Katie-Louise,5
438=,Lorcan,3,,459=,Kay,5
438=,Luka,3,,459=,Keris,5
438=,Malachy,3,,459=,Kerrie,5
438=,Millar,3,,459=,Kerris,5
438=,Milo,3,,459=,Kerys,5
438=,Mitch,3,,459=,Kiah,5
438=,Mitchel,3,,459=,Kyra,5
438=,Muhammed,3,,459=,Larissa,5
438=,Munro,3,,459=,Leila,5
438=,Nicky,3,,459=,Lyndsay,5
438=,Nicolas,3,,459=,Lynsey,5
438=,Noman,3,,459=,Macy,5
438=,Orin,3,,459=,Madeline,5
438=,Owain,3,,459=,Marianne,5
438=,Padraig,3,,459=,Marion,5
438=,Phillip,3,,459=,Maxine,5
438=,Qais,3,,459=,Michaella,5
438=,Ralph,3,,459=,Monique,5
438=,Ramon,3,,459=,Murran,5
438=,Rayhan,3,,459=,Noor,5
438=,Richie,3,,459=,Nuala,5
438=,Ricky,3,,459=,Pamela,5
438=,Ronald,3,,459=,Paula,5
438=,Rori,3,,459=,Raegan,5
438=,Rowen,3,,459=,Renee,5
438=,Roy,3,,459=,Riona,5
438=,Ruairi,3,,459=,Rosalind,5
438=,Saif,3,,459=,Safa,5
438=,Salman,3,,459=,Saoirse,5
438=,Sami,3,,459=,Sarah-Jane,5
438=,Seumas,3,,459=,Sharon,5
438=,Shayne,3,,459=,Simran,5
438=,Sohaib,3,,459=,Sofia,5
438=,Sorley,3,,459=,Sonya,5
438=,Subhaan,3,,459=,Susanna,5
438=,Subhan,3,,459=,Teri,5
438=,Ted,3,,459=,Terri,5
438=,Terry,3,,459=,Thea,5
438=,Ty,3,,459=,Veronica,5
438=,Vincent,3,,545=,Ainsley,4
438=,Wesley,3,,545=,Alexa,4
438=,Will,3,,545=,Alina,4
438=,Yousef,3,,545=,Allana,4
438=,Zander,3,,545=,Andi,4
550=,Abdulrahman,2,,545=,Anja,4
550=,Abdur,2,,545=,Anne-Marie,4
550=,Abraham,2,,545=,Annika,4
550=,Addison,2,,545=,Arianne,4
550=,Adeel,2,,545=,Arwen,4
550=,Adil,2,,545=,Ashlyn,4
550=,Aengus,2,,545=,Aurora,4
550=,Ahren,2,,545=,Billie-Jo,4
550=,Aj,2,,545=,Bobbie,4
550=,Alaisdair,2,,545=,Bonnie,4
550=,Albert,2,,545=,Breanna,4
550=,Alister,2,,545=,Cheyanne,4
550=,Ally,2,,545=,Ciera,4
550=,Amin,2,,545=,Colette,4
550=,Anakin,2,,545=,Colleen,4
550=,Antoine,2,,545=,Collette,4
550=,Aonghas,2,,545=,Daniella,4
550=,Argyll,2,,545=,Darci,4
550=,Arjun,2,,545=,Darcie,4
550=,Armaan,2,,545=,Demilee,4
550=,Arrin,2,,545=,Destiny,4
550=,Arsalaan,2,,545=,Dione,4
550=,Ashley,2,,545=,Emmie,4
550=,Athol,2,,545=,Erika,4
550=,Atif,2,,545=,Farah,4
550=,Avais,2,,545=,Freyja,4
550=,Awais,2,,545=,Gracie,4
550=,Aydan,2,,545=,Grainne,4
550=,Ayman,2,,545=,Hanna,4
550=,Azaan,2,,545=,Helin,4
550=,Azam,2,,545=,Innes,4
550=,Azeem,2,,545=,Iqra,4
550=,Barnaby,2,,545=,Iris,4
550=,Bayley,2,,545=,Islay,4
550=,Beck,2,,545=,Jayde,4
550=,Bill,2,,545=,Jazmin,4
550=,Blaire,2,,545=,Jean,4
550=,Bobby,2,,545=,Jo,4
550=,Boran,2,,545=,Jolie,4
550=,Bradlay,2,,545=,Juliet,4
550=,Branden,2,,545=,Juliette,4
550=,Brandon-Lee,2,,545=,Kaia,4
550=,Cai,2,,545=,Kaila,4
550=,Cambell,2,,545=,Kaiya,4
550=,Caolan,2,,545=,Karly,4
550=,Carl,2,,545=,Katharine,4
550=,Carlo,2,,545=,Khadija,4
550=,Carlos,2,,545=,Khadijah,4
550=,Carrick,2,,545=,Kiana,4
550=,Chay,2,,545=,Kirstyn,4
550=,Chris,2,,545=,Kourtney,4
550=,Chung,2,,545=,Kristina,4
550=,Coel,2,,545=,Kya,4
550=,Colm,2,,545=,Lanna,4
550=,Colvin,2,,545=,Leoni,4
550=,Connall,2,,545=,Levi,4
550=,Connell,2,,545=,Lexie,4
550=,Connon,2,,545=,Lianne,4
550=,Corbin,2,,545=,Liberty,4
550=,Cormack,2,,545=,Luci,4
550=,Crawford,2,,545=,Lucinda,4
550=,Dalton,2,,545=,Luisa,4
550=,Dan,2,,545=,Mahnoor,4
550=,Danish,2,,545=,Mariam,4
550=,Danyal,2,,545=,Marie,4
550=,Darien,2,,545=,May,4
550=,Davis,2,,545=,Meera,4
550=,Deacon,2,,545=,Milli,4
550=,Dechlan,2,,545=,Morag,4
550=,Declin,2,,545=,Nada,4
550=,Declyn,2,,545=,Natalia,4
550=,Deniz,2,,545=,Payton,4
550=,Dennis,2,,545=,Piper,4
550=,Denver,2,,545=,Pippa,4
550=,Deri,2,,545=,Reanne,4
550=,Devan,2,,545=,Rebeka,4
550=,Diarmaid,2,,545=,Rheanna,4
550=,Dillan,2,,545=,Rhiann,4
550=,Domhnall,2,,545=,Roberta,4
550=,Dyllan,2,,545=,Robin,4
550=,Elijah,2,,545=,Roma,4
550=,Emil,2,,545=,Seren,4
550=,Emilio,2,,545=,Stevie,4
550=,Eoghann,2,,545=,Talia,4
550=,Eugene,2,,545=,Tammi,4
550=,Fabian,2,,545=,Teighan,4
550=,Faisal,2,,545=,Trinity,4
550=,Faris,2,,545=,Vanessa,4
550=,Farquhar,2,,545=,Vhairi,4
550=,Finley,2,,545=,Yvonne,4
550=,Finnlay,2,,640=,Aamina,3
550=,Gianluca,2,,640=,Abbigail,3
550=,Gregory,2,,640=,Adrienne,3
550=,Gregour,2,,640=,Aeryn,3
550=,Haaris,2,,640=,Aleah,3
550=,Hal,2,,640=,Alesha,3
550=,Hamid,2,,640=,Alia,3
550=,Hamzah,2,,640=,Alys,3
550=,Harri,2,,640=,Amiee,3
550=,Hasnain,2,,640=,Amnah,3
550=,Henrik,2,,640=,Angelina,3
550=,Humza,2,,640=,Anika,3
550=,Hussain,2,,640=,Annmarie,3
550=,Huzaifah,2,,640=,Aria,3
550=,Ibraheem,2,,640=,Ariana,3
550=,Ibrar,2,,640=,Ariane,3
550=,Idrees,2,,640=,Asma,3
550=,Idris,2,,640=,Astrid,3
550=,Ike,2,,640=,Ayleigh,3
550=,Iman,2,,640=,Baillie,3
550=,Imran,2,,640=,Becca,3
550=,Indiana,2,,640=,Bronagh,3
550=,Ivor,2,,640=,Candice,3
550=,Jackie,2,,640=,Cari,3
550=,Jae,2,,640=,Cassidy,3
550=,Jaiden,2,,640=,Cate,3
550=,Jakob,2,,640=,Charmaine,3
550=,Jamal,2,,640=,Chloe-Louise,3
550=,Jarred,2,,640=,Clair,3
550=,Jaymie,2,,640=,Codi,3
550=,Jayson,2,,640=,Coral,3
550=,Jedd,2,,640=,Corina,3
550=,Jenson,2,,640=,Cristina,3
550=,Johnnie,2,,640=,Crystal,3
550=,Jonny,2,,640=,Danae,3
550=,Junaid,2,,640=,Dominique,3
550=,Kade,2,,640=,Donna,3
550=,Kailum,2,,640=,Eileen,3
550=,Kal,2,,640=,Eirinn,3
550=,Kaleem,2,,640=,Eliza,3
550=,Kallum,2,,640=,Elly,3
550=,Kameron,2,,640=,Elysia,3
550=,Kamran,2,,640=,Emelia,3
550=,Karan,2,,640=,Emma-Louise,3
550=,Karim,2,,640=,Erynn,3
550=,Karl,2,,640=,Esra,3
550=,Kaspar,2,,640=,Evangeline,3
550=,Kaya,2,,640=,Fiza,3
550=,Kaylum,2,,640=,Geena,3
550=,Kayne,2,,640=,Giovanna,3
550=,Keenan,2,,640=,Hailey,3
550=,Ken,2,,640=,Haley,3
550=,Kennan,2,,640=,Harmony,3
550=,Kennedy,2,,640=,Haylie,3
550=,Kevan,2,,640=,Hira,3
550=,Khalid,2,,640=,Ikra,3
550=,Kiaran,2,,640=,Iram,3
550=,Kier,2,,640=,Isha,3
550=,Kiernan,2,,640=,Ishbel,3
550=,Kieryn,2,,640=,Isra,3
550=,Kiran,2,,640=,Jacqui,3
550=,Kodi,2,,640=,Jaimie,3
550=,Konrad,2,,640=,Janie,3
550=,Korben,2,,640=,Jaya,3
550=,Krishan,2,,640=,Jayden,3
550=,Kyler,2,,640=,Kali,3
550=,Kyran,2,,640=,Karlie,3
550=,Lachlann,2,,640=,Karra,3
550=,Lennan,2,,640=,Karys,3
550=,Lennin,2,,640=,Katelynn,3
550=,Lennox,2,,640=,Katrine,3
550=,Leonard,2,,640=,Keera,3
550=,Leroy,2,,640=,Kelci,3
550=,Lleyton,2,,640=,Kelsea,3
550=,Lochlan,2,,640=,Kelsi,3
550=,Loui,2,,640=,Kendal,3
550=,Mac,2,,640=,Kendall,3
550=,Mahtab,2,,640=,Kenzi,3
550=,Maison,2,,640=,Keren,3
550=,Marius,2,,640=,Keryn,3
550=,Markus,2,,640=,Kristen,3
550=,Martyn,2,,640=,Krystal,3
550=,Mikael,2,,640=,Kylie,3
550=,Mikey,2,,640=,Laina,3
550=,Morgen,2,,640=,Leigha,3
550=,Naithan,2,,640=,Lesley,3
550=,Nathanael,2,,640=,Lexi,3
550=,Nicol,2,,640=,Leyla,3
550=,Niven,2,,640=,Lillian,3
550=,Odhran,2,,640=,Lilly,3
550=,Otto,2,,640=,Lindsey,3
550=,Owais,2,,640=,Lisamarie,3
550=,Piers,2,,640=,Maariya,3
550=,Pieter,2,,640=,Maisy,3
550=,Qasim,2,,640=,Maja,3
550=,Raees,2,,640=,Marina,3
550=,Raegan,2,,640=,Marnie,3
550=,Raghnall,2,,640=,Martina,3
550=,Rahim,2,,640=,Maryann,3
550=,Rahul,2,,640=,Maura,3
550=,Raja,2,,640=,Mckenzie,3
550=,Rannoch,2,,640=,Mehreen,3
550=,Rayane,2,,640=,Merran,3
550=,Rayner,2,,640=,Mhari,3
550=,Rees,2,,640=,Miah,3
550=,Reese,2,,640=,Millicent,3
550=,Rhuraidh,2,,640=,Mirrin,3
550=,Rob,2,,640=,Morgen,3
550=,Roberto,2,,640=,Naia,3
550=,Rocco,2,,640=,Nancy,3
550=,Romaan,2,,640=,Neeve,3
550=,Ronin,2,,640=,Nell,3
550=,Rudi,2,,640=,Nia,3
550=,Rueben,2,,640=,Nichola,3
550=,Saad,2,,640=,Nida,3
550=,Saifullah,2,,640=,Nimrah,3
550=,Samir,2,,640=,Penelope,3
550=,Seamus,2,,640=,Polly,3
550=,Seoras,2,,640=,Pollyanna,3
550=,Stan,2,,640=,Racheal,3
550=,Sunny,2,,640=,Rachele,3
550=,T,2,,640=,Ragen,3
550=,Tariq,2,,640=,Rana,3
550=,Tee-Jay,2,,640=,Reece,3
550=,Terence,2,,640=,Rheagan,3
550=,Torran,2,,640=,Rianna,3
550=,Trey,2,,640=,Riley,3
550=,Tylar,2,,640=,Romy,3
550=,Tyron,2,,640=,Rosalyn,3
550=,Vernon,2,,640=,Sabrina,3
550=,Victor,2,,640=,Sairah,3
550=,Vijay,2,,640=,Sana,3
550=,Woody,2,,640=,Sandra,3
550=,Xavier,2,,640=,Saniya,3
550=,Yaseen,2,,640=,Sarah-Louise,3
550=,Yusef,2,,640=,Savannah,3
550=,Zachariah,2,,640=,Scarlet,3
550=,Zaid,2,,640=,Selina,3
550=,Zaki,2,,640=,Shannyn,3
550=,Zane,2,,640=,Sharlene,3
780=,Aadam,1,,640=,Shianne,3
780=,Aadil,1,,640=,Stacie,3
780=,Aahad,1,,640=,Steffi,3
780=,Aaqil,1,,640=,Storm,3
780=,Aarin,1,,640=,Susanne,3
780=,Aaron-James,1,,640=,Suzanna,3
780=,Aaron-Lee,1,,640=,Suzannah,3
780=,Aarran,1,,640=,Sydney,3
780=,Aashan,1,,640=,Symone,3
780=,Abderahman,1,,640=,Tallulah,3
780=,Abdishakur,1,,640=,Teresa,3
780=,Abdul-Haadi,1,,640=,Tianna,3
780=,Abdulah,1,,640=,Tierney,3
780=,Abdulaziz,1,,640=,Tilly,3
780=,Abdulla,1,,640=,Tiree,3
780=,Abdulmalik,1,,640=,Toni-Leigh,3
780=,Abdulmaroof,1,,640=,Vicki,3
780=,Abdulrazeg,1,,640=,Zaynab,3
780=,Abdurrehman,1,,640=,Zaynah,3
780=,Abdus,1,,799=,Aamna,2
780=,Abdusalaam,1,,799=,Aasiya,2
780=,Abdy,1,,799=,Abigael,2
780=,Abhay,1,,799=,Abygail,2
780=,Abhishek,1,,799=,Adriana,2
780=,Abidin,1,,799=,Aicha,2
780=,Abishek,1,,799=,Aileen,2
780=,Abraaz,1,,799=,Ailis,2
780=,Abrar,1,,799=,Aimie,2
780=,Adam-James,1,,799=,Aine,2
780=,Adamo,1,,799=,Ainslie,2
780=,Adan,1,,799=,Aishah,2
780=,Adden,1,,799=,Aleena,2
780=,Adelio,1,,799=,Aleisha,2
780=,Adem,1,,799=,Alessandra,2
780=,Adin,1,,799=,Ali,2
780=,Adiy,1,,799=,Alissa,2
780=,Adnaan,1,,799=,Aliza,2
780=,Adnan,1,,799=,Allanah,2
780=,Adones,1,,799=,Allison,2
780=,Adyn,1,,799=,Ally,2
780=,Aeron,1,,799=,Alyson,2
780=,Agathiyan,1,,799=,Alyth,2
780=,Ahmet,1,,799=,Alyxandra,2
780=,Ahsan,1,,799=,Amira,2
780=,Aiddan,1,,799=,Ammie,2
780=,Aiden-John,1,,799=,Amy-Jane,2
780=,Aidyn,1,,799=,Amyleigh,2
780=,Aiken,1,,799=,Anais,2
780=,Akib,1,,799=,Aneesah,2
780=,Akilan,1,,799=,Anisa,2
780=,Akira,1,,799=,Anisah,2
780=,Akram,1,,799=,Anita,2
780=,Akshat,1,,799=,Ann,2
780=,Al,1,,799=,Annabella,2
780=,Al-Harreth,1,,799=,Anneke,2
780=,Ala,1,,799=,Anusha,2
780=,Alan-Jay,1,,799=,Arabella,2
780=,Alasdhair,1,,799=,Ashton,2
780=,Alayali,1,,799=,Asiya,2
780=,Alban,1,,799=,Autumn,2
780=,Aldous,1,,799=,Ayat,2
780=,Aleem,1,,799=,Ayse,2
780=,Aleister,1,,799=,Aysha,2
780=,Alejandro,1,,799=,Bayleigh,2
780=,Aleksander,1,,799=,Beau,2
780=,Aleksandr,1,,799=,Becki,2
780=,Alessio,1,,799=,Belle,2
780=,Alexandro,1,,799=,Berfin,2
780=,Alexandros,1,,799=,Berivan,2
780=,Alfredo,1,,799=,Blythe,2
780=,Alim,1,,799=,Bree,2
780=,Alinor,1,,799=,Brody,2
780=,Alix,1,,799=,Broghan,2
780=,Allen,1,,799=,Bronwen,2
780=,Allisdair,1,,799=,Bryonie,2
780=,Allister,1,,799=,Buse,2
780=,Almabrok,1,,799=,Caileigh,2
780=,Alsadeg,1,,799=,Cait,2
780=,Altay,1,,799=,Caitlan,2
780=,Alyx,1,,799=,Caitlin-Leigh,2
780=,Amani,1,,799=,Caledonia,2
780=,Amanveer,1,,799=,Caley,2
780=,Amar,1,,799=,Calli,2
780=,Amardeep,1,,799=,Cally,2
780=,Amaro,1,,799=,Camryn,2
780=,Amarpreet,1,,799=,Candis,2
780=,Ameer,1,,799=,Carley,2
780=,Amine,1,,799=,Caron,2
780=,Amogh,1,,799=,Carra,2
780=,Amr,1,,799=,Casie,2
780=,Amritpal,1,,799=,Cassandra,2
780=,Anas,1,,799=,Catarina,2
780=,Andi,1,,799=,Catrin,2
780=,Andre,1,,799=,Catrina,2
780=,Andrew-Bruce,1,,799=,Cayla,2
780=,Aneel,1,,799=,Ceara,2
780=,Anees,1,,799=,Ceilidh,2
780=,Angelo,1,,799=,Ceitidh,2
780=,Anil,1,,799=,Cera,2
780=,Anson,1,,799=,Ceri,2
780=,Antoni,1,,799=,Charlie-Ann,2
780=,Anup,1,,799=,Chelsie,2
780=,Anurag,1,,799=,Cherry,2
780=,Aodan,1,,799=,Cleo,2
780=,Aonghus,1,,799=,Colbie,2
780=,Aqib,1,,799=,Colby,2
780=,Aqmar,1,,799=,Constance,2
780=,Arbaaz,1,,799=,Cori,2
780=,Archil,1,,799=,Corrina,2
780=,Archy,1,,799=,Courtney-Lee,2
780=,Arfan,1,,799=,Dania,2
780=,Arham,1,,799=,Dara,2
780=,Arhum,1,,799=,Darragh,2
780=,Aric,1,,799=,Delaney,2
780=,Ariel,1,,799=,Demelza,2
780=,Arif,1,,799=,Demi-Louise,2
780=,Arion,1,,799=,Deni,2
780=,Ariyan,1,,799=,Devin,2
780=,Arrice,1,,799=,Devyn,2
780=,Arshaq,1,,799=,Diane,2
780=,Arwyn,1,,799=,Dion,2
780=,Arzjang,1,,799=,Diya,2
780=,Asar,1,,799=,Dorothy,2
780=,Ashdeep,1,,799=,Eboni,2
780=,Asher,1,,799=,Eilean,2
780=,Ashhab,1,,799=,Eisha,2
780=,Ashif,1,,799=,Eithne,2
780=,Ashlin,1,,799=,Elana,2
780=,Ashraf,1,,799=,Elif,2
780=,Ashton,1,,799=,Elin,2
780=,Ashvin,1,,799=,Elisa,2
780=,Atakan,1,,799=,Ellena,2
780=,Athanasios,1,,799=,Ellison,2
780=,Athen,1,,799=,Ellys,2
780=,Atholl,1,,799=,Elyssa,2
780=,Atticus,1,,799=,Ema,2
780=,Aubrey,1,,799=,Emelie,2
780=,Auryn,1,,799=,Emmalouise,2
780=,Auyyb,1,,799=,Erinn,2
780=,Ayaanle,1,,799=,Eris,2
780=,Ayan,1,,799=,Farrah,2
780=,Aymen,1,,799=,Fatma,2
780=,Ayoub,1,,799=,Fay,2
780=,Ayrton,1,,799=,Ffion,2
780=,Ayub,1,,799=,Finlay,2
780=,Ayyoob,1,,799=,Finna,2
780=,Azhar,1,,799=,Florence,2
780=,Azim,1,,799=,Frankie,2
780=,Aziz,1,,799=,Franziska,2
780=,Azm,1,,799=,Georgea,2
780=,Bailley,1,,799=,Giorgia,2
780=,Baillie-Mitchell,1,,799=,Gloria,2
780=,Balen,1,,799=,Gwen,2
780=,Baraa,1,,799=,Gypsy,2
780=,Baran,1,,799=,Hafsa,2
780=,Barnabas,1,,799=,Haillie,2
780=,Bartholomew,1,,799=,Hanan,2
780=,Basel,1,,799=,Harpreet,2
780=,Basir,1,,799=,Hasna,2
780=,Bei,1,,799=,Heba,2
780=,Beltus,1,,799=,Hebe,2
780=,Ben-Jay,1,,799=,Hibah,2
780=,Beni,1,,799=,Hiu,2
780=,Benjamin-James,1,,799=,Huda,2
780=,Benjamyn,1,,799=,Humna,2
780=,Berdand,1,,799=,Indie,2
780=,Bernie,1,,799=,Ines,2
780=,Bersan,1,,799=,Iqrah,2
780=,Bilaal,1,,799=,Irsa,2
780=,Blain,1,,799=,Ivana,2
780=,Blair-Lewis,1,,799=,Jaclyn,2
780=,Blayne,1,,799=,Jade-Lee,2
780=,Blue,1,,799=,Jaimi,2
780=,Bonar,1,,799=,Jamie-Lea,2
780=,Bora,1,,799=,Jamie-Leigh,2
780=,Boston,1,,799=,Jamielee,2
780=,Botha,1,,799=,Janelle,2
780=,Braden,1,,799=,Janey,2
780=,Bradley-Alan,1,,799=,Jannat,2
780=,Bradly,1,,799=,Jaye,2
780=,Braeden,1,,799=,Jayme,2
780=,Brandan,1,,799=,Jenifer,2
780=,Branford,1,,799=,Jennie,2
780=,Braydan,1,,799=,Jess,2
780=,Bremner,1,,799=,Joelle,2
780=,Brenan,1,,799=,Joely,2
780=,Brenden,1,,799=,Jolene,2
780=,Brendon,1,,799=,Jordana,2
780=,Brennan,1,,799=,Joy,2
780=,Breyton,1,,799=,Julieann,2
780=,Brodan,1,,799=,Kadie,2
780=,Brydon,1,,799=,Kaela,2
780=,Brynley,1,,799=,Kai,2
780=,Bryson,1,,799=,Kailey,2
780=,Byran,1,,799=,Kaitlynn,2
780=,Caelan,1,,799=,Kaley,2
780=,Caetano,1,,799=,Kally,2
780=,Cagdas,1,,799=,Kari,2
780=,Cahan,1,,799=,Karley,2
780=,Caie,1,,799=,Kassie,2
780=,Caileb,1,,799=,Katelin,2
780=,Cailum,1,,799=,Katelyne,2
780=,Cain,1,,799=,Katriona,2
780=,Cairen,1,,799=,Katya,2
780=,Cairon,1,,799=,Kaydi,2
780=,Calaghan,1,,799=,Kaylah,2
780=,Calan,1,,799=,Kaylin,2
780=,Calder,1,,799=,Kayti,2
780=,Caley,1,,799=,Keavy,2
780=,Calib,1,,799=,Keeva,2
780=,Callen,1,,799=,Kelcie,2
780=,Camaron,1,,799=,Kelsie-Lee,2
780=,Cameron-Scott,1,,799=,Kerryn,2
780=,Camran,1,,799=,Keziah,2
780=,Camren,1,,799=,Khadeja,2
780=,Camron,1,,799=,Kheris,2
780=,Camryn,1,,799=,Khyra,2
780=,Carston,1,,799=,Kia,2
780=,Casper,1,,799=,Kiaya,2
780=,Cassius,1,,799=,Kiran,2
780=,Cathan,1,,799=,Krista,2
780=,Ceannan,1,,799=,Kristi,2
780=,Ceiran,1,,799=,Kristiana,2
780=,Ceraje,1,,799=,Kristie,2
780=,Challum,1,,799=,Kylah,2
780=,Charanpreet,1,,799=,Kymberley,2
780=,Charaunjeev,1,,799=,Lawrie,2
780=,Chenxin,1,,799=,Leann,2
780=,Chetan,1,,799=,Leeann,2
780=,Chiran,1,,799=,Leigh-Anne,2
780=,Chistopher,1,,799=,Letitia,2
780=,Christiano-James,1,,799=,Liana,2
780=,Chuka,1,,799=,Lili,2
780=,Ciabhan,1,,799=,Lilian,2
780=,Ciaran-James,1,,799=,Lilias,2
780=,Ciaran-Jaymes,1,,799=,Lisa-Jane,2
780=,Ciarron,1,,799=,Loren,2
780=,Cieran,1,,799=,Luca,2
780=,Ciwan,1,,799=,Lucile,2
780=,Clarke,1,,799=,Lucille,2
780=,Clyde,1,,799=,Lyn,2
780=,Coady,1,,799=,Lyndsey,2
780=,Cobi,1,,799=,Lynzi,2
780=,Cobyn,1,,799=,Maariyah,2
780=,Cody-Jay,1,,799=,Mackenzi,2
780=,Cohen,1,,799=,Madelaine,2
780=,Colbie,1,,799=,Magdalena,2
780=,Colum,1,,799=,Mair,2
780=,Comhnall,1,,799=,Mairin,2
780=,Conaill,1,,799=,Makayla,2
780=,Conar,1,,799=,Makenzie,2
780=,Coner,1,,799=,Malaika,2
780=,Connal,1,,799=,Mandy,2
780=,Connaul,1,,799=,Mara,2
780=,Connel,1,,799=,Marcie,2
780=,Connor-John,1,,799=,Marianna,2
780=,Coray,1,,799=,Marissa,2
780=,Corbyn,1,,799=,Mariya,2
780=,Corey-Tyler,1,,799=,Marli,2
780=,Cornelius,1,,799=,Marni,2
780=,Correy,1,,799=,Mathilde,2
780=,Corri,1,,799=,Mea,2
780=,Corrin,1,,799=,Meadow,2
780=,Cree,1,,799=,Meckenzie,2
780=,Crisdean,1,,799=,Megann,2
780=,Cuilen,1,,799=,Meghann,2
780=,Cyreece,1,,799=,Melody,2
780=,Cyrus,1,,799=,Mercedes,2
780=,D'angelo,1,,799=,Mila,2
780=,Da'jane-Riccardo,1,,799=,Milla,2
780=,Daan,1,,799=,Miranda,2
780=,Daanish,1,,799=,Misha,2
780=,Dagan,1,,799=,Miya,2
780=,Dagen,1,,799=,Montana,2
780=,Daichi,1,,799=,Morgane,2
780=,Daimin,1,,799=,Murren,2
780=,Daire,1,,799=,Murryn,2
780=,Daiyaan,1,,799=,Myren,2
780=,Daley,1,,799=,Nairne,2
780=,Daljeet,1,,799=,Neha,2
780=,Dallas,1,,799=,Neive,2
780=,Dalveer,1,,799=,Neva,2
780=,Dalyn,1,,799=,Nikkita,2
780=,Dalziel,1,,799=,Nikola,2
780=,Damiano,1,,799=,Nirvana,2
780=,Dana,1,,799=,Nyah,2
780=,Danial,1,,799=,Patricia,2
780=,Daniel-Lewis,1,,799=,Penny,2
780=,Daniyal,1,,799=,Priya,2
780=,Dannie,1,,799=,Rania,2
780=,Daoud,1,,799=,Rea,2
780=,Daran,1,,799=,Reagan,2
780=,Darcy,1,,799=,Reanna,2
780=,Darian,1,,799=,Rina,2
780=,Dario,1,,799=,Rosalin,2
780=,Dariush,1,,799=,Rowen,2
780=,Darrin,1,,799=,Rowena,2
780=,Darroch,1,,799=,Roxanne,2
780=,Darrol,1,,799=,Saba,2
780=,Daud,1,,799=,Sabina,2
780=,Davey,1,,799=,Sacha,2
780=,David-John,1,,799=,Sadia,2
780=,Davide,1,,799=,Sam,2
780=,Davidlee,1,,799=,Sanah,2
780=,Davie,1,,799=,Saphire,2
780=,Davin,1,,799=,Sapphire,2
780=,Davyjohn,1,,799=,Sarah-Jayne,2
780=,Dawar,1,,799=,Sarahlouise,2
780=,Dawood,1,,799=,Savanna,2
780=,Dax,1,,799=,Sehar,2
780=,Dayne,1,,799=,Selena,2
780=,Deaglan,1,,799=,Shanelle,2
780=,Debasien,1,,799=,Shania,2
780=,Deigan,1,,799=,Shanon,2
780=,Deighton,1,,799=,Shantel,2
780=,Deklyn,1,,799=,Shaunagh,2
780=,Delwyn,1,,799=,Shauni,2
780=,Demosthenes,1,,799=,Shaunie,2
780=,Denan,1,,799=,Shaunna,2
780=,Denen,1,,799=,Shay,2
780=,Deni,1,,799=,Shaye,2
780=,Denim,1,,799=,Shelly,2
780=,Denis,1,,799=,Sheree,2
780=,Denizcan,1,,799=,Sheryl,2
780=,Denni,1,,799=,Sidra,2
780=,Dennish,1,,799=,Sidrah,2
780=,Dennon,1,,799=,Stefani,2
780=,Derin,1,,799=,Suha,2
780=,Dermot,1,,799=,Sundus,2
780=,Dermott,1,,799=,Sylvia,2
780=,Derren,1,,799=,Sylvie,2
780=,Derrie,1,,799=,Taibah,2
780=,Derrin,1,,799=,Tamanna,2
780=,Derryn,1,,799=,Tami,2
780=,Deryn,1,,799=,Tania,2
780=,Desmond,1,,799=,Taryn,2
780=,Devn,1,,799=,Tatiana,2
780=,Devyn,1,,799=,Taya,2
780=,Deyn,1,,799=,Taylar,2
780=,Dhusan,1,,799=,Taylor-Lee,2
780=,Digby,1,,799=,Teal,2
780=,Dilpreet,1,,799=,Teegan,2
780=,Dimitri,1,,799=,Tegyn,2
780=,Dino,1,,799=,Toyah,2
780=,Divita,1,,799=,Tyla,2
780=,Dixie,1,,799=,Valerie,2
780=,Dixon,1,,799=,Vania,2
780=,Dominik,1,,799=,Vhari,2
780=,Donal,1,,799=,Vicky,2
780=,Doug,1,,799=,Vivienne,2
780=,Drilon,1,,799=,Wallis,2
780=,Drin,1,,799=,Wendy,2
780=,Duane,1,,799=,Yasemin,2
780=,Duart,1,,799=,Yasmeen,2
780=,Durga,1,,799=,Yvette,2
780=,Dushiyant,1,,799=,Zeenat,2
780=,Duthac,1,,799=,Zeinab,2
780=,Dyfan,1,,799=,Zoha,2
780=,Dylan-Robert,1,,799=,Zoya,2
780=,Dylon,1,,1139=,Aaidah,1
780=,Eachann,1,,1139=,Aaisha,1
780=,Eamon,1,,1139=,Aaliyah-Rose,1
780=,Eamonn,1,,1139=,Aalya,1
780=,Eben,1,,1139=,Aaminah,1
780=,Eddie,1,,1139=,Aamirah,1
780=,Eden,1,,1139=,Aamnah,1
780=,Eemil,1,,1139=,Aanisah,1
780=,Eesa,1,,1139=,Aanya,1
780=,Efe,1,,1139=,Aariel,1
780=,Egan,1,,1139=,Aasiyah,1
780=,Ehmad,1,,1139=,Aatikah,1
780=,Eion,1,,1139=,Aatiya,1
780=,Ejaz,1,,1139=,Aatqa,1
780=,Ekin,1,,1139=,Aayisha,1
780=,Ekonkar,1,,1139=,Abagael,1
780=,Elgin,1,,1139=,Abagail,1
780=,Eli,1,,1139=,Abagayle,1
780=,Eliott,1,,1139=,Abaigh,1
780=,Emiel,1,,1139=,Abbe,1
780=,Emile,1,,1139=,Abbeyleigh,1
780=,Emir,1,,1139=,Abbie-Ellie,1
780=,Emmanuel,1,,1139=,Abbiegail,1
780=,Emmet,1,,1139=,Abbigale,1
780=,Enzo,1,,1139=,Abbrianna,1
780=,Eosaph,1,,1139=,Abigaile,1
780=,Ercan,1,,1139=,Abigayil,1
780=,Erdal,1,,1139=,Abigayle,1
780=,Ernest,1,,1139=,Abilouise,1
780=,Ethin,1,,1139=,Acacia,1
780=,Ethyn,1,,1139=,Accalia,1
780=,Eutyche,1,,1139=,Adalene,1
780=,Evyn,1,,1139=,Adanna,1
780=,Ewart,1,,1139=,Addison,1
780=,Eythin,1,,1139=,Adeeba,1
780=,Fabio,1,,1139=,Adeena,1
780=,Fahim,1,,1139=,Adela,1
780=,Faiz,1,,1139=,Adelaide,1
780=,Faizan,1,,1139=,Adia,1
780=,Farhaad,1,,1139=,Adrianna,1
780=,Farhaan,1,,1139=,Afeerah,1
780=,Farrell,1,,1139=,Afia,1
780=,Fathalla,1,,1139=,Africa,1
780=,Faysal,1,,1139=,Afton,1
780=,Fearghas,1,,1139=,Agathe,1
780=,Fearghus,1,,1139=,Agnes,1
780=,Feargus,1,,1139=,Aideen,1
780=,Federico,1,,1139=,Aiden,1
780=,Fehzaan,1,,1139=,Aidyn,1
780=,Fhion,1,,1139=,Aifric,1
780=,Filippo,1,,1139=,Aileigh,1
780=,Fin,1,,1139=,Ailith,1
780=,Fingal,1,,1139=,Aillie,1
780=,Finian,1,,1139=,Aimaan,1
780=,Finlo,1,,1139=,Aiman,1
780=,Finnian,1,,1139=,Aime,1
780=,Fintan,1,,1139=,Aimee-Louise,1
780=,Fionnlagh,1,,1139=,Aimi,1
780=,Fionnlagh-Bui,1,,1139=,Ainara,1
780=,Flett,1,,1139=,Aishat,1
780=,Forbes,1,,1139=,Aislin,1
780=,Ford,1,,1139=,Aislinn,1
780=,Forest,1,,1139=,Aisyah,1
780=,Francesco,1,,1139=,Aiva,1
780=,Franklin,1,,1139=,Aizha,1
780=,Frazier,1,,1139=,Akanisi,1
780=,Fred,1,,1139=,Akanksha,1
780=,Freddie,1,,1139=,Akhila,1
780=,Freddy,1,,1139=,Akira,1
780=,Frederic,1,,1139=,Akira-Louise,1
780=,Fyffe,1,,1139=,Aksa,1
780=,Fynn,1,,1139=,Alaa,1
780=,Gabe,1,,1139=,Alana-Jade,1
780=,Gaelen,1,,1139=,Alana-Jayne,1
780=,Gantulga,1,,1139=,Alanis,1
780=,Garey,1,,1139=,Alanna-Jo,1
780=,Garri,1,,1139=,Alayah,1
780=,Garvey,1,,1139=,Alba,1
780=,Garylee,1,,1139=,Albane,1
780=,Gaurav,1,,1139=,Alecia,1
780=,Gavan,1,,1139=,Aleeah,1
780=,Geoffrey,1,,1139=,Aleighsha,1
780=,Geordan,1,,1139=,Aleks,1
780=,Geordie,1,,1139=,Alessa,1
780=,Germaine-Ellie-Saul,1,,1139=,Alex-Leigh,1
780=,Gerry,1,,1139=,Alexe,1
780=,Giacomo,1,,1139=,Alexia,1
780=,Gil,1,,1139=,Alexsandra,1
780=,Gilbert,1,,1139=,Alexus-Liberty,1
780=,Gilhon,1,,1139=,Aleyna,1
780=,Gillan,1,,1139=,Alicea,1
780=,Gillies,1,,1139=,Alida,1
780=,Gillon,1,,1139=,Alija,1
780=,Giuliano,1,,1139=,Aliki,1
780=,Goiridh,1,,1139=,Alima,1
780=,Grady,1,,1139=,Alinah,1
780=,Graiden,1,,1139=,Alisa,1
780=,Gregoire,1,,1139=,Alishia,1
780=,Griorgair,1,,1139=,Aliviah,1
780=,Guangan,1,,1139=,Alixandria,1
780=,Gulam,1,,1139=,Alixe,1
780=,Gurdaas,1,,1139=,Alizee,1
780=,Gurdit,1,,1139=,Alka,1
780=,Gurhimmat,1,,1139=,Allecia,1
780=,Gurpreet,1,,1139=,Allena,1
780=,Gurteerath,1,,1139=,Alliah,1
780=,Guru,1,,1139=,Allie,1
780=,Gus,1,,1139=,Allise,1
780=,Gwyn,1,,1139=,Alliyah,1
780=,Haarith,1,,1139=,Allysha,1
780=,Hagen,1,,1139=,Allyson,1
780=,Haidar,1,,1139=,Almaz,1
780=,Haiden,1,,1139=,Alveena,1
780=,Haider,1,,1139=,Alycee,1
780=,Haig,1,,1139=,Alyiah,1
780=,Hakan,1,,1139=,Alysia,1
780=,Hakim,1,,1139=,Alyssa-Eve,1
780=,Halis,1,,1139=,Amabel,1
780=,Halkwat,1,,1139=,Amal,1
780=,Hamdoon,1,,1139=,Amalia,1
780=,Hamed,1,,1139=,Amalie,1
780=,Hanzla,1,,1139=,Amandine,1
780=,Hao,1,,1139=,Amara,1
780=,Haobo,1,,1139=,Amatul,1
780=,Harbir,1,,1139=,Amatullah,1
780=,Hardie,1,,1139=,Amaya,1
780=,Harees,1,,1139=,Ambar,1
780=,Hariprakash,1,,1139=,Amber-Lily,1
780=,Harith,1,,1139=,Amber-Louise,1
780=,Harjodh,1,,1139=,Amberlee,1
780=,Harley,1,,1139=,Ambreen,1
780=,Harman,1,,1139=,Ame,1
780=,Harmeet,1,,1139=,Ameena,1
780=,Harper,1,,1139=,Ameenah,1
780=,Harvie,1,,1139=,Ameera,1
780=,Hasaan,1,,1139=,Ameerah,1
780=,Haseeb,1,,1139=,Amela,1
780=,Hashim,1,,1139=,Amen,1
780=,Hasret,1,,1139=,Amera,1
780=,Hau,1,,1139=,Amie-Louise,1
780=,Haydyn,1,,1139=,Amilea,1
780=,Haytham,1,,1139=,Aminah,1
780=,Hazem,1,,1139=,Amitis,1
780=,Hemansh,1,,1139=,Amma,1
780=,Hervald,1,,1139=,Ammarah,1
780=,Hisham,1,,1139=,Amreen,1
780=,Ho,1,,1139=,Amulik,1
780=,Hon,1,,1139=,Amy-Lee,1
780=,Hon-Yen,1,,1139=,Amy-Leigh,1
780=,Hosam,1,,1139=,Amy-Lily,1
780=,Hudson,1,,1139=,Amy-Lisa,1
780=,Hui,1,,1139=,Amye,1
780=,Humza-Bin,1,,1139=,Amyee,1
780=,Humzah,1,,1139=,Amylee,1
780=,Hunain,1,,1139=,Anaa,1
780=,Hussein,1,,1139=,Anaisa,1
780=,Hutheyfah,1,,1139=,Anamika,1
780=,Huw,1,,1139=,Ananya,1
780=,Huzefah,1,,1139=,Anastacia,1
780=,Iain-Finlay,1,,1139=,Anastashea,1
780=,Ieli,1,,1139=,Anastasia,1
780=,Iestyn,1,,1139=,Anay,1
780=,Ifraheem,1,,1139=,Andie,1
780=,Igor,1,,1139=,Andrena,1
780=,Ihtishaam,1,,1139=,Aneeka,1
780=,Ikechi,1,,1139=,Aneesa,1
780=,Ilham,1,,1139=,Aneila,1
780=,Ilhan,1,,1139=,Aneliese,1
780=,Ilya,1,,1139=,Angela-Leigh,1
780=,Ilyas,1,,1139=,Angelica,1
780=,Inder,1,,1139=,Angelita,1
780=,Irfan,1,,1139=,Ania,1
780=,Irvin,1,,1139=,Anina,1
780=,Isa,1,,1139=,Anine,1
780=,Isaah,1,,1139=,Aniqah,1
780=,Isaam,1,,1139=,Anisha,1
780=,Isaiah,1,,1139=,Aniya,1
780=,Isak,1,,1139=,Anjali,1
780=,Isam,1,,1139=,Anjalie,1
780=,Ishaan,1,,1139=,Anjini,1
780=,Ishaq,1,,1139=,Anmol,1
780=,Islam,1,,1139=,Annaleigh,1
780=,Isma'eel,1,,1139=,Annalese,1
780=,Israr,1,,1139=,Annalyse,1
780=,Ittai,1,,1139=,Annamaria,1
780=,Izhan,1,,1139=,Anne-Murielle,1
780=,Izhar,1,,1139=,Anneka,1
780=,Izzac,1,,1139=,Anneliese,1
780=,J,1,,1139=,Annelyse,1
780=,Jabe,1,,1139=,Annemiek,1
780=,Jacqui,1,,1139=,Anni,1
780=,Jadon,1,,1139=,Anni-Jay,1
780=,Jaecob,1,,1139=,Annice,1
780=,Jagtar,1,,1139=,Annis,1
780=,Jahin,1,,1139=,Annjani,1
780=,Jaime,1,,1139=,Annya,1
780=,Jaimes,1,,1139=,Anoshe,1
780=,Jairaj,1,,1139=,Anoushka,1
780=,Jaksyn,1,,1139=,Anouska,1
780=,Jame,1,,1139=,Anthea,1
780=,James-Antony,1,,1139=,Anum,1
780=,James-William,1,,1139=,Aqdus,1
780=,Jan,1,,1139=,Areeba,1
780=,Jan-Calvey,1,,1139=,Arfah,1
780=,Janssen,1,,1139=,Ari,1
780=,Jaques,1,,1139=,Ariann,1
780=,Jareth,1,,1139=,Arianna-Marie,1
780=,Jarod,1,,1139=,Ariba,1
780=,Jarrod,1,,1139=,Aribah,1
780=,Jarvie,1,,1139=,Ariela,1
780=,Jarvis,1,,1139=,Arienne,1
780=,Jasbir,1,,1139=,Arij,1
780=,Jaskarun,1,,1139=,Arina,1
780=,Jaspreet,1,,1139=,Arlene,1
780=,Jaush,1,,1139=,Arna,1
780=,Jaxon,1,,1139=,Arryann,1
780=,Jay-Edward,1,,1139=,Aryanna,1
780=,Jay-Lewis,1,,1139=,Ascia,1
780=,Jaydn,1,,1139=,Asfa,1
780=,Jaydon,1,,1139=,Ashanti,1
780=,Jaylin,1,,1139=,Ashleighne,1
780=,Jayveer,1,,1139=,Ashley-Nicole,1
780=,Jean-Luc,1,,1139=,Ashlin,1
780=,Jedidiah,1,,1139=,Ashly,1
780=,Jem,1,,1139=,Ashlynne,1
780=,Jeovani,1,,1139=,Ashvinder,1
780=,Jerad,1,,1139=,Asia,1
780=,Jerry,1,,1139=,Asiah,1
780=,Jesse,1,,1139=,Asiel,1
780=,Jhoshua,1,,1139=,Asnath,1
780=,Jia,1,,1139=,Asseel,1
780=,Jialiang,1,,1139=,Astri,1
780=,Jibrail,1,,1139=,Asya,1
780=,Jim,1,,1139=,Athina,1
780=,Jing,1,,1139=,Atiqa,1
780=,Joachim,1,,1139=,Attina,1
780=,Jock,1,,1139=,Aua,1
780=,Jodh,1,,1139=,Audrey,1
780=,Jody,1,,1139=,Aura,1
780=,Johan,1,,1139=,Aurian,1
780=,Johann,1,,1139=,Automne,1
780=,John-Gerald,1,,1139=,Ava-Louise,1
780=,John-Ryan,1,,1139=,Avangelista,1
780=,John-Thomas,1,,1139=,Aveline,1
780=,Johnathon,1,,1139=,Avia,1
780=,Johnjoe,1,,1139=,Avie,1
780=,Johnny-Angus,1,,1139=,Avril,1
780=,Jommo,1,,1139=,Aya,1
780=,Jon-Paul,1,,1139=,Ayah,1
780=,Jonas,1,,1139=,Ayeshah,1
780=,Jones,1,,1139=,Ayisha,1
780=,Jonin,1,,1139=,Ayley,1
780=,Jonothan,1,,1139=,Ayli,1
780=,Jonte,1,,1139=,Ayman,1
780=,Jonty,1,,1139=,Aynsley,1
780=,Jools,1,,1139=,Aysa,1
780=,Jordan-James,1,,1139=,Ayshah,1
780=,Jordan-Lee,1,,1139=,Azaria,1
780=,Jordan-Leigh,1,,1139=,Azmat,1
780=,Jordanbrian,1,,1139=,Azmee,1
780=,Jordi,1,,1139=,Azzurra,1
780=,Jordin,1,,1139=,Baasma,1
780=,Jordyn,1,,1139=,Baila,1
780=,Jorge,1,,1139=,Bailie,1
780=,Josh-Matthew,1,,1139=,Bailli,1
780=,Josha,1,,1139=,Bayan,1
780=,Josiah,1,,1139=,Bayley,1
780=,Joss,1,,1139=,Bea,1
780=,Joven,1,,1139=,Bea-Bea,1
780=,Judd,1,,1139=,Beca,1
780=,Jugers,1,,1139=,Beckie,1
780=,Juima,1,,1139=,Becky-Ann,1
780=,Jules,1,,1139=,Bekah,1
780=,Julian,1,,1139=,Bekha,1
780=,Julius,1,,1139=,Bellana,1
780=,Junayd,1,,1139=,Berenice,1
780=,Ka-Lok,1,,1139=,Beritan,1
780=,Kaan,1,,1139=,Bernadette,1
780=,Kabir,1,,1139=,Bernadette-Anne,1
780=,Kadin,1,,1139=,Bethanie,1
780=,Kaelan,1,,1139=,Bethanny,1
780=,Kaelin,1,,1139=,Betheney,1
780=,Kaia,1,,1139=,Bethia,1
780=,Kaigan,1,,1139=,Bianca,1
780=,Kailibbe,1,,1139=,Bibi,1
780=,Kain,1,,1139=,Billi,1
780=,Kaine,1,,1139=,Billie-Jean,1
780=,Kais,1,,1139=,Billyjo,1
780=,Kaisan,1,,1139=,Bisma,1
780=,Kaithin,1,,1139=,Bismah,1
780=,Kale,1,,1139=,Bismillah,1
780=,Kalebh,1,,1139=,Blaine,1
780=,Kalen,1,,1139=,Blane,1
780=,Kalin,1,,1139=,Blerta,1
780=,Kallan,1,,1139=,Blessing,1
780=,Kamal,1,,1139=,Blodwyn,1
780=,Kamen,1,,1139=,Blyth,1
780=,Kamuran,1,,1139=,Bobbi-Lee,1
780=,Kanayo,1,,1139=,Bothaina,1
780=,Kar,1,,1139=,Boushra,1
780=,Karikalan,1,,1139=,Braidan,1
780=,Karson,1,,1139=,Brannagh,1
780=,Karunraj,1,,1139=,Brayanna,1
780=,Kavan,1,,1139=,Brayden,1
780=,Kaylen,1,,1139=,Breagh,1
780=,Kayoum,1,,1139=,Breagha,1
780=,Keaghan,1,,1139=,Breda,1
780=,Kealan,1,,1139=,Breegan,1
780=,Kean,1,,1139=,Breid,1
780=,Keanan,1,,1139=,Bria,1
780=,Keaton,1,,1139=,Briagha,1
780=,Kedar,1,,1139=,Brianne,1
780=,Keeley,1,,1139=,Brianny,1
780=,Keelin,1,,1139=,Brid,1
780=,Keelor,1,,1139=,Brieze,1
780=,Keeran,1,,1139=,Brighid,1
780=,Kees,1,,1139=,Britney,1
780=,Kehl,1,,1139=,Brodi,1
780=,Keian,1,,1139=,Brodye,1
780=,Keifer,1,,1139=,Brogan-Anya,1
780=,Keighan,1,,1139=,Bronnen,1
780=,Keillour,1,,1139=,Bronte,1
780=,Keirin,1,,1139=,Brook,1
780=,Keirran,1,,1139=,Brooke-Leigh,1
780=,Keiton,1,,1139=,Brooklynne,1
780=,Kell,1,,1139=,Broughan,1
780=,Kellar,1,,1139=,Bryanna,1
780=,Kendall,1,,1139=,Bushra,1
780=,Kenny,1,,1139=,Cadence,1
780=,Kerin,1,,1139=,Cadhla,1
780=,Kersley,1,,1139=,Caera,1
780=,Keva,1,,1139=,Caihden,1
780=,Khael,1,,1139=,Cailan,1
780=,Khaine,1,,1139=,Cailey,1
780=,Khaled,1,,1139=,Cailinn,1
780=,Khalil,1,,1139=,Cailyn,1
780=,Kiale,1,,1139=,Caishlyn,1
780=,Kiane,1,,1139=,Caitlain,1
780=,Kiel,1,,1139=,Caitlian,1
780=,Kienan,1,,1139=,Caitlin-Jane,1
780=,Kieran-Thomas,1,,1139=,Caitlynn,1
780=,Kierien,1,,1139=,Caitriona,1
780=,Kiern,1,,1139=,Caleece,1
780=,Kin,1,,1139=,Calen,1
780=,Kinlay,1,,1139=,Calena,1
780=,Kinnell,1,,1139=,Caley-Mae,1
780=,Kirandeep,1,,1139=,Cali,1
780=,Kobe,1,,1139=,Calista,1
780=,Kobi-Declan,1,,1139=,Calla,1
780=,Koby,1,,1139=,Calley,1
780=,Kody,1,,1139=,Caly,1
780=,Konstantin,1,,1139=,Canbright,1
780=,Koon,1,,1139=,Candise,1
780=,Koray,1,,1139=,Candy,1
780=,Korbyn,1,,1139=,Cansu,1
780=,Kori,1,,1139=,Caprice,1
780=,Kourosh,1,,1139=,Cara-Lee,1
780=,Kreesh,1,,1139=,Cara-Louise,1
780=,Krish,1,,1139=,Caragh-Rose,1
780=,Krishnan,1,,1139=,Carena,1
780=,Krisstoffer,1,,1139=,Carenza,1
780=,Kristen,1,,1139=,Carien,1
780=,Kristi,1,,1139=,Carima,1
780=,Kristjan,1,,1139=,Carina,1
780=,Kristo-Matti,1,,1139=,Caris,1
780=,Kristy,1,,1139=,Carla-Valentina,1
780=,Kritsada,1,,1139=,Carleen,1
780=,Krystjan,1,,1139=,Carlie,1
780=,Krzysztof-Cameron,1,,1139=,Carly-Marie,1
780=,Kunashe,1,,1139=,Carlyn,1
780=,Kush,1,,1139=,Carmel,1
780=,Kwame,1,,1139=,Carmina,1
780=,Kyan,1,,1139=,Carol-Anne,1
780=,Kylle,1,,1139=,Carola,1
780=,Kyriacos,1,,1139=,Carolyn,1
780=,Lachlin,1,,1139=,Carrie-Ann,1
780=,Lachlynd,1,,1139=,Carringan,1
780=,Lacoy,1,,1139=,Caryn,1
780=,Laith,1,,1139=,Casey-Dionne,1
780=,Lakhpreet,1,,1139=,Casey-Louise,1
780=,Lance,1,,1139=,Casselle,1
780=,Landen,1,,1139=,Cassey,1
780=,Lao,1,,1139=,Cassi,1
780=,Larsson,1,,1139=,Cassia,1
780=,Lathyn,1,,1139=,Cassy,1
780=,Lauchie,1,,1139=,Catherine-Anne,1
780=,Laurie,1,,1139=,Catilyn,1
780=,Layton,1,,1139=,Catlin,1
780=,Leigh,1,,1139=,Catlynn,1
780=,Leodhais,1,,1139=,Catrine,1
780=,Leodhas,1,,1139=,Ceana,1
780=,Leonardo,1,,1139=,Cecilia,1
780=,Leone,1,,1139=,Ceejay,1
780=,Leslie,1,,1139=,Ceire,1
780=,Lewiss,1,,1139=,Ceire-Louise,1
780=,Leyth,1,,1139=,Celeste,1
780=,Liall,1,,1139=,Celia,1
780=,Liam-James,1,,1139=,Celina,1
780=,Liam-John,1,,1139=,Ceri-Ann,1
780=,Linden,1,,1139=,Cerine,1
780=,Lindsay,1,,1139=,Cerise,1
780=,Llevi,1,,1139=,Cerris,1
780=,Lochlin,1,,1139=,Cerwen,1
780=,Loic,1,,1139=,Cerwyss,1
780=,Lomond,1,,1139=,Chahna,1
780=,Louis-Antoine,1,,1139=,Chaimaa,1
780=,Lovejeet,1,,1139=,Chanell,1
780=,Luc-Aurelien,1,,1139=,Changshi,1
780=,Lucca,1,,1139=,Chanise,1
780=,Luciano,1,,1139=,Chantall,1
780=,Luka-John,1,,1139=,Chardonnay,1
780=,Lukah,1,,1139=,Charise,1
780=,Lukha,1,,1139=,Charity,1
780=,Luqman,1,,1139=,Charlay,1
780=,Lydon,1,,1139=,Charlee,1
780=,Maaz,1,,1139=,Charleen,1
780=,Mace,1,,1139=,Charley-Ann,1
780=,Mahir,1,,1139=,Charley-May,1
780=,Makenzie,1,,1139=,Charvi,1
780=,Maksim,1,,1139=,Chase,1
780=,Malachi,1,,1139=,Chavonne,1
780=,Malek,1,,1139=,Chaya-Lee,1
780=,Malik,1,,1139=,Chelcie,1
780=,Man,1,,1139=,Chelsea-Lea,1
780=,Manasse,1,,1139=,Chelsi-Anne,1
780=,Mandeep,1,,1139=,Chenice,1
780=,Manis,1,,1139=,Chenise,1
780=,Manjit,1,,1139=,Cherise,1
780=,Mankaran,1,,1139=,Cherisse,1
780=,Manmeet,1,,1139=,Cheryl-Leigh,1
780=,Manpreet,1,,1139=,Chi,1
780=,Marcel,1,,1139=,Chiaran,1
780=,Marcio,1,,1139=,Chinice,1
780=,Mario,1,,1139=,Chloe-Anne,1
780=,Marko,1,,1139=,Chloemarie,1
780=,Marti,1,,1139=,Chole,1
780=,Marty,1,,1139=,Chrissie,1
780=,Martynas,1,,1139=,Chrissy,1
780=,Masanori,1,,1139=,Christen,1
780=,Mashoud,1,,1139=,Christephe,1
780=,Mathieu,1,,1139=,Chyvonne,1
780=,Mathu,1,,1139=,Ciarha,1
780=,Matteo,1,,1139=,Cieron,1
780=,Matthias,1,,1139=,Cindy,1
780=,Mattis,1,,1139=,Ciorstaidh,1
780=,Maureno,1,,1139=,Clair-Soo,1
780=,Maurice,1,,1139=,Clarissa,1
780=,Mauricio,1,,1139=,Claryce,1
780=,Maurizio,1,,1139=,Claudie,1
780=,Maverick,1,,1139=,Clelia,1
780=,Maxamillian,1,,1139=,Clementine,1
780=,Maxi,1,,1139=,Cliodhna,1
780=,Maxx,1,,1139=,Cliona,1
780=,Mazen,1,,1139=,Clodagh,1
780=,Mazyar,1,,1139=,Cloe,1
780=,Mbarak,1,,1139=,Clover,1
780=,Mckenzie,1,,1139=,Codee,1
780=,Meherwaan,1,,1139=,Cody-Jane,1
780=,Mehmet,1,,1139=,Cody-Leigh,1
780=,Mehraz,1,,1139=,Coia,1
780=,Meilad,1,,1139=,Coire,1
780=,Melian,1,,1139=,Colla,1
780=,Mellad,1,,1139=,Collie,1
780=,Memphis,1,,1139=,Conner,1
780=,Merlin,1,,1139=,Connie-Marie,1
780=,Micah,1,,1139=,Corin,1
780=,Michal,1,,1139=,Corinna,1
780=,Michele,1,,1139=,Corralena,1
780=,Mikaeel,1,,1139=,Corran,1
780=,Mikail,1,,1139=,Cortnie,1
780=,Milan,1,,1139=,Cory,1
780=,Millan,1,,1139=,Courteney,1
780=,Milligan,1,,1139=,Courtnai,1
780=,Mir,1,,1139=,Courtney-Leigh,1
780=,Misir,1,,1139=,Courtney-Louise,1
780=,Moghees,1,,1139=,Courtni,1
780=,Mohamad,1,,1139=,Creina,1
780=,Mohaman,1,,1139=,Cristiana,1
780=,Mohammad-Hamza,1,,1139=,Cristy,1
780=,Mohannad,1,,1139=,Cyndy,1
780=,Mohit,1,,1139=,Daani,1
780=,Mohssen,1,,1139=,Dahnni,1
780=,Montague,1,,1139=,Daho,1
780=,Monther,1,,1139=,Daisey,1
780=,Monzer,1,,1139=,Dakota,1
780=,Moray,1,,1139=,Dalvinder,1
780=,Morien,1,,1139=,Danah,1
780=,Morrison,1,,1139=,Danica,1
780=,Morten,1,,1139=,Daniela,1
780=,Mosab,1,,1139=,Daniele,1
780=,Moses,1,,1139=,Danna,1
780=,Mouhammed,1,,1139=,Danni-Louise,1
780=,Mouiz,1,,1139=,Dannii,1
780=,Mourad,1,,1139=,Dannika,1
780=,Moussa,1,,1139=,Danuella,1
780=,Mu'azzam,1,,1139=,Danya,1
780=,Muahid,1,,1139=,Danyelle,1
780=,Mubashar,1,,1139=,Daphne,1
780=,Mudather,1,,1139=,Darby,1
780=,Muditha,1,,1139=,Darian,1
780=,Muhamad,1,,1139=,Darla,1
780=,Muhammad-Tulha,1,,1139=,Darryl,1
780=,Muharrem,1,,1139=,Darshan,1
780=,Muhmmad,1,,1139=,Darya,1
780=,Muir,1,,1139=,Daryl,1
780=,Mujo,1,,1139=,Davan,1
780=,Mujtaba,1,,1139=,Davina,1
780=,Mujtabah,1,,1139=,Dawn-June,1
780=,Mungo,1,,1139=,Daynah-Louise,1
780=,Muntasir,1,,1139=,Deah,1
780=,Murdoch,1,,1139=,Deana,1
780=,Murphy,1,,1139=,Deane,1
780=,Murry,1,,1139=,Deanelle,1
780=,Murugesan,1,,1139=,Deanne,1
780=,Mus'ab,1,,1139=,Debra,1
780=,Musa,1,,1139=,Dee-Anne,1
780=,Musticallo,1,,1139=,Deeba,1
780=,Naa'il,1,,1139=,Deena,1
780=,Naase,1,,1139=,Deenah,1
780=,Nabil,1,,1139=,Deirdre,1
780=,Nacer,1,,1139=,Deksi-Lee,1
780=,Najeeb-U-Rehman,1,,1139=,Delara,1
780=,Nana,1,,1139=,Demi-Ann,1
780=,Nathan-Jack,1,,1139=,Demi-Lea,1
780=,Nathanial,1,,1139=,Demijane,1
780=,Naveed,1,,1139=,Demileigh,1
780=,Navid,1,,1139=,Demmi,1
780=,Navraj,1,,1139=,Dena,1
780=,Naythan,1,,1139=,Denise,1
780=,Nazim,1,,1139=,Deniz,1
780=,Neal,1,,1139=,Deone,1
780=,Neasan,1,,1139=,Deri,1
780=,Neco,1,,1139=,Deri-Jean,1
780=,Nedor,1,,1139=,Derri,1
780=,Neeraj,1,,1139=,Derry,1
780=,Neo,1,,1139=,Dervla,1
780=,Nezar,1,,1139=,Deryn,1
780=,Nghiep,1,,1139=,Destina,1
780=,Nick,1,,1139=,Devan,1
780=,Nicola,1,,1139=,Devanna,1
780=,Nicolai,1,,1139=,Devlin,1
780=,Nidhish,1,,1139=,Devonn,1
780=,Nihal,1,,1139=,Devrah,1
780=,Nikhil,1,,1139=,Devryn,1
780=,Nikol,1,,1139=,Dharma,1
780=,Nikolaos,1,,1139=,Dia,1
780=,Nirmal,1,,1139=,Diana,1
780=,Norman,1,,1139=,Dickson,1
780=,Nyasha,1,,1139=,Dielle,1
780=,Odin,1,,1139=,Dilek,1
780=,Oghenetega,1,,1139=,Dima,1
780=,Oisin,1,,1139=,Dixie'drea,1
780=,Olan,1,,1139=,Doga,1
780=,Olatunde,1,,1139=,Dolores,1
780=,Oliwer,1,,1139=,Donduzilan,1
780=,Ollie,1,,1139=,Donelsa,1
780=,Oluwadamilare,1,,1139=,Donna-Marie,1
780=,Omann,1,,1139=,Donnajean,1
780=,Omed,1,,1139=,Donnamarie,1
780=,Onno,1,,1139=,Donya,1
780=,Oren,1,,1139=,Dorna,1
780=,Orlando,1,,1139=,Dru,1
780=,Orrin,1,,1139=,Dua,1
780=,Osama,1,,1139=,Duaa,1
780=,Osebhahiemen,1,,1139=,Duha,1
780=,Oshith,1,,1139=,Dulcie,1
780=,Oster,1,,1139=,Duniya,1
780=,Owan,1,,1139=,Durdane,1
780=,Ozair,1,,1139=,Dylan,1
780=,Ozan,1,,1139=,Eabha,1
780=,Pablo,1,,1139=,Eboney,1
780=,Panagiotis,1,,1139=,Eboni-Rose,1
780=,Paneet,1,,1139=,Ebonylouise,1
780=,Paraschos,1,,1139=,Edie,1
780=,Parwar,1,,1139=,Edith,1
780=,Pascal,1,,1139=,Effua,1
780=,Patraic,1,,1139=,Eileigh,1
780=,Paul-Jacob,1,,1139=,Eilin,1
780=,Pavel,1,,1139=,Eilis,1
780=,Payton,1,,1139=,Eilisha,1
780=,Peer,1,,1139=,Eimear,1
780=,Pelayo,1,,1139=,Eire,1
780=,Pepijn,1,,1139=,Ekram,1
780=,Percy,1,,1139=,Elaheh,1
780=,Petr,1,,1139=,Elan,1
780=,Petrus,1,,1139=,Eleana,1
780=,Pierre,1,,1139=,Eleanah,1
780=,Poitier,1,,1139=,Eleanore,1
780=,Pol,1,,1139=,Elen,1
780=,Prabdiyal,1,,1139=,Eleni,1
780=,Prakash,1,,1139=,Eleonor,1
780=,Pranav,1,,1139=,Elham,1
780=,Pranith,1,,1139=,Eli-Anna,1
780=,Preston,1,,1139=,Elianna,1
780=,Prezent,1,,1139=,Elicia,1
780=,Qaasim,1,,1139=,Elinor,1
780=,Qi,1,,1139=,Elisabeth,1
780=,Quentin,1,,1139=,Elise-Marie,1
780=,Quinlan,1,,1139=,Elissa,1
780=,Quinn,1,,1139=,Elixabete,1
780=,Raafay,1,,1139=,Elizaveta,1
780=,Raaj,1,,1139=,Ellae,1
780=,Radovan,1,,1139=,Elle-Brooke,1
780=,Rae,1,,1139=,Elle-Jean,1
780=,Rafael,1,,1139=,Elleanor,1
780=,Raheem,1,,1139=,Ellee,1
780=,Rahmaan,1,,1139=,Elleidh,1
780=,Rahub,1,,1139=,Elleigh,1
780=,Raif,1,,1139=,Elleisha,1
780=,Raigyn,1,,1139=,Ellenor,1
780=,Raimundo,1,,1139=,Ellesha,1
780=,Raith,1,,1139=,Elli-Loueeze,1
780=,Rajab,1,,1139=,Elli-Louise,1
780=,Rakan,1,,1139=,Ellice,1
780=,Rakesh,1,,1139=,Ellie-Ann,1
780=,Ralf,1,,1139=,Ellie-Anna,1
780=,Ram,1,,1139=,Ellie-Jay,1
780=,Rami,1,,1139=,Ellie-Leigh,1
780=,Ramiro,1,,1139=,Ellie-Louise,1
780=,Ramiz,1,,1139=,Ellie-Phoenix,1
780=,Ramsi,1,,1139=,Elliott,1
780=,Rana,1,,1139=,Ellissa,1
780=,Ranald,1,,1139=,Ellize,1
780=,Rayaan,1,,1139=,Elloise,1
780=,Raymon,1,,1139=,Elly-Mae,1
780=,Raymond-James,1,,1139=,Ellycia,1
780=,Rayyan,1,,1139=,Ellylee,1
780=,Rebar,1,,1139=,Elmarie,1
780=,Reda,1,,1139=,Elona,1
780=,Redmond,1,,1139=,Elsa,1
780=,Regen,1,,1139=,Elvina,1
780=,Regis,1,,1139=,Elycia,1
780=,Rehan,1,,1139=,Elys,1
780=,Reid,1,,1139=,Emaan,1
780=,Reuben-Jon,1,,1139=,Eman,1
780=,Rewa,1,,1139=,Emer,1
780=,Reyan,1,,1139=,Emi,1
780=,Reza,1,,1139=,Emilee,1
780=,Rezwan,1,,1139=,Emily-Jane,1
780=,Rheagan,1,,1139=,Emma-Claire,1
780=,Rhian,1,,1139=,Emma-Jae,1
780=,Rhion,1,,1139=,Emma-Lea,1
780=,Rhoari,1,,1139=,Emmaleigh,1
780=,Rhuari,1,,1139=,Emmanuella,1
780=,Rhuiri,1,,1139=,Emmanuelle,1
780=,Rhye,1,,1139=,Emme,1
780=,Rhyinn-Adam,1,,1139=,Emmeline,1
780=,Rhylee,1,,1139=,Emmy,1
780=,Rhyse,1,,1139=,Emoke,1
780=,Ricardo,1,,1139=,Emy,1
780=,Riccardo,1,,1139=,Ena,1
780=,Richey,1,,1139=,Ennah,1
780=,Ricki,1,,1139=,Ensaf,1
780=,Rico,1,,1139=,Enya,1
780=,Riki,1,,1139=,Erin-Louise,1
780=,Rion,1,,1139=,Erina,1
780=,River,1,,1139=,Erinna,1
780=,Rizwan,1,,1139=,Eron,1
780=,Robby,1,,1139=,Erynne,1
780=,Robertlee,1,,1139=,Esha,1
780=,Robi,1,,1139=,Esmae,1
780=,Robson,1,,1139=,Estella,1
780=,Robyn,1,,1139=,Eun-Ji,1
780=,Rodel,1,,1139=,Evaline,1
780=,Roghan,1,,1139=,Evan,1
780=,Rohaan,1,,1139=,Evanna,1
780=,Rohail,1,,1139=,Evdokia,1
780=,Rohin,1,,1139=,Eve-Maria,1
780=,Roland,1,,1139=,Ezgi,1
780=,Romik,1,,1139=,Faatimah,1
780=,Roni,1,,1139=,Fabienne,1
780=,Rosanthan,1,,1139=,Fabini,1
780=,Rostislav,1,,1139=,Fadia,1
780=,Ruadhri,1,,1139=,Faheema,1
780=,Ruaidhri,1,,1139=,Faidh-Mara,1
780=,Ruan,1,,1139=,Faiza,1
780=,Ruariadh,1,,1139=,Fajar,1
780=,Ruhan,1,,1139=,Famke,1
780=,Rui,1,,1139=,Farahah,1
780=,Rupin,1,,1139=,Fareeha,1
780=,Russel,1,,1139=,Farheen,1
780=,Rustam,1,,1139=,Fariha,1
780=,Ryall,1,,1139=,Farihah,1
780=,Ryan-Lee,1,,1139=,Fathimathu,1
780=,Ryden,1,,1139=,Fathma,1
780=,Ryely,1,,1139=,Fatin,1
780=,Rylee,1,,1139=,Fatos,1
780=,Ryley,1,,1139=,Fearne,1
780=,Ryven,1,,1139=,Felistas,1
780=,Sachin,1,,1139=,Felomena,1
780=,Safi,1,,1139=,Fernanda,1
780=,Sahail,1,,1139=,Fey,1
780=,Sahil,1,,1139=,Fhallon,1
780=,Sai,1,,1139=,Fieron,1
780=,Saim,1,,1139=,Finley,1
780=,Saketh,1,,1139=,Finnleigh,1
780=,Sakib,1,,1139=,Finty,1
780=,Salah,1,,1139=,Finya,1
780=,Samee,1,,1139=,Fiona-Jane,1
780=,Sameer,1,,1139=,Fionnuala,1
780=,Sammi,1,,1139=,Fizaa,1
780=,Samuela,1,,1139=,Fizzah,1
780=,Samya,1,,1139=,Fleur,1
780=,Santiago,1,,1139=,Franki,1
780=,Santino,1,,1139=,Frayla,1
780=,Santo,1,,1139=,Freja,1
780=,Saqib,1,,1139=,Freje,1
780=,Sarkwat,1,,1139=,Freyda,1
780=,Sarren,1,,1139=,Fynn,1
780=,Sascha,1,,1139=,Fyza,1
780=,Saun,1,,1139=,Gabby,1
780=,Sean-Findley,1,,1139=,Gabi,1
780=,Sean-Lea,1,,1139=,Gaelle,1
780=,Seanpatrick,1,,1139=,Gayle,1
780=,Seb,1,,1139=,Gaynor,1
780=,Sebastion,1,,1139=,Genna,1
780=,Seff-Ali,1,,1139=,Georgeann,1
780=,Seka,1,,1139=,Georgi,1
780=,Selim,1,,1139=,Georgia-Lee,1
780=,Semas,1,,1139=,Geraldine,1
780=,Seonaidh,1,,1139=,Gerrie,1
780=,Sergei,1,,1139=,Ghada,1
780=,Sergio,1,,1139=,Ghargghi,1
780=,Serkan,1,,1139=,Gi,1
780=,Sezgin,1,,1139=,Gianna,1
780=,Shahmir,1,,1139=,Gilberta,1
780=,Shahmirr,1,,1139=,Gill,1
780=,Shakeel,1,,1139=,Giuliana,1
780=,Shakil,1,,1139=,Gizem,1
780=,Shakile,1,,1139=,Glenn,1
780=,Shalin,1,,1139=,Gokce,1
780=,Sharik,1,,1139=,Gowan,1
780=,Shaun-Ryan,1,,1139=,Grania,1
780=,Shaunik,1,,1139=,Greer,1
780=,Shaunpaul,1,,1139=,Greta,1
780=,Shavez,1,,1139=,Guher,1
780=,Shawaiz,1,,1139=,Gul,1
780=,Shaylen,1,,1139=,Gulben,1
780=,Sheikh,1,,1139=,Haadiyah,1
780=,Sheng,1,,1139=,Hafren,1
780=,Sheradan,1,,1139=,Hajir,1
780=,Shimon,1,,1139=,Hala,1
780=,Shpejtim,1,,1139=,Haleema,1
780=,Shrish,1,,1139=,Haleemah,1
780=,Shuan,1,,1139=,Haley-Ann,1
780=,Siako,1,,1139=,Halla,1
780=,Sian,1,,1139=,Hallie,1
780=,Siddharth,1,,1139=,Hamde,1
780=,Sidharth,1,,1139=,Hanadi,1
780=,Sikandar,1,,1139=,Hani,1
780=,Sinclair,1,,1139=,Hanim,1
780=,Sion,1,,1139=,Hannah-Beth,1
780=,Sirag,1,,1139=,Hannah-Jane,1
780=,Siris,1,,1139=,Hannah-Kousar,1
780=,Siyar,1,,1139=,Hannah-Louise,1
780=,Siyuan,1,,1139=,Hannah-Siobhan,1
780=,Smaeel,1,,1139=,Hannahlee,1
780=,Solomon,1,,1139=,Haram,1
780=,Soner,1,,1139=,Hargeet,1
780=,Spencer,1,,1139=,Harleen,1
780=,Spike,1,,1139=,Harleigh,1
780=,Srithik,1,,1139=,Harley-Jane,1
780=,Steffan,1,,1139=,Harnoor,1
780=,Steve,1,,1139=,Harsharan,1
780=,Stevie,1,,1139=,Hattie,1
780=,Stjohn,1,,1139=,Hayden,1
780=,Su-Rui,1,,1139=,Haydia,1
780=,Sucha,1,,1139=,Hazeeqa,1
780=,Sukhveer,1,,1139=,Helina,1
780=,Sulaiman,1,,1139=,Hendrix,1
780=,Sulayman,1,,1139=,Henna,1
780=,Suleman,1,,1139=,Henrietta,1
780=,Sunil,1,,1139=,Hermione,1
780=,T-Jay,1,,1139=,Hester,1
780=,Tabish,1,,1139=,Hifsa,1
780=,Tadhg,1,,1139=,Hifsah,1
780=,Taegen,1,,1139=,Hina,1
780=,Tahir,1,,1139=,Hinna,1
780=,Tahseen,1,,1139=,Hoda,1
780=,Taige,1,,1139=,Holi,1
780=,Talon,1,,1139=,Holli-Patricia,1
780=,Talyn,1,,1139=,Hollie-Belle,1
780=,Tameem,1,,1139=,Holly-Belle,1
780=,Tane,1,,1139=,Hollye,1
780=,Tanguy,1,,1139=,Honey,1
780=,Tanishq,1,,1139=,Honour,1
780=,Taraksh,1,,1139=,Hosanna,1
780=,Taran,1,,1139=,Hunia,1
780=,Tarek,1,,1139=,Husna,1
780=,Taro,1,,1139=,Husnaa,1
780=,Taryn,1,,1139=,Ida,1
780=,Tawfeek,1,,1139=,Idil,1
780=,Taye,1,,1139=,Ifeka,1
780=,Tayeeb,1,,1139=,Ila,1
780=,Taygan,1,,1139=,Ilaria,1
780=,Taylan,1,,1139=,Ilia,1
780=,Tayler,1,,1139=,Ilona,1
780=,Taylur,1,,1139=,Imani,1
780=,Tayo,1,,1139=,Indi,1
780=,Teddy,1,,1139=,Indiana,1
780=,Teo,1,,1139=,Indigo,1
780=,Thabiso,1,,1139=,Indio,1
780=,Thai,1,,1139=,Indira,1
780=,Theorathamos,1,,1139=,Indy,1
780=,Thierry,1,,1139=,Inez,1
780=,Thom,1,,1139=,Ingrid,1
780=,Thomas-James,1,,1139=,Inness,1
780=,Thomasz,1,,1139=,Inshirah,1
780=,Thor,1,,1139=,Iola,1
780=,Tiernan,1,,1139=,Ionna,1
780=,Tigan,1,,1139=,Ira,1
780=,Tiger,1,,1139=,Ishabelle,1
780=,Tighe,1,,1139=,Ishita,1
780=,Timo,1,,1139=,Isidora,1
780=,Timur,1,,1139=,Isina,1
780=,Tin,1,,1139=,Iskra,1
780=,Tjay,1,,1139=,Isolde,1
780=,Tobiah,1,,1139=,Izza,1
780=,Tod,1,,1139=,Izzy,1
780=,Toluwani,1,,1139=,Jacalyn,1
780=,Tommie,1,,1139=,Jacey,1
780=,Tommy-Lee,1,,1139=,Jackie,1
780=,Tomoki,1,,1139=,Jacquie,1
780=,Tomos,1,,1139=,Jade-Chloe,1
780=,Tor,1,,1139=,Jadyn,1
780=,Tori,1,,1139=,Jae,1
780=,Torquil,1,,1139=,Jahaira,1
780=,Torren,1,,1139=,Jaia,1
780=,Toshney,1,,1139=,Jaida,1
780=,Trae,1,,1139=,Jaide,1
780=,Traviss,1,,1139=,Jaimee-Leigh,1
780=,Trent,1,,1139=,Jaimilea,1
780=,'True,1,,1139=,Jaina,1
780=,Trygg,1,,1139=,Jalissa,1
780=,Tushar,1,,1139=,James,1
780=,Tyelar,1,,1139=,Jami,1
780=,Tyeler,1,,1139=,Jamie-Lee-Ann,1
780=,Tyghan,1,,1139=,Jamiee,1
780=,Tyler-James,1,,1139=,Jamieleigh,1
780=,Tylerjohn,1,,1139=,Jamiie,1
780=,Tyran,1,,1139=,Jane-Marie,1
780=,Tyree,1,,1139=,Janet,1
780=,Tyrhys,1,,1139=,Janine,1
780=,Tyrone,1,,1139=,Janire,1
780=,Ugochukwu,1,,1139=,Jasmeen,1
780=,Umair,1,,1139=,Jasmine-Star,1
780=,Umayr,1,,1139=,Jasmyne,1
780=,Umut,1,,1139=,Jawaher,1
780=,Urdin,1,,1139=,Jaxon,1
780=,Urslaan,1,,1139=,Jay-Jay,1
780=,Usmaan,1,,1139=,Jayann,1
780=,Uzair,1,,1139=,Jaybea,1
780=,Varun,1,,1139=,Jayda,1
780=,Vaughn,1,,1139=,Jaylea,1
780=,Veselin,1,,1139=,Jayme-Leigh,1
780=,Vickram,1,,1139=,Jaymee,1
780=,Vilson,1,,1139=,Jaymi,1
780=,Vinay,1,,1139=,Jaymie,1
780=,Vinnick,1,,1139=,Jayne,1
780=,Vinny,1,,1139=,Jazmine,1
780=,Vishal,1,,1139=,Jean-Asha,1
780=,Vittorio,1,,1139=,Jeanie,1
780=,Wadie,1,,1139=,Jelena,1
780=,Waiz,1,,1139=,Jem,1
780=,Wajadullah,1,,1139=,Jemima,1
780=,Walter,1,,1139=,Jenah,1
780=,Warner,1,,1139=,Jenetaoluchi,1
780=,Wayne,1,,1139=,Jennifer-Lee,1
780=,Wilem,1,,1139=,Jersey,1
780=,Winston,1,,1139=,Jesamie,1
780=,Wisam,1,,1139=,Jessamy,1
780=,Wynn,1,,1139=,Jessica-Rose,1
780=,Xandru,1,,1139=,Jez,1
780=,Xhek,1,,1139=,Jia,1
780=,Xi,1,,1139=,Jillie,1
780=,Yacer,1,,1139=,Jilly,1
780=,Yashar,1,,1139=,Jing,1
780=,Yasin,1,,1139=,Jo-Anna,1
780=,Yazdun,1,,1139=,Joani,1
780=,Yekta,1,,1139=,Jocasta,1
780=,Yeloan,1,,1139=,Joe,1
780=,Yiu,1,,1139=,Johannah,1
780=,Yong,1,,1139=,Joni,1
780=,Yoseuf,1,,1139=,Joplin,1
780=,Youcef,1,,1139=,Jordan-Leigh,1
780=,Yousif,1,,1139=,Jordane,1
780=,Yuill,1,,1139=,Jordann,1
780=,Yusaf,1,,1139=,Jordanna,1
780=,Yusha,1,,1139=,Jordelle,1
780=,Zaac,1,,1139=,Jordon,1
780=,Zaak,1,,1139=,Jorgey,1
780=,Zaakir,1,,1139=,Jorgie-Louise,1
780=,Zacharias,1,,1139=,Joslyn,1
780=,Zacharry,1,,1139=,Judith,1
780=,Zacheriah,1,,1139=,Jules,1
780=,Zain-Ul-Abideen,1,,1139=,Julie-Ann,1
780=,Zain-Ul-Abidin,1,,1139=,Julie-Anne,1
780=,Zaine,1,,1139=,Julieanne,1
780=,Zakaa,1,,1139=,Junnat,1
780=,Zakar,1,,1139=,Jura,1
780=,Zakaria,1,,1139=,Juri,1
780=,Zakir,1,,1139=,Jyoti,1
780=,Zakk,1,,1139=,Ka,1
780=,Zaky,1,,1139=,Kacey-Leigh,1
780=,Zander-Ritchie,1,,1139=,Kaci-Lee,1
780=,Zavian,1,,1139=,Kaci-Lei,1
780=,Zayed,1,,1139=,Kacy,1
780=,Zayn,1,,1139=,Kadi,1
780=,Zechariah,1,,1139=,Kaeleigh-Ann,1
780=,Zed,1,,1139=,Kaely,1
780=,Zeeshan,1,,1139=,Kai-Marie,1
780=,Zeid,1,,1139=,Kaiah,1
780=,Ziggy,1,,1139=,Kaidyn,1
780=,Zion,1,,1139=,Kailah,1
780=,Zishan,1,,1139=,Kaile,1
780=,Zubiar,1,,1139=,Kailee,1
,,,,1139=,Kaileigh-Jane,1
,,,,1139=,Kailie,1
,,,,1139=,Kairistiona,1
,,,,1139=,Kaitlain,1
,,,,1139=,Kajia,1
,,,,1139=,Kalea,1
,,,,1139=,Kalla,1
,,,,1139=,Kalli,1
,,,,1139=,Kallie,1
,,,,1139=,Kallista,1
,,,,1139=,Kalycia,1
,,,,1139=,Kama,1
,,,,1139=,Kameryn,1
,,,,1139=,Kami,1
,,,,1139=,Kamilia,1
,,,,1139=,Kammalveer,1
,,,,1139=,Kandy,1
,,,,1139=,Kanesly,1
,,,,1139=,Karah,1
,,,,1139=,Kareena,1
,,,,1139=,Karene,1
,,,,1139=,Karenza,1
,,,,1139=,Kari-Ann,1
,,,,1139=,Karien,1
,,,,1139=,Karin,1
,,,,1139=,Karine,1
,,,,1139=,Karishma,1
,,,,1139=,Karisma,1
,,,,1139=,Karmyn,1
,,,,1139=,Karolena,1
,,,,1139=,Karoline-Jayne,1
,,,,1139=,Karrah,1
,,,,1139=,Karsey,1
,,,,1139=,Kasia,1
,,,,1139=,Kassandra,1
,,,,1139=,Kassia,1
,,,,1139=,Kassidy,1
,,,,1139=,Kassie-Louise,1
,,,,1139=,Katarina,1
,,,,1139=,Katelynne,1
,,,,1139=,Katerina,1
,,,,1139=,Katey,1
,,,,1139=,Katharina,1
,,,,1139=,Kathrine,1
,,,,1139=,Katia,1
,,,,1139=,Katie-Ann,1
,,,,1139=,Katie-Jane,1
,,,,1139=,Katie-Jayne,1
,,,,1139=,Katja,1
,,,,1139=,Katlynn,1
,,,,1139=,Katryn,1
,,,,1139=,Katy-Lee,1
,,,,1139=,Kavibriya,1
,,,,1139=,Kay-Lee,1
,,,,1139=,Kaycie,1
,,,,1139=,Kayleigh-Louise,1
,,,,1139=,Kayliegh,1
,,,,1139=,Kayly,1
,,,,1139=,Kaylyn,1
,,,,1139=,Kayren,1
,,,,1139=,Kaysae,1
,,,,1139=,Kayshaleigh,1
,,,,1139=,Kaytlin,1
,,,,1139=,Kazia,1
,,,,1139=,Keala,1
,,,,1139=,Kealeigh,1
,,,,1139=,Keane,1
,,,,1139=,Keanne,1
,,,,1139=,Keara,1
,,,,1139=,Kearney,1
,,,,1139=,Keavey,1
,,,,1139=,Keeley,1
,,,,1139=,Keelie,1
,,,,1139=,Keely,1
,,,,1139=,Keerah,1
,,,,1139=,Keevna,1
,,,,1139=,Keighley,1
,,,,1139=,Keilaigh,1
,,,,1139=,Keilidh,1
,,,,1139=,Keira-Ann,1
,,,,1139=,Keiragh,1
,,,,1139=,Keirah,1
,,,,1139=,Keisha,1
,,,,1139=,Keje,1
,,,,1139=,Kelan,1
,,,,1139=,Kelbie,1
,,,,1139=,Keli-Brook,1
,,,,1139=,Kelli,1
,,,,1139=,Kellie,1
,,,,1139=,Kelsee,1
,,,,1139=,Kelsey-Anne,1
,,,,1139=,Kelsie-Anne,1
,,,,1139=,Kelsy,1
,,,,1139=,Kelyness,1
,,,,1139=,Kendel,1
,,,,1139=,Kendell,1
,,,,1139=,Kendra,1
,,,,1139=,Kenedy,1
,,,,1139=,Kenna,1
,,,,1139=,Kenya,1
,,,,1139=,Kera,1
,,,,1139=,Kereese,1
,,,,1139=,Kerenza,1
,,,,1139=,Keriss,1
,,,,1139=,Kern,1
,,,,1139=,Kerren,1
,,,,1139=,Kerri-Anne,1
,,,,1139=,Kerrigan,1
,,,,1139=,Kerrin,1
,,,,1139=,Kerry-Ann,1
,,,,1139=,Kerryanne,1
,,,,1139=,Kesia,1
,,,,1139=,Ketsia,1
,,,,1139=,Keva,1
,,,,1139=,Kevagh,1
,,,,1139=,Keyleigh,1
,,,,1139=,Kezia,1
,,,,1139=,Khadeejah,1
,,,,1139=,Khali,1
,,,,1139=,Khara,1
,,,,1139=,Khateejha,1
,,,,1139=,Khatija,1
,,,,1139=,Khawlah,1
,,,,1139=,Kheeva,1
,,,,1139=,Khia,1
,,,,1139=,Khianna,1
,,,,1139=,Khira,1
,,,,1139=,Khloe,1
,,,,1139=,Khushi,1
,,,,1139=,Kiala,1
,,,,1139=,Kiamae,1
,,,,1139=,Kiana-Lee,1
,,,,1139=,Kianna,1
,,,,1139=,Kianne,1
,,,,1139=,Kibla,1
,,,,1139=,Kide,1
,,,,1139=,Kiele,1
,,,,1139=,Kilian,1
,,,,1139=,Kimara,1
,,,,1139=,Kinvara,1
,,,,1139=,Kirah,1
,,,,1139=,Kiranjeet,1
,,,,1139=,Kiranjit,1
,,,,1139=,Kirra,1
,,,,1139=,Kirsti,1
,,,,1139=,Kitty-Anne,1
,,,,1139=,Kiya-Marie,1
,,,,1139=,Kiyah-Jade,1
,,,,1139=,Klara,1
,,,,1139=,Klaudia,1
,,,,1139=,Kleo,1
,,,,1139=,Kloi,1
,,,,1139=,Knoelani,1
,,,,1139=,Kobie,1
,,,,1139=,Kodie,1
,,,,1139=,Kody,1
,,,,1139=,Komal,1
,,,,1139=,Korie,1
,,,,1139=,Korrine,1
,,,,1139=,Krishma,1
,,,,1139=,Kristien,1
,,,,1139=,Kristy,1
,,,,1139=,Kristyn,1
,,,,1139=,Kristyna,1
,,,,1139=,Krystina,1
,,,,1139=,Krystine,1
,,,,1139=,Kunza,1
,,,,1139=,Kyah,1
,,,,1139=,Kyna,1
,,,,1139=,Kyomi,1
,,,,1139=,Kyrena,1
,,,,1139=,Kyrhys,1
,,,,1139=,Kyro,1
,,,,1139=,Laaryib,1
,,,,1139=,Lacoy,1
,,,,1139=,Laekin,1
,,,,1139=,Laiba,1
,,,,1139=,Laibah,1
,,,,1139=,Laila,1
,,,,1139=,Laine,1
,,,,1139=,Lainey,1
,,,,1139=,Lainie,1
,,,,1139=,Laiqah,1
,,,,1139=,Lakisha,1
,,,,1139=,Lanya,1
,,,,1139=,Lara-Jane,1
,,,,1139=,Lara-Jayne,1
,,,,1139=,Lareb,1
,,,,1139=,Larisa,1
,,,,1139=,Latisha,1
,,,,1139=,Latitia,1
,,,,1139=,Laura-Ann,1
,,,,1139=,Laurel,1
,,,,1139=,Lauri,1
,,,,1139=,Lausanne,1
,,,,1139=,Lavina,1
,,,,1139=,Laweeza,1
,,,,1139=,Lawry,1
,,,,1139=,Layaan,1
,,,,1139=,Laybah,1
,,,,1139=,Laylah,1
,,,,1139=,Laylia,1
,,,,1139=,Lea-Anne,1
,,,,1139=,Lea-Lyse,1
,,,,1139=,Leagha,1
,,,,1139=,Leah-Michelle,1
,,,,1139=,Leaha,1
,,,,1139=,Leandra,1
,,,,1139=,Leanna,1
,,,,1139=,Leannah,1
,,,,1139=,Leaonie,1
,,,,1139=,Lee,1
,,,,1139=,Lee-Ann,1
,,,,1139=,Leeanne,1
,,,,1139=,Leechelle,1
,,,,1139=,Leena,1
,,,,1139=,Leeona,1
,,,,1139=,Leesa,1
,,,,1139=,Leighann,1
,,,,1139=,Leighanne,1
,,,,1139=,Leilani,1
,,,,1139=,Leisha,1
,,,,1139=,Lelia,1
,,,,1139=,Lenka,1
,,,,1139=,Lenke,1
,,,,1139=,Leone,1
,,,,1139=,Leonikay,1
,,,,1139=,Leonna,1
,,,,1139=,Leonnaigh,1
,,,,1139=,Leonnie,1
,,,,1139=,Leonora,1
,,,,1139=,Leori,1
,,,,1139=,Lesley-Anne,1
,,,,1139=,Lexy,1
,,,,1139=,Liah,1
,,,,1139=,Lianna,1
,,,,1139=,Libbi,1
,,,,1139=,Libby-Jane,1
,,,,1139=,Lila,1
,,,,1139=,Liliana,1
,,,,1139=,Lillias,1
,,,,1139=,Lilly-Jo,1
,,,,1139=,Lily-Ann,1
,,,,1139=,Lily-Mae,1
,,,,1139=,Lilybeth,1
,,,,1139=,Linda,1
,,,,1139=,Lindi,1
,,,,1139=,Lindsaymarie,1
,,,,1139=,Lingwen,1
,,,,1139=,Lisa-Beth,1
,,,,1139=,Lisa-Marie,1
,,,,1139=,Lisalee,1
,,,,1139=,Lisbet,1
,,,,1139=,Lita,1
,,,,1139=,Livia,1
,,,,1139=,Liza,1
,,,,1139=,Lizzie,1
,,,,1139=,Lolly,1
,,,,1139=,Loni,1
,,,,1139=,Lontae,1
,,,,1139=,Loraina,1
,,,,1139=,Lorelle,1
,,,,1139=,Lorena,1
,,,,1139=,Lori-Lee,1
,,,,1139=,Lorie,1
,,,,1139=,Lorin,1
,,,,1139=,Lorn,1
,,,,1139=,Lorraine,1
,,,,1139=,Lottie,1
,,,,1139=,Louiza,1
,,,,1139=,Louize,1
,,,,1139=,Loujayne,1
,,,,1139=,Lourdes,1
,,,,1139=,Loveeza,1
,,,,1139=,Lowe,1
,,,,1139=,Lubina,1
,,,,1139=,Lucci,1
,,,,1139=,Lucee,1
,,,,1139=,Lucy-Anne,1
,,,,1139=,Lucy-Ella,1
,,,,1139=,Lucy-Lee,1
,,,,1139=,Luisaidh,1
,,,,1139=,Luka,1
,,,,1139=,Luma,1
,,,,1139=,Lux,1
,,,,1139=,Lyela,1
,,,,1139=,Lynda,1
,,,,1139=,Lynn,1
,,,,1139=,Lynn-Marie,1
,,,,1139=,Lynne,1
,,,,1139=,Lynsay,1
,,,,1139=,Lyta,1
,,,,1139=,Mabel,1
,,,,1139=,Macensie,1
,,,,1139=,Mackensie,1
,,,,1139=,Mackenzie-Jayde,1
,,,,1139=,Madalaine,1
,,,,1139=,Maddalena,1
,,,,1139=,Maddison,1
,,,,1139=,Maddy,1
,,,,1139=,Madiah,1
,,,,1139=,Madliene,1
,,,,1139=,Mae,1
,,,,1139=,Mae-Ling,1
,,,,1139=,Maebh,1
,,,,1139=,Maelle,1
,,,,1139=,Maggie,1
,,,,1139=,Maghyn,1
,,,,1139=,Mah-Noor,1
,,,,1139=,Maham,1
,,,,1139=,Mahanoor,1
,,,,1139=,Maheen,1
,,,,1139=,Maheru,1
,,,,1139=,Mahima,1
,,,,1139=,Mai,1
,,,,1139=,Maiken,1
,,,,1139=,Maile,1
,,,,1139=,Maili,1
,,,,1139=,Mailia,1
,,,,1139=,Maille,1
,,,,1139=,Maira,1
,,,,1139=,Mairiann,1
,,,,1139=,Mairinn,1
,,,,1139=,Malak,1
,,,,1139=,Malaykah,1
,,,,1139=,Maliha,1
,,,,1139=,Malika,1
,,,,1139=,Malise,1
,,,,1139=,Malissa,1
,,,,1139=,Malyka,1
,,,,1139=,Manazza,1
,,,,1139=,Maninder,1
,,,,1139=,Maninderpreet,1
,,,,1139=,Manjira,1
,,,,1139=,Manjoht,1
,,,,1139=,Manon,1
,,,,1139=,Manpreet,1
,,,,1139=,Maram,1
,,,,1139=,Marcus,1
,,,,1139=,Marcy,1
,,,,1139=,Margarita,1
,,,,1139=,Margo,1
,,,,1139=,Mari-Anne,1
,,,,1139=,Maria-Franca,1
,,,,1139=,Mariah,1
,,,,1139=,Mariame,1
,,,,1139=,Marian,1
,,,,1139=,Marie-Esther,1
,,,,1139=,Marie-Therese,1
,,,,1139=,Marigona,1
,,,,1139=,Marika,1
,,,,1139=,Marilou,1
,,,,1139=,Marisa,1
,,,,1139=,Marium,1
,,,,1139=,Mariyah,1
,,,,1139=,Marley,1
,,,,1139=,Marsaili,1
,,,,1139=,Marsailli,1
,,,,1139=,Marsali,1
,,,,1139=,Marseille,1
,,,,1139=,Marsha,1
,,,,1139=,Martine,1
,,,,1139=,Marwa,1
,,,,1139=,Marwah,1
,,,,1139=,Mary-Ann,1
,,,,1139=,Mary-Beth,1
,,,,1139=,Mary-Jo,1
,,,,1139=,Mason,1
,,,,1139=,Mathilda,1
,,,,1139=,Matilde,1
,,,,1139=,Matthew,1
,,,,1139=,Maxi,1
,,,,1139=,Maylene,1
,,,,1139=,Mayzel,1
,,,,1139=,Mazy,1
,,,,1139=,Mccaibe,1
,,,,1139=,Mckenna,1
,,,,1139=,Mckensy,1
,,,,1139=,Meabh,1
,,,,1139=,Meagan,1
,,,,1139=,Meara,1
,,,,1139=,Meena,1
,,,,1139=,Meenakshi,1
,,,,1139=,Meesha,1
,,,,1139=,Megan-Rose,1
,,,,1139=,Megane,1
,,,,1139=,Meganne,1
,,,,1139=,Megen,1
,,,,1139=,Meghna,1
,,,,1139=,Mehek,1
,,,,1139=,Mehrosh,1
,,,,1139=,Mehroun,1
,,,,1139=,Mehwish,1
,,,,1139=,Melihe,1
,,,,1139=,Melina,1
,,,,1139=,Melisa,1
,,,,1139=,Melissa-Alice,1
,,,,1139=,Melissa-Faith,1
,,,,1139=,Melisse,1
,,,,1139=,Melody-Hannah,1
,,,,1139=,Meredith,1
,,,,1139=,Merel,1
,,,,1139=,Merit,1
,,,,1139=,Merle,1
,,,,1139=,Merrin,1
,,,,1139=,Merve,1
,,,,1139=,Meryam,1
,,,,1139=,Mhairaed,1
,,,,1139=,Mharie,1
,,,,1139=,Mhariya,1
,,,,1139=,Mhyrren,1
,,,,1139=,Mia-Lee,1
,,,,1139=,Mia-Louise,1
,,,,1139=,Mia-Renee,1
,,,,1139=,Micha,1
,,,,1139=,Michaelah,1
,,,,1139=,Michela,1
,,,,1139=,Mieke,1
,,,,1139=,Mika,1
,,,,1139=,Mikaela,1
,,,,1139=,Mikayla,1
,,,,1139=,Mikeleigh,1
,,,,1139=,Mikenzie,1
,,,,1139=,Milana,1
,,,,1139=,Milena,1
,,,,1139=,Mili,1
,,,,1139=,Milica,1
,,,,1139=,Milla-Ann,1
,,,,1139=,Minhaal,1
,,,,1139=,Minna,1
,,,,1139=,Minnie,1
,,,,1139=,Mira,1
,,,,1139=,Miraid,1
,,,,1139=,Miraidh,1
,,,,1139=,Miran,1
,,,,1139=,Mireia,1
,,,,1139=,Mirena,1
,,,,1139=,Mirrim,1
,,,,1139=,Miryan,1
,,,,1139=,Miryn,1
,,,,1139=,Miryne,1
,,,,1139=,Miya-Louise,1
,,,,1139=,Molli,1
,,,,1139=,Molly-Anne,1
,,,,1139=,Molly-Louise,1
,,,,1139=,Momina,1
,,,,1139=,Moneeba,1
,,,,1139=,Monika,1
,,,,1139=,Morbheinn,1
,,,,1139=,Morgan-Elizabeth,1
,,,,1139=,Morgen-Taylor,1
,,,,1139=,Morgyn,1
,,,,1139=,Morna,1
,,,,1139=,Morrigan,1
,,,,1139=,Morrin,1
,,,,1139=,Morvin,1
,,,,1139=,Moya,1
,,,,1139=,Moyra,1
,,,,1139=,Mubshra,1
,,,,1139=,Muirin,1
,,,,1139=,Muirm,1
,,,,1139=,Mujahida,1
,,,,1139=,Munja,1
,,,,1139=,Murrhlyn,1
,,,,1139=,Muskaan,1
,,,,1139=,Muskan,1
,,,,1139=,Myah,1
,,,,1139=,Mykenna,1
,,,,1139=,Mykenzi,1
,,,,1139=,Myran,1
,,,,1139=,Myrn,1
,,,,1139=,Naa,1
,,,,1139=,Nadav,1
,,,,1139=,Nadha,1
,,,,1139=,Nadiya,1
,,,,1139=,Nafeesa,1
,,,,1139=,Nafisah,1
,,,,1139=,Naiha,1
,,,,1139=,Naila,1
,,,,1139=,Naimura,1
,,,,1139=,Najah,1
,,,,1139=,Najma,1
,,,,1139=,Nakita,1
,,,,1139=,Naledi,1
,,,,1139=,Namarra,1
,,,,1139=,Namitha,1
,,,,1139=,Nandi,1
,,,,1139=,Naneh,1
,,,,1139=,Nanticha,1
,,,,1139=,Naomh,1
,,,,1139=,Naomi-Jo,1
,,,,1139=,Naroa,1
,,,,1139=,Naseeb,1
,,,,1139=,Nash,1
,,,,1139=,Nasra,1
,,,,1139=,Natalya,1
,,,,1139=,Natanya,1
,,,,1139=,Natascha,1
,,,,1139=,Natashia,1
,,,,1139=,Natassia,1
,,,,1139=,Navada,1
,,,,1139=,Navarana,1
,,,,1139=,Naya,1
,,,,1139=,Nazeefa,1
,,,,1139=,Nazia,1
,,,,1139=,Nazima,1
,,,,1139=,Nazire,1
,,,,1139=,Neena,1
,,,,1139=,Nerea,1
,,,,1139=,Nesha,1
,,,,1139=,Nghiep,1
,,,,1139=,Niah,1
,,,,1139=,Niaomi,1
,,,,1139=,Nichole,1
,,,,1139=,Nicky,1
,,,,1139=,Nicol,1
,,,,1139=,Nicolle,1
,,,,1139=,Nicoya,1
,,,,1139=,Nienna,1
,,,,1139=,Nieve,1
,,,,1139=,Nighat,1
,,,,1139=,Nighean,1
,,,,1139=,Nikael,1
,,,,1139=,Nikala,1
,,,,1139=,Nikhita,1
,,,,1139=,Nikita-Tanya,1
,,,,1139=,Nikkaela,1
,,,,1139=,Nikkala,1
,,,,1139=,Nikole,1
,,,,1139=,Nimra,1
,,,,1139=,Ningya,1
,,,,1139=,Niomi,1
,,,,1139=,Nioni,1
,,,,1139=,Nirvannah,1
,,,,1139=,Nisaah,1
,,,,1139=,Nishalini,1
,,,,1139=,Nishath,1
,,,,1139=,Nivanna,1
,,,,1139=,Nivetha,1
,,,,1139=,Nkansami,1
,,,,1139=,Nkechi,1
,,,,1139=,Noemie,1
,,,,1139=,Nola,1
,,,,1139=,Noora,1
,,,,1139=,Noranna,1
,,,,1139=,Nurin,1
,,,,1139=,Nusayba,1
,,,,1139=,Nusaybah,1
,,,,1139=,Nuvneet,1
,,,,1139=,Nyla,1
,,,,1139=,Nyomi,1
,,,,1139=,Nyssa,1
,,,,1139=,Olaoluwalemi,1
,,,,1139=,Olga,1
,,,,1139=,Olive,1
,,,,1139=,Olivya,1
,,,,1139=,Olwen,1
,,,,1139=,Oonagh,1
,,,,1139=,Oriana,1
,,,,1139=,Orianne,1
,,,,1139=,Osian,1
,,,,1139=,Paddy,1
,,,,1139=,Paniz,1
,,,,1139=,Paris-Ann,1
,,,,1139=,Pariss,1
,,,,1139=,Parmis,1
,,,,1139=,Parris,1
,,,,1139=,Parya,1
,,,,1139=,Parys,1
,,,,1139=,Passion,1
,,,,1139=,Paulina,1
,,,,1139=,Payge,1
,,,,1139=,Pearlin,1
,,,,1139=,Peigi,1
,,,,1139=,Pelin,1
,,,,1139=,Peony,1
,,,,1139=,Peri,1
,,,,1139=,Petrena,1
,,,,1139=,Peyton,1
,,,,1139=,Pip,1
,,,,1139=,Pippy,1
,,,,1139=,Podor,1
,,,,1139=,Pollyanne,1
,,,,1139=,Pooja,1
,,,,1139=,Porscha,1
,,,,1139=,Porsha,1
,,,,1139=,Portia,1
,,,,1139=,Portia-Jane,1
,,,,1139=,Pracilla,1
,,,,1139=,Prakarti,1
,,,,1139=,Precious,1
,,,,1139=,Prudence,1
,,,,1139=,Queren,1
,,,,1139=,Qui-Anna,1
,,,,1139=,Quinn,1
,,,,1139=,Rabekah,1
,,,,1139=,Rachael-Anne,1
,,,,1139=,Rachel-Anne,1
,,,,1139=,Rachel-Jade,1
,,,,1139=,Rachelle,1
,,,,1139=,Raeanne,1
,,,,1139=,Raegann,1
,,,,1139=,Rafal,1
,,,,1139=,Rafia,1
,,,,1139=,Rahaf,1
,,,,1139=,Rahela,1
,,,,1139=,Rahhma,1
,,,,1139=,Rahima,1
,,,,1139=,Rahime,1
,,,,1139=,Rahmah,1
,,,,1139=,Raianya,1
,,,,1139=,Raine,1
,,,,1139=,Rainer,1
,,,,1139=,Raiona,1
,,,,1139=,Raissa,1
,,,,1139=,Rajveer,1
,,,,1139=,Ramandeep,1
,,,,1139=,Ramanpreet,1
,,,,1139=,Ramlah,1
,,,,1139=,Rannoch,1
,,,,1139=,Rasina,1
,,,,1139=,Raveena,1
,,,,1139=,Raven,1
,,,,1139=,Rawan,1
,,,,1139=,Rayan,1
,,,,1139=,Rayanne,1
,,,,1139=,Raygen,1
,,,,1139=,Reaghan,1
,,,,1139=,Rebbecca,1
,,,,1139=,Rebbekah,1
,,,,1139=,Rebeca,1
,,,,1139=,Rebecca-Louise,1
,,,,1139=,Rebecca-Lyn,1
,,,,1139=,Rebeccah,1
,,,,1139=,Rebecka,1
,,,,1139=,Rebekah-Rose,1
,,,,1139=,Reeca,1
,,,,1139=,Reegan,1
,,,,1139=,Reehana,1
,,,,1139=,Regane,1
,,,,1139=,Rehab,1
,,,,1139=,Reighann,1
,,,,1139=,Rema,1
,,,,1139=,Remi,1
,,,,1139=,Renae,1
,,,,1139=,Retaj,1
,,,,1139=,Reyanna,1
,,,,1139=,Reyna,1
,,,,1139=,Rhadija,1
,,,,1139=,Rhaea,1
,,,,1139=,Rhaigan,1
,,,,1139=,Rheannan,1
,,,,1139=,Rhegan,1
,,,,1139=,Rheigan,1
,,,,1139=,Rhiana,1
,,,,1139=,Rhiannan,1
,,,,1139=,Rhiannian,1
,,,,1139=,Rhionna,1
,,,,1139=,Rhonwen,1
,,,,1139=,Rhyanna,1
,,,,1139=,Rhyanne,1
,,,,1139=,Riana,1
,,,,1139=,Ridha,1
,,,,1139=,Rieley,1
,,,,1139=,Rifka,1
,,,,1139=,Rim,1
,,,,1139=,Rimsha,1
,,,,1139=,Rimshah,1
,,,,1139=,Riyah,1
,,,,1139=,Robecca,1
,,,,1139=,Rocco,1
,,,,1139=,Rocha,1
,,,,1139=,Rochelle,1
,,,,1139=,Roman,1
,,,,1139=,Romany,1
,,,,1139=,Romay,1
,,,,1139=,Romhanaich,1
,,,,1139=,Romi,1
,,,,1139=,Roni,1
,,,,1139=,Ronni,1
,,,,1139=,Rosalea,1
,,,,1139=,Rosalie,1
,,,,1139=,Rosalynd,1
,,,,1139=,Rosanna,1
,,,,1139=,Rosannan,1
,,,,1139=,Rosanne,1
,,,,1139=,Roseanna,1
,,,,1139=,Roseanne,1
,,,,1139=,Roselyn,1
,,,,1139=,Roselynne,1
,,,,1139=,Roshni,1
,,,,1139=,Rosi,1
,,,,1139=,Rosina,1
,,,,1139=,Roslyn,1
,,,,1139=,Roslynn,1
,,,,1139=,Roua,1
,,,,1139=,Rowzerin,1
,,,,1139=,Roya,1
,,,,1139=,Roza,1
,,,,1139=,Rozerin,1
,,,,1139=,Rozlyn,1
,,,,1139=,Ruadh,1
,,,,1139=,Rubika,1
,,,,1139=,Ruby-Cara,1
,,,,1139=,Rudi,1
,,,,1139=,Ruhaani,1
,,,,1139=,Ruhi,1
,,,,1139=,Ruiqing,1
,,,,1139=,Ruken,1
,,,,1139=,Rukhsaar,1
,,,,1139=,Rukhsar,1
,,,,1139=,Rupsa,1
,,,,1139=,Ruqaiya,1
,,,,1139=,Rutika,1
,,,,1139=,Ryanne,1
,,,,1139=,Rylee,1
,,,,1139=,Ryley,1
,,,,1139=,Saachi,1
,,,,1139=,Saarah,1
,,,,1139=,Sabah,1
,,,,1139=,Sabeeha,1
,,,,1139=,Sabeel,1
,,,,1139=,Sabeela,1
,,,,1139=,Sabela,1
,,,,1139=,Sabha,1
,,,,1139=,Sabia,1
,,,,1139=,Sabiha,1
,,,,1139=,Sabine,1
,,,,1139=,Sabiriin,1
,,,,1139=,Sadhbh,1
,,,,1139=,Sadiya,1
,,,,1139=,Safah,1
,,,,1139=,Saffa-Noor,1
,,,,1139=,Safiya,1
,,,,1139=,Sahar,1
,,,,1139=,Sahejpreet,1
,,,,1139=,Sai,1
,,,,1139=,Saira,1
,,,,1139=,Saja,1
,,,,1139=,Sakar,1
,,,,1139=,Sakhile,1
,,,,1139=,Salene,1
,,,,1139=,Salha,1
,,,,1139=,Salhah,1
,,,,1139=,Salome,1
,,,,1139=,Samar,1
,,,,1139=,Sameena,1
,,,,1139=,Sami,1
,,,,1139=,Samia,1
,,,,1139=,Samishti,1
,,,,1139=,Samm,1
,,,,1139=,Sammi,1
,,,,1139=,Sammi-Lee,1
,,,,1139=,Sammi-Ray,1
,,,,1139=,Samsara,1
,,,,1139=,Sanaa,1
,,,,1139=,Sanchia,1
,,,,1139=,Sancia,1
,,,,1139=,Sandi,1
,,,,1139=,Sandie,1
,,,,1139=,Sania,1
,,,,1139=,Saniyyah,1
,,,,1139=,Sannah,1
,,,,1139=,Sanya,1
,,,,1139=,Sarah-Beth,1
,,,,1139=,Sarah-Jade,1
,,,,1139=,Saraswati,1
,,,,1139=,Saraya,1
,,,,1139=,Sarena,1
,,,,1139=,Sarha,1
,,,,1139=,Sarina,1
,,,,1139=,Sarrah,1
,,,,1139=,Sascha,1
,,,,1139=,Saudah,1
,,,,1139=,Sayyidah,1
,,,,1139=,Se-Jin,1
,,,,1139=,Seanagh,1
,,,,1139=,Seani,1
,,,,1139=,Seemab,1
,,,,1139=,Seeta,1
,,,,1139=,Sehnaz,1
,,,,1139=,Sehr,1
,,,,1139=,Sehrish,1
,,,,1139=,Selah,1
,,,,1139=,Senay,1
,,,,1139=,Senga,1
,,,,1139=,Senna,1
,,,,1139=,Seona,1
,,,,1139=,Seonagh,1
,,,,1139=,Seonaid,1
,,,,1139=,Sercha,1
,,,,1139=,Seung,1
,,,,1139=,Sha'uri,1
,,,,1139=,Shadia,1
,,,,1139=,Shaeleigh,1
,,,,1139=,Shaheen,1
,,,,1139=,Shalanagh,1
,,,,1139=,Shamila,1
,,,,1139=,Shamisa-Noor,1
,,,,1139=,Shams,1
,,,,1139=,Shana,1
,,,,1139=,Shanan,1
,,,,1139=,Shandril,1
,,,,1139=,Shanea,1
,,,,1139=,Shanise,1
,,,,1139=,Shann,1
,,,,1139=,Shannen,1
,,,,1139=,Shanni,1
,,,,1139=,Shannia,1
,,,,1139=,Shannon-Jane,1
,,,,1139=,Shannon-Lea,1
,,,,1139=,Shannondeon,1
,,,,1139=,Shantell,1
,,,,1139=,Shantelle,1
,,,,1139=,Shara,1
,,,,1139=,Shareece,1
,,,,1139=,Shareen,1
,,,,1139=,Sharell,1
,,,,1139=,Sharia,1
,,,,1139=,Sharmila,1
,,,,1139=,Sharnelle,1
,,,,1139=,Sharon-Leigh,1
,,,,1139=,Sharrie,1
,,,,1139=,Shasha,1
,,,,1139=,Shauney-Lee,1
,,,,1139=,Shaunni,1
,,,,1139=,Shavana,1
,,,,1139=,Shavena,1
,,,,1139=,Shawna,1
,,,,1139=,Shawney,1
,,,,1139=,Shawny,1
,,,,1139=,Shayla,1
,,,,1139=,Shaylah,1
,,,,1139=,Shayna,1
,,,,1139=,Shayne,1
,,,,1139=,Shaznay,1
,,,,1139=,Sheeba,1
,,,,1139=,Sheima,1
,,,,1139=,Shekira,1
,,,,1139=,Shelbie,1
,,,,1139=,Shelby-Lea,1
,,,,1139=,Shelbymarie,1
,,,,1139=,Shelley-Ann,1
,,,,1139=,Shelomi,1
,,,,1139=,Shereen,1
,,,,1139=,Sherhys,1
,,,,1139=,Sheridan,1
,,,,1139=,Sherien,1
,,,,1139=,Sheva,1
,,,,1139=,Shielagh,1
,,,,1139=,Shimza,1
,,,,1139=,Shiona,1
,,,,1139=,Shira,1
,,,,1139=,Shiree,1
,,,,1139=,Shiza,1
,,,,1139=,Shonagh,1
,,,,1139=,Shonagh-Marie,1
,,,,1139=,Shonna,1
,,,,1139=,Shriya,1
,,,,1139=,Shruti,1
,,,,1139=,Shurunjit,1
,,,,1139=,Sianed,1
,,,,1139=,Sianie,1
,,,,1139=,Sibghah,1
,,,,1139=,Sienna,1
,,,,1139=,Siera,1
,,,,1139=,Siew,1
,,,,1139=,Silvie,1
,,,,1139=,Simge,1
,,,,1139=,Similce,1
,,,,1139=,Simona,1
,,,,1139=,Simrah,1
,,,,1139=,Simrin,1
,,,,1139=,Simrun,1
,,,,1139=,Sinaed,1
,,,,1139=,Sinikka,1
,,,,1139=,Sinnead,1
,,,,1139=,Siobahn,1
,,,,1139=,Siri,1
,,,,1139=,Siyan,1
,,,,1139=,Skai,1
,,,,1139=,Skye-Louise,1
,,,,1139=,Skyler,1
,,,,1139=,Smita,1
,,,,1139=,Sneha,1
,,,,1139=,Sobia,1
,,,,1139=,Sofija,1
,,,,1139=,Soha,1
,,,,1139=,Soley,1
,,,,1139=,Somar,1
,,,,1139=,Somrupa,1
,,,,1139=,Sonia,1
,,,,1139=,Sophi,1
,,,,1139=,Sophie-Ann,1
,,,,1139=,Sophie-Blanche,1
,,,,1139=,Sophie-Jayne,1
,,,,1139=,Sophie-Lee,1
,,,,1139=,Sophie-Leigh,1
,,,,1139=,Sophiea,1
,,,,1139=,Soraya,1
,,,,1139=,Sorour,1
,,,,1139=,Soumia,1
,,,,1139=,Stacy,1
,,,,1139=,Stasia,1
,,,,1139=,Stefanie,1
,,,,1139=,Steffany,1
,,,,1139=,Steffie,1
,,,,1139=,Stephani,1
,,,,1139=,Stephanie-Anne,1
,,,,1139=,Su-Namon,1
,,,,1139=,Sude,1
,,,,1139=,Sujani,1
,,,,1139=,Sumaiya,1
,,,,1139=,Sumaiyaa,1
,,,,1139=,Suman,1
,,,,1139=,Sumar,1
,,,,1139=,Sumayyah,1
,,,,1139=,Sumeya,1
,,,,1139=,Sumiya,1
,,,,1139=,Sumun,1
,,,,1139=,Sunisa,1
,,,,1139=,Suprina,1
,,,,1139=,Supriya,1
,,,,1139=,Suranne,1
,,,,1139=,Susie,1
,,,,1139=,Sutton,1
,,,,1139=,Suzie,1
,,,,1139=,Sway,1
,,,,1139=,Swetha,1
,,,,1139=,Syeda,1
,,,,1139=,Sylva,1
,,,,1139=,Syrah,1
,,,,1139=,T-Jay,1
,,,,1139=,Taegan,1
,,,,1139=,Tahariya,1
,,,,1139=,Tahlia,1
,,,,1139=,Taia,1
,,,,1139=,Taigen,1
,,,,1139=,Tailor,1
,,,,1139=,Tait,1
,,,,1139=,Takondwa,1
,,,,1139=,Talitha,1
,,,,1139=,Talliah,1
,,,,1139=,Tally-Jay,1
,,,,1139=,Tamela,1
,,,,1139=,Tamira,1
,,,,1139=,Tammi-Jay,1
,,,,1139=,Tammi-Jo,1
,,,,1139=,Tammin,1
,,,,1139=,Tammy-Leigh,1
,,,,1139=,Tamsyn,1
,,,,1139=,Tamzyn,1
,,,,1139=,Tanera,1
,,,,1139=,Tanesha,1
,,,,1139=,Tanika,1
,,,,1139=,Tanisha,1
,,,,1139=,Tanjoit,1
,,,,1139=,Tanvi,1
,,,,1139=,Taschia,1
,,,,1139=,Tashifa,1
,,,,1139=,Tasmia,1
,,,,1139=,Tasnia,1
,,,,1139=,Tatum,1
,,,,1139=,Tatyana,1
,,,,1139=,Tawana,1
,,,,1139=,Tayla,1
,,,,1139=,Taylor-Mckenzie,1
,,,,1139=,Tayne,1
,,,,1139=,Tazmin,1
,,,,1139=,Tea,1
,,,,1139=,Teagin,1
,,,,1139=,Teagwen,1
,,,,1139=,Teah,1
,,,,1139=,Teale,1
,,,,1139=,Teanie,1
,,,,1139=,Tegayn,1
,,,,1139=,Teng-Chih,1
,,,,1139=,Tenneka,1
,,,,1139=,Teoni,1
,,,,1139=,Teonie,1
,,,,1139=,Teya,1
,,,,1139=,Thaila,1
,,,,1139=,Thallia-Jain,1
,,,,1139=,Theresa,1
,,,,1139=,Thomasina,1
,,,,1139=,Tia-Jay,1
,,,,1139=,Tiajade,1
,,,,1139=,Tibyan,1
,,,,1139=,Tieghan,1
,,,,1139=,Tiegyn,1
,,,,1139=,Tiesha-Jay,1
,,,,1139=,Tieya,1
,,,,1139=,Tiffanie,1
,,,,1139=,Tigan,1
,,,,1139=,Tioni,1
,,,,1139=,Toni-Hope,1
,,,,1139=,Tonilei,1
,,,,1139=,Tonya,1
,,,,1139=,Toqa,1
,,,,1139=,Tora-Anne,1
,,,,1139=,Torrie,1
,,,,1139=,Tracey,1
,,,,1139=,Tracy,1
,,,,1139=,Triparna,1
,,,,1139=,Tristen,1
,,,,1139=,Trudy,1
,,,,1139=,Tsara,1
,,,,1139=,Tsz,1
,,,,1139=,Twyla,1
,,,,1139=,Tyianna,1
,,,,1139=,Tylar,1
,,,,1139=,Tyne,1
,,,,1139=,Tynn,1
,,,,1139=,Tyra,1
,,,,1139=,Tyree,1
,,,,1139=,Tyrie,1
,,,,1139=,Umika,1
,,,,1139=,Una,1
,,,,1139=,Vaila,1
,,,,1139=,Vaishnavi,1
,,,,1139=,Valentina,1
,,,,1139=,Varshita,1
,,,,1139=,Vaselisa,1
,,,,1139=,Vegas,1
,,,,1139=,Vikki,1
,,,,1139=,Vimbainashe,1
,,,,1139=,Violet,1
,,,,1139=,Virginia,1
,,,,1139=,Vishali,1
,,,,1139=,Vittoria,1
,,,,1139=,Vivica,1
,,,,1139=,Wan,1
,,,,1139=,Wardah,1
,,,,1139=,Weaam,1
,,,,1139=,Wenda,1
,,,,1139=,Wing,1
,,,,1139=,Wren,1
,,,,1139=,Xanthe,1
,,,,1139=,Xanthie,1
,,,,1139=,Xena,1
,,,,1139=,Xiao,1
,,,,1139=,Xiaoxue,1
,,,,1139=,Xiaoyan,1
,,,,1139=,Yah,1
,,,,1139=,Yancy,1
,,,,1139=,Yanice,1
,,,,1139=,Yanisa,1
,,,,1139=,Yaqin,1
,,,,1139=,Yasamin,1
,,,,1139=,Yasemeen,1
,,,,1139=,Yasmina,1
,,,,1139=,Yau,1
,,,,1139=,Yee,1
,,,,1139=,Yelena,1
,,,,1139=,Yemisi,1
,,,,1139=,Yik,1
,,,,1139=,Yiting,1
,,,,1139=,Yohanna,1
,,,,1139=,Yolaine,1
,,,,1139=,Yolanda,1
,,,,1139=,Yousra,1
,,,,1139=,Yraina,1
,,,,1139=,Yula,1
,,,,1139=,Yuqi,1
,,,,1139=,Zaina,1
,,,,1139=,Zainaib,1
,,,,1139=,Zakia,1
,,,,1139=,Zani,1
,,,,1139=,Zanib,1
,,,,1139=,Zara-Louise,1
,,,,1139=,Zarah,1
,,,,1139=,Zea-Lauren,1
,,,,1139=,Zeb,1
,,,,1139=,Zeena,1
,,,,1139=,Zelal,1
,,,,1139=,Zena,1
,,,,1139=,Zenab,1
,,,,1139=,Zenaib,1
,,,,1139=,Zerda,1
,,,,1139=,Zia,1
,,,,1139=,Zihan,1
,,,,1139=,Zilpha,1
,,,,1139=,Zoe-Marie,1
,,,,1139=,Zoey,1
,,,,1139=,Zohour,1
,,,,1139=,Zowie,1
,,,,1139=,Zunnairah,1
,,,,,,
� Crown Copyright 2015,,,,,,
