Babies' first forenames: births registered in Scotland in 1986,,,,,,
,,,,,,
Information about the basis of the list can be found via the 'Babies' First Names' page on the National Records of Scotland website.,,,,,,
,,,,,,
Boys,,,,Girls,,
,,,,,,
Position,Name,Number of babies,,Position,Name,Number of babies
1,David,1623,,1,Laura,1038
2,Christopher,1292,,2,Claire,876
3,Andrew,1178,,3,Nicola,813
4,James,1100,,4,Jennifer,782
5,John,1090,,5,Sarah,698
6,Craig,984,,6,Emma,667
7,Steven,946,,7,Kirsty,633
8,Michael,891,,8,Lisa,555
9,Scott,842,,9,Michelle,519
10,Mark,832,,10,Louise,513
11,Paul,816,,11,Ashley,467
12,Robert,652,,12,Amanda,463
13,Stuart,626,,13,Samantha,425
14,Ross,591,,14,Stephanie,418
15,Stephen,580,,15,Fiona,386
16,Gary,577,,16,Stacey,370
17,Kevin,567,,17,Karen,360
18,William,552,,18,Gemma,349
19,Jamie,465,,19,Lauren,336
20,Martin,456,,20,Gillian,329
21,Ryan,444,,21,Natalie,296
22,Alan,422,,22,Kerry,271
23=,Graeme,419,,23,Victoria,264
23=,Thomas,419,,24,Cheryl,263
25,Daniel,415,,25,Amy,262
26,Darren,371,,26,Heather,259
27,Richard,367,,27,Kelly,249
28,Sean,336,,28,Rachel,240
29,Colin,314,,29,Lynsey,238
30,Alexander,305,,30,Leanne,232
31,Peter,296,,31,Donna,227
32,Iain,291,,32,Charlene,219
33,Lee,276,,33,Rebecca,218
34,Ian,269,,34,Alison,217
35,Brian,268,,35,Julie,215
36,Graham,260,,36,Susan,205
37,Matthew,258,,37,Angela,197
38,Gordon,252,,38,Joanne,195
39,Barry,247,,39,Pamela,193
40,Adam,241,,40,Deborah,189
41,Gavin,236,,41,Nicole,188
42,Jonathan,234,,42,Catherine,185
43,Neil,226,,43,Danielle,184
44,Allan,209,,44,Elizabeth,175
45,Marc,206,,45,Jenna,169
46,Kenneth,196,,46,Jacqueline,165
47,Kyle,194,,47=,Caroline,159
48,Fraser,189,,47=,Suzanne,159
49,Shaun,187,,49,Kimberley,154
50,Jason,183,,50,Elaine,150
51=,Derek,180,,51,Debbie,149
51=,Grant,180,,52,Katie,148
53,Liam,176,,53,Siobhan,146
54,Anthony,162,,54,Natasha,140
55,Joseph,161,,55=,Clare,134
56,Stewart,153,,55=,Lesley,134
57,Greg,146,,57,Helen,133
58,Douglas,137,,58=,Hannah,127
59,Nicholas,135,,58=,Sharon,127
60,Calum,132,,60,Lindsay,126
61=,George,127,,61,Lynn,121
61=,Simon,127,,62,Ashleigh,116
63,Duncan,122,,63,Jade,115
64,Alistair,119,,64,Lucy,112
65=,Callum,116,,65=,Christine,110
65=,Dean,116,,65=,Dawn,110
67,Bryan,114,,65=,Lynne,110
68,Keith,109,,68=,Kayleigh,105
69,Euan,108,,68=,Lorna,105
70=,Garry,106,,70=,Hayley,102
70=,Philip,106,,70=,Rachael,102
72,Patrick,103,,70=,Tracy,102
73,Donald,96,,73,Paula,99
74,Edward,94,,74=,Christina,95
75,Jordan,89,,74=,Margaret,95
76,Cameron,88,,76,Melissa,94
77,Charles,85,,77,Catriona,90
78,Gareth,84,,78,Lorraine,89
79,Martyn,81,,79=,Holly,87
80,Lewis,77,,79=,Shona,87
81,Ewan,76,,81,Jillian,85
82=,Aaron,73,,82,Nikki,84
82=,Benjamin,73,,83=,Hazel,83
84,Alastair,72,,83=,Kathryn,83
85,Raymond,70,,83=,Stacy,83
86,Kieran,67,,86,Joanna,82
87,Rory,65,,87=,Mhairi,81
88,Alasdair,62,,87=,Tracey,81
89=,Mohammed,59,,89,Sara,80
89=,Samuel,59,,90=,Jemma,79
91,Malcolm,58,,90=,Kirsten,79
92,Murray,55,,92,Lyndsay,78
93=,Blair,54,,93,Katherine,77
93=,Niall,54,,94=,Kim,76
95=,Kristopher,53,,94=,Vicky,76
95=,Wayne,53,,94=,Yvonne,76
97=,Bruce,51,,97=,Alana,75
97=,Gerard,51,,97=,Kathleen,75
97=,Kris,51,,99=,Anna,74
100,Russell,50,,99=,Katrina,74
101,Greig,49,,101,Ruth,73
102,Francis,48,,102,Lyndsey,72
103,Jack,46,,103=,Jill,71
104,Dale,45,,103=,Zoe,71
105,Ronald,44,,105=,Linda,70
106,Ben,42,,105=,Mary,70
107,Gregor,39,,107,Jane,69
108,Daryl,37,,108,Charlotte,67
109=,Angus,35,,109,Marie,66
109=,Mohammad,35,,110,Andrea,64
111=,Brendan,34,,111,Emily,63
111=,Tony,34,,112=,Diane,62
113=,Antony,32,,112=,Mandy,62
113=,Robbie,32,,114,Melanie,61
115,Robin,31,,115,Eilidh,60
116,Terry,30,,116,Erin,59
117=,Hugh,29,,117=,Leigh,58
117=,Timothy,29,,117=,Vicki,58
119,Frazer,28,,119=,Lindsey,57
120=,Adrian,27,,119=,Pauline,57
120=,Sam,27,,121=,Anne,56
122=,Dominic,26,,121=,Carol,56
122=,Luke,26,,121=,Linzi,56
124=,Henry,25,,124,Adele,52
124=,Jon,25,,125,Gail,51
124=,Ricky,25,,126=,Kate,49
127=,Campbell,23,,126=,Vikki,49
127=,Nathan,23,,128=,Carrie,48
129=,Eric,21,,128=,Megan,48
129=,Joshua,21,,130=,Denise,47
131=,Gregory,20,,130=,Gayle,47
131=,Harry,20,,132=,Chloe,46
131=,Justin,20,,132=,Kerri,46
134=,Kristofer,19,,134=,Cara,45
134=,Roderick,19,,134=,Hollie,45
136=,Billy,18,,134=,Sophie,45
136=,Joe,18,,137=,Katy,44
136=,Lawrence,18,,137=,Kimberly,44
136=,Mathew,18,,139=,Alexandra,43
136=,Vincent,18,,139=,Arlene,43
141=,Ciaran,17,,139=,Shelley,43
141=,Kristoffer,17,,142=,Patricia,42
141=,Oliver,17,,142=,Robyn,42
141=,Terence,17,,144=,Julia,41
145=,Damian,16,,144=,Maria,41
145=,Damien,16,,144=,Nichola,41
145=,Darryl,16,,147=,Clair,40
145=,Jonathon,16,,147=,Jessica,40
145=,Nicky,16,,147=,Lianne,40
150=,Danny,15,,147=,Lynsay,40
150=,Gerald,15,,151=,Aimee,39
150=,Norman,15,,151=,Jodie,39
150=,Roy,15,,151=,Naomi,39
154=,Drew,14,,151=,Rhona,39
154=,Fergus,14,,155=,Lori,38
154=,Finlay,14,,155=,Mairi,38
154=,Gregg,14,,157,Frances,37
154=,Hamish,14,,158=,Aileen,36
154=,Owen,14,,158=,Colette,36
160=,Ahmed,13,,158=,Zara,36
160=,Aidan,13,,161=,Maxine,35
160=,Alisdair,13,,161=,Wendy,35
160=,Guy,13,,163,Linsey,34
160=,Leigh,13,,164=,Carly,33
160=,Neale,13,,164=,Jayne,33
160=,Stefan,13,,166=,Ann,32
167=,Allen,12,,166=,Marianne,32
167=,Bernard,12,,168=,Colleen,31
167=,Elliot,12,,168=,Jamie,31
167=,Louis,12,,168=,Judith,31
167=,Scot,12,,171,Eleanor,30
167=,Tom,12,,172=,Ailsa,29
173=,Ashley,11,,172=,Kerrie,29
173=,Frank,11,,172=,Lee,29
173=,Glen,11,,172=,Lynda,29
173=,Jay,11,,172=,Sally,29
173=,Keir,11,,177=,Carla,28
173=,Leslie,11,,177=,Carolyn,28
173=,Omar,11,,177=,Janine,28
180=,Alex,10,,177=,Keri,28
180=,Arron,10,,177=,Kirstin,28
180=,Barrie,10,,177=,Leeanne,28
180=,Bobby,10,,177=,Nadine,28
180=,Bradley,10,,184=,Sandra,27
180=,Calvin,10,,184=,Toni,27
180=,Dennis,10,,186=,Dionne,26
180=,Derrick,10,,186=,Janet,26
180=,Evan,10,,186=,Kara,26
180=,Glenn,10,,186=,Leona,26
180=,Jeffrey,10,,186=,Terri,26
180=,Keiran,10,,191=,Collette,25
180=,Kerr,10,,191=,Kylie,25
180=,Lloyd,10,,191=,Leeann,25
180=,Mitchell,10,,191=,Louisa,25
180=,Neal,10,,195=,Iona,24
180=,Nikki,10,,195=,Nadia,24
180=,Sandy,10,,195=,Simone,24
198=,Carl,9,,198=,Isla,23
198=,Geoffrey,9,,198=,Leah,23
198=,Leon,9,,198=,Morven,23
198=,Magnus,9,,201=,Jaclyn,22
198=,Phillip,9,,201=,Jenny,22
198=,Rikki,9,,201=,Morag,22
198=,Struan,9,,204=,Abigail,21
198=,Trevor,9,,204=,Faye,21
206=,Alister,8,,204=,Lara,21
206=,Bryce,8,,204=,Sarah-Jane,21
206=,Dylan,8,,208=,Ainsley,20
206=,Imran,8,,208=,Kay,20
206=,Laurie,8,,208=,Tara,20
206=,Muhammad,8,,211=,Alexis,19
206=,Riccardo,8,,211=,Allison,19
206=,Ruairidh,8,,211=,Evelyn,19
206=,Ruari,8,,211=,Kirsteen,19
206=,Ruaridh,8,,211=,Kristina,19
206=,Tommy,8,,211=,Lana,19
217=,Ali,7,,211=,Lyn,19
217=,Arran,7,,211=,Sheryl,19
217=,Arthur,7,,219=,Alanna,18
217=,Brett,7,,219=,Jean,18
217=,Clark,7,,219=,Lee-Anne,18
217=,Ewen,7,,219=,Rosemary,18
217=,Jaimie,7,,219=,Sinead,18
217=,Joel,7,,219=,Tanya,18
217=,Johnathan,7,,225=,Alice,17
217=,Kenny,7,,225=,Allana,17
217=,Laurence,7,,225=,Alyson,17
217=,Ronnie,7,,225=,Bernadette,17
217=,Shawn,7,,225=,Charmaine,17
217=,Warren,7,,225=,Debra,17
231=,Albert,6,,225=,Marion,17
231=,Blaine,6,,225=,Sian,17
231=,Bobbie,6,,225=,Tammy,17
231=,Damon,6,,234=,Ann-Marie,16
231=,Don,6,,234=,Barbara,16
231=,Jake,6,,234=,Jordan,16
231=,Jim,6,,234=,Laurie,16
231=,Karl,6,,234=,Teri,16
231=,Kieron,6,,239=,Audrey,15
231=,Kirk,6,,239=,Cassandra,15
231=,Lawrie,6,,239=,Karin,15
231=,Leo,6,,239=,Philippa,15
231=,Lyle,6,,239=,Selina,15
231=,Mario,6,,239=,Shirley,15
231=,Max,6,,239=,Sonia,15
231=,Nicol,6,,239=,Tiffany,15
231=,Niki,6,,247=,Ami,14
231=,Ralph,6,,247=,Annmarie,14
231=,Sebastian,6,,247=,Dianne,14
250=,Ahmad,5,,247=,Felicity,14
250=,Alun,5,,247=,Georgina,14
250=,Archibald,5,,247=,Josephine,14
250=,Arif,5,,247=,Nina,14
250=,Bilal,5,,254=,Alannah,13
250=,Brodie,5,,254=,Amie,13
250=,Carlo,5,,254=,Beth,13
250=,Dane,5,,254=,Katharine,13
250=,Darryn,5,,254=,Rowan,13
250=,Eamonn,5,,254=,Teresa,13
250=,Eoin,5,,254=,Valerie,13
250=,Jaime,5,,254=,Vanessa,13
250=,Jeff,5,,262=,Anne-Marie,12
250=,Jordon,5,,262=,Beverley,12
250=,Kelvin,5,,262=,Bryony,12
250=,Kristofor,5,,262=,Cherie,12
250=,Leonard,5,,262=,Corinne,12
250=,Marcus,5,,262=,Dana,12
250=,Neill,5,,262=,Dominique,12
250=,Roddy,5,,262=,Eve,12
250=,Steve,5,,262=,Francesca,12
250=,Toby,5,,262=,Heidi,12
250=,Usman,5,,262=,Hilary,12
250=,Walter,5,,262=,Johanna,12
274=,Abdul,4,,262=,Lois,12
274=,Alec,4,,262=,Lynette,12
274=,Amir,4,,262=,Moira,12
274=,Antonio,4,,262=,Rhiannon,12
274=,Bryn,4,,262=,Roxanne,12
274=,Christian,4,,262=,Sandie,12
274=,Connor,4,,262=,Shannon,12
274=,Darran,4,,262=,Sharlene,12
274=,Declan,4,,262=,Stefanie,12
274=,Denis,4,,262=,Susanne,12
274=,Desmond,4,,262=,Tina,12
274=,Edmund,4,,285=,Eileen,11
274=,Forbes,4,,285=,Geraldine,11
274=,Francesco,4,,285=,Grace,11
274=,Gerrard,4,,285=,Jan,11
274=,Innes,4,,285=,Janice,11
274=,Jackie,4,,285=,Keira,11
274=,Jan,4,,285=,Kellie,11
274=,Jeremy,4,,285=,Kirstie,11
274=,Jody,4,,285=,Leigh-Ann,11
274=,Johnathon,4,,285=,Morgan,11
274=,Jonas,4,,285=,Rochelle,11
274=,Khalid,4,,285=,Stacie,11
274=,Kiel,4,,297=,Alicia,10
274=,Kristian,4,,297=,Carole,10
274=,Lachlan,4,,297=,Chantelle,10
274=,Lindsay,4,,297=,Chelsea,10
274=,Luigi,4,,297=,Erica,10
274=,Marco,4,,297=,Jodi,10
274=,Murdo,4,,297=,Jolene,10
274=,Myles,4,,297=,Joy,10
274=,Nadeem,4,,297=,Justine,10
274=,Paolo,4,,297=,Leighanne,10
274=,Rhys,4,,297=,Rebekah,10
274=,Richie,4,,297=,Roisin,10
274=,Roger,4,,297=,Rona,10
274=,Ronan,4,,297=,Sabrina,10
274=,Rowan,4,,297=,Sheila,10
274=,Ruaraidh,4,,312=,Adelle,9
274=,Shane,4,,312=,Ailie,9
274=,Stanley,4,,312=,Anita,9
274=,Stefano,4,,312=,Avril,9
274=,Wilson,4,,312=,Chevonne,9
317=,Abid,3,,312=,Coleen,9
317=,Aiden,3,,312=,Dee,9
317=,Allistair,3,,312=,Flora,9
317=,Allister,3,,312=,Harriet,9
317=,Alyn,3,,312=,Jay,9
317=,Asim,3,,312=,Jenifer,9
317=,Benedetto,3,,312=,Julie-Anne,9
317=,Brandon,3,,312=,Karina,9
317=,Brent,3,,312=,Katriona,9
317=,Carlos,3,,312=,Kirstine,9
317=,Chris,3,,312=,Kirstyn,9
317=,Clarke,3,,312=,Lucinda,9
317=,Conrad,3,,312=,Maureen,9
317=,Crawford,3,,312=,Michele,9
317=,Dario,3,,312=,Olivia,9
317=,Darrel,3,,312=,Rosanna,9
317=,Daryn,3,,312=,Serena,9
317=,Dayle,3,,312=,Sophia,9
317=,Dustin,3,,312=,Susanna,9
317=,Edwin,3,,312=,Veronica,9
317=,Erik,3,,337=,April,8
317=,Faisal,3,,337=,Caitlin,8
317=,Faraz,3,,337=,Carolanne,8
317=,Findlay,3,,337=,Connie,8
317=,Frederick,3,,337=,Fern,8
317=,Geoff,3,,337=,Julie-Ann,8
317=,Gian,3,,337=,Kaye,8
317=,Giovanni,3,,337=,Kayley,8
317=,Hans,3,,337=,Kelly-Ann,8
317=,Hussein,3,,337=,Kelly-Anne,8
317=,Josh,3,,337=,Lacey,8
317=,Julian,3,,337=,Lee-Ann,8
317=,Kai,3,,337=,Linsay,8
317=,Kashif,3,,337=,Lisa-Marie,8
317=,Ken,3,,337=,Martine,8
317=,Kevan,3,,337=,Miriam,8
317=,Logan,3,,337=,Monica,8
317=,Lorne,3,,337=,Nikola,8
317=,Lyall,3,,337=,Rhea,8
317=,Marshall,3,,337=,Rose,8
317=,Maxwell,3,,337=,Roslyn,8
317=,Morgan,3,,337=,Sasha,8
317=,Nigel,3,,359=,Aisha,7
317=,Raja,3,,359=,Alexandria,7
317=,Ranald,3,,359=,Alisha,7
317=,Ricardo,3,,359=,Amber,7
317=,Ricki,3,,359=,Annette,7
317=,Rickie,3,,359=,Cassie,7
317=,Ritchie,3,,359=,Christie,7
317=,Roberto,3,,359=,Crystal,7
317=,Ruairi,3,,359=,Diana,7
317=,Samir,3,,359=,Dorothy,7
317=,Sammy,3,,359=,Elisabeth,7
317=,Sinclair,3,,359=,Elspeth,7
317=,Stevie,3,,359=,Esther,7
317=,Victor,3,,359=,Gaynor,7
317=,Wai,3,,359=,Hana,7
317=,Wallace,3,,359=,Hayleigh,7
317=,Waseem,3,,359=,Irene,7
376=,Aaran,2,,359=,Isabel,7
376=,Abdullah,2,,359=,Jasmine,7
376=,Adeel,2,,359=,Jody,7
376=,Adil,2,,359=,Joni,7
376=,Ainslie,2,,359=,June,7
376=,Aled,2,,359=,Kellyann,7
376=,Alessandro,2,,359=,Kerry-Anne,7
376=,Alfred,2,,359=,Kristy,7
376=,Allyn,2,,359=,Leighann,7
376=,Amar,2,,359=,Leonie,7
376=,Amer,2,,359=,Liza,7
376=,Andy,2,,359=,Mari,7
376=,Aron,2,,359=,Marnie,7
376=,Asif,2,,359=,Martha,7
376=,Atif,2,,359=,Michaela,7
376=,Bert,2,,359=,Roberta,7
376=,Blain,2,,359=,Sadia,7
376=,Blake,2,,359=,Seonaid,7
376=,Blayne,2,,359=,Tania,7
376=,Brad,2,,359=,Tessa,7
376=,Bryden,2,,359=,Vivienne,7
376=,Chance,2,,397=,Alexa,6
376=,Charlie,2,,397=,Allyson,6
376=,Clifford,2,,397=,Antonia,6
376=,Conan,2,,397=,Ashlea,6
376=,Cristopher,2,,397=,Brenda,6
376=,Danni,2,,397=,Camilla,6
376=,Daren,2,,397=,Candice,6
376=,Darrell,2,,397=,Carina,6
376=,Daryll,2,,397=,Debbi,6
376=,Denny,2,,397=,Fallon,6
376=,Dion,2,,397=,Georgia,6
376=,Dominique,2,,397=,Haley,6
376=,Doran,2,,397=,Jaime,6
376=,Dougal,2,,397=,Janette,6
376=,Duane,2,,397=,Jeanette,6
376=,Dwain,2,,397=,Joan,6
376=,Elias,2,,397=,Joyce,6
376=,Elliott,2,,397=,Judy,6
376=,Erlend,2,,397=,Kelly-Marie,6
376=,Feargal,2,,397=,Kerry-Ann,6
376=,Floyd,2,,397=,Laura-Ann,6
376=,Frankie,2,,397=,Lea,6
376=,Giles,2,,397=,Leigh-Anne,6
376=,Giuseppe,2,,397=,Lisamarie,6
376=,Hal,2,,397=,Marilyn,6
376=,Hardeep,2,,397=,Marisa,6
376=,Haroon,2,,397=,Mechelle,6
376=,Harrison,2,,397=,Miranda,6
376=,Hector,2,,397=,Nisha,6
376=,Herbert,2,,397=,Penny,6
376=,Hugo,2,,397=,Rosalyn,6
376=,Huw,2,,397=,Rosanne,6
376=,Izaak,2,,397=,Rosie,6
376=,Jai,2,,397=,Sharron,6
376=,Jak,2,,397=,Sheena,6
376=,Jamal,2,,397=,Sheree,6
376=,Jefferson,2,,397=,Shiree,6
376=,Jerry,2,,397=,Sylvia,6
376=,Jia,2,,397=,Tamara,6
376=,Johnny,2,,397=,Theresa,6
376=,Josiah,2,,397=,Yasmin,6
376=,Julien,2,,438=,Abby,5
376=,Ka,2,,438=,Aimi,5
376=,Karim,2,,438=,Amelia,5
376=,Ker,2,,438=,Anastasia,5
376=,Kieren,2,,438=,Annemarie,5
376=,Kurt,2,,438=,Annie,5
376=,Lance,2,,438=,Ashlie,5
376=,Leighton,2,,438=,Billie,5
376=,Lliam,2,,438=,Bridget,5
376=,Louie,2,,438=,Carol-Anne,5
376=,Man,2,,438=,Carolann,5
376=,Massimo,2,,438=,Carron,5
376=,Maurice,2,,438=,Catrina,5
376=,Michele,2,,438=,Christy,5
376=,Miller,2,,438=,Clara,5
376=,Mohamed,2,,438=,Daniella,5
376=,Mohd,2,,438=,Elena,5
376=,Moray,2,,438=,Emma-Louise,5
376=,Muhammed,2,,438=,Erika,5
376=,Muir,2,,438=,Holli,5
376=,Mustakim,2,,438=,Isobel,5
376=,Nabeel,2,,438=,Jennie,5
376=,Nadim,2,,438=,Jilly,5
376=,Naeem,2,,438=,Karine,5
376=,Nathaniel,2,,438=,Karlyn,5
376=,Naveed,2,,438=,Karyn,5
376=,Nicki,2,,438=,Krystina,5
376=,Nico,2,,438=,Leann,5
376=,Nicolas,2,,438=,Leila,5
376=,Nikhil,2,,438=,Leoni,5
376=,Omer,2,,438=,Lesley-Anne,5
376=,Oscar,2,,438=,Lynnette,5
376=,Pierce,2,,438=,Madeleine,5
376=,Piero,2,,438=,May,5
376=,Qasim,2,,438=,Meryl,5
376=,Rae,2,,438=,Nazia,5
376=,Ramsay,2,,438=,Nichole,5
376=,Ray,2,,438=,Nikita,5
376=,Reece,2,,438=,Rachelle,5
376=,Reuben,2,,438=,Rosalind,5
376=,Rhydian,2,,438=,Samina,5
376=,Rishi,2,,438=,Sharleen,5
376=,Rudi,2,,438=,Shauna,5
376=,Sameer,2,,438=,Shazia,5
376=,Sameh,2,,438=,Shonagh,5
376=,Sami,2,,438=,Williamina,5
376=,Sandeep,2,,438=,Zena,5
376=,Sanjay,2,,485=,Agnes,4
376=,Seamus,2,,485=,Aimie,4
376=,Sebastien,2,,485=,Ainslie,4
376=,Shahbaz,2,,485=,Anneka,4
376=,Shahid,2,,485=,Ariane,4
376=,Shaw,2,,485=,Ashly,4
376=,Shazad,2,,485=,Ayesha,4
376=,Shehbaz,2,,485=,Bianca,4
376=,Sohail,2,,485=,Bobbi,4
376=,Solomon,2,,485=,Caley,4
376=,Stephan,2,,485=,Cally,4
376=,Suhayl,2,,485=,Chantal,4
376=,Sunil,2,,485=,Cherelle,4
376=,Sydney,2,,485=,Ciara,4
376=,Syed,2,,485=,Corrine,4
376=,Tahir,2,,485=,Daniela,4
376=,Tariq,2,,485=,Debi,4
376=,Tim,2,,485=,Dyan,4
376=,Torquil,2,,485=,Elissa,4
376=,Tristan,2,,485=,Ella,4
376=,Tyrone,2,,485=,Eva,4
376=,Umar,2,,485=,Farah,4
376=,Waqar,2,,485=,Gina,4
376=,Waqas,2,,485=,Gwen,4
376=,Wesley,2,,485=,Hailey,4
376=,Will,2,,485=,Helena,4
376=,Wing,2,,485=,Ingrid,4
376=,Yaseen,2,,485=,Isabella,4
376=,Younis,2,,485=,Jackie,4
376=,Yu,2,,485=,Jaimie,4
376=,Zachary,2,,485=,Janey,4
376=,Zain,2,,485=,Janie,4
376=,Zander,2,,485=,Jemima,4
376=,Zoheb,2,,485=,Jessie,4
519=,Aadil,1,,485=,Jocelyn,4
519=,Aamar,1,,485=,Julianne,4
519=,Aamir,1,,485=,Kali,4
519=,Aarran,1,,485=,Karly,4
519=,Aarrone,1,,485=,Kelli,4
519=,Aasif,1,,485=,Kellyanne,4
519=,Abaiada,1,,485=,Kendall,4
519=,Abbas,1,,485=,Kerryann,4
519=,Abd-Alnasser,1,,485=,Kezia,4
519=,Abdelrahman,1,,485=,Kiran,4
519=,Abdul-Rahman,1,,485=,Layla,4
519=,Abdulkareem,1,,485=,Leanna,4
519=,Abdullahi,1,,485=,Lesley-Ann,4
519=,Abdulrahman,1,,485=,Liane,4
519=,Abdulraouf,1,,485=,Lora,4
519=,Abdur,1,,485=,Loren,4
519=,Abhad,1,,485=,Lucie,4
519=,Abie-Scot,1,,485=,Luisa,4
519=,Abu-Herera,1,,485=,Marina,4
519=,Abubakir,1,,485=,Marissa,4
519=,Adedeji,1,,485=,Marlene,4
519=,Adhnan,1,,485=,Maryam,4
519=,Adian,1,,485=,Melisa,4
519=,Adnan,1,,485=,Mellissa,4
519=,Ady,1,,485=,Mhari,4
519=,Aftab,1,,485=,Molly,4
519=,Aghe,1,,485=,Monique,4
519=,Ahadullah,1,,485=,Morna,4
519=,Ahmar,1,,485=,Nancy,4
519=,Aidhan,1,,485=,Natalia,4
519=,Aitken,1,,485=,Nathalie,4
519=,Ajaz,1,,485=,Nora,4
519=,Ajit,1,,485=,Rhian,4
519=,Ajitpal,1,,485=,Rosa,4
519=,Akanmi,1,,485=,Sabina,4
519=,Akhil,1,,485=,Sadie,4
519=,Akhlaq,1,,485=,Sandi,4
519=,Akhrif,1,,485=,Sobia,4
519=,Akwasi,1,,485=,Sonya,4
519=,Alaa,1,,485=,Stephenie,4
519=,Alain,1,,485=,Sue,4
519=,Alban,1,,485=,Susannah,4
519=,Aleck,1,,485=,Vhari,4
519=,Aleem,1,,485=,Whitney,4
519=,Aleksander,1,,485=,Zarah,4
519=,Alexsander,1,,485=,Zoey,4
519=,Alexzander,1,,565=,Adrienne,3
519=,Alishaan,1,,565=,Ailidh,3
519=,Alistaire,1,,565=,Aisling,3
519=,Amaar,1,,565=,Aislinn,3
519=,Amachukwu,1,,565=,Amanda-Jane,3
519=,Amarjit,1,,565=,Amii,3
519=,Ameer,1,,565=,Amina,3
519=,Amendeep,1,,565=,Amna,3
519=,Amjed,1,,565=,Angelina,3
519=,Ammar,1,,565=,Arran,3
519=,Amreek,1,,565=,Ashleen,3
519=,Amrinder,1,,565=,Asma,3
519=,Andreas,1,,565=,Brooke,3
519=,Andres,1,,565=,Bushra,3
519=,Andrew-John,1,,565=,Calley,3
519=,Andrzej,1,,565=,Callie,3
519=,Aneel,1,,565=,Carlene,3
519=,Aneil,1,,565=,Carol-Ann,3
519=,Angelo,1,,565=,Caryn,3
519=,Anil,1,,565=,Carys,3
519=,Anish,1,,565=,Cecilia,3
519=,Anson,1,,565=,Ceilidh,3
519=,Anthony-Yu,1,,565=,Charis,3
519=,Anton,1,,565=,Cheree,3
519=,Antoni,1,,565=,Chiara,3
519=,Antonius,1,,565=,Chyvonne,3
519=,Anver,1,,565=,Corinna,3
519=,Aodhan,1,,565=,Corrina,3
519=,Aonghus,1,,565=,Courtney,3
519=,Aqueel,1,,565=,Cristina,3
519=,Arfan,1,,565=,Dara,3
519=,Arian,1,,565=,Darlene,3
519=,Arish,1,,565=,Davina,3
519=,Armando,1,,565=,Deirdre,3
519=,Arnaud,1,,565=,Donna-Marie,3
519=,Arnold,1,,565=,Donnamarie,3
519=,Art,1,,565=,Edwina,3
519=,Arun,1,,565=,Elana,3
519=,Asa,1,,565=,Elisa,3
519=,Asher,1,,565=,Elisha,3
519=,Ashif,1,,565=,Eliza,3
519=,Ashlea,1,,565=,Ellen,3
519=,Asjad,1,,565=,Eloise,3
519=,Asseem,1,,565=,Emma-Jane,3
519=,Asser,1,,565=,Farhana,3
519=,Atli,1,,565=,Fozia,3
519=,Aubrey,1,,565=,Francine,3
519=,Ausama,1,,565=,Freya,3
519=,Ausman,1,,565=,Genna,3
519=,Avwais,1,,565=,Georgie,3
519=,Ayaz,1,,565=,Imogen,3
519=,Ayden,1,,565=,India,3
519=,Azam,1,,565=,Ishbel,3
519=,Azeem,1,,565=,Jacqui,3
519=,Azize,1,,565=,Jamie-Lee,3
519=,Babbar,1,,565=,Jasmin,3
519=,Bahvar,1,,565=,Jaye,3
519=,Balbir,1,,565=,Jena,3
519=,Baljinder,1,,565=,Jenni,3
519=,Baljit,1,,565=,Jo,3
519=,Balpreet,1,,565=,Jo-Anne,3
519=,Barclay,1,,565=,Juliet,3
519=,Bari,1,,565=,Kareen,3
519=,Barrington,1,,565=,Karla,3
519=,Basem,1,,565=,Karrie,3
519=,Bayo,1,,565=,Katerina,3
519=,Bejan,1,,565=,Kathlyn,3
519=,Benedict,1,,565=,Keileigh,3
519=,Bennet,1,,565=,Kerri-Anne,3
519=,Bhavesh,1,,565=,Kerryanne,3
519=,Billie,1,,565=,Kiera,3
519=,Bin,1,,565=,Kiri,3
519=,Blu,1,,565=,Kirsti,3
519=,Blyth,1,,565=,Kirstina,3
519=,Boyd,1,,565=,Kirsty-Anne,3
519=,Brady,1,,565=,Kristie,3
519=,Breno,1,,565=,Kristine,3
519=,Brenton,1,,565=,Krystle,3
519=,Bret,1,,565=,Kyla,3
519=,Brien,1,,565=,Lai,3
519=,Broch,1,,565=,Lauri,3
519=,Bruno,1,,565=,Lia,3
519=,Caird,1,,565=,Liana,3
519=,Callam,1,,565=,Lindy,3
519=,Callan,1,,565=,Lindzi,3
519=,Camus,1,,565=,Lorne,3
519=,Casey,1,,565=,Lyndi,3
519=,Caspar,1,,565=,Madiha,3
519=,Cathal,1,,565=,Maggie,3
519=,Cecil,1,,565=,Mandi,3
519=,Cedric,1,,565=,Maree,3
519=,Ceiriog,1,,565=,Meghan,3
519=,Chad,1,,565=,Melody,3
519=,Cheuk,1,,565=,Neelum,3
519=,Chi,1,,565=,Nicky,3
519=,Chistopher,1,,565=,Niki,3
519=,Christophe,1,,565=,Nurul,3
519=,Chu,1,,565=,Poonam,3
519=,Chukudubem,1,,565=,Priscilla,3
519=,Chun,1,,565=,Rae,3
519=,Chung-Yin,1,,565=,Rhianna,3
519=,Churk,1,,565=,Rhonda,3
519=,Claudio,1,,565=,Ria,3
519=,Cliffy,1,,565=,Rita,3
519=,Clinton,1,,565=,Roseanne,3
519=,Codie,1,,565=,Rosemarie,3
519=,Collin,1,,565=,Rowena,3
519=,Colum,1,,565=,Ruby,3
519=,Comnier,1,,565=,Samira,3
519=,Conor,1,,565=,Sarah-Ann,3
519=,Coran,1,,565=,Sarahjane,3
519=,Corey,1,,565=,Sau,3
519=,Corin,1,,565=,Seema,3
519=,Cornelius,1,,565=,Shellie,3
519=,Corwin,1,,565=,Sidra,3
519=,Cory,1,,565=,Simmone,3
519=,Costas,1,,565=,Siobhain,3
519=,Creag,1,,565=,Stella,3
519=,Creagh,1,,565=,Suzanna,3
519=,Crispian,1,,565=,Tabitha,3
519=,Cristiaan,1,,565=,Tasneem,3
519=,Curtis,1,,565=,Tracie,3
519=,Cy,1,,565=,Winifred,3
519=,Dafydd,1,,565=,Yee,3
519=,Daine,1,,565=,Yuen,3
519=,Daley,1,,565=,Yvette,3
519=,Damin,1,,691=,Aamna,2
519=,Dani,1,,691=,Abbie,2
519=,Danial,1,,691=,Adrianne,2
519=,Daniele,1,,691=,Afton,2
519=,Dannie,1,,691=,Alaina,2
519=,Daran,1,,691=,Alanah,2
519=,Darron,1,,691=,Alex,2
519=,Darryll,1,,691=,Alina,2
519=,Dason,1,,691=,Alix,2
519=,David-Michael,1,,691=,Allanah,2
519=,Davie,1,,691=,Alma,2
519=,Davinder,1,,691=,Alyssa,2
519=,Davyn,1,,691=,Amanda-Jayne,2
519=,Dawud,1,,691=,Amreen,2
519=,Dayl,1,,691=,Amreet,2
519=,Deane,1,,691=,Aneliese,2
519=,Declen,1,,691=,Angelene,2
519=,Dehiwalage,1,,691=,Angelica,2
519=,Dereck,1,,691=,Anika,2
519=,Derick,1,,691=,Anilla,2
519=,Deryck,1,,691=,Anna-Marie,2
519=,Devon,1,,691=,Annabel,2
519=,Dex,1,,691=,Annabelle,2
519=,Dharmendra,1,,691=,Annalisa,2
519=,Diarmid,1,,691=,Ariana,2
519=,Diarmuid,1,,691=,Ashlee,2
519=,Dilshad,1,,691=,Ashlene,2
519=,Dimitrios,1,,691=,Aynsleigh,2
519=,Dino,1,,691=,Aynsley,2
519=,Djamel,1,,691=,Belinda,2
519=,Domenico,1,,691=,Bethan,2
519=,Donavan,1,,691=,Bethany,2
519=,Donian,1,,691=,Beverly,2
519=,Donn,1,,691=,Bobbie,2
519=,Donnan,1,,691=,Bonnie,2
519=,Donnie,1,,691=,Breda,2
519=,Donny,1,,691=,Briony,2
519=,Dougie,1,,691=,Brodie,2
519=,Drummond,1,,691=,Careen,2
519=,Dugald,1,,691=,Carey,2
519=,Dumezie,1,,691=,Carine,2
519=,Durham,1,,691=,Carissa,2
519=,Dwayne,1,,691=,Carleen,2
519=,Dyett,1,,691=,Carmen,2
519=,Eamon,1,,691=,Carolina,2
519=,Easton,1,,691=,Carolynne,2
519=,Eddie,1,,691=,Carrie-Anne,2
519=,Eden,1,,691=,Casey,2
519=,Edmond,1,,691=,Catharine,2
519=,Efstratios,1,,691=,Cathie,2
519=,Eion,1,,691=,Cathryn,2
519=,Elio,1,,691=,Catrin,2
519=,Eliot,1,,691=,Chantell,2
519=,Ellis,1,,691=,Charise,2
519=,Emad,1,,691=,Charleen,2
519=,Emir,1,,691=,Charley,2
519=,Enilio,1,,691=,Charlie,2
519=,Eran,1,,691=,Chelsie,2
519=,Erich,1,,691=,Cherise,2
519=,Erland,1,,691=,Chi,2
519=,Erling,1,,691=,Christianna,2
519=,Eugene,1,,691=,Cindy,2
519=,Evander,1,,691=,Claire-Louise,2
519=,Ezra,1,,691=,Clementine,2
519=,Fabio,1,,691=,Constance,2
519=,Faez,1,,691=,Cora,2
519=,Fahad,1,,691=,Corina,2
519=,Fahid,1,,691=,Corrie,2
519=,Fareid,1,,691=,Corrinne,2
519=,Farhan,1,,691=,Danika,2
519=,Farukh,1,,691=,Danna,2
519=,Fearghas,1,,691=,Debby,2
519=,Feliciano,1,,691=,Debora,2
519=,Felipe,1,,691=,Edna,2
519=,Felix,1,,691=,Elaina,2
519=,Ferdinando,1,,691=,Elise,2
519=,Fergal,1,,691=,Emmalouise,2
519=,Fesal,1,,691=,Eveline,2
519=,Filson,1,,691=,Faith,2
519=,Finn,1,,691=,Farzana,2
519=,Firas,1,,691=,Freda,2
519=,Firaz,1,,691=,Gael,2
519=,Forde,1,,691=,Gena,2
519=,Francois,1,,691=,Genevieve,2
519=,Freddie,1,,691=,Georgette,2
519=,Frederic,1,,691=,Gill,2
519=,Frits,1,,691=,Hebah,2
519=,Gabriel,1,,691=,Hinna,2
519=,Gardner,1,,691=,Ilona,2
519=,Gari,1,,691=,Iram,2
519=,Garreth,1,,691=,Irena,2
519=,Garrett,1,,691=,Jacklyn,2
519=,Garrith,1,,691=,Jacquelyn,2
519=,Gavine,1,,691=,Jaimi,2
519=,Gaznawi,1,,691=,James,2
519=,Gebran,1,,691=,Jayde,2
519=,Gerad,1,,691=,Jeni,2
519=,Gerarde,1,,691=,Jennafer,2
519=,Gerhard,1,,691=,Jo-Ann,2
519=,Gianmarco,1,,691=,Joann,2
519=,Gianpaolo,1,,691=,Johanne,2
519=,Gideon,1,,691=,Jordanna,2
519=,Gil,1,,691=,Josslyn,2
519=,Gilbert,1,,691=,Kadie,2
519=,Gillies,1,,691=,Kady,2
519=,Giorgio,1,,691=,Kaighley,2
519=,Giorgos,1,,691=,Kara-Jane,2
519=,Girish,1,,691=,Karena,2
519=,Giustino,1,,691=,Karis,2
519=,Glyn,1,,691=,Karlene,2
519=,Glynn,1,,691=,Kasia,2
519=,Grahame,1,,691=,Kathrine,2
519=,Graig,1,,691=,Kaylee,2
519=,Griorgair,1,,691=,Kayliegh,2
519=,Guillaume,1,,691=,Keri-Anne,2
519=,Gurbakshsh,1,,691=,Kerrianne,2
519=,Gurdaveraj,1,,691=,Keryn,2
519=,Gurdeep,1,,691=,Kira,2
519=,Gurjit,1,,691=,Kris,2
519=,Gurmail,1,,691=,Krista,2
519=,Gurmair,1,,691=,Kristeen,2
519=,Gurnam,1,,691=,Kristin,2
519=,Gurpage,1,,691=,Kulwinder,2
519=,Gurparbet,1,,691=,Kyra,2
519=,Gurrajdave,1,,691=,Kyrie,2
519=,Gurtakh,1,,691=,Laine,2
519=,Gurvinder,1,,691=,Larah,2
519=,Guthrie,1,,691=,Laura-Jane,2
519=,Gyles,1,,691=,Laurah,2
519=,Habib,1,,691=,Layna,2
519=,Hadi,1,,691=,Leisa,2
519=,Halbert,1,,691=,Leonne,2
519=,Hamayoun,1,,691=,Lianna,2
519=,Hamza,1,,691=,Lilian,2
519=,Hamzah,1,,691=,Linzie,2
519=,Hanan,1,,691=,Loraine,2
519=,Hannan,1,,691=,Louise-Anne,2
519=,Harjeev,1,,691=,Lucia,2
519=,Harold,1,,691=,Lydia,2
519=,Haroun,1,,691=,Lynnsay,2
519=,Harpal,1,,691=,Lynzi,2
519=,Harris,1,,691=,Lynzie,2
519=,Harvey,1,,691=,Madeline,2
519=,Hassan,1,,691=,Maha,2
519=,Hayden,1,,691=,Mairead,2
519=,Haydn,1,,691=,Maja,2
519=,Hendrik,1,,691=,Mara,2
519=,Hesham,1,,691=,Marcelle,2
519=,Hichem,1,,691=,Marcia,2
519=,Ho,1,,691=,Margo,2
519=,Ho-Fung,1,,691=,Marie-Clare,2
519=,Hol,1,,691=,Marjorie,2
519=,Hong,1,,691=,Marna,2
519=,Horatio,1,,691=,Martina,2
519=,Hossain,1,,691=,Mary-Anne,2
519=,Houston,1,,691=,Maryann,2
519=,Hughie,1,,691=,Maura,2
519=,Humayun,1,,691=,Mehreen,2
519=,Humza,1,,691=,Mei,2
519=,Hunter,1,,691=,Meriel,2
519=,Hurmit,1,,691=,Mhari-Claire,2
519=,Husain,1,,691=,Morvyn,2
519=,Husam,1,,691=,Morwenna,2
519=,Huseyin,1,,691=,Moya,2
519=,Huzeifa,1,,691=,Nabila,2
519=,Iaian,1,,691=,Nafeesa,2
519=,Ibrar,1,,691=,Nafisa,2
519=,Ieuan,1,,691=,Naima,2
519=,Illya,1,,691=,Nanette,2
519=,Ilyosha,1,,691=,Nastassja,2
519=,Inderpal,1,,691=,Natassia,2
519=,Irshaad,1,,691=,Nia,2
519=,Irshahidin,1,,691=,Nicki,2
519=,Irvine,1,,691=,Nicol,2
519=,Irzhahidin,1,,691=,Norma,2
519=,Isam,1,,691=,Nur,2
519=,Isfahan,1,,691=,Nyla,2
519=,Ishfaq,1,,691=,Odelle,2
519=,Ishmael,1,,691=,Penelope,2
519=,Islay,1,,691=,Phyllis,2
519=,Isman,1,,691=,Po,2
519=,Isroel,1,,691=,Polly,2
519=,Jackson,1,,691=,Poppy,2
519=,Jacky,1,,691=,Rabia,2
519=,Jacques,1,,691=,Reay,2
519=,Jagjeet,1,,691=,Rebbecca,2
519=,Jagveer,1,,691=,Rebekka,2
519=,Jaimi,1,,691=,Rhia,2
519=,Jaki,1,,691=,Rhoda,2
519=,Jameel,1,,691=,Rianne,2
519=,Jamiel,1,,691=,Romana,2
519=,Jamieson,1,,691=,Rosalie,2
519=,Jamile,1,,691=,Rosaline,2
519=,Jared,1,,691=,Roseann,2
519=,Jarrad,1,,691=,Roseleen,2
519=,Jarron,1,,691=,Roshni,2
519=,Jas,1,,691=,Rosina,2
519=,Jason-Lee,1,,691=,Roxan,2
519=,Jaspreet,1,,691=,Roxana,2
519=,Jatinder,1,,691=,Ruksana,2
519=,Javaid,1,,691=,Saadia,2
519=,Javed,1,,691=,Sacha,2
519=,Jayson,1,,691=,Saira,2
519=,Jaz,1,,691=,Salma,2
519=,Jed,1,,691=,Samantha-Jo,2
519=,Jeffery,1,,691=,Samera,2
519=,Jehan,1,,691=,Samia,2
519=,Jerdan,1,,691=,Samiya,2
519=,Jerrard,1,,691=,Sana,2
519=,Jesse,1,,691=,Sandeep,2
519=,Jimmy,1,,691=,Sarah-Jayne,2
519=,Jo,1,,691=,Sarrah,2
519=,Jochem,1,,691=,Shahnaz,2
519=,Jodi,1,,691=,Shanon,2
519=,Johan,1,,691=,Shari,2
519=,John-Andrew,1,,691=,Sharyn,2
519=,John-Blue,1,,691=,Shelagh,2
519=,John-Paul,1,,691=,Shelley-Anne,2
519=,John-Robert,1,,691=,Shelly,2
519=,John-Ross,1,,691=,Shenaz,2
519=,John-William,1,,691=,Sheona,2
519=,Johnedward,1,,691=,Shereen,2
519=,Johnnie,1,,691=,Shevonne,2
519=,Johnothan,1,,691=,Shirley-Anne,2
519=,Jon-James,1,,691=,Sin,2
519=,Jon-Paul,1,,691=,Siobhann,2
519=,Jonny,1,,691=,Siti,2
519=,Jonpaul,1,,691=,Sofia,2
519=,Jory,1,,691=,Sonja,2
519=,Josephine,1,,691=,Soraya,2
519=,Joss,1,,691=,Staci,2
519=,Jozef,1,,691=,Stevi,2
519=,Juan,1,,691=,Stevie,2
519=,Jujhar,1,,691=,Stroma,2
519=,Julio,1,,691=,Sumayyah,2
519=,Jun,1,,691=,Suzan,2
519=,Junior,1,,691=,Suzannah,2
519=,Junya,1,,691=,Suzy,2
519=,Jurgen,1,,691=,Tahlia,2
519=,Ka-Hoo,1,,691=,Tahnee,2
519=,Kahlum,1,,691=,Tammi,2
519=,Kainenechukwu,1,,691=,Tammie,2
519=,Kairne,1,,691=,Tamsin,2
519=,Kaleem,1,,691=,Tana,2
519=,Kalim,1,,691=,Tarra,2
519=,Kalle,1,,691=,Tasniem,2
519=,Kamal,1,,691=,Tegan,2
519=,Kamraan,1,,691=,Terrie,2
519=,Kamran,1,,691=,Terry,2
519=,Kan,1,,691=,Tia,2
519=,Kane,1,,691=,Traci,2
519=,Kari,1,,691=,Tracy-Anne,2
519=,Karl-George,1,,691=,Tuesday,2
519=,Karmbir,1,,691=,Vairi,2
519=,Kasiam,1,,691=,Vickie,2
519=,Kaspar,1,,691=,Virginia,2
519=,Kassem,1,,691=,Vivien,2
519=,Keane,1,,691=,Wing,2
519=,Kearan,1,,691=,Winnie,2
519=,Keegan,1,,691=,Yolanda,2
519=,Keiron,1,,691=,Zainab,2
519=,Kelven,1,,952=,Aaksaa,1
519=,Kenan,1,,952=,Aaron,1
519=,Kenjiro,1,,952=,Aarron,1
519=,Kent,1,,952=,Aasia,1
519=,Kerrie,1,,952=,Abeer,1
519=,Kerryn,1,,952=,Abir,1
519=,Keser,1,,952=,Adara,1
519=,Keven,1,,952=,Adeela,1
519=,Kevyn,1,,952=,Adeline,1
519=,Khieth,1,,952=,Adeola,1
519=,Kiall,1,,952=,Adilah,1
519=,Kiaran,1,,952=,Adriana,1
519=,Kiarash,1,,952=,Afia,1
519=,Kierrin,1,,952=,Afiya,1
519=,Kilian,1,,952=,Afra,1
519=,King,1,,952=,Afsha,1
519=,Kiran,1,,952=,Aida,1
519=,Kirpal,1,,952=,Aidan,1
519=,Kit,1,,952=,Ailish,1
519=,Klark,1,,952=,Ainsleigh,1
519=,Klem,1,,952=,Airne,1
519=,Kostas,1,,952=,Aishah,1
519=,Kristopher-Davi,1,,952=,Aisleen,1
519=,Kwong,1,,952=,Alana-Rose,1
519=,Lachie,1,,952=,Alania,1
519=,Laith,1,,952=,Alannagh,1
519=,Lakhvir,1,,952=,Alecia,1
519=,Lars,1,,952=,Alesha,1
519=,Lauren,1,,952=,Alethea,1
519=,Laurens,1,,952=,Alexandrina,1
519=,Leah,1,,952=,Alexena,1
519=,Leandro,1,,952=,Alexia,1
519=,Lee-Jon,1,,952=,Alexine,1
519=,Leeron,1,,952=,Alexis-Anne,1
519=,Lei,1,,952=,Alexy,1
519=,Leigh-Jon,1,,952=,Aleysha,1
519=,Leith,1,,952=,Alia,1
519=,Lekh,1,,952=,Aliceanne,1
519=,Lennox,1,,952=,Alicen,1
519=,Lenville,1,,952=,Alisa,1
519=,Lester,1,,952=,Alissa,1
519=,Lez,1,,952=,Aliyah,1
519=,Liah,1,,952=,Alla,1
519=,Lian,1,,952=,Almas,1
519=,Liegh,1,,952=,Alyce,1
519=,Liliano,1,,952=,Amalie,1
519=,Lindsey,1,,952=,Amani,1
519=,Linford,1,,952=,Amanjeet,1
519=,Loyd,1,,952=,Amarens,1
519=,Luck,1,,952=,Amarinder,1
519=,Ludovic,1,,952=,Amberly,1
519=,Luqman,1,,952=,Ameera,1
519=,Lynton,1,,952=,Amelia-Ann,1
519=,Magnum,1,,952=,Amelie,1
519=,Mahdi,1,,952=,Amey,1
519=,Mahir,1,,952=,Ami-Jane,1
519=,Mahmod,1,,952=,Ami-Jo,1
519=,Majdi,1,,952=,Amica,1
519=,Malik,1,,952=,Ammanda,1
519=,Malin,1,,952=,Ammie,1
519=,Mamoon,1,,952=,Amra,1
519=,Mamoun,1,,952=,Amy-Danielle,1
519=,Mandar,1,,952=,Amy-Leah,1
519=,Manos,1,,952=,Ana,1
519=,Manzar,1,,952=,Analeise,1
519=,Marcello,1,,952=,Andayani,1
519=,Marley,1,,952=,Andrena,1
519=,Marvin,1,,952=,Andria,1
519=,Masahiro,1,,952=,Aneela,1
519=,Mason,1,,952=,Aneeqa,1
519=,Mathijs,1,,952=,Aneesa,1
519=,Matt,1,,952=,Anelise,1
519=,Mazen,1,,952=,Anette,1
519=,Maziear,1,,952=,Angele,1
519=,Mckenzie,1,,952=,Angeline,1
519=,Mehboob,1,,952=,Angelliki,1
519=,Mehdi,1,,952=,Angharad,1
519=,Merlin,1,,952=,Anisa,1
519=,Mhorvan,1,,952=,Anissa,1
519=,Micheal,1,,952=,Anjela,1
519=,Micheil,1,,952=,Anjuli,1
519=,Mickey,1,,952=,Anjuman,1
519=,Mihalis,1,,952=,Annabell,1
519=,Miles,1,,952=,Anne-Laure,1
519=,Millar,1,,952=,Anne-Louise,1
519=,Mirza,1,,952=,Anne-Maree,1
519=,Moataz,1,,952=,Anneke,1
519=,Mohamad,1,,952=,Annelee,1
519=,Mohsin,1,,952=,Anngeline,1
519=,Morten,1,,952=,Annilah,1
519=,Mu'ad,1,,952=,Annissia,1
519=,Mubasheer,1,,952=,Anouska,1
519=,Mubashir,1,,952=,Ansa,1
519=,Mudassar,1,,952=,Anthea,1
519=,Muftah,1,,952=,Antoinette,1
519=,Muhanad,1,,952=,Antonette,1
519=,Muhd,1,,952=,Antonnia,1
519=,Mukhtar,1,,952=,Anusha,1
519=,Mulham,1,,952=,Anya,1
519=,Muneer-Ul-Hasan,1,,952=,Aoibheann,1
519=,Munn,1,,952=,Archna,1
519=,Munro,1,,952=,Ardelle,1
519=,Musab,1,,952=,Areasha,1
519=,Mutaal,1,,952=,Areej,1
519=,Mwewa,1,,952=,Arifa,1
519=,Myer,1,,952=,Arlayne,1
519=,Mykel,1,,952=,Arleen,1
519=,Mylie,1,,952=,Arline,1
519=,Naal,1,,952=,Arooj,1
519=,Nabil,1,,952=,Arthi,1
519=,Nadir,1,,952=,Aruna,1
519=,Nahayan,1,,952=,Arushi,1
519=,Naheem,1,,952=,Asfa,1
519=,Nairn,1,,952=,Ashiyah,1
519=,Najah,1,,952=,Ashlay,1
519=,Namaan,1,,952=,Ashley-Anne,1
519=,Nap,1,,952=,Ashley-Jane,1
519=,Naseer,1,,952=,Ashley-Jay,1
519=,Nasir,1,,952=,Ashma,1
519=,Nasyeem,1,,952=,Asia,1
519=,Navaratnam,1,,952=,Asima,1
519=,Navdeep,1,,952=,Asmah,1
519=,Navjeet,1,,952=,Astra,1
519=,Naysun,1,,952=,Atara,1
519=,Nazier,1,,952=,Atieh,1
519=,Nazir,1,,952=,Atiqa,1
519=,Neilie,1,,952=,Atiya,1
519=,Nicandre,1,,952=,Aumee,1
519=,Nicholis,1,,952=,Avalienne,1
519=,Nick,1,,952=,Avalon,1
519=,Nickolas,1,,952=,Avital,1
519=,Nicolaas,1,,952=,Awrena,1
519=,Nik,1,,952=,Ayla,1
519=,Nike,1,,952=,Aylie,1
519=,Niki-Lee,1,,952=,Aylin,1
519=,Nikkie,1,,952=,Aymee,1
519=,Nikolas,1,,952=,Aynslie,1
519=,Nilam,1,,952=,Ayshia,1
519=,Nils,1,,952=,Azad,1
519=,Nima,1,,952=,Azaisma,1
519=,Nimrod,1,,952=,Azcha,1
519=,Noel,1,,952=,Azia,1
519=,Nolan,1,,952=,Baian,1
519=,Norrie,1,,952=,Balinder,1
519=,Odalo,1,,952=,Balpreet,1
519=,Odysseus,1,,952=,Beata,1
519=,Olu,1,,952=,Beba,1
519=,Oluwa,1,,952=,Becky,1
519=,Omere,1,,952=,Bella,1
519=,Orion,1,,952=,Benita,1
519=,Ormond,1,,952=,Bernadine,1
519=,Osama,1,,952=,Bettina,1
519=,Osayande,1,,952=,Betty,1
519=,Osman,1,,952=,Bik,1
519=,Ossman,1,,952=,Billie-Jane,1
519=,Oswin,1,,952=,Billie-Jean,1
519=,Ottis,1,,952=,Billie-Jo,1
519=,Ousameh,1,,952=,Bininder,1
519=,Ousman,1,,952=,Blair,1
519=,Owain,1,,952=,Blaire,1
519=,Padraig,1,,952=,Blanche,1
519=,Panayiotis,1,,952=,Blane,1
519=,Paramjeet,1,,952=,Bonita,1
519=,Parminder,1,,952=,Bozena,1
519=,Parvez,1,,952=,Breeze,1
519=,Pascal,1,,952=,Briana,1
519=,Pat,1,,952=,Brigid,1
519=,Patrice,1,,952=,Brittney,1
519=,Paul-Rory,1,,952=,Brogan,1
519=,Pavitar,1,,952=,Bronagh,1
519=,Pedro,1,,952=,Brydon,1
519=,Pepper,1,,952=,Btisam,1
519=,Per-Ivar,1,,952=,Bushrah,1
519=,Percy,1,,952=,Cadell,1
519=,Perjit,1,,952=,Cadenza,1
519=,Perry,1,,952=,Cady,1
519=,Petros,1,,952=,Caireen,1
519=,Philm,1,,952=,Cairistiona,1
519=,Pierre,1,,952=,Cairn,1
519=,Pierre-Alexandr,1,,952=,Cait,1
519=,Plato,1,,952=,Caitlinn,1
519=,Pollock,1,,952=,Calae,1
519=,Pouy,1,,952=,Calaidh,1
519=,Preston,1,,952=,Callam,1
519=,Primo-Vincenzo,1,,952=,Camellia,1
519=,Pritam,1,,952=,Camrie,1
519=,Prithipal,1,,952=,Candace,1
519=,Pritipal,1,,952=,Candi,1
519=,Puna,1,,952=,Cara-Lee,1
519=,Puneet,1,,952=,Caragh,1
519=,Quintos,1,,952=,Caralena,1
519=,Raafeh,1,,952=,Caren,1
519=,Raeed,1,,952=,Carley-Anne,1
519=,Rafan,1,,952=,Carli,1
519=,Raghav,1,,952=,Carlie,1
519=,Raheel,1,,952=,Carlin,1
519=,Rahul,1,,952=,Carling,1
519=,Rajbir,1,,952=,Carlyn,1
519=,Rajdeep,1,,952=,Carlynn,1
519=,Rajeev,1,,952=,Carmain,1
519=,Ralf,1,,952=,Carolyne,1
519=,Ramadan,1,,952=,Caron,1
519=,Ramandeep,1,,952=,Carra,1
519=,Rana,1,,952=,Carri,1
519=,Randall,1,,952=,Carriena,1
519=,Ranjeet,1,,952=,Carrina,1
519=,Rashpal,1,,952=,Cary,1
519=,Rehmeiz,1,,952=,Casandra,1
519=,Reid,1,,952=,Cassey,1
519=,Remco,1,,952=,Catherine-Anne,1
519=,Renwick,1,,952=,Cathrine,1
519=,Resham,1,,952=,Cathy,1
519=,Reza,1,,952=,Catronia,1
519=,Rhardhi,1,,952=,Cavell,1
519=,Rhuari,1,,952=,Cavelle,1
519=,Rian,1,,952=,Cayleigh-May,1
519=,Ricci,1,,952=,Cearis,1
519=,Rici,1,,952=,Cecilia-Anne,1
519=,Rick,1,,952=,Ceildih,1
519=,Ridwan,1,,952=,Ceiledh,1
519=,Riyad,1,,952=,Ceire,1
519=,Riza,1,,952=,Celeine,1
519=,Rizwan,1,,952=,Celise,1
519=,Roan,1,,952=,Ceporah,1
519=,Rob,1,,952=,Ceri,1
519=,Robb,1,,952=,Cerian,1
519=,Robby,1,,952=,Chalwe,1
519=,Robertjohn,1,,952=,Chanael,1
519=,Robertson,1,,952=,Chanel,1
519=,Rocco,1,,952=,Chantale,1
519=,Rod,1,,952=,Chantel,1
519=,Roddie,1,,952=,Charissa,1
519=,Rodrigo,1,,952=,Charlee,1
519=,Rogan,1,,952=,Charmain,1
519=,Rohim,1,,952=,Charmane,1
519=,Roland,1,,952=,Charolette,1
519=,Roman,1,,952=,Charrissa,1
519=,Rommelli,1,,952=,Chavell,1
519=,Ros,1,,952=,Chaya,1
519=,Rose,1,,952=,Chee,1
519=,Rossano,1,,952=,Chelsey,1
519=,Royan,1,,952=,Cher,1
519=,Royce,1,,952=,Cheri,1
519=,Ruaidhri,1,,952=,Cherice,1
519=,Rudy,1,,952=,Cherisse,1
519=,Russel,1,,952=,Cherith,1
519=,Saad,1,,952=,Cherlene,1
519=,Saahil,1,,952=,Cherrelle,1
519=,Sabir,1,,952=,Cheryl-Ann,1
519=,Saief,1,,952=,Cheryl-Anne,1
519=,Saifal,1,,952=,Cheryle,1
519=,Sajjad,1,,952=,Chevaughn,1
519=,Salem,1,,952=,Chiarina,1
519=,Salman,1,,952=,Chirsty,1
519=,Samier,1,,952=,Chisato,1
519=,Samuel-Scott,1,,952=,Cho,1
519=,Saqib,1,,952=,Chriseva,1
519=,Sarangadeva,1,,952=,Chrismar,1
519=,Saren,1,,952=,Christian,1
519=,Sascha,1,,952=,Christianne,1
519=,Satinder,1,,952=,Christina-Louis,1
519=,Saul,1,,952=,Christine-Anne,1
519=,Sayed,1,,952=,Chyrelle,1
519=,Scott-Ross,1,,952=,Ciaran,1
519=,Sean-Paul,1,,952=,Cicely,1
519=,Selasie,1,,952=,Cin,1
519=,Senthil,1,,952=,Ciorsdan,1
519=,Sergio,1,,952=,Claire-Marie,1
519=,Seung,1,,952=,Clare-Louise,1
519=,Severin,1,,952=,Clarissa,1
519=,Severino,1,,952=,Claudette,1
519=,Seyed,1,,952=,Claudia,1
519=,Shabab,1,,952=,Clayre,1
519=,Shabaz,1,,952=,Cleo,1
519=,Shabir,1,,952=,Cliane,1
519=,Shafaqat,1,,952=,Cliona,1
519=,Shah,1,,952=,Colaine,1
519=,Shaheed,1,,952=,Connor,1
519=,Shahin,1,,952=,Coral,1
519=,Shahzada,1,,952=,Coralie,1
519=,Shahzade,1,,952=,Coreen,1
519=,Shaid,1,,952=,Corene,1
519=,Shairaz,1,,952=,Corienne,1
519=,Shakeel,1,,952=,Corri,1
519=,Shamon,1,,952=,Corvette,1
519=,Shannon,1,,952=,Cory,1
519=,Shaun-Michael,1,,952=,Cyndi,1
519=,Shazedin,1,,952=,Dacia,1
519=,Sheraz,1,,952=,Dale,1
519=,Shereef,1,,952=,Dallas,1
519=,Shivraj,1,,952=,Dana-Leigh,1
519=,Shmuel,1,,952=,Danaka,1
519=,Shuja,1,,952=,Danalyn,1
519=,Silas,1,,952=,Daneka,1
519=,Simone,1,,952=,Danelle,1
519=,Simpson,1,,952=,Dania,1
519=,Simranjeet,1,,952=,Danyell,1
519=,Siraj,1,,952=,Danyelle,1
519=,Siu,1,,952=,Davaar,1
519=,Skea,1,,952=,Davida,1
519=,Sohaib,1,,952=,Dawn-Marie,1
519=,Sonny,1,,952=,Dawna,1
519=,Souhil,1,,952=,Dawnne,1
519=,Souhyb,1,,952=,Dayle,1
519=,Stegan,1,,952=,Dayna,1
519=,Stepan,1,,952=,Deann,1
519=,Steuart,1,,952=,Deanne,1
519=,Stevan,1,,952=,Debashree,1
519=,Stevin,1,,952=,Debbie-Lea,1
519=,Stiva,1,,952=,Debbie-Leah,1
519=,Strvan,1,,952=,Debbie-Louise,1
519=,Stuert,1,,952=,Dee-Anne,1
519=,Sufeian,1,,952=,Deeann,1
519=,Sufian,1,,952=,Deeonne,1
519=,Sufiyan,1,,952=,Delane,1
519=,Sufyan,1,,952=,Delli,1
519=,Sui,1,,952=,Delzeta,1
519=,Sujit,1,,952=,Denice,1
519=,Sukhjinder,1,,952=,Denni,1
519=,Sunjay,1,,952=,Denyse,1
519=,Surinder,1,,952=,Derlene,1
519=,Sven,1,,952=,Derryn,1
519=,Syamer,1,,952=,Deryn,1
519=,Sylvain,1,,952=,Devika,1
519=,Symen,1,,952=,Dhuha,1
519=,Symon,1,,952=,Diahann,1
519=,Tafozzul,1,,952=,Dianna,1
519=,Taha,1,,952=,Dina,1
519=,Tahseen,1,,952=,Dinushriya,1
519=,Tak,1,,952=,Dixie,1
519=,Talvinder,1,,952=,Djamila,1
519=,Tamoor,1,,952=,Dolina,1
519=,Tane,1,,952=,Domenica,1
519=,Tarek,1,,952=,Dominee,1
519=,Tariek,1,,952=,Domini,1
519=,Tarig,1,,952=,Dona,1
519=,Tarik,1,,952=,Donelda,1
519=,Taylor,1,,952=,Donella,1
519=,Temejin,1,,952=,Donmarie,1
519=,Terrence,1,,952=,Donna-Anne,1
519=,Terri,1,,952=,Donna-Maria,1
519=,Terrie,1,,952=,Donna-May,1
519=,Thai,1,,952=,Donnella,1
519=,Thamer,1,,952=,Dustien,1
519=,Tharanjit,1,,952=,Earim,1
519=,Thom,1,,952=,Ebony,1
519=,Thorfinn,1,,952=,Edel,1
519=,Tilden,1,,952=,Eeva,1
519=,Tobias,1,,952=,Effie,1
519=,Tod,1,,952=,Eilah,1
519=,Todd,1,,952=,Eilidhiona,1
519=,Torrance,1,,952=,Eiligh,1
519=,Travis,1,,952=,Eilish,1
519=,Tristano,1,,952=,Eiman,1
519=,Tristian,1,,952=,Elaine-Anne,1
519=,Tuseef,1,,952=,Elane,1
519=,Tyler,1,,952=,Elayna,1
519=,Tze,1,,952=,Elayne,1
519=,Tze-Hung,1,,952=,Eleanore,1
519=,Ub'ae,1,,952=,Eleni,1
519=,Umair,1,,952=,Elesa,1
519=,Umer,1,,952=,Elexa,1
519=,Ummair,1,,952=,Elidh,1
519=,Umran,1,,952=,Elinda,1
519=,Usmaan,1,,952=,Elizabeth-Anne,1
519=,Uttam,1,,952=,Elizabethann,1
519=,Vasilis,1,,952=,Ellanna,1
519=,Vince,1,,952=,Ellice,1
519=,Vinicius,1,,952=,Ellie,1
519=,Vishay,1,,952=,Ellona,1
519=,Wahi,1,,952=,Elma,1
519=,Wahid,1,,952=,Elodie,1
519=,Waimen,1,,952=,Elouisa,1
519=,Wakaas,1,,952=,Elsa,1
519=,Wakas,1,,952=,Elsie,1
519=,Waleed,1,,952=,Elyse,1
519=,Wan,1,,952=,Eman,1
519=,Waqaas,1,,952=,Emel,1
519=,Warwick,1,,952=,Emelia,1
519=,Wasim,1,,952=,Emilia,1
519=,Willem,1,,952=,Emilie,1
519=,Wincent,1,,952=,Emma-Jayne,1
519=,Wolfgang,1,,952=,Emma-Jean,1
519=,Wouter,1,,952=,Emma-Jo,1
519=,Wray,1,,952=,Emmylou,1
519=,Wylie,1,,952=,Enrica-Maria,1
519=,Wyndham,1,,952=,Erezi,1
519=,Xavier,1,,952=,Erin-Marie,1
519=,Yama,1,,952=,Erinn,1
519=,Yasar,1,,952=,Erinne,1
519=,Yaser,1,,952=,Ermeone,1
519=,Yasser,1,,952=,Eryn,1
519=,Yazan,1,,952=,Esijolomi,1
519=,Yil,1,,952=,Estelle,1
519=,Younas,1,,952=,Ester,1
519=,Yousaf,1,,952=,Etna,1
519=,Yousef,1,,952=,Euphemia,1
519=,Youssef,1,,952=,Evette,1
519=,Yue,1,,952=,Evie,1
519=,Yuen,1,,952=,Evonne,1
519=,Yuki,1,,952=,Faaiza,1
519=,Yves,1,,952=,Fahmida,1
519=,Zac,1,,952=,Fairhat,1
519=,Zafar,1,,952=,Fallen,1
519=,Zain-Ul-Abideen,1,,952=,Farena,1
519=,Zak,1,,952=,Farhat,1
519=,Zamir,1,,952=,Farima,1
519=,Zeeshan,1,,952=,Farr,1
519=,Zehab,1,,952=,Farrah,1
519=,Zhen,1,,952=,Farryn,1
519=,Zied,1,,952=,Fatima,1
519=,Zing,1,,952=,Fatimah,1
519=,Zique,1,,952=,Fatma,1
519=,Zrar,1,,952=,Fauve,1
519=,Zubair,1,,952=,Fawzia,1
519=,Zubin,1,,952=,Fay,1
519=,Zuhair,1,,952=,Fayesda,1
519=,Zulhisham,1,,952=,Feonagh,1
,,,,952=,Fharjana,1
,,,,952=,Fiaza,1
,,,,952=,Finla,1
,,,,952=,Finola,1
,,,,952=,Fiona-Jane,1
,,,,952=,Fionnuala,1
,,,,952=,Firoza,1
,,,,952=,Fizzah,1
,,,,952=,Fleur,1
,,,,952=,Fraya,1
,,,,952=,Freha,1
,,,,952=,Freyja,1
,,,,952=,Fyza,1
,,,,952=,Gabriella,1
,,,,952=,Gabrielle,1
,,,,952=,Gamilla,1
,,,,952=,Gargi,1
,,,,952=,Gayatri,1
,,,,952=,Gayna,1
,,,,952=,Geeta,1
,,,,952=,Gelis,1
,,,,952=,Gemma-Louise,1
,,,,952=,Gertrude,1
,,,,952=,Ghadier,1
,,,,952=,Ghulam,1
,,,,952=,Gilly,1
,,,,952=,Gioia,1
,,,,952=,Giorgia,1
,,,,952=,Giorgina,1
,,,,952=,Giovanna,1
,,,,952=,Gordean,1
,,,,952=,Goulshin,1
,,,,952=,Gracie,1
,,,,952=,Grania,1
,,,,952=,Greer,1
,,,,952=,Greta,1
,,,,952=,Gurnam,1
,,,,952=,Gurpreet,1
,,,,952=,Gurwinder,1
,,,,952=,Gwendolyn,1
,,,,952=,Gwendolyne,1
,,,,952=,Hadel,1
,,,,952=,Hafidzahtol,1
,,,,952=,Hafsah,1
,,,,952=,Haidee,1
,,,,952=,Hajera,1
,,,,952=,Hajra,1
,,,,952=,Hala,1
,,,,952=,Halah,1
,,,,952=,Halina,1
,,,,952=,Hameera,1
,,,,952=,Hanna,1
,,,,952=,Hannah-Rose,1
,,,,952=,Hanne,1
,,,,952=,Haram,1
,,,,952=,Harveer,1
,,,,952=,Hasiem,1
,,,,952=,Hazelann,1
,,,,952=,Heather-Dawn,1
,,,,952=,Heathyre,1
,,,,952=,Helane,1
,,,,952=,Hellena,1
,,,,952=,Hemara,1
,,,,952=,Henrieka,1
,,,,952=,Henrietta,1
,,,,952=,Hetanshi,1
,,,,952=,Hildigunnur,1
,,,,952=,Hina,1
,,,,952=,Honor,1
,,,,952=,Honour,1
,,,,952=,Huda,1
,,,,952=,Humaira,1
,,,,952=,Hussna,1
,,,,952=,Hyun-Soo,1
,,,,952=,Ida,1
,,,,952=,Ifeoma,1
,,,,952=,Illana,1
,,,,952=,Imama,1
,,,,952=,Iman,1
,,,,952=,Inas,1
,,,,952=,Innes,1
,,,,952=,Irfana,1
,,,,952=,Irma,1
,,,,952=,Isaan,1
,,,,952=,Ishah,1
,,,,952=,Isla-Dawn,1
,,,,952=,Islean,1
,,,,952=,Ita,1
,,,,952=,Jacalyn,1
,,,,952=,Jackaleen,1
,,,,952=,Jaclynn,1
,,,,952=,Jacqualine,1
,,,,952=,Jacqualyn,1
,,,,952=,Jacquelynn,1
,,,,952=,Jacquie,1
,,,,952=,Jaki,1
,,,,952=,Jalan,1
,,,,952=,Jamerie,1
,,,,952=,Jamie-Lea,1
,,,,952=,Jamie-Louise,1
,,,,952=,Jana,1
,,,,952=,Janan,1
,,,,952=,Janelle,1
,,,,952=,Janene,1
,,,,952=,Janina,1
,,,,952=,Janis,1
,,,,952=,Janna,1
,,,,952=,Janne,1
,,,,952=,Jannette,1
,,,,952=,Jannicke,1
,,,,952=,Jannine,1
,,,,952=,Janthea,1
,,,,952=,Jaoe,1
,,,,952=,Jaqualyn,1
,,,,952=,Jaqueline,1
,,,,952=,Jardean,1
,,,,952=,Jasbinder,1
,,,,952=,Jasleen,1
,,,,952=,Jasvinder,1
,,,,952=,Jaymie,1
,,,,952=,Jeananne,1
,,,,952=,Jeanine,1
,,,,952=,Jeanna,1
,,,,952=,Jeanne,1
,,,,952=,Jeanne-Marie,1
,,,,952=,Jeannie,1
,,,,952=,Jema,1
,,,,952=,Jeniffer,1
,,,,952=,Jennifer-Marie,1
,,,,952=,Jer-Hing,1
,,,,952=,Jerri,1
,,,,952=,Jerry,1
,,,,952=,Jess,1
,,,,952=,Jessalin,1
,,,,952=,Jhody,1
,,,,952=,Jilli,1
,,,,952=,Jinanne,1
,,,,952=,Jo-Anna,1
,,,,952=,Jodi-Lee,1
,,,,952=,Joe-Anne,1
,,,,952=,Joelle,1
,,,,952=,Joelyn,1
,,,,952=,Johan,1
,,,,952=,John,1
,,,,952=,Jolaine,1
,,,,952=,Joleen,1
,,,,952=,Joo,1
,,,,952=,Jordana,1
,,,,952=,Jordanne,1
,,,,952=,Jorden,1
,,,,952=,Josalin,1
,,,,952=,Josephine-Anne,1
,,,,952=,Josie,1
,,,,952=,Joyeeta,1
,,,,952=,Judi,1
,,,,952=,Juleigh,1
,,,,952=,Juliana,1
,,,,952=,Julie-Marie,1
,,,,952=,Julieann,1
,,,,952=,Julieanne,1
,,,,952=,Juliette,1
,,,,952=,Justeen,1
,,,,952=,Jyneen,1
,,,,952=,Ka,1
,,,,952=,Kaarina,1
,,,,952=,Kaelay,1
,,,,952=,Kaeleigh,1
,,,,952=,Kaelen,1
,,,,952=,Kailie,1
,,,,952=,Kaiyliegh,1
,,,,952=,Kaleidh,1
,,,,952=,Kaleigh,1
,,,,952=,Kaley,1
,,,,952=,Kaliegh-Ann,1
,,,,952=,Kallie,1
,,,,952=,Kalsoom,1
,,,,952=,Kanwal,1
,,,,952=,Karan,1
,,,,952=,Karen-Louise,1
,,,,952=,Karene,1
,,,,952=,Kari,1
,,,,952=,Kari-Anne,1
,,,,952=,Kari-Lee,1
,,,,952=,Kariann,1
,,,,952=,Karianne,1
,,,,952=,Karishma,1
,,,,952=,Karli,1
,,,,952=,Karlie,1
,,,,952=,Karole,1
,,,,952=,Karon,1
,,,,952=,Karran,1
,,,,952=,Karri,1
,,,,952=,Karrie-Anne,1
,,,,952=,Kasha,1
,,,,952=,Kashana,1
,,,,952=,Kassandra,1
,,,,952=,Kassilyn,1
,,,,952=,Katarina,1
,,,,952=,Katarzyna,1
,,,,952=,Katayun,1
,,,,952=,Katelyn,1
,,,,952=,Katerin,1
,,,,952=,Kathaleen,1
,,,,952=,Katharin,1
,,,,952=,Katheine,1
,,,,952=,Kathmar,1
,,,,952=,Kathreen,1
,,,,952=,Kathrin,1
,,,,952=,Kathy,1
,,,,952=,Katie-Jo,1
,,,,952=,Katie-Louise,1
,,,,952=,Katja,1
,,,,952=,Katrien,1
,,,,952=,Katrina-Anne,1
,,,,952=,Kay-Leigh,1
,,,,952=,Kaya,1
,,,,952=,Kayda,1
,,,,952=,Kayla,1
,,,,952=,Kaylea,1
,,,,952=,Kaylin,1
,,,,952=,Kayren,1
,,,,952=,Kayrene,1
,,,,952=,Kayrin,1
,,,,952=,Kazandra,1
,,,,952=,Kehkkshan,1
,,,,952=,Keighleigh,1
,,,,952=,Keighly,1
,,,,952=,Keira-Jane,1
,,,,952=,Keirda,1
,,,,952=,Keisha,1
,,,,952=,Kelcy,1
,,,,952=,Keleigh,1
,,,,952=,Kelle-Marie,1
,,,,952=,Kellianne,1
,,,,952=,Kellieann,1
,,,,952=,Kelly-Jane,1
,,,,952=,Kelly-Janene,1
,,,,952=,Keloli,1
,,,,952=,Kelsay,1
,,,,952=,Kemma,1
,,,,952=,Kendal,1
,,,,952=,Kendra,1
,,,,952=,Kenna,1
,,,,952=,Keren,1
,,,,952=,Kerey,1
,,,,952=,Keriann,1
,,,,952=,Kerin,1
,,,,952=,Kerrae,1
,,,,952=,Kerrelee,1
,,,,952=,Kerrena,1
,,,,952=,Kerrin,1
,,,,952=,Kerris,1
,,,,952=,Kerry-Leigh,1
,,,,952=,Kessia,1
,,,,952=,Khadiza,1
,,,,952=,Khalida,1
,,,,952=,Khar,1
,,,,952=,Kharis,1
,,,,952=,Khatun,1
,,,,952=,Kheri,1
,,,,952=,Khiya,1
,,,,952=,Kialisa,1
,,,,952=,Kieghly,1
,,,,952=,Kierian,1
,,,,952=,Kileen,1
,,,,952=,Kimberely,1
,,,,952=,Kimberlee,1
,,,,952=,Kimberleigh,1
,,,,952=,Kimberley-Louis,1
,,,,952=,Kiranjit,1
,,,,952=,Kiristi,1
,,,,952=,Kirn,1
,,,,952=,Kirstan,1
,,,,952=,Kirstanne,1
,,,,952=,Kirstien,1
,,,,952=,Kirsty-Ann,1
,,,,952=,Kirstyanne,1
,,,,952=,Klayr,1
,,,,952=,Korin,1
,,,,952=,Korrin,1
,,,,952=,Kosar,1
,,,,952=,Kristan,1
,,,,952=,Kristel,1
,,,,952=,Kristen,1
,,,,952=,Kristi,1
,,,,952=,Krysta,1
,,,,952=,Krystal,1
,,,,952=,Krysty,1
,,,,952=,Kulsoom,1
,,,,952=,Kursty,1
,,,,952=,Kussar,1
,,,,952=,Kwan,1
,,,,952=,Kyhberly,1
,,,,952=,Kylaigh,1
,,,,952=,Kyle,1
,,,,952=,Kylea,1
,,,,952=,Kym,1
,,,,952=,Kymberley,1
,,,,952=,Kyrsten,1
,,,,952=,Kythie,1
,,,,952=,Lachelle,1
,,,,952=,Lacy,1
,,,,952=,Lahnna,1
,,,,952=,Lam,1
,,,,952=,Lanagh,1
,,,,952=,Lanna,1
,,,,952=,Lara-Liisa,1
,,,,952=,Laura-Anne,1
,,,,952=,Laura-Jayne,1
,,,,952=,Laura-Jo,1
,,,,952=,Lauranicole,1
,,,,952=,Laureen,1
,,,,952=,Laurette,1
,,,,952=,Laurie-Anne,1
,,,,952=,Laurissa,1
,,,,952=,Lauryn,1
,,,,952=,Lavinia,1
,,,,952=,Lawrie,1
,,,,952=,Layiaka,1
,,,,952=,Layne,1
,,,,952=,Le,1
,,,,952=,Lea-Anne,1
,,,,952=,Leane,1
,,,,952=,Leasa,1
,,,,952=,Lecia,1
,,,,952=,Leeanna,1
,,,,952=,Leianna,1
,,,,952=,Leighan,1
,,,,952=,Leilah,1
,,,,952=,Lena,1
,,,,952=,Leole,1
,,,,952=,Leona-Jayne,1
,,,,952=,Leonesse,1
,,,,952=,Leonna,1
,,,,952=,Leonni,1
,,,,952=,Leonora,1
,,,,952=,Lesa,1
,,,,952=,Lesleyanne,1
,,,,952=,Leslie,1
,,,,952=,Letitia,1
,,,,952=,Leyla,1
,,,,952=,Lian,1
,,,,952=,Liann,1
,,,,952=,Liath,1
,,,,952=,Liela,1
,,,,952=,Liesl,1
,,,,952=,Lilamrta,1
,,,,952=,Lillian,1
,,,,952=,Lillias,1
,,,,952=,Limara,1
,,,,952=,Lin,1
,,,,952=,Linda-Ann,1
,,,,952=,Lindsey-Amanda,1
,,,,952=,Lindsie-Anne,1
,,,,952=,Lindsy,1
,,,,952=,Ling-Ling,1
,,,,952=,Linley,1
,,,,952=,Linn,1
,,,,952=,Linzy,1
,,,,952=,Lisa-Jane,1
,,,,952=,Lisa-May,1
,,,,952=,Lissa,1
,,,,952=,Lita,1
,,,,952=,Liusadh,1
,,,,952=,Lizann,1
,,,,952=,Lmya,1
,,,,952=,Loma,1
,,,,952=,Lorayne,1
,,,,952=,Loreen,1
,,,,952=,Loretta,1
,,,,952=,Lorien,1
,,,,952=,Lorilee,1
,,,,952=,Lorin,1
,,,,952=,Lornne,1
,,,,952=,Lorre,1
,,,,952=,Lorren,1
,,,,952=,Lorri,1
,,,,952=,Louisa-Kim,1
,,,,952=,Louise-Marie,1
,,,,952=,Lourinda,1
,,,,952=,Lubna,1
,,,,952=,Luciana,1
,,,,952=,Lucie-Ann,1
,,,,952=,Lucilla,1
,,,,952=,Lucine,1
,,,,952=,Lucyanna,1
,,,,952=,Luiza,1
,,,,952=,Lyanne,1
,,,,952=,Lyndee,1
,,,,952=,Lynden-Anne,1
,,,,952=,Lynn-Stephanie,1
,,,,952=,Lynndzy,1
,,,,952=,Lynne-Anne,1
,,,,952=,Lynnsey,1
,,,,952=,Lynsey-Marie,1
,,,,952=,Maarya,1
,,,,952=,Machelle,1
,,,,952=,Maddie,1
,,,,952=,Madeha,1
,,,,952=,Madeirra,1
,,,,952=,Madelyn,1
,,,,952=,Madelynne,1
,,,,952=,Madison,1
,,,,952=,Mae,1
,,,,952=,Maeghan,1
,,,,952=,Maeke,1
,,,,952=,Maeve,1
,,,,952=,Mafalda,1
,,,,952=,Mahmona,1
,,,,952=,Mahri,1
,,,,952=,Mahtab,1
,,,,952=,Maihnaz,1
,,,,952=,Maire,1
,,,,952=,Maitri,1
,,,,952=,Makhela,1
,,,,952=,Malin,1
,,,,952=,Malishia,1
,,,,952=,Mallissa,1
,,,,952=,Manda,1
,,,,952=,Mandeep,1
,,,,952=,Mandie,1
,,,,952=,Mandip,1
,,,,952=,Manjit,1
,,,,952=,Marah,1
,,,,952=,Marcella,1
,,,,952=,Maressa-Ann,1
,,,,952=,Maretta,1
,,,,952=,Margaret-Anne,1
,,,,952=,Margaret-Jane,1
,,,,952=,Margarita,1
,,,,952=,Margie,1
,,,,952=,Margot,1
,,,,952=,Marguerite,1
,,,,952=,Mari-Anne,1
,,,,952=,Mari-Clare,1
,,,,952=,Maria-Anne,1
,,,,952=,Mariam,1
,,,,952=,Mariann,1
,,,,952=,Marianna,1
,,,,952=,Mariclair,1
,,,,952=,Marie-Claire,1
,,,,952=,Marie-Elizabeth,1
,,,,952=,Marie-Louise,1
,,,,952=,Marie-Therese,1
,,,,952=,Marieha,1
,,,,952=,Marieke,1
,,,,952=,Mariesa,1
,,,,952=,Marisia,1
,,,,952=,Marita,1
,,,,952=,Mariyia,1
,,,,952=,Marja,1
,,,,952=,Marjory,1
,,,,952=,Marley,1
,,,,952=,Marlyn,1
,,,,952=,Marrian,1
,,,,952=,Marrisa,1
,,,,952=,Marsaili,1
,,,,952=,Marsali,1
,,,,952=,Marsieh,1
,,,,952=,Marta,1
,,,,952=,Martessa,1
,,,,952=,Maruschka,1
,,,,952=,Marwah,1
,,,,952=,Mary-Elizabeth,1
,,,,952=,Mary-Jane,1
,,,,952=,Mary-Laura,1
,,,,952=,Maryanne,1
,,,,952=,Mashaal,1
,,,,952=,Mashael,1
,,,,952=,Massadoh,1
,,,,952=,Matilda,1
,,,,952=,Maud,1
,,,,952=,Maya,1
,,,,952=,Mays,1
,,,,952=,Meaghan,1
,,,,952=,Meena,1
,,,,952=,Megen,1
,,,,952=,Meggin,1
,,,,952=,Meghann,1
,,,,952=,Mehak,1
,,,,952=,Mehmoona,1
,,,,952=,Mehnaz,1
,,,,952=,Mehrene,1
,,,,952=,Mehwish,1
,,,,952=,Melanie-Grace,1
,,,,952=,Melina,1
,,,,952=,Mellisa,1
,,,,952=,Melony,1
,,,,952=,Melshean,1
,,,,952=,Mema-Louise,1
,,,,952=,Merav,1
,,,,952=,Mercedes,1
,,,,952=,Merran,1
,,,,952=,Meshelle,1
,,,,952=,Mha,1
,,,,952=,Mhairi-Michelle,1
,,,,952=,Mharhi,1
,,,,952=,Mia,1
,,,,952=,Michaella,1
,,,,952=,Mikala,1
,,,,952=,Mikela,1
,,,,952=,Mila,1
,,,,952=,Milena,1
,,,,952=,Milissa,1
,,,,952=,Millisa,1
,,,,952=,Millissa,1
,,,,952=,Minerva,1
,,,,952=,Minnie,1
,,,,952=,Minoo,1
,,,,952=,Mishka-Siobhan,1
,,,,952=,Misti,1
,,,,952=,Mitali,1
,,,,952=,Mohammad,1
,,,,952=,Moheeqa,1
,,,,952=,Momina,1
,,,,952=,Monica-Therese,1
,,,,952=,Morena,1
,,,,952=,Morgana,1
,,,,952=,Morvern,1
,,,,952=,Mubishereen,1
,,,,952=,Munaza,1
,,,,952=,Mundanna,1
,,,,952=,Muneeba,1
,,,,952=,Muqaddas,1
,,,,952=,Murshidah,1
,,,,952=,Musrat,1
,,,,952=,My,1
,,,,952=,Mymoonah,1
,,,,952=,Myska,1
,,,,952=,Nada,1
,,,,952=,Nadaline,1
,,,,952=,Nadean,1
,,,,952=,Nadera,1
,,,,952=,Nafeeza,1
,,,,952=,Nafesa,1
,,,,952=,Naidean,1
,,,,952=,Naila,1
,,,,952=,Nailaa,1
,,,,952=,Naimi,1
,,,,952=,Naiomi,1
,,,,952=,Najia,1
,,,,952=,Najmul,1
,,,,952=,Najwa,1
,,,,952=,Naki,1
,,,,952=,Nana,1
,,,,952=,Naomei,1
,,,,952=,Naomi-Sue,1
,,,,952=,Narissa,1
,,,,952=,Nasibah,1
,,,,952=,Natalea,1
,,,,952=,Natalee,1
,,,,952=,Natali,1
,,,,952=,Natalie-Louise,1
,,,,952=,Natasha-Ann,1
,,,,952=,Natasha-Rass,1
,,,,952=,Natassja,1
,,,,952=,Nathia,1
,,,,952=,Natilie,1
,,,,952=,Nattasha,1
,,,,952=,Navenka,1
,,,,952=,Navpreet,1
,,,,952=,Naweida,1
,,,,952=,Nayla,1
,,,,952=,Nazaneen,1
,,,,952=,Nazatul,1
,,,,952=,Nazrah,1
,,,,952=,Necole,1
,,,,952=,Neessa,1
,,,,952=,Neicole,1
,,,,952=,Nekisha,1
,,,,952=,Nekole,1
,,,,952=,Nelam,1
,,,,952=,Netta,1
,,,,952=,Neysa,1
,,,,952=,Nezahat,1
,,,,952=,Niamh,1
,,,,952=,Nicci,1
,,,,952=,Nichita,1
,,,,952=,Nickie,1
,,,,952=,Nicola-Ann,1
,,,,952=,Nicola-Jayne,1
,,,,952=,Nicolina,1
,,,,952=,Nicolle,1
,,,,952=,Nidaa,1
,,,,952=,Niketa,1
,,,,952=,Nikitta,1
,,,,952=,Nikki'jo,1
,,,,952=,Nikki-Lee,1
,,,,952=,Nikole,1
,,,,952=,Nimra,1
,,,,952=,Nioma,1
,,,,952=,Niomi,1
,,,,952=,Niquita,1
,,,,952=,Nitasha,1
,,,,952=,Nkechinyelu,1
,,,,952=,Nnenna,1
,,,,952=,Noelle,1
,,,,952=,Noor,1
,,,,952=,Noor-Ul-Ane,1
,,,,952=,Norasfiya,1
,,,,952=,Noreen,1
,,,,952=,Norelle,1
,,,,952=,Nourelhoda,1
,,,,952=,Noyon,1
,,,,952=,Nuala,1
,,,,952=,Nurfazila,1
,,,,952=,Nushrat,1
,,,,952=,Nusrat,1
,,,,952=,Nuurul,1
,,,,952=,Nylia,1
,,,,952=,Nymara,1
,,,,952=,Nyree,1
,,,,952=,Obiorkor,1
,,,,952=,Odette,1
,,,,952=,Oenone,1
,,,,952=,Olubunmi,1
,,,,952=,Onaine,1
,,,,952=,Onize,1
,,,,952=,Onkar,1
,,,,952=,Oriana,1
,,,,952=,Orla,1
,,,,952=,Oyenike,1
,,,,952=,Ozma,1
,,,,952=,Paramjit,1
,,,,952=,Pardeep,1
,,,,952=,Parminder,1
,,,,952=,Patsy,1
,,,,952=,Paula-Jane,1
,,,,952=,Pearl,1
,,,,952=,Pei,1
,,,,952=,Permjit,1
,,,,952=,Philippa-Jane,1
,,,,952=,Philomena,1
,,,,952=,Phylicia,1
,,,,952=,Pippa,1
,,,,952=,Pirmjot,1
,,,,952=,Pooja,1
,,,,952=,Prabha,1
,,,,952=,Preea,1
,,,,952=,Preeti,1
,,,,952=,Princess,1
,,,,952=,Prubjhote,1
,,,,952=,Pui,1
,,,,952=,Qasimah,1
,,,,952=,Qatr,1
,,,,952=,Quanisha,1
,,,,952=,Qurat-Ul-Ain,1
,,,,952=,Rabail,1
,,,,952=,Rabhia,1
,,,,952=,Rabiya,1
,,,,952=,Rachana,1
,,,,952=,Radha,1
,,,,952=,Raghad,1
,,,,952=,Raheela,1
,,,,952=,Rahet,1
,,,,952=,Rahiq,1
,,,,952=,Raisam,1
,,,,952=,Rajdeep,1
,,,,952=,Rajdip,1
,,,,952=,Rajkiran,1
,,,,952=,Rajneet,1
,,,,952=,Rajni,1
,,,,952=,Rajpreet,1
,,,,952=,Rajvinder,1
,,,,952=,Rajwinder,1
,,,,952=,Ramanjit,1
,,,,952=,Ramiya,1
,,,,952=,Rana,1
,,,,952=,Raven,1
,,,,952=,Ravinder,1
,,,,952=,Ray,1
,,,,952=,Rayah,1
,,,,952=,Rayleen,1
,,,,952=,Razeena,1
,,,,952=,Rea,1
,,,,952=,Reagan,1
,,,,952=,Rebeccah,1
,,,,952=,Rebeckah,1
,,,,952=,Reena,1
,,,,952=,Reiche,1
,,,,952=,Rekha,1
,,,,952=,Renee,1
,,,,952=,Reta,1
,,,,952=,Reyhanna,1
,,,,952=,Rhanna,1
,,,,952=,Rhiana,1
,,,,952=,Rhianon,1
,,,,952=,Ria-Michelle,1
,,,,952=,Riah,1
,,,,952=,Richelle,1
,,,,952=,Rie,1
,,,,952=,Rikki,1
,,,,952=,Riona,1
,,,,952=,Rizwanah,1
,,,,952=,Roa,1
,,,,952=,Roanna,1
,,,,952=,Roanne,1
,,,,952=,Robin,1
,,,,952=,Robina,1
,,,,952=,Roia,1
,,,,952=,Roma,1
,,,,952=,Romey,1
,,,,952=,Ronan,1
,,,,952=,Rosalee,1
,,,,952=,Rosaleen,1
,,,,952=,Rosamund,1
,,,,952=,Rosan,1
,,,,952=,Rose-Marie,1
,,,,952=,Roshean,1
,,,,952=,Roslin,1
,,,,952=,Roslynn,1
,,,,952=,Rowenna,1
,,,,952=,Rowyda,1
,,,,952=,Roxane,1
,,,,952=,Roya,1
,,,,952=,Rozalyn,1
,,,,952=,Rozanne,1
,,,,952=,Rozelle,1
,,,,952=,Rozlynn,1
,,,,952=,Rubeena,1
,,,,952=,Rubhi,1
,,,,952=,Rubina,1
,,,,952=,Ruchika,1
,,,,952=,Rukhsana,1
,,,,952=,Ruksane,1
,,,,952=,Ruya,1
,,,,952=,Saba,1
,,,,952=,Sabaah,1
,,,,952=,Sabahat,1
,,,,952=,Sabeya,1
,,,,952=,Saci,1
,,,,952=,Sade,1
,,,,952=,Sadhia,1
,,,,952=,Sadye,1
,,,,952=,Safeera,1
,,,,952=,Sahera,1
,,,,952=,Sahida,1
,,,,952=,Saibah,1
,,,,952=,Saima,1
,,,,952=,Saimatu,1
,,,,952=,Sairah,1
,,,,952=,Sajada,1
,,,,952=,Sally-Ann,1
,,,,952=,Saly,1
,,,,952=,Sam,1
,,,,952=,Samaira,1
,,,,952=,Samatha,1
,,,,952=,Sameeha,1
,,,,952=,Sameena,1
,,,,952=,Sameera,1
,,,,952=,Samena,1
,,,,952=,Samerah,1
,,,,952=,Sammantha,1
,,,,952=,Sammy,1
,,,,952=,Sanah,1
,,,,952=,Sanccia,1
,,,,952=,Sandra-Ann,1
,,,,952=,Sandra-Anne,1
,,,,952=,Sandy,1
,,,,952=,Sania,1
,,,,952=,Sanna,1
,,,,952=,Santina,1
,,,,952=,Santosh,1
,,,,952=,Saoirse,1
,,,,952=,Sapna,1
,,,,952=,Sapphire,1
,,,,952=,Sara-Anne,1
,,,,952=,Sara-Jayne,1
,,,,952=,Sara-Michelle,1
,,,,952=,Sarah-Lea,1
,,,,952=,Sarah-Lee,1
,,,,952=,Sarah-Louise,1
,,,,952=,Sarahlee,1
,,,,952=,Saraid-Jane,1
,,,,952=,Saranjeet,1
,,,,952=,Sarina,1
,,,,952=,Sarra,1
,,,,952=,Sascha,1
,,,,952=,Saskia,1
,,,,952=,Saubia,1
,,,,952=,Savanna,1
,,,,952=,Sayedah,1
,,,,952=,Sayima,1
,,,,952=,Scarlett,1
,,,,952=,Scye,1
,,,,952=,Seanade,1
,,,,952=,See,1
,,,,952=,Seher,1
,,,,952=,Selene,1
,,,,952=,Semma,1
,,,,952=,Sena,1
,,,,952=,Senga,1
,,,,952=,Seona,1
,,,,952=,Seonaidh,1
,,,,952=,Serona,1
,,,,952=,Shaasta,1
,,,,952=,Shabina,1
,,,,952=,Shadaya,1
,,,,952=,Shade,1
,,,,952=,Shadine,1
,,,,952=,Shaeleen,1
,,,,952=,Shahida,1
,,,,952=,Shakeela,1
,,,,952=,Shalena,1
,,,,952=,Shalene,1
,,,,952=,Shalina,1
,,,,952=,Shamila,1
,,,,952=,Shamshad,1
,,,,952=,Shamyla,1
,,,,952=,Shan,1
,,,,952=,Shanann,1
,,,,952=,Shaneen,1
,,,,952=,Shanelle,1
,,,,952=,Shaney,1
,,,,952=,Shanna,1
,,,,952=,Shannah,1
,,,,952=,Shannen,1
,,,,952=,Shapla,1
,,,,952=,Shara,1
,,,,952=,Sharday,1
,,,,952=,Sharee,1
,,,,952=,Sharelle,1
,,,,952=,Sharene,1
,,,,952=,Sharifa,1
,,,,952=,Sharlenne,1
,,,,952=,Sharmila,1
,,,,952=,Sharriena,1
,,,,952=,Shaunna,1
,,,,952=,Shawn,1
,,,,952=,Shawna,1
,,,,952=,Shawndelle,1
,,,,952=,Shayka,1
,,,,952=,Shazameen,1
,,,,952=,Shazeaa,1
,,,,952=,Shaziya,1
,,,,952=,Sheba,1
,,,,952=,Sheelagh,1
,,,,952=,Sheenette,1
,,,,952=,Sheetal,1
,,,,952=,Sheghley,1
,,,,952=,Shelaine,1
,,,,952=,Shelby,1
,,,,952=,Shelli,1
,,,,952=,Shena,1
,,,,952=,Sheonagh,1
,,,,952=,Sher,1
,,,,952=,Sherelle,1
,,,,952=,Sheria,1
,,,,952=,Sheridan,1
,,,,952=,Sherill,1
,,,,952=,Sherise,1
,,,,952=,Sherralynne,1
,,,,952=,Sherree,1
,,,,952=,Sherri,1
,,,,952=,Sherrie,1
,,,,952=,Sherrill,1
,,,,952=,Sherryll,1
,,,,952=,Sheryl-Anne,1
,,,,952=,Sheryll,1
,,,,952=,Sheryn,1
,,,,952=,Shevon,1
,,,,952=,Shgufta,1
,,,,952=,Shia,1
,,,,952=,Shikha,1
,,,,952=,Shiobban,1
,,,,952=,Shiobhan,1
,,,,952=,Shireen,1
,,,,952=,Shirin,1
,,,,952=,Shirleyann,1
,,,,952=,Shirleyanne,1
,,,,952=,Shonag,1
,,,,952=,Shook,1
,,,,952=,Shruti,1
,,,,952=,Shubad,1
,,,,952=,Shugfta,1
,,,,952=,Shuran,1
,,,,952=,Shuren,1
,,,,952=,Shveta,1
,,,,952=,Shweta,1
,,,,952=,Shyvonne,1
,,,,952=,Si,1
,,,,952=,Siabhainn,1
,,,,952=,Sianne,1
,,,,952=,Sianon,1
,,,,952=,Sidhna,1
,,,,952=,Sienah,1
,,,,952=,Sienna,1
,,,,952=,Simara,1
,,,,952=,Simona,1
,,,,952=,Simonne,1
,,,,952=,Sinatta,1
,,,,952=,Sinittia,1
,,,,952=,Sinnitta,1
,,,,952=,Siobahn,1
,,,,952=,Siobhanne,1
,,,,952=,Siobhian,1
,,,,952=,Sit,1
,,,,952=,Sita,1
,,,,952=,Siu,1
,,,,952=,Skye,1
,,,,952=,Sobiya,1
,,,,952=,Soffia,1
,,,,952=,Sohyla,1
,,,,952=,Soizig,1
,,,,952=,Somera,1
,,,,952=,Sommer,1
,,,,952=,Sontosh,1
,,,,952=,Sophie-Charlott,1
,,,,952=,Sophie-Claire,1
,,,,952=,Sophina,1
,,,,952=,Sorcha,1
,,,,952=,Sorrel,1
,,,,952=,Stacey-Ann,1
,,,,952=,Stacey-Louise,1
,,,,952=,Staci-Anne,1
,,,,952=,Stacia,1
,,,,952=,Stacie-Ann,1
,,,,952=,Stacyann,1
,,,,952=,Stashia,1
,,,,952=,Stassia,1
,,,,952=,Stefani,1
,,,,952=,Stefannie,1
,,,,952=,Stefeni,1
,,,,952=,Steffanie,1
,,,,952=,Steffanya,1
,,,,952=,Stepanie,1
,,,,952=,Stephane,1
,,,,952=,Stephani,1
,,,,952=,Stephanne,1
,,,,952=,Stephany,1
,,,,952=,Stevanie,1
,,,,952=,Subrena,1
,,,,952=,Sukhdeep,1
,,,,952=,Sukhneet,1
,,,,952=,Sukhveer,1
,,,,952=,Suki,1
,,,,952=,Sulafa,1
,,,,952=,Sumah,1
,,,,952=,Sumala,1
,,,,952=,Suman,1
,,,,952=,Sumara,1
,,,,952=,Sumaya,1
,,,,952=,Sumeira,1
,,,,952=,Sumer,1
,,,,952=,Sumeyyah,1
,,,,952=,Sumi,1
,,,,952=,Sumin,1
,,,,952=,Sunana,1
,,,,952=,Sundip,1
,,,,952=,Sunita,1
,,,,952=,Sunjot,1
,,,,952=,Sunna,1
,,,,952=,Sunnia,1
,,,,952=,Suqian,1
,,,,952=,Suranjana,1
,,,,952=,Susan-Anne,1
,,,,952=,Susann,1
,,,,952=,Syazwani,1
,,,,952=,Syma,1
,,,,952=,Symone,1
,,,,952=,Syranne,1
,,,,952=,Tabatha,1
,,,,952=,Tafadzwa,1
,,,,952=,Tahira,1
,,,,952=,Tahna,1
,,,,952=,Tahreem,1
,,,,952=,Taimina,1
,,,,952=,Taimiyyah,1
,,,,952=,Tajinder,1
,,,,952=,Taleen,1
,,,,952=,Tamar,1
,,,,952=,Tamerin,1
,,,,952=,Tamila,1
,,,,952=,Tamla,1
,,,,952=,Tammalyn,1
,,,,952=,Tamsyn,1
,,,,952=,Tandewe,1
,,,,952=,Tanee,1
,,,,952=,Tansy,1
,,,,952=,Tanvi,1
,,,,952=,Tanzim,1
,,,,952=,Tapiwa,1
,,,,952=,Taraneh,1
,,,,952=,Taranum,1
,,,,952=,Taryn,1
,,,,952=,Tasbia,1
,,,,952=,Tasleem,1
,,,,952=,Teasheagh,1
,,,,952=,Tehmeena,1
,,,,952=,Temara,1
,,,,952=,Tengku,1
,,,,952=,Tereasa,1
,,,,952=,Teresa-Marie,1
,,,,952=,Terie,1
,,,,952=,Terresa,1
,,,,952=,Teryen,1
,,,,952=,Thalassa,1
,,,,952=,Thameena,1
,,,,952=,Thanaa,1
,,,,952=,Thea,1
,,,,952=,Theodora,1
,,,,952=,Therese,1
,,,,952=,Thomas,1
,,,,952=,Thomasin,1
,,,,952=,Thomasina,1
,,,,952=,Tiela,1
,,,,952=,Tifaine,1
,,,,952=,Tiffeny,1
,,,,952=,Tilottama,1
,,,,952=,Tim,1
,,,,952=,Tina-Marie,1
,,,,952=,Toni-Marie,1
,,,,952=,Tonia,1
,,,,952=,Tooba,1
,,,,952=,Traicy,1
,,,,952=,Tran,1
,,,,952=,Tree,1
,,,,952=,Trescka,1
,,,,952=,Troy,1
,,,,952=,Trudy,1
,,,,952=,Tyne,1
,,,,952=,Undugodage,1
,,,,952=,Ursula,1
,,,,952=,Usma,1
,,,,952=,Uzmah,1
,,,,952=,Vaila,1
,,,,952=,Valerie-Ann,1
,,,,952=,Vari,1
,,,,952=,Varie,1
,,,,952=,Varrie,1
,,,,952=,Vayla,1
,,,,952=,Veera,1
,,,,952=,Verity,1
,,,,952=,Veronique,1
,,,,952=,Vicara,1
,,,,952=,Vienn,1
,,,,952=,Vironika,1
,,,,952=,Vittoria,1
,,,,952=,Vonne,1
,,,,952=,Vuyelwa,1
,,,,952=,Vyvyan,1
,,,,952=,Wae,1
,,,,952=,Wahnnetta,1
,,,,952=,Wai,1
,,,,952=,Wasam,1
,,,,952=,Waseem,1
,,,,952=,Welikanoege,1
,,,,952=,Wendi,1
,,,,952=,Wilhelmina,1
,,,,952=,William,1
,,,,952=,Wilma,1
,,,,952=,Wun,1
,,,,952=,Xenia,1
,,,,952=,Xin-Reng,1
,,,,952=,Yael,1
,,,,952=,Yahaira,1
,,,,952=,Yanoula,1
,,,,952=,Yasmina,1
,,,,952=,Ybonne,1
,,,,952=,Yeekee,1
,,,,952=,Yen,1
,,,,952=,Yeun,1
,,,,952=,Yien,1
,,,,952=,Ying,1
,,,,952=,Yla,1
,,,,952=,Yu,1
,,,,952=,Yun,1
,,,,952=,Yusra,1
,,,,952=,Zaheera,1
,,,,952=,Zahra,1
,,,,952=,Zandra,1
,,,,952=,Zaynah,1
,,,,952=,Zaynib,1
,,,,952=,Zeenib,1
,,,,952=,Zenabou,1
,,,,952=,Zenub,1
,,,,952=,Zhaocan,1
,,,,952=,Zinap,1
,,,,952=,Zulaica,1
,,,,952=,Zulekha,1
,,,,952=,Zulqareen,1
,,,,,,
� Crown Copyright 2015,,,,,,
