Babies' first forenames: births registered in Scotland in 1988,,,,,,
,,,,,,
"Information about the basis of the list can be found via the ""Babies' First Names"" page on the National Records of Scotland website",,,,,,
,,,,,,
Boys,,,,Girls,,
,,,,,,
Position,Name,Number of babies,,Position,Name,Number of babies
1,David,1577,,1,Laura,1095
2,Christopher,1248,,2,Emma,830
3,Scott,1210,,3,Claire,775
4,Andrew,1083,,4,Nicola,686
5,James,1036,,5,Sarah,680
6,John,924,,6,Kirsty,677
7,Craig,894,,7,Jennifer,663
8,Michael,867,,8,Stephanie,580
9,Mark,846,,9,Lisa,534
10,Steven,772,,10,Lauren,513
11,Paul,760,,11,Ashley,494
12,Ross,754,,12,Louise,460
13,Robert,604,,13,Stacey,414
14,Stuart,572,,14,Natalie,413
15=,Ryan,569,,15,Samantha,351
15=,Stephen,569,,16,Fiona,346
17,Gary,532,,17,Amanda,343
18,Jamie,528,,18=,Danielle,334
19,Kevin,522,,18=,Kelly,334
20,William,482,,20,Michelle,305
21,Sean,462,,21,Rachel,295
22,Darren,457,,22,Gillian,292
23,Martin,433,,23,Amy,284
24,Daniel,431,,24,Gemma,278
25,Thomas,429,,25,Charlene,274
26,Graeme,419,,26,Kimberley,260
27,Alan,331,,27,Rebecca,249
28,Jonathan,324,,28,Karen,241
29,Richard,313,,29,Cheryl,238
30,Lee,297,,30,Leanne,234
31,Alexander,292,,31,Donna,226
32,Colin,290,,32,Heather,225
33,Jason,279,,33,Kayleigh,224
34,Iain,272,,34,Siobhan,222
35,Liam,270,,35,Victoria,217
36,Matthew,259,,36=,Ashleigh,216
37=,Adam,230,,36=,Jade,216
37=,Calum,230,,38,Kerry,211
39,Peter,223,,39,Alison,190
40,Graham,222,,40,Lynsey,187
41,Shaun,219,,41=,Joanne,181
42,Brian,218,,41=,Nicole,181
43,Gavin,217,,43,Hannah,177
44,Ian,214,,44,Julie,164
45,Marc,212,,45,Deborah,161
46,Neil,199,,46,Elizabeth,160
47=,Grant,195,,47,Natasha,158
47=,Kyle,195,,48,Catherine,157
49=,Fraser,188,,49,Rachael,151
49=,Gordon,188,,50,Jacqueline,149
51,Callum,185,,51,Susan,147
52,Dean,182,,52,Pamela,146
53,Nicholas,172,,53=,Debbie,139
54,Allan,171,,53=,Katie,139
55,Joseph,161,,55,Jenna,138
56,Lewis,156,,56,Lindsay,133
57,Kenneth,152,,57,Suzanne,130
58,Stewart,148,,58,Caroline,129
59,Barry,146,,59=,Lucy,123
60,Anthony,145,,59=,Megan,123
61,Greg,141,,61,Hayley,119
62,Euan,130,,62,Lesley,118
63,Derek,126,,63,Catriona,115
64=,George,119,,64,Clare,108
64=,Simon,119,,65,Christine,107
66=,Alistair,114,,66=,Angela,105
66=,Garry,114,,66=,Paula,105
68=,Douglas,112,,68,Kylie,104
68=,Jordan,112,,69,Melissa,101
70,Duncan,107,,70=,Dawn,100
71=,Patrick,97,,70=,Zoe,100
71=,Samuel,97,,72,Kathryn,98
73=,Aaron,96,,73=,Joanna,96
73=,Charles,96,,73=,Lorna,96
75=,Bryan,91,,75,Ruth,92
75=,Ewan,91,,76,Eilidh,91
75=,Philip,91,,77=,Christina,90
78,Benjamin,84,,77=,Katherine,90
79,Martyn,83,,79,Nikki,89
80,Kieran,81,,80=,Helen,88
81,Donald,80,,80=,Linzi,88
82,Jack,79,,82,Alana,87
83,Alasdair,78,,83=,Elaine,86
84,Cameron,76,,83=,Holly,86
85,Rory,74,,83=,Sharon,86
86,Keith,70,,86,Kirsten,85
87,Gareth,67,,87,Sara,83
88,Blair,66,,88=,Charlotte,81
89,Edward,64,,88=,Hazel,81
90,Alastair,62,,90=,Jane,80
91,Luke,61,,90=,Kimberly,80
92,Dale,59,,92=,Anna,76
93,Kristopher,54,,92=,Mhairi,76
94=,Greig,48,,92=,Yvonne,76
94=,Raymond,48,,95,Carly,75
96=,Gregor,47,,96=,Diane,73
96=,Malcolm,47,,96=,Lynne,73
98=,Ben,45,,96=,Tracey,73
98=,Niall,45,,99=,Erin,72
100,Sam,43,,99=,Lynn,72
101=,Bruce,42,,101=,Kathleen,71
101=,Murray,42,,101=,Lorraine,71
103,Mohammed,40,,101=,Margaret,71
104=,Kris,39,,104,Sophie,70
104=,Russell,39,,105,Melanie,68
106=,Shane,38,,106=,Emily,67
106=,Wayne,38,,106=,Shona,67
108=,Gerard,37,,108,Kim,66
108=,Owen,37,,109,Toni,65
110=,Jonathon,36,,110=,Cara,64
110=,Nathan,36,,110=,Katrina,64
110=,Ronald,36,,110=,Lyndsay,64
113=,Daryl,35,,110=,Terri,64
113=,Robbie,35,,114,Carrie,63
115=,Angus,34,,115=,Jodie,62
115=,Oliver,34,,115=,Stacy,62
117,Hugh,33,,117=,Jillian,61
118=,Antony,31,,117=,Vicki,61
118=,Timothy,31,,119,Linda,60
120,Kristofer,30,,120=,Adele,59
121,Robin,29,,120=,Lyndsey,59
122,Joshua,28,,120=,Tracy,59
123=,Danny,27,,123=,Leigh,58
123=,Francis,27,,123=,Vikki,58
125,Brendan,26,,125,Mary,55
126=,Dominic,25,,126,Vicky,54
126=,Jon,25,,127,Kerri,53
126=,Mohammad,25,,128,Anne,52
129=,Joe,24,,129=,Chloe,51
129=,Nicky,24,,129=,Leah,51
129=,Terry,24,,131=,Carla,50
129=,Tony,24,,131=,Carol,50
133=,Adrian,23,,131=,Jill,50
133=,Drew,23,,131=,Maxine,50
135=,Frazer,22,,135=,Jemma,49
135=,Mathew,22,,135=,Jessica,49
137,Kristoffer,21,,135=,Shelley,49
138=,Billy,20,,138=,Andrea,48
138=,Harry,20,,138=,Lindsey,48
140=,Damien,19,,140=,Alexandra,46
140=,Johnathan,19,,140=,Naomi,46
140=,Roy,19,,142=,Aimee,45
143=,Ciaran,18,,142=,Maria,45
143=,Finlay,18,,142=,Marie,45
143=,Hamish,18,,145,Katy,44
146=,Alisdair,17,,146,Nichola,43
146=,Bradley,17,,147=,Alice,42
146=,Vincent,17,,147=,Keri,42
149=,Chris,16,,149=,Denise,41
149=,Connor,16,,149=,Nadia,41
149=,Damon,16,,151,Nadine,40
149=,Eric,16,,152=,Mairi,38
149=,Frank,16,,152=,Robyn,38
149=,Gregory,16,,154=,Hollie,37
149=,Jay,16,,154=,Kate,37
149=,Karl,16,,154=,Rhona,37
149=,Leigh,16,,157=,Lianne,34
149=,Phillip,16,,157=,Sian,34
149=,Sandy,16,,159=,Kerrie,33
149=,Stefan,16,,159=,Mandy,33
149=,Tom,16,,159=,Tanya,33
162=,Aidan,15,,162,Kirstie,31
162=,Keiran,15,,163=,Iona,30
162=,Lawrence,15,,163=,Kara,30
162=,Nicolas,15,,163=,Lori,30
166=,Arron,14,,163=,Michaela,30
166=,Campbell,14,,167=,Justine,29
166=,Conor,14,,167=,Lynsay,29
166=,Kieron,14,,167=,Sinead,29
166=,Omar,14,,170=,Arlene,28
166=,Ruairidh,14,,170=,Clair,28
166=,Ruaridh,14,,170=,Gail,28
173=,Ashley,13,,170=,Julia,28
173=,Barrie,13,,170=,Patricia,28
173=,Ewen,13,,170=,Pauline,28
173=,Fergus,13,,170=,Tammy,28
173=,Henry,13,,177=,Colette,27
173=,Jake,13,,177=,Kirstin,27
173=,Louis,13,,179=,Aileen,26
173=,Scot,13,,179=,Ailsa,26
181=,Arran,12,,179=,Carolyn,26
181=,Innes,12,,179=,Colleen,26
181=,Justin,12,,179=,Dionne,26
181=,Laurence,12,,179=,Jamie,26
181=,Marcus,12,,185=,Gayle,25
181=,Ruaraidh,12,,185=,Janine,25
187=,Derrick,11,,185=,Judith,25
187=,Glen,11,,185=,Roisin,25
187=,Gregg,11,,189=,Abigail,24
187=,Guy,11,,189=,Frances,24
187=,Kerr,11,,189=,Georgina,24
187=,Nikki,11,,189=,Kay,24
187=,Ritchie,11,,189=,Stefanie,24
187=,Ruari,11,,194=,Lana,23
195=,Anton,10,,194=,Marianne,23
195=,Daryn,10,,194=,Zara,23
195=,Dayne,10,,197=,Alanna,22
195=,Joel,10,,197=,Allison,22
195=,Leslie,10,,197=,Janet,22
195=,Ricky,10,,197=,Jayne,22
195=,Rikki,10,,197=,Leeanne,22
195=,Struan,10,,197=,Roxanne,22
195=,Terence,10,,203=,Ann,21
204=,Dane,9,,203=,Eleanor,21
204=,Elliot,9,,203=,Francesca,21
204=,Jeffrey,9,,203=,Jenny,21
204=,Josh,9,,203=,Rosemary,21
204=,Marco,9,,203=,Wendy,21
204=,Muhammad,9,,209=,Amie,20
204=,Ray,9,,209=,Connie,20
204=,Roddy,9,,209=,Grace,20
212=,Bobby,8,,209=,Lara,20
212=,Brett,8,,209=,Laurie,20
212=,Carl,8,,209=,Leeann,20
212=,Damian,8,,209=,Linsey,20
212=,Gerald,8,,209=,Lynda,20
212=,Imran,8,,209=,Sheryl,20
212=,Lindsay,8,,209=,Teri,20
212=,Lloyd,8,,219=,Dana,19
212=,Lyle,8,,219=,Isla,19
212=,Myles,8,,219=,Kirsteen,19
212=,Neill,8,,219=,Marion,19
212=,Norman,8,,219=,Meghan,19
212=,Rhys,8,,219=,Olivia,19
212=,Tobias,8,,219=,Sharlene,19
212=,Warren,8,,219=,Tiffany,19
227=,Abdul,7,,219=,Valerie,19
227=,Amir,7,,228=,April,18
227=,Bilal,7,,228=,Caitlin,18
227=,Brodie,7,,228=,Debra,18
227=,Calvin,7,,228=,Lee,18
227=,Christian,7,,228=,Morven,18
227=,Darryl,7,,228=,Shannon,18
227=,Darryn,7,,228=,Tara,18
227=,Denis,7,,228=,Vanessa,18
227=,Hector,7,,236=,Collette,17
227=,Jacob,7,,236=,Faye,17
227=,Jaimie,7,,236=,Kaylee,17
227=,Keir,7,,236=,Sandra,17
227=,Kenny,7,,236=,Simone,17
227=,Laurie,7,,236=,Sonia,17
227=,Magnus,7,,236=,Sophia,17
227=,Neal,7,,236=,Theresa,17
227=,Nigel,7,,244=,Ainsley,16
227=,Ralph,7,,244=,Charmaine,16
227=,Ramsay,7,,244=,Chelsea,16
227=,Reece,7,,244=,Louisa,16
227=,Roderick,7,,244=,Sheree,16
227=,Ronnie,7,,249=,Leona,15
227=,Shawn,7,,249=,Lesley-Anne,15
227=,Usman,7,,249=,Sarah-Jane,15
252=,Ahmad,6,,252=,Alicia,14
252=,Alister,6,,252=,Ashton,14
252=,Bryce,6,,252=,Eve,14
252=,Clark,6,,252=,Geraldine,14
252=,Darrell,6,,252=,Harriet,14
252=,Dennis,6,,252=,Jaclyn,14
252=,Evan,6,,252=,Jean,14
252=,Findlay,6,,252=,Karla,14
252=,Gerrard,6,,252=,Kristina,14
252=,Glenn,6,,252=,Lee-Anne,14
252=,Jayson,6,,252=,Monica,14
252=,Kai,6,,263=,Barbara,13
252=,Kelvin,6,,263=,Karin,13
252=,Lachlan,6,,265=,Alyson,12
252=,Mitchell,6,,265=,Bernadette,12
252=,Neale,6,,265=,Beth,12
252=,Stevie,6,,265=,Janice,12
252=,Walter,6,,265=,Jay,12
252=,Zachary,6,,265=,Jodi,12
271=,Ahmed,5,,265=,Kellie,12
271=,Alain,5,,265=,Morgan,12
271=,Alex,5,,265=,Rebekah,12
271=,Allen,5,,265=,Sally,12
271=,Archibald,5,,275=,Abby,11
271=,Brandon,5,,275=,Alannah,11
271=,Brent,5,,275=,Annie,11
271=,Conner,5,,275=,Audrey,11
271=,Dario,5,,275=,Carole,11
271=,Darran,5,,275=,Cassandra,11
271=,Dylan,5,,275=,Christie,11
271=,Erik,5,,275=,Corinne,11
271=,Grahame,5,,275=,Dayna,11
271=,Harris,5,,275=,Ellen,11
271=,Isaac,5,,275=,Felicity,11
271=,Jeremy,5,,275=,Kellyann,11
271=,Keiron,5,,275=,Lois,11
271=,Khalid,5,,275=,Lynette,11
271=,Leon,5,,275=,Morag,11
271=,Max,5,,275=,Rhiannon,11
271=,Mohsin,5,,275=,Sandie,11
271=,Morgan,5,,275=,Shereen,11
271=,Stephan,5,,275=,Stacie,11
271=,Troy,5,,294=,Aisha,10
295=,Ali,4,,294=,Alexis,10
295=,Alick,4,,294=,Bianca,10
295=,Allister,4,,294=,Carmen,10
295=,Archie,4,,294=,Cassie,10
295=,Asif,4,,294=,Elise,10
295=,Asim,4,,294=,Evelyn,10
295=,Austin,4,,294=,Fay,10
295=,Balal,4,,294=,Freya,10
295=,Bernard,4,,294=,Genna,10
295=,Blain,4,,294=,Johanna,10
295=,Carlo,4,,294=,Josephine,10
295=,Darrin,4,,294=,Katharine,10
295=,Eamon,4,,294=,Kristen,10
295=,Eoin,4,,294=,Leigh-Ann,10
295=,Frederick,4,,294=,Leila,10
295=,Garreth,4,,294=,Lisa-Marie,10
295=,Haroon,4,,294=,Madeleine,10
295=,Jared,4,,294=,Michele,10
295=,Jim,4,,294=,Shelly,10
295=,Jody,4,,294=,Shirley,10
295=,John-Paul,4,,315=,Abbie,9
295=,Johnathon,4,,315=,Antonia,9
295=,Johnnie,4,,315=,Avril,9
295=,Kevan,4,,315=,Carolann,9
295=,Kieren,4,,315=,Chantelle,9
295=,Kirk,4,,315=,Dominique,9
295=,Kriss,4,,315=,Eileen,9
295=,Kristofor,4,,315=,Eva,9
295=,Lawrie,4,,315=,Flora,9
295=,Logan,4,,315=,Georgia,9
295=,Lorne,4,,315=,Jilly,9
295=,Lucas,4,,315=,Keighley,9
295=,Maxwell,4,,315=,Lee-Ann,9
295=,Mohamed,4,,315=,Leighann,9
295=,Mohd,4,,315=,Leonie,9
295=,Moray,4,,315=,Liza,9
295=,Niki,4,,315=,Rose,9
295=,Nikolas,4,,315=,Sabrina,9
295=,Rowan,4,,315=,Susanne,9
295=,Ruaidhri,4,,315=,Teresa,9
295=,Trevor,4,,315=,Yasmin,9
295=,Zak,4,,336=,Ailie,8
337=,Aarron,3,,336=,Alix,8
337=,Adeel,3,,336=,Amber,8
337=,Aiden,3,,336=,Anne-Marie,8
337=,Alec,3,,336=,Carina,8
337=,Andrea,3,,336=,Catrina,8
337=,Antonio,3,,336=,Elspeth,8
337=,Aran,3,,336=,Erica,8
337=,Arif,3,,336=,Farah,8
337=,Aron,3,,336=,Gaynor,8
337=,Arthur,3,,336=,Hayleigh,8
337=,Blaine,3,,336=,Hilary,8
337=,Blake,3,,336=,Jody,8
337=,Cailean,3,,336=,Julianne,8
337=,Cal,3,,336=,Kari,8
337=,Chi,3,,336=,Karina,8
337=,Chun,3,,336=,Karyn,8
337=,Connell,3,,336=,Kelly-Ann,8
337=,Corrie,3,,336=,Kerry-Anne,8
337=,Creag,3,,336=,Kristin,8
337=,Daren,3,,336=,Nikola,8
337=,Darron,3,,336=,Rosalind,8
337=,Dayle,3,,336=,Roslyn,8
337=,Declan,3,,336=,Seonaid,8
337=,Del,3,,336=,Sheila,8
337=,Derick,3,,336=,Tina,8
337=,Desmond,3,,362=,Alexandria,7
337=,Eamonn,3,,362=,Ann-Marie,7
337=,Eddie,3,,362=,Annabel,7
337=,Forbes,3,,362=,Annette,7
337=,Geoffrey,3,,362=,Bethany,7
337=,Gilbert,3,,362=,Carolanne,7
337=,Giovanni,3,,362=,Coral,7
337=,Gurdeep,3,,362=,Corrine,7
337=,Harrison,3,,362=,Courtney,7
337=,Hassan,3,,362=,Diana,7
337=,Ho,3,,362=,Dianne,7
337=,Hussain,3,,362=,Emma-Louise,7
337=,Jackie,3,,362=,Heidi,7
337=,Jaime,3,,362=,Helena,7
337=,Jed,3,,362=,Isabella,7
337=,Jimmy,3,,362=,Jacqui,7
337=,Johnny,3,,362=,Jamie-Lee,7
337=,Jorge,3,,362=,Jessie,7
337=,Joss,3,,362=,Joan,7
337=,Julian,3,,362=,Jolene,7
337=,Kane,3,,362=,June,7
337=,Kar,3,,362=,Kayley,7
337=,Karim,3,,362=,Kaylie,7
337=,Kasim,3,,362=,Kelly-Anne,7
337=,Khaled,3,,362=,Laura-Anne,7
337=,Kristian,3,,362=,Mairead,7
337=,Lance,3,,362=,Mikaela,7
337=,Leonard,3,,362=,Miriam,7
337=,Lyall,3,,362=,Natalia,7
337=,Mahmoud,3,,362=,Rosanna,7
337=,Majid,3,,362=,Rosie,7
337=,Marshall,3,,362=,Sarah-Louise,7
337=,Mohamad,3,,362=,Sheena,7
337=,Muir,3,,362=,Sylvia,7
337=,Murdo,3,,362=,Tamara,7
337=,Nathaniel,3,,397=,Adelle,6
337=,Nickolas,3,,397=,Agnes,6
337=,Nicol,3,,397=,Alex,6
337=,Osman,3,,397=,Allana,6
337=,Ricki,3,,397=,Ami,6
337=,Roberto,3,,397=,Amna,6
337=,Roddie,3,,397=,Beverley,6
337=,Roger,3,,397=,Brittany,6
337=,Ronan,3,,397=,Brooke,6
337=,Ruairi,3,,397=,Bryony,6
337=,Seamus,3,,397=,Camille,6
337=,Stanley,3,,397=,Candice,6
337=,Steve,3,,397=,Carrie-Ann,6
337=,Tahir,3,,397=,Daniela,6
337=,Taylor,3,,397=,Emma-Jane,6
337=,Toby,3,,397=,Erika,6
337=,Tristan,3,,397=,Hailey,6
337=,Victor,3,,397=,Haley,6
337=,Wai,3,,397=,Irene,6
337=,Wesley,3,,397=,Isobel,6
337=,Youssef,3,,397=,Jackie,6
337=,Zack,3,,397=,Jan,6
419=,Adem,2,,397=,Jayde,6
419=,Adil,2,,397=,Jo,6
419=,Adnan,2,,397=,Joy,6
419=,Alessandro,2,,397=,Keira,6
419=,Alfred,2,,397=,Lauran,6
419=,Alix,2,,397=,Leigh-Anne,6
419=,Allistair,2,,397=,Linsay,6
419=,Alyn,2,,397=,Lisamarie,6
419=,Amar,2,,397=,Lucinda,6
419=,Amardeep,2,,397=,Lyn,6
419=,Amarjit,2,,397=,Lynzi,6
419=,Andreas,2,,397=,Maree,6
419=,Antoni,2,,397=,Marisa,6
419=,Aonghas,2,,397=,Marissa,6
419=,Aqib,2,,397=,Martha,6
419=,Arfan,2,,397=,Maureen,6
419=,Ari,2,,397=,Moira,6
419=,Asa,2,,397=,Nathalie,6
419=,Atif,2,,397=,Nina,6
419=,Balraj,2,,397=,Penny,6
419=,Barnaby,2,,397=,Rochelle,6
419=,Bing,2,,397=,Sasha,6
419=,Brad,2,,397=,Sharleen,6
419=,Brendon,2,,397=,Stevie,6
419=,Byron,2,,397=,Susannah,6
419=,Chad,2,,397=,Terrie,6
419=,Charlie,2,,397=,Veronica,6
419=,Christiaan,2,,397=,Vivien,6
419=,Connar,2,,447=,Ailidh,5
419=,Conrad,2,,447=,Allyson,5
419=,Cornelius,2,,447=,Ashlea,5
419=,Crawford,2,,447=,Belinda,5
419=,Curtis,2,,447=,Bobbie,5
419=,Dain,2,,447=,Bonnie,5
419=,Daljit,2,,447=,Brenda,5
419=,Darin,2,,447=,Carlene,5
419=,Darius,2,,447=,Carrie-Anne,5
419=,Darrel,2,,447=,Carron,5
419=,Daryll,2,,447=,Charleen,5
419=,Davie,2,,447=,Chevonne,5
419=,Dene,2,,447=,Ciara,5
419=,Dereck,2,,447=,Coleen,5
419=,Dhani,2,,447=,Corrie,5
419=,Diarmid,2,,447=,Daisy,5
419=,Dirk,2,,447=,Elisabeth,5
419=,Dominik,2,,447=,Eloise,5
419=,Don,2,,447=,Esther,5
419=,Donnie,2,,447=,Gabrielle,5
419=,Dougal,2,,447=,India,5
419=,Dwain,2,,447=,Isabel,5
419=,Dwane,2,,447=,Jacklyn,5
419=,Ernest,2,,447=,Jaimie,5
419=,Eugene,2,,447=,Jasmine,5
419=,Faisal,2,,447=,Johan,5
419=,Farhan,2,,447=,Johanne,5
419=,Fearghas,2,,447=,Jordan,5
419=,Frankie,2,,447=,Kaileigh,5
419=,Gerry,2,,447=,Karis,5
419=,Gianluca,2,,447=,Kellyanne,5
419=,Gino,2,,447=,Kendal,5
419=,Glyn,2,,447=,Keren,5
419=,Gurpreet,2,,447=,Kerry-Ann,5
419=,Hamid,2,,447=,Kirstyn,5
419=,Hamza,2,,447=,Kristine,5
419=,Harpreet,2,,447=,Larissa,5
419=,Hasan,2,,447=,Lena,5
419=,Howard,2,,447=,Mari,5
419=,Ieuan,2,,447=,Marian,5
419=,Irfan,2,,447=,Marina,5
419=,Ismail,2,,447=,Maryam,5
419=,Ivan,2,,447=,Mechelle,5
419=,Ivor,2,,447=,Mhari,5
419=,Jackson,2,,447=,Morna,5
419=,Jae,2,,447=,Nazia,5
419=,Jan,2,,447=,Nichole,5
419=,Jeff,2,,447=,Philippa,5
419=,Jez,2,,447=,Phillipa,5
419=,Johnstone,2,,447=,Rhea,5
419=,Jorden,2,,447=,Rona,5
419=,Josef,2,,447=,Rosaleen,5
419=,Juan,2,,447=,Rosalyn,5
419=,Kal,2,,447=,Sacha,5
419=,Kam,2,,447=,Sadia,5
419=,Kamal,2,,447=,Salma,5
419=,Keiren,2,,447=,Sana,5
419=,Ken,2,,447=,Shari,5
419=,Kerry,2,,447=,Shauna,5
419=,Laith,2,,447=,Sofia,5
419=,Levi,2,,447=,Sonya,5
419=,Ludovic,2,,447=,Taylor,5
419=,Man,2,,447=,Tessa,5
419=,Matteo,2,,447=,Vickie,5
419=,Maximilian,2,,511=,Aisling,4
419=,Muhammed,2,,511=,Alanah,4
419=,Mustafa,2,,511=,Alia,4
419=,Nabeel,2,,511=,Amelia,4
419=,Naveed,2,,511=,Anita,4
419=,Nicki,2,,511=,Anneka,4
419=,Nico,2,,511=,Brogan,4
419=,Nikolaos,2,,511=,Carol-Ann,4
419=,Noel,2,,511=,Caron,4
419=,Oran,2,,511=,Caryn,4
419=,Paolo,2,,511=,Carys,4
419=,Perry,2,,511=,Casey,4
419=,Phil,2,,511=,Cher,4
419=,Quintin,2,,511=,Cherie,4
419=,Ramzan,2,,511=,Christy,4
419=,Ramzi,2,,511=,Cindy,4
419=,Ranald,2,,511=,Claudia,4
419=,Remo,2,,511=,Constance,4
419=,Reuben,2,,511=,Danya,4
419=,Rhodri,2,,511=,Daryl,4
419=,Rhuaraidh,2,,511=,Donya,4
419=,Rhuari,2,,511=,Dorothy,4
419=,Riccardo,2,,511=,Eden,4
419=,Rishi,2,,511=,Emilie,4
419=,Rizwan,2,,511=,Fern,4
419=,Roan,2,,511=,Gill,4
419=,Rudi,2,,511=,Gina,4
419=,Saad,2,,511=,Hanna,4
419=,Sacha,2,,511=,Jacquelyn,4
419=,Samer,2,,511=,Jaime,4
419=,Sandeep,2,,511=,Judy,4
419=,Saqib,2,,511=,Julie-Anne,4
419=,Saul,2,,511=,Kaleigh,4
419=,Seyed,2,,511=,Karleen,4
419=,Shannon,2,,511=,Karly,4
419=,Shayne,2,,511=,Kelsey,4
419=,Sinclair,2,,511=,Kerryann,4
419=,Sion,2,,511=,Kerryanne,4
419=,Sonny,2,,511=,Kirsti,4
419=,Sui,2,,511=,Kristy,4
419=,Sunil,2,,511=,Kymberley,4
419=,Syed,2,,511=,Laura-Ann,4
419=,Tariq,2,,511=,Laureen,4
419=,Theo,2,,511=,Lea,4
419=,Tomas,2,,511=,Leighanne,4
419=,Tommy,2,,511=,Leonna,4
419=,Travis,2,,511=,Lesley-Ann,4
419=,Umar,2,,511=,Lynzie,4
419=,Waqqas,2,,511=,Mariam,4
419=,Zander,2,,511=,Maryann,4
419=,Zen,2,,511=,Meggan,4
419=,Zohaib,2,,511=,Nicky,4
563=,Aaran,1,,511=,Nikita,4
563=,Abdal-Naser,1,,511=,Racheal,4
563=,Abdaleilah,1,,511=,Raegan,4
563=,Abdel,1,,511=,Rhianne,4
563=,Abdelaziz,1,,511=,Roseann,4
563=,Abdulhameed,1,,511=,Roseanne,4
563=,Abdurrahman,1,,511=,Rowan,4
563=,Abeer,1,,511=,Rowena,4
563=,Abid,1,,511=,Sandi,4
563=,Abu-Bakr,1,,511=,Shabana,4
563=,Adam-Ross,1,,511=,Shani,4
563=,Aden,1,,511=,Sheona,4
563=,Adesh,1,,511=,Shiree,4
563=,Adiel,1,,511=,Yvette,4
563=,Adnaan,1,,577=,Abbey,3
563=,Aemad,1,,577=,Adrienne,3
563=,Afaq,1,,577=,Aimie,3
563=,Afif,1,,577=,Ainslie,3
563=,Ahamed,1,,577=,Aminah,3
563=,Ahearn,1,,577=,Annemarie,3
563=,Ahron,1,,577=,Annmarie,3
563=,Ahsim,1,,577=,Anya,3
563=,Aiman,1,,577=,Arianne,3
563=,Aimin,1,,577=,Ashlee,3
563=,Ainslie,1,,577=,Asia,3
563=,Akas,1,,577=,Astrid,3
563=,Akbar,1,,577=,Ayesha,3
563=,Akhmal,1,,577=,Ayla,3
563=,Al-Miqdad,1,,577=,Aynsley,3
563=,Alaan,1,,577=,Aysha,3
563=,Alban,1,,577=,Beverly,3
563=,Albert,1,,577=,Billie,3
563=,Alberto,1,,577=,Blair,3
563=,Alen,1,,577=,Bobbi,3
563=,Alessio,1,,577=,Carey,3
563=,Alexandar,1,,577=,Carlyn,3
563=,Alexei,1,,577=,Carmel,3
563=,Alig,1,,577=,Cassy,3
563=,Allyn,1,,577=,Ceri,3
563=,Allyn-William,1,,577=,Charline,3
563=,Almaas,1,,577=,Cheree,3
563=,Amaad,1,,577=,Cherelle,3
563=,Amanjeet,1,,577=,Cherrelle,3
563=,Amanvir,1,,577=,Clara,3
563=,Amer,1,,577=,Corina,3
563=,Amin,1,,577=,Cristina,3
563=,Amirul,1,,577=,Crystal,3
563=,Amit,1,,577=,Deanna,3
563=,Amjad,1,,577=,Debi,3
563=,Ammar,1,,577=,Dee,3
563=,Amos,1,,577=,Donna-Marie,3
563=,Amraj,1,,577=,Ebony,3
563=,Amreek,1,,577=,Elaina,3
563=,Amritpal,1,,577=,Elena,3
563=,Anas,1,,577=,Elisha,3
563=,Anderson,1,,577=,Evonne,3
563=,Andie,1,,577=,Faith,3
563=,Andr'e,1,,577=,Fozia,3
563=,Andrei,1,,577=,Georgie,3
563=,Andreios,1,,577=,Gwen,3
563=,Andy,1,,577=,Hana,3
563=,Angelino,1,,577=,Humera,3
563=,Anil,1,,577=,Imogen,3
563=,Anis,1,,577=,Ishbel,3
563=,Annan,1,,577=,Islay,3
563=,Anne,1,,577=,Jaye,3
563=,Anntoin,1,,577=,Jeanette,3
563=,Antionio,1,,577=,Jena,3
563=,Anuj,1,,577=,Jenifer,3
563=,Anup,1,,577=,Jenniffer,3
563=,Aqeel,1,,577=,Jo-Anne,3
563=,Archer,1,,577=,Jocelyn,3
563=,Ardave,1,,577=,John,3
563=,Ardavon,1,,577=,Joleen,3
563=,Areain,1,,577=,Joni,3
563=,Arjen,1,,577=,Joyce,3
563=,Arjun,1,,577=,Ka,3
563=,Arminder,1,,577=,Kady,3
563=,Arnar,1,,577=,Kaley,3
563=,Arshish,1,,577=,Karlyn,3
563=,Arslaan,1,,577=,Kathrine,3
563=,Arveen,1,,577=,Kati,3
563=,Asad,1,,577=,Kaye,3
563=,Asaf,1,,577=,Kayreen,3
563=,Ash,1,,577=,Kelli,3
563=,Ashiel,1,,577=,Kendall,3
563=,Ashleigh,1,,577=,Kerrianne,3
563=,Ashton,1,,577=,Kimberleigh,3
563=,Asjad,1,,577=,Kira,3
563=,Aslam,1,,577=,Krista,3
563=,Asman,1,,577=,Krystal,3
563=,Aston,1,,577=,Krystina,3
563=,Athar,1,,577=,Krystle,3
563=,Athif,1,,577=,Kym,3
563=,Atta-Ul-Mustafa,1,,577=,Kyrstie,3
563=,Aubrey,1,,577=,Letitia,3
563=,Aulay,1,,577=,Liane,3
563=,Aurelian,1,,577=,Lilian,3
563=,Austyn,1,,577=,Lily,3
563=,Avais,1,,577=,Linzie,3
563=,Ayden,1,,577=,Lorena,3
563=,Aynsley,1,,577=,Lorne,3
563=,Azad,1,,577=,Luisa,3
563=,Azeem,1,,577=,Lyndi,3
563=,Azri,1,,577=,Madison,3
563=,Badar,1,,577=,Malissa,3
563=,Bakr,1,,577=,Mandie,3
563=,Baldeep,1,,577=,Marie-Claire,3
563=,Baldev,1,,577=,Marilyn,3
563=,Baljit,1,,577=,Marnie,3
563=,Barnabas,1,,577=,May,3
563=,Barry-John,1,,577=,Mehreen,3
563=,Bartholomew,1,,577=,Mellissa,3
563=,Basem,1,,577=,Meryl,3
563=,Bejay,1,,577=,Monique,3
563=,Benedict,1,,577=,Natallie,3
563=,Berkan,1,,577=,Niamh,3
563=,Bertie,1,,577=,Penelope,3
563=,Besam,1,,577=,Poppy,3
563=,Bill,1,,577=,Priya,3
563=,Blayne,1,,577=,Rabia,3
563=,Bobbie,1,,577=,Regan,3
563=,Bonar,1,,577=,Rosanne,3
563=,Boyd,1,,577=,Ruby,3
563=,Bradly,1,,577=,Saima,3
563=,Brady,1,,577=,Saira,3
563=,Braun,1,,577=,Samara,3
563=,Brendan-Patrick,1,,577=,Sanna,3
563=,Bret,1,,577=,Sara-Louise,3
563=,Bruis,1,,577=,Sarah-Anne,3
563=,Bruno,1,,577=,Sarah-Jayne,3
563=,Buchanan,1,,577=,Sarra,3
563=,Caillin,1,,577=,Savannah,3
563=,Calaum,1,,577=,Selina,3
563=,Cale,1,,577=,Serena,3
563=,Caleb,1,,577=,Sharron,3
563=,Callan,1,,577=,Shazia,3
563=,Caluman,1,,577=,Shiona,3
563=,Careth,1,,577=,Shireen,3
563=,Carin,1,,577=,Shonagh,3
563=,Carlos,1,,577=,Simran,3
563=,Carrick,1,,577=,Sinaed,3
563=,Casci,1,,577=,Staci,3
563=,Casey,1,,577=,Stella,3
563=,Casimir,1,,577=,Stephnie,3
563=,Cathal,1,,577=,Stevi,3
563=,Cemali,1,,577=,Susanna,3
563=,Chang-In,1,,577=,Suzanna,3
563=,Charanjit,1,,577=,Syeda,3
563=,Charlie-Luines,1,,577=,Tami,3
563=,Chaz,1,,577=,Terri-Ann,3
563=,Chein,1,,577=,Terry,3
563=,Cheryl,1,,577=,Verity,3
563=,Chester,1,,577=,Vhairi,3
563=,Chistopher,1,,577=,Vivienne,3
563=,Chon,1,,577=,Zoey,3
563=,Christie,1,,719=,Abbi,2
563=,Christofer,1,,719=,Aelish,2
563=,Christoffer,1,,719=,Aimi,2
563=,Christopher-All,1,,719=,Aishah,2
563=,Christos,1,,719=,Aishling,2
563=,Cian,1,,719=,Alaina,2
563=,Cieran,1,,719=,Aliesha,2
563=,Claire,1,,719=,Alisa,2
563=,Clarke,1,,719=,Alisha,2
563=,Claudio,1,,719=,Aliya,2
563=,Clint,1,,719=,Aliyah,2
563=,Coen,1,,719=,Amanda-Jane,2
563=,Cole,1,,719=,Amina,2
563=,Coll,1,,719=,Amirah,2
563=,Con,1,,719=,Angeline,2
563=,Conn,1,,719=,Angharad,2
563=,Connal,1,,719=,Anisa,2
563=,Connel,1,,719=,Anjali,2
563=,Constantine,1,,719=,Anna-Marie,2
563=,Corran,1,,719=,Annabelle,2
563=,Cory,1,,719=,Aqsa,2
563=,Craige,1,,719=,Ariane,2
563=,Craigh,1,,719=,Arline,2
563=,Cree,1,,719=,Ashley-Anne,2
563=,Cristin,1,,719=,Ashlie,2
563=,Cristophe,1,,719=,Ashly,2
563=,Cristovao,1,,719=,Becky,2
563=,Cuillin,1,,719=,Bethan,2
563=,Dagfinn,1,,719=,Billie-Jean,2
563=,Dahl,1,,719=,Bridget,2
563=,Daman,1,,719=,Bridie,2
563=,Damen,1,,719=,Briege,2
563=,Damion,1,,719=,Brodie,2
563=,Dan,1,,719=,Calley,2
563=,Daniell,1,,719=,Callie,2
563=,Danielle,1,,719=,Candy,2
563=,Danish,1,,719=,Caraline,2
563=,Danni,1,,719=,Carin,2
563=,Dante,1,,719=,Carlanne,2
563=,Darell,1,,719=,Carli,2
563=,Darpan,1,,719=,Carol-Anne,2
563=,Darrion,1,,719=,Carolynne,2
563=,Darroch,1,,719=,Caterina,2
563=,Darroll,1,,719=,Cathy,2
563=,Dawood,1,,719=,Ceilidh,2
563=,Deborah,1,,719=,Celia,2
563=,Delbhag,1,,719=,Celine,2
563=,Denny,1,,719=,Chanelle,2
563=,Denver,1,,719=,Chantel,2
563=,Derek-Daniel,1,,719=,Charandeep,2
563=,Derik,1,,719=,Charis,2
563=,Dermot,1,,719=,Charisse,2
563=,Derri,1,,719=,Charlaine,2
563=,Deryk,1,,719=,Chelsey,2
563=,Deven,1,,719=,Cherrie,2
563=,Devin,1,,719=,Cheryl-Louise,2
563=,Devlin,1,,719=,Chiara,2
563=,Devyn,1,,719=,Chrissie,2
563=,Dharminder,1,,719=,Christiane,2
563=,Dheen,1,,719=,Chrystal,2
563=,Dhramveer,1,,719=,Cindi,2
563=,Diederik,1,,719=,Ciorstaidh,2
563=,Dillon,1,,719=,Claire-Louise,2
563=,Dixon,1,,719=,Conni,2
563=,Djon,1,,719=,Cora,2
563=,Dmitri,1,,719=,Corinna,2
563=,Domenico,1,,719=,Corrina,2
563=,Dominick,1,,719=,Corrinne,2
563=,Domonic,1,,719=,Courteney,2
563=,Domonik,1,,719=,Craig,2
563=,Donal,1,,719=,Daina,2
563=,Dong-Kyu,1,,719=,Danica,2
563=,Donny,1,,719=,Daniella,2
563=,Donovan,1,,719=,Danika,2
563=,Dorian,1,,719=,Danyelle,2
563=,Doriane,1,,719=,David,2
563=,Dunbar,1,,719=,Davina,2
563=,Dylon,1,,719=,Daynah,2
563=,Eammon,1,,719=,Debbi,2
563=,Ecka,1,,719=,Debby,2
563=,Edgar,1,,719=,Donnamarie,2
563=,Edghan,1,,719=,Ealasaid,2
563=,Edmund,1,,719=,Elinor,2
563=,Ehmar,1,,719=,Elisa,2
563=,Ehsan,1,,719=,Elouise,2
563=,Eiichiro,1,,719=,Elyse,2
563=,Eilidh,1,,719=,Fai,2
563=,Ekow,1,,719=,Faizah,2
563=,Eleanor,1,,719=,Farheen,2
563=,Eliot,1,,719=,Farihah,2
563=,Elliott,1,,719=,Farrah,2
563=,Ellis,1,,719=,Fatima,2
563=,Enoch,1,,719=,Francine,2
563=,Enrique,1,,719=,Gabriella,2
563=,Eoghain,1,,719=,Gael,2
563=,Eoghainn,1,,719=,Genevieve,2
563=,Eren,1,,719=,Giovanna,2
563=,Erin,1,,719=,Giulia,2
563=,Erland,1,,719=,Glenda,2
563=,Erlend,1,,719=,Greer,2
563=,Errol,1,,719=,Holley,2
563=,Ersan,1,,719=,Honor,2
563=,Ethan,1,,719=,Hope,2
563=,Eystein,1,,719=,Ilona,2
563=,Fabio,1,,719=,Ingrid,2
563=,Fahd,1,,719=,Isabelle,2
563=,Fahim,1,,719=,Ishrat,2
563=,Faraz,1,,719=,Jaimi,2
563=,Farhad,1,,719=,Janene,2
563=,Farin,1,,719=,Janie,2
563=,Faris,1,,719=,Jaqueline,2
563=,Farmaan,1,,719=,Jeannie,2
563=,Farman,1,,719=,Jenni,2
563=,Farquhar,1,,719=,Jeri,2
563=,Farsheed,1,,719=,Jerry,2
563=,Fearghus,1,,719=,Jo-Ann,2
563=,Feraz,1,,719=,Joelle,2
563=,Fergal,1,,719=,Juliana,2
563=,Fielding,1,,719=,Julie-Ann,2
563=,Fife,1,,719=,Julieann,2
563=,Finbarr,1,,719=,Kairen,2
563=,Fionn,1,,719=,Karalyn,2
563=,Firaz,1,,719=,Karine,2
563=,Ford,1,,719=,Kasey,2
563=,Forrest,1,,719=,Kasha,2
563=,Francesco,1,,719=,Kassie,2
563=,Fred,1,,719=,Katriona,2
563=,Freddy,1,,719=,Kayla,2
563=,Frewen,1,,719=,Kayliegh,2
563=,Furqan,1,,719=,Kelly-Louise,2
563=,Fynn,1,,719=,Kerin,2
563=,Ga,1,,719=,Kerri-Ann,2
563=,Gabriel,1,,719=,Kerri-Anne,2
563=,Gaetano,1,,719=,Kerriann,2
563=,Gains,1,,719=,Khairunnisa,2
563=,Gaius,1,,719=,Kiren,2
563=,Galain,1,,719=,Kirin,2
563=,Ganrav,1,,719=,Kirstien,2
563=,Gari,1,,719=,Kirsty-Anne,2
563=,Garion,1,,719=,Kristal,2
563=,Garri,1,,719=,Kristeen,2
563=,Garrie,1,,719=,Kristi,2
563=,Garrison,1,,719=,Kristie,2
563=,Garth,1,,719=,Kyla,2
563=,Gaurev,1,,719=,Kylie-Anne,2
563=,Gavan,1,,719=,Kymberly,2
563=,Gaven,1,,719=,Kyra,2
563=,Ged,1,,719=,Lacey,2
563=,Geo,1,,719=,Lai,2
563=,Georgios,1,,719=,Laken,2
563=,Gian,1,,719=,Laurene,2
563=,Giancarlo,1,,719=,Lauri,2
563=,Gianpaolo,1,,719=,Layla,2
563=,Gianpiero,1,,719=,Leann,2
563=,Gilan,1,,719=,Leanna,2
563=,Gillian,1,,719=,Leica,2
563=,Gillon,1,,719=,Leigha,2
563=,Gilmour,1,,719=,Leighan,2
563=,Giorgos,1,,719=,Leisha,2
563=,Girvin,1,,719=,Leoni,2
563=,Giuseppe,1,,719=,Leonne,2
563=,Gowan,1,,719=,Leonnie,2
563=,Grigor,1,,719=,Leslie,2
563=,Gurcharanjeet,1,,719=,Levi,2
563=,Gurcharn,1,,719=,Liana,2
563=,Gurditt,1,,719=,Liann,2
563=,Gurheera,1,,719=,Lianna,2
563=,Gurjit,1,,719=,Lillian,2
563=,Gurkirtan,1,,719=,Lindy,2
563=,Gurmahl,1,,719=,Linn,2
563=,Gurmej,1,,719=,Lizanne,2
563=,Gurpal,1,,719=,Lora,2
563=,Gurpeet,1,,719=,Loraine,2
563=,Gurpreeth,1,,719=,Lorelei,2
563=,Gurvain,1,,719=,Lorelle,2
563=,Gurvinder,1,,719=,Loren,2
563=,Gustav,1,,719=,Louren,2
563=,Hammaad,1,,719=,Lucia,2
563=,Hammond,1,,719=,Lucie,2
563=,Hamzah,1,,719=,Lydia,2
563=,Hanif,1,,719=,Lymara,2
563=,Hao,1,,719=,Lynnette,2
563=,Hari,1,,719=,Lyssa,2
563=,Harinderpal,1,,719=,Madiha,2
563=,Harjit,1,,719=,Mallory,2
563=,Harleen,1,,719=,Marcia,2
563=,Harold,1,,719=,Margaret-Ann,2
563=,Harpal,1,,719=,Margo,2
563=,Harray,1,,719=,Mariann,2
563=,Harvey,1,,719=,Marianna,2
563=,Haseeb,1,,719=,Marlene,2
563=,Hasnain,1,,719=,Marney,2
563=,Hassain,1,,719=,Martine,2
563=,Hatim,1,,719=,Maryanne,2
563=,Haydon,1,,719=,Melisa,2
563=,Hayley,1,,719=,Mercedes,2
563=,Hesham,1,,719=,Meredith,2
563=,Hiatham,1,,719=,Merissa,2
563=,Hin,1,,719=,Mica,2
563=,Hok,1,,719=,Mollie,2
563=,Hosam,1,,719=,Monika,2
563=,Houmam,1,,719=,Moyra,2
563=,Hsham,1,,719=,Nabeela,2
563=,Hue,1,,719=,Nadeen,2
563=,Hughie,1,,719=,Naila,2
563=,Hugo,1,,719=,Nancy,2
563=,Hummad,1,,719=,Narelle,2
563=,Hushang,1,,719=,Neelam,2
563=,Hussan,1,,719=,Neelum,2
563=,Ibnan,1,,719=,Nia,2
563=,Ibraheem,1,,719=,Nicki,2
563=,Ibrar,1,,719=,Niki,2
563=,Idrees,1,,719=,Nikole,2
563=,Ifedade,1,,719=,Nora,2
563=,Ihsan,1,,719=,Norah,2
563=,Ihtasham,1,,719=,Noreen,2
563=,Ihtesham,1,,719=,Nosheen,2
563=,Ikechi,1,,719=,Nyree,2
563=,Imadudin,1,,719=,Paisley,2
563=,Iman,1,,719=,Parmjeet,2
563=,Iqbal,1,,719=,Peri,2
563=,Irfaan,1,,719=,Perri,2
563=,Irvine,1,,719=,Petra,2
563=,Isfan,1,,719=,Phyllis,2
563=,Ivar,1,,719=,Rabiah,2
563=,Jabad,1,,719=,Rachele,2
563=,Jabraan,1,,719=,Rachelle,2
563=,Jabran,1,,719=,Rajvinder,2
563=,Jacky,1,,719=,Rea,2
563=,Jafar,1,,719=,Reem,2
563=,Jahred,1,,719=,Rhian,2
563=,Jai,1,,719=,Robbie,2
563=,Jamed,1,,719=,Roberta,2
563=,James-William,1,,719=,Romana,2
563=,Jamie-Lee,1,,719=,Rosalie,2
563=,Jamiey,1,,719=,Rosemarie,2
563=,Jamsie,1,,719=,Rosslyn,2
563=,Jan-Torben,1,,719=,Sabah,2
563=,Jardin,1,,719=,Sabina,2
563=,Jarrad,1,,719=,Safiyyah,2
563=,Jarrid,1,,719=,Sairah,2
563=,Jarrod,1,,719=,Sammie,2
563=,Jarvis,1,,719=,Sammy,2
563=,Jasmeet,1,,719=,Sanaa,2
563=,Jasminder,1,,719=,Santana,2
563=,Jatinder,1,,719=,Sarah-Ann,2
563=,Javaud,1,,719=,Sarina,2
563=,Jawad,1,,719=,Sarrah,2
563=,Jaye,1,,719=,Sascha,2
563=,Jayke,1,,719=,Scott,2
563=,Jaymie,1,,719=,Senga,2
563=,Jazam,1,,719=,Shaneese,2
563=,Jeeshan,1,,719=,Sharelle,2
563=,Jeetinder,1,,719=,Sharin,2
563=,Jephthah,1,,719=,Sharyn,2
563=,Jerald,1,,719=,Sheelagh,2
563=,Jeremiah,1,,719=,Shellie,2
563=,Jeroen,1,,719=,Sherie,2
563=,Jerome,1,,719=,Sherrie,2
563=,Jerry,1,,719=,Shirelle,2
563=,Jesus,1,,719=,Siana,2
563=,Jo,1,,719=,Simmone,2
563=,Jodi,1,,719=,Sobia,2
563=,Jodie,1,,719=,Stacey-Ann,2
563=,Joey,1,,719=,Staceyann,2
563=,Joga,1,,719=,Steffanie,2
563=,Johanathon,1,,719=,Stephenie,2
563=,Johanthan,1,,719=,Sura,2
563=,Johnaithan,1,,719=,Suzan,2
563=,Johnie,1,,719=,Suzann,2
563=,Johnothon,1,,719=,Tabitha,2
563=,Johnson,1,,719=,Talia,2
563=,Jon-Paul,1,,719=,Tammie,2
563=,Jonothan,1,,719=,Tasha,2
563=,Jordam,1,,719=,Terri-Louise,2
563=,Jordi,1,,719=,Vaila,2
563=,Jourdan,1,,719=,Wai,2
563=,Jude,1,,719=,Whitney,2
563=,Jun,1,,719=,Wing,2
563=,Junaid,1,,719=,Yasmeen,2
563=,Junior,1,,719=,Yazmin,2
563=,Junji,1,,719=,Zahraa,2
563=,Justyn,1,,719=,Zainab,2
563=,Kahsif,1,,719=,Zehra,2
563=,Kaleb,1,,719=,Zenib,2
563=,Kalid,1,,719=,Zowie,2
563=,Kallum,1,,1005=,A'ishah,1
563=,Kamran,1,,1005=,Aadila,1
563=,Kapil,1,,1005=,Aala,1
563=,Kareem,1,,1005=,Aalaa,1
563=,Karen,1,,1005=,Aamna,1
563=,Karolos,1,,1005=,Aavril,1
563=,Karsten,1,,1005=,Abaigeal,1
563=,Kartaar,1,,1005=,Abbe,1
563=,Kashif,1,,1005=,Abbiegail,1
563=,Kayleigh,1,,1005=,Abby-Clare,1
563=,Kazuhiro,1,,1005=,Abbygaile,1
563=,Kean,1,,1005=,Abeer,1
563=,Kearn,1,,1005=,Abeerah,1
563=,Keegan,1,,1005=,Abera,1
563=,Keeran,1,,1005=,Abigale,1
563=,Keil,1,,1005=,Abirah,1
563=,Kellie,1,,1005=,Abrar,1
563=,Kelly,1,,1005=,Adati,1
563=,Kelman,1,,1005=,Adela,1
563=,Kennith,1,,1005=,Adelaide,1
563=,Kent,1,,1005=,Adelaine,1
563=,Keran,1,,1005=,Aden,1
563=,Kerrin,1,,1005=,Adiel,1
563=,Kev,1,,1005=,Adilah,1
563=,Keyl,1,,1005=,Adriana,1
563=,Khairul,1,,1005=,Aelrid,1
563=,Khaleel,1,,1005=,Aenea,1
563=,Khalil,1,,1005=,Afia,1
563=,Khuram,1,,1005=,Afolaranmi,1
563=,Khurim,1,,1005=,Afton,1
563=,Kian,1,,1005=,Agnieszka,1
563=,Kierean,1,,1005=,Aidan,1
563=,Kierian,1,,1005=,Aieesha,1
563=,Kierin,1,,1005=,Aiesha,1
563=,Killion,1,,1005=,Aikida,1
563=,Kim,1,,1005=,Ailbhe,1
563=,Kin,1,,1005=,Aileidh,1
563=,Kinnon,1,,1005=,Aileigh,1
563=,Kiri,1,,1005=,Ailish,1
563=,Kirnjit,1,,1005=,Aine,1
563=,Kit-Man,1,,1005=,Ainslay,1
563=,Koan,1,,1005=,Ainsleigh,1
563=,Kofi,1,,1005=,Aish,1
563=,Koon,1,,1005=,Aislinn,1
563=,Koos,1,,1005=,Aiva,1
563=,Krisstofer,1,,1005=,Aiyana,1
563=,Kristen,1,,1005=,Aja,1
563=,Krystopher,1,,1005=,Alam,1
563=,Kultar,1,,1005=,Alanagh,1
563=,Kultaran,1,,1005=,Alanha,1
563=,Kulwinder,1,,1005=,Alayna,1
563=,Kurt,1,,1005=,Alayne,1
563=,Kurtus,1,,1005=,Aldis,1
563=,Kwan-Ting,1,,1005=,Aleema,1
563=,Kwok,1,,1005=,Aleena,1
563=,Kwok-Bon,1,,1005=,Aleia,1
563=,Kwong,1,,1005=,Aleisha,1
563=,Kyle-Fergus,1,,1005=,Alesha,1
563=,Kyran,1,,1005=,Aleshia,1
563=,Laird,1,,1005=,Alessia,1
563=,Laurens,1,,1005=,Alethiea,1
563=,Laurent,1,,1005=,Alev,1
563=,Laurie-Francis,1,,1005=,Alex-Anne,1
563=,Leah,1,,1005=,Alexandrea,1
563=,Lee-Andrew,1,,1005=,Alexia,1
563=,Leighton,1,,1005=,Alexine,1
563=,Leo,1,,1005=,Alhnisa,1
563=,Leopoldo,1,,1005=,Alicja,1
563=,Les,1,,1005=,Alischa,1
563=,Leum,1,,1005=,Alissa,1
563=,Lewiss,1,,1005=,Allana-Lee,1
563=,Liall,1,,1005=,Allanah,1
563=,Liamm,1,,1005=,Allice,1
563=,Liaran,1,,1005=,Althea,1
563=,Lias,1,,1005=,Alysanne,1
563=,Llandyll,1,,1005=,Alyssa,1
563=,Loong,1,,1005=,Ama,1
563=,Lorimer,1,,1005=,Amalina,1
563=,Louie,1,,1005=,Amanda-Marie,1
563=,Luca,1,,1005=,Amani,1
563=,Lucais,1,,1005=,Amarjot,1
563=,Lukas,1,,1005=,Ameera,1
563=,Luthan,1,,1005=,Ameira,1
563=,Lyden,1,,1005=,Amethyst,1
563=,Lyes,1,,1005=,Ami-Jain,1
563=,Lyndsey,1,,1005=,Amii,1
563=,Mackay,1,,1005=,Ammara,1
563=,Mackinlay,1,,1005=,Ammel,1
563=,Mahmudur,1,,1005=,Ammna,1
563=,Majeed,1,,1005=,Amreen,1
563=,Malek,1,,1005=,Amrita,1
563=,Malik,1,,1005=,Amundeep,1
563=,Manson,1,,1005=,Amy-Louise,1
563=,Manveer,1,,1005=,Ana,1
563=,Marek,1,,1005=,Anamika,1
563=,Mariano,1,,1005=,Anastassia,1
563=,Mario,1,,1005=,Andrea-Maria,1
563=,Marius,1,,1005=,Andrena,1
563=,Mark-Denis,1,,1005=,Andrew,1
563=,Markos,1,,1005=,Andrina,1
563=,Marque,1,,1005=,Aneela,1
563=,Marti,1,,1005=,Aneesa,1
563=,Marty,1,,1005=,Anela,1
563=,Mason,1,,1005=,Angel,1
563=,Massimo,1,,1005=,Angela-Mary,1
563=,Matheau,1,,1005=,Angelia,1
563=,Mathias,1,,1005=,Angelica,1
563=,Maurice,1,,1005=,Angelina,1
563=,Maximillian,1,,1005=,Angie,1
563=,Maziduz,1,,1005=,Angus,1
563=,Mcgregor,1,,1005=,Ania,1
563=,Mehmet,1,,1005=,Anice,1
563=,Melung,1,,1005=,Anila,1
563=,Merlyn,1,,1005=,Anisah,1
563=,Mervyn,1,,1005=,Anja,1
563=,Metad,1,,1005=,Anjula,1
563=,Michael-Angelo,1,,1005=,Anna-May,1
563=,Micheal,1,,1005=,Anna-Nicole,1
563=,Michel,1,,1005=,Annalisa,1
563=,Michele,1,,1005=,Annalise,1
563=,Mihail,1,,1005=,Annallie,1
563=,Miikka,1,,1005=,Anne-Lise,1
563=,Mike,1,,1005=,Anne-Louise,1
563=,Mikey,1,,1005=,Annelee,1
563=,Mirza,1,,1005=,Annelie,1
563=,Mitch,1,,1005=,Annika,1
563=,Mkama,1,,1005=,Annlouise,1
563=,Mohiboor,1,,1005=,Annum,1
563=,Mohsan,1,,1005=,Annwen,1
563=,Mojahid,1,,1005=,Antoinette,1
563=,Mojtaba,1,,1005=,Anuiska,1
563=,Morris,1,,1005=,Anuka,1
563=,Morrison,1,,1005=,Anushka,1
563=,Mostfa,1,,1005=,Anuska,1
563=,Mouath,1,,1005=,Anwaar,1
563=,Mourad,1,,1005=,Aoife,1
563=,Mubarak,1,,1005=,Aqilah,1
563=,Mubasher,1,,1005=,Araina,1
563=,Mubishar,1,,1005=,Araminta,1
563=,Mulbah-Zumo,1,,1005=,Areege,1
563=,Mundeep,1,,1005=,Ariana,1
563=,Muneeb,1,,1005=,Arran,1
563=,Murdoch,1,,1005=,Arrianne,1
563=,Mus'ab,1,,1005=,Arsheya,1
563=,Mustafah,1,,1005=,Asaura,1
563=,Mutabazi,1,,1005=,Ascharah,1
563=,Mutasir,1,,1005=,Asha,1
563=,Mutaz,1,,1005=,Ashantee,1
563=,Muthanna,1,,1005=,Ashleen,1
563=,Muzafar,1,,1005=,Ashleigh-Ann,1
563=,Muzumil,1,,1005=,Ashley-Ann,1
563=,Myjkalo,1,,1005=,Ashley-Jordan,1
563=,Mykle,1,,1005=,Ashleyanne,1
563=,Mylie,1,,1005=,Ashli,1
563=,Nadeem,1,,1005=,Ashliegh,1
563=,Nader,1,,1005=,Ashlyn,1
563=,Nadine,1,,1005=,Asiah,1
563=,Naeem,1,,1005=,Asma,1
563=,Nairn,1,,1005=,Asmaa,1
563=,Naithan,1,,1005=,Asmah,1
563=,Najmul,1,,1005=,Asmia,1
563=,Nasir,1,,1005=,Assia,1
563=,Nasser,1,,1005=,Assiah,1
563=,Nassim,1,,1005=,Assuntina,1
563=,Nathanael,1,,1005=,Aston,1
563=,Navid,1,,1005=,Astra,1
563=,Navin,1,,1005=,Asya,1
563=,Navnjeev,1,,1005=,Atika,1
563=,Navtej,1,,1005=,Atiya,1
563=,Navvir,1,,1005=,Attia,1
563=,Nicandro,1,,1005=,Aubrey,1
563=,Nicci,1,,1005=,Autumn-Faith,1
563=,Nicco,1,,1005=,Ayako,1
563=,Niccolas,1,,1005=,Ayanna,1
563=,Nicholaas,1,,1005=,Ayda,1
563=,Nick,1,,1005=,Aylie,1
563=,Nickie,1,,1005=,Ayshia,1
563=,Nickios,1,,1005=,Ayuni,1
563=,Nicolaos,1,,1005=,Azar,1
563=,Nicolo,1,,1005=,Baljit,1
563=,Nicone,1,,1005=,Barbara-Ann,1
563=,Nikky,1,,1005=,Bashira,1
563=,Niklavs,1,,1005=,Basira,1
563=,Nikolaus,1,,1005=,Batul,1
563=,Niky,1,,1005=,Bayanne,1
563=,Nils,1,,1005=,Beathag,1
563=,Nitin,1,,1005=,Beatrice,1
563=,Noah,1,,1005=,Ben,1
563=,Nolan,1,,1005=,Benedicte,1
563=,Obinna,1,,1005=,Bernice,1
563=,Omair,1,,1005=,Bertha,1
563=,Omara,1,,1005=,Beste,1
563=,Omeair,1,,1005=,Betina,1
563=,Onyekachi,1,,1005=,Bevin,1
563=,Ori,1,,1005=,Blaine,1
563=,Orin,1,,1005=,Blaire,1
563=,Orry,1,,1005=,Blanche,1
563=,Oskar,1,,1005=,Blane,1
563=,Ossama,1,,1005=,Blue-Jean,1
563=,Oussama,1,,1005=,Blythe,1
563=,Panayotis,1,,1005=,Bobbi-Jean,1
563=,Parbeer,1,,1005=,Bobielea,1
563=,Parves,1,,1005=,Breagha,1
563=,Paul-Alexander,1,,1005=,Bridget-Ellen,1
563=,Paull,1,,1005=,Britta,1
563=,Pawel,1,,1005=,Brittny,1
563=,Pejwak,1,,1005=,Bronach,1
563=,Perrin,1,,1005=,Bronagh,1
563=,Pier,1,,1005=,Bronwen,1
563=,Pierce,1,,1005=,Bushra,1
563=,Prahlad,1,,1005=,Bushrah,1
563=,Preston,1,,1005=,Busmah,1
563=,Puluntu,1,,1005=,Buthynah,1
563=,Pushkar,1,,1005=,Cady,1
563=,Puthenparambil,1,,1005=,Cahra,1
563=,Qaiser,1,,1005=,Caileag,1
563=,Qasim,1,,1005=,Caira,1
563=,Quinn,1,,1005=,Cairine,1
563=,Qussi,1,,1005=,Cairistiona,1
563=,Rab,1,,1005=,Cairo,1
563=,Rabah,1,,1005=,Cait,1
563=,Rabnawaz,1,,1005=,Caithlin,1
563=,Race,1,,1005=,Caitriana,1
563=,Raemond,1,,1005=,Caleen,1
563=,Rafeih,1,,1005=,Calena,1
563=,Raghnall,1,,1005=,Caley,1
563=,Raheal,1,,1005=,Caley-Ann,1
563=,Raheel,1,,1005=,Cally,1
563=,Rahim,1,,1005=,Camilla,1
563=,Rahmaan,1,,1005=,Candace,1
563=,Rainer,1,,1005=,Candis,1
563=,Raja,1,,1005=,Caoibhe,1
563=,Rajan,1,,1005=,Caoimhe,1
563=,Rajinder,1,,1005=,Cara-Louise,1
563=,Raju,1,,1005=,Caralynne,1
563=,Ramak,1,,1005=,Careen,1
563=,Rameez,1,,1005=,Careene,1
563=,Rami,1,,1005=,Carena,1
563=,Ramin,1,,1005=,Carene,1
563=,Ramone,1,,1005=,Cari,1
563=,Ramsey,1,,1005=,Carie-Ann,1
563=,Ranjit,1,,1005=,Carine,1
563=,Rashad,1,,1005=,Cariss,1
563=,Rashid,1,,1005=,Carlan,1
563=,Raul,1,,1005=,Carleen,1
563=,Ravi,1,,1005=,Carley,1
563=,Ravinder,1,,1005=,Carlina,1
563=,Rebecca,1,,1005=,Carlyanne,1
563=,Rebekah,1,,1005=,Carlyne,1
563=,Recai,1,,1005=,Carmela,1
563=,Redford,1,,1005=,Carmelle,1
563=,Rees,1,,1005=,Carola,1
563=,Reeve,1,,1005=,Carole-Anne,1
563=,Rehaan,1,,1005=,Carolina,1
563=,Rehan,1,,1005=,Carra,1
563=,Rehmaan,1,,1005=,Carri,1
563=,Remi,1,,1005=,Carron-Jade,1
563=,Remke,1,,1005=,Casandra,1
563=,Rew,1,,1005=,Cassi,1
563=,Rhaman,1,,1005=,Cassidy,1
563=,Rhodric,1,,1005=,Catalina,1
563=,Rhorry,1,,1005=,Catharina,1
563=,Rhory,1,,1005=,Catharine,1
563=,Rhun,1,,1005=,Catherine-Mary,1
563=,Ricardo,1,,1005=,Cathie,1
563=,Riley,1,,1005=,Cathreen-Mary,1
563=,Rion,1,,1005=,Cathryn,1
563=,Rishabh,1,,1005=,Catrin,1
563=,Rizwanur,1,,1005=,Cecilia,1
563=,Roald,1,,1005=,Cecily,1
563=,Rob,1,,1005=,Ceiridh,1
563=,Robail,1,,1005=,Celeste,1
563=,Robbi,1,,1005=,Ceri-Anne,1
563=,Robbie-James,1,,1005=,Cerise,1
563=,Robby,1,,1005=,Cerri,1
563=,Roelof,1,,1005=,Chamala,1
563=,Rohit,1,,1005=,Chandra,1
563=,Rose,1,,1005=,Chanel,1
563=,Ross-Philip,1,,1005=,Chaney,1
563=,Ruairaidh,1,,1005=,Channon,1
563=,Ruairioh,1,,1005=,Channyn,1
563=,Rualdhri,1,,1005=,Chantal,1
563=,Rudy,1,,1005=,Chantel-Marie,1
563=,Rupert,1,,1005=,Chara,1
563=,Ruraidh,1,,1005=,Charabeth,1
563=,Ryen,1,,1005=,Charee,1
563=,Ryhian,1,,1005=,Charell,1
563=,Ryhs,1,,1005=,Charlanne,1
563=,Sadik,1,,1005=,Charley,1
563=,Saeed,1,,1005=,Charlie,1
563=,Sahail,1,,1005=,Charlotte-Jane,1
563=,Saif,1,,1005=,Charmian,1
563=,Saif-Ur-Rahman,1,,1005=,Chastina,1
563=,Saiful,1,,1005=,Chaya,1
563=,Sajad,1,,1005=,Chekufeh,1
563=,Sajeel,1,,1005=,Chelsai-Jade,1
563=,Sajid,1,,1005=,Chenara,1
563=,Salaam,1,,1005=,Cheral,1
563=,Salathiel,1,,1005=,Cheredith,1
563=,Salim,1,,1005=,Cheri,1
563=,Salman,1,,1005=,Cherise,1
563=,Samad,1,,1005=,Cherisse,1
563=,Samantha,1,,1005=,Cherlene,1
563=,Sami,1,,1005=,Cherry,1
563=,Samir,1,,1005=,Cheryl-Ann,1
563=,Samiullah,1,,1005=,Cherylann,1
563=,Sammi,1,,1005=,Cherylanne,1
563=,Sanday,1,,1005=,Cheryle,1
563=,Sandie,1,,1005=,Cherylee,1
563=,Sandro,1,,1005=,Cherysh,1
563=,Sanjeet,1,,1005=,Chi-Sam,1
563=,Santino,1,,1005=,Chia,1
563=,Sara,1,,1005=,Chih,1
563=,Satvindar,1,,1005=,Chine,1
563=,Sayedul,1,,1005=,Chinele,1
563=,Sayyed,1,,1005=,Chirelle,1
563=,Sebastian,1,,1005=,Chirsty,1
563=,Sebastien,1,,1005=,Chloe-Ann,1
563=,Seif,1,,1005=,Choi,1
563=,Semir,1,,1005=,Christa,1
563=,Serdar,1,,1005=,Christianne,1
563=,Seumus,1,,1005=,Christina-Jayne,1
563=,Sevki,1,,1005=,Christina-Rose,1
563=,Shabaz,1,,1005=,Christine-Louis,1
563=,Shafin,1,,1005=,Christopher,1
563=,Shafiqul,1,,1005=,Christy-Lee,1
563=,Shah,1,,1005=,Chyrel,1
563=,Shahed,1,,1005=,Chyvonne,1
563=,Shahrukh,1,,1005=,Ciaran,1
563=,Shamsu,1,,1005=,Ciarra,1
563=,Sharan,1,,1005=,Ciji,1
563=,Sharum,1,,1005=,Clairmarie,1
563=,Shashi,1,,1005=,Clantelle,1
563=,Shehzad,1,,1005=,Claudine,1
563=,Shehzada,1,,1005=,Clayre,1
563=,Sheraz,1,,1005=,Cleo,1
563=,Sheyi,1,,1005=,Clover,1
563=,Shiv,1,,1005=,Clyne,1
563=,Shoichi,1,,1005=,Colene,1
563=,Sian,1,,1005=,Conny,1
563=,Siann,1,,1005=,Coralle,1
563=,Sigurd,1,,1005=,Corey,1
563=,Sikundar,1,,1005=,Corin,1
563=,Simeon,1,,1005=,Corla,1
563=,Simone,1,,1005=,Correen,1
563=,Simson,1,,1005=,Corryn,1
563=,Sinead,1,,1005=,Crista,1
563=,Sirmd,1,,1005=,Cristie,1
563=,Skott,1,,1005=,Cyndi,1
563=,Sohail,1,,1005=,Dainna,1
563=,Soleh,1,,1005=,Dale,1
563=,Soltan,1,,1005=,Dalia,1
563=,Somerled,1,,1005=,Daliah,1
563=,Somhairle,1,,1005=,Danah,1
563=,Stacey,1,,1005=,Danella,1
563=,Stanislaus,1,,1005=,Dania,1
563=,Stathis,1,,1005=,Daniel,1
563=,Steesh,1,,1005=,Danielle-Marie,1
563=,Steff,1,,1005=,Danille,1
563=,Stefhan,1,,1005=,Danna,1
563=,Stirling,1,,1005=,Dannielle,1
563=,Subhan,1,,1005=,Dannika,1
563=,Suchdev,1,,1005=,Danvsia,1
563=,Suhiol,1,,1005=,Darleen,1
563=,Sukhdeep,1,,1005=,Darlene,1
563=,Sukhjit,1,,1005=,Darnell,1
563=,Sukhpal,1,,1005=,Darryl,1
563=,Sukwinder,1,,1005=,Darshana,1
563=,Suleman,1,,1005=,Daun,1
563=,Sumil,1,,1005=,Davinna,1
563=,Sutej,1,,1005=,Dawn-Michelle,1
563=,Sven,1,,1005=,Dawna,1
563=,Taha,1,,1005=,Dayang,1
563=,Takashi,1,,1005=,Daynar,1
563=,Tamir,1,,1005=,Daynor,1
563=,Tarek,1,,1005=,Deanha,1
563=,Tasneem,1,,1005=,Debora,1
563=,Tatsuya,1,,1005=,Deborah-Lee,1
563=,Taufiq,1,,1005=,Debra-Ann,1
563=,Taymoor,1,,1005=,Debrah,1
563=,Taymour,1,,1005=,Deeanne,1
563=,Ted,1,,1005=,Deena,1
563=,Terrence,1,,1005=,Deirdre,1
563=,Thaseeb,1,,1005=,Delawari,1
563=,Thawn,1,,1005=,Delia,1
563=,Theodore,1,,1005=,Demelza,1
563=,Theresa,1,,1005=,Denice,1
563=,Thor,1,,1005=,Deniz,1
563=,Thurstan,1,,1005=,Denni,1
563=,Todd,1,,1005=,Dennise,1
563=,Tommie,1,,1005=,Deyna,1
563=,Tomos,1,,1005=,Dhani,1
563=,Toni,1,,1005=,Diamond,1
563=,Tonnie,1,,1005=,Dion,1
563=,Torquil,1,,1005=,Diorre,1
563=,Torren,1,,1005=,Divya,1
563=,Tracey,1,,1005=,Dolanna,1
563=,Tristram,1,,1005=,Dolene,1
563=,Tristrum,1,,1005=,Dolina,1
563=,Tshisele,1,,1005=,Donna-Lee,1
563=,Tsim,1,,1005=,Donna-Louise,1
563=,Tukeer,1,,1005=,Dora,1
563=,Tze,1,,1005=,Doreen,1
563=,Udayan,1,,1005=,Dorenda,1
563=,Unis,1,,1005=,Dorotha,1
563=,Vanien,1,,1005=,Dyann,1
563=,Vaughan,1,,1005=,E-Ling,1
563=,Vicky,1,,1005=,Ebonny,1
563=,Vijay,1,,1005=,Edele,1
563=,Vikas,1,,1005=,Edette,1
563=,Vikash,1,,1005=,Edindra,1
563=,Viktor,1,,1005=,Edith,1
563=,Vince,1,,1005=,Edwina,1
563=,Vishnu,1,,1005=,Eiblin,1
563=,Vito,1,,1005=,Eilann,1
563=,Vittorio,1,,1005=,Eirian,1
563=,Waheed,1,,1005=,Eisha,1
563=,Wallace,1,,1005=,Ekvinder,1
563=,Waqas,1,,1005=,Elayne,1
563=,Warin,1,,1005=,Eleri,1
563=,Waseem,1,,1005=,Elevtheria,1
563=,Wei,1,,1005=,Elham,1
563=,Wesam,1,,1005=,Eliane,1
563=,Willam,1,,1005=,Elianne,1
563=,Willie,1,,1005=,Eliece,1
563=,Win,1,,1005=,Elinda,1
563=,Wing,1,,1005=,Elisabetta,1
563=,Wynford,1,,1005=,Elissa,1
563=,Yameen,1,,1005=,Eliza,1
563=,Yaseen,1,,1005=,Ella,1
563=,Yaser,1,,1005=,Ellana,1
563=,Yassar,1,,1005=,Ellie,1
563=,Yassine,1,,1005=,Ellis,1
563=,Yeman,1,,1005=,Ellishia,1
563=,Yigal,1,,1005=,Elmarie,1
563=,Yosef,1,,1005=,Elsbeth,1
563=,Yosif,1,,1005=,Elsie,1
563=,Yousaf,1,,1005=,Elysia,1
563=,Yousef,1,,1005=,Emily-May,1
563=,Ythan,1,,1005=,Emmalene,1
563=,Yuen,1,,1005=,Emtethall,1
563=,Yung,1,,1005=,Enrica,1
563=,Yusaf,1,,1005=,Eran,1
563=,Yusuf,1,,1005=,Ericka,1
563=,Yuya,1,,1005=,Erim,1
563=,Zac,1,,1005=,Erinn,1
563=,Zahid,1,,1005=,Erinn-Lee,1
563=,Zain,1,,1005=,Erinna,1
563=,Zakari,1,,1005=,Erram,1
563=,Zeeshaan,1,,1005=,Eryl,1
563=,Zeeshan,1,,1005=,Eryll,1
563=,Zehn,1,,1005=,Eshwari,1
563=,Zeshan,1,,1005=,Esme,1
563=,Ziggy,1,,1005=,Esmeralda,1
563=,Zoheb,1,,1005=,Esra,1
563=,Zohib,1,,1005=,Estee,1
563=,Zubair,1,,1005=,Euna,1
563=,Zuheir,1,,1005=,Eunice,1
,,,,1005=,Euphemia,1
,,,,1005=,Eveline,1
,,,,1005=,Faayza,1
,,,,1005=,Faine,1
,,,,1005=,Faiza,1
,,,,1005=,Farahna,1
,,,,1005=,Farhani,1
,,,,1005=,Farida,1
,,,,1005=,Farine,1
,,,,1005=,Fatemah,1
,,,,1005=,Fazeela,1
,,,,1005=,Fenella,1
,,,,1005=,Feonaidh,1
,,,,1005=,Fieza,1
,,,,1005=,Filipa,1
,,,,1005=,Fiona-Jane,1
,,,,1005=,Fionna,1
,,,,1005=,Fionnuala,1
,,,,1005=,Fleur,1
,,,,1005=,Fouzia,1
,,,,1005=,Francene,1
,,,,1005=,Frances-Ann,1
,,,,1005=,Francis,1
,,,,1005=,Frankie,1
,,,,1005=,Freda,1
,,,,1005=,Frieda,1
,,,,1005=,Gabrielle-Anne,1
,,,,1005=,Gale,1
,,,,1005=,Gaudensia,1
,,,,1005=,Gemma-Louise,1
,,,,1005=,George,1
,,,,1005=,Georgette,1
,,,,1005=,Gerrah,1
,,,,1005=,Ghazal,1
,,,,1005=,Gi,1
,,,,1005=,Gilda,1
,,,,1005=,Gilian,1
,,,,1005=,Gillean,1
,,,,1005=,Gilleon,1
,,,,1005=,Gilli,1
,,,,1005=,Gineen,1
,,,,1005=,Ginni,1
,,,,1005=,Giorgia,1
,,,,1005=,Giselle,1
,,,,1005=,Grainne,1
,,,,1005=,Greta,1
,,,,1005=,Gulraiz,1
,,,,1005=,Gurjit,1
,,,,1005=,Gurkivtan,1
,,,,1005=,Gurpreet,1
,,,,1005=,Gursharn,1
,,,,1005=,Gurvinder,1
,,,,1005=,Gwyneth,1
,,,,1005=,Hadeal,1
,,,,1005=,Hadiyah,1
,,,,1005=,Hajira,1
,,,,1005=,Haleigh,1
,,,,1005=,Hanaa,1
,,,,1005=,Hania,1
,,,,1005=,Hanieh,1
,,,,1005=,Hanis,1
,,,,1005=,Hannah-Jane,1
,,,,1005=,Hardeep,1
,,,,1005=,Harpreet,1
,,,,1005=,Harri,1
,,,,1005=,Harveer,1
,,,,1005=,Hayan,1
,,,,1005=,Haylee,1
,,,,1005=,Haylie,1
,,,,1005=,Hazel-Ann,1
,,,,1005=,Hazell,1
,,,,1005=,Hazelle,1
,,,,1005=,Heba,1
,,,,1005=,Hebat-Allah,1
,,,,1005=,Hedeel,1
,,,,1005=,Helaina,1
,,,,1005=,Helen-Kate,1
,,,,1005=,Helene,1
,,,,1005=,Helle,1
,,,,1005=,Hellen,1
,,,,1005=,Hellena,1
,,,,1005=,Henah,1
,,,,1005=,Henritta,1
,,,,1005=,Hinna,1
,,,,1005=,Hinnah,1
,,,,1005=,Hirra,1
,,,,1005=,Hirrah,1
,,,,1005=,Hok,1
,,,,1005=,Holli,1
,,,,1005=,Hollie-Anne,1
,,,,1005=,Hollie-Louise,1
,,,,1005=,Holly-Ander,1
,,,,1005=,Hue,1
,,,,1005=,Hulya,1
,,,,1005=,Hyun,1
,,,,1005=,Iaisha,1
,,,,1005=,Ijeoma,1
,,,,1005=,Imane,1
,,,,1005=,Inez,1
,,,,1005=,Iownie,1
,,,,1005=,Irim,1
,,,,1005=,Isha,1
,,,,1005=,Islam,1
,,,,1005=,Isma,1
,,,,1005=,Ismaa,1
,,,,1005=,Ismay,1
,,,,1005=,Isra,1
,,,,1005=,Ivana,1
,,,,1005=,Ivy,1
,,,,1005=,Izara,1
,,,,1005=,Ja-Leen,1
,,,,1005=,Jacelyn,1
,,,,1005=,Jacinta,1
,,,,1005=,Jackaline,1
,,,,1005=,Jackie-Louise,1
,,,,1005=,Jacqualyn,1
,,,,1005=,Jacquelene,1
,,,,1005=,Jacquelyn-Jane,1
,,,,1005=,Jae,1
,,,,1005=,Jaidaa,1
,,,,1005=,Jaime-Lee,1
,,,,1005=,Jakki,1
,,,,1005=,Jamee,1
,,,,1005=,James,1
,,,,1005=,Jamesina,1
,,,,1005=,Jami,1
,,,,1005=,Jami-Lee,1
,,,,1005=,Jami-Leigh,1
,,,,1005=,Jamie-Leigh,1
,,,,1005=,Jamielee,1
,,,,1005=,Jamila,1
,,,,1005=,Janelle,1
,,,,1005=,Janey,1
,,,,1005=,Janine-Louise,1
,,,,1005=,Janis,1
,,,,1005=,Janitha,1
,,,,1005=,Jannah,1
,,,,1005=,Jaqueleen,1
,,,,1005=,Jasbir,1
,,,,1005=,Jasdeep,1
,,,,1005=,Jasmaine,1
,,,,1005=,Jasmin,1
,,,,1005=,Jasneet,1
,,,,1005=,Javairia,1
,,,,1005=,Javaria,1
,,,,1005=,Jaycey,1
,,,,1005=,Jeana,1
,,,,1005=,Jeanine,1
,,,,1005=,Jee-Yon,1
,,,,1005=,Jemima,1
,,,,1005=,Jeni,1
,,,,1005=,Jennafer,1
,,,,1005=,Jenni-May,1
,,,,1005=,Jennie,1
,,,,1005=,Jennilee,1
,,,,1005=,Jeraldine,1
,,,,1005=,Jerri,1
,,,,1005=,Jerricah,1
,,,,1005=,Jilli,1
,,,,1005=,Jilliann,1
,,,,1005=,Jillie,1
,,,,1005=,Jinty,1
,,,,1005=,Jo-Karis,1
,,,,1005=,Joann,1
,,,,1005=,Joanne-Lee,1
,,,,1005=,Joannie,1
,,,,1005=,Joclynne,1
,,,,1005=,Jodene,1
,,,,1005=,Joe-Ann,1
,,,,1005=,Joe-Lee,1
,,,,1005=,Joey,1
,,,,1005=,Johann,1
,,,,1005=,Johdi,1
,,,,1005=,Jolinda,1
,,,,1005=,Jonna,1
,,,,1005=,Jordon,1
,,,,1005=,Joss,1
,,,,1005=,Josslyn,1
,,,,1005=,Joy-Marie,1
,,,,1005=,Judi,1
,,,,1005=,Julianna,1
,,,,1005=,Julie-Marie,1
,,,,1005=,Julieanne,1
,,,,1005=,Julienne,1
,,,,1005=,Juliet,1
,,,,1005=,Juliette,1
,,,,1005=,Justina,1
,,,,1005=,Juveria,1
,,,,1005=,Kaela,1
,,,,1005=,Kaeleigh,1
,,,,1005=,Kaeleigh-Anne,1
,,,,1005=,Kaeryn,1
,,,,1005=,Kahina,1
,,,,1005=,Kaia,1
,,,,1005=,Kaily-Ann,1
,,,,1005=,Kaira,1
,,,,1005=,Kairo,1
,,,,1005=,Kaisha,1
,,,,1005=,Kaja,1
,,,,1005=,Kala,1
,,,,1005=,Kandy,1
,,,,1005=,Kanzy,1
,,,,1005=,Kar,1
,,,,1005=,Kareen,1
,,,,1005=,Karena,1
,,,,1005=,Karina-Marie,1
,,,,1005=,Karisse,1
,,,,1005=,Karlene,1
,,,,1005=,Karley,1
,,,,1005=,Karli,1
,,,,1005=,Karmen,1
,,,,1005=,Karrie,1
,,,,1005=,Karry,1
,,,,1005=,Karsar,1
,,,,1005=,Karynn,1
,,,,1005=,Kaseem,1
,,,,1005=,Kashat,1
,,,,1005=,Kasia,1
,,,,1005=,Kassi,1
,,,,1005=,Kasthuri,1
,,,,1005=,Katarzyna,1
,,,,1005=,Katelin,1
,,,,1005=,Katerina,1
,,,,1005=,Katey,1
,,,,1005=,Kathaleen,1
,,,,1005=,Katharina,1
,,,,1005=,Kathy,1
,,,,1005=,Katie-Anne,1
,,,,1005=,Katinka,1
,,,,1005=,Katrine,1
,,,,1005=,Katrisse,1
,,,,1005=,Katryn,1
,,,,1005=,Katyanne,1
,,,,1005=,Kaur,1
,,,,1005=,Kawthar,1
,,,,1005=,Kaylea,1
,,,,1005=,Kayleigh-Ann,1
,,,,1005=,Kayleigh-Anne,1
,,,,1005=,Kayren,1
,,,,1005=,Keara,1
,,,,1005=,Keather,1
,,,,1005=,Keerti,1
,,,,1005=,Keiley,1
,,,,1005=,Keilidh,1
,,,,1005=,Keirene,1
,,,,1005=,Kelda,1
,,,,1005=,Kelley,1
,,,,1005=,Kelliann,1
,,,,1005=,Kellie-Ann,1
,,,,1005=,Kelly-Lee,1
,,,,1005=,Kelly-Marie,1
,,,,1005=,Kellymarie,1
,,,,1005=,Kelsie,1
,,,,1005=,Keri-Ann,1
,,,,1005=,Keri-Anne,1
,,,,1005=,Kerina,1
,,,,1005=,Kerith,1
,,,,1005=,Kerr,1
,,,,1005=,Kerreen,1
,,,,1005=,Kerri-Louise,1
,,,,1005=,Kerrie-Ann,1
,,,,1005=,Kerrileah,1
,,,,1005=,Kerrin,1
,,,,1005=,Kerrylee,1
,,,,1005=,Kerstin,1
,,,,1005=,Keshia,1
,,,,1005=,Keyleigh,1
,,,,1005=,Keziah,1
,,,,1005=,Khadigia,1
,,,,1005=,Kharis,1
,,,,1005=,Kharlene,1
,,,,1005=,Khasha,1
,,,,1005=,Khawlah,1
,,,,1005=,Khylie,1
,,,,1005=,Kiara,1
,,,,1005=,Kieley,1
,,,,1005=,Kiely,1
,,,,1005=,Kiera,1
,,,,1005=,Kiki,1
,,,,1005=,Kiloran,1
,,,,1005=,Kimberley-Louis,1
,,,,1005=,Kimi,1
,,,,1005=,Kinza,1
,,,,1005=,Kiran,1
,,,,1005=,Kirby,1
,,,,1005=,Kiri,1
,,,,1005=,Kirnjit,1
,,,,1005=,Kirran,1
,,,,1005=,Kirren,1
,,,,1005=,Kirrie,1
,,,,1005=,Kirstey,1
,,,,1005=,Kirstina,1
,,,,1005=,Kirstine,1
,,,,1005=,Kirsty-Ann,1
,,,,1005=,Kirsty-Lee,1
,,,,1005=,Kirsty-Leigh,1
,,,,1005=,Kirsty-Marie,1
,,,,1005=,Kismet,1
,,,,1005=,Kit,1
,,,,1005=,Klair,1
,,,,1005=,Klara,1
,,,,1005=,Kleopatra,1
,,,,1005=,Kris,1
,,,,1005=,Krishma,1
,,,,1005=,Kriss,1
,,,,1005=,Krissi,1
,,,,1005=,Krysia,1
,,,,1005=,Krystie,1
,,,,1005=,Krystin,1
,,,,1005=,Krysty,1
,,,,1005=,Krystyana,1
,,,,1005=,Kumary,1
,,,,1005=,Kyle,1
,,,,1005=,Kyleen,1
,,,,1005=,Kyleigh,1
,,,,1005=,Kylie-Ann,1
,,,,1005=,Kyly,1
,,,,1005=,Kymberely,1
,,,,1005=,Kyme,1
,,,,1005=,Kymm,1
,,,,1005=,Kyran,1
,,,,1005=,Kyshiea,1
,,,,1005=,Lamees,1
,,,,1005=,Lani,1
,,,,1005=,Lanna,1
,,,,1005=,Lannair,1
,,,,1005=,Lapreet,1
,,,,1005=,Larabinda,1
,,,,1005=,Latasha,1
,,,,1005=,Laura-Jane,1
,,,,1005=,Laura-Jayne,1
,,,,1005=,Laura-Marie,1
,,,,1005=,Laurann,1
,,,,1005=,Laurella,1
,,,,1005=,Lauren-Aimee,1
,,,,1005=,Laurena,1
,,,,1005=,Laurie-Ann,1
,,,,1005=,Laurina,1
,,,,1005=,Laurissa,1
,,,,1005=,Lauryn,1
,,,,1005=,Lawana,1
,,,,1005=,Lawren,1
,,,,1005=,Lawrie,1
,,,,1005=,Layna,1
,,,,1005=,Lea-Anne,1
,,,,1005=,Leah-Anne,1
,,,,1005=,Leahann,1
,,,,1005=,Leeanna,1
,,,,1005=,Leelah,1
,,,,1005=,Leena,1
,,,,1005=,Leeona,1
,,,,1005=,Leigh-Amanda,1
,,,,1005=,Leighah,1
,,,,1005=,Leighona,1
,,,,1005=,Leighsa,1
,,,,1005=,Leonha,1
,,,,1005=,Leslay,1
,,,,1005=,Lesleyanne,1
,,,,1005=,Lessa,1
,,,,1005=,Leta,1
,,,,1005=,Leyann,1
,,,,1005=,Leyleh,1
,,,,1005=,Leza,1
,,,,1005=,Lezelle,1
,,,,1005=,Lhiara,1
,,,,1005=,Lia,1
,,,,1005=,Lian,1
,,,,1005=,Libby,1
,,,,1005=,Liesel,1
,,,,1005=,Liesha,1
,,,,1005=,Liezel,1
,,,,1005=,Lin-Marie,1
,,,,1005=,Lindamarie,1
,,,,1005=,Linday,1
,,,,1005=,Linden,1
,,,,1005=,Lindi,1
,,,,1005=,Lindsay-Ann,1
,,,,1005=,Lindsay-May,1
,,,,1005=,Linnhe,1
,,,,1005=,Linsi,1
,,,,1005=,Linzi-Claire,1
,,,,1005=,Liona,1
,,,,1005=,Lisa-Ann,1
,,,,1005=,Lisa-Anne,1
,,,,1005=,Lisaanne,1
,,,,1005=,Lisamay,1
,,,,1005=,Lisatina,1
,,,,1005=,Lisette,1
,,,,1005=,Lison,1
,,,,1005=,Lissa,1
,,,,1005=,Loaine,1
,,,,1005=,Lobna,1
,,,,1005=,Loran,1
,,,,1005=,Lorea,1
,,,,1005=,Loretta,1
,,,,1005=,Lorin,1
,,,,1005=,Louanna,1
,,,,1005=,Lowri,1
,,,,1005=,Luciana,1
,,,,1005=,Lucianna,1
,,,,1005=,Lucianne,1
,,,,1005=,Lucienne,1
,,,,1005=,Lucilla,1
,,,,1005=,Lucille,1
,,,,1005=,Lucyann,1
,,,,1005=,Ludmila,1
,,,,1005=,Lyanne,1
,,,,1005=,Lyndsay-May,1
,,,,1005=,Lyndsie,1
,,,,1005=,Lynnet,1
,,,,1005=,Lynsay-Anne,1
,,,,1005=,Lynse-Ann,1
,,,,1005=,Lynsi,1
,,,,1005=,Lysan,1
,,,,1005=,Lyzette,1
,,,,1005=,Madeline,1
,,,,1005=,Madelynne,1
,,,,1005=,Madihah,1
,,,,1005=,Madina,1
,,,,1005=,Mae,1
,,,,1005=,Maeghan,1
,,,,1005=,Maggie,1
,,,,1005=,Maham,1
,,,,1005=,Mahfuza,1
,,,,1005=,Mahri,1
,,,,1005=,Mairianne,1
,,,,1005=,Mairiclare,1
,,,,1005=,Makaisha,1
,,,,1005=,Makela,1
,,,,1005=,Malana,1
,,,,1005=,Maleeha,1
,,,,1005=,Malihah,1
,,,,1005=,Malisa,1
,,,,1005=,Man,1
,,,,1005=,Mandeep,1
,,,,1005=,Mandi,1
,,,,1005=,Manpreet,1
,,,,1005=,Mansha,1
,,,,1005=,Manveer,1
,,,,1005=,Marai,1
,,,,1005=,Marcy,1
,,,,1005=,Mardi,1
,,,,1005=,Mareena,1
,,,,1005=,Marelle,1
,,,,1005=,Maressa,1
,,,,1005=,Margaret-Anne,1
,,,,1005=,Margaretann,1
,,,,1005=,Margaretanne,1
,,,,1005=,Mari-Claire,1
,,,,1005=,Mari-Louise,1
,,,,1005=,Mariaa,1
,,,,1005=,Marica,1
,,,,1005=,Maricia,1
,,,,1005=,Mariclare,1
,,,,1005=,Marie-Ann,1
,,,,1005=,Marie-Anne,1
,,,,1005=,Marie-Clare,1
,,,,1005=,Marie-Elise,1
,,,,1005=,Marie-Frances,1
,,,,1005=,Marie-Louise,1
,,,,1005=,Marieclair,1
,,,,1005=,Marielle,1
,,,,1005=,Mariesa,1
,,,,1005=,Maris,1
,,,,1005=,Marisol,1
,,,,1005=,Marita,1
,,,,1005=,Marjory,1
,,,,1005=,Marlowe,1
,,,,1005=,Marrisha,1
,,,,1005=,Marrwa,1
,,,,1005=,Marsha,1
,,,,1005=,Marshall,1
,,,,1005=,Marta,1
,,,,1005=,Martina,1
,,,,1005=,Marwa,1
,,,,1005=,Mary-Anne,1
,,,,1005=,Mary-Ellen,1
,,,,1005=,Mary-Jane,1
,,,,1005=,Mary-Louise,1
,,,,1005=,Maryka,1
,,,,1005=,Maryon,1
,,,,1005=,Massarah,1
,,,,1005=,Matthew,1
,,,,1005=,Maxene,1
,,,,1005=,Maxime,1
,,,,1005=,Maxinne,1
,,,,1005=,Maxzene,1
,,,,1005=,Mckayla,1
,,,,1005=,Mdhia,1
,,,,1005=,Meagan,1
,,,,1005=,Meagen,1
,,,,1005=,Meaghan,1
,,,,1005=,Meena,1
,,,,1005=,Meenakshi,1
,,,,1005=,Meg,1
,,,,1005=,Megaen,1
,,,,1005=,Megha,1
,,,,1005=,Meghann,1
,,,,1005=,Megumi,1
,,,,1005=,Megyn,1
,,,,1005=,Meharine,1
,,,,1005=,Mei,1
,,,,1005=,Meighan,1
,,,,1005=,Meleia,1
,,,,1005=,Melissa-Anne,1
,,,,1005=,Mellaine,1
,,,,1005=,Mellisa,1
,,,,1005=,Merisa,1
,,,,1005=,Merlin,1
,,,,1005=,Mey,1
,,,,1005=,Mhairi-Anne,1
,,,,1005=,Mhairi-Claire,1
,,,,1005=,Mhairi-Clare,1
,,,,1005=,Mharhi,1
,,,,1005=,Mhariann,1
,,,,1005=,Mhoireen,1
,,,,1005=,Mi,1
,,,,1005=,Mia,1
,,,,1005=,Michael,1
,,,,1005=,Michaella,1
,,,,1005=,Michala,1
,,,,1005=,Micheala,1
,,,,1005=,Michela,1
,,,,1005=,Michelie,1
,,,,1005=,Michezle,1
,,,,1005=,Mikailla,1
,,,,1005=,Mikala,1
,,,,1005=,Mikayla,1
,,,,1005=,Mikhaela,1
,,,,1005=,Mikhaila,1
,,,,1005=,Mira,1
,,,,1005=,Miranda,1
,,,,1005=,Mircale,1
,,,,1005=,Miree,1
,,,,1005=,Mirella,1
,,,,1005=,Mirissa,1
,,,,1005=,Misbah,1
,,,,1005=,Mischa,1
,,,,1005=,Misha,1
,,,,1005=,Misty,1
,,,,1005=,Miyah,1
,,,,1005=,Mohammed,1
,,,,1005=,Molly,1
,,,,1005=,Momina,1
,,,,1005=,Momtaj,1
,,,,1005=,Mon,1
,,,,1005=,Monira,1
,,,,1005=,Monisha,1
,,,,1005=,Montague,1
,,,,1005=,Mora,1
,,,,1005=,Morina,1
,,,,1005=,Morveen,1
,,,,1005=,Morvern,1
,,,,1005=,Mukta,1
,,,,1005=,Muna,1
,,,,1005=,Munirah,1
,,,,1005=,Muniza,1
,,,,1005=,Mureen,1
,,,,1005=,Musonda,1
,,,,1005=,Mykaela,1
,,,,1005=,Myleen,1
,,,,1005=,Myoung-Sun,1
,,,,1005=,Myraid,1
,,,,1005=,Myriam,1
,,,,1005=,Naaila,1
,,,,1005=,Naanaz,1
,,,,1005=,Naba,1
,,,,1005=,Nabilah,1
,,,,1005=,Nadele,1
,,,,1005=,Nadia-Chelsay,1
,,,,1005=,Nadiah,1
,,,,1005=,Nadiya,1
,,,,1005=,Nadya,1
,,,,1005=,Naeema,1
,,,,1005=,Nafeesa,1
,,,,1005=,Nafeeza,1
,,,,1005=,Nafiessa,1
,,,,1005=,Nafisa,1
,,,,1005=,Nafisah,1
,,,,1005=,Nahdean,1
,,,,1005=,Nahlah,1
,,,,1005=,Naidia,1
,,,,1005=,Naiomi,1
,,,,1005=,Najette,1
,,,,1005=,Nakita,1
,,,,1005=,Nalane,1
,,,,1005=,Namrata,1
,,,,1005=,Nan,1
,,,,1005=,Nanar,1
,,,,1005=,Nandhita,1
,,,,1005=,Naomi-Louise,1
,,,,1005=,Nasira,1
,,,,1005=,Nasreen,1
,,,,1005=,Natalaigh,1
,,,,1005=,Natalie-Louise,1
,,,,1005=,Natascha,1
,,,,1005=,Natasha-Ka'ling,1
,,,,1005=,Natashia,1
,,,,1005=,Natasia,1
,,,,1005=,Nathalia,1
,,,,1005=,Natishe,1
,,,,1005=,Nattelle,1
,,,,1005=,Nazan,1
,,,,1005=,Nazish,1
,,,,1005=,Naziyah,1
,,,,1005=,Nazma,1
,,,,1005=,Necol,1
,,,,1005=,Neda,1
,,,,1005=,Neelim,1
,,,,1005=,Neely,1
,,,,1005=,Neena,1
,,,,1005=,Neheed,1
,,,,1005=,Neillian,1
,,,,1005=,Nesreen,1
,,,,1005=,Nevillie,1
,,,,1005=,Nia-Chantal,1
,,,,1005=,Niaesha,1
,,,,1005=,Nickaela,1
,,,,1005=,Nickayla,1
,,,,1005=,Nicola-Jane,1
,,,,1005=,Nicola-Michelle,1
,,,,1005=,Nicolee,1
,,,,1005=,Nicolette,1
,,,,1005=,Nicolla,1
,,,,1005=,Nicolle,1
,,,,1005=,Nicoya,1
,,,,1005=,Nida,1
,,,,1005=,Nienke,1
,,,,1005=,Nieve,1
,,,,1005=,Nikaila,1
,,,,1005=,Nikayla,1
,,,,1005=,Nikiela,1
,,,,1005=,Nikii,1
,,,,1005=,Nikkallah,1
,,,,1005=,Nikki-Jhinise,1
,,,,1005=,Nikki-Louise,1
,,,,1005=,Nikkii,1
,,,,1005=,Nikkita,1
,,,,1005=,Nikolle,1
,,,,1005=,Nilma,1
,,,,1005=,Nimisha,1
,,,,1005=,Nimraah,1
,,,,1005=,Nimran,1
,,,,1005=,Niomae,1
,,,,1005=,Niomi,1
,,,,1005=,Nisha,1
,,,,1005=,Nonkuthalo,1
,,,,1005=,Noor,1
,,,,1005=,Norma,1
,,,,1005=,Nuala,1
,,,,1005=,Nur,1
,,,,1005=,Nyaila,1
,,,,1005=,Nycola,1
,,,,1005=,Nydine,1
,,,,1005=,Nykaela,1
,,,,1005=,Nyla,1
,,,,1005=,Nyrie,1
,,,,1005=,Odile,1
,,,,1005=,Oiu,1
,,,,1005=,Ola,1
,,,,1005=,Oluwakemi,1
,,,,1005=,Olwen,1
,,,,1005=,Omayrah,1
,,,,1005=,Ommeshanay,1
,,,,1005=,Onalee,1
,,,,1005=,Orna,1
,,,,1005=,Ou,1
,,,,1005=,Ozmah,1
,,,,1005=,Paige,1
,,,,1005=,Pamala,1
,,,,1005=,Paola,1
,,,,1005=,Parisa,1
,,,,1005=,Pariss,1
,,,,1005=,Parveen,1
,,,,1005=,Pavan,1
,,,,1005=,Pavneet,1
,,,,1005=,Pavra,1
,,,,1005=,Pearl,1
,,,,1005=,Peigi,1
,,,,1005=,Perrie,1
,,,,1005=,Pery,1
,,,,1005=,Phakama,1
,,,,1005=,Pheona,1
,,,,1005=,Philomena,1
,,,,1005=,Piffanie,1
,,,,1005=,Piroska,1
,,,,1005=,Poi,1
,,,,1005=,Polly,1
,,,,1005=,Pollyanne,1
,,,,1005=,Pramjit,1
,,,,1005=,Preeti,1
,,,,1005=,Priyanjalee,1
,,,,1005=,Prue,1
,,,,1005=,Pryanka,1
,,,,1005=,Pui,1
,,,,1005=,Puja,1
,,,,1005=,Purmjeet,1
,,,,1005=,Purmjit,1
,,,,1005=,Queenie,1
,,,,1005=,Rabiya,1
,,,,1005=,Rachelanne,1
,,,,1005=,Rae,1
,,,,1005=,Raechel,1
,,,,1005=,Raeesa,1
,,,,1005=,Rafiat,1
,,,,1005=,Raha,1
,,,,1005=,Raheel,1
,,,,1005=,Raia,1
,,,,1005=,Raihana,1
,,,,1005=,Raisah,1
,,,,1005=,Rajni,1
,,,,1005=,Rajwant,1
,,,,1005=,Rajwinder,1
,,,,1005=,Ramela,1
,,,,1005=,Raminder,1
,,,,1005=,Ramona,1
,,,,1005=,Rani,1
,,,,1005=,Raonaid,1
,,,,1005=,Rashele,1
,,,,1005=,Rashelle,1
,,,,1005=,Rasul,1
,,,,1005=,Ratna,1
,,,,1005=,Ravinder,1
,,,,1005=,Ray,1
,,,,1005=,Rayfen,1
,,,,1005=,Razan,1
,,,,1005=,Reah,1
,,,,1005=,Rebbecca,1
,,,,1005=,Rebecca-Louise,1
,,,,1005=,Rebekka,1
,,,,1005=,Reema,1
,,,,1005=,Reena,1
,,,,1005=,Rehana,1
,,,,1005=,Rehnuma,1
,,,,1005=,Reighann,1
,,,,1005=,Reina,1
,,,,1005=,Rena,1
,,,,1005=,Rhada,1
,,,,1005=,Rhanna,1
,,,,1005=,Rhianna,1
,,,,1005=,Rhiannan-Helen,1
,,,,1005=,Rhiashannon,1
,,,,1005=,Rhiona,1
,,,,1005=,Rhoda,1
,,,,1005=,Ria,1
,,,,1005=,Rianne,1
,,,,1005=,Ricki,1
,,,,1005=,Rita,1
,,,,1005=,Roasheen,1
,,,,1005=,Robin,1
,,,,1005=,Robina,1
,,,,1005=,Robyiu,1
,,,,1005=,Robynn,1
,,,,1005=,Robynne,1
,,,,1005=,Rodina,1
,,,,1005=,Rogan,1
,,,,1005=,Rohini,1
,,,,1005=,Roisine,1
,,,,1005=,Roman,1
,,,,1005=,Romany,1
,,,,1005=,Romina,1
,,,,1005=,Romy,1
,,,,1005=,Roomeesa,1
,,,,1005=,Rosalin,1
,,,,1005=,Rosanagh,1
,,,,1005=,Roseanna,1
,,,,1005=,Rosella,1
,,,,1005=,Roselyn,1
,,,,1005=,Rosetta,1
,,,,1005=,Rosheen,1
,,,,1005=,Roshini,1
,,,,1005=,Roshna,1
,,,,1005=,Roshni,1
,,,,1005=,Rosina,1
,,,,1005=,Roslind,1
,,,,1005=,Roslynd,1
,,,,1005=,Ross,1
,,,,1005=,Rossi,1
,,,,1005=,Rowanne,1
,,,,1005=,Roxann,1
,,,,1005=,Roxanna,1
,,,,1005=,Roxanne-Maria,1
,,,,1005=,Roxburghe,1
,,,,1005=,Roxzahn,1
,,,,1005=,Roya,1
,,,,1005=,Rozanne,1
,,,,1005=,Rozlyn,1
,,,,1005=,Ruadh,1
,,,,1005=,Rucsanna,1
,,,,1005=,Ruebia,1
,,,,1005=,Ruksana,1
,,,,1005=,Rumena,1
,,,,1005=,Ruth-Anne,1
,,,,1005=,Ryan,1
,,,,1005=,Saary,1
,,,,1005=,Sabia,1
,,,,1005=,Sabika,1
,,,,1005=,Sabine,1
,,,,1005=,Sable,1
,,,,1005=,Sachiyo,1
,,,,1005=,Sadaf,1
,,,,1005=,Saeideh,1
,,,,1005=,Saffeya,1
,,,,1005=,Saffron,1
,,,,1005=,Safina,1
,,,,1005=,Saiema,1
,,,,1005=,Sakhya,1
,,,,1005=,Sakina,1
,,,,1005=,Sallie,1
,,,,1005=,Salwa,1
,,,,1005=,Sam,1
,,,,1005=,Samanja,1
,,,,1005=,Samantha-Ann,1
,,,,1005=,Samantha-Jo,1
,,,,1005=,Samantha-Lee,1
,,,,1005=,Samar,1
,,,,1005=,Samarra,1
,,,,1005=,Samatha,1
,,,,1005=,Sameena,1
,,,,1005=,Sameira,1
,,,,1005=,Samera,1
,,,,1005=,Samia,1
,,,,1005=,Samihah,1
,,,,1005=,Samira,1
,,,,1005=,Samma,1
,,,,1005=,Sammara,1
,,,,1005=,Sammia,1
,,,,1005=,Sammyjoe,1
,,,,1005=,Sanah,1
,,,,1005=,Saniya,1
,,,,1005=,Sannah,1
,,,,1005=,Santina,1
,,,,1005=,Sanya,1
,,,,1005=,Sara-Jane,1
,,,,1005=,Sarah-Amelia,1
,,,,1005=,Sarah-May,1
,,,,1005=,Sarahjane,1
,,,,1005=,Saraid,1
,,,,1005=,Sarekha,1
,,,,1005=,Sarh,1
,,,,1005=,Sathname,1
,,,,1005=,Scarlett,1
,,,,1005=,Sebrina,1
,,,,1005=,Sehaer-Shahid,1
,,,,1005=,Seharish,1
,,,,1005=,Seinead,1
,,,,1005=,Selena,1
,,,,1005=,Seona,1
,,,,1005=,Seonaide,1
,,,,1005=,Seonid,1
,,,,1005=,Sera,1
,,,,1005=,Sereen,1
,,,,1005=,Serina,1
,,,,1005=,Serra,1
,,,,1005=,Shabina,1
,,,,1005=,Shabnam,1
,,,,1005=,Shahada,1
,,,,1005=,Shaharona,1
,,,,1005=,Shaheena,1
,,,,1005=,Shahrouz,1
,,,,1005=,Shaina,1
,,,,1005=,Shalane,1
,,,,1005=,Shamaila,1
,,,,1005=,Shamala,1
,,,,1005=,Shamielah,1
,,,,1005=,Shana,1
,,,,1005=,Shanae,1
,,,,1005=,Shaneen,1
,,,,1005=,Shanine,1
,,,,1005=,Shannara,1
,,,,1005=,Shannel,1
,,,,1005=,Shantel,1
,,,,1005=,Shanza,1
,,,,1005=,Shara,1
,,,,1005=,Sharan,1
,,,,1005=,Sharee,1
,,,,1005=,Shareen,1
,,,,1005=,Sharmaine,1
,,,,1005=,Sharmeen,1
,,,,1005=,Sharn,1
,,,,1005=,Sharri,1
,,,,1005=,Sharrie,1
,,,,1005=,Shayla,1
,,,,1005=,Shazma,1
,,,,1005=,Sheena-Anne,1
,,,,1005=,Shehnaz,1
,,,,1005=,Shelana,1
,,,,1005=,Sheldon,1
,,,,1005=,Shelley-Anne,1
,,,,1005=,Shelley-Marie,1
,,,,1005=,Shelli,1
,,,,1005=,Shema,1
,,,,1005=,Sheng,1
,,,,1005=,Sherlene,1
,,,,1005=,Sherri,1
,,,,1005=,Sherril,1
,,,,1005=,Sherrylee,1
,,,,1005=,Sheryl-Louise,1
,,,,1005=,Sheryn,1
,,,,1005=,Shevonne,1
,,,,1005=,Shian,1
,,,,1005=,Shibhon,1
,,,,1005=,Shilaine,1
,,,,1005=,Shirea,1
,,,,1005=,Shirlee,1
,,,,1005=,Shirn,1
,,,,1005=,Shirras,1
,,,,1005=,Shivaun,1
,,,,1005=,Shivonne,1
,,,,1005=,Shona-May,1
,,,,1005=,Shonah,1
,,,,1005=,Shook,1
,,,,1005=,Shyla,1
,,,,1005=,Shymai,1
,,,,1005=,Sian-Day,1
,,,,1005=,Sianne,1
,,,,1005=,Siara,1
,,,,1005=,Sidhean,1
,,,,1005=,Sidney,1
,,,,1005=,Sidra,1
,,,,1005=,Sidrah,1
,,,,1005=,Sigrun,1
,,,,1005=,Simona,1
,,,,1005=,Simonne,1
,,,,1005=,Simrit,1
,,,,1005=,Sina,1
,,,,1005=,Sinita,1
,,,,1005=,Siobbhan,1
,,,,1005=,Siobham,1
,,,,1005=,Siobhann,1
,,,,1005=,Siobhen,1
,,,,1005=,Siobhian,1
,,,,1005=,Siobhon,1
,,,,1005=,Sirin,1
,,,,1005=,Siritta,1
,,,,1005=,Siu,1
,,,,1005=,Siusan,1
,,,,1005=,Sky,1
,,,,1005=,Skye,1
,,,,1005=,Skylar,1
,,,,1005=,Smerah,1
,,,,1005=,Soay,1
,,,,1005=,Sobian,1
,,,,1005=,Sofie,1
,,,,1005=,Solveig,1
,,,,1005=,Solvejg,1
,,,,1005=,Somayah,1
,,,,1005=,Sondas,1
,,,,1005=,Soneila,1
,,,,1005=,Sonja,1
,,,,1005=,Sopheela,1
,,,,1005=,Sophie-Louise,1
,,,,1005=,Stacey-Joe,1
,,,,1005=,Stacey-Louise,1
,,,,1005=,Starlight,1
,,,,1005=,Stefaine,1
,,,,1005=,Steffenie,1
,,,,1005=,Steffi,1
,,,,1005=,Steffie,1
,,,,1005=,Steffoni,1
,,,,1005=,Stephani,1
,,,,1005=,Stephanie-Jade,1
,,,,1005=,Stephanie-Louis,1
,,,,1005=,Stephannie,1
,,,,1005=,Stephen,1
,,,,1005=,Stephenni,1
,,,,1005=,Stephennie,1
,,,,1005=,Steven,1
,,,,1005=,Stevie-Jo,1
,,,,1005=,Stevie-Lea,1
,,,,1005=,Stroma,1
,,,,1005=,Stuart,1
,,,,1005=,Suanne,1
,,,,1005=,Sudesh,1
,,,,1005=,Sue,1
,,,,1005=,Sukdave,1
,,,,1005=,Sukhveer,1
,,,,1005=,Sukhvir,1
,,,,1005=,Sukweer,1
,,,,1005=,Sultana,1
,,,,1005=,Suman,1
,,,,1005=,Sumara,1
,,,,1005=,Sumeyyah,1
,,,,1005=,Sumrah,1
,,,,1005=,Suna,1
,,,,1005=,Sunah,1
,,,,1005=,Sunam,1
,,,,1005=,Sunia,1
,,,,1005=,Sunita,1
,,,,1005=,Surinder,1
,,,,1005=,Suriya,1
,,,,1005=,Susana,1
,,,,1005=,Susann,1
,,,,1005=,Susannah-Jane,1
,,,,1005=,Susie,1
,,,,1005=,Sussie,1
,,,,1005=,Suvi,1
,,,,1005=,Suzannah,1
,,,,1005=,Suzi,1
,,,,1005=,Suzie,1
,,,,1005=,Suzy,1
,,,,1005=,Sylvana,1
,,,,1005=,Syma,1
,,,,1005=,Syra,1
,,,,1005=,Syrah,1
,,,,1005=,Tabbitha,1
,,,,1005=,Tahira,1
,,,,1005=,Tahmina,1
,,,,1005=,Tahseen,1
,,,,1005=,Talitha,1
,,,,1005=,Talseem,1
,,,,1005=,Tamar,1
,,,,1005=,Tamarha,1
,,,,1005=,Tamela,1
,,,,1005=,Tamla,1
,,,,1005=,Tammarah,1
,,,,1005=,Tammi,1
,,,,1005=,Tamsyn,1
,,,,1005=,Tamzin,1
,,,,1005=,Tamzyn,1
,,,,1005=,Tania,1
,,,,1005=,Tanice,1
,,,,1005=,Taniko,1
,,,,1005=,Tanis,1
,,,,1005=,Tanzeelah,1
,,,,1005=,Tao,1
,,,,1005=,Tara-Louise,1
,,,,1005=,Taranjeet,1
,,,,1005=,Tarnjit,1
,,,,1005=,Tarra,1
,,,,1005=,Tarryn,1
,,,,1005=,Taryn,1
,,,,1005=,Tassie,1
,,,,1005=,Tatiana,1
,,,,1005=,Tay,1
,,,,1005=,Tayba,1
,,,,1005=,Tayler,1
,,,,1005=,Tazahara,1
,,,,1005=,Teena,1
,,,,1005=,Tegan,1
,,,,1005=,Telea,1
,,,,1005=,Tengku,1
,,,,1005=,Tenika,1
,,,,1005=,Terese,1
,,,,1005=,Terri-Jan,1
,,,,1005=,Tess,1
,,,,1005=,Thabat,1
,,,,1005=,Theodora,1
,,,,1005=,Therese,1
,,,,1005=,Tiffaney,1
,,,,1005=,Tila,1
,,,,1005=,Tomma,1
,,,,1005=,Tommy,1
,,,,1005=,Toni-Ann,1
,,,,1005=,Toni-Anne,1
,,,,1005=,Toni-Louise,1
,,,,1005=,Toni-Marie,1
,,,,1005=,Toniann,1
,,,,1005=,Tonianne,1
,,,,1005=,Traighana,1
,,,,1005=,Tricia,1
,,,,1005=,Trudy,1
,,,,1005=,Tuesday,1
,,,,1005=,Tyesha,1
,,,,1005=,Tyffany,1
,,,,1005=,Tyler,1
,,,,1005=,Umamah,1
,,,,1005=,Ursulla,1
,,,,1005=,Uzoamaka,1
,,,,1005=,Vahri,1
,,,,1005=,Valentina,1
,,,,1005=,Valerie-Claire,1
,,,,1005=,Valli,1
,,,,1005=,Vanda,1
,,,,1005=,Vanna,1
,,,,1005=,Vannessa,1
,,,,1005=,Vharri,1
,,,,1005=,Vibhuti,1
,,,,1005=,Vien,1
,,,,1005=,Vijaya,1
,,,,1005=,Vikki-Louise,1
,,,,1005=,Vinashini,1
,,,,1005=,Virginia,1
,,,,1005=,Vivian,1
,,,,1005=,Wai-Man,1
,,,,1005=,Wai-Yan,1
,,,,1005=,Wai-Yee,1
,,,,1005=,Wajeeha,1
,,,,1005=,Wesun,1
,,,,1005=,Williamina,1
,,,,1005=,Yannie,1
,,,,1005=,Yasemeen,1
,,,,1005=,Yhasmin,1
,,,,1005=,Yimen,1
,,,,1005=,Yiu,1
,,,,1005=,Yok,1
,,,,1005=,Yuen,1
,,,,1005=,Yuk,1
,,,,1005=,Zafira,1
,,,,1005=,Zahira,1
,,,,1005=,Zahra,1
,,,,1005=,Zahrah,1
,,,,1005=,Zakia,1
,,,,1005=,Zakiyah,1
,,,,1005=,Zalaekha,1
,,,,1005=,Zandora,1
,,,,1005=,Zandra,1
,,,,1005=,Zara-Anne,1
,,,,1005=,Zarah,1
,,,,1005=,Zarrah,1
,,,,1005=,Zaylie,1
,,,,1005=,Zaynab,1
,,,,1005=,Zeenah,1
,,,,1005=,Zeita,1
,,,,1005=,Zenab,1
,,,,1005=,Zhara,1
,,,,1005=,Zoeanne,1
,,,,1005=,Zofia,1
,,,,1005=,Zosha,1
,,,,1005=,Zulehuma,1
,,,,1005=,Zyrah,1
,,,,,,
� Crown Copyright 2015,,,,,,
