Babies' first forenames: births registered in Scotland in 1977,,,,,,
,,,,,,
Information about the basis of the list can be found via the 'Babies' First Names' page on the National Records of Scotland website.,,,,,,
,,,,,,
Boys,,,,Girls,,
,,,,,,
Position,Name,Number of babies,,Position,Name,Number of babies
1,David,1761,,1,Claire,733
2,John,1258,,2,Nicola,689
3,Paul,1230,,3,Karen,663
4,James,1068,,4,Angela,643
5,Andrew,1042,,5,Gillian,590
6,Steven,884,,6,Fiona,582
7,Scott,816,,7,Jennifer,552
8,Mark,775,,8,Laura,526
9,Robert,757,,9,Susan,518
10,Christopher,747,,10,Julie,502
11,Craig,705,,11,Michelle,478
12,Stuart,683,,12,Lisa,460
13,Kevin,676,,13,Sharon,444
14,Alan,661,,14,Louise,442
15,Michael,659,,15,Sarah,435
16,Stephen,633,,16,Tracy,416
17,William,597,,17,Donna,411
18,Colin,495,,18,Kelly,397
19,Brian,477,,19,Kirsty,369
20,Neil,463,,20,Amanda,336
21,Richard,451,,21,Alison,333
22,Ross,433,,22,Joanne,313
23,Thomas,407,,23,Caroline,307
24,Gary,406,,24,Emma,302
25,Derek,394,,25,Jacqueline,298
26,Iain,379,,26,Elaine,281
27,Gordon,364,,27,Elizabeth,279
28,Graeme,363,,28,Lynne,275
29,Martin,352,,29,Lesley,271
30,Barry,342,,30,Deborah,269
31=,Gavin,329,,31=,Kerry,256
31=,Ian,329,,31=,Victoria,256
33,Kenneth,327,,33,Carol,252
34,Alexander,322,,34=,Catherine,242
35,Peter,308,,34=,Lynn,242
36,Graham,265,,36,Pauline,222
37,Allan,241,,37,Margaret,221
38,Darren,238,,38,Lorna,208
39,Jamie,223,,39,Lynsey,206
40,Simon,212,,40,Lorraine,201
41,Lee,207,,41=,Linda,199
42=,George,199,,41=,Suzanne,199
42=,Keith,199,,41=,Tracey,199
44,Stewart,191,,44,Heather,193
45,Douglas,186,,45,Yvonne,188
46,Jonathan,175,,46,Jane,180
47,Matthew,168,,47=,Dawn,171
48,Daniel,160,,47=,Mary,171
49,Grant,158,,49,Helen,169
50,Joseph,155,,50,Anne,168
51,Jason,148,,51,Wendy,163
52,Anthony,147,,52,Lee,162
53,Ryan,141,,53,Pamela,153
54,Edward,140,,54,Jill,149
55,Fraser,135,,55,Lindsay,139
56,Donald,127,,56,Clare,138
57,Charles,123,,57=,Christine,132
58,Garry,122,,57=,Diane,132
59,Duncan,120,,59=,Leigh,129
60,Nicholas,116,,59=,Samantha,129
61,Raymond,109,,61,Shona,126
62,Alistair,105,,62=,Joanna,125
63,Bryan,103,,62=,Ruth,125
64,Philip,102,,64,Debbie,123
65,Alastair,101,,65,Gail,122
66,Malcolm,95,,66,Marie,120
67,Alasdair,87,,67,Andrea,114
68,Russell,86,,68,Paula,113
69,Patrick,82,,69,Kathleen,112
70=,Euan,81,,70,Catriona,108
70=,Ewan,81,,71,Katrina,107
72,Gareth,79,,72,Denise,105
73,Bruce,77,,73,Melanie,100
74,Adam,74,,74,Ann,99
75,Gerard,73,,75,Sandra,97
76=,Greig,68,,76=,Gayle,96
76=,Marc,68,,76=,Hazel,96
78,Sean,67,,76=,Jillian,96
79,Robin,66,,79,Stephanie,95
80,Ronald,64,,80,Rachel,89
81,Benjamin,63,,81=,Kim,85
82,Francis,62,,81=,Natalie,85
83,Gregor,60,,83=,Katherine,83
84=,Greg,55,,83=,Patricia,83
84=,Hugh,55,,85,Leanne,81
86=,Calum,50,,86,Cheryl,79
86=,Shaun,50,,87,Mhairi,72
88,Cameron,47,,88,Morag,70
89,Roderick,45,,89,Arlene,69
90=,Angus,41,,90,Zoe,68
90=,Gerald,41,,91,Kathryn,67
92=,Rory,40,,92=,Aileen,64
92=,Samuel,40,,92=,Ashley,64
94,Wayne,39,,92=,Judith,64
95,Murray,38,,95=,Anna,61
96=,Norman,37,,95=,Frances,61
96=,Timothy,37,,95=,Janet,61
98,Dean,36,,95=,Lucy,61
99,Martyn,34,,99,Vicky,60
100=,Roy,33,,100=,Christina,59
100=,Wesley,33,,100=,Kirsten,59
102,Liam,32,,100=,Rebecca,59
103=,Aaron,31,,103,Lyndsey,58
103=,Adrian,31,,104,Stacey,57
103=,Justin,31,,105=,Allison,56
106=,Eric,28,,105=,Kirsteen,56
106=,Ewen,28,,107=,Barbara,55
106=,Niall,28,,107=,Lynda,55
106=,Terence,28,,107=,Shirley,55
110,Barrie,27,,110=,Mairi,54
111,Antony,26,,110=,Maria,54
112=,Gregg,25,,112=,Carolyn,53
112=,Lewis,25,,112=,Marion,53
114=,Callum,24,,112=,Maureen,53
114=,Owen,24,,115=,Julia,52
116,Jon,23,,115=,Lynette,52
117=,Campbell,22,,117=,Lindsey,50
117=,Glen,22,,117=,Lyndsay,50
117=,Henry,22,,117=,Mandy,50
117=,Kris,22,,117=,Sara,50
121=,Marcus,21,,121,Valerie,49
121=,Mohammed,21,,122,Carrie,48
121=,Phillip,21,,123,Audrey,46
124=,Christian,20,,124=,Eleanor,45
124=,Clark,20,,124=,Melissa,45
124=,Gregory,20,,124=,Michele,45
124=,Jeffrey,20,,127,Rhona,44
124=,Leslie,20,,128=,Emily,43
124=,Ralph,20,,128=,Nichola,43
124=,Vincent,20,,128=,Theresa,43
131=,Alister,19,,131=,Adele,42
131=,Dominic,19,,131=,Eileen,42
131=,Hamish,19,,133=,Carole,41
131=,Kieran,19,,133=,Kimberley,41
131=,Lindsay,19,,135=,Jean,39
136=,Brendan,18,,135=,Sally,39
136=,Damian,18,,137,Vicki,38
136=,Terry,18,,138=,Jenny,37
136=,Trevor,18,,138=,Lyn,37
140=,Dale,17,,140,Janice,36
140=,Frank,17,,141,Irene,34
140=,Roger,17,,142=,Amy,33
143,Damien,16,,142=,Kay,33
144=,Arthur,15,,142=,Kirstin,33
144=,Blair,15,,145=,Leah,32
144=,Fergus,15,,145=,Natasha,32
144=,Luke,15,,145=,Rosemary,32
144=,Tom,15,,145=,Sheena,32
149=,Guy,14,,149=,Cara,31
149=,Scot,14,,149=,Marianne,31
151=,Alisdair,13,,151=,Clair,30
151=,Finlay,13,,151=,Gemma,30
151=,Harry,13,,151=,Hilary,30
151=,Magnus,13,,151=,Nadine,30
151=,Oliver,13,,151=,Sheila,30
151=,Shane,13,,151=,Susanne,30
157=,Brett,12,,157=,Annette,29
157=,Geoffrey,12,,157=,Charlotte,29
157=,Innes,12,,157=,Eilidh,29
157=,Lawrence,12,,157=,Kate,29
157=,Leon,12,,157=,Leona,29
157=,Neill,12,,157=,Vikki,29
163=,Danny,11,,163=,Alexandra,28
163=,Drew,11,,163=,Avril,28
163=,Maurice,11,,163=,Rachael,28
163=,Mohammad,11,,163=,Tanya,28
163=,Nicol,11,,163=,Teresa,28
163=,Stefan,11,,168=,Ailsa,27
169=,Ben,10,,168=,Hannah,27
169=,Bernard,10,,168=,June,27
169=,Darran,10,,171,Isla,26
169=,Glenn,10,,172=,Agnes,25
169=,Karl,10,,172=,Alice,25
169=,Kristian,10,,172=,Eve,25
169=,Laurence,10,,172=,Geraldine,25
169=,Leigh,10,,172=,Shelley,25
169=,Nathan,10,,177=,Carla,24
169=,Nigel,10,,177=,Faye,24
169=,Ronnie,10,,177=,Georgina,24
169=,Warren,10,,177=,Jaclyn,24
181=,Archibald,9,,177=,Janette,24
181=,Billy,9,,177=,Jayne,24
181=,Crawford,9,,177=,Kellie,24
181=,Derrick,9,,177=,Nicole,24
181=,Desmond,9,,185=,Colette,23
181=,Frazer,9,,185=,Evelyn,23
181=,Marco,9,,185=,Nadia,23
181=,Murdo,9,,188=,Grace,22
181=,Neal,9,,188=,Siobhan,22
181=,Rodger,9,,190=,Abigail,21
181=,Stanley,9,,190=,Beverley,21
181=,Tony,9,,190=,Debra,21
193=,Chris,8,,190=,Esther,21
193=,Denis,8,,190=,Gwen,21
193=,Frederick,8,,190=,Katharine,21
193=,Jack,8,,190=,Lauren,21
193=,Myles,8,,190=,Morven,21
193=,Nicky,8,,198=,Charlene,20
193=,Robbie,8,,198=,Iona,20
193=,Rodney,8,,198=,Jan,20
193=,Roland,8,,198=,Jolene,20
193=,Ruaraidh,8,,198=,Katie,20
193=,Stephan,8,,198=,Kirstie,20
204=,Daryl,7,,198=,Maxine,20
204=,Dennis,7,,198=,Tina,20
204=,Ivan,7,,198=,Vanessa,20
204=,Jay,7,,207=,Bernadette,19
204=,Jeremy,7,,207=,Brenda,19
204=,Kieron,7,,207=,Jaime,19
204=,Kristopher,7,,207=,Joan,19
204=,Leonard,7,,207=,Joyce,19
204=,Lorne,7,,207=,Juliet,19
204=,Morgan,7,,207=,Kerrie,19
204=,Noel,7,,207=,Louisa,19
204=,Roddy,7,,207=,Moira,19
204=,Steve,7,,207=,Monica,19
217=,Albert,6,,207=,Sonia,19
217=,Allen,6,,207=,Veronica,19
217=,Arron,6,,219=,Anne-Marie,18
217=,Brent,6,,219=,Davina,18
217=,Clifford,6,,219=,Heidi,18
217=,Darrin,6,,219=,Lynsay,18
217=,Edwin,6,,219=,Naomi,18
217=,Elliot,6,,219=,Stacy,18
217=,Evan,6,,219=,Wilma,18
217=,Ivor,6,,226=,Alexis,17
217=,Jaimie,6,,226=,April,17
217=,Johnny,6,,226=,Charmaine,17
217=,Laurie,6,,226=,Dianne,17
217=,Lloyd,6,,226=,Ellen,17
217=,Walter,6,,226=,Tara,17
232=,Alun,5,,232=,Colleen,16
232=,Ashley,5,,232=,Jamie,16
232=,Atholl,5,,232=,Johanna,16
232=,Austen,5,,232=,Kirstine,16
232=,Austin,5,,232=,Rhonda,16
232=,Darryl,5,,232=,Vivienne,16
232=,Dwayne,5,,238=,Alana,15
232=,Erik,5,,238=,Annmarie,15
232=,Forbes,5,,238=,Diana,15
232=,Gerrard,5,,238=,Josephine,15
232=,Hector,5,,238=,Simone,15
232=,Howard,5,,243=,Hayley,14
232=,Imran,5,,243=,Janine,14
232=,Jonathon,5,,243=,Laurie,14
232=,Julian,5,,243=,Lee-Anne,14
232=,Kyle,5,,243=,Linzi,14
232=,Maxwell,5,,243=,Lynnette,14
232=,Melvin,5,,243=,Norma,14
232=,Nathaniel,5,,250=,Amber,13
232=,Omar,5,,250=,Anita,13
232=,Sinclair,5,,250=,Erin,13
232=,Tristan,5,,250=,Lee-Ann,13
232=,Victor,5,,250=,Lianne,13
232=,Wai,5,,250=,Linsey,13
232=,Westley,5,,250=,Penelope,13
257=,Aidan,4,,257=,Alyson,12
257=,Alfred,4,,257=,Danielle,12
257=,Ali,4,,257=,Isabella,12
257=,Allister,4,,257=,Joy,12
257=,Antonio,4,,257=,Karin,12
257=,Bradley,4,,257=,Katy,12
257=,Carl,4,,257=,Kerri,12
257=,Chun,4,,257=,Leeann,12
257=,Clint,4,,257=,Nina,12
257=,Dylan,4,,257=,Penny,12
257=,Eoin,4,,257=,Shonagh,12
257=,Grahame,4,,257=,Sophie,12
257=,Jody,4,,257=,Sylvia,12
257=,Kirk,4,,257=,Tammy,12
257=,Kristoffer,4,,271=,Ann-Marie,11
257=,Lawrie,4,,271=,Evonne,11
257=,Leo,4,,271=,Kimberly,11
257=,Mathew,4,,271=,Marnie,11
257=,Muhammad,4,,271=,Olivia,11
257=,Nicolas,4,,271=,Philippa,11
257=,Niki,4,,271=,Rona,11
257=,Riccardo,4,,271=,Rosalind,11
257=,Richie,4,,271=,Sarah-Jane,11
257=,Ricky,4,,271=,Shazia,11
257=,Ruairidh,4,,271=,Sian,11
257=,Sidney,4,,271=,Sonya,11
257=,Tommy,4,,283=,Angie,10
284=,Ahmed,3,,283=,Dana,10
284=,Alec,3,,283=,Erica,10
284=,Alex,3,,283=,Eva,10
284=,Alyn,3,,283=,Gaynor,10
284=,Archie,3,,283=,Isabel,10
284=,Benedict,3,,283=,Janie,10
284=,Bryce,3,,283=,Jeanette,10
284=,Carlo,3,,283=,Lara,10
284=,Chi,3,,283=,Liza,10
284=,Clarke,3,,283=,Marissa,10
284=,Clinton,3,,283=,Marlene,10
284=,Conrad,3,,283=,Rose,10
284=,Darin,3,,283=,Sabrina,10
284=,Daryll,3,,283=,Sinead,10
284=,Declan,3,,283=,Susannah,10
284=,Dereck,3,,283=,Tammie,10
284=,Deryck,3,,283=,Vivien,10
284=,Domenico,3,,301=,Ainsley,9
284=,Don,3,,301=,Annie,9
284=,Dougal,3,,301=,Cindy,9
284=,Edmund,3,,301=,Helena,9
284=,Elliott,3,,301=,Jodie,9
284=,Ernest,3,,301=,Leesa,9
284=,Faisal,3,,301=,Liana,9
284=,Gabriel,3,,301=,Linsay,9
284=,Gilbert,3,,301=,Lois,9
284=,Hamilton,3,,301=,Marina,9
284=,Haroon,3,,301=,Mhari,9
284=,Jacob,3,,301=,Morna,9
284=,Jaime,3,,301=,Roslyn,9
284=,Joel,3,,301=,Selina,9
284=,Johnathan,3,,301=,Sharlene,9
284=,Jordan,3,,301=,Sharron,9
284=,Ken,3,,301=,Toni,9
284=,Kerr,3,,318=,Allyson,8
284=,Lachlan,3,,318=,Antonia,8
284=,Lyall,3,,318=,Bridget,8
284=,Marshall,3,,318=,Carol-Ann,8
284=,Michal,3,,318=,Corinne,8
284=,Mustafa,3,,318=,Deirdre,8
284=,Nadeem,3,,318=,Dionne,8
284=,Nial,3,,318=,Elinor,8
284=,Nikki,3,,318=,Elisabeth,8
284=,Quintin,3,,318=,Farrah,8
284=,Quinton,3,,318=,Fay,8
284=,Rae,3,,318=,Felicity,8
284=,Ramsay,3,,318=,Holly,8
284=,Ray,3,,318=,Isobel,8
284=,Rikki,3,,318=,Janey,8
284=,Ritchie,3,,318=,Leeanne,8
284=,Ronan,3,,318=,Leigh-Anne,8
284=,Rudi,3,,318=,Lesley-Anne,8
284=,Russel,3,,318=,Nikki,8
284=,Sam,3,,337=,Allana,7
284=,Sandy,3,,337=,Annemarie,7
284=,Sebastian,3,,337=,Arleen,7
284=,Shahid,3,,337=,Carmen,7
284=,Sohail,3,,337=,Carol-Anne,7
284=,Struan,3,,337=,Carolann,7
284=,Tariq,3,,337=,Carolanne,7
284=,Wilson,3,,337=,Cassandra,7
345=,Adewale,2,,337=,Estelle,7
345=,Adriano,2,,337=,Ingrid,7
345=,Aedan,2,,337=,Jessica,7
345=,Ahmad,2,,337=,Jo-Anne,7
345=,Ajay,2,,337=,Jocelyn,7
345=,Ajaz,2,,337=,Jodi,7
345=,Amr,2,,337=,Justine,7
345=,Andreas,2,,337=,Kristine,7
345=,Aron,2,,337=,Lucinda,7
345=,Asif,2,,337=,Margo,7
345=,Athar,2,,337=,Martine,7
345=,Bashar,2,,337=,Megan,7
345=,Brandon,2,,337=,Michaela,7
345=,Brodie,2,,337=,Miranda,7
345=,Calvin,2,,337=,Rowena,7
345=,Casey,2,,337=,Sandie,7
345=,Chad,2,,337=,Sasha,7
345=,Christipher,2,,337=,Sheree,7
345=,Christy,2,,337=,Stella,7
345=,Clive,2,,337=,Tessa,7
345=,Corey,2,,337=,Trudy,7
345=,Cornelius,2,,337=,Vickie,7
345=,Crispin,2,,337=,Virginia,7
345=,Damion,2,,337=,Vivian,7
345=,Daren,2,,369=,Annabel,6
345=,Darrell,2,,369=,Carly,6
345=,Darron,2,,369=,Carrie-Ann,6
345=,Darryn,2,,369=,Catrina,6
345=,Dax,2,,369=,Cherie,6
345=,Derick,2,,369=,Corrina,6
345=,Dermot,2,,369=,Edith,6
345=,Deryk,2,,369=,Flora,6
345=,Diarmid,2,,369=,Jennie,6
345=,Dirk,2,,369=,Joann,6
345=,Duane,2,,369=,Julie-Ann,6
345=,Eamon,2,,369=,Julie-Anne,6
345=,Edgar,2,,369=,Kara,6
345=,Eugene,2,,369=,Karyn,6
345=,Fahad,2,,369=,Kelley,6
345=,Francesco,2,,369=,Keri,6
345=,Frankie,2,,369=,Leisa,6
345=,Geoff,2,,369=,Lena,6
345=,Gian,2,,369=,Loraine,6
345=,Gillies,2,,369=,Madeleine,6
345=,Giovanni,2,,369=,Madeline,6
345=,Herbert,2,,369=,Mari,6
345=,Hugo,2,,369=,Martha,6
345=,Hunter,2,,369=,Martina,6
345=,Innis,2,,369=,Nancy,6
345=,Jai,2,,369=,Noreen,6
345=,Jared,2,,369=,Rae,6
345=,Jerome,2,,369=,Robyn,6
345=,Joe,2,,369=,Rosalyn,6
345=,John-James,2,,369=,Sacha,6
345=,Jon-Paul,2,,369=,Serena,6
345=,Joshua,2,,369=,Sharleen,6
345=,Juan,2,,369=,Sheona,6
345=,Kai,2,,369=,Sonja,6
345=,Kam,2,,369=,Susanna,6
345=,Kamran,2,,404=,Adrienne,5
345=,Keir,2,,404=,Alexandria,5
345=,Kelly,2,,404=,Andrina,5
345=,Kenny,2,,404=,Angeline,5
345=,Kevan,2,,404=,Anouska,5
345=,Keven,2,,404=,Anthea,5
345=,Khalid,2,,404=,Ashleigh,5
345=,Lance,2,,404=,Belinda,5
345=,Laurent,2,,404=,Bonnie,5
345=,Lorn,2,,404=,Camilla,5
345=,Louis,2,,404=,Cathleen,5
345=,Ludovic,2,,404=,Cecilia,5
345=,Luis,2,,404=,Connie,5
345=,Mandeep,2,,404=,Dale,5
345=,Marek,2,,404=,Dorothy,5
345=,Mario,2,,404=,Elena,5
345=,Max,2,,404=,Elise,5
345=,Micah,2,,404=,Elspeth,5
345=,Mikael,2,,404=,Jacquelyn,5
345=,Mohamed,2,,404=,Jade,5
345=,Moray,2,,404=,Jenifer,5
345=,Nadeen,2,,404=,Jessie,5
345=,Nairn,2,,404=,Johanne,5
345=,Naveed,2,,404=,Kelli,5
345=,Oscar,2,,404=,Kelly-Ann,5
345=,Pasquale,2,,404=,Kerry-Ann,5
345=,Quentin,2,,404=,Layla,5
345=,Rahil,2,,404=,Lea,5
345=,Rakesh,2,,404=,Leigh-Ann,5
345=,Reid,2,,404=,Lydia,5
345=,Reza,2,,404=,Marian,5
345=,Ricardo,2,,404=,Marjorie,5
345=,Rowan,2,,404=,Marjory,5
345=,Rowland,2,,404=,Maryann,5
345=,Ruari,2,,404=,May,5
345=,Ruaridh,2,,404=,Nyree,5
345=,Sami,2,,404=,Roseann,5
345=,Saqib,2,,404=,Rowan,5
345=,Sebastien,2,,404=,Shauna,5
345=,Seth,2,,404=,Shelagh,5
345=,Sheikh,2,,404=,Tamara,5
345=,Sherif,2,,404=,Teri,5
345=,Simeon,2,,404=,Violet,5
345=,Solomon,2,,404=,Yvette,5
345=,Sonny,2,,448=,Abbie,4
345=,Stacy,2,,448=,Alexa,4
345=,Sydney,2,,448=,Alma,4
345=,Tarik,2,,448=,Amelia,4
345=,Tejinder,2,,448=,Angelina,4
345=,Theodore,2,,448=,Caren,4
345=,Tobias,2,,448=,Carolynn,4
345=,Toby,2,,448=,Carrie-Anne,4
345=,Tristram,2,,448=,Collette,4
345=,Usman,2,,448=,Constance,4
345=,Waheed,2,,448=,Corina,4
345=,Wallace,2,,448=,Corrine,4
345=,Zahid,2,,448=,Daniela,4
461=,Aarron,1,,448=,Daniella,4
461=,Abbas,1,,448=,Demelza,4
461=,Abdelilah,1,,448=,Emma-Jane,4
461=,Abdul,1,,448=,Erika,4
461=,Abdulla,1,,448=,Farah,4
461=,Abid,1,,448=,Francesca,4
461=,Abraham,1,,448=,Freya,4
461=,Abrar,1,,448=,Gina,4
461=,Abu,1,,448=,Gloria,4
461=,Ace,1,,448=,Jackie,4
461=,Achal,1,,448=,Janis,4
461=,Adaire,1,,448=,Jo-Ann,4
461=,Adekumle,1,,448=,Jody,4
461=,Adel,1,,448=,Julianne,4
461=,Adig,1,,448=,Juliette,4
461=,Adley,1,,448=,Karlyn,4
461=,Adnan,1,,448=,Katrine,4
461=,Aftab,1,,448=,Kelly-Anne,4
461=,Afzal,1,,448=,Lana,4
461=,Agostino,1,,448=,Leighann,4
461=,Agyat,1,,448=,Leila,4
461=,Ahsan,1,,448=,Lesley-Ann,4
461=,Aian,1,,448=,Lindy,4
461=,Ailean,1,,448=,Lissa,4
461=,Ajmer,1,,448=,Lori,4
461=,Ala,1,,448=,Lorne,4
461=,Alain,1,,448=,Mairead,4
461=,Alban,1,,448=,Maree,4
461=,Alexandro,1,,448=,Marlyn,4
461=,Alick,1,,448=,Mei,4
461=,Alistar,1,,448=,Miriam,4
461=,Alleyn,1,,448=,Petra,4
461=,Allun,1,,448=,Phyllis,4
461=,Altmash,1,,448=,Pui,4
461=,Alwyn,1,,448=,Rosslyn,4
461=,Amar,1,,448=,Sadie,4
461=,Amir,1,,448=,Senga,4
461=,Amjad,1,,448=,Shannon,4
461=,Amjud,1,,448=,Sharyn,4
461=,Andleeb,1,,448=,Shelly,4
461=,Andrea,1,,448=,Stefanie,4
461=,Angelo,1,,448=,Tabitha,4
461=,Angelos,1,,448=,Terri,4
461=,Anil,1,,448=,Terry,4
461=,Anit,1,,448=,Trudi,4
461=,Anjum,1,,448=,Trudie,4
461=,Anson,1,,448=,Wai,4
461=,Antoine,1,,448=,Yasmin,4
461=,Antonie,1,,448=,Yolanda,4
461=,Aonghas,1,,510=,Ailish,3
461=,Archer,1,,510=,Aimee,3
461=,Arfan,1,,510=,Aimi,3
461=,Arfane,1,,510=,Alaine,3
461=,Arif,1,,510=,Alicia,3
461=,Aris,1,,510=,Angharad,3
461=,Arjan,1,,510=,Asia,3
461=,Arjen,1,,510=,Asma,3
461=,Arnaud,1,,510=,Ayshea,3
461=,Arnold,1,,510=,Bianca,3
461=,Asad,1,,510=,Bobbie,3
461=,Ashfaq,1,,510=,Camille,3
461=,Ashwin,1,,510=,Carina,3
461=,Asiaf,1,,510=,Carolynne,3
461=,Asim,1,,510=,Carron,3
461=,Assad,1,,510=,Caryn,3
461=,Assif,1,,510=,Ceri,3
461=,Assim,1,,510=,Charis,3
461=,Ataa-Ur-Rehman,1,,510=,Charmain,3
461=,Athir,1,,510=,Chloe,3
461=,Athol,1,,510=,Christiana,3
461=,Athole,1,,510=,Claudia,3
461=,Atif,1,,510=,Coleen,3
461=,Atour,1,,510=,Cora,3
461=,Atta-Ur-Rehman,1,,510=,Coreen,3
461=,Auston,1,,510=,Cynthia,3
461=,Ayad,1,,510=,Daisy,3
461=,Ayotokunbo,1,,510=,Debora,3
461=,Azrul,1,,510=,Dee,3
461=,Babar,1,,510=,Dominique,3
461=,Badr,1,,510=,Donella,3
461=,Balal,1,,510=,Doreen,3
461=,Balbir,1,,510=,Elisa,3
461=,Baljit,1,,510=,Eliza,3
461=,Balvindar,1,,510=,Elsa,3
461=,Baqar,1,,510=,Euphemia,3
461=,Barclay,1,,510=,Francine,3
461=,Barnaby,1,,510=,Gael,3
461=,Barney,1,,510=,Georgia,3
461=,Barri,1,,510=,Harriet,3
461=,Barry-John,1,,510=,Imogen,3
461=,Basheer,1,,510=,Ishbel,3
461=,Beinn,1,,510=,Jacqui,3
461=,Ben-Sadeek,1,,510=,Jaimie,3
461=,Benjamen,1,,510=,Judy,3
461=,Bernd,1,,510=,Juli,3
461=,Beshir,1,,510=,Julianna,3
461=,Bhupinder,1,,510=,Kareen,3
461=,Biagio,1,,510=,Katriona,3
461=,Bill,1,,510=,Kaye,3
461=,Bjorn,1,,510=,Kelda,3
461=,Bobby,1,,510=,Kellyann,3
461=,Bonar,1,,510=,Kerry-Anne,3
461=,Bradford,1,,510=,Kirsti,3
461=,Braham,1,,510=,Kristina,3
461=,Bran,1,,510=,Kyla,3
461=,Brenden,1,,510=,Kylie,3
461=,Brendon,1,,510=,Larissa,3
461=,Brock,1,,510=,Leslie,3
461=,Bronson,1,,510=,Leza,3
461=,Brydon,1,,510=,Lillian,3
461=,Bryn,1,,510=,Lisette,3
461=,Bulabari,1,,510=,Lucie,3
461=,Cailean,1,,510=,Marcia,3
461=,Callan,1,,510=,Marilyn,3
461=,Camillus,1,,510=,Marisa,3
461=,Carlos,1,,510=,Marsha,3
461=,Carlton,1,,510=,Melinda,3
461=,Carol,1,,510=,Melody,3
461=,Caser,1,,510=,Monique,3
461=,Cathal,1,,510=,Muriel,3
461=,Cecil,1,,510=,Myra,3
461=,Cedric,1,,510=,Nazia,3
461=,Chabala,1,,510=,Odette,3
461=,Chagai,1,,510=,Ray,3
461=,Charley,1,,510=,Rebekah,3
461=,Chaudhary,1,,510=,Regan,3
461=,Chee,1,,510=,Rehana,3
461=,Chen,1,,510=,Rena,3
461=,Chi-Chung,1,,510=,Renee,3
461=,Chika,1,,510=,Rhiannon,3
461=,Chilton,1,,510=,Rhoda,3
461=,Chriss,1,,510=,Robin,3
461=,Christiaan,1,,510=,Rochelle,3
461=,Christoph,1,,510=,Roisin,3
461=,Christophen,1,,510=,Rosaleen,3
461=,Chuan,1,,510=,Roseanne,3
461=,Chukwu-Emeka,1,,510=,Rosemarie,3
461=,Chukwuma,1,,510=,Rosina,3
461=,Ciaran,1,,510=,Sajida,3
461=,Clarence,1,,510=,Sameena,3
461=,Clement,1,,510=,Seonaid,3
461=,Coll,1,,510=,Shabana,3
461=,Collin,1,,510=,Sheryl,3
461=,Comfort,1,,510=,Shiona,3
461=,Conan,1,,510=,Sophia,3
461=,Conar,1,,510=,Suzan,3
461=,Conel,1,,510=,Suzannah,3
461=,Connor,1,,510=,Uzma,3
461=,Corin,1,,510=,Verity,3
461=,Corrie,1,,510=,Winifred,3
461=,Corry,1,,510=,Zoey,3
461=,Crauford,1,,612=,Abbey,2
461=,Cregg,1,,612=,Abby,2
461=,Crighton,1,,612=,Adelina,2
461=,Crispian,1,,612=,Afshan,2
461=,Curtis,1,,612=,Alanna,2
461=,Cyrus,1,,612=,Alexandrina,2
461=,Dag,1,,612=,Alexsandra,2
461=,Damon,1,,612=,Alisa,2
461=,Dan,1,,612=,Annabella,2
461=,Danish,1,,612=,Anne-Louise,2
461=,Dante,1,,612=,Assia,2
461=,Dario,1,,612=,Averil,2
461=,Darrine,1,,612=,Ayesha,2
461=,Darroch,1,,612=,Aynsley,2
461=,Darwin,1,,612=,Ayshah,2
461=,Dave,1,,612=,Beatrice,2
461=,Dawson,1,,612=,Beverly,2
461=,Debapratim,1,,612=,Briony,2
461=,Dee,1,,612=,Caireen,2
461=,Del,1,,612=,Caragh,2
461=,Delwynn,1,,612=,Carlyn,2
461=,Demetrious,1,,612=,Carmine,2
461=,Demetris,1,,612=,Caroll,2
461=,Demian,1,,612=,Carolyne,2
461=,Denholm,1,,612=,Carra,2
461=,Dennys,1,,612=,Cassie,2
461=,Denver,1,,612=,Catharine,2
461=,Derik,1,,612=,Celeste,2
461=,Derry,1,,612=,Celia,2
461=,Devin,1,,612=,Celine,2
461=,Dewar,1,,612=,Chanelle,2
461=,Dharen,1,,612=,Chantal,2
461=,Diamond,1,,612=,Chirsty,2
461=,Diggory,1,,612=,Christa,2
461=,Dildeep,1,,612=,Christian,2
461=,Dimitri,1,,612=,Clara,2
461=,Divinder,1,,612=,Claudine,2
461=,Dominick,1,,612=,Clayre,2
461=,Donald-Diarmad,1,,612=,Corena,2
461=,Donny,1,,612=,Corinna,2
461=,Dougald,1,,612=,Craig,2
461=,Dougall,1,,612=,Cristina,2
461=,Drewan,1,,612=,Danelle,2
461=,Drummond,1,,612=,Dawna,2
461=,Duan,1,,612=,Deanna,2
461=,Dugald,1,,612=,Deanne,2
461=,Eachan,1,,612=,Debby,2
461=,Eamonn,1,,612=,Dena,2
461=,Earshad,1,,612=,Dina,2
461=,Eddie,1,,612=,Dione,2
461=,Eduard,1,,612=,Dolores,2
461=,Eghosa,1,,612=,Donnamarie,2
461=,Eion,1,,612=,Dora,2
461=,Ekenedilichuku,1,,612=,Dorinda,2
461=,Elijah,1,,612=,Doris,2
461=,Eliot,1,,612=,Elain,2
461=,Ellan,1,,612=,Elaina,2
461=,Ellis,1,,612=,Elane,2
461=,Elred,1,,612=,Elissa,2
461=,Emil,1,,612=,Ena,2
461=,Emlyn,1,,612=,Ethel,2
461=,Emma,1,,612=,Faith,2
461=,Emmet,1,,612=,Freda,2
461=,Emmett,1,,612=,Geeta,2
461=,Eoghann,1,,612=,Genevieve,2
461=,Erick,1,,612=,Glenda,2
461=,Erland,1,,612=,Greer,2
461=,Erling,1,,612=,Greta,2
461=,Erol,1,,612=,Gwendoline,2
461=,Errol,1,,612=,Gwendolyn,2
461=,Eryk,1,,612=,Gwyneth,2
461=,Evan-David,1,,612=,Hailey,2
461=,Ewart,1,,612=,Hala,2
461=,Ezra,1,,612=,Haley,2
461=,Fabio,1,,612=,Hellen,2
461=,Faizal,1,,612=,Hilda,2
461=,Farhan,1,,612=,Ilona,2
461=,Farhat,1,,612=,Islay,2
461=,Faris,1,,612=,Jacqualine,2
461=,Farquhar,1,,612=,Jacquelynn,2
461=,Farrell,1,,612=,Jasmine,2
461=,Farren,1,,612=,Jeanie,2
461=,Fasol,1,,612=,Jeanine,2
461=,Felipe,1,,612=,Jeanne,2
461=,Felton,1,,612=,Jeannie,2
461=,Feroz,1,,612=,Jemma,2
461=,Filippo,1,,612=,Jeniffer,2
461=,Finlegh,1,,612=,Jenna,2
461=,Firas,1,,612=,Johann,2
461=,Fokko,1,,612=,Juliana,2
461=,Fopefolu,1,,612=,Juliane,2
461=,Ford,1,,612=,Karan,2
461=,Francisco,1,,612=,Kari,2
461=,Franco,1,,612=,Karlin,2
461=,Frederic,1,,612=,Karrie,2
461=,Fuat,1,,612=,Kathrine,2
461=,Galab,1,,612=,Keli,2
461=,Garek,1,,612=,Kendra,2
461=,Garrick,1,,612=,Kerryn,2
461=,Garrion,1,,612=,Khadine,2
461=,Garsham,1,,612=,Kirstene,2
461=,Garth,1,,612=,Kizzy,2
461=,Gaven,1,,612=,Kym,2
461=,Gee,1,,612=,Kyra,2
461=,Geno,1,,612=,Laura-Jane,2
461=,Gerardo,1,,612=,Laurna,2
461=,Gerrad,1,,612=,Leann,2
461=,Gerry,1,,612=,Leighan,2
461=,Ghsan,1,,612=,Leighanne,2
461=,Giancallo,1,,612=,Leisha,2
461=,Giancarlo,1,,612=,Letitia,2
461=,Gianmarco,1,,612=,Li,2
461=,Gianni,1,,612=,Lia,2
461=,Gianpaolo,1,,612=,Lian,2
461=,Giles,1,,612=,Liane,2
461=,Gillan,1,,612=,Lily,2
461=,Gilleathain,1,,612=,Lindi,2
461=,Gilmour,1,,612=,Llana,2
461=,Giuliano,1,,612=,Loretta,2
461=,Giulio,1,,612=,Lorette,2
461=,Glahm,1,,612=,Luan,2
461=,Glyn,1,,612=,Lubna,2
461=,Glynn,1,,612=,Lucia,2
461=,Govind,1,,612=,Lucille,2
461=,Grant-John,1,,612=,Luisa,2
461=,Grier,1,,612=,Marena,2
461=,Grieve,1,,612=,Margaret-Anne,2
461=,Grigor,1,,612=,Marianna,2
461=,Gurbarth,1,,612=,Marie-Anne,2
461=,Gurdave,1,,612=,Marie-Claire,2
461=,Gurdeed,1,,612=,Marie-Clare,2
461=,Gurpage,1,,612=,Marie-Louise,2
461=,Gurprit,1,,612=,Marielle,2
461=,Hadley,1,,612=,Marisha,2
461=,Hadrian,1,,612=,Marrianne,2
461=,Haig,1,,612=,Maura,2
461=,Haldane,1,,612=,Mellanie,2
461=,Hamaiyu,1,,612=,Melony,2
461=,Hamid,1,,612=,Naheed,2
461=,Harold,1,,612=,Natalia,2
461=,Harris,1,,612=,Neelam,2
461=,Harth,1,,612=,Nichole,2
461=,Hasan,1,,612=,Nikola,2
461=,Hassan,1,,612=,Nova,2
461=,Hau,1,,612=,Patrice,2
461=,Hazmi,1,,612=,Paul,2
461=,Heather,1,,612=,Paulene,2
461=,Hedi,1,,612=,Pearl,2
461=,Heimir,1,,612=,Raylene,2
461=,Himath,1,,612=,Reem,2
461=,Holden,1,,612=,Rita,2
461=,Holly,1,,612=,Roberta,2
461=,Homer,1,,612=,Robina,2
461=,Hrushikesh,1,,612=,Rosalie,2
461=,Huntly,1,,612=,Rosanne,2
461=,Hussam,1,,612=,Roselynn,2
461=,Huw,1,,612=,Rosena,2
461=,Ian-Ruari,1,,612=,Sadaf,2
461=,Ibrahim,1,,612=,Saira,2
461=,Ignacio,1,,612=,Sally-Anne,2
461=,Ikponmwosa,1,,612=,Salma,2
461=,Imraan,1,,612=,Sau,2
461=,Imtiaz,1,,612=,Scott,2
461=,Iqbal,1,,612=,Seonad,2
461=,Iqhlal,1,,612=,Shakeela,2
461=,Irfan,1,,612=,Shari,2
461=,Irvine,1,,612=,Sharmila,2
461=,Irwin,1,,612=,Sheenagh,2
461=,Isaac,1,,612=,Sheryn,2
461=,Ishtiaq,1,,612=,Shireen,2
461=,Islay,1,,612=,Shirley-Anne,2
461=,Jaemey,1,,612=,Shyvonne,2
461=,Jagsohan,1,,612=,Sigrid,2
461=,Jahangir,1,,612=,Sorrel,2
461=,Jake,1,,612=,Stacie,2
461=,Jan,1,,612=,Stroma,2
461=,Jan-Michael,1,,612=,Susann,2
461=,Japhet,1,,612=,Susie,2
461=,Jarrod,1,,612=,Suzanna,2
461=,Jasbir,1,,612=,Syma,2
461=,Jasper,1,,612=,Talia,2
461=,Jaswinder,1,,612=,Thea,2
461=,Javed,1,,612=,Therese,2
461=,Jawad,1,,612=,Tracie,2
461=,Jean-Pierre,1,,612=,Tracy-Anne,2
461=,Jed,1,,612=,Ursula,2
461=,Jeetender,1,,612=,Valda,2
461=,Jehramy,1,,612=,Valentina,2
461=,Jeremiah,1,,612=,Vari,2
461=,Jeromey,1,,612=,Verna,2
461=,Jerry,1,,612=,Vhari,2
461=,Jesus,1,,612=,Viki,2
461=,Jethro,1,,612=,Williamina,2
461=,Jim,1,,612=,Yasmeen,2
461=,Jimmy,1,,612=,Ying,2
461=,Jo,1,,612=,Zena,2
461=,Joey,1,,808=,Abbe,1
461=,Johan,1,,808=,Abdah,1
461=,John-Paul,1,,808=,Abeddyin,1
461=,Johnathen,1,,808=,Abha,1
461=,Johnnie,1,,808=,Abtesam,1
461=,Johnpaul,1,,808=,Adam,1
461=,Jonathen,1,,808=,Adel,1
461=,Joni,1,,808=,Adeline,1
461=,Jonni,1,,808=,Adelle,1
461=,Jonothan,1,,808=,Adesuwa,1
461=,Jordache,1,,808=,Aekta,1
461=,Jordi,1,,808=,Afaf,1
461=,Jorgen,1,,808=,Afeeya,1
461=,Jose,1,,808=,Afia,1
461=,Josh,1,,808=,Ai,1
461=,Josie,1,,808=,Aida,1
461=,Joss,1,,808=,Ailean,1
461=,Jude,1,,808=,Ailie,1
461=,Ka,1,,808=,Ailisa,1
461=,Kaldip,1,,808=,Aimie,1
461=,Kamaldip,1,,808=,Ainsleigh,1
461=,Kamraan,1,,808=,Ainslie,1
461=,Kanchan,1,,808=,Aisha,1
461=,Kane,1,,808=,Aisling,1
461=,Kanti,1,,808=,Aislinn,1
461=,Kar,1,,808=,Ajibike,1
461=,Karim,1,,808=,Alan,1
461=,Karyl,1,,808=,Alanha,1
461=,Kashif,1,,808=,Albatole,1
461=,Kasief,1,,808=,Alberdina,1
461=,Kassim,1,,808=,Alethea,1
461=,Keil,1,,808=,Alexia,1
461=,Keiran,1,,808=,Alienor,1
461=,Keiron,1,,808=,Alinea,1
461=,Keivan,1,,808=,Alinha,1
461=,Kemal,1,,808=,Alisan,1
461=,Kenliang,1,,808=,Alisha,1
461=,Kennedy,1,,808=,Alishea,1
461=,Kent,1,,808=,Alisia,1
461=,Kerran,1,,808=,Alissa,1
461=,Kerrin,1,,808=,Alix,1
461=,Khris,1,,808=,Allia,1
461=,Kieren,1,,808=,Alsuin,1
461=,Kim,1,,808=,Alveena,1
461=,Kingsley,1,,808=,Alyna,1
461=,Kinning,1,,808=,Alyssa,1
461=,Kirn,1,,808=,Alysshia,1
461=,Kiron,1,,808=,Alysson,1
461=,Kirstin,1,,808=,Amadine,1
461=,Kjeld,1,,808=,Amanda-Jane,1
461=,Kjell,1,,808=,Amandeep,1
461=,Klas,1,,808=,Amel,1
461=,Kodilichi,1,,808=,Ami,1
461=,Konrad,1,,808=,Amilisa,1
461=,Kristen,1,,808=,Amira,1
461=,Kristofer,1,,808=,Ammelies,1
461=,Kristoffar,1,,808=,Amna,1
461=,Kristoffor,1,,808=,Amrey,1
461=,Kristofor,1,,808=,Amye,1
461=,Krys,1,,808=,Ana,1
461=,Kulbinder,1,,808=,Anastasia,1
461=,Kuo,1,,808=,Andeela,1
461=,Laeland,1,,808=,Andileeb,1
461=,Laing,1,,808=,Andre,1
461=,Larry,1,,808=,Andrene,1
461=,Latif,1,,808=,Andria,1
461=,Laughlin,1,,808=,Angel,1
461=,Lea,1,,808=,Angelene,1
461=,Leighton,1,,808=,Anike,1
461=,Lemont,1,,808=,Anjali,1
461=,Leonardo,1,,808=,Ann-Katrine,1
461=,Leopoldo,1,,808=,Ann-Margret,1
461=,Leroy,1,,808=,Anna-Lisa,1
461=,Lesley,1,,808=,Anna-Marie,1
461=,Lindsey,1,,808=,Annabelle,1
461=,Linsey,1,,808=,Annalee,1
461=,Logie,1,,808=,Annalie,1
461=,Lonnie,1,,808=,Annalisa,1
461=,Loon-Bun,1,,808=,Anne-Margaret,1
461=,Lorenzo,1,,808=,Anneli,1
461=,Lorrimer-John,1,,808=,Anneliese,1
461=,Lu'ay,1,,808=,Antoinette,1
461=,Luca,1,,808=,Anya,1
461=,Lucas,1,,808=,Aqsa,1
461=,Luciano,1,,808=,Archana,1
461=,Luthais,1,,808=,Arma,1
461=,Lyle,1,,808=,Arryann,1
461=,Lyndon,1,,808=,Arti,1
461=,Maarten,1,,808=,Arvon,1
461=,Macdonald,1,,808=,Asfa,1
461=,Maclean,1,,808=,Ashia,1
461=,Mahammad,1,,808=,Ashlay,1
461=,Mahindhan,1,,808=,Asifa,1
461=,Majid,1,,808=,Asmara,1
461=,Malkiet,1,,808=,Astra,1
461=,Manjinder,1,,808=,Astrid,1
461=,Manjit,1,,808=,Athena,1
461=,Manmeet,1,,808=,Atia,1
461=,Mansoor,1,,808=,Atlanta,1
461=,Manus,1,,808=,Aubin,1
461=,Marcel,1,,808=,Ayah,1
461=,Marcello,1,,808=,Aysha,1
461=,Marcos,1,,808=,Ayshar,1
461=,Marjiwra,1,,808=,Azlin,1
461=,Marko,1,,808=,Azra,1
461=,Marrack,1,,808=,Bahanth,1
461=,Matt,1,,808=,Balbir,1
461=,Maurizio,1,,808=,Baljit,1
461=,Megat,1,,808=,Banu,1
461=,Melad,1,,808=,Barbara-Ann,1
461=,Melville,1,,808=,Becci,1
461=,Melvyn,1,,808=,Bela,1
461=,Menzies,1,,808=,Bernadine,1
461=,Merrick,1,,808=,Bernice,1
461=,Michael-Geoffre,1,,808=,Beth,1
461=,Michaeljon,1,,808=,Bethan,1
461=,Micheal,1,,808=,Bethea,1
461=,Miebaka,1,,808=,Betsy,1
461=,Miguel,1,,808=,Bettina,1
461=,Mike,1,,808=,Bibiana,1
461=,Miles,1,,808=,Billie,1
461=,Miller,1,,808=,Billie-Jean,1
461=,Min,1,,808=,Bilwendar,1
461=,Mirza,1,,808=,Blandine,1
461=,Mitchell,1,,808=,Bonita,1
461=,Mobeen,1,,808=,Boushra,1
461=,Mohiemen,1,,808=,Brandalen,1
461=,Mohsan,1,,808=,Breda,1
461=,Moloy,1,,808=,Brerah,1
461=,Muhmmad,1,,808=,Bried,1
461=,Munro,1,,808=,Brigid,1
461=,Munroe,1,,808=,Brigitte,1
461=,Murdoch,1,,808=,Britta,1
461=,Mustansir,1,,808=,Bronia,1
461=,Nader,1,,808=,Bronwen,1
461=,Nafees,1,,808=,Bruna,1
461=,Naheem,1,,808=,Bryana,1
461=,Nana,1,,808=,Bryony,1
461=,Naqshab,1,,808=,Bushra,1
461=,Narinder,1,,808=,Caisie,1
461=,Nathanael,1,,808=,Caithleen,1
461=,Nathanial,1,,808=,Calina,1
461=,Navdeep,1,,808=,Camellia,1
461=,Navtej,1,,808=,Candi,1
461=,Naweed,1,,808=,Candice,1
461=,Nazim,1,,808=,Candida,1
461=,Neale,1,,808=,Caraline,1
461=,Neel,1,,808=,Caran,1
461=,Neema,1,,808=,Careen,1
461=,Neilson,1,,808=,Carene,1
461=,Nelson,1,,808=,Carey,1
461=,Nichol,1,,808=,Caria,1
461=,Nico,1,,808=,Carin,1
461=,Nicola,1,,808=,Carissa,1
461=,Nicolaas,1,,808=,Carlane,1
461=,Niel,1,,808=,Carleen,1
461=,Nihit,1,,808=,Carlin,1
461=,Nikhil,1,,808=,Carmilla,1
461=,Nilal,1,,808=,Caron,1
461=,Noam,1,,808=,Carra-Marie,1
461=,Noble,1,,808=,Carren,1
461=,Noemaan,1,,808=,Carri,1
461=,Nolan,1,,808=,Carri-Anne,1
461=,Nur,1,,808=,Carrin,1
461=,Nyall,1,,808=,Carrol,1
461=,Olawale,1,,808=,Carys,1
461=,Olufehi,1,,808=,Casey,1
461=,Omer,1,,808=,Cassandar,1
461=,Omotola,1,,808=,Cassy,1
461=,Orr,1,,808=,Catherin,1
461=,Osborne,1,,808=,Cathlene,1
461=,Oswald,1,,808=,Cecile,1
461=,Ouse,1,,808=,Ceiran,1
461=,Owain,1,,808=,Celina,1
461=,Pardeep,1,,808=,Cesil,1
461=,Paresh,1,,808=,Ch,1
461=,Parkash,1,,808=,Chandra,1
461=,Patricia,1,,808=,Chantel,1
461=,Paul-Scott,1,,808=,Charaine,1
461=,Pavan,1,,808=,Charina,1
461=,Pearce,1,,808=,Charisse,1
461=,Per,1,,808=,Charla,1
461=,Pervaiz,1,,808=,Charlaine,1
461=,Phineas,1,,808=,Charlane,1
461=,Piero,1,,808=,Charlann,1
461=,Pieter,1,,808=,Charleen,1
461=,Ping-Tuk,1,,808=,Charles,1
461=,Porpur,1,,808=,Charlott,1
461=,Portonovo,1,,808=,Charlotta,1
461=,Prisco,1,,808=,Charron,1
461=,Purviz,1,,808=,Chelsea,1
461=,Qaseer,1,,808=,Chera,1
461=,Raegan,1,,808=,Cheralynne,1
461=,Rael,1,,808=,Cherelle,1
461=,Rahoof,1,,808=,Cherice,1
461=,Raiminder,1,,808=,Cheril,1
461=,Rajkumar,1,,808=,Cherise,1
461=,Raju,1,,808=,Cherish,1
461=,Rami,1,,808=,Cherlene,1
461=,Ramie,1,,808=,Cherri-Ann,1
461=,Ramon,1,,808=,Cherrie,1
461=,Ranald,1,,808=,Cherrisse,1
461=,Randall,1,,808=,Cheryl-Ann,1
461=,Randhir,1,,808=,Chi,1
461=,Randolph,1,,808=,Chiara,1
461=,Randy,1,,808=,Chimene,1
461=,Ranteer,1,,808=,Chin-Mun,1
461=,Raphael,1,,808=,Chirine,1
461=,Rashid,1,,808=,Chirsty-Anne,1
461=,Ravi,1,,808=,Chrisaida,1
461=,Raydon,1,,808=,Chrisanne,1
461=,Raymon,1,,808=,Chrissie,1
461=,Rayner,1,,808=,Christabel,1
461=,Razi,1,,808=,Christy,1
461=,Reegan,1,,808=,Cian,1
461=,Reginald,1,,808=,Ciara,1
461=,Remi,1,,808=,Ciaran,1
461=,Remolo,1,,808=,Claira,1
461=,Rennie,1,,808=,Clairinder,1
461=,Renny,1,,808=,Clancy,1
461=,Reshad,1,,808=,Clary,1
461=,Rex,1,,808=,Claudette,1
461=,Rezwan,1,,808=,Clementina,1
461=,Rhuaridh,1,,808=,Clementine,1
461=,Rhuorie,1,,808=,Colene,1
461=,Ricard,1,,808=,Colin,1
461=,Richmond,1,,808=,Colina,1
461=,Ricki,1,,808=,Constantia,1
461=,Rico,1,,808=,Coral,1
461=,Rik,1,,808=,Corien,1
461=,Rishi,1,,808=,Corna,1
461=,Rob,1,,808=,Corran,1
461=,Robbi,1,,808=,Correen,1
461=,Robbin,1,,808=,Corrinne,1
461=,Robert-James,1,,808=,Coryll,1
461=,Roberto,1,,808=,Courtnay,1
461=,Rocco,1,,808=,Crislynne,1
461=,Rocky,1,,808=,Crystal,1
461=,Roddie,1,,808=,Curstaidh,1
461=,Rodin,1,,808=,Dahlia,1
461=,Rogan,1,,808=,Dalia,1
461=,Rolf,1,,808=,Dalvinder,1
461=,Romano,1,,808=,Danah,1
461=,Romon,1,,808=,Danch,1
461=,Ronzit,1,,808=,Danica,1
461=,Roshen,1,,808=,Darcy,1
461=,Royce,1,,808=,Darla,1
461=,Ruairi,1,,808=,Darleen,1
461=,Ruary,1,,808=,Darnel,1
461=,Ruben,1,,808=,Darra,1
461=,Rudie,1,,808=,Darrelle,1
461=,Rudiger,1,,808=,Davette,1
461=,Rudy,1,,808=,Davidina,1
461=,Rupert,1,,808=,Davine,1
461=,Rutherford,1,,808=,Dawn-Louise,1
461=,Ryann,1,,808=,Dawn-Marie,1
461=,Sabir,1,,808=,Daye,1
461=,Sadakat,1,,808=,Dayle,1
461=,Sadat,1,,808=,Deborah-Ann,1
461=,Saduf,1,,808=,Debral,1
461=,Sai,1,,808=,Dechelle,1
461=,Sakib,1,,808=,Delia,1
461=,Saleem,1,,808=,Demaras,1
461=,Sameer,1,,808=,Demma,1
461=,Samim,1,,808=,Denelza,1
461=,Samir,1,,808=,Denese,1
461=,Samjeev,1,,808=,Denice,1
461=,Samson,1,,808=,Deonne,1
461=,Sandro,1,,808=,Deryl,1
461=,Sanio,1,,808=,Dheyah,1
461=,Sanjay,1,,808=,Dhivya,1
461=,Sanjeev,1,,808=,Diamond,1
461=,Santosh,1,,808=,Dolina,1
461=,Saqub,1,,808=,Dolla,1
461=,Sareraz,1,,808=,Don,1
461=,Sathpal,1,,808=,Dona,1
461=,Saturnino,1,,808=,Donagh,1
461=,Saul,1,,808=,Donna-Marie,1
461=,Savio,1,,808=,Dorcas,1
461=,Sawarnjit,1,,808=,Dorothea,1
461=,Sbat,1,,808=,Dorothyanne,1
461=,Scott-Alexander,1,,808=,Dorren,1
461=,Scott-William,1,,808=,Dyanne,1
461=,Seamus,1,,808=,Ebru,1
461=,Seif,1,,808=,Edwina,1
461=,Selwan,1,,808=,Effie,1
461=,Seymour,1,,808=,Eilen,1
461=,Shabir,1,,808=,Eilion,1
461=,Shaharul,1,,808=,Eily,1
461=,Shahnawaz,1,,808=,Eirlys,1
461=,Shahraz,1,,808=,Eithne,1
461=,Shahriman,1,,808=,Ekta,1
461=,Shakoor,1,,808=,Elano,1
461=,Shami,1,,808=,Eleisha,1
461=,Shannon,1,,808=,Elene,1
461=,Sharie,1,,808=,Elinore,1
461=,Shariff,1,,808=,Elis,1
461=,Shaw,1,,808=,Elisha,1
461=,Shawn,1,,808=,Elizabeth-Ann,1
461=,Shazad,1,,808=,Elizabeth-Anne,1
461=,Shean,1,,808=,Elizabeth-May,1
461=,Shehad,1,,808=,Elize,1
461=,Shehzada,1,,808=,Elki,1
461=,Shem,1,,808=,Ella,1
461=,Sheraz,1,,808=,Ellaine,1
461=,Shivas,1,,808=,Ellice,1
461=,Shokat,1,,808=,Ellise,1
461=,Sholom,1,,808=,Elma,1
461=,Shuard,1,,808=,Eloise,1
461=,Sie,1,,808=,Eluned,1
461=,Sigurd,1,,808=,Emma-Louise,1
461=,Sirfaraz,1,,808=,Emmalene,1
461=,Sirio,1,,808=,Emme,1
461=,Siu,1,,808=,Emmie,1
461=,Siva,1,,808=,Engku,1
461=,Spencer,1,,808=,Eoana,1
461=,Stefano,1,,808=,Eoghan,1
461=,Steffan,1,,808=,Erena,1
461=,Stephane-Jean,1,,808=,Esme,1
461=,Stevyn,1,,808=,Estella,1
461=,Sueb,1,,808=,Ester,1
461=,Suhail,1,,808=,Eunice,1
461=,Sukhjimder,1,,808=,Euridice,1
461=,Sukhjinder,1,,808=,Evellyn,1
461=,Suman,1,,808=,Evette,1
461=,Surat,1,,808=,Evie,1
461=,Suresh,1,,808=,Ewerendi,1
461=,Sven,1,,808=,Faie,1
461=,Syed,1,,808=,Farhana,1
461=,Symon,1,,808=,Farina,1
461=,Tadashi,1,,808=,Farra,1
461=,Tahir,1,,808=,Farya,1
461=,Tak,1,,808=,Farzana,1
461=,Talal,1,,808=,Farzanna,1
461=,Talhah,1,,808=,Farzeena,1
461=,Talib,1,,808=,Fatima,1
461=,Tallal,1,,808=,Fauzia,1
461=,Tamir,1,,808=,Fayona,1
461=,Tammas,1,,808=,Fearn,1
461=,Tamur,1,,808=,Feiona,1
461=,Tan,1,,808=,Feliciana,1
461=,Taric,1,,808=,Feonagh,1
461=,Tarig,1,,808=,Ferena,1
461=,Tarot,1,,808=,Ferga,1
461=,Tasman,1,,808=,Feryal,1
461=,Tauhid,1,,808=,Fiaza,1
461=,Taylor,1,,808=,Fiore,1
461=,Terje,1,,808=,Firzena,1
461=,Terrence,1,,808=,Fleur,1
461=,Terrie,1,,808=,Fran,1
461=,Texi,1,,808=,France-Leigh,1
461=,Thames,1,,808=,Francene,1
461=,Thomson,1,,808=,Franchesca,1
461=,Thys,1,,808=,Francina,1
461=,Tin,1,,808=,Franki,1
461=,Todd,1,,808=,Furhana,1
461=,Tomas,1,,808=,Furhat,1
461=,Tomoyeolawale-T,1,,808=,Furrah,1
461=,Trefor,1,,808=,Gabriele,1
461=,Tremayne,1,,808=,Gabrielle,1
461=,Tsing,1,,808=,Gaenor,1
461=,Tsun,1,,808=,Gaye,1
461=,Tushara,1,,808=,Gemma-Louise,1
461=,Tuyyab,1,,808=,Georgea,1
461=,Uchechukwu,1,,808=,Georgette,1
461=,Uchenna,1,,808=,Georgiana,1
461=,Ujah,1,,808=,Georgie,1
461=,Ukemeobong,1,,808=,Gerd,1
461=,Ulysses,1,,808=,Gheila,1
461=,Valentine,1,,808=,Ghislaine,1
461=,Valentino,1,,808=,Gia,1
461=,Varpal,1,,808=,Gianna,1
461=,Vasilios,1,,808=,Gilan,1
461=,Vaughan,1,,808=,Gilean,1
461=,Vaughn,1,,808=,Gill,1
461=,Vern,1,,808=,Gillean,1
461=,Verun,1,,808=,Gilraen,1
461=,Vikram,1,,808=,Gioia,1
461=,Vikrant,1,,808=,Giulia,1
461=,Vincenzo,1,,808=,Glynis,1
461=,Vinod,1,,808=,Gracenna,1
461=,Virgilio,1,,808=,Graeme,1
461=,Vito,1,,808=,Gudrun,1
461=,Volmer,1,,808=,Guilia,1
461=,Wakkas,1,,808=,Gurjit,1
461=,Waleed,1,,808=,Gurmeat,1
461=,Walker,1,,808=,Gurmeet,1
461=,Wan,1,,808=,Gwenda,1
461=,Warne,1,,808=,Gwenhwyvar,1
461=,Waseem,1,,808=,Halema,1
461=,Wathik,1,,808=,Halina,1
461=,Webster,1,,808=,Hanusha,1
461=,Wildon,1,,808=,Har,1
461=,Willie,1,,808=,Harjeet,1
461=,Willis,1,,808=,Harvinder,1
461=,Windsor,1,,808=,Hawwa,1
461=,Yan-Erik,1,,808=,Hazelann,1
461=,Yann,1,,808=,Heather-Louise,1
461=,Yat,1,,808=,Heathr,1
461=,Yeut,1,,808=,Helane,1
461=,Yorick,1,,808=,Helenor,1
461=,Yoseph,1,,808=,Henrietta,1
461=,Youssef,1,,808=,Henrika,1
461=,Yun-Kai,1,,808=,Hidemi,1
461=,Yusof,1,,808=,Hili,1
461=,Yusuf,1,,808=,Hina,1
461=,Yuval,1,,808=,Holland,1
461=,Zackery,1,,808=,Hsiao-Shan,1
461=,Zain,1,,808=,Huda,1
461=,Zakir,1,,808=,Huguelin,1
461=,Zarathustra,1,,808=,Huny,1
461=,Zia,1,,808=,Ian,1
461=,Zowie,1,,808=,Idalene,1
461=,Zubeir,1,,808=,Iffat,1
,,,,808=,Ileana,1
,,,,808=,Ilena,1
,,,,808=,Illesha,1
,,,,808=,Iman,1
,,,,808=,Inca,1
,,,,808=,Inga,1
,,,,808=,Insha,1
,,,,808=,Intan,1
,,,,808=,Iram,1
,,,,808=,Irina,1
,,,,808=,Irinis,1
,,,,808=,Irme,1
,,,,808=,Isabell,1
,,,,808=,Isobell,1
,,,,808=,Isoken,1
,,,,808=,Ivy,1
,,,,808=,Ixchel,1
,,,,808=,Jacinta,1
,,,,808=,Jacintha,1
,,,,808=,Jackelene,1
,,,,808=,Jacklyn,1
,,,,808=,Jacklyne,1
,,,,808=,Jacolin,1
,,,,808=,Jacolyn,1
,,,,808=,Jacque,1
,,,,808=,Jacquelene,1
,,,,808=,Jacqueline-Ann,1
,,,,808=,Jacquelynne,1
,,,,808=,Jacquie,1
,,,,808=,Jadine,1
,,,,808=,Jaimi,1
,,,,808=,Jakki,1
,,,,808=,Jameela,1
,,,,808=,Janannie,1
,,,,808=,Jane-Ann,1
,,,,808=,Janelle,1
,,,,808=,Janki,1
,,,,808=,Janna,1
,,,,808=,Jannie,1
,,,,808=,January,1
,,,,808=,Jaqualine,1
,,,,808=,Jaqueline,1
,,,,808=,Jashbir,1
,,,,808=,Jasminara,1
,,,,808=,Jaspal,1
,,,,808=,Javre,1
,,,,808=,Jay,1
,,,,808=,Jayclyn,1
,,,,808=,Jaye,1
,,,,808=,Jaymie,1
,,,,808=,Jeanne-Marie,1
,,,,808=,Jeannine,1
,,,,808=,Jeannot,1
,,,,808=,Jeewan,1
,,,,808=,Jemima,1
,,,,808=,Jenia,1
,,,,808=,Jennia,1
,,,,808=,Jennifer-Ann,1
,,,,808=,Jenniffer,1
,,,,808=,Jer,1
,,,,808=,Jess,1
,,,,808=,Jindar,1
,,,,808=,Jinette,1
,,,,808=,Jo,1
,,,,808=,Joaane,1
,,,,808=,Joanita,1
,,,,808=,Jocylin,1
,,,,808=,Jodie-Ann,1
,,,,808=,Joelene,1
,,,,808=,Joelle,1
,,,,808=,Johan,1
,,,,808=,Johane,1
,,,,808=,Johnina,1
,,,,808=,Johnna,1
,,,,808=,Joleen,1
,,,,808=,Joline,1
,,,,808=,Jolinne,1
,,,,808=,Jolisa,1
,,,,808=,Joni,1
,,,,808=,Joran,1
,,,,808=,Joscelin,1
,,,,808=,Josefine,1
,,,,808=,Joseph,1
,,,,808=,Joysceal,1
,,,,808=,Juanita,1
,,,,808=,Julie-Claire,1
,,,,808=,July,1
,,,,808=,Ka,1
,,,,808=,Kahlua,1
,,,,808=,Kaira,1
,,,,808=,Kalaiarasi,1
,,,,808=,Kalitza,1
,,,,808=,Kam,1
,,,,808=,Kar,1
,,,,808=,Karalyn,1
,,,,808=,Karanne,1
,,,,808=,Karena,1
,,,,808=,Karene,1
,,,,808=,Karianne,1
,,,,808=,Karima,1
,,,,808=,Karina,1
,,,,808=,Karis,1
,,,,808=,Karla,1
,,,,808=,Karleen,1
,,,,808=,Karolynne,1
,,,,808=,Karrah,1
,,,,808=,Karren,1
,,,,808=,Kary,1
,,,,808=,Karys,1
,,,,808=,Katey,1
,,,,808=,Katharina,1
,,,,808=,Katheryn,1
,,,,808=,Kathleen-Anne,1
,,,,808=,Kathlyn,1
,,,,808=,Kathrin,1
,,,,808=,Kati,1
,,,,808=,Katrena,1
,,,,808=,Katryn,1
,,,,808=,Kawize,1
,,,,808=,Kayley,1
,,,,808=,Kayrinne,1
,,,,808=,Kazimiera,1
,,,,808=,Keira,1
,,,,808=,Kellie-Ann,1
,,,,808=,Kelly-Jayne,1
,,,,808=,Kelly-Jo,1
,,,,808=,Kelly-Marie,1
,,,,808=,Ken,1
,,,,808=,Kenda,1
,,,,808=,Kendal,1
,,,,808=,Kendall,1
,,,,808=,Keren,1
,,,,808=,Keri-Ann,1
,,,,808=,Keri-Marie,1
,,,,808=,Kerina,1
,,,,808=,Kerisa,1
,,,,808=,Kerrie-Ellen,1
,,,,808=,Kerrieanne,1
,,,,808=,Kerryann,1
,,,,808=,Kerryanne,1
,,,,808=,Keziah,1
,,,,808=,Khanom,1
,,,,808=,Khazaimatol,1
,,,,808=,Ki,1
,,,,808=,Kiaran,1
,,,,808=,Kiera,1
,,,,808=,Kira,1
,,,,808=,Kiran,1
,,,,808=,Kirntosh,1
,,,,808=,Kirsi,1
,,,,808=,Kirstan,1
,,,,808=,Kirstyann,1
,,,,808=,Kirstyn,1
,,,,808=,Klair,1
,,,,808=,Klare,1
,,,,808=,Klayre,1
,,,,808=,Kobie,1
,,,,808=,Korena,1
,,,,808=,Korenza,1
,,,,808=,Korina,1
,,,,808=,Kossar,1
,,,,808=,Krissy,1
,,,,808=,Kristeen,1
,,,,808=,Kristi,1
,,,,808=,Kristin,1
,,,,808=,Krystyna,1
,,,,808=,Kufena,1
,,,,808=,Kylah,1
,,,,808=,Kymm,1
,,,,808=,Kyrene,1
,,,,808=,Lacey,1
,,,,808=,Laela,1
,,,,808=,Lai,1
,,,,808=,Laine,1
,,,,808=,Lama,1
,,,,808=,Laragh,1
,,,,808=,Laraine,1
,,,,808=,Latisha,1
,,,,808=,Laurain,1
,,,,808=,Laurayne,1
,,,,808=,Laureen,1
,,,,808=,Laurel,1
,,,,808=,Laurence,1
,,,,808=,Laurene,1
,,,,808=,Lauretta,1
,,,,808=,Laurew,1
,,,,808=,Laureyn,1
,,,,808=,Laurieann,1
,,,,808=,Lauris,1
,,,,808=,Lawrena,1
,,,,808=,Lay,1
,,,,808=,Lea-Ina,1
,,,,808=,Leah-Ann,1
,,,,808=,Leahanne,1
,,,,808=,Leanna,1
,,,,808=,Leasa,1
,,,,808=,Leat,1
,,,,808=,Lee-Ellen,1
,,,,808=,Leea,1
,,,,808=,Leean,1
,,,,808=,Leeanneda,1
,,,,808=,Leeona,1
,,,,808=,Leesha,1
,,,,808=,Leianna,1
,,,,808=,Leigh-An,1
,,,,808=,Leighanna,1
,,,,808=,Lenore,1
,,,,808=,Leone,1
,,,,808=,Leoni,1
,,,,808=,Leonie,1
,,,,808=,Leonna,1
,,,,808=,Leonora,1
,,,,808=,Lesa,1
,,,,808=,Lesbeth,1
,,,,808=,Lesleyann,1
,,,,808=,Leslieann,1
,,,,808=,Lhamo,1
,,,,808=,Liah,1
,,,,808=,Lianda,1
,,,,808=,Libertad,1
,,,,808=,Liela,1
,,,,808=,Liesa,1
,,,,808=,Ligeia,1
,,,,808=,Liisa,1
,,,,808=,Lilian,1
,,,,808=,Lillianne,1
,,,,808=,Lin,1
,,,,808=,Linette,1
,,,,808=,Linn,1
,,,,808=,Linoy,1
,,,,808=,Linsie,1
,,,,808=,Linuscha,1
,,,,808=,Linzie,1
,,,,808=,Linzy,1
,,,,808=,Lisa-Jane,1
,,,,808=,Lisa-Marie,1
,,,,808=,Lisanne,1
,,,,808=,Lisbeth,1
,,,,808=,Liu,1
,,,,808=,Liv,1
,,,,808=,Lora,1
,,,,808=,Lorain,1
,,,,808=,Lorana,1
,,,,808=,Lorien,1
,,,,808=,Lorin,1
,,,,808=,Lorinne,1
,,,,808=,Lorna-Jean,1
,,,,808=,Lorra,1
,,,,808=,Lorrainne,1
,,,,808=,Lotus,1
,,,,808=,Louise-Marie,1
,,,,808=,Luana,1
,,,,808=,Luanna,1
,,,,808=,Lucienne,1
,,,,808=,Lucilla,1
,,,,808=,Lucy-Ann,1
,,,,808=,Lunar,1
,,,,808=,Lunsey,1
,,,,808=,Lux,1
,,,,808=,Lyana,1
,,,,808=,Lyann,1
,,,,808=,Lyndi,1
,,,,808=,Lyndie,1
,,,,808=,Lyndsey-Anne,1
,,,,808=,Lyndsy,1
,,,,808=,Lyndzi,1
,,,,808=,Lyne,1
,,,,808=,Lynn-Ann,1
,,,,808=,Lynnsey,1
,,,,808=,Lynsay-Anne,1
,,,,808=,Lynsie,1
,,,,808=,Lynzi,1
,,,,808=,Maame,1
,,,,808=,Maanaa,1
,,,,808=,Mabel,1
,,,,808=,Madalene,1
,,,,808=,Madelaine,1
,,,,808=,Madelene,1
,,,,808=,Mafaz,1
,,,,808=,Magdalana,1
,,,,808=,Magdalen,1
,,,,808=,Magdalene,1
,,,,808=,Magdolene,1
,,,,808=,Mahnaz,1
,,,,808=,Mahri,1
,,,,808=,Maili,1
,,,,808=,Mairi-Anne,1
,,,,808=,Mairianne,1
,,,,808=,Maja,1
,,,,808=,Makalla,1
,,,,808=,Malika,1
,,,,808=,Mamie,1
,,,,808=,Man,1
,,,,808=,Mana,1
,,,,808=,Mandy-Jane,1
,,,,808=,Maninder,1
,,,,808=,Manjit,1
,,,,808=,Manoy,1
,,,,808=,Manuela,1
,,,,808=,Mara,1
,,,,808=,Maranda,1
,,,,808=,Mararet-Ann,1
,,,,808=,Marcell,1
,,,,808=,Marcella,1
,,,,808=,Marcelle,1
,,,,808=,Marel,1
,,,,808=,Marelle,1
,,,,808=,Maresa,1
,,,,808=,Marese,1
,,,,808=,Margaret-Ann,1
,,,,808=,Margaret-Clare,1
,,,,808=,Margaret-Louise,1
,,,,808=,Margarette,1
,,,,808=,Margarite,1
,,,,808=,Margot,1
,,,,808=,Marguerite,1
,,,,808=,Mari-Louise,1
,,,,808=,Mariam,1
,,,,808=,Mariana,1
,,,,808=,Mariangela,1
,,,,808=,Mariann,1
,,,,808=,Maricia,1
,,,,808=,Marie-Therese,1
,,,,808=,Marijke,1
,,,,808=,Marilena,1
,,,,808=,Marium,1
,,,,808=,Mark,1
,,,,808=,Marleen,1
,,,,808=,Marlowe,1
,,,,808=,Marni,1
,,,,808=,Marrian,1
,,,,808=,Marriann,1
,,,,808=,Marrisha,1
,,,,808=,Martha-Anne,1
,,,,808=,Martie,1
,,,,808=,Martinique,1
,,,,808=,Martinne,1
,,,,808=,Mary-Ann,1
,,,,808=,Mary-Anne,1
,,,,808=,Mary-Jane,1
,,,,808=,Mary-Kate,1
,,,,808=,Maryam,1
,,,,808=,Maryanne,1
,,,,808=,Maryellen,1
,,,,808=,Marylee,1
,,,,808=,Marysia,1
,,,,808=,Masarat,1
,,,,808=,Mashfuka,1
,,,,808=,Matilda,1
,,,,808=,Mawya,1
,,,,808=,Maya,1
,,,,808=,Mayva,1
,,,,808=,Mclenie,1
,,,,808=,Mechele,1
,,,,808=,Mechell,1
,,,,808=,Mechelle,1
,,,,808=,Meggan,1
,,,,808=,Meike,1
,,,,808=,Melannie,1
,,,,808=,Meldrum,1
,,,,808=,Melena,1
,,,,808=,Melike,1
,,,,808=,Melina,1
,,,,808=,Melisa,1
,,,,808=,Mellany,1
,,,,808=,Mellisa,1
,,,,808=,Mellissa,1
,,,,808=,Mercedes,1
,,,,808=,Mercie,1
,,,,808=,Meredith,1
,,,,808=,Merewyn,1
,,,,808=,Meriel,1
,,,,808=,Mesaola,1
,,,,808=,Mhari-Claire,1
,,,,808=,Mhorag,1
,,,,808=,Mhoraig,1
,,,,808=,Miata,1
,,,,808=,Michell,1
,,,,808=,Mie,1
,,,,808=,Mikaela,1
,,,,808=,Mili,1
,,,,808=,Minah,1
,,,,808=,Minna,1
,,,,808=,Miracle,1
,,,,808=,Miranda-Jane,1
,,,,808=,Mirelle,1
,,,,808=,Mirren,1
,,,,808=,Misba,1
,,,,808=,Mischa,1
,,,,808=,Mohsiha,1
,,,,808=,Moira-Ann,1
,,,,808=,Molly,1
,,,,808=,Mon,1
,,,,808=,Mona,1
,,,,808=,Monika,1
,,,,808=,Monise,1
,,,,808=,Moragh,1
,,,,808=,Moreen,1
,,,,808=,Morena,1
,,,,808=,Morgane,1
,,,,808=,Morwenna,1
,,,,808=,Mounaa,1
,,,,808=,Moya,1
,,,,808=,Moya-Louise,1
,,,,808=,Moyra,1
,,,,808=,Muireall,1
,,,,808=,Mumtaz,1
,,,,808=,Muryum,1
,,,,808=,Mylene,1
,,,,808=,Myrene,1
,,,,808=,Naadein,1
,,,,808=,Nadelena,1
,,,,808=,Nadene,1
,,,,808=,Nadiena,1
,,,,808=,Nadiya,1
,,,,808=,Naela,1
,,,,808=,Naema,1
,,,,808=,Nahid,1
,,,,808=,Naidine,1
,,,,808=,Nan,1
,,,,808=,Nara,1
,,,,808=,Nareen,1
,,,,808=,Nareena,1
,,,,808=,Nasreen,1
,,,,808=,Nassima,1
,,,,808=,Natalee,1
,,,,808=,Natashia,1
,,,,808=,Nathalie,1
,,,,808=,Nathsha,1
,,,,808=,Naureen,1
,,,,808=,Naveeda,1
,,,,808=,Navjit,1
,,,,808=,Naz,1
,,,,808=,Nazish,1
,,,,808=,Nazliawati,1
,,,,808=,Nazlin,1
,,,,808=,Neelum,1
,,,,808=,Negin,1
,,,,808=,Neilian,1
,,,,808=,Nejuma,1
,,,,808=,Nell,1
,,,,808=,Nellieann,1
,,,,808=,Nerys,1
,,,,808=,Nevien,1
,,,,808=,Niccola,1
,,,,808=,Nichele,1
,,,,808=,Nichol,1
,,,,808=,Nickeata,1
,,,,808=,Nicki,1
,,,,808=,Nicol,1
,,,,808=,Nicola-Anne,1
,,,,808=,Nicola-Jane,1
,,,,808=,Nicolla,1
,,,,808=,Nihala,1
,,,,808=,Niki,1
,,,,808=,Nikkola,1
,,,,808=,Nilani,1
,,,,808=,Nilanthi,1
,,,,808=,Niona,1
,,,,808=,Nisha,1
,,,,808=,Nkechi,1
,,,,808=,Noeleen,1
,,,,808=,Noha,1
,,,,808=,Noleen,1
,,,,808=,Nolene,1
,,,,808=,Noorassihah,1
,,,,808=,Nora,1
,,,,808=,Norah,1
,,,,808=,Norna,1
,,,,808=,Nosheen,1
,,,,808=,Noshneen,1
,,,,808=,Novara,1
,,,,808=,Nuala,1
,,,,808=,Nusrat,1
,,,,808=,Ogoghukwu,1
,,,,808=,Olga,1
,,,,808=,Oluwaseun,1
,,,,808=,Omima,1
,,,,808=,Omita,1
,,,,808=,Ona,1
,,,,808=,Oonagh,1
,,,,808=,Oriana,1
,,,,808=,Oriane,1
,,,,808=,Orla,1
,,,,808=,Osla,1
,,,,808=,Pamella,1
,,,,808=,Parajkevi,1
,,,,808=,Parminder,1
,,,,808=,Parveen,1
,,,,808=,Parvinder,1
,,,,808=,Parvindera,1
,,,,808=,Pascale,1
,,,,808=,Patricia-Anne,1
,,,,808=,Patsy,1
,,,,808=,Pei,1
,,,,808=,Perri,1
,,,,808=,Perween,1
,,,,808=,Petrina,1
,,,,808=,Phillida,1
,,,,808=,Phillippa,1
,,,,808=,Pia,1
,,,,808=,Pietrina,1
,,,,808=,Pippa,1
,,,,808=,Pirsharon,1
,,,,808=,Polly,1
,,,,808=,Poonam,1
,,,,808=,Prima,1
,,,,808=,Pritipal,1
,,,,808=,Priyanka,1
,,,,808=,Puja,1
,,,,808=,Purwinder,1
,,,,808=,Rabina,1
,,,,808=,Rachael-Jane,1
,,,,808=,Rachaela,1
,,,,808=,Rachel-Jane,1
,,,,808=,Rachel-Sarah,1
,,,,808=,Radha,1
,,,,808=,Raelene,1
,,,,808=,Rahma,1
,,,,808=,Rajkamal,1
,,,,808=,Rajshree,1
,,,,808=,Rakiya,1
,,,,808=,Ramona,1
,,,,808=,Rani,1
,,,,808=,Rania,1
,,,,808=,Raquel,1
,,,,808=,Rasha,1
,,,,808=,Rashda,1
,,,,808=,Razwana,1
,,,,808=,Refiet,1
,,,,808=,Reina,1
,,,,808=,Remy,1
,,,,808=,Rhea,1
,,,,808=,Rhian,1
,,,,808=,Rhona-Margaret,1
,,,,808=,Rhonda-Jane,1
,,,,808=,Rhondda,1
,,,,808=,Rianna,1
,,,,808=,Risha,1
,,,,808=,Ritu,1
,,,,808=,Rizwana,1
,,,,808=,Robyne,1
,,,,808=,Rocha,1
,,,,808=,Rohan,1
,,,,808=,Rohanna,1
,,,,808=,Roma,1
,,,,808=,Romana,1
,,,,808=,Romi,1
,,,,808=,Rosa,1
,,,,808=,Rosaline,1
,,,,808=,Rosamond,1
,,,,808=,Rosanna,1
,,,,808=,Rose-Ann,1
,,,,808=,Rose-Marie,1
,,,,808=,Rosealine,1
,,,,808=,Roses,1
,,,,808=,Rosheen,1
,,,,808=,Rosie,1
,,,,808=,Roslin,1
,,,,808=,Roslind,1
,,,,808=,Roslynn,1
,,,,808=,Rowen,1
,,,,808=,Rowenna,1
,,,,808=,Roz,1
,,,,808=,Rozina,1
,,,,808=,Rozlyn,1
,,,,808=,Ruaa,1
,,,,808=,Rubana,1
,,,,808=,Rubyna,1
,,,,808=,Ruma,1
,,,,808=,Rumilah,1
,,,,808=,Runyararo,1
,,,,808=,Saadia,1
,,,,808=,Sabahet,1
,,,,808=,Sabba,1
,,,,808=,Sabia,1
,,,,808=,Sabine,1
,,,,808=,Sabira,1
,,,,808=,Sachie,1
,,,,808=,Saddaf,1
,,,,808=,Sadiya,1
,,,,808=,Saema,1
,,,,808=,Safa,1
,,,,808=,Sahra,1
,,,,808=,Sahrah,1
,,,,808=,Saimah,1
,,,,808=,Saiman,1
,,,,808=,Sakina,1
,,,,808=,Salena,1
,,,,808=,Salizah,1
,,,,808=,Salizan,1
,,,,808=,Sallwa,1
,,,,808=,Salmin,1
,,,,808=,Samara,1
,,,,808=,Samina,1
,,,,808=,Samiya,1
,,,,808=,Sanantha,1
,,,,808=,Sancha,1
,,,,808=,Sandhya,1
,,,,808=,Sandi,1
,,,,808=,Sandie-Anne,1
,,,,808=,Sandie-Jane,1
,,,,808=,Sansha,1
,,,,808=,Sarah-Ann,1
,,,,808=,Sarah-Gail,1
,,,,808=,Sarah-Jayne,1
,,,,808=,Sarah-Louise,1
,,,,808=,Sarahanne,1
,,,,808=,Sarahjane,1
,,,,808=,Saraid,1
,,,,808=,Sareena,1
,,,,808=,Sarena,1
,,,,808=,Sarra,1
,,,,808=,Sarrah,1
,,,,808=,Sarroll,1
,,,,808=,Sarzana,1
,,,,808=,Satinder,1
,,,,808=,Satveer,1
,,,,808=,Satvir,1
,,,,808=,Savita,1
,,,,808=,Sayaka,1
,,,,808=,Seema,1
,,,,808=,Selena,1
,,,,808=,Selma,1
,,,,808=,Semina,1
,,,,808=,Semira,1
,,,,808=,Semone,1
,,,,808=,Seona,1
,,,,808=,Sereena,1
,,,,808=,Serina,1
,,,,808=,Serrena,1
,,,,808=,Sevgi,1
,,,,808=,Shabna,1
,,,,808=,Shabnim,1
,,,,808=,Shabnum,1
,,,,808=,Shaghufta,1
,,,,808=,Shahannah,1
,,,,808=,Shahida,1
,,,,808=,Shahina,1
,,,,808=,Shakuntla,1
,,,,808=,Shaleen,1
,,,,808=,Shalena,1
,,,,808=,Shallon,1
,,,,808=,Shalon,1
,,,,808=,Shama,1
,,,,808=,Shamayla,1
,,,,808=,Shamlee,1
,,,,808=,Shana,1
,,,,808=,Shanaz,1
,,,,808=,Shane,1
,,,,808=,Shaney,1
,,,,808=,Shani,1
,,,,808=,Shanie,1
,,,,808=,Shanna,1
,,,,808=,Shannan,1
,,,,808=,Shanti,1
,,,,808=,Sharee,1
,,,,808=,Shareen,1
,,,,808=,Sharelle,1
,,,,808=,Sharen,1
,,,,808=,Sharis,1
,,,,808=,Sharlee,1
,,,,808=,Sharlie,1
,,,,808=,Sharline,1
,,,,808=,Sharman,1
,,,,808=,Sharmin,1
,,,,808=,Sharne,1
,,,,808=,Sharon-Leigh,1
,,,,808=,Sharon-Louise,1
,,,,808=,Shaunna,1
,,,,808=,Shawna,1
,,,,808=,Shawnee,1
,,,,808=,She,1
,,,,808=,Sheana,1
,,,,808=,Sheban,1
,,,,808=,Sheelagh,1
,,,,808=,Sheilah,1
,,,,808=,Sheilian,1
,,,,808=,Shelby,1
,,,,808=,Shenaz,1
,,,,808=,Shereen,1
,,,,808=,Sheri,1
,,,,808=,Sherie,1
,,,,808=,Sherlene,1
,,,,808=,Sherlenne,1
,,,,808=,Sherri,1
,,,,808=,Sherrill,1
,,,,808=,Sherrin,1
,,,,808=,Sheryll,1
,,,,808=,Shezadi,1
,,,,808=,Shinead,1
,,,,808=,Shiobhan,1
,,,,808=,Shirelle,1
,,,,808=,Shirlene,1
,,,,808=,Shonna,1
,,,,808=,Shymla,1
,,,,808=,Shyrleen,1
,,,,808=,Sile,1
,,,,808=,Simeone,1
,,,,808=,Simitie,1
,,,,808=,Simon,1
,,,,808=,Simona,1
,,,,808=,Sinade,1
,,,,808=,Sindy,1
,,,,808=,Siobhann,1
,,,,808=,Siona,1
,,,,808=,Sitara,1
,,,,808=,Sky,1
,,,,808=,Smera,1
,,,,808=,Sneh,1
,,,,808=,Sobia,1
,,,,808=,Sobrina,1
,,,,808=,Soha,1
,,,,808=,Solange,1
,,,,808=,Soley,1
,,,,808=,Somar,1
,,,,808=,Sorcha,1
,,,,808=,Stefania,1
,,,,808=,Suann,1
,,,,808=,Suba,1
,,,,808=,Sue,1
,,,,808=,Sui,1
,,,,808=,Suilven,1
,,,,808=,Sulafa,1
,,,,808=,Sumarah,1
,,,,808=,Sunita,1
,,,,808=,Sunnifa,1
,,,,808=,Sunniva,1
,,,,808=,Sura,1
,,,,808=,Surann,1
,,,,808=,Susal,1
,,,,808=,Sushila,1
,,,,808=,Susi,1
,,,,808=,Suvina,1
,,,,808=,Suzann,1
,,,,808=,Suzi,1
,,,,808=,Suzie,1
,,,,808=,Sybil,1
,,,,808=,Sylvy,1
,,,,808=,Syndey,1
,,,,808=,Tahera,1
,,,,808=,Tahseen,1
,,,,808=,Tali,1
,,,,808=,Tami,1
,,,,808=,Tamilyn,1
,,,,808=,Tammalynn,1
,,,,808=,Tammie-Lee,1
,,,,808=,Tamsin,1
,,,,808=,Tamsyn,1
,,,,808=,Tamzin,1
,,,,808=,Tania,1
,,,,808=,Tanith,1
,,,,808=,Tara-Jane,1
,,,,808=,Tara-Suzanne,1
,,,,808=,Tarin,1
,,,,808=,Tarra,1
,,,,808=,Tarralee,1
,,,,808=,Taye,1
,,,,808=,Tayibah,1
,,,,808=,Tearlach,1
,,,,808=,Tehseen,1
,,,,808=,Telea,1
,,,,808=,Tena,1
,,,,808=,Tendai,1
,,,,808=,Terene,1
,,,,808=,Teshmim,1
,,,,808=,Thahira,1
,,,,808=,Thomasina,1
,,,,808=,Tiana,1
,,,,808=,Tiffany,1
,,,,808=,Tiffiny,1
,,,,808=,Tina-Ray,1
,,,,808=,Tolayo,1
,,,,808=,Toyon,1
,,,,808=,Tracey-Anne,1
,,,,808=,Tracey-Louise,1
,,,,808=,Tracy-Ann,1
,,,,808=,Tricia,1
,,,,808=,Trinidad,1
,,,,808=,Trisha,1
,,,,808=,Tsui,1
,,,,808=,Tsumi,1
,,,,808=,Tusleam,1
,,,,808=,Umme,1
,,,,808=,Vadna,1
,,,,808=,Vaila,1
,,,,808=,Vanda,1
,,,,808=,Vanya,1
,,,,808=,Varie,1
,,,,808=,Vashti,1
,,,,808=,Velda,1
,,,,808=,Verne,1
,,,,808=,Veronique,1
,,,,808=,Vesna,1
,,,,808=,Vidette,1
,,,,808=,Vidya,1
,,,,808=,Viktoria,1
,,,,808=,Vindeya,1
,,,,808=,Virna,1
,,,,808=,Vivianne,1
,,,,808=,Waheeda,1
,,,,808=,Wasima,1
,,,,808=,Wei,1
,,,,808=,Wen,1
,,,,808=,Wylan,1
,,,,808=,Wyman,1
,,,,808=,Xanthe,1
,,,,808=,Yannina,1
,,,,808=,Yat,1
,,,,808=,Yee,1
,,,,808=,Yonas,1
,,,,808=,York,1
,,,,808=,Yuk,1
,,,,808=,Yuvonne,1
,,,,808=,Zahida,1
,,,,808=,Zainab,1
,,,,808=,Zanna,1
,,,,808=,Zara-Anne,1
,,,,808=,Zarlene,1
,,,,808=,Zelda,1
,,,,808=,Zenib,1
,,,,808=,Zia,1
,,,,808=,Zibya,1
,,,,808=,Zohia,1
,,,,808=,Zoie,1
,,,,808=,Zorina,1
,,,,808=,Zosia,1
,,,,808=,Zuleika,1
,,,,808=,Zuraida,1
,,,,,,
� Crown Copyright 2015,,,,,,
