1,A.
163,Aaron
1,Aasim
1,Abayomi
1,Abdalla
1,Abdallah
2,Abdul
1,Abdulbari
2,Abdullah
3,Abdulrahman
1,Abdulrhman
1,Abdurazak
1,Abel
1,Abhayjeet
1,Abhinav
1,Abhishek
6,Abraham
1,Abrahim
3,Abram
1,Ace
221,Adam
1,Addison
1,Addlore
1,Adedamola
2,Adeel
1,Adel
1,Aden
3,Adil
1,Adnaan
1,Adonia
1,Adrean
38,Adrian
1,Adriano
1,Adriel
3,Adrien
1,Aedan
1,Afif
1,Afolabi
1,Afton
1,Afzal
1,Ahmad
10,Ahmed
7,Aidan
2,Aiden
1,Aime
1,Ainsley
1,Ajay
1,Ajit
1,Akash
1,Akeem
5,Alain
23,Alan
1,Alancin
1,Alan-Michael
1,Alannis
18,Albert
1,Alberto
1,Alden
1,Aldon
7,Alec
1,Aleksander
2,Alessandro
36,Alex
1,Alexandar
193,Alexander
2,Alexandre
1,Alexi
3,Alexis
1,Alexzander
1,Alfonso
4,Alfred
1,Alfredo
15,Ali
1,Alias
1,Alick
2,Alim
1,Alisdair
3,Alistair
1,Allaine
23,Allan
11,Allen
1,Allen-Kai
1,Allison
1,Allister
1,Almerick
1,Alvaro
5,Alvin
1,Alwood
1,Aly
1,Alykhan
1,Alyn
1,Aman
1,Amancio
5,Amandeep
1,Amarpreet
1,Ambrose
1,Ameer
1,Amelio
3,Amin
1,Aminder
3,Amir
2,Amit
1,Ammar
4,Ammon
1,Amoldeep
1,Amory
1,Amos
1,Amrit
1,Amro
2,Anas
1,Anastacio
3,Anders
1,Anderson
12,Andre
1,Andreas
1,Andre-Michel
2,Andres
1,Andreus
322,Andrew
1,Andrey
11,Andy
1,Angad
3,Angelo
2,Angus
1,Anil
1,Anis
1,Anit
1,Anmol
1,Ansley
1,Anson
110,Anthony
1,Anthony-Curtis
1,Anto
1,Antoine
3,Anton
4,Antonio
3,Antony
1,Anuraag
1,Anuvir
1,Aram
1,Archie
1,Arek
1,Arick
3,Arie
1,Ariel
1,Aris
1,Arjun
2,Arlen
2,Arlo
1,Armand
1,Armando
1,Armin
1,Arnie
1,Arnold
3,Aron
1,Arrol
1,Arron
1,Arshaan
6,Arthur
2,Arvind
1,Arwin
3,Ashley
1,Ashlin
1,Ashneil
1,Ashniel
1,Ashraf
1,Ashraff
17,Ashton
1,Asik
1,Astin
1,Atilla
1,Attekra
5,Aubrey
1,Audencio
1,Augustus
1,Aundene
2,Austen
41,Austin
2,Avery
1,Avrian
1,Avtar
1,Axel
1,Axil
1,Axl
1,Aylan
1,Ayoub
1,Azaad
1,Azan
1,Azfar
1,Azim
1,Azisclo
2,Ba
20,Baby
1,Bahader
1,Bahram
3,Bailey
1,Baldwin
1,Baljit
1,Balpartap
1,Barclay
3,Barret
4,Barrett
9,Barry
1,Bartholomew
1,Bartley
1,Barton
1,Bartosz
1,Bazel
6,Beau
1,Behn
5,Belal
1,Belisarius
6,Ben
1,Bence
1,Benford
2,Benito
1,Benjamen
147,Benjamin
1,Benjimen
1,Benn
1,Bennet
2,Bennett
1,Benno
1,Benny
1,Benoit
2,Benson
3,Bernard
1,Bernardo
3,Bernhard
1,Bernis
1,Bertie
4,Bevan
1,Bevin
1,Bevis
1,Bhavnish
1,Bhawanjot
1,Bikramjit
4,Bilal
1,Bill
2,Billie
2,Billy
1,Bishop
1,Bjorn
4,Blade
26,Blaine
22,Blair
2,Blaire
23,Blake
1,Blakeney
3,Blayne
1,Blayze
1,Blaze
4,Bo
1,Boaz
1,Bobbi
7,Bobby
1,Bobby-Lee
1,Boe
1,Boris
1,Bo-Ty
2,Bowen
2,Boyd
3,Brad
1,Bradan
31,Braden
1,Bradford
1,Bradlee
139,Bradley
4,Bradly
3,Bradon
18,Brady
2,Bradyn
3,Braedan
7,Braeden
4,Braedon
1,Braiden
1,Braidon
1,Braidy
1,Bram
3,Brandan
12,Branden
189,Brandon
3,Brandt
1,Brandy
3,Brandyn
1,Brandy-Neilson
1,Brannan
1,Brannon
1,Branon
6,Brant
2,Brantley
1,Branton
1,Braun
1,Braxton
19,Brayden
5,Braydon
1,Braylan
1,Brayton
1,Brenan
76,Brendan
1,Brendann
16,Brenden
16,Brendon
1,Brendyn
25,Brennan
10,Brennen
4,Brennon
1,Brenon
1,Brenrich
43,Brent
2,Brenton
6,Bret
1,Bretan
1,Breton
154,Brett
1,Brettan
4,Bretton
90,Brian
1,Briar
1,Brice
1,Britt
1,Broagan
1,Broc
16,Brock
1,Broden
1,Broderick
1,Brodgerick
2,Brodi
5,Brodie
6,Brody
3,Bronson
1,Brook
1,Brooke
1,Brooklyn
1,Brooks
9,Bruce
1,Bruno
34,Bryan
1,Bryant
47,Bryce
3,Bryden
3,Brydon
1,Bryer-Dallas
1,Bryler
2,Bryn
3,Bryson
1,Bryton
1,Buck
1,Budd
3,Buddy
1,Burke
1,Burton
12,Byron
1,Byryn
1,Cabot
3,Cade
2,Cael
1,Caeton
1,Caid
1,Cain
1,Caine
1,Caith
1,Cal
5,Cale
24,Caleb
1,Calen
1,Cali
1,Calin
1,Callahan
1,Callan
2,Callen
4,Callum
1,Calorado
2,Calum
38,Calvin
1,Calyn
1,Calynn
3,Cam
1,Camden
105,Cameron
1,Camil
1,Camille
1,Camron
5,Carey
17,Carl
1,Carlington
3,Carlo
6,Carlos
1,Carlyle
1,Carmen
31,Carson
9,Carter
1,Carver
1,Carwyn
2,Cary
22,Casey
1,Casey-Lee
1,Cashus
1,Casper
3,Cassidy
1,Cassie
8,Catlin
1,Cattlen
1,Cavan
1,Caveh
1,Cavin
1,Caycee
2,Cayden
1,Cayl
1,Caylan
2,Cayle
1,Caylen
1,Cayne
1,Cecil
1,Cedric
1,Cejay
1,Cesare
97,Chad
1,Chadd
3,Chadwick
1,Chadwyck
1,Challen
1,Chalse
17,Chance
3,Chancellor
1,Chancelor
2,Chandler
1,Channing
2,Chanse
1,Chan-Ung
41,Charles
1,Charles-Jordon
3,Charlie
1,Charnjot
43,Chase
1,Chasten
1,Chau
1,Chawki
1,Chay
1,Chayce
1,Chayde
2,Chayse
1,Chaz
1,Chazz
1,Che
1,Cheltin
2,Chester
2,Chet
1,Chett
1,Cheyann
1,Cheyanne
1,Cheyenne
1,Cheyney
2,Chi
1,Chico
1,Chien
1,Chilton
1,Chiu
8,Chris
1,Christer
40,Christian
2,Christien
2,Christofer
1,Christoph
1,Christophe
427,Christopher
1,Christophre
1,Chun
1,Chun-Hung
1,Ciaran
1,Cillian
1,Clancy
1,Clare
4,Clarence
2,Clark
1,Clarke
1,Claude
6,Clay
1,Clayten
43,Clayton
1,Clement
1,Clenton
1,Cleve
1,Cleyon
8,Clifford
2,Clifton
7,Clint
19,Clinton
2,Codi
4,Codie
241,Cody
1,Cody-William
1,Coen
1,Cohen
19,Colby
68,Cole
11,Coleman
1,Colen
1,Coleson
5,Coleton
81,Colin
9,Collin
1,Colt
2,Coltan
18,Colten
5,Colter
2,Coltin
74,Colton
2,Coltyn
1,Conal
1,Conar
1,Conayn
1,Cong
1,Conlan
1,Connan
3,Conner
1,Connlan
45,Connor
8,Conor
1,Conor-Patrick
17,Conrad
2,Conroy
1,Constantin
1,Constantine
1,Constantino
1,Conway
4,Cooper
2,Corben
1,Corbett
13,Corbin
1,Corbyn
3,Cord
4,Cordell
1,Cordick
75,Corey
1,Cori
2,Corin
3,Cornelius
1,Corny
1,Correy
1,Cort
1,Cortlan
1,Cortland
1,Cortt
1,Corwin
84,Cory
2,Coty
1,Coulten
3,Coulton
1,Courtnall
1,Courtney
1,Cowan
1,Coy
85,Craig
1,Creed
1,Crieg
1,Croft
1,Cruise
1,Cruz
3,Cullen
1,Curran
3,Curt
107,Curtis
1,Cuyler
1,Cyal
1,Cyle
1,Cyler
1,Cyril
1,Cyrus
1,Czestian
1,D.
1,Dabin
1,Daffyd
1,Dahl
1,Dailen
1,Dain
1,Dakoda
17,Dakota
24,Dale
2,Dalen
1,Daley
1,Dalin
49,Dallas
5,Dallin
2,Dallyn
1,Dalon
27,Dalton
1,Dalveer
3,Dalyn
2,Damen
10,Damian
1,Damiano
10,Damien
1,Damion
1,Dammian
11,Damon
4,Dan
8,Dana
10,Dane
3,Danial
344,Daniel
1,Daniele
1,Daniyel
1,Dannen
14,Danny
1,Dany
1,Danyel
1,Dar
2,Darby
1,Darcey
1,Darci
32,Darcy
1,D'Arcy
1,Darek
1,Daren
2,Darian
1,Daric
3,Darien
5,Darin
2,Dario
1,Darion
2,Daris
3,Darius
1,Darnell
1,Daron
2,Darrel
8,Darrell
50,Darren
1,Darrian
3,Darrin
2,Darron
10,Darryl
1,Darryll
2,Darwin
1,Darwish
11,Daryl
3,Daryn
2,Dat
1,Daton
2,Dave
298,David
1,Davien
1,Davies
6,Davin
4,Davis
1,Davon
1,Davud
7,Dawson
1,Dayden
2,Daylan
2,Daylen
1,Dayln
1,Daylon
1,Dayna
1,Dayne
7,Dayton
23,Dean
1,Deane
1,Deavon
1,Declan
1,Deedee
1,Deepak
1,Deiter
1,Delaine
2,Delaney
1,Delbert
1,Delee
1,Delton
1,Delvin
1,Demar
1,Demetrios
1,Demontre
1,Denby
1,Deneb
1,Denesh
6,Denis
29,Dennis
3,Denny
3,Denton
1,Denver
1,Denzel
1,Denzil
2,Deon
1,Deonn
123,Derek
1,Deric
2,Derick
1,Derik
1,Dermot
23,Derrick
2,Derrik
1,Derwin
1,Deryk
5,Desmond
1,Destarday
4,Devan
2,Deven
54,Devin
1,Devjeet
63,Devon
1,Devyn
1,Dex
10,Dexter
1,Deyvis
1,Dezi
1,Diab
2,Diedrich
4,Diego
1,Digney
1,Dijon
2,Dilan
1,Dilbir
1,Dillan
3,Dillion
25,Dillon
1,Dimitrios
4,Dion
1,Dipesh
1,Direk
1,Dirk
1,Doan
1,Domenico
2,Dominic
1,Dominique
1,Dominque
1,Dominyck
8,Don
27,Donald
2,Donavan
1,Donavon
1,Donesh
1,Donnely
1,Donnivin
1,Donny
22,Donovan
2,Doran
2,Dorian
1,Dorin
1,Dorran
60,Douglas
1,Dover
1,Doyle
1,Draiden
4,Drake
1,Drayden
1,Drayton
1,Drever
29,Drew
1,Dru
1,Drue
1,Dryden
4,Duane
1,Duc
1,Duell
13,Duncan
1,Duong
1,Duran
1,Durant
1,Durrel
1,Durward
1,Dustan
1,Dusten
155,Dustin
4,Dusty
4,Dustyn
1,Duvane
1,Duwayne
1,Duy
8,Dwayne
10,Dwight
131,Dylan
1,Dylin
1,Dylon
1,Dyson
2,Earl
1,Easton
1,Ebenzer
3,Eddie
2,Edgar
1,Edison
1,Edmond
2,Edmund
1,Eduard
23,Edward
1,Edward-Vern
6,Edwin
1,Efay
1,Efrem
1,Eijaz
1,Elden
1,Eldon
5,Eli
7,Elias
14,Elijah
1,Eliot
1,Elisha
1,Ellie
8,Elliot
9,Elliott
3,Elmer
1,Elorm
1,Elston
2,Elvis
1,Elzie
1,Emad
3,Emery
1,Emil
3,Emilio
1,Emmanuel
1,Emmett
1,Enrico
1,Enrique
161,Eric
5,Erich
2,Erick
1,Ericlee
39,Erik
1,Erin
8,Ernest
1,Esmaeel
1,Esmond
1,Esteban
2,Estevan
59,Ethan
2,Etienne
1,Euan
3,Eugene
1,Eugenio
115,Evan
1,Evander
2,Evann
1,Everest
9 Everett
1,Everette
1,Evhen
1,Evin
1,Evraj
1,Evrett
1,Ewald
1,Eyce
2,Ezra
2,Fabian
1,Fabien
1,Fabrizzio
1,Fadhl
2,Faisal
1,Faizal
1,Faraaz
1,Farabundo
2,Fareed
1,Farhan
1,Faron
1,Farran
1,Farren
2,Faruq
1,Fayaz
1,Faysal
1,Fazeel
3,Felix
1,Fergus
1,Fernando
1,Ferris
1,Fidel
2,Filip
1,Filippo
2,Firas
1,Florus
2,Ford
2,Forrest
1,Forrester
3,Foster
1,Francesco
1,Francios
8,Francis
1,Francois
11,Frank
3,Frankie
3,Franklin
1,Franklyn
1,Franz
7,Fraser
1,Fraz
1,Frazer
3,Fred
6,Frederick
3,Fredrick
1,Fritz
21,Gabriel
1,Gadiel
2,Gaelan
1,Gagandeep
1,Gaganjeet
9,Gage
1,Gah
1,Gaige
3,Galen
2,Garet
3,Gareth
12,Garett
1,Garion
3,Garnet
1,Garnett
1,Garren
8,Garret
1,Garreth
45,Garrett
3,Garrick
1,Garrison
1,Garrit
3,Garry
1,Garth
1,Garvin
23,Gary
1,Gauge
1,Gaurav
1,Gaven
14,Gavin
1,Genaro
2,Gene
1,Gentry
1,Geoffery
32,Geoffrey
1,Geoffroy
1,Geoffry
1,Geordav
3,Geordie
1,Geordy
38,George
1,Georgie
1,Georgio
15,Gerald
1,Gerard
1,Gerardo
1,Gerrett
2,Gerrit
1,Gerritt
1,Gerry
1,Gheetan
1,Gian
1,Gianluca
1,Gideon
3,Gilbert
1,Gilchrist
2,Gilles
1,Gilmore
1,Gino
1,Giorgio
3,Giovanni
1,Gisberto
1,Giulliano
1,Giuseppe
10,Glen
1,Glendon
5,Glenn
1,Glynn
1,Gobind
1,Godfrey
2,Gordie
25,Gordon
1,Gorman
1,Graden
4,Grady
1,Graeden
10,Graeme
44,Graham
1,Grandy
36,Grant
1,Grayam
1,Grayden
4,Graydon
4,Grayson
5,Greg
1,Gregg
2,Greggory
73,Gregory
1,Grey
4,Griffin
1,Griffith
2,Guillaume
1,Gulwant
1,Gurbhej
1,Gurjot
1,Gurmandeep
1,Gurnak
1,Gurpal
1,Gurpinder
2,Gurpreet
1,Gursharan
1,Gursimran
1,Gurvinder
6,Guy
1,Haakim
1,Haakin
1,Haakon
1,Haden
1,Hadi
1,Hady
1,Hafeez
1,Hafiz
1,Hahn-Jin
2,Hai
1,Hairul
1,Hajrush
1,Hakeem
1,Hakon
1,Hal
1,Halden
1,Halim
1,Hammad
1,Hamzah
1,Hanibal
1,Hanife
1,Hans
2,Hansen
1,Haralabos
1,Hardeep
1,Hardie
1,Hardy
1,Harinder
1,Hariz
1,Harjit
1,Harjot
1,Harkaram
1,Harkaran
1,Harlan
1,Harland
7,Harley
1,Harlow
1,Harm
4,Harman
1,Harmeet
5,Harold
1,Harpreet
3,Harris
8,Harrison
1,Harry
1,Hartman
2,Harvey
1,Harvinder
1,Hasan
1,Hasman
3,Hassan
1,Hau
1,Hawke
1,Hawkins
9,Hayden
1,Haydon
1,Haysen
2,Hector
1,Hedley
1,Heinrich
1,Hellmuth
2,Hendrick
1,Henrik
14,Henry
3,Herbert
1,Hercules
3,Herman
1,Herrick
1,Heston
1,Heysam
1,Hezekiah
1,Himmet
1,Ho
2,Hoang
1,Hoang-Tan
1,Hogan
1,Hoi-Leung
1,Holden
1,Homare
1,Hong
1,Hoss
1,Housam
2,Houston
1,Howard
1,Howe
3,Hugh
1,Hummaad
4,Hunter
1,Husayn
1,Hussam
5,Hussein
2,Hussien
1,Huxley
1,Huy
1,Hylie
5,Iain
83,Ian
1,Ibrahaim
4,Ibrahim
1,Ifran
1,Ihsan
1,Ijaz
2,Ilyas
1,Imrahn
3,Imran
1,Inderbir
1,Inderdeep
1,Inderjit
1,Inderpal
1,Ioan
1,Ioasoph
1,Iqbal
2,Ira
1,Irfan
1,Irshaad
1,Irwin
15,Isaac
3,Isaiah
1,Ismaine
1,Istvan
8,Ivan
7,Jace
1,Jacey
12,Jack
14,Jackson
4,Jacky
81,Jacob
1,Jacque
1,Jacques
1,Jacy
4,Jade
8,Jaden
1,Jader
1,Jadwinder
1,Jaeson
1,Jaffra
2,Jagdeep
1,Jagjot
1,Jahrome
1,Jaime
3,Jaimie
1,Jaimin
1,Jaipaul
1,Jaipreet
1,Jair
19,Jake
1,Jake-Tyler
1,Jakie
2,Jakob
2,Jalal
1,Jalil
4,Jamal
1,Jamel
1,Jamen
239,James
4,Jameson
52,Jamie
1,Jamiel
1,Jamieson
1,Jamin
1,Jammie
4,Jan
1,Janz
1,Jarad
72,Jared
3,Jaret
3,Jarett
1,Jarette
3,Jari
1,Jarid
1,Jarit
3,Jarod
2,Jaron
1,Jarrad
6,Jarred
1,Jarren
4,Jarret
21,Jarrett
2,Jarrid
5,Jarrod
7,Jarvis
1,Jarvys
3,Jaryd
1,Jasdeep
2,Jase
1,Jasinder
1,Jasjit
3,Jasmeet
1,Jasmyne
168,Jason
1,Jason-Bradley
1,Jason-Lawrence
1,Jaspaul
2,Jasper
1,Jaspreet
1,Jasspreet
1,Jastinder
1,Javin
20,Jay
1,Jayce
1,Jayde
2,Jaydee
8,Jayden
1,Jaydon
2,Jaye
3,Jayme
1,Jaymes
1,Jaymie
1,Jayre
3,Jayson
1,Jayton
4,Jean
1,Jean-Guy
1,Jean-Levi
1,Jean-Marc
1,Jean-Paul
2,Jean-Philippe
1,Jedediah
1,Jedidiah
1,Jeeven
3,Jeff
1,Jefferson
17,Jeffery
136,Jeffrey
2,Jeffry
1,Jem
2,Jens
1,Jensen
1,Jepah
2,Jerad
1,Jerahmy
1,Jerell
1,Jeremia
10,Jeremiah
1,Jeremias
3,Jeremie
100,Jeremy
2,Jericho
2,Jerimiah
1,Jerin
4,Jermaine
1,Jerod
4,Jerome
1,Jerrad
1,Jerran
2,Jerred
1,Jerrett
2,Jerrid
1,Jerrit
3,Jerrod
10,Jerry
1,Jese
3,Jess
245,Jesse
1,Jesse-Andre
3,Jessee
2,Jessi
29,Jessie
5,Jessy
1,Jevan
1,Jevon
1,Jeyhoon
1,Jia
1,Jian-On
1,Jihad
1,Jiles
1,Jim
12,Jimmy
1,Jimmy-Vi
1,Jinhyo
1,Jirah
1,Jirard
1,Jivtesh
1,Jiwan
1,Joachim
1,Jochiam
1,Jodey
1,Jodh
1,Jody
1,Joe
111,Joel
1,Joemar
2,Joesph
1,Joewel
6,Joey
1,Joffre
1,Johan
1,Johannes
144,John
33,Johnathan
1,Johnathen
13,Johnathon
1,John-Charles
1,John-Curtis
1,John-Dean
1,Johnnie
12,Johnny
1,John-Robert
2,Johnson
1,Johnston
1,Jolan
1,Jomy
3,Jon
1,Jona
12,Jonah
4,Jonas
158,Jonathan
22,Jonathon
1,Jonn
1,Jonnie
1,Joram
362,Jordan
1,Jordan-Alexander
5,Jorden
1,Jordie
4,Jordin
18,Jordon
5,Jordy
1,Jordyn
1,Jor-El
1,Jorey
3,Jorge
1,Jori
1,Jorin
4,Jory
8,Jose
1,Josef
146,Joseph
1,Josey
11,Josh
3,Joshawa
342,Joshua
1,Joshua-Quentin
1,Joshwa
10,Josiah
1,Joslyn
1,Joss
1,Jost
1,Josue
1,Jove
1,Jovien
3,Juan
1,Ju-Chuan
1,Judas
1,Judd
1,Jugveer
1,Jules
25,Julian
6,Julien
2,Julius
1,Jullian
1,Jullien
2,Jun
1,Junxiong
1,Justen
361,Justin
2,Juston
2,Justyn
1,Jusvinder
1,Jyles
1,Ka
1,Kaare
1,Kace
1,Kacey
1,Kadagn
2,Kade
1,Kadeen
3,Kael
3,Kaelan
1,Kafui
1,Ka-Hei
6,Kai
1,Kaiden
1,Kaif
1,Kailon
1,Kain
1,Kaine
1,Kal
11,Kale
6,Kaleb
6,Kalen
1,Kalib
1,Kalin
1,Kaljo
1,Kallan
1,Kalsie
1,Kalven
2,Kalvin
2,Kamal
1,Kameron
1,Kamil
1,Kamron
7,Kane
1,Kanverdeep
1,Kapilan
1,Karanjit
2,Kareem
8,Karl
1,Karlson
1,Karlton
1,Karre
2,Karsen
2,Karson
1,Karsten
1,Karstien
2,Kartik
1,Kase
5,Kasey
1,Kash
1,Kasper
1,Kassem
1,Katlan
1,Katlin
1,Katlyn
1,Katlyne
1,Kauzo
1,Kaveer
1,Kayjll
1,Kayl
3,Kayle
1,Kayler
1,Kaylin
1,Kaylon
1,Kayne
1,Kazz
1,Keagan
1,Keaghan
1,Keane
1,Keanu
1,Keaten
4,Keaton
1,Keefe
2,Keefer
15,Keegan
2,Keelan
9,Keenan
1,Keenen
1,Kees
6,Keifer
1,Keiffer
4,Keilan
1,Keir
49,Keith
1,Kel
1,Kell
1,Kellan
1,Kelland
4,Kellen
30,Kelly
11,Kelsey
2,Kelson
3,Kelton
12,Kelvin
1,Kemir
3,Ken
2,Kendal
3,Kendall
1,Kendell
1,Kendrick
1,Kendyl
2,Kennedy
66,Kenneth
5,Kenny
1,Kensey
17,Kent
7,Kenton
1,Keon
1,Kerigan
4,Kerry
1,Kerryson
1,Kervin
1,Keshav
5,Kevan
1,Keven
245,Kevin
1,Kevyn
1,Keya
1,Keyri-Llos
1,Keyvan
1,Khain
2,Khaled
1,Khalil
1,Khoi
1,Khushveer
1,Khushwant
1,Kidega
5,Kiefer
1,Kiegan
3,Kiel
1,Kien
7,Kieran
1,Kieron
1,Kieth
3,Killian
3,Kim
1,Kipp
1,Kirbi
7,Kirby
22,Kirk
1,Kirkland
1,Kirsten
1,Kishan
1,Kishen
1,Kit
1,Kitt
1,Klayton
1,Klifford
1,Kliman
1,Klynton
1,Knowlton
1,Koby
4,Kodi
16,Kody
1,Koel
3,Kohl
1,Koji
1,Kolan
2,Kolby
3,Kole
2,Kolin
1,Koltaen
3,Kolten
5,Kolton
2,Konrad
1,Koray
1,Korby
4,Korey
1,Kori
2,Korie
1,Korrey
7,Kory
1,Kougar
3,Kraig
1,Kreegan
1,Kreg
3,Kris
2,Krishan
1,Krishna
7,Kristian
2,Kristin
1,Kristjan
1,Kristof
3,Kristofer
4,Kristoffer
48,Kristopher
1,Kristov
1,Krystopher
1,Kurn
1,Kurri
21,Kurt
1,Kurtas
29,Kurtis
1,Kurtt
1,Kurukulasuriya
1,Kushaal
1,Kwaku
2,Kye
1,Kylan
428,Kyle
1,Kylen
8,Kyler
1,Kyler-Drew
1,Kylor
1,Kynan
1,Kyo-Jean
1,Kyran
1,Kyron
1,Kyson
3,Lachlan
1,Lain
1,Laine
1,Laiton
1,Lake
1,Lakshman
1,Lamar
23,Lance
1,Lancelot
1,Landan
4,Landen
1,Lander
1,Landis
32,Landon
1,Landy
3,Landyn
9,Lane
1,Lani
1,Laron
4,Larry
4,Lars
1,Laski
2,Laszlo
1,Lauchlan
1,Laughlan
2,Lauren
3,Laurence
1,Laurent
15,Lawrence
1,Lawrien
1,Lawson
8,Layne
4,Layton
1,Leam
1,Leander
34,Lee
1,Leejon
1,Lee-Micheal
1,Leendert
1,Leeron
1,Leevon
1,Lehel
1,Leif
1,Leigh
6,Leighton
1,Leiland
1,Leith
1,Leland
1,Lenard
1,Lenn
1,Lenny
3,Leo
2,Leon
12,Leonard
1,Leonel
1,Leonidas
1,Leroy
1,Lesley
6,Leslie
1,Lev
33,Levi
1,Levko
3,Levon
4,Lewis
23,Liam
3,Lincoln
1,Linden
1,Lindon
4,Lindsay
1,Lindsey
2,Linus
2,Lionel
1,Lior
1,Lkae
4,Lloyd
1,Lochlan
76,Logan
1,Logun
1,Loi
1,Lon
1,Long
1,Long-Thanh
2,Lonnie
1,Loren
1,Lorenz
3,Lorenzo
1,Lorin
9,Lorne
1,Loui
1,Louie
11,Louis
1,Louis-Nicholas
3,Lowell
6,Luc
60,Lucas
1,Lucius
1,Lucus
1,Ludovik
5,Luis
1,Luka
10,Lukas
65,Luke
1,Lukis
1,Luther
8,Lyle
2,Lynden
11,Lyndon
25,Mackenzie
7,Madison
1,Magell
1,Maher
1,Mahmoud
1,Majd
1,Majer
1,Majid
1,Makenzie
1,Makenzy
2,Malachi
9,Malcolm
1,Malcom
1,Malek
1,Malik
1,Malin
1,Mallik
1,Manav
4,Mandeep
1,Mandip
1,Manjodh
1,Manjot
1,Manno
1,Manny
1,Manolo
1,Manpal
3,Manpreet
1,Manroop
4,Manuel
1,Manveer
1,Marady
41,Marc
2,Marc-Andre
1,Marc-Antoine
5,Marcel
1,Marc-Elliot
1,Marcello
1,Marcelo
8,Marco
1,Marc-Pierre
16,Marcus
1,Mardin
1,Mardy
2,Marek
8,Mario
1,Marius
172,Mark
3,Marko
4,Markus
5,Marlon
1,Marques
1,Marshal
15,Marshall
1,Marston
1,Martel
1,Martial
31,Martin
2,Marty
7,Marvin
1,Marwan
19,Mason
1,Mate
1,Mateo
1,Mateusz
1,Matheau
55,Mathew
1,Mathias
7,Mathieu
2,Mathiew
8,Matt
1,Matten
1,Matthais
511,Matthew
1,Matthew-James
2,Matthias
1,Matts
2,Maurice
1,Maurizio
1,Maury
2,Maverick
12,Max
3,Maximilian
1,Maximiliano
4,Maximillian
1,Maxum
1,Maxwel
19,Maxwell
1,Mckale
1,Mckenzie
1,McNeil
1,Meagan
1,Mehar
5,Melvin
1,Mendel
2,Merle
2,Merrick
2,Mervin
1,Mervine-Greer
1,Mervyl
1,Meshale
1,Methal
4,Micah
1,Micahl
570,Michael
4,Michal
51,Micheal
6,Michel
1,Michel-Sacco
1,Mick
1,Micky
5,Miguel
1,Mihail
1,Mihaly
1,Mihir
2,Mikael
2,Mike
3,Mikel
2,Mikhail
1,Mikko
2,Milan
5,Miles
1,Milos
2,Milton
1,Ming
3,Minh
1,Misha
1,Mishael
2,Mitch
14,Mitchel
127,Mitchell
7,Mohamad
11,Mohamed
1,Mohamed-Bock
1,Mohamed-Tayssir
3,Mohammad
8,Mohammed
2,Mohit
1,Mohsin
1,Monico
1,Montgomery
1,Monty
1,Moore
1,Mordecai
26,Morgan
1,Morley
1,Morly
2,Morris
1,Mosa
1,Moses
2,Moustafa
1,Muhamed
3,Muhammad
2,Muhammed
1,Mujtaba
9,Murray
1,Murtaza
2,Mustafa
1,Mustapha
1,Mychal
1,Mykal
4,Mykel
27,Myles
1,Myron
1,Nabeel
2,Nabil
1,Nadeem
1,Nadeen
1,Nader
1,Nadir
1,Naeem
3,Naheed
1,Nahim
1,Nahuel
1,Naim
1,Najib
1,Nakael
1,Nakul
2,Nam
1,Narada
2,Nash
1,Nasir
1,Nason
1,Nasser-Dean
1,Nassib
1,Natale
131,Nathan
4,Nathanael
4,Nathanial
28,Nathaniel
1,Nathannael
1,Nathen
1,Natheus
1,Nathon
1,Nathyne
1,Navaro
1,Navarone
1,Navdeep
1,Naveed
1,Navin
1,Navjit
1,Navjot
1,Navraj
1,Navroop
1,Nayel
3,Neal
1,Neel
37,Neil
1,Neilson
8,Nelson
2,Nephi
1,Nevin
1,Nezr
1,Nhan
1,Nhut
3,Niall
205,Nicholas
1,Nicholaus
1,Nicholis
1,Nicholoi
1,Nick
7,Nickolas
1,Nickolaus
1,Nickolie
2,Nico
1,Nicola
15,Nicolas
1,Nicooly
1,Nidal
12,Nigel
1,Nikki
1,Niko
1,Nikola
1,Nikolai
9,Nikolas
2,Nikolaus
1,Nile
1,Nilo
1,Nils
1,Nima
1,Nishant
7,Noah
7,Noel
22,Nolan
4,Norman
1,Nygel
1,Nylan
1,Obyda
1,Olin
13,Oliver
7,Olivier
1,Ollin
7,Omar
1,Omer
1,Oren
2,Orest
1,Oriel
2,Orin
2,Orrie
2,Orrin
2,Orry
1,Orval
1,Osama
1,Osbert
6,Oscar
1,Oscarin
1,Otis
1,Owais
29,Owen
1,Paden
1,Pake
1,Palmerino
1,Palvinder-Raju
2,Paolo
1,Parambir
1,Paramvir
1,Paris
7,Parker
1,Parminder
1,Parminderjit
1,Parmpreet
2,Parry
1,Pascal
1,Pascale
1,Pascal-Rene
1,Pasha
1,Patric
122,Patrick
1,Patrik
1,Patryc
1,Patryk
88,Paul
1,Paul-Michael
3,Paulo
1,Pawanbir
2,Payton
2,Pearce
1,Penner
1,Pernnell
4,Perry
1,Petar
102,Peter
1,Phi-Hung
1,Phile
39,Philip
1,Philip-Jonathan
1,Philipp
4,Philippe
1,Philips
23,Phillip
1,Phillipe
1,Phoenix
1,Phong
1,Phu-Truong
3,Pierce
1,Piero
3,Pierre
1,Pierre-Luc
2,Pieter
1,Piotr
1,Pisim
1,Pranav
1,Prashneel
1,Pratyaksh
1,Pravdeep
1,Pravpal
2,Presley
10,Preston
1,Qasim-Ali
1,Quade
1,Quang-Hoa
3,Quentin
1,Quenton
4,Quincy
1,Quinlan
19,Quinn
1,Quint
2,Quintin
1,Quinto
11,Quinton
1,Quo
1,Qyrin
1,Raadhesh
1,Rabeeh
1,Rabeih
1,Rached
2,Rada
1,Raddy
1,Radon
1,Rafeeq
1,Ragheed
1,Raghu
1,Rahamatullah
1,Raheem
3,Rahim
2,Rahul
2,Raj
1,Rajdeep
1,Rajneel
1,Rajvir
1,Rakul
2,Ralph
1,Ralston
1,Raman
2,Ramandeep
1,Rami
1,Rami-Ismat
1,Ramneet
1,Ramzi
7,Randal
13,Randall
1,Randeep
2,Randel
3,Randell
4,Randolph
1,Randon
28,Randy
1,Randy-Ian
1,Randyn
1,Ranjit
1,Ravenlee
1,Ravinder
1,Ravy
2,Ray
1,Ray-Al
1,Rayburn
37,Raymond
1,Rayneel
1,Reagan
1,Real
2,Redmond
8,Reece
7,Reed
1,Reegan
1,Reehan
1,Reese
6,Regan
3,Reggie
1,Reggin
4,Reginald
1,Regnil
1,Rehan
1,Rehn
14,Reid
1,Reilly
1,Rein
1,Reinhard
1,Remal
1,Remington
1,Remy
6,Rene
1,Rennie
1,Renny
2,Reno
1,Reon
8,Reuben
1,Reynold
1,Reynolds
3,Rhett
1,Rhody
3,Rhys
1,Riad
5,Ricardo
1,Riccardo
1,Ricco
1,Rich
120,Richard
1,Richer
2,Richie
1,Richmond
6,Rick
1,Ricki
8,Ricky
2,Rico
2,Riel
1,Riendieu
57,Riley
1,Ringo
1,Rion
1,Rishi
1,Ritesh
1,River
1,Riyadh
1,Rob
1,Robbert
4,Robbie
2,Robel
223,Robert
4,Roberto
10,Robin
1,Robin-Lee
1,Robroy
2,Robyn
1,Rock
1,Rockie
1,Rockwell
4,Rocky
2,Roderick
1,Rodey
1,Rodger
1,Rodman
8,Rodney
1,Rodnie
8,Roger
2,Rohan
1,Rohit
3,Roland
10,Roman
1,Romeo
1,Rommel
1,Ron
13,Ronald
1,Ronan
1,Ronnel
1,Ronnie
1,Rorey
17,Rory
1,Rosh
1,Roshan
1,Roshant
24,Ross
1,Roth
1,Rowley
8,Roy
5,Royce
1,Royle
5,Ruben
2,Rudy
1,Rueben
1,Rusjot
2,Russel
29,Russell
1,Rustin
3,Rusty
365,Ryan
1,Ryanjeet
1,Ryann
2,Ryder
1,Ryker
12,Rylan
3,Ryland
1,Ryle
10,Ryley
1,Rylund
1,Ryon
1,Saad
1,Saadiq
1,Sabin
1,Sadiq
1,Saed
1,Safron
3,Sage
2,Sahil
1,Said
1,Saif
1,Salar
1,Saleem
1,Salman
2,Salvatore
1,Salwin
8,Sam
3,Samer
1,Sami
2,Samir
2,Sammy
3,Samson
2,Samual
76,Samuel
1,Sanam
1,Sanang
2,Sandeep
2,Sanders
1,Sandro-Andreas
2,Sandy
2,Sang
2,Sanjesh
1,Sansitny
1,Santino
1,Santos
1,Sarkis
2,Sasha
1,Satinderpaul
1,Saul
1,Saunder
1,Saunders
1,Saverio
1,Savic
2,Sawyer
1,Saxon
2,Schuyler
2,Scot
1,Scotford
179,Scott
1,Seamus
161,Sean
1,Seanan
1,Sebastain
9,Sebastian
6,Sebastien
1,Sedique
1,Seiichiro
1,Selim
1,Serawatt
1,Serge
2,Sergio
9,Seth
1,Shaan-E-Abbas
1,Shad
1,Shaddy
1,Shadi
1,Shadoe
1,Shadrak
3,Shae
1,Shahbaz
1,Shahil
1,Shaile
1,Shalvin
1,Shameek
1,Shamil
2,Shamus
87,Shane
1,Shannon
1,Shant
1,Shanti
1,Sharman
33,Shaun
1,Shavinesh
1,Shawki
75,Shawn
1,Shawnik
2,Shayden
12,Shayne
5,Shea
1,Sheffield
8,Shelby
29,Sheldon
1,Shelton
1,Shelvain
1,Shen
1,Sheridan
1,Sherman
1,Shevlin
1,Sheycil
1,Shivanand
1,Shon
1,Shone
1,Shouresh
1,Shue-Ke
1,Shyloh
1,Shyrone
1,Sidney
1,Sikander
1,Sile
1,Silvester
1,Simo
25,Simon
1,Simpson
2,Simran
1,Simranjeet
1,Simranjit
1,Simranjot
3,Singh
1,Siribood
1,Siryun
3,Skye
8,Skylar
1,Skylare
8,Skyler
1,Skylier
2,Slade
1,Sohel
1,Sohrab
4,Solomon
1,Solon
1,Somkaven
3,Sonny
1,Sormbatt
1,Soroosh
1,Soshiance
71,Spencer
2,Spenser
2,Stacey
1,Stanislaw
8,Stanley
1,Stapana
1,Staven
1,Steele
1,Steen
22,Stefan
1,Stefano
1,Stellen
11,Stephan
9,Stephane
148,Stephen
1,Stergios
1,Sterlin
1,Sterling
1,Stetson
1,Stevahn
7,Steve
251,Steven
2,Stevie
8,Stewart
1,Stian
1,Stormy
1,Stratton
1,Strephon
34,Stuart
1,Subegh
1,Subhan
1,Suhas
1,Suhile
1,Sukhjit
1,Sukhpal
1,Suley
4,Sumeet
1,Sumit
4,Sundeep
1,Sunil
1,Sunjeet
1,Sunny
1,Suraj
1,Surjot
1,Surkhveer
1,Sven
1,Swapnil
1,Sydney
1,Sylvester
1,Sylvester-Jozef
1,Taber
1,Tache
1,Tadeus
1,Tadeusz
1,Taheer
1,Tahner
1,Taidhg
1,Taimoore
1,Taisser
2,Tait
1,Taize
1,Tajammal
1,Takahiro
2,Tal
1,Taliesin
1,Talin
1,Talon
1,Talwinder
1,Tamer
1,Tamiz
1,Tan
40,Tanner
1,Taranbir
1,Taranveer
2,Taras
1,Tarek
1,Tarek-Zakaria
1,Tareq
1,Tarik
2,Tarin
1,Tariq
1,Tarique
1,Tarnvir
1,Tarryl
1,Taryl
1,Tasso
5,Tate
1,Taurean
1,Taurian
1,Tavin
1,Tavis
1,Tavish
1,Taylar
3,Tayler
140,Taylor
1,Tayte
2,Teagan
2,Ted
1,Teddy
1,Teepu
2,Tegan
1,Te-Ja
2,Tejveer
1,Tendayi
1,Tenneil
2,Tenzin
1,Teo
1,Terance
1,Terell
12,Terence
1,Terho
1,Teri-James
1,Tero
1,Terrace
9,Terrance
1,Terrell
3,Terrence
1,Terrill
1,Terris
17,Terry
2,Teryn
1,Teunis
1,Tevin
1,Texter
1,Thaison
1,Thane
1,Thanh
1,Thayl
1,Thayne
1,Thazhumpal
1,The
2,Theo
3,Theodor
14,Theodore
1,Theophile
1,Theoren
1,Theran
1,Thereon
1,Therin
1,Theron
1,Thien
151,Thomas
1,Thompson
1,Thomson
2,Thor
1,Thorin
1,Thu
1,Thuan
1,Tien
1,Tighe
1,Tiluck
2,Timber
1,Timmothy
81,Timothy
1,Tin
1,Titus
1,Tobby
1,Tobiah
4,Tobias
1,Tobin
3,Toby
28,Todd
1,Todd-James
1,Tokunbq
1,Tokunn
1,Tom
5,Tomas
4,Tomasz
6,Tommy
1,Tomoosee
15,Tony
1,Tori-Lee
2,Torin
1,Torquil
2,Torrance
1,Torrey
1,Torrin
1,Torry
6,Tory
2,Tracy
1,Trae
1,Traphton
1,Traves
1,Travin
193,Travis
1,Treaver
1,Tremaine
2,Trendon
29,Trent
1,Trenten
9,Trenton
1,Trestin
1,Treston
3,Trever
1,Trevis
83,Trevor
1,Tri
1,Trigger
1,Trinity
23,Tristan
1,Tristin
1,Trong
1,Tronspencer
36,Troy
1,Truman
1,Trung
1,Truong
2,Tuan
1,Tubby
2,Tucker
1,Tuong
20,Ty
1,Tyce
2,Tye
1,Tyee
1,Tylan
1,Tylar
337,Tyler
1,Tyler-James
1,Tylin
1,Tyller
7,Tylor
1,Tymen
1,Tymon
1,Tynan
1,Tyner
1,Tyree
9,Tyrel
14,Tyrell
1,Tyroan
10,Tyrone
2,Tyrrell
2,Tyrus
1,Tysei
1,Tysen
62,Tyson
1,Tysson
2,Umar
1,Uriah
1,Usmaan
1,Usman
1,Vafa
1,Van
4,Vance
1,Vaughan
4,Vaughn
1,Veeran
1,Verne
4,Vernon
2,Vi
16,Victor
1,Videan
1,Viet
1,Vikas
1,Vikramjeet
1,Vikramjit
1,Vinay
3,Vince
37,Vincent
1,Vincenzo
1,Vinesh
1,Vinh
1,Vinson
1,Virgilio
4,Vishal
1,Vitale
1,Vittorio
1,Vivek
1,Vlasey
2,Vu
1,Vuthy
4,Wacey
1,Wacy
18,Wade
1,Waden
1,Waleed
1,Walid
1,Walied
1,Walker
5,Walter
1,Waqaas
1,Ward
20,Warren
1,Warren-Hudson
2,Wassim
6,Waylon
13,Wayne
2,Wendell
1,Wes
1,Wesleigh
28,Wesley
1,Wesly
1,Westin
1,Westley
3,Weston
1,Whitespottedfeather
1,Wiley
2,Wilfred
2,Wilhelm
1,Will
2,Willem
139,William
4,Willie
1,Willis
1,Willm
1,Willson
6,Wilson
1,Winslow
3,Winston
1,Woodrow
1,Wren
14,Wyatt
1,Wylee
1,Wynston
1,Xavier
1,Yafet
1,Yale
2,Yannick
1,Yardley
1,Yasen
1,Yat-Hang
1,Yazeed
1,Yazir
1,Yeobanny
1,Yihya
1,Yilan
1,Yin
1,Yogesh
1,Yonnase
2,Youness
1,Young
3,Youssef
1,Yue-Bon
1,Yuen
1,Yuki
1,Yukiya
1,Yung
1,Yu-Sheng
1,Yuvraj
1,Zaccary
1,Zachari
1,Zacharia
4,Zachariah
1,Zacharie
124,Zachary
6,Zachery
1,Zachiary
1,Zachrey
5,Zackary
3,Zackery
1,Zahid
2,Zahir
3,Zain
1,Zainoon
1,Zak
1,Zakary
1,Zakhary
1,Zamir
1,Zan
1,Zander
1,Zandon
5,Zane
1,Zaqir
1,Zarin
1,Zeff
1,Zeth
1,Ziad-H.
1,Zoheb
1,Zsigmond
2,Zubair
1,Zulfiqar
1,Zuviel