2,Aadil
113,Aaron
1,Aaron-Conrad
1,Aashir
2,Abdallah
1,Abdolsalam
1,Abdu
2,Abdul
6,Abdullah
1,Abdullahe
1,Abdulmalek
1,Abdul-Rahman
1,Abdulrazak
1,Abel
1,Abhinav
1,Abhishek
1,Abid-Ali
3,Abraham
1,Abrahim
4,Abram
2,Ace
103,Adam
1,Adam-Magdi
2,Addison
1,Adeem
4,Aden
1,Adian
2,Adin
1,Aditya
1,Adler
1,Adon
1,Adonia
2,Adonis
1,Adrain
18,Adrian
2,Adriel
1,Adriel-Jed
4,Adrien
1,Ady
1,Aeddan
6,Ahmad
12,Ahmed
36,Aidan
15,Aiden
1,Aidon
1,Aidyn
1,Aisah
1,Ajax
3,Ajay
1,Ajeetpal
2,Akash
1,Akeel
1,Akos
1,Akrit
2,Akshay
1,Alaa
1,Aladdin
1,Alaeh
1,Alahdin
2,Alain
1,Alaister
12,Alan
13,Albert
2,Alden
1,Aldo
12,Alec
1,Alejandro
1,Alek
1,Aleksandar
2,Aleksander
2,Alen
38,Alex
1,Alexandar
214,Alexander
9,Alexandre
1,Alexandros
1,Alexie
1,Alexis
2,Alexzander
11,Ali
1,Alif
1,Ali-Khan
1,Alim
1,Alimohamed
1,Alin
1,Alistair
1,Aljon
1,Alla
14,Allan
4,Allen
1,Allistir
1,Alphonse
1,Alston
8,Alvin
1,Alx
1,Alxis-John
1,Aly
1,Alzias
1,Amadeus
1,Amador
1,Amanda
1,Amanjeet
1,Amanjot
1,Amarpal
1,Amarpreet
2,Amarvir
2,Ameen
1,Amer
2,Amir
1,Amit
1,Amitoj
2,Ammar
1,Ammon
2,Amos
1,Amr
1,Amreet
1,Amrit
1,Anan
1,Anand
1,Anass
1,Anatole
4,Anders
14,Andre
8,Andreas
1,Andres
192,Andrew
1,Andrew-Phillip
1,Andrin
1,Andriy
1,Andronik
10,Andy
1,Aneet
1,Aness
1,Angel
2,Angelo
1,Angelo-Deen
9,Angus
1,Ankur
1,Ankush
1,Anmol
1,Anson
1,Anthoney
78,Anthony
2,Antoine
1,Anton
1,Antoni
11,Antonio
1,Anurag
1,Aquina
3,Aran
2,Archie
1,Arden
1,Arek
2,Aren
1,Ares
3,Aric
2,Arik
2,Arin
1,Aris
5,Arjun
3,Arlen
1,Arlis
1,Arlyn
1,Arlyss
2,Armaan
1,Arman
2,Armand
1,Arndeep
1,Arnel
9,Arnold
4,Aron
3,Arron
1,Arrow
1,Arshdeep
5,Arthur
1,Arun
1,Arvin
1,Arvind
1,Aryck
1,Aryn
3,Asa
2,Ashar
1,Ashby
1,Asher
3,Ashley
2,Ashneil
1,Ashok
2,Ashtin
18,Ashton
1,Aspen
1,Athanasios
1,Athar
1,Atlanta
1,Atlas
1,Atley
1,Attila
1,Atul
2,Aubrey
1,August
1,Aureon
13,Austen
295,Austin
1,Austin-Jake
1,Auston
9,Austyn
1,Austyne
14,Avery
1,Avineet
1,Avneel
1,Avrey
1,Awab
1,Awais
1,Axcel
3,Axel
1,Ayaz
2,Aydan
4,Ayden
1,Aydrian
1,Ayman
1,Azan
1,Azaria
23,Baby
1,Badr
31,Bailey
1,Baily
1,Bakas
1,Balraj
1,Banon
1,Bao
1,Barian
1,Barnabas
3,Barry
1,Basel
1,Basem
2,Basil
1,Bassit
1,Battista
1,Baxter
1,Bayley
1,Beau
1,Beaudon
1,Beau-Ray
1,Beck
1,Belal
6,Ben
2,Benedict
1,Benhur
2,Benjaman
1,Benjamen
147,Benjamin
1,Bennet
5,Bennett
2,Benny
1,Benoit
1,Benson
1,Bentley
1,Benton
1,Berkley
3,Bernard
1,Bernie
1,Bertram
1,Berwin
1,Bestt
1,Bhavrit
1,Biagio
5,Bilal
4,Bill
4,Billy
1,Bishop
2,Blade
1,Blaide
3,Blain
14,Blaine
9,Blair
3,Blaise
2,Blaize
56,Blake
2,Blayne
2,Blue
3,Bo
1,Boaz
2,Bobby
1,Bojan
1,Bora
1,Borar
1,Bosco
1,Boston
1,Bovey
1,Bowen
1,Boyce
1,Braaden
1,Brace
6,Brad
49,Braden
1,Bradeus
1,Bradey
1,Bradford
1,Bradin
79,Bradley
4,Bradly
4,Bradon
38,Brady
1,Brady-Jo-Robbie
4,Bradyn
7,Braedan
21,Braeden
1,Braedn
7,Braedon
2,Braedyn
11,Braiden
1,Braidon
1,Brailey
1,Bralen
1,Bram
6,Brandan
1,Branddyn
22,Branden
4,Brandin
1,Brando
339,Brandon
2,Brandt
5,Brandyn
1,Brannigan
1,Brannon
4,Branson
7,Brant
1,Braunson
6,Braxton
1,Braxtyn
1,Braydan
73,Brayden
1,Braydin
18,Braydon
1,Brayson
1,Brechen
1,Bredney
1,Brednor
71,Brendan
26,Brenden
2,Brendin
12,Brendon
1,Brendyn
21,Brennan
1,Brenndan
10,Brennen
3,Brennon
1,Brensley
19,Brent
3,Brenton
10,Bret
128,Brett
1,Bretten
1,Brett-Julian
7,Bretton
1,Breylan
1,Brhy
31,Brian
1,Brice
1,Brien
1,Brion
1,Britt
1,Britton
17,Brock
2,Broden
3,Broderick
1,Brodey
9,Brodie
43,Brody
1,Brogan
1,Bronsen
4,Bronson
2,Brook
2,Brooke
1,Brooks
1,Brosnon
10,Bruce
1,Bruen
1,Brulan
23,Bryan
4,Bryant
1,Bryar
1,Bryatt
43,Bryce
3,Brycen
1,Brydan
5,Bryden
3,Brydon
7,Bryn
1,Bryndon
1,Brynn
3,Bryson
1,Bryten
3,Bryton
1,Buck
1,Buckley
1,Burton
1,Buzz
1,Byron
1,C.
1,Cache
5,Cade
4,Caden
1,Cadence
1,Caeden
3,Cael
3,Caelan
1,Caelin
1,Caiben
1,Caiden
1,Caige
1,Cailin
1,Cailum
1,Cain
3,Caine
1,Cal
1,Calahan
1,Calder
11,Cale
42,Caleb
1,Calen
1,Calib
1,Calin
1,Callaghan
5,Callum
1,Calum
33,Calvin
1,Camden
85,Cameron
1,Canaan
1,Cannon
1,Canten
1,Canyon
1,Care
2,Carey
6,Carl
1,Carlito
3,Carlo
6,Carlos
1,Carlton
1,Carmine
3,Carsen
26,Carson
43,Carter
1,Cary
15,Casey
1,Cash
1,Casimir
1,Casimiro
1,Caslo
1,Casper
1,Cassady
6,Cassidy
1,Casson
1,Castyn
2,Catlin
1,Cavin
2,Cayd
1,Cayden
1,Cayle
1,Caylen
1,Cazden
1,Cendall
1,Chace
47,Chad
1,Chadd
1,Chadwick
2,Chaise
1,Chaison
1,Chaitanya
33,Chance
2,Chancellor
1,Chandeep
13,Chandler
1,Chanh
1,Channey
1,Chans
2,Chanse
1,Chantz
1,Charanpal
1,Charbel
25,Charles
2,Charlie
1,Charliemaine
1,Charly
1,Charvis
1,Chas
77,Chase
1,Chase-Alexander
1,Chaston
1,Chau
1,Chayce
3,Chayse
7,Chaz
3,Chazz
1,Checote
1,Chemar
1,Chester
1,Chetwyn
1,Cheuk-Wing
1,Chey
2,Cheyenne
1,Cheyne
1,Chiko
1,Chiminh
1,Chitpal
1,Chiwuikem
2,Chris
1,Christain
1,Christen
63,Christian
1,Christiane
1,Christien
2,Christofer
170,Christopher
1,Chun
1,Chun-Kit
1,Ckyler
5,Clarence
6,Clark
4,Clarke
1,Claude
2,Claudio
11,Clay
1,Clayson
36,Clayton
3,Clement
1,Cliff
5,Clifford
1,Clifton
2,Clint
21,Clinton
1,Clive
1,Coady
1,Coalby
1,Cobby
1,Cobin
1,Coby
1,Coda
1,Coden
1,Codi
166,Cody
1,Cody-Lee
4,Cohen
1,Col
30,Colby
1,Colden
147,Cole
8,Coleman
1,Colemen
1,Coletan
5,Coleton
41,Colin
8,Collin
2,Colm
1,Colon
1,Colson
2,Colt
2,Coltan
18,Colten
1,Coltin
112,Colton
2,Coltyn
1,Colvin
1,Conal
1,Conan
1,Conlen
2,Connar
3,Connell
14,Conner
128,Connor
14,Conor
12,Conrad
7,Cooper
1,Cor
1,Corban
9,Corbin
1,Cordel
6,Cordell
19,Corey
1,Corie
1,Corin
2,Cornelius
3,Cornell
1,Corre
1,Corson
1,Cortlin
23,Cory
1,Courage
1,Courtland
1,Courtnal
1,Cowan
1,Craie
22,Craig
1,Crean
1,Cree
2,Creeo
1,Creo
1,Cristopher
3,Cruz
1,Cryston
1,Cullen
1,Curran
1,Curt
54,Curtis
1,Cuyler
2,Cy
1,Cyle
1,Cylor
4,Cyrus
1,Dacota
1,Dacyn
1,Daellen
1,Daenan
1,Dagen
2,Dailen
2,Daimion
1,Daimyn
3,Dain
2,Daine
1,Daineal
1,Dainen
1,Daire
1,Daken
1,Dakoda
50,Dakota
14,Dale
4,Dalen
2,Dallan
31,Dallas
2,Dallen
5,Dallin
1,Dallon
1,Dallyn
21,Dalton
1,Dalyn
1,Damandeep
1,Damen
2,Dameon
17,Damian
1,Damiane
13,Damien
3,Damion
1,Damir
29,Damon
1,Damyon
2,Dan
1,Dana
6,Dane
1,Dang
1,D'Angelo
1,Danial
193,Daniel
1,Daniele
1,Danilo
1,Danko
1,Dannea
7,Danny
4,Dante
3,Danton
7,Darby
13,Darcy
1,Darc'y
2,Darek
2,Daren
18,Darian
4,Darien
2,Darin
4,Darion
3,Darius
1,Darko
1,Darnel
3,Darnell
2,Darrel
1,Darrell
26,Darren
1,Darrian
2,Darrien
3,Darrin
1,Darrion
2,Darris
10,Darryl
1,Darryll
1,Darsh
1,Dartanian
1,Dartanion
1,Darvin
6,Darwin
1,Daryien
1,Daryl
1,Daryll
1,Dat
1,Dave
1,Davey
145,David
1,David-Adrian
1,David-Anthony
1,David-Mark
1,David-Peter
5,Davin
11,Davis
1,Davonne
1,Davy
1,Davyn
1,Dawnaven
1,Dawood
17,Dawson
1,Dax
1,Dayaan
1,Daykota
5,Daylan
6,Daylen
4,Daylon
1,Daymien
1,Daymon
1,Dayn
3,Dayne
10,Dayton
1,Dazzler
19,Dean
1,Dean-Douglas
1,Deane
4,Declan
1,Deepak
1,Deepkamal-Singh
1,Deighton
2,Deion
3,Delaney
1,Delanie
1,Delray
1,Delroy
1,Delynn
1,Demetrius
4,Denis
1,Denly
13,Dennis
1,Dennon
1,Denny
1,Dennyle
1,Denon
2,Denton
8,Denver
7,Denzel
1,Denzell
3,Deon
1,Deonater
1,Deonte
1,Derald
1,Dereck
55,Derek
2,Derian
1,Derick
1,Derrek
18,Derrick
1,Derrion
1,Derron
1,Derryl
1,Derych
1,Deryk
1,Deschon
1,Deshane
2,Desi
9,Desmond
1,Desta
1,Destin
2,Devan
1,DeVante
3,Deven
37,Devin
2,Devlin
60,Devon
5,Devyn
1,Dewey
6,Dexter
1,Deylan
1,Deyson
1,Dezmond
1,Dheeraj
1,Dhilan
4,Diego
1,Dieter
1,Diljot
4,Dillan
16,Dillon
1,Dillyne
1,Dimitrije
1,Dinant
3,Dinh
4,Dion
1,Dionne
1,Dircat
1,Dixon
1,Dmitri
2,Dolan
1,Dolin
4,Domenico
13,Dominic
1,Dominick
3,Dominik
1,Domonic
2,Don
9,Donald
1,Donavan
1,Donavin
2,Donavon
1,Dondre
3,Donivan
1,Donnie
1,Donnovan
2,Donny
27,Donovan
1,Donoven
1,Donovin
2,Donovon
1,Doran
7,Dorian
1,Doriano
21,Douglas
1,Doyle
1,Draden
1,Drae
10,Drake
1,Drakkar
2,Draven
1,Drayden
1,Drayton
1,Drayven
1,Dre
20,Drew
2,Dru
6,Dryden
4,Duane
21,Duncan
1,Durell
1,Durrand
79,Dustin
1,Duston
3,Dusty
1,Dusty-James
1,Dutch
1,Duy
1,D'Voughn
10,Dwayne
4,Dwight
176,Dylan
1,Dylin
1,Dyllan
1,Dylon
1,Eagan
1,Eagle
1,Eamon
1,Eamonn
2,Earl
1,Eastin
4,Easton
1,Ebrahim
1,Edan
1,Eddie
2,Eddy
1,Edem
1,Eden
1,Edmond
5,Edmund
18,Edward
1,Edwards
5,Edwin
1,Eithen
1,Elden
4,Eli
11,Elias
1,Eliazar
1,Eliezer
23,Elijah
1,Elijah-Ephraim
1,Elisha
1,Ellard
1,Ellia
5,Elliot
7,Elliott
1,Ellis
1,Elvin
1,Elwin
1,Elyas
1,Elyse
1,Elzea'Re
1,Emad
1,Emanuel
1,Emelian
4,Emerson
2,Emery
1,Emil
1,Emile
4,Emilio
1,Emison
1,Emmet
2,Emmett
1,Enan
1,Enos
1,Enzo
147,Eric
3,Erich
4,Erick
30,Erik
1,Erin
1,Ernest
1,Ernie
1,Eros
66,Ethan
2,Etienne
3,Eugene
93,Evan
2,Evander
1,Evdakim
6,Everett
1,Evin
1,Evren
1,Ezekiel
2,Ezra
1,Fabeian
2,Fabian
1,Fabio
1,Fabricio
1,Fady
1,Faizan
1,Falcon
1,Fan
1,Fang
1,Faris
1,Farron
1,Farzaan
1,Favian
5,Felix
1,Ferlin
1,Ferrada
1,Ferrin
3,Filip
1,Filmon
1,Fineas
1,Finn
1,Finnian
1,Floyd
1,Foley
2,Forest
2,Forrest
1,Four
4,Francesco
7,Francis
2,Franco
3,Francois
15,Frank
1,Frankie
4,Franklin
1,Franklyn
3,Franz
1,Franz-Erik
4,Fraser
1,Frazer
1,Fred
1,Frederic
9,Frederick
1,Fredrich
1,Freedom
1,Friedrich
1,Fynn
1,Fyscher
1,Gabreal
25,Gabriel
1,Gabriele
1,Gaetan
2,Gaetano
1,Gagan
1,Gagandeep
19,Gage
1,Gaige
1,Gaje
3,Galen
2,Garet
3,Gareth
5,Garett
1,Garette
1,Garion
1,Garner
3,Garnet
5,Garret
44,Garrett
1,Garth
12,Gary
1,Gaston
1,Gaurav
1,-Gauthier
21,Gavin
1,Gavyn
1,Gentry
1,Geoffery
10,Geoffrey
1,Georde
13,George
1,Georges
1,Gerahd
6,Gerald
1,Geraldo
3,Gerard
1,Gerardo
1,Gerhard
1,Gerik
1,Gerratt
1,Gerrid
3,Gerrit
1,Ghazali
1,Gia
1,Giacomo
3,Giancarlo
2,Gianni
4,Gideon
1,Gierhard
1,Gilbert
1,Giles
1,Gilles
2,Gino
1,Giordano
1,Giovanni
1,Giuseppe
3,Glen
4,Glenn
1,Gloron
1,Gobindjotpal
1,Godfrey
1,Gomezyani
1,Goran
1,Gordie
15,Gordon
1,Gorge
1,Graden
5,Grady
1,Graeham
13,Graeme
1,Graeson
22,Graham
1,Granite
19,Grant
1,Gray
4,Grayden
7,Graydon
13,Grayson
2,Greg
1,Gregary
1,Gregor
48,Gregory
1,Greyden
1,Greydon
1,Greyem
1,Greyson
10,Griffin
1,Guido
1,Guillermo
1,Guiseppe
1,Guled
1,Gunnar
1,Gurdeepak
1,Gurfateh
1,Gurinder
1,Gurjant
2,Gurkaran
2,Gurman
2,Gurneet
1,Gurneil
1,Gurpartap
1,Gurpreet
1,Gurraj
1,Gurshan
2,Gurvir
1,Gustaf
1,Gustav
3,Guy
1,Habbab
1,Haden
1,Hadi
1,Hadrian
2,Hadyn
1,Hai
1,Haiden
1,Haipho
1,Hajime
1,Halmelton
1,Hamdi
1,Hamid
1,Hamish
1,Hammond
4,Hamza
1,Hamzah
2,Han
1,Hans
1,Hanson
1,Hany
1,Hardy
1,Haris
1,Harjot
2,Harkarn
1,Harkirat
1,Harkit
1,Harlan
1,Harlee
10,Harley
1,Harlin
1,Harlind
2,Harman
1,Harmandeep
2,Harold
1,Harpaul
1,Harpreet
5,Harris
10,Harrison
2,Harry
1,Harsh
1,Harshbir
1,Harsimar
1,Harsimran
1,Hartej
1,Harveer
2,Harvey
1,Hasan
4,Hassan
2,Hassen
1,Havyn
1,Hawk
27,Hayden
1,Haydn
1,Haydon
1,Hayeleselasea
1,Hayes
1,Haylan
2,Heath
3,Hector
1,Heinrich
4,Hendrik
15,Henry
2,Herbert
3,Herman
1,Hieu
1,Himanshu
1,Himmat
1,Hiroshige
1,Hoang
3,Holden
1,Hollis
1,Hollman
1,Holt
1,Honer
1,Hope
1,Horace
1,Hou
4,Houston
1,Hovan
2,Howard
1,Hoyce
1,Huan
2,Hubert
4,Hudson
8,Hugh
1,Hung
15,Hunter
1,Husaam
1,Hussam
3,Hussein
1,Hussien
1,Huynh
1,Hylen
1,Hyron
6,Iain
43,Ian
4,Ibrahim
1,Idean
1,Iden
1,Ideris
1,Ike
4,Imran
1,Inam
1,Indalecio
1,Inderjit
1,Inier
1,Inipi
1,Ioan
1,Ioannes
1,Iqbal
1,Ira
1,Irfan
1,Irwin
37,Isaac
1,Isagha
22,Isaiah
1,Isaial
1,Isaya
1,Isayah
1,Ishfaan
3,Isiah
2,Ismail
1,Israel
1,Issiah
1,Ithmanpal
6,Ivan
1,Ivannoe
1,Izaiah
1,Izak
1,Izayha
3,J.
1,Jaccob
8,Jace
1,Jacey
34,Jack
1,Jackie
40,Jackson
6,Jacky
193,Jacob
1,Jacobb
1,Jacobi
1,Jacoby
1,Jacque
4,Jacques
1,Jacquon
2,Jad
1,Jadden
7,Jade
29,Jaden
2,Jadeon
1,Jadin
1,Jadon
2,Jaedan
4,Jaeden
1,Jaedyn
1,Jaeger
1,Jagar
1,Jagdeep
1,Jagee
2,Jager
1,Jaggar
2,Jagger
1,Jagjeet
1,Jagjeevan
1,Jagmeet
1,Jagraj
1,Jagveer
1,Jagvinder
1,Jahmal
1,Jai
1,Jailey
1,Jaimeson
1,Jaimz
1,Jairus
1,Jaison
1,Jaitinder
35,Jake
1,Jakeem
7,Jakob
1,Jakoby
2,Jakub
1,Jalen
7,Jamal
1,Jamal-Jalal
1,Jameel
150,James
3,Jameson
1,Jamey
26,Jamie
3,Jamieson
1,Jamil
3,Jamin
1,Jamsey
1,Jan
1,Janrae
1,Janvier
1,Japneet
1,Jarad
1,Jardin
92,Jared
1,Jaredd
2,Jaren
1,Jaret
3,Jarett
1,Jargen
3,Jarod
2,Jaron
5,Jarred
1,Jarren
1,Jarret
10,Jarrett
1,Jarrid
3,Jarrod
1,Jarron
2,Jarvis
2,Jaryd
1,Jasdeep
1,Jase
2,Jashandeep
1,Jasjit
2,Jaskaran
1,Jaskarn
1,Jasmeet
102,Jason
2,Jasper
2,Jaspreet
1,Jasvir
1,Javan
2,Javen
2,Javier
1,Javon
1,Jaxin
3,Jaxon
16,Jay
2,Jayce
1,Jaydan
1,Jayde
1,Jaydee
37,Jayden
2,Jaydin
4,Jaydon
1,Jaydyn
1,Jaylan
1,Jaylen
2,Jaylon
1,Jaymel
1,Jaymen
2,Jaymes
1,Jaymie
1,Jaysen
5,Jayson
1,Jaysun
1,Jayvin
1,Jazz
4,Jean
1,Jean-Charl
1,Jean-Christophe
2,Jean-Luc
1,Jean-Paul
1,Jean-Pierre
1,Jed
1,Jedidiah
1,Jeevan
3,Jeff
9,Jeffery
1,Jeffray
43,Jeffrey
1,Jeffrey-Jerzy
1,Jeffry
1,Jehad
1,Jens
1,Jenson
1,Jeoffry
1,Jerad
2,Jered
1,Jereme
12,Jeremiah
1,Jeremie
1,Jeremiha
70,Jeremy
3,Jericho
2,Jerimiah
2,Jermaine
3,Jerome
1,Jeromy
1,Jerrett
1,Jerrid
1,Jerrik
1,Jerrod
9,Jerry
1,Jeryk
2,Jess
153,Jesse
2,Jessi
16,Jessie
1,Jessi-John
3,Jessy
1,Jethro
1,Jeton
3,Jett
1,Jevan
1,Jevon
1,Jia
1,Jia-Xiao
1,Jim
1,Jimi
1,Jimmi
5,Jimmy
3,Jin
1,Jobey
1,Joby
2,Jody
2,Joe
74,Joel
1,Joelah
1,Joelle
1,Joen
1,Joeseph
4,Joesph
12,Joey
1,Jograj
7,Johan
1,Johann
2,Johannes
86,John
23,Johnathan
3,Johnathon
1,Johnnie
5,Johnny
1,John-Ross
1,Johnzen
1,Jokim
1,Jomari
8,Jon
1,Jona
23,Jonah
5,Jonas
112,Jonathan
14,Jonathon
1,Jones
1,Joost
235,Jordan
1,Jorde
4,Jorden
2,Jordi
2,Jordie
3,Jordin
9,Jordon
1,Jordon-John
1,Jordy
2,Jordyn
1,Jorge
1,Jorgen
1,Jori
3,Jory
4,Jose
1,Josef
94,Joseph
13,Josh
1,Joshaua
1,Joshoua
1,Joshtin
314,Joshua
1,Joshua-Emanuel
1,Josi
11,Josiah
1,Josue
1,Jotekamal
1,Jotham
1,Jotpal
1,Jourdan
1,Jovi
1,Jowole
2,Jozef
1,Juan
1,Judah
1,Judd
1,Jude
19,Julian
8,Julien
2,Julius
1,Julyan
1,Jumil
2,Justen
10,Justice
231,Justin
1,Justino
5,Justus
7,Justyn
1,Juvol
2,Ka
1,Kache
1,Kacper
1,Kadan
7,Kade
1,Kadeem
9,Kaden
1,Kadin
1,Kadon
1,Kaeden
1,Kael
2,Kaelan
1,Kage
1,Kagen
1,Kahmoi
1,Kaho
1,Kahvontay
5,Kai
1,Kaid
2,Kaiden
1,Kailab
1,Kailash
1,Kailyb
1,Kainan
2,Kaine
1,Kair
1,Kaiser
1,Kaisley
1,Kajun
1,Kalap
9,Kale
11,Kaleb
1,Kaleh
1,Kalen
1,Kalib
1,Kalim
5,Kalin
2,Kallum
2,Kalvin
2,Kamal
1,Kameron
1,Kamil
1,Kamran
1,Kamren
1,Kamron
9,Kane
1,Kanon
1,Karamjit
2,Karan
1,Karanbir
1,Karandev
1,Karanveer
1,Karanvir
1,Kardo
4,Kareem
1,Karel
9,Karl
1,Karlen
1,Karlin
1,Karnvir
1,Karson
1,Karsten
1,Kasdon
2,Kash
1,Kashe
1,Kashif
1,Kashten
2,Kashtin
1,Kashton
1,Kasra
1,Kassam
1,Kassidy
1,Kasun
1,Katlin
1,Katlyn
2,Kaveh
1,Kaven
1,Kawir
3,Kayden
1,Kayl
1,Kaylan
1,Kayle
1,Kayleb
1,Kaylen
1,Kaylin
2,Kayne
1,Kayvon
3,Keagan
1,Keanan
1,Keane
6,Keanu
25,Keaton
2,Keean
1,Keefe
22,Keegan
9,Keelan
1,Keeley
1,Keelin
2,Keely
15,Keenan
1,Keenen
1,Keenin
1,Keerubel
1,Keeton
1,Keeve
1,Kegan
1,Keggan
2,Keifer
1,Keiland
1,Keillor
2,Keinan
1,Keion
2,Keiran
2,Keiron
1,Keitan
21,Keith
4,Kelby
3,Kellan
2,Kellen
1,Keller
19,Kelly
8,Kelsey
1,Kelson
6,Kelton
6,Kelvin
3,Ken
4,Kendall
1,Kendalle
1,Kendell
1,Kendra
1,Kendrick
1,Kendrik
1,Kendyn
1,Kenedie
1,Kennan
1,Kennedy
1,Kennet
23,Kenneth
5,Kenny
1,Keno
1,Kenrick
4,Kent
7,Kenton
1,Keondre
1,Kerrigan
4,Kerry
1,Keshone-Conrad
1,Kesler
5,Kevan
107,Kevin
1,Keynan
1,Keyno
1,Keyon
1,Keysen
2,Keyton
1,Khaalid
1,Khalail
4,Khaled
3,Khalid
4,Khalil
1,Khelan
1,Khyler
1,Kia
3,Kian
1,Kidus
3,Kiefer
2,Kienan
3,Kier
17,Kieran
3,Kiernan
1,Kierson
1,Kihew
2,Kile
1,Kilian
1,Kimball
1,Kindred
1,Kingsley
1,Kinh
1,Kinley
2,Kip
2,Kiran
1,Kirby
1,Kirema
3,Kirk
1,Kirklan
4,Kirkland
1,Kirklind
1,Kirklyn
1,Kirtan
1,Kirubel
2,Kishan
1,Kit
1,Klay
1,Klayten
1,Knud
1,Koaltin
1,Kobe
1,Koben
1,Kobi
2,Kobie
2,Kodi
17,Kody
1,Koen
4,Kohl
1,Kohlbi
1,Koji
1,Kolbey
2,Kolbi
3,Kolby
10,Kole
1,Kolt
1,Koltan
4,Kolten
7,Kolton
2,Koltyn
1,Konnar
1,Konner
3,Konnor
1,Konour
3,Konrad
2,Konstantine
2,Kooper
1,Kord
1,Kordell
2,Korey
1,Kota
1,Koti
1,Kovin
1,Kraig
1,Kraigh
1,Kramer
1,Krewz
1,Krishan
1,Krishneel
1,Krisnah
1,Kristee
2,Kristen
15,Kristian
1,Kristinn
1,Kristof
6,Kristofer
1,Kristoffer
20,Kristopher
1,Kristyan
2,Krystopher
1,Krzysztof
1,Kuba
1,Kuljeet
1,Kulshaan
1,Kulwarn
1,Kunwar
1,Kurran
8,Kurt
17,Kurtis
1,Kurtlin
1,Kushaal
1,Kwesiga
2,Ky
1,Kyd
1,Kyde
1,Kye
221,Kyle
1,Kylend
14,Kyler
1,Kyle-Ray
2,Kynan
1,Kyran
1,Kyray
1,Kyrklynn
1,Kyron
1,Kysun
1,Kyven
1,L.
1,Lacere
4,Lachlan
1,Lain
6,Laine
1,Lake
1,Lakota
1,Lam
1,Lambert
1,Lamont
6,Lance
3,Landen
1,Landin
25,Landon
1,Landry
27,Lane
1,Langdon
1,Langston
1,Lansin
1,Laramee
1,Laren
1,Larence
1,Larone
1,Larry
1,Lars
1,La-Shaune
1,Lauchlin
1,Lauren
1,Laurent
1,Laval
1,Lavoy
9,Lawrence
2,Lawson
1,Laycen
15,Layne
1,Layton
1,Lazar
1,Le
12,Lee
1,Leekyle
2,Leeland
2,Leif
4,Leighton
1,Leiland
1,Leland
1,Lemuel
1,Len
1,Lendell
1,Lennox
1,Lenny
6,Leo
2,Leon
8,Leonard
1,Leonardo
2,Leroy
5,Leslie
1,Lestat
1,Lester
44,Levi
1,Levi-John
1,Lewis
1,Lexic
1,Lexxus
113,Liam
1,Liang
1,Liberty
1,Lim
6,Lincoln
3,Linden
2,Lindon
1,Lindsay
1,Ling
1,Link
2,Lionel
1,Little
1,Llewellyn
2,Lliam
5,Lloyd
1,Lochlan
150,Logan
1,Logyn
1,London
1,Lonny
1,Loren
1,Lorenc
2,Lorenz
4,Lorenzo
6,Lorne
1,Loudon
1,Louie
7,Louis
1,Louis-Lee
1,Louis-Olivier
1,Lovepreet
1,Lowell
1,Loxley
1,Loyal
5,Luc
1,Luca
69,Lucas
1,Lucciano
4,Lucus
2,Luis
2,Luka
11,Lukas
1,Lukash
1,Lukas-John
1,Lukasz
66,Luke
1,Luxman
1,Lyden
3,Lyle
1,Lyndan
8,Lyndon
1,Lynx
1,Lyren
1,M.
1,Macalan
1,Macall
2,Macaulay
1,Macauley
1,Macenzie
1,Macgregor
1,Maciej
2,Mack
55,Mackenzie
1,MacKenzie
3,Maclean
1,Macleod
1,Madden
2,Madison
1,Madison-Zachariah
1,Magnus
1,Mahlon
1,Mahmoud
1,Mairon
1,Maison
1,Majed
1,Majestic
1,Mak
2,Malachi
7,Malcolm
1,Maleek
5,Malik
1,Mamoon
1,Manan
1,Mandip
1,Mandy
1,Mankarn
1,Manny
1,Manraj
1,Manrit
1,Mantej
1,Manuel
2,Manveer
12,Marc
2,Marc-Andre
1,Marcel
1,Marchaund
14,Marco
1,Marcos
23,Marcus
1,Marek
1,Marinko
6,Mario
1,Mariusz
82,Mark
1,Mark-Christopher
1,Markian
1,Mark-Lee
4,Marko
4,Markus
1,Marley
1,Marlin
1,Marlon
1,Marouf
1,Marshal
13,Marshall
1,Martial
15,Martin
1,Marty
5,Marvin
1,Masen
48,Mason
1,Mason-Lei
1,Masson
1,Matan
1,Mateo
2,Matheson
40,Mathew
2,Mathias
8,Mathieu
1,Matriko
7,Matt
1,Matteias
6,Matteo
1,Mattheau
359,Matthew
1,Matthias
5,Matthieu
1,Matthijs
1,Matthys
2,Mattias
1,Mattland
2,Maurice
3,Mauricio
3,Maverick
11,Max
1,Maxim
2,Maxime
4,Maximilian
1,Maximilien
1,Maximillian
19,Maxwell
1,Mayson
1,Mazen
1,McAlum
1,McCance
1,McConnell
1,Mcjay-Martin
1,Mckay
1,McKenna
4,Mckenzie
1,McKenzie
1,Mckinley
1,Mckinnon
1,Mckoy
1,Mclaine
1,McLane
1,McLean
1,McTeighgan
1,Melanio
1,Melnard
2,Melvin
1,Mena
1,Menokumme
1,Merak
1,Merek
1,Merke
1,Merle
1,Merlin
1,Merrick
1,Meshkeen
1,Metayo
7,Micah
1,Micaiah
230,Michael
1,Michaelangelo
1,Michael-Angelo
26,Micheal
4,Michel
2,Michele
1,Michiel
1,Miciah
1,Mickell
3,Mickey
1,Mick-Milan
4,Miguel
1,Miguel-Bernard
2,Mikael
1,Mikalen
1,Mikauley
1,Mike-Cofie
2,Mikhail
1,Mikolai
1,Mikulas
1,Milad
8,Miles
2,Milo
1,Milos
1,Milton
5,Minh
1,Mir
1,Miraan
1,Misha
1,Mitch
1,Mitchai
11,Mitchel
101,Mitchell
1,Mitchelle
7,Mohamad
14,Mohamed
7,Mohammad
1,Mohammadmsaid
13,Mohammed
1,Mohanad
1,Mohsin
1,Monal
1,Monish
3,Montana
1,Montel
1,Montgomery
45,Morgan
1,Morgen
1,Morgynn
1,Morrissey
1,Mosab
2,Moses
1,Mostafa
1,Moussa
3,Muhammad
1,Munesh
2,Murray
1,Murtaza
1,Muskwa
2,Mustafa
2,Mustapha
8,Myles
1,Myran
3,Myron
3,Nabil
1,Nahkie
1,Nahum
1,Nairn
1,Najib
1,Najori
1,Nam
1,Nandor
1,Naphtali
1,Narcis-Kyle
5,Nash
1,Nashua
1,Nasim
1,Nasir
1,Nassir
148,Nathan
5,Nathanael
1,Nathaneal
2,Nathanial
38,Nathaniel
1,Nathanual
1,Nathen
1,Nathyn
1,Navid
1,Navjeet
2,Navjot
1,Navpaul
1,Navpreet
1,Navraj
1,Navreet
1,Navy
1,Nayef
1,Nazareth
1,Nazil
1,Neal
1,Neema
9,Neil
2,Neill
1,Neko
8,Nelson
1,Nemesio
2,Nevada
2,Nevin
1,Newell
1,Newton
1,Neyland
1,Nezar
1,Ngoc
1,Nhan
1,Nhat
1,Nhat-Huy
2,Niall
1,Nialls
1,Nicholai
235,Nicholas
1,Nicholas-Daniel
2,Nicholaus
5,Nick
1,Nickidemus
16,Nickolas
2,Nico
1,Nicolaas
26,Nicolas
1,Nicolas-Lee
1,Nidhal
1,Nielson
7,Nigel
1,Nijaz
2,Nikita
3,Nikko
2,Nikkolas
1,Niklas
2,Niko
2,Nikola
5,Nikolai
11,Nikolas
1,Nikolaus
1,Nilkanth
1,Nino
1,Nishaan
1,Nissandeep
1,Nixon
1,Nizar
47,Noah
1,Noam
6,Noel
49,Nolan
1,Noland
1,Noor
1,Norbert
2,Norman
1,Nyle
2,Oakley
1,Oakly
1,Odeon
1,Oderin
1,Odilichukwu
7,Oliver
13,Omar
2,Omer
1,O'Neil
1,Oren
1,O'Rielly
1,Orin
2,Orion
1,Orlando
1,Orrie
1,Orrin
1,Orry
3,Osama
1,Osborn
3,Oscar
1,Osman
1,Ostin
1,Otasowie
1,Otto
1,Oubaida
1,Ovando
33,Owen
3,Pablo
1,Padon
1,Paillan
1,Pandelis
1,Paolo
2,Pardeep
1,Paris
1,Parke
23,Parker
1,Parkor
1,Parmeesh
1,Parminder
1,Parmvir
1,Partap
3,Pascal
70,Patrick
1,Patryk
53,Paul
1,Paulus
1,Pavan
1,Pavel
1,Pawel
2,Payton
3,Pearce
1,Pearse
1,Pedro
1,Peirce
1,Percy
1,Perdeep
1,Perra
3,Perrin
1,Perron
1,Perry
3,Petar
51,Peter
2,Peyton
1,Phannary
1,Phaton
1,Phelan
15,Philip
1,Philippe
11,Phillip
4,Phoenix
1,Phong-Quoc
1,Phuc-Quyen
3,Pierce
1,Pierre
1,Pierse
1,Piet
1,Pietro
1,Piom
1,Piotr
1,Pius
1,Plutus
1,Poulus
1,Prabh
1,Prabhjot
1,Prabhpaul
1,Pranish
1,Pratik
1,Prayan
2,Preet
1,Preetpaul
1,Presley
1,Presten
10,Preston
1,Przemyslaw
1,Purav
4,Quade
1,Quan
1,Quayd
1,Quazi
1,Quenten
14,Quentin
1,Quentine
1,Qui
1,Quin
1,Quincy
1,Quinlan
1,Quinlin
30,Quinn
1,Quinnlan
2,Quinnten
2,Quinten
3,Quintin
16,Quinton
3,Quoc
1,Qwade
1,Raad
1,Raafat
1,Rabie
1,Rachael
1,Rackin
1,Radley
1,Raed
1,Raeven
1,Rafal
1,Raghav
1,Ragheed
3,Rahim
1,Rahman
1,Rahmeen
2,Rahul
2,Raiden
2,Raine
1,Rainy
1,Raistlin
2,Raj
2,Rajah
1,Rajan
1,Rajat
2,Rajbir
2,Rajdeep
1,Rajesh
1,Rajiv
2,Rajpal
1,Rajvinder
1,Raleigh
3,Ralph
1,Ramando
1,Rami
1,Ramiro
3,Ramy
1,Ramzie
1,Ramzy
1,Ranbir
2,Randal
3,Randall
2,Randell
1,Randon
24,Randy
1,Rane
1,Raner
1,Raoul
1,Raphael
1,Rashawn
2,Rasheed
1,Rasul-Aman
1,Ratanak
1,Raveen
3,Raven
1,Ravinder
1,Ravindran
1,Raxon
1,Ray
1,Rayden
1,Raydin
1,Raye-Vaughn
1,Raylin
28,Raymond
1,Rayn
1,Rayton
1,Ray-Von
1,Read
2,Reagan
11,Reece
9,Reed
2,Reegan
3,Reese
5,Regan
1,Reggie
3,Reginald
1,Regis
23,Reid
3,Reilly
1,Rein
1,Remi
1,Remo
1,Remond
1,Ren
1,Renard
1,Renato
1,Renaud
3,Rene
2,Reno
1,Reuban
7,Reuben
1,Revin
1,Rey
1,Reynold
8,Rhett
1,Rhett-Leigh
8,Rhys
1,Ricardo
2,Riccardo
1,Ricci
60,Richard
1,Richmond
4,Rick
1,Rickey
4,Ricky
1,Ricky-Lee
4,Riel
2,Rielly
1,Riess
1,Rikin
1,Rikuo
94,Riley
1,Rinesh
1,Rio
1,Rishabh
1,Rishi
2,Ritchie
5,River
1,Riyad
1,Rizan
1,Rizk
1,Rizzo
1,Roan
3,Robbie
1,Robby
1,Robel
107,Robert
5,Roberto
2,Robertson
8,Robin
1,Robson
1,Robyn
2,Roch
1,Rochdi
1,Rockford
2,Rocky
1,Rocque
3,Roderick
6,Rodney
1,Rodni
2,Rodrigo
1,Rodvie
1,Roenell
2,Rogan
5,Roger
2,Rohit
3,Roland
1,Rollen
9,Roman
1,Romario
1,Romeo
1,Romono
1,Romy
1,Ron
1,Ronal
10,Ronald
5,Ronan
1,Ronyn
1,Roopinder
1,Roper
14,Rory
1,Roscoe
17,Ross
2,Rowan
1,Rowdy
2,Roy
7,Royce
1,Royden
1,Ruairi
1,Ruben
1,Rubinder
1,Rudi
1,Rudolf
1,Rudolph
1,Rudy
1,Rueben
1,Rupinder
1,Ruslan
3,Russel
9,Russell
1,Russom
1,Ruvem
1,Ry
1,Ryaan
289,Ryan
1,Ryan-Chase
1,Ryatt
2,Rydell
1,Ryden
5,Ryder
1,Ryeley
1,Ryen
1,Ryker
16,Rylan
6,Ryland
1,Ryle
6,Rylee
1,Rylen
34,Ryley
3,Rylie
1,Rylon
1,Ryne
1,Ryohei
1,Ryver
1,Saad
1,Sabastian
1,Saber
1,Sabian
1,Saddiqali
1,Safa
1,Safar
3,Sagar
2,Sage
2,Sahil
2,Said
1,Sajid
1,Sajjan
1,Salah
1,Salim
1,Salman
1,Salvatore
4,Sam
1,Samair
2,Samir
1,Sammuel
2,Sampson
1,Samraj
1,Samrawi
2,Samson
2,Samual
109,Samuel
2,Sandis
1,Sandon
1,Sang
2,Sanjay
1,Sanjeshwar
1,Sanjot
1,Saren
1,Sarmad
1,Saro
1,Sash
2,Saul
2,Saurav
1,Saverio
1,Savian
7,Sawyer
1,Saxon
1,Schuyler
1,Scot
85,Scott
1,Scout
2,Seamus
77,Sean
1,Seann
1,Sebastan
18,Sebastian
2,Sebastien
1,Sefton
1,Selby
1,Sempagala
1,Sennon
1,Sergio
1,Seri
21,Seth
1,Seve
1,Seyed
2,Shadow
1,Shadrack
4,Shae
1,Shaheed
1,Shaheer
1,Shahryar
1,Shakil
1,Shamus
1,Shamyah
1,Shandy
42,Shane
2,Shaneel
1,Shaneil
1,Shanepaul
2,Shannon
1,Shanon
1,Shareef
1,Sharmarke
10,Shaun
1,Shaune
1,Shaun-Michael
2,Shaw
1,Shawinder
41,Shawn
1,Shawn-Douglas
3,Shay
1,Shayden
2,Shaydon
1,Shaye
1,Shayle
1,Shaylon
1,Shaymas
8,Shayne
3,Shea
6,Shelby
1,Sheldan
39,Sheldon
1,Shelten
3,Shemar
1,Sheraz
1,Sheridan
1,Sherwood
1,Sheydon
1,Sheyhan
1,Shezaz
1,Shian
1,Shihab
1,Shiv
1,Shivnesh
2,Shon
1,Shondene
1,Shranjit
1,Shyam
1,Shyheim
1,Shylow
1,Siak
1,Siddarth
7,Sidney
5,Silas
2,Silvio
2,Simeon
17,Simon
1,Simone
2,Simran
1,Simranjeet
2,Simranjit
1,Sina
1,Sine
1,Skaha
1,Sky
2,Skye
10,Skylar
13,Skyler
1,Skylock
1,Skylon
3,Slade
2,Sloan
1,Sohum
1,Sokoun
1,Soloman
8,Solomon
1,Sonak
1,Sonamaiz
1,Sonny
1,Soraj
1,Soriano
1,Soul
2,Spence
72,Spencer
1,Stacey
1,Stacy
1,Stanely
1,Stanislaw
4,Stanley
1,Starr
1,Stasnee
1,Stecyk
1,Steele
15,Stefan
1,Steffan
3,Stephan
4,Stephane
1,Stephawn
52,Stephen
5,Sterling
3,Stetson
2,Steve
95,Steven
1,Stevie
2,Stewart
2,Stone
1,Stonewall
1,Stoney
2,Storm
1,Stran
2,Stratton
1,Strider
16,Stuart
1,Subhaan
1,Sudhanshu
1,Sukhchain
2,Sukhdeep
2,Sukhjit
1,Sukhjot
1,Sukhpal
1,Sukhpreet
5,Sukhraj
4,Sumeet
1,Sumit
1,Sung
1,Sunjay
3,Sunny
1,Sunpreet
1,Sunvir
1,Supreet
1,Surbey
1,Surrey
1,Surya
1,Sushami
3,Sydney
1,Sylver
1,Tabhr
1,Tabias
1,Tadashi
1,Taeed
1,Taeryn
2,Taha
1,Taheer
1,Tai
2,Tait
1,Taji
2,Tajinder
1,Takaiden
1,Takoda
1,Talan
1,Talha
2,Taliesin
1,Talin
1,Tallon
1,Tallus
5,Talon
1,Talus
1,Talyn
1,Tameem
1,Tan
1,Tanbir
1,Taniel
1,Tanious
1,Tannen
99,Tanner
1,Tanton
1,Tanveer
7,Taran
2,Tarek
1,Tarik
5,Tariq
1,Taron
2,Tarren
1,Tarri
1,Tarrin
1,Taryen
3,Taryn
1,Tashaun
1,Tasmyn
7,Tate
1,Tatroy
2,Tavin
1,Tavis
1,Tavish
1,Tavneet
6,Tayler
100,Taylor
1,Taz
1,Tazdyn
1,Taze
1,Taznama
7,Teagan
1,Teck
1,Ted
2,Teegan
4,Tegan
1,Teigan
2,Teighan
2,Tell
1,Tenzin
1,Teo
2,Teran
1,Teremy
2,Terence
1,Terill
1,Terome
3,Terrance
2,Terrell
5,Terrence
1,Terrill
2,Terron
6,Terry
1,Tery
1,Te-Sun
1,Tevin
1,Tevon
1,Teygan
1,Thaddeus
2,Thai
1,Thane
1,Thang
2,Thanh
1,Thanh-Lam
1,Tharren
1,Thayle
1,Theerar
1,Theo
7,Theodore
4,Theoren
1,Therin
4,Theron
2,Thien
1,Thierry
1,Thip
118,Thomas
1,Thomis
1,Thong
1,Thoryn
2,Thunder
1,Thurman
1,Thyr
1,Tiernan
1,Tiess
2,Tim
1,Timmithy
45,Timothy
1,Tinh
4,Titus
1,Tj
1,To
1,Toben
4,Tobias
1,Toby
1,Tobyn-Robert
12,Todd
2,Tom
4,Tomas
1,Tomasz
1,Tomee
1,Tomislav
9,Tommy
11,Tony
3,Torin
1,Torry
1,Tory
1,Trace
1,Tracer
1,Trai
1,Tran
1,Travell
1,Traven
82,Travis
2,Tray
1,Trayce
1,Trayden
1,Trayson
1,Trayton
3,Tre
1,Trea
1,Trecito
1,Treighton
1,Trennon
23,Trent
1,Trenten
1,Trentin
6,Trenton
1,Trever
1,Trevin
42,Trevor
1,Trevor-Anthony
1,Trevyn
10,Trey
1,Treyden
2,Treyton
1,Trez
1,Tri
96,Tristan
31,Tristen
1,Tristien
17,Tristin
8,Triston
2,Tristyn
2,Triton
1,Trong
24,Troy
5,Truman
1,Trumann
1,Trung
1,Truong
3,Trystan
2,Trysten
1,Trystin
1,Tryston
1,Tucker
1,Tuff
1,Tunner
3,Turner
1,Tushar
52,Ty
7,Tye
1,Tyesear
1,Tyghe
1,Tyke
2,Tylan
1,Tyle
1,Tylen
1,Tylend
302,Tyler
1,Tyler-James
1,Tyler-Joel
1,Tyler-Powers
1,Tylerr
1,Tyles
1,Tyllan
4,Tylor
3,Tynan
1,Tyrade
1,Tyre
2,Tyree
10,Tyrel
26,Tyrell
1,Tyrelle
2,Tyren
1,Tyrie
1,Tyrin
2,Tyron
6,Tyrone
1,Tyrrell
3,Tyrus
1,Ty-Sean
1,Tysen
1,Tyshawn
60,Tyson
1,Tyvan
1,Tyvin
1,Ucef
1,Uchenna
1,Udhay
1,Umar
1,Usama
1,Usman
1,Utah
1,Valentin
1,Valentine
1,Van
1,Vance
1,Vanja
1,Vaun
1,Venancio
1,Venedim
1,Venlice
1,Vernon
12,Victor
1,Vijay
1,Vijaypal
2,Vikram
1,Vinay
2,Vince
1,Vincenne
28,Vincent
1,Vincenzo
2,Vinh
2,Vinson
1,Virakyuth
1,Virgilio
1,Vishal
1,Vishay
1,Vishek
1,Vittorio
1,Vivek
1,Vladimir
1,Volkan
1,Von
1,Vook
1,Wace
4,Wacey
1,Wacy
8,Wade
1,Wael
1,Wakeem
1,Waleed
1,Walid
4,Walker
1,Wallace
4,Walter
1,Warden
1,Warisjit
9,Warren
1,Waseem
1,Wasim
1,Wassim
1,Watkin
2,Wayland
5,Waylon
8,Wayne
1,Wendell
1,Wenjo
1,Wes
1,Wesam
1,Weslee
29,Wesley
1,Westmoreland
4,Weston
2,Westyn
1,Wilfred
1,Wilhelm
2,Will
1,Willem
119,William
1,William-Matthew
3,Willie
2,Willis
2,Willy
1,Wilson
1,Winson
9,Winston
1,Wiser
1,Wolf
1,Wolfgang
66,Wyatt
1,Wylan
1,Wyley
1,Wynn
1,Wynton
12,Xavier
1,Xian
1,Xuan
1,Yancy
1,Yannis
1,Yari
1,Yassine
1,Yiu-Tung
1,Yogesh
1,Yonael
2,Yonas
1,Yosief
1,Young
1,Young-Jin
1,Yousef
1,Youseff
1,Yousif
1,Youssef
1,Yunis
2,Yusuf
1,Yuvraj
1,Yves
1,Zaakary
1,Zacarias
1,Zacary
2,Zach
1,Zacharia
1,Zachariah
1,Zacharias
4,Zacharie
1,Zacharry
194,Zachary
1,Zachary-Quaid
1,Zacheary
1,Zacheria
16,Zachery
3,Zack
9,Zackary
11,Zackery
1,Zackory
1,Zackry
1,Zahin
5,Zain
1,Zak
2,Zakariya
3,Zakary
1,Zakery
1,Zakir
1,Zakiree
1,Zakkery
1,Zakri
2,Zaman
1,Zameer
1,Zandis
17,Zane
1,Zarley
1,Zayd
2,Zayne
1,Zechariah
1,Zeeshan
1,Zehlon
1,Zeiss
1,Zenan
1,Zenon
1,Zeth
1,Zetland
1,Zhen
1,Zheng-Wen
3,Ziad
1,Zion
1,Ziyaan
1,Ziyan
1,Zoey
1,Zuhair
1,Zvezdan
1,Zzak