1,A.
2,A.J.
1,Aadam
1,Aaidan
1,Aaman
65,Aaron
1,Aarron
1,Aatif
1,Aazam
1,Abby
2,Abdallah
1,Abderahim
1,Abdiqani
1,Abdirahman
6,Abdul
6,Abdullah
2,Abdullahi
2,Abdulrahman
1,Abdul-Rahman
1,Abdulsalam
1,Abdurrehman
1,Abe
1,Abel
1,Abhishek
1,Abneet
1,Abner
2,Abraham
2,Abram
1,Achille
115,Adam
1,Adan
1,Adbirahim
1,Addis
3,Addison
1,Adeem
4,Aden
1,Adesegun
2,Adil
1,Adilard
2,Adin
2,Aditya
1,Adnan
2,Adonis
1,Adrean
1,Adri
22,Adrian
1,Adrielle
1,Adrien
2,Adrik
1,Afil
1,Agashdeep
1,Aggar
1,Ahasan
7,Ahmad
14,Ahmed
1,Ahmet
1,Ahson-Naseer
1,Ahtesham
91,Aidan
39,Aiden
1,Aidon
1,Aimal
1,Aimanjot
1,Ainea
1,AJ
2,Ajay
1,Ajee
1,Akaash
4,Akash
1,Akashdeep
1,Akiel
1,Akio
1,Akram
1,Aksel
3,Alaa
1,Alaaudeen
7,Alan
1,Alaric
1,Alban
1,Alberic
11,Albert
1,Alberto
1,Albion
1,Alder
1,Aldin
1,Aldo
1,Aldrin
5,Alec
1,Alejandro
2,Aleksandar
1,Aleksander
1,Alesandro
1,Alessandro
29,Alex
1,Alexandar
172,Alexander
1,Alexander-Jonas
1,Alexandra
4,Alexandre
1,Alexei
2,Alexis
2,Alfonso
1,Alfred
1,Alger
27,Ali
1,Alic
1,Alijah
2,Alistair
1,Alixandr
6,Allan
1,Allan-Dean
6,Allen
1,Allen-Joseph
2,Allister
1,Allken
1,Ally
2,Alphonse
1,Alvaro
4,Alvin
1,Aly
1,Amadeo
3,Aman
2,Amandeep
1,Amang
1,Amanual
1,Amanueal
2,Amar
1,Amardeep
1,Amarjot
2,Ambrose
1,Ameena
1,Ameer
1,Amin
4,Amir
1,Amit
1,Ammon
1,Amnider
3,Amos
1,Amran
1,Amrinder
3,Amrit
1,Amsal
1,An
3,Anders
9,Andre
6,Andreas
1,Andrei
1,Andrej
133,Andrew
1,Andrh
3,Andri
3,Andris
12,Andy
1,Andy-Duc
1,Aneesh
1,Angad
2,Angel
3,Angelo
2,Angus
1,Anika
1,Anikait
1,Ankit
2,Anlon
2,Anmol
1,Anojan
1,Ansel
1,Anselmo
5,Anson
1,Anthany
1,Anthoney
77,Anthony
1,Antoine
4,Anton
8,Antonio
2,Antony
1,Apraj
1,Aradhya
2,Arashdeep
1,Arda
1,Arden
1,Areeb
1,Arek
1,Aria
1,Arie
1,Aries
1,Aristotle
1,Arizenna
2,Arjan
3,Arjun
1,Arlen
1,Arlin
10,Armaan
1,Arman
3,Armand
2,Armann
1,Armen
1,Armeyas
1,Armin
1,Armond
2,Arnie
2,Arnold
2,Aron
1,Arpan
1,Arran
1,Arrel
1,Arron
2,Arsal
1,Arsam
1,Arsdeep
1,Arshdeep
1,Arshpreet
8,Arthur
1,Arya
1,Aryaan
2,Aryton
2,Asad
1,Aseer
1,Ashe
3,Asher
1,Ashish
1,Ashley
1,Ashman
1,Ashpreet
1,Ashtin
31,Ashton
1,Ashton-James
2,Ashtyn
1,Asiniy
1,Asmir
1,Aston
1,Atlas
1,Atrayu
1,Atta-Ul-Noor
1,Atticus
1,Aubern
3,Aubrey
1,August
1,Aurel
2,Austen
161,Austin
1,Austin-Jules
2,Auston
1,Austyn
1,Autre-Riche
1,Averill
22,Avery
1,Avikash
1,Aviraj
1,Avishek
2,Avry
1,Awner
2,Axel
1,Axel-Benoit
1,Axl
2,Aydan
19,Ayden
1,Ay'Den
1,Aydin
1,Ayman
1,Aymon
1,Ayrton
1,Ayudo
1,Azaan
1,Azam
1,Babbu
1,Badal
1,Baden
1,Badr
1,Baheran
31,Bailey
1,Baily
1,Bakr
1,Balkaran
2,Balraj
1,Balrajan
2,Baltej
1,Banny
1,Banraj
1,Baraka
1,Barbara
1,Barend
1,Barento
1,Baris
1,Barret
3,Barrett
1,Barron
1,Bartosz
1,Basel
1,Basem
1,Bashaarath
1,Bashirahmed
1,Basil
1,Bassem
1,Bastiaan
1,Baylee
1,Baylen
3,Beau
1,Beauregard
1,Beese
1,Behzad
3,Belal
10,Ben
1,Benedict
1,Benesi
3,Benjamen
193,Benjamin
2,Benjamine
1,Benjiman
7,Bennett
1,Benny
1,Bensen
3,Benton
1,Berg
1,Bergen
1,Bernard
1,Bernhord
1,Bernie
1,Bert
1,Bevan
1,Bhagat
1,B,i-Emente
1,Bijan
1,Bikram
3,Bilal
1,Billal
1,Binyam
1,Birhad
1,Bjorn
2,Bjvrn
4,Blade
1,Bladen
1,Blaide
1,Blain
5,Blaine
10,Blair
1,Blaire
3,Blaise
44,Blake
1,Blayde
1,Blayke
3,Blayne
1,Blayre
1,Blayze
5,Blaze
1,Bleart
1,Bleyd
1,Boaz
1,Bob
4,Bobby
1,Bodacious
1,Bodin
1,Bodine
1,Boedergard
2,Bojan
1,Booker
1,Borhan
1,Boris
2,Bosco
1,Boston
1,Bowen
2,Boyd
1,Boyza
3,Brad
1,Bradden
42,Braden
1,Bradey
42,Bradley
4,Bradly
3,Bradon
1,Bradson
35,Brady
4,Braedan
26,Braeden
7,Braedon
3,Braedyn
1,Braeson
1,Brahmdeep
8,Braiden
1,Braidon
1,Braidy
1,Braidyn
1,Brailey
1,Bram
2,Brandan
21,Branden
1,Brandin
193,Brandon
1,Brandon-James
3,Brandt
2,Brannon
1,Branson
3,Brant
1,Braunson
4,Braxton
1,Braxxton
1,Braydan
85,Brayden
1,Braydie
2,Braydin
23,Braydon
2,Brayson
2,Breaden
1,Breccan
1,Brecken
1,Brecon
1,Breeze
1,Brenan
76,Brendan
1,Brendell
21,Brenden
1,Brendin
10,Brendon
3,Brendyn
24,Brennan
2,Brennen
18,Brent
6,Bret
69,Brett
1,Bretton
1,Breyden
1,Breydon
26,Brian
5,Brice
1,Briggs
1,Brigham
1,Brilee
1,Briley
1,Brim
1,Brison
1,Britain
1,Broc
16,Brock
1,Broden
1,Brodey
12,Brodie
1,Brodie-Michael
27,Brody
3,Brogan
1,Bronc
2,Bronson
1,Brooklin
1,Brooks
1,Brosnan
7,Bruce
1,Bruce-Marko
1,Bruno
11,Bryan
1,Bryant
44,Bryce
1,Brycne
7,Bryden
2,Brydon
4,Bryn
1,Brynden
1,Brynton
6,Bryson
1,Bryton
1,Bunya
1,Burk
6,Byron
1,Cabuijabar
1,Cache
11,Cade
14,Caden
1,Cadence
1,Caedmon
1,Caehlan
2,Cael
5,Caelan
2,Caelen
1,Caelin
2,Caidan
1,Caiden
2,Caige
1,Cailen
2,Caillou
1,Cain
2,Caine
2,Caius
1,Calden
1,Calder
15,Cale
71,Caleb
2,Calem
4,Calen
1,Calib
1,Calin
1,Calium
1,Callaghan
12,Callum
4,Calum
13,Calvin
2,Camden
1,Camerin
95,Cameron
1,Campbell
1,Camren
3,Camron
1,Cannon
1,Caprice
1,Cardel
12,Carl
1,Carlietto
9,Carlos
3,Carsen
57,Carson
1,Carsten
89,Carter
1,Carter-Douglas
2,Carver
9,Casey
2,Cash
1,Cashton
2,Cassius
1,Cathan
5,Cauy
1,Cavin
1,Cavy
8,Cayden
1,Caydin
1,Cayl
1,Cayman
1,Cayne
1,Cayto
2,Cecil
1,Cejay
2,Cesar
5,Chace
18,Chad
1,Chadd
1,Chadwin
1,Chadwyck
1,Chae
1,Chain
1,Chais
1,Chaise
1,Chaisson
24,Chance
1,Chanceler
9,Chandler
1,Chanel
1,Chanpreet
1,Chanse
1,Chanz
27,Charles
5,Charlie
77,Chase
1,Chason
1,Chastyn
1,Chaten
1,Chauncey
1,Chayce
1,Chayden
1,Chayse
3,Chayton
5,Chaz
1,Chazden
4,Chazz
1,Chee-Hao
1,Chepyren
1,Chesley
2,Chester
1,Chevalier
1,Chevelle
1,Chevy
1,Cheyenne
1,Chi
1,Chip
1,Chirsto
1,Chivas
1,Chol
2,Chris
2,Christiaan
44,Christ,ian
1,Christien
1,Christophe
112,Christopher
1,Chrystopher
1,Cian
1,Ciaran
1,Clarence
2,Clark
1,Clarke
2,Claude
1,Claudy
7,Clay
1,Claydin
1,Claytin
23,Clayton
1,Clear
1,Cleeve
2,Clement
1,Cliff
2,Clifford
3,Clint
5,Clinton
1,Clyde
1,Coady
1,Cobe
1,Cobie
4,Coby
1,Coden
1,Codi
1,Codi-lee
74,Cody
1,Cody-John
3,Cohen
2,Colbey
1,Colbi
20,Colby
123,Cole
1,Colemyn
1,Cole-Stephan
5,Coleton
20,Colin
7,Collin
1,Colman
2,Colson
2,Colt
1,Coltan
9,Colten
5,Colter
3,Coltin
71,Colton
1,Coltrane
2,Coltyn
1,Colyn
1,Conall
2,Conlan
2,Conlen
1,Conley
1,Connar
28,Conner
1,Connlan
1,Connolly
128,Connor
1,Conoll
13,Conor
7,Conrad
1,Conroy
12,Cooper
1,Corben
12,Corbin
1,Corbon
1,Corby
1,Corbyn
1,Cordain
3,Cordell
8,Corey
1,Corin
2,Cormac
1,Corneillius
5,Cornelius
1,Cornell
1,Corni
3,Corny
1,Corrigan
1,Cort
1,Corwin
12,Cory
1,Courtney
1,Coy
9,Craig
1,Creden
1,Creed
1,Creedyn
1,Creegan
1,Creeson
1,Creighton
1,Cristian
1,Crouger
1,Cruise
1,Cruz
5,Cullen
1,Curran
1,Curren
22,Curtis
1,Curtis-Joseph
1,Cydney
1,Cygnus
1,Cyle
1,Cyles
1,Cylus
1,Cyr
3,Cyrus
1,Dacien
1,Dade
1,Daden
1,Daelen
1,Daemen
1,Dailyn
2,Dakoda
24,Dakota
4,Dale
1,Dalen
1,Dallace
3,Dallan
22,Dallas
2,Dallen
4,Dallin
4,Dallyn
1,Daltan
1,Daltin
24,Dalton
3,Dalyn
2,Daman
1,Damein
1,Dameion
1,Damen
15,Damian
15,Damien
31,Damon
5,Dan
1,Dana
3,Dane
2,D'Angelo
3,Danial
1,Danick
180,Daniel
1,Danilo
2,Danny
15,Dante
1,Dantek
4,Danti
1,Danyael
1,Danyal
1,Danyon
1,Darby
6,Darcy
1,D'Arcy
1,Dareh
1,Darek
1,Daren
20,Darian
6,Darien
3,Darin
1,Dario
2,Darion
7,Darius
1,Dariyne
1,Darko
1,Darnell
2,Darrel
20,Darren
2,Darrian
1,Darrick
3,Darrien
1,Darrin
2,Darryl
1,Dartagnan
1,D'Artangon
1,Dartanian
1,Dartanin
4,Darwin
1,Daryl
1,Dat
1,Daunte
1,Daunti
1,Davani
2,Dave
1,Davey
95,David
4,Davin
15,Davis
1,Davon
1,Davor-Josh
3,Davyn
2,Dawood
1,Dawsen
87,Dawson
2,Dax
1,Dayce
2,Daylan
6,Daylen
3,Daylin
4,Daylon
1,Daymond
6,Dayne
1,Daysen
2,Dayson
1,Dayten
1,Daytin
8,Dayton
1,Daytona
1,Dazznick
2,Deacon
1,Deacon-Thomas
2,Deacun
8,Dean
1,Deandre
8,Declan
1,Deejay
1,Deen
1,Dekiah
2,Deklan
3,Delaney
1,Delbert
1,Delmer
1,Delsin
1,Delwin
1,Demetri
1,Demitrios
1,Deneir
3,Deng
1,Denis
9,Dennis
2,Denny
1,Denon
5,Denver
6,Denzel
1,Denzyl
1,Deon
1,Dereck
28,Derek
6,Derian
1,Deric
2,Derick
1,Derien
1,Derrek
4,Derrick
1,Derrien
1,Dervin
1,Deryk
1,Deshawn
1,Deslynd
7,Desmond
1,Destin
1,Destyn
1,Dev
2,Devan
5,Deven
1,Deveron
1,Devery
36,Devin
1,Devinn
4,Devlin
55,Devon
1,Devoni
1,Devun
6,Devyn
5,Dexter
1,Dexton
1,Dezmon
3,Dezmond
1,Dhruw
1,Dick
11,Diego
1,Diing
1,Diljot
1,Dilkaran
7,Dillan
1,Dillen
18,Dillon
5,Dilraj
2,Dimitri
1,Dino
1,Dion
1,Dionysios
1,Diquarrie
3,Dirk
1,Dishen
1,Dixon
1,Dlam
3,Dmitri
1,Dolan
1,Doltan
2,Domanic
2,Domanick
1,Domenic
20,Dominic
6,Dominick
2,Dominik
1,Dominique
1,Don
1,D'on
9,Donald
4,Donavan
2,Donavin
4,Donavon
1,Donivan
1,Donny
15,Donovan
1,Doran
10,Dorian
1,Dorien
2,Dorin
1,Dorion
1,Dorran
1,Dorrian
1,Doryen
9,Douglas
1,Dovid
1,Dra
1,Draedon
1,Draeton
1,Draiden
1,Draigan
4,Drake
2,Draven
1,Dray
7,Drayden
1,Draydn
1,Draydon
1,Drayke
2,Drayson
1,Draythany
2,Drayton
1,Dre
1,Dreden
1,Dredon
1,Dregan
10,Drew
1,Drey
2,Dreydin
1,Dreydon
1,Dreytin
3,Dreyton
2,Dri
1,Dropen
4,Dryden
1,Duke
1,Dulton
24,Duncan
1,Durwin
1,Dusten
37,Dustin
1,Dusty
1,Dustyn
1,Dutch
2,Dwayne
5,Dwight
1,Dwyer
1,Dyami
1,Dyce
147,Dylan
1,Dylano
1,Dylian
2,Dyllan
1,Dyllon
3,Dylon
1,Dyson
1,Eagle
1,Eamon
1,Eamonn
1,Eashver
1,Eason
1,Eastin
10,Easton
1,Ebade
1,Edan
2,Edgar
2,Edison
2,Edmond
2,Edmund
3,Edric
1,Edrick
1,Eduardo
14,Edward
3,Edwin
1,Ehab
1,Ehan
1,Elan
2,Eldon
1,Eldrick
6,Eli
2,Elia
1,Eliada
1,Eliah
1,Elian
15,Elias
1,Elie
1,Elier
1,Eligah
33,Elijah
1,Eliot
1,Elisha
1,Ellijah
6,Elliot
3,Elliott
1,Elliotte
1,Elmir
1,Elois
1,Elric
2,Elton
4,Elvis
1,Elwin
1,Elyas
1,Elyon
1,Elyott
1,Eman
1,Emanuel
1,Emen
2,Emery
1,Emil
2,Emile
1,Emilio
1,Emir
1,Emma
3,Emmanuel
5,Emmett
1,Emmi
3,Emmitt
1,Emon
1,Emory
1,Emroy
1,Ender
1,Endrit
2,Enrique
2,Enzo
1,Erasmus
149,Eric
3,Erich
3,Erick
27,Erik
2,Erin
1,Erkki
4,Ernest
1,Erwin
1,Esean
2,Eston
1,Etan
266,Ethan
1,E'than
1,Ethane
1,Ethyn
2,Etienne
1,Ettienne
1,Euan
3,Eugene
117,Evan
1,Evander
1,Everest
6,Everett
1,Everitt
1,Evert
1,Evret
3,Ewan
1,Eyass
1,Eyrk
1,Ezaray
1,Ezeiel
2,Ezekiel
6,Ezra
1,Fahad
1,Fajr
1,Falon
1,Fareed
1,Faren
2,Farhan
1,Farren
1,Fathallah
1,Fatmir
1,Faust
1,Fawad
1,Fayez
1,Federico
1,Felix
1,Feraas
1,Fernando
1,Ferris
1,Filip
1,Filipe
1,Finlay
4,Finn
1,Firoz
1,Fisayo
1,Flavian
1,Fletcher
1,Floorens
1,Flynn
1,Foda
2,Foster
1,Fox
2,Francesco
6,Francis
1,Francise
1,Francois
1,Frangois
14,Frank
2,Franz
1,Frazer
1,Frazier
1,Fred
1,Freddie
1,Frederic
2,Frederick
1,Frederique
1,Fredrick
1,Fredrik
1,Freeman
1,Fridiric
1,Fullbright
1,Furmaan
2,Fynn
1,Fynnis
1,Gabe
1,Gabrial
42,Gabriel
2,Gabriele
1,Gabryel
2,Gagandeep
1,Gaganjot
19,Gage
1,Gaige
1,Ganesh
1,Garang
1,Garbo
1,Garek
6,Gareth
3,Garett
1,Garin
2,Garren
4,Garret
24,Garrett
1,Garrick
1,Garris
4,Garrison
3,Garth
1,Garvin
8,Gary
1,Garyn
1,Gaspar
1,Gates
1,Gatkuoth
1,Gatlin
2,Gauge
35,Gavin
1,Gavyn
1,Gearyn
1,Gellen
1,Gen
1,Genesis
1,Genevei
1,Gent
1,Geoff
1,Geofferey
2,Geoffrey
1,Geordan
1,Geordy
14,George
1,Geovanni
1,Geovanny
6,Gerald
1,Geran
1,Gericko
2,Germaine
1,Gerrik
1,Gerry
1,Ghanem
1,Ghulam
1,Gia
1,Gianluca
1,Gianpaolo
1,Gibb
3,Gideon
1,Gierhard
3,Gilbert
1,Gilles
2,Gino
2,Giovanni
1,Gireesh
2,Giuseppe
3,Glen
3,Glenn
1,Glyn
1,G'Mari
1,Godfrey
1,Gorav
1,Gordie
11,Gordon
1,Gracyn
7,Grady
1,Gradyn
8,Graeme
16,Graham
1,Graidon
1,Granger
9,Grant
1,Grantly
2,Grayden
4,Graydon
3,Graysen
9,Grayson
2,Greg
1,Gregor
22,Gregory
3,Greyson
1,Griffen
23,Griffin
1,Grifin
2,Guerin
1,Guillaume
1,Gulzar
2,Gunner
1,Gurbir
1,Gurjiwan
2,Gurjot
1,Gurkamal
1,Gurkaran
1,Gurkarmjot
2,Gurkarn
1,Gurkirat
1,Gurkirpal
1,Gurnoor
3,Gurpreet
1,Gurshaan
1,Gurshan
1,Gursharan
1,Gursharn
2,Gursimran
1,Gurtek
1,Gurvansh
1,Gurvir
1,Gustavo-Gabriel
1,Guy
1,Gwyr
1,Hadden
2,Haden
1,Hadi
1,Hadriane
1,Hady
1,Haeley
1,Haider
1,Haidyn
1,Hail
1,Haison
1,Hakam
1,Hal
2,Halen
1,Hamadi
1,Hamdi
1,Hamel
1,Hamilton
1,Hamish
2,Hamza
1,Hamzah
1,Hamzee
1,Han
1,Hani
2,Hans
2,Harbir
1,Harinderpal
1,Harjap
1,Harjeewan
1,Harjesven
1,Harjot
1,Harkamal
1,Harland
2,Harley
4,Harman
1,Harmanjot
1,Harmeet
1,Harmen
1,Harold
1,Haron
2,Haroon
17,Harrison
2,Harry
1,Harsaajan
1,Harsh
1,Harsimronjoot
1,Harvey
1,Hasan
2,Haseeb
1,Hashaam
1,Hashar
1,Hashem
5,Hassan
1,Haughtman
2,Haven
1,Hawke
31,Hayden
1,Haydon
1,Haydyn
1,Hayes
1,Heath
2,Heinrich
1,Hemish
1,Hendrick
1,Henok
2,Henri
1,Henri-Rea
14,Henry
2,Herbert
1,Herman
1,Heston
1,Hewson
1,Hien
1,Hieu
1,Hilton
3,Himmat
3,Hoang
2,Hogan
1,Hogar
1,Hokan
3,Holden
1,Honan
1,Hong
1,Hoshang
1,Houssam
1,Houssien
3,Houston
3,Howard
1,Howie
1,Hudeyfa
9,Hudson
4,Hugh
1,Humphrey
3,Humza
1,Hung
87,Hunter
1,Huntyr
2,Hussain
1,Hussam
4,Hussein
2,Hussien
2,Huu
1,Huynh
1,Hzriliil
4,Iain
39,Ian
1,Ianjon
7,Ibrahim
1,Igor
1,Ijaaz
2,Ilias
1,Ilyaz
1,Imel
1,Imile
1,Immanuel
1,Imran
1,Imtiaz
1,Irfan
1,Iric
1,Irzadi
56,Isaac
3,Isaak
42,Isaiah
1,Isaias
1,Isaicc
1,Isak
2,Ishaan
1,Ishkaran
1,Ishmeet
1,Isiah
1,Ismael
2,Ismail
1,Israel
1,Israkl
3,Issac
1,Issak
1,Issan
1,Issay
8,Ivan
1,Izaac
1,Izaak
1,Izacc
1,Izaiah
1,Izak
1,Izayah
1,Jaafar
18,Jace
1,Jacey
81,Jack
1,Jack-Henry
3,Jackie
60,Jackson
6,Jacky
234,Jacob
1,Jacobe
1,Jacques
1,Jad
1,Jaddeus
5,Jade
48,Jaden
1,Jadian
1,Jadn
7,Jadon
3,Jadyn
1,Jaecob
1,Jaedan
1,Jaeden
1,Jaedhen
1,Jaedon
1,Jaedyn
1,Jagan
1,Jagbal
2,Jagdeep
1,Jagdev
1,Jagdevon
2,Jager
1,Jagjot
1,Jagmeet
1,Jagr
1,Jagteshwar
1,Jaguar
1,Jagur
1,Jahanzeb
1,Jahin
2,Jahmar
1,Jahson
2,Jai
1,Jaice
1,Jaideep
5,Jaiden
1,Jaiman
2,Jaime
1,Jaisan
1,Jaiven
45,Jake
1,Jakeb
1,Jakin
28,Jakob
2,Jakota
1,Jakson
1,Jakub
1,Jakyb
2,Jaleel
6,Jalen
1,Jalin
1,Jallal
2,Jamal
1,Jameel
1,Jameishan
1,Jamel
125,James
1,Jameson
1,James-Paul
1,James-Thomas
1,Jamey
13,Jamie
3,Jamieson
2,Jamil
2,Jamin
1,Jamis
1,Jamond
1,Jan
1,Janak
1,Jangkou
1,Janson
1,Jany
1,Jan-Yaeger
1,Japind
1,Japnam
1,Jareb
106,Jared
1,Jared-Daniel
2,Jarek
7,Jaren
1,Jaret
1,Jareth
3,Jarett
1,Jarin
1,Jarius
1,Jarjay
19,Jarod
1,Jarome
3,Jaron
7,Jarred
2,Jarret
7,Jarrett
1,Jarrid
2,Jarrod
1,Jarron
6,Jarvis
4,Jaryd
1,Jaryn
2,Jasandeep
1,Jasdeep
2,Jase
1,Jasen
1,Jashan
1,Jashandeep
1,Jashanjot
1,Jashua
4,Jaskaran
2,Jaskarn
1,Jaskirat
1,Jaskran
3,Jasman
64,Jason
10,Jasper
1,Jaspreet
1,Jasvinder
1,Jaswinder
1,Javan
2,Javen
1,Javien
1,Javier
1,Javis
4,Jax
1,Jaxan
1,Jaxen
1,Jaxin
18,Jaxon
1,Jax-Sai
2,Jaxson
1,Jaxton
6,Jay
6,Jayce
2,Jaycee
1,Jaycob
1,Jaydan
1,Jayde
1,Jaydean
1,Jaydee
64,Jayden
3,Jaydin
5,Jaydon
1,Jayke
1,Jayken
1,Jaylin
1,Jayme
1,Jaymen
5,Jayson
1,Jayten
1,Jayton
1,Jaytona
1,Jayveel
1,Jean
1,Jean-Luc
1,Jean-Paul
1,Jed
1,Jediah
1,Jedidiah
3,Jefferson
3,Jeffery
21,Jeffrey
1,Jehad
1,Jennen
1,Jenner
2,Jensen
2,Jenson
1,Jephrey
1,Jerace
3,Jerad
1,Jerald
1,Jeramiah
1,Jeramy
1,Jerdon
7,Jeremiah
1,Jeremie
51,Jeremy
1,Jeren
4,Jericho
1,Jerin
5,Jerome
2,Jeromy
2,Jeron
1,Jerrad
1,Jerrald
1,Jerred
1,Jerrette
1,Jerrick
2,Jerrid
1,Jerrod
8,Jerry
1,Jersey
1,Jesaia
1,Jeshonjay
75,Jesse
10,Jessie
1,Jessy
4,Jet
2,Jethro
8,Jett
1,Jett-Loong
2,Jevon
1,Jharin
1,Jhett
1,Jhovit
1,Jhujhar
1,Jia
4,Jihad
5,Jimmy
1,Jin
2,Jirimie
1,Jirimy
1,Jirome
1,Joaquin
2,Joash
1,Job
2,Joben
1,Jock
1,Joda
1,Jodaya
2,Jodhvir
1,Jodi
2,Jody
1,Joe
52,Joel
1,Joele
1,Joelyn
1,Joe-Mike
11,Joey
1,Joffre
4,Johan
1,Johann
2,Johannes
1,Johathan
80,John
1,Johnan
1,Johnanthan
15,Johnathan
7,Johnathon
1,John-Henry
1,John-James
7,Johnny
1,Johnothan
1,Johnrey
2,Johnson
2,Johny
1,Joil
1,Joji
1,Jomar
3,Jon
1,Jona
29,Jonah
1,Jonard
9,Jonas
80,Jonathan
1,Jonathen
10,Jonathon
1,Jonaven
1,Jorawar
201,Jordan
1,Jordan-Ray
8,Jorden
3,Jordie
4,Jordin
13,Jordon
2,Jordy
1,Jordyn
1,Joreal
1,Jorel
1,Joren
1,Jorestin
1,Jorey
1,Jorgen
2,Jory
1,Josam
3,Jose
1,Josef
100,Joseph
6,Josh
1,Joshawa
1,Joshiya
350,Joshua
1,Joshua-Darion
24,Josiah
1,Josiah-James
1,Josph
1,Josui
4,Jovan
1,Jovin
1,Juan
1,Juan-Diego
1,Juangel
3,Jude
1,Juel
1,Jugmeet
19,Julian
12,Julien
1,Julio
1,Junaid
1,Junan
1,Junho
1,Junii
1,Junior
1,Junoir
1,Jun-Sup
1,Justen
12,Justice
175,Justin
2,Justis
1,Justise
6,Justus
3,Justyn
1,Justys
1,Kaahir
1,Kabe
2,Kacey
14,Kade
23,Kaden
6,Kadin
1,Kadir
1,Kadrick
3,Kadyn
4,Kaeden
1,Kaedom
1,Kaedon
3,Kael
1,Kaelan
2,Kaelen
1,Kaelin
1,Kaern
3,Kagan
10,Kai
1,Kaid
1,Kaidan
14,Kaiden
1,Kaidryan
1,Kaige
1,Kailen
1,Kailin
1,Kailion
1,Kaiman
6,Kain
2,Kaine
1,Kaj
2,Kal
23,Kale
17,Kaleb
1,Kaleel
1,Kaleim
3,Kalem
3,Kalen
1,Kalin
1,Kalix
2,Kallen
1,Kalub
3,Kamal
1,Kambal
1,Kamden
4,Kameron
2,Kamil
1,Kamiyosisi
1,Kamran
11,Kane
1,Kaneda
1,Kanyn
1,Kapri
1,Karam
1,Karamvir
4,Karan
1,Karanjot
1,Karanpreet
3,Karanvir
1,Karar-Ali
1,Kareem
4,Karim
7,Karl
1,Karl-Angelo
1,Karlos
1,Karlous
1,Karnveer
5,Karsen
7,Karson
1,Karstan
2,Karsten
4,Karter
1,Kase
1,Kashtin
1,Kasper
1,Kassim
2,Kastin
1,Katlin
1,Kato
1,Kaugen
1,Kavan
1,Kave
1,Kavon
1,Kayd
1,Kaydem
13,Kayden
1,Kaydn
1,Kayel
1,Kayl
1,Kayle
1,Kaylem
2,Kayler
1,Kaymen
1,Kayne
1,Kayra
1,Kazu
1,Kazure
8,Keagan
2,Keagen
1,Keal
1,Kealan
1,Kealin
2,Kean
1,Keanan
1,Keanen-Lee
1,Keano
1,Keanon
3,Keanu
14,Keaton
30,Keegan
1,Keeghan
10,Keelan
16,Keenan
2,Keenen
1,Kegan
1,Kehiw
1,Kehler
2,Keigan
2,Keighan
1,Keighden
1,Keihen
2,Keilan
1,Keiler
1,Keir
4,Keiran
1,Keiron
13,Keith
1,Keithen
1,KeithMicheal
1,Keiyan
1,Kelby
1,Keldon
4,Kellen
8,Kelly
1,Kelsey
1,Kelsy
1,Kelten
5,Kelton
1,Kelven
9,Kelvin
1,Kemarr
2,Ken
1,Kenan
1,Kendal
2,Kendall
3,Kendell
1,Kendrew
2,Kendrick
1,Kenji
3,Kennedy
19,Kenneth
3,Kenny
5,Kent
1,Kentin
7,Kenton
1,Kenzie
1,Keon
1,Keona
1,Kepler
1,Kerian
1,Kerrar
1,Kerry
1,Kerstin
2,Kesler
1,Keston
1,Kestyn
2,Keven
56,Kevin
1,Kevonte
2,Kevyn
1,Kewei
1,Key
2,Keyan
1,Keygon
1,Keylan
1,Keynan
2,Keyon
1,Keyton
2,Khai
1,Khalaish
1,Khale
3,Khaled
2,Khalil
1,Khalile
1,Khamis
2,Khang
1,Khayman
1,Khaymann
1,Khaymen
1,Khelden
1,Khiet
2,Khoal
1,Khobe
1,Khoi
1,Khryztofor
1,Khushbir
4,Kian
1,Kieden
1,Kiefer
2,Kiel
1,Kienan
1,Kier
29,Kieran
3,Kiernan
1,Kieron
1,Kierran
1,Kierun
1,Killian
1,Kimo
1,Kindred
1,King
1,Kinley
1,Kirandeep
1,Kirby
1,Kiren
2,Kirin
2,Kirk
1,Kirklan
1,Kirkland
1,Kirtan
2,Kit
1,Kiyanaw
1,Kjarton
1,Kjel
1,Klay
1,Klye
2,Knight
1,Knsik
2,Koal
1,Koalson
10,Kobe
2,Kobi
1,Kobie
2,Koby
1,Koda
1,Kodie
12,Kody
4,Koen
1,Kogen
1,Kohan
1,Kohen
4,Kohl
1,Kolbie
7,Kolby
12,Kole
1,Kolemin
1,Koleton
1,Kolson
2,Kolten
1,Koltin
8,Kolton
1,Koltyn
1,Kolus
1,Konan
2,Konner
2,Konnor
2,Konrad
1,Konstantin
1,Kooper
3,Korbin
1,Kordelle
1,Korey
1,Kori
1,Kornelius
1,Kortez
2,Kory
1,Kosta
1,Kota
1,Koty
1,Kree
1,Kreedence
1,Kreston
2,Kris
1,Krishen
1,Krishneal
1,Krishneel
1,Krishnell
1,Kristen
7,Kristian
3,Kristofer
11,Kristopher
1,Krystian
1,Kryzsytos
8,Kurt
11,Kurtis
1,Kurtus
1,Kutter
1,Kwadwo
1,Kwame
1,Ky
2,Kye
1,Kylar
172,Kyle
1,Kylee
20,Kyler
1,Kynen
1,Kyreese
1,Kyron
1,Kyson
4,Lachlan
1,Laeden
1,Lahndon
4,Laine
1,Laird
1,Lake
1,Lamontt
1,Lan
3,Lance
4,Landan
6,Landen
28,Landon
2,Landyn
23,Lane
1,Lanny
1,Laredo
1,Laren
3,Larry
1,Lars
1,Larson
1,Lathan
1,Lauchlan
6,Lawrence
3,Lawson
1,Layden
1,Laykin
12,Layne
3,Layton
1,Lazar
1,Leandro
4,Lee
1,Leeland
1,Leeon
1,Leif
1,Leilynd
3,Leland
1,Lennie
1,Lennon
2,Lennox
1,Lennus
6,Leo
4,Leon
2,Leonard
1,Leon-Long
1,LeRoy
1,Lester
43,Levi
3,Lewis
164,Liam
1,Liam-Robert
4,Lincoln
5,Linden
1,Lindon
1,Lion
1,Lionel
1,Lisa
2,Lloyd
1,Lochiel
2,Lochlan
1,Lochlann
1,Loclyn
1,Loeden
1,Logain
140,Logan
1,Logan.
1,Logen
1,Logonyi
1,Longar
4,Lonnie
1,Loren
3,Lorenzo
1,Lorin
4,Lorne
1,Lornze
1,Lougheed
1,Loui
1,Louie
8,Louis
1,Louis-Gabriel
1,Love
1,Lovtrell
4,Luc
3,Luca
85,Lucas
1,Lucian
2,Luciano
1,Lucus
1,Luigi
2,Luis
3,Luka
7,Lukas
2,Lukasz
53,Luke
1,Lukus
1,Lwal
1,Lye
2,Lyle
1,Lynden
5,Lyndon
1,Lyric
1,Maaz
1,Maban
1,Mac
1,Macartney
1,Maccario
1,Macgregor
2,Maciej
1,Macin
1,MacKay
1,Mackay
31,Mackenzie
13,MacKenzie
1,Mac'Kenzie
1,Mackenzy
1,Mackye
1,MacLaine
1,Maclean
1,Macrae
1,Madden
3,Madison
1,Madisson
1,Magnus
3,Maguire
1,Mahadi
1,Mahamed
1,Mahdi
2,Mahmoud
1,Mahonri
1,Makale
1,Makenzie
1,Makizak
2,Malachi
17,Malcolm
2,Malcom
1,Malechi
1,Malek
1,Maliek
1,Malik
1,Maliq
1,Manansh
1,Manbir
2,Mandeep
1,Maneet
1,Manider
1,Manik
3,Manish
1,Manivdeep
1,Manning
1,Mannraj
1,Manny
1,Manreet
2,Manson
1,Manuel
1,Manuv
3,Manvir
6,Marc
1,Marc-Andri
1,Marc-Anthony
1,Marcel
1,Marcelino
1,Marcelo
1,Marcian
1,Marcin
13,Marco
1,Marc-Olivier
28,Marcus
2,Marek
1,Marin
3,Mario
1,Marion
48,Mark
1,Mark-Anthony
1,Markian
3,Marko
4,Markus
1,Marlin
1,Marlon
1,Marquez
1,Marrion
1,Marshal
13,Marshall
1,Marsjaztin
1,Martese
1,Marti
20,Martin
1,Martmn
1,Marty
4,Marvin
69,Mason
1,Massimilliano
3,Massimo
1,Massin
1,Masunga
2,Mataeo
1,Mataio
1,Matais
6,Mateo
1,Mateusz
1,Matheson
1,Matheu
27,Mathew
5,Mathias
2,Mathieson
11,Mathieu
1,Mathijs
1,Mats
3,Matt
8,Matteo
1,Matteos
298,Matthew
8,Matthias
2,Matthieu
4,Mattias
1,Matyas
3,Maurice
1,Mauricio
1,Maurizio
4,Maverick
2,Mavrick
17,Max
1,Maxamus
1,Maxen
1,Maxim
2,Maxime
7,Maximilian
3,Maximus
31,Maxwell
2,Maxx
1,Mazen
2,Mazin
1,Mcarthur
1,McCall
1,McCoy
1,McDannel
1,McGill
3,McKenzie
2,McKinley
1,Mckyle
1,Meesha
1,Mekash
1,Melford
1,Melian
1,Melvin
2,Menachem
1,Menno
1,Me-Qun
1,Mercer
1,Merick
1,Merlin
2,Mervin
1,Mhartee
1,Mian
10,Micah
171,Michael
1,Michael-James
3,Michal
20,Micheal
1,Michel
1,Mickey
1,Migel
5,Miguel
1,Mihailo
1,Mika
1,Mikal
1,Mikasi
3,Mike
1,Mikey
1,Mikhail
2,Miki
1,Miksew
1,Miksu
2,Milan
5,Miles
1,Millehan
1,Millennium
1,Miller
1,Milo
1,Milosz
1,Milton
1,Min
1,Mina
2,Mir
1,Miralden
10,Mitchel
47,Mitchell
5,Mohamad
8,Mohamed
1,Mohamed-Ali
1,Mohamed-Amin
7,Mohammad
15,Mohammed
1,Moheen
1,Mohkam
1,Mohmmed
1,Moisay
1,Momar
1,Momin
1,Monico
3,Montana
2,Montgomery
2,Monty
25,Morgan
1,Morris
1,Mostafa
1,Mouhamed-Fadi
1,Mounir
1,Mrigank
1,Msalam
1,Muan
1,Muhamed
3,Muhammad
1,Muhammad-Azam-Baig
1,Muhammed
1,Muneer
1,Muneet
1,Munish
1,Munroe
1,Munveer
3,Murray
1,Murry
1,Musab
5,Mustafa
1,Mutaz
1,Mychal
7,Myles
2,Myron
1,Mythaniel
1,Nabil
2,Nader
1,Nadir
3,Nahom
2,Nakoda
2,Narcisse
7,Nash
1,Nataniil
3,Nate
148,Nathan
5,Nathanael
2,Nathanial
44,Nathaniel
2,Nathen
1,Nathenial
1,Nathyn
1,Navar
2,Navdeep
1,Naveed
1,Navrohne
1,Nayif
13,Neil
3,Nelson
3,Neo
1,Neoki
1,Neon
1,Nestor
1,Nethanel
4,Nevada
1,Nevanda
1,Nevin
1,Nevyn
1,Ngai-Chi
1,Ngoc-Mien
1,Nguyen
1,Nhatminh
1,Nhial
1,Niam
1,Nicholai
219,Nicholas
1,Nicholaus
1,Nick
2,Nicklas
9,Nickolas
1,Nickon
1,Nicky
2,Nico
1,Nicolai
32,Nicolas
1,Nicolaus
1,Nicolys
1,Nidal
1,Niecko
10,Nigel
1,Nijyar
1,Nikheel
2,Nikhil
2,Niklas
2,Niko
3,Nikola
1,Nikolai
4,Nikolas
1,Nikolaus
1,Nile
1,Nischant
167,Noah
1,Noam
5,Noel
59,Nolan
1,Nolbert
1,Nolen
1,Nolyn
1,Non
2,Noor
1,Norman
2,North
1,Norton
1,Noujan
1,Ntare
1,Nur
1,Nycolas
1,Nyirinwa
1,Nythanial
1,Obi
1,Obinna
1,Ocean
1,Odell
2,Odin
1,Ojoe
1,Okello
1,Olaf
1,Olan
1,Olin
14,Oliver
4,Olivier
1,Olutayo
1,Oluwagbenga
24,Omar
1,Omer
1,Omid
1,Onyx
1,Opinder
1,Oreo
1,Orhan
1,Orin
6,Orion
1,Orland
1,Orlando
2,Orrin
1,Orsam
1,Oryn
3,Osama
1,Osamah
6,Oscar
1,Oskar
1,Osman
1,Ostin
1,Otoabasi
1,Oussama
50,Owen
3,Pacen
1,Pacey
1,Pada
1,Paden
1,Padoch
1,Page
1,Paiden
1,Palmer
1,Panayotis
1,Paolo
1,Paramveer
1,Pardeep
58,Parker
1,Parman
1,Parmvir
1,Partap
1,Parys
1,Patrice
44,Patrick
1,Patrul
2,Patryk
22,Paul
1,Pavel
3,Paxton
3,Paycen
6,Payton
1,Pearce
1,Penn
2,Percy
1,Permvir
1,Perren
1,Perrin
1,Perry
1,Pesim
41,Peter
7,Peyton
1,Phat
1,Phelan
2,Pheonix
1,Phi
1,Phil
15,Philip
2,Philippe
9,Phillip
6,Phoenix
1,Phuc
1,Phuoc
14,Pierce
1,Pierre-Alexandre
1,Pierse
1,Pierson
1,Piotr
1,Poplar
5,Porter
1,Prabhkeerat
1,Prashant
1,Prem
14,Preston
2,Prince
1,Pritam
1,Pritpaul
1,Pukhraj
2,Puneet
1,Qaher-Ali
1,Qasid
1,Qayyum
1,Quade
6,Quaid
1,Quamina
3,Quang
8,Quentin
2,Quidel
1,Quillan
1,Quincy
3,Quinlan
43,Quinn
1,Quinnton
5,Quinten
7,Quintin
7,Quinton
1,Qunitin
1,Raakin-Ahmed
1,Raamis
1,Rade
1,Raegen
1,Raeme
1,Raeven
1,Rafael
1,Rafal
1,Rafi
1,Rafic
1,Ragan
1,Rahat
1,Rahil
2,Rahul
4,Raiden
1,Raihaan
1,Raihan
1,Raiman
7,Raine
1,Raini
1,Rainnier
1,Raistlin
2,Raja
1,Rajat
1,RajBir
2,Rajdeep
1,Rajneil
1,Rajveer
1,Rakan
1,Raleigh
5,Ralph
1,Raman
3,Rami
1,Ramiro
1,Ramsy
1,Randal
7,Randall
1,Randen
2,Randolph
12,Randy
1,Ranee
1,Ranen
1,Ranjot
1,Ranvinder
1,Ranvir
2,Raphael
1,Raphakl
1,Raul
1,Raven
1,Ravi
1,Ravjot
1,Rawad
2,Ray
1,Rayce
4,Rayden
1,Rayman
10,Raymond
1,Rayneel
1,Raynold
1,Raza
3,Reagan
1,Real
24,Reece
8,Reed
1,Reegan
2,Rees
11,Reese
8,Regan
2,Reginald
1,Reginaldo
1,Rehmy
20,Reid
1,Reighan
1,Reiley
2,Reilly
1,Reis
2,Remington
1,Rene
2,Reni
1,Renzo
1,Retem
6,Reuben
3,Rex
1,Reyad-Shamdean
1,Reyce
1,Reymark
1,Reynold
1,Reza
1,Rhayl
5,Rhett
1,Rhiel
1,Rhondelle
19,Rhys
1,Riad
3,Ricardo
37,Richard
1,Richmond
1,Rick
1,Ricki
6,Ricky
1,Rico
1,Riel
3,Rielly
1,Riker
1,Riki
89,Riley
1,Rilind
1,Rilley
1,Rinor
1,Rinta
1,Rio
1,Rishiv
1,Ritesh
9,River
2,Roan
1,Roba
2,Robbie
72,Robert
1,Robertlee
1,Robert,-Marinko
2,Roberto
1,Robey
6,Robin
1,Robson
1,Rochi
1,Rock
1,Rockwell
2,Rocky
1,Roderick
4,Rodney
1,Rodrigo
6,Roger
2,Rohan
1,Rohen
3,Rohit
1,Rojhat
3,Roland
1,Romain
7,Roman
1,Romar
1,Romel
1,Romeo
1,Romie
1,Romulus
1,Ron
6,Ronald
5,Ronan
1,Rondell
1,Roneel
2,Ronnie
12,Rory
1,Roscoe
1,Roshan
16,Ross
5,Rowan
1,Rowdy
1,Rowen
4,Roy
2,Royce
3,Ruben
2,Rudy
1,RueBen
1,Ruslan
2,Russel
1,Russell
1,Russo
1,Rusty
1,Rutwik
1,Ry
214,Ryan
1,Ryan-Jay
1,Ryann
7,Ryder
1,Ryken
1,Ryker
21,Rylan
4,Ryland
1,Ryle
5,Rylee
1,RyLee
3,Rylen
21,Ryley
4,Rylie
1,Rylind
1,Rythom
2,S.
1,Saad
1,Saadat
1,Saadeddine
1,Saajan
1,Sabastien
1,Sabastion
1,Saber
1,Sabin
2,Sacha
1,Sadiq
1,Saffren
6,Sage
1,Sagor
1,Sahelpreet
1,Sahib
2,Sahil
1,Sahill
2,Sahir
1,Sai
1,Said
1,Saja
1,Sajaad
1,Sajad
1,Saje
1,Sajiv
1,Salaar
1,Salem
1,Salmaan
10,Sam
2,Sameer
1,Samer
2,Samir
4,Samson
2,Samual
119,Samuel
1,Sanad
1,Sandeep
2,Sandro
1,Sandy
1,Sang
1,Sanjay
1,Santana
1,Santino
1,Santokn
1,Sara
1,Saran
1,Sareen
2,Sasha
1,Sastin
1,Satnam
13,Sawyer
1,Saxon
1,Sayed
1,Schuyler
1,Sckyie
46,Scott
2,Seamus
52,Sean
1,Sean-Douglas
1,Seb
1,Sebabi
1,Sebastiaan
38,Sebastian
5,Sebastien
1,Sebastion
1,Sedanti
1,Semen
1,Sephax
1,Sergio
70,Seth
1,Sethe
1,Sethen
1,Severin
1,Shad
1,Shade
1,Shae
1,Shaeden
1,Shael
1,Shaemyn
1,Shafi
1,Shafir
1,Shahbaaz
1,Shahbaz
1,Shai
1,Shakeel
1,Shakeem
1,Shalen
1,Shallon
1,Shalvindra
1,Shamal
2,Shamar
1,Shamseldine
1,Shamus
1,Shanden
19,Shane
1,Shaneei
1,Shaniv
1,Shaquan
3,Shaquille
1,Sharone
1,Shashwat
1,Shaughnessey
11,Shaun
1,Shauniv
33,Shawn
3,Shay
1,Shayde
2,Shayden
1,Shaydon
4,Shaye
1,Shayle
1,Shaymon
8,Shayne
3,Shea
1,Shea-Caleb
1,Sheel
1,Shehmeer
1,Shelby
16,Sheldon
1,Shephen
1,Sherdin
1,Sheridan
1,Sherman
1,Shiv
1,Shivinder
1,Shiyar
1,Shoaib
1,Shoheb
1,Shubraj
1,Shylo
2,Sibastien
1,Siddharth
6,Sidney
7,Silas
1,Silver-Lee
1,Silvio
3,Simeon
36,Simon
1,Sinan
1,Singh
2,Sky
2,Skye
15,Skylar
1,Skyle
14,Skyler
1,Skylor
1,Skyshun
1,Slade
1,Slater
1,Sleiman
1,Sloan
1,Soel
1,Soloman
3,Solomon
1,Son
1,Song
1,Sonni-Rae
2,Sonny
1,Sorin
83,Spencer
1,Spencor
1,Spenser
1,Sphere
1,Sslvin
1,Staecen
1,Stan
4,Stanley
1,Staven
2,Steele
1,Steen
9,Stefan
1,Stefan-Alexandru
1,Stefano
1,Steffan
2,Stephan
24,Stephen
1,Stephon
6,Sterling
1,Stevan
2,Steve
47,Steven
2,Stewart
1,Stirling
2,Stone
4,Stuart
1,Styles
1,Su
1,Sufian
1,Sukhbir
1,Sukhman
1,Sukhmandeep
1,Sukhmin
1,Sukhsagar
1,Sukhvir
1,Suleiman
2,Sumeet
1,Sungtar
2,Sunny
1,Supreet
1,Suraj
1,Sutherland
1,Sven
1,Sy
1,Sydnei
2,Syed
1,Sylis
1,Synjin
1,Szabolcs
1,T
1,T.J.
1,Tabish
1,Taemon
1,Taeron
1,Taevan
2,Taeven
1,Taezor
2,Taha
2,Tai
1,T'ai
1,Taige
3,Tait
2,Taiten
1,Taitt
1,Taj
1,Tajanpreet
1,Tajas
1,Takoda
1,Takuro
2,Talen
1,Talha
1,Talin
2,Tallin
1,Talmann
9,Talon
1,Taltson
1,Tamar
1,Tamer
1,Tananthalus
72,Tanner
1,Tanveer
1,Tanvir
1,Tarak
1,Taras
2,Tarek
1,Taren
1,Tarhiqe
1,Taries
2,Tarik
2,Tariq
1,Tarnbir
1,Taro
3,Taron
1,Tarras
1,Tarun
1,Taryn
2,Tason
13,Tate
2,Taten
1,Tatsuo
1,Tav
1,Tavell
1,Taven
1,Tavien
1,Tawfeeq
1,Taycere
1,Taydan
1,Taydin
1,Taye
2,Taylen
2,Tayler
50,Taylor
1,Tayser
1,Tayte
1,Tayton
1,Tayyeb
1,Tazman
1,Tazz
9,Teagan
1,Teankum
3,Teegan
1,Teeghan
4,Tegan
1,Tegen
1,Teghan
1,Teghvir
1,Tehgan
1,Tehmoor
2,Teigan
2,Teigen
1,Teirnan
1,Tejveer
1,Tell
1,Telly
1,Tenzin
1,Tequan
1,Teren
6,Terence
1,Terick
1,Terin
1,Teriq
1,Teron
2,Terran
6,Terrance
1,Terrance-Lee
1,Terrel
2,Terrell
1,Terrence
1,Terrick
2,Terrin
1,Terron
7,Terry
1,Teryn
1,Tethluach
1,Tevin
1,Thaddeus
1,Thaddias
4,Thane
1,Thanh
1,Thayne
4,Theo
11,Theodore
1,Theodoros
1,Therin
3,Theron
1,Thi
1,Thibaut
1,Thiha-Tin
1,Thiodore
85,Thomas
1,Thoma's
2,Thompson
1,Thomson
2,Thor
1,Thorval
1,Thuan
1,Thulani
1,Tiberiu
1,Tical
1,Tieghan
1,Tien
3,Tiernan
1,Tieryn
1,Tighe
1,Tilman
1,Tim
1,Timmothy
40,Timothy
1,Tin
1,Tino
5,Titus
1,Tobi
5,Tobias
1,Tobin
1,Toby
6,Todd
1,Todor
1,Toheed
3,Tom
3,Tomas
1,Tome
7,Tommy
1,Tong
7,Tony
2,Torin
1,Toron
1,Torran
1,Toufik
2,Trace
2,Trae
1,Traejn
1,Traeland
1,Traiten
1,Tran
47,Travis
1,Trayen
3,Trayton
2,Tre
1,Trefton
1,Trelin
12,Trent
11,Trenton
1,Treton
1,Trever
1,Trevon
34,Trevor
1,Trew
25,Trey
2,Treydon
1,Treyshaun
2,Treyton
1,Treyvin
1,Tri
71,Tristan
21,Tristen
5,Tristian
8,Tristin
6,Triston
7,Tristyn
2,Triton
1,Tron
12,Troy
2,True
1,Truman
1,Trung
1,Trunpreet
1,Tryce
1,Tryson
5,Trystan
2,Trysten
2,Tryston
1,Tryton
1,Tuan
2,Tucker
1,Tuff
1,Tulsen
4,Turner
1,Tusten
48,Ty
1,Tycen
1,Tyden
3,Tye
1,Tyerel
1,Tyeson
2,Tyger
1,Tylan
1,Tylar
214,Tyler
1,Tylie
4,Tylor
1,Tyme
3,Tynan
1,Tyne
1,Tyrae
1,Tyran
1,Tyre
2,Tyrece
2,Tyree
2,Tyreece
1,Tyrees
6,Tyrel
16,Tyrell
1,Tyrelle
1,Tyren
9,Tyrese
2,Tyresse
2,Tyrin
1,Tyrom
5,Tyrone
1,Tyrreid
1,Tyrrell
2,Tyshawn
77,Tyson
1,Tyton
1,Tyzen
1,Udaykunvar
1,Ulysses
1,Umair
1,Umar
1,Urban
1,Uriah
1,Usama
1,Utah
1,Uzair
1,Valdi
1,Valeck-Vaughn
1,Valin
1,Valmir
3,Vance
1,Varun
1,Vasili
2,Vasily
2,Vaughn
1,Veniz
2,Vern
12,Victor
1,Viggo
1,Vignesh
1,Vijay
2,Vikram
1,Viktor
1,Vince
15,Vincent
1,Vincenzo
1,Vinh
1,Vinnie
2,Vishal
1,Vishnuk
1,Vivek
1,Vladimir
1,Vladislav
1,Vu
1,Wace
9,Wade
1,Wahatha
1,Wajee-Ul-Hasan
7,Walker
5,Walter
1,Waring
1,Warner
9,Warren
1,Wassim
1,Waylon
4,Wayne
1,Weilon
15,Wesley
1,Westleigh
1,Westley
7,Weston
1,Weuaka
2,Whyatt
1,Wilbert
1,Wilhelm
4,Will
1,Willard
3,Willem
145,William
4,Willie
2,Willis
1,Willow
1,Willum
7,Wilson
1,Wilton
1,Windchild
1,Wing
3,Winston
1,Wisdom
1,Wisely
1,Wolfe
2,Wolfgang
1,Wryan
1,Wurjo
73,Wyatt
1,Wybie
1,Wyett
1,Wylie
1,Wynd
1,Xaiden
1,Xakary
2,Xander
1,Xauier
7,Xavier
1,Xavier-Glody
2,Yahya
1,Yasa
1,Yasar
1,Yasas
2,Yaseen
1,Yasin
1,Yasser
2,Yazan
1,Yianni
1,Yiannis
1,Yimag
1,Yohan
1,Yonathan
1,York
1,Yosoph
1,Youness
1,Yousaf
3,Yousef
1,Youssef
1,Yousuf
1,Yovani
1,Yuneeb
1,Yu-Ren
1,Yusef
3,Yusuf
1,Yusuke
1,Yuval
1,Yves-Matias
1,Zaccary
1,Zaccheus
1,Zach
1,Zacharey
7,Zachariah
1,Zacharias
2,Zacharie
184,Zachary
15,Zachery
1,Zachry
2,Zack
1,Zackariya
10,Zackary
1,Zackeriah
11,Zackery
1,Zackry
1,Zacky
1,Zade
1,Zafrullah
1,Zahir
1,Zaid
1,Zain
1,Zakarias
1,Zakariya
1,Zakariye
3,Zakary
1,Zakery
1,Zale
1,Zander
1,Zandro
17,Zane
1,Zaquery
1,Zarek
1,Zayaan
1,Zayde
1,Zayden
1,Zayn
1,Zayne
1,Zayne-Jayson
2,Zebadiah
2,Zeeshan
1,Zennen
2,Zenon
1,Zerrick
1,Zeshan
1,Zeth
1,Ziad
1,Zian
1,Zion
1,Ziyad
1,Zoheb
1,Zoltan
1,Zoran
1,Zulfiqar
1,Zyon