A.J.,1
Aadam,1
Aaden,1
Aadesh,1
Aakashdeep,1
Aalt,1
Aaqib,1
Aariz,1
Aaron,90
Aasher,1
Aashish,1
Aayden,1
Aayush,1
Abas,1
Abbas,3
Abdallah,2
Abdelrahman,1
Abdilshafi,1
Abdiraheem,1
Abdirahman,1
Abdi-Shukuur,1
Abdu-Arrahman,1
Abdul,2
Abdul-Arrahman,1
Abdulaziz,1
Abdulbari,1
Abdulkerim,1
Abdullah,3
Abdullahi,1
Abdulrahim,1
Abdulrahman,5
Abdul-Wadud,1
Abdur,1
Abhay,2
Abhijeet,1
Abhinav,1
Abhishek,1
Abolfedhl,1
Abraham,7
Abram,3
Acadian,1
Ace,1
Acem,1
Acer,1
Achut,1
Adady,1
Adam,141
Adam-Yassine,1
Adan,2
Addisen,1
Addison,8
Adedayo,1
Adegoke,1
Adel,2
Aden,10
Ader,1
Adian,2
Adil,2
Adin,1
Aditya,1
Adnan,3
Adonis,2
Adreyan,1
Adrian,21
Adriàn,1
Adrien,2
Adrik,2
Adyn,2
Aedan,2
Aeden,1
Aedyn,1
Aeron,1
Afif,1
Aftab,1
Agape,1
Ahemd,1
Ahmad,5
Ahmed,22
Ahsaan,1
Ahsan,1
Aidan,130
Aiden,124
Aidin,1
Aidon,1
Aidyn,5
Aimery,1
Airn,1
Aistin,1
AJ,1
Ajay,3
Ajeetpal,1
Akaash,1
Akash,3
Akhil,2
Akhile,1
Akil,1
Aksh,1
Alaa,2
Alac,1
Alain,1
Alan,5
Alanus,1
Alazare,1
Albara,2
Albert,9
Albijon,1
Alborz,1
Alden,2
Aldin,1
Alec,11
Aleck,1
Aleem,1
Alejandro,5
Alek,2
Aleksandar,1
Aleksander,1
Aleksei,1
Alend,1
Alessandro,3
Alex,38
Alexander,197
ALexander,1
Alexandre,9
Alexavier,1
Alexei,3
Alexey,2
Alexio,1
Alexis,2
Alexzander,3
Alexzander-James,1
Alfie,1
Alfred,2
Alhaji,1
Al-Hakeem,1
Ali,27
Alife,1
Alijah,1
Alirida,1
Alisina,1
Alistair,2
Aliyan,1
Alize,1
Allan,4
Allen,5
Allyas,1
Almedin,1
Alonso,1
Aloysius,1
Alphonso,1
Altmash,1
Alvin,5
Alyzen,1
Amaan,1
Amadou,1
Aman,3
Amanpal,1
Amanpreet,1
Amanvir,1
Amar,1
Amarai,1
Amaziah,1
Ambrose,1
Amed,1
Ameen,1
Ameer,1
Amir,2
Amit,1
Amitabh,1
Amjad,2
Ammar,2
Amos,1
Amr,2
Amritbir,1
Amtoj,1
An,1
Anakin,1
Anand,1
Ananun,1
Anas,2
Anatolio,2
Anders,3
Anderson,1
Andon,8
Andre,4
Andreas,6
Andrei,5
Andres,1
Andrew,118
Andrey,1
Andrija,1
Andy,9
Anekin,1
Anferney,1
Angad,2
Angel,3
Angeljo,1
Angelo,5
Angke,1
Angus,3
Anirudh,1
Anish,1
Anmol,2
Anoosh,1
Anousone,1
Ansel,1
Ansen,1
Ansh,1
Anson,5
Antero,1
Anthony,65
Anthony-Austin,1
Antoine,4
Anton,5
Antonio,10
Antony,1
Anudeep,1
Anusone,1
Anwar,1
Anyang,1
Aodhán,1
Arash,1
Arashdeep,2
Arbaz,1
Archaen,1
Archer,2
Archie,1
Ardell,1
Arden,3
Ardin,1
Ardon,1
Areeb,1
Areez,1
Ari,4
Arian,1
Arianit,1
Arie,1
Ariel,3
Aries,3
Arif,1
Arik,3
Arin,1
Aristot,1
Ariyan,1
Arjan,1
Arjun,13
Arkady,1
Arkan,1
Arland,1
Arlen,2
Arlo,1
Armaan,13
Arman,2
Armanmirza,1
Armann,1
Armeen,1
Armond,1
Arnav,1
Arnelle,1
Arnveer,1
Aron,2
Arren,1
Arron,3
Arsalan,1
Arsh,1
Arshdeep,1
Arshya,1
Arslan,1
Art,2
Artemy,1
Arthur,7
Artin,1
Arvin,2
Arvind,2
Aryaman,1
Aryan,7
Aryn,1
Ashe,1
Asher,7
Ashesh,1
Ashish,1
Ashkan,1
Ashlesh,1
Ashley,1
Ashneel,1
Ashten,1
Ashtin,1
Ashton,102
Ashuar,1
Ashur,1
Asim,1
Asnaan,1
Aspen,1
Aspyn,1
Aston,1
Ater,1
Atipa,1
Atlas,1
Atlee,1
Atom,1
Auberon,1
Aubrey,2
August,1
Augustus,3
Aurelio,1
Austaan,1
Austen,2
Austin,153
Austin-James,1
Auston,2
Austyn,4
Aven,1
Avenn,1
Avery,23
Avin,1
Avinash,1
Avishai,1
Avishek,1
Avneesh,1
Avneet,1
Avninder,1
Avnitik,1
Avram,1
Avrohom,1
Avry,1
Axan,1
Axel,1
Axton,1
Aya,1
Ayaan,1
Aydan,4
Ayden,39
Ayden-Phoenix,1
Aydon,1
Ayman,1
Ayo,1
Ayoob,1
Ayoub,1
Aywastin,1
Azaad,2
Azaan,2
Azariaus,1
Azim,1
Aziz,1
Bachech,1
Baden,1
Badger-Lee,1
Badr,1
Bae-li,1
Bailey,8
Baker,1
Baldeep,1
Baljit,1
Baljoban,1
Balkaran,1
Balraj,1
Bao,1
Barret,1
Barrett,3
Barrt,1
Barry,1
Bartholanew,1
Bartok,1
Baschar,1
Basel,1
Basil,2
Bassel,1
Bassim,1
Baxter,1
Bayne,1
Beau,7
Beaudry,1
Beck,2
Beckett,1
Behrod,1
Belal,3
Belall,1
Belmin,1
Ben,18
Benedict,2
Benicio,1
Benistan,1
Benjamen,1
Benjamin,195
Benjamin-Arya,1
Benjamine,1
Benjamin-Parker,1
Bennet,1
Bennett,7
Benny,2
Benoit,1
Benson,3
Bentley,1
Berend,1
Bergen,1
Berkley,1
Bernard,4
Bernie,1
Bevan,1
Bhagat,2
Bhavnoor,1
Bidong,1
Bihan,1
Bijan,1
Bilal,4
Bilind,1
Bill,3
Billy,1
Billy-Joe,1
Birk,1
Björn,1
Blade,5
Bladeyn,1
Blain,1
Blaine,2
Blair,4
Blais,1
Blaise,1
Blaize,2
Blake,79
Blane,1
Blayden,1
Blayze,2
Blaze,7
Bleon,1
Blu,1
Bo,2
Boady,1
Boaz,1
Bobby,4
Bode,1
Bodey,1
Bodhi,1
Bodhy,1
Bodi,1
Bodie,1
Boris,2
Bosten,1
Boston,4
Bowdyn,1
Bowen,2
Boyd,4
Brad,2
Braden,35
Bradey,1
Bradford,1
Bradley,21
Bradly,1
Bradon,1
Brady,50
Brady-Cole,1
Bradyn,1
Brae,1
Braedan,2
Braeden,32
Braedon,10
Braedyn,6
Brage,1
Braiden,8
Braidin,2
Braidon,1
Brandan,1
Branden,3
Brandin,2
Brandon,121
Brandt,3
Brandyn,3
Branson,1
Brant,6
Brantford,1
Brantley,1
Brawly,1
Braxton,4
Braydan,1
Brayde,1
Brayden,99
Braydin,1
Braydon,9
BrayDyn,1
Braylen,1
Braysen,1
Brayton,1
Breck,2
Brecken,1
Bredy,1
Bren,1
Brenan,1
Brendan,35
Brenden,12
Brendl,1
Brendon,7
Brendyn,2
Brennan,19
Brennen,9
Brenner,1
Brennus,1
Brent,9
Brenton,2
Bret,3
Breton,1
Brett,50
Bretten,1
Brevin,1
Breyden,1
Breylan,1
Breyson,1
Brian,21
Brice,2
Bridger,1
Brier,1
Brigham,1
Brighten,1
Brighton,2
Briley,2
Britan,1
Broc,3
Brock,17
Broderick,1
Broderik,1
Brodey,3
Brodi,1
Brodie,17
Brodin,1
Brody,55
Brodyn,2
Brogan,6
Brok,1
Bronson,3
Brooks,1
Broxy,1
Bruce,5
Bruen,1
Bryan,10
Bryan-Khoa,1
Bryant,2
Bryce,38
Brycen,3
Bryden,6
Brydon,1
Bryer,1
Brylan,1
Bryn,1
Brynn,1
Bryon,1
Brysen,1
Bryson,10
Bryton,2
Buomkuoth,2
Burke,2
Burton,1
Byron,7
Cabe,1
Cache,3
Cadan,1
Cade,11
Caden,23
Caeden,2
Caedence,1
Caedin,1
Cael,5
Caelan,9
Caelen,2
Caelum,2
Cage,1
Caiden,9
Caidyn,1
Caige,2
Cainan,1
Caine,1
Cains,1
Caison,1
Caithen,1
Caius,1
Calder,1
Cale,15
Caleb,96
Calen,1
Callaghan,1
Callan,1
Calle,1
Callen,1
Callum,10
Callym,1
Calo,1
Calon,1
Calthen,1
Calub,1
Calum,3
Calvin,17
Cambell,1
Camden,3
Camdon,1
Cameron,92
Cameron-Francis,1
Campbell,3
Camrin,1
Camron,3
Camryn,1
Cannon,1
Canon,1
Canyon,1
Cao,1
Caprice,1
Carl,4
Carlin,1
Carlos,6
Carsen,2
Carson,96
Carsten,2
Carsyn,1
Carter,136
Cartyr,1
Carver,2
Casey,8
Cash,1
Cashe,1
Cason,1
Casper,1
Cass,1
Cassidy,1
Cassius,7
Casson,1
Castin,1
Cauy,1
Caven,1
Caydan,1
Cayden,12
Caydn,1
Caydon,1
Caydyn,1
Caylem,1
Caylen,1
Caylum,1
Caz,1
Cecil,1
Cedrek,1
Cedric,2
Cédric,1
Cedrick,2
Chace,2
Chad,13
Chai,1
Chain,1
Chaise,1
Chamdin,1
Chance,16
Chancey,1
Chandler,2
Chandon,1
Chanh,1
Chanse,1
Chantana,1
Chanveer,1
Chanvera,1
Chaos,1
Charanpreet,1
Charel,1
Charlee,1
Charles,26
Charlie,9
Charnjeet,1
Charone,1
Chas,1
Chase,88
Chase-James,1
Chase-Jaxson,1
Chasen,1
Chaseton,1
Chashamdeep,1
Chasten,1
Chastom,1
Chayce,2
Chays,1
Chayse,3
Chayston,2
Chayton,1
Chaz,1
Chazz,2
Chealsea,1
Cheden,1
Chet,2
Chetan,2
Chevvone,1
Chevy,1
Chiraag,1
Chirstopher,1
Chitpreet,1
Chivaun,1
Chiyun,1
Chris,6
Christian,58
Christiano,1
Christien,1
Christoff-Johan,1
Christopher,87
Christus,1
Chriz-Albert,1
Chukwugozie,1
Chung,1
Ciaden,1
Cian,1
Clark,7
Clarke,1
Claude,1
Clay,5
Clayton,28
Clemond,1
Cleon,1
Cley,1
Clifford,1
Clint,3
Clinton,3
Clyde,1
Cobe,2
Cobey,2
Cobi,1
Coburn,1
Coby,9
Coda,1
Codee,1
Codey,1
Codie,1
Cody,80
Coen,1
Cohen,3
Cohn,1
Colby,58
Colden,1
Cole,166
Coleman,6
Coleten,1
Coleton,4
Coletrane,1
Colin,24
Collin,3
Colson,2
Colt,1
Colten,9
Colter,3
Coltin,4
Colton,57
Comry,1
Conall,1
Conan,3
Coner,1
Conin,1
Conlan,1
Conlin,1
Connacher,1
Connall,1
Conner,34
Connnor,1
Connor,190
Conor,8
Conrad,6
Conredge,1
Constantine,1
Cooper,30
Coran,1
Corban,1
Corben,2
Corbin,27
Corbyn,3
Cordale,1
Cordell,5
Corey,12
Corey-Michael,1
Corie,1
Corkey,1
Cornelius,2
Corny,2
Corona,1
Corrin,1
Corson,1
Corvera,1
Corvin,1
Corwyn,1
Corwynne,1
Cory,6
Court,1
Couy,1
Covin,1
Cowyn,1
Coy,1
Craig,7
Crawford,1
Crayton,1
Creedance,2
Creedence,3
Creedon,1
Creedyn,1
Crestin,1
Crishawn,1
Crispin,1
Cristian,2
Cristopher,1
Croy,1
Cruze,1
Cruzitos,1
Cullen,1
Curtis,16
Cutler,1
Cyril,1
Cyrus,9
Cyruss,2
D.,1
D.J,1
Daaha,1
Daaniel,1
Dacey,1
Dacian,1
Dade,1
Daelan,1
Daemen,1
Daemon,1
Dagen,2
Dahlton,1
Dailen,1
Daimien,1
Daimon,2
Dain,1
Dainen,1
Daityn,1
Daivin,1
Dakoata,1
Dakota,19
Dakotah,2
Dalamar,1
Dale,5
Dalen,1
Dalin,1
Dallas,18
Dallen,1
Dallin,6
Dallyn,1
Dalten,1
Dalton,11
Dalys,1
Damaticus,1
Dameik,1
Damen,1
Damian,16
Damien,23
Damin,1
Damion,2
Damon,29
Damyn,1
Dan,4
Dane,7
Danick,2
Daniel,169
Daniël,1
Daniele,1
Daniil,1
Danish,1
Dannick,1
Danny,8
Danrel,1
Dante,15
Danté,3
Danyon,1
Danzel,2
Darcy,5
D’Arcy,1
Darcy-James,1
Darian,16
Darien,7
Darin,1
Dario,3
Darion,1
Darius,14
Dariush,1
Darnell,4
Darrel,2
Darrell,2
Darren,9
Darren-Patrick,1
Darrian,2
Darrien,2
Darrion,1
Darson,1
Darven,1
Darwin,3
Daryl,1
Daryon,1
Dash,1
Dashant’e,1
Dashiel,1
Dashiell,1
Dason,2
Dathan,1
Dathen,1
Dave,1
Daven,2
David,97
David-Im,1
David-Ley,1
David-Michael,1
Davin,11
Davis,6
Davyd,1
Davyn,2
Dawsen,1
Dawson,48
Dawson-Taylor,1
Dax,2
Daxin,1
Daxon,3
Daxter,2
Daycin,1
Daydren,1
Daylan,5
Daylen,11
Daylin,1
Daylon,5
Dayn,1
Dayne,1
Dayten,1
Daythen,1
Dayton,19
Daytona,1
Daz,1
Daznil,1
Deacon,7
Deacyn,1
Deagan,2
Deaglan,1
Dean,9
Deandre,1
Dean-Michael,1
Decklyn,1
Declan,21
Declyn,1
Dedar,1
Deegan,3
DeeJay,1
Dee-Jay,1
Deekon,1
Dehnen,1
Deigo,1
Deion,1
Deitrich,1
Dejan,2
Deklin,1
DeKota,1
Del,2
Delroy,1
Delsin,1
Demerise,1
Demetri,1
Demitrius,1
Deng,2
Dengelong,1
Denim,2
Denis,1
Dennis,7
Denny,1
Denon,3
Denton,1
Denver,4
Denzel,3
Deon,2
Dequane,1
Derek,21
Derian,2
Deric,1
Derrick,3
Derris,1
Deryk,2
Desaun,1
Deshaun,1
Deshawn,2
Deshi,1
Desmand,1
Desmond,6
Destin,2
Destyn,1
Dethan,1
Devalon,1
Devan,5
Deven,3
Deveron,1
Devett,1
Devin,24
Devlan,1
Devlen,1
Devlin,2
Devlin-Mitchell,1
Devon,23
Devyn,1
Dexter,5
Dexx,1
Deyaeddin,1
Dezmond,2
Dhilan,1
Dhillan,1
Dhinzell,1
Dhruv,2
Dianicis,1
Dias,1
Diedrich,1
Diego,12
Diesel,2
Diezel,1
Dilbert,1
Diljot,1
Dillan,4
Dillion,1
Dillon,16
Dilraj,4
Dimetrus,1
Dimitri,3
Dimitrius,1
Dimo,1
Din,1
Dino,1
Dion,4
Diondre,1
Dirk,1
Diviyan,1
Dixon,2
Djuro,1
Dmitri,1
Dodge,1
Dolin,1
Dolton,1
Domanic,1
Domenic,3
Domenico,2
Domick,1
Dominic,52
Dominick,11
Dominico,1
Dominik,7
Dominique,2
Dominyk,2
Domitri,1
Domonic,2
Domonique,1
Don,4
Donald,3
Donato,1
Donavan,1
Donavin,2
Donavon,2
Donivin,1
Donny,2
Donovan,10
Donte,1
Donté,1
Dorian,7
Dorrian-Zander,1
Dorrien,1
Dorthy,1
Douglas,10
Douglas-Aries,1
Doyle,1
Draden,1
Drae,2
Drake,10
Dralin,1
Drandin,1
Draven,4
Drayden,5
Draydin,2
Draydon,1
Draydyn,1
Drayson,1
Draytin,1
Drayton,2
Dréden,1
Dredyn,1
Dreé,1
Drew,11
Drey,1
Dreyden,2
Dreydon,3
Dreyen,1
Dreyton,2
Drisden,1
Driton,1
Dru,2
Drury,1
Dryden,7
Dryw,1
Duane,3
Dugan,1
Dulton,1
Duncan,15
Duncan-angus,1
Duol,1
Duop,1
Dustin,23
Dusty,1
Dustyn,3
Dwayne,2
Dwight,2
Dyanté,1
Dylan,171
Ðylan,1
Dylan-Blake,1
Dylan-James,1
Dylann,1
Dylen,1
Dyllan,3
Dyllen,1
Dyllon,1
Dyllyn,1
Dylon,2
Dymond,1
Dyntae,1
Dyson,1
Eadan,1
Eagle,1
Eamon,2
Earl,1
Eashaan,1
Eashan,1
Easson,1
Easten,1
Easton,19
Eathan,3
Eben,1
Ebenzer,1
Echo,1
Edan,1
Edbert,1
Eddie,1
Eddy,1
Eden,3
Edin,2
Edison,1
Edmond,1
Edmund,3
Edoardo,1
Edon,1
Edrees,1
Edric,2
Eduardo,1
Edvin,1
Edward,15
Edwin,5
Eghin,1
Egzon,1
Ehren,1
Eijah,1
Eithan,2
Elan,1
Elden,1
Eldon,2
Elea,1
Eleftherios,1
Elfego,1
Eli,23
Elia,1
Eliah,1
Elian,1
Elias,16
Eliaz,1
Elic,1
Elijah,49
Elijha,1
Eliot,2
Elisha,1
Elliot,7
Elliott,3
Ellis,3
Ellison,1
El-Molamiwa,1
Elroy,1
Elton,1
Elvin,1
Elvis,2
Emad,1
Emanuel,2
Emerik,1
Emerson,2
Emery,2
Emiliano,1
Emilio,5
Emitt,1
Emmanuel,6
Emmery,1
Emmett,7
Emmitt,1
Emorey,1
Enan,1
Enayat,1
Enoch,2
Enrico,1
Enrique,4
Eoin,2
Ephraim,3
Ephrem,1
Ephren,1
Erek,1
Erem,1
Eremon,1
Eren,1
Eric,88
Erich,3
Eric-Junior,1
Erick,2
Erik,22
Erlis,1
Ernest,2
Ernesto,1
Ernie,1
Eron,1
Erwin,1
Eryk,1
Esah,1
Eshaan,1
Esmond,1
Essen,1
Esten,1
Estin,1
Eston,1
Etan,1
Ethan,411
Ethen,5
Ethon,1
Ethyn,1
Etienne,1
Euan,2
Eugene,2
Euwen,1
Evan,185
Evandor,1
Evangelos,1
Evan-Lee,1
Everet,1
Everett,16
Everette,1
Everisto,1
Evijot,1
Evin,1
Evyn,1
Ewan,9
Exzavier,1
Eyob,1
Eyobel,1
Ezekiel,3
Ezequiel,2
Ezra,5
Faalii,1
Fabian,1
Fahad,1
Faisal,1
Faizan,1
Fallon,1
Fanen,1
Faraja,1
Faran,2
Fares,1
Farhad,2
Faris,1
Farrel,1
Farris,1
Faruhk,1
Faruq,1
Fatehy,1
Faust,1
Favian,1
Fawad,1
Felix,8
Félix,1
Fernando,2
Feury,1
Fielding,1
Filip,2
Findlay,2
Finlay,1
Finley,1
Finn,5
Finnegan,1
Finnian,1
Finnley,1
Fionn,1
Firas,1
Florent,1
Floyd,1
Flynn,1
Flynt,1
Foaud,1
Forest,1
Foster,1
Fox,1
Foxx,1
Frances,1
Francesco,1
Francis,12
Francisco,3
Franco,2
Francois,1
Frank,5
Franklin,1
Franky,2
Frantisek,1
Franz,3
Fraser,2
Freddy,2
Frederick,5
Fredrick,2
Freedom,1
Friederich,1
Frost,1
Fuzail,1
Fynn,3
Fynnean,1
Fynnigan,1
Fysher,1
Gabe,1
Gabriel,84
Gabriel-Antonio,1
Gabriele,1
Gabryel,1
Gagan,2
Gagandeep,1
Gage,32
Gage-Ashton,1
Gaige,2
Gairon,1
Galen,1
Galie,1
Gamaliel,1
Gannon,1
Garan,1
Garang,1
Gared,1
Garen,2
Garet,1
Gareth,2
Garett,2
Garin,2
Garnet,2
Garnett,2
Garon,2
Garred,1
Garren,1
Garret,3
Garrett,23
Garrin,1
Garrison,2
Gary,5
Gatwech,1
Gauge,1
Gauravdeep,1
Gavan,3
Gaven,3
Gavin,73
Gavneet,1
Gavri,1
Gavyn,2
Gazi,1
Genaro,1
Gene,1
Genesis,1
Geoff,1
Geoffery,1
Geoffrey,3
Geordi,1
George,16
Georges,1
Georgios,1
Geovani,1
Gerald,3
Gerard,1
Geremiah,1
Gerhard,1
Germain,1
German,1
Gerret,1
Gerrit,5
Gerson,1
Geryk,1
Geryn,1
Giacomo,1
Giancarlo,1
Giancarlos,1
Gianluca,1
Gianmarco,1
Giann,1
Gianni,1
Gibson,2
Gideon,3
Gilbert,1
Gilles,1
Gino,1
Giorgo,1
Giovanni,5
Giovanny,1
Giuliano,1
Giuseppe,2
Glen,1
Glenn,1
Glynne,1
Gobind-Karan,1
Gohan,1
Goran,1
Goravpreet,1
Gordie,1
Gordon,7
Govind,2
Goy,1
Gracyn,1
Graden,2
Gradon,1
Grady,3
Gradyn,1
Graeham,1
Graeme,2
Graeson,1
Graganroop,1
Graham,10
Graiden,1
Granger,1
Grant,3
Grant-Daniel,1
Grayden,6
Graydon,3
Grayson,27
Greenwood,1
Gregor,2
Gregory,9
Grendell,1
Greysen,1
Greyson,4
Griffin,21
Griffyn,1
Gryphon,1
Guerin,1
Guillermo,1
Gurakash,1
Gurbaksh,1
Gurdeep,1
Gurinder,2
Gurjot,1
Gurkaran,1
Gurman,4
Gurmun,1
Gurnishan,1
Gurshan,2
Gursharn,1
Gurvir,1
Gustav,1
Guy,2
Guytan,1
Gwendel,1
H.,1
Haadi,1
Haaris,1
Hadden,1
Hadi,1
Hady,1
Hadyn,2
Haelen,1
Haiden,4
Haidyn,1
Haitham,1
Haiven-Tra,1
Hal,1
Halen,1
Haley,2
Halil,1
Hallyn,1
Hamad,2
Hammad,1
Hamza,7
Hamzah,1
Hamzie,1
Hanan,1
Hanet,1
Hank,2
Hannes,1
Hanson,2
Happy,1
Hardy,4
Harjas,1
Harjot,2
Harjovan,1
Harkaran,1
Harkirat,1
Harlan,3
Harlee,1
Harlen,2
Harley,10
Harlin,1
Harman,7
Harmanjit,1
Harmanjot,1
Harmeet,1
Harnoor,1
Harold,2
Harpan,1
Harpartap,1
Harper,2
Harpreet,1
Harris,1
Harrisin,1
Harrison,13
Harrisson,1
Harry,2
Harsahib,1
Harsh,3
Harshaun,1
Harshdeep,1
Harshnoor,1
Harshpreet,1
Harshveer,1
Harsimar,1
Harsimrat,1
Hart,1
Hartik,1
Harvey,1
Harvyn,1
Haseeb,1
Hasham,1
Hashim-Abdelnasir,1
Hashneel,1
Hashton,1
Haskaran,1
Hasnaat,1
Hasnain,2
Hassaan,1
Hassan,10
Hastik,1
Hatim,1
Hau-Harrison,1
Havana,1
Haven,2
Hawkin,1
Hayden,61
Haydin,1
Haydn,2
Haydon,1
Hayes,2
Hayvin,1
Hayvon,1
Haze,1
Hazen,2
Heath,4
Heaton,1
Heewa,1
Heinrich,1
Heinricht,1
Hemeal,1
Hendrik,1
Hendrikus,1
Henri,1
Henrik,2
Henrique,1
Henry,23
Herman,2
Hesham,1
Heshar,1
Hevind,1
Hezekiah,1
Hien,1
Hieu,1
Hillary,1
Hiroshi,1
Hiwa,1
Hoang,1
Holden,14
Honoah,1
Hope,1
Horizon,1
Hosea,1
Hotaka,1
Houston,2
Howard,1
Hudsen,1
Hudson,29
Hugh,2
Hugh-Jonas,1
Hugo,5
Humjot,1
Humza,2
Humzah,1
Hunter,120
Husain,1
Husayn,1
Hussain,1
Hussainali,1
Hussain-Kyle,1
Hussein,3
Hussien,1
Huston,1
Huthayfah,1
Huxley,1
Hyrum,2
HyungSig,1
Iain,6
Ian,32
Ibraheem,2
Ibrahim,8
Ibrihem,1
Idreese,1
Ifeanyi,1
Igor,1
Ihras,1
Ikveer,1
Ilyas,3
Imadudeen,1
Imagin,1
Imran,2
Inder,1
Inderpreet,1
Indervir,1
Ingmar,1
Ioan,1
Ira,1
Irshad,1
Isaac,86
Isaak,5
Isadore,1
Isaïa,1
Isaiah,31
Isaiha,2
Isak,1
Ishaan,3
Ishan,1
Isiah,1
Iskwayatch,1
Ismael,1
Ismail,1
Israel,1
Issak,1
Issam,1
Issiah,1
Ivan,12
Iyaaz,1
Izaac,2
Izaak,1
J.R.,1
Jaad,1
Jaafar,1
Jaben,1
Jabin,1
Jabriel,1
Jace,29
Jacé,1
Jacel,1
Jacen,1
Jack,97
Jackie,1
Jackson,77
Jacky,4
Jacob,244
Jacobi,1
Jacob-Isaac,1
Jacob-Riley,1
Jad,3
Jadd,1
Jade,2
Jaden,67
Jadenn,1
Jadin,1
Jadon,3
Jadyn,2
Jaeden,1
Jaerett,1
Jafar,1
Jager,2
Jaggar,1
Jagger,6
Jagman,1
Jagori,1
Jagtaran,1
Jagueer,1
Jagveer,1
Jahawn,1
Jaheem,1
Jaheim,2
Jahleel,1
Jahliel,1
Jahvoni,1
Jai,2
Jaiden,9
Jaiden-James,1
Jaiden-Tomas-Liam,1
Jaidin,1
Jaiken,1
Jaikirat,1
Jaikub,1
Jaime,1
Jaimyn,1
Jaique,1
Jairaj,1
Jaire,1
Jairome,1
Jairus,1
Jakage,1
Jake,50
Jakeb,1
Jake-Ryan,1
Jakin,1
Jakob,32
Jakobi,1
Jakub,4
Jalal,1
Jalél,1
Jalen,2
Jalil,1
Jamaal,1
Jamal,3
James,126
Jameson,1
Jamie,8
Jamieson,1
Jamin,1
Jamisen,1
Jamison,1
Jan,3
Janik,1
Janx,1
Janzen,1
Japeth,1
Japheth,1
Jaques,1
Jared,48
Jarek,2
Jarell,1
Jaren,6
Jaret,1
Jarett,2
Jarin,1
Jarious,1
Jarno,1
Jarod,3
Jarom,1
Jarome,1
Jaron,5
Jarred,2
Jarret,3
Jarrett,8
Jarrod,3
Jarvas,1
Jarvie,1
Jarvis,1
Jaryd,1
Jaryn,1
Jasdeep,2
Jase,2
Jasen,1
Jashan,1
Jasinder,1
Jaskaran,5
Jaskerat,1
Jaskirat,1
Jasman,1
Jasmeet,1
Jasnoor,1
Jason,51
Jason-Christopher,1
Jasper,6
Jasraj,1
Jasroop,1
Jathen,1
Jatin,1
Jatinder,1
Javan,1
Javin,1
Jawad,5
Jawahir,1
Jax,7
Jaxin,1
Jaxom,1
Jaxon,44
Jaxsen,2
Jaxson,12
Jaxx,1
Jaxyn,1
Jay,2
Jayce,13
Jaycee,1
Jaydan,2
Jayden,116
Jaydin,1
Jaydon,11
Jayke,2
Jaylan,1
Jaylen,2
Jayman,2
Jaymes,1
Jaymon,1
Jaysen,1
Jayson,4
Jazil,1
Jazz,1
Jeanard,1
Jean-Darius,1
Jean-Philippe,1
Jean-Pierre,1
Jean-Ryan,1
Jearre,1
Jed,4
Jedidiah,1
Jeevan,3
Jeff,2
Jefferey,1
Jefferson,1
Jeffery,5
Jeffrey,14
Jehad,1
Jeliah,1
Jemery,1
Jemiah,1
Jenald,1
Jeno,1
Jens,1
Jerall,1
Jeremey,1
Jeremiah,19
Jeremias,1
Jérémie,1
Jeremy,45
Jeremy-Christian,1
Jeric,1
Jericho,1
Jerickson,1
Jerico,1
Jerix,1
Jermaine,2
Jerod,1
Jerome,8
Jeron,1
Jerrelle,1
Jerrick,3
Jerricko,1
Jerrid,1
Jerrin,1
Jerrislie,1
Jerritt,1
Jerrod,1
Jerru,1
Jerry,7
Jeruel,1
Jeshua,1
Jesiah,1
Jesse,79
Jessey,1
Jessiah,2
Jessie,7
Jessy,1
Jet,5
Jetli,1
Jett,9
Jevan,1
Jeven,1
Jevon,2
Jevon-Tae,1
Jex,1
Jeyden,1
Jeylen,1
Jezrahiah,1
Jherold,1
Jhgr,1
Jiaming,1
Jibril,1
Jihun,1
Jikany,1
Jimi,1
Jimmie,1
Jimmy,1
Jirayr,1
Jivraj,1
Joaquim,1
Joash,1
Job,1
Joban,3
Jochanan,1
Jodan,1
Joden,2
Jody,1
Joe,4
Joel,53
Joël,1
Joeseph,1
Joesph,2
Joey,5
Joezy,1
Johan,3
Johannes,1
Johannis,1
John,76
Johnathan,5
Johnathn,1
Johnathon,1
Johnathyn,1
John-David,1
John-Michael,1
Johnny,6
John-Paul,1
John-Richard,1
Johny,2
Jok,1
Jolan,2
Joland,1
Jomar,1
Jon,3
Jonah,42
Jonas,18
Jonathan,58
Jonathan-Travis,1
Jonathen,1
Jonathon,11
Jonathon-David,1
Jon-Luc,1
Jorawar,1
Jordan,142
Jorden,3
Jordi,2
Jordin,2
Jordon,5
Jordyn,1
Jorenz-Wil,1
Jörg,1
Jorge,3
Jorje,1
Jorn,1
Jory,2
Jose,1
José,4
Josef,1
Joseph,98
Josh,18
Joshau,1
Joshu,1
Joshua,298
Joshua-Gabriel,1
Joshua-Vision,1
Joshwa,1
Josia,1
Josiah,18
Josop,1
Journey,1
Jovan,3
Jovyn,1
Jowan,1
Joziah,1
Jozsef,2
Juah,1
Juakeen,1
Juan,1
Juán,1
Jud,1
Judah,5
Jude,8
Jules,1
Julian,23
Juliano,1
Julien,8
Julio,1
Julious,1
Julius,3
Jullian,1
Julyn,1
Jumar,1
Junaid,2
Junior,1
Junn,1
Jun-Yong,1
Juol,1
Justas,1
Justice,8
Justin,166
Justine,2
Justinn,1
Justis,3
Justun,1
Justus,4
Justyce,1
Justyn,2
Jwokbanyak,1
Jyden,1
Jyles,1
Jyot,1
Jyrick,1
K.C.,1
Kabir,1
Kadain,1
Kade,24
Kadeem,1
Kaden,70
Kadence,1
Kadin,7
Kadison,1
Kadon,1
Kadyn,2
Kaeden,4
Kaedin,1
Kael,5
Kaelan,9
Kaelen,2
Kaelin,1
Kaelix,1
Kaezon,1
Kagan,1
Kage,5
Kage-Patryck,1
Kahdell,1
Kahlil,1
Kai,35
Kaid,1
Kaidan,1
Kaiden,27
Kaidn,1
Kaidryan,1
Kaidyn,4
Kaie,1
Kaige,1
Kaigen,1
Kail,2
Kaile,1
Kaileb,1
Kailen,3
Kailer,2
Kailin,1
Kailum,1
Kailur,1
Kain,3
Kainai,1
Kainen,1
Kainin,1
Kairo,1
Kaishi,1
Kaito,1
Kaius,1
Kaiya,1
Kaiyan,1
Kaiyoshi,1
Kaiz,1
Kaizek,1
Kaj,2
Kalabe,1
Kale,18
Kaleb,46
Kaled-Daher,1
Kalem,4
Kalen,7
Kalev,1
Kalib,1
Kallum,1
Kalob,2
Kalsey,1
Kalum,2
Kalvin,3
Kalyan,1
Kalyb,1
Kalyn,1
Kama,1
Kamal,1
Kamden,1
Kamen,1
Kameron,4
Kamil,1
Kamón,1
Kamran,1
Kamren,1
Kamrin,1
Kane,7
Kaniel,1
Kanika,1
Kanon,1
Kanyon,1
Karam,1
Karamveer,1
Karamvir,1
Karan,3
Karanbir,1
Karandeep,2
Karanveer,2
Kareem,3
Karick,1
Karim,1
Karl,5
Karlin,1
Karlos,1
Karman,2
Karndev,1
Karsen,3
Karson,6
Karsten,3
Karston,1
Karter,3
Kartik,3
Kase,1
Kasey,1
Kash,1
Kashay,1
Kashif,1
Kashius,1
Kashton,1
Ka-Shun,1
Kasper,3
Kassem,1
Kasson,1
Kaswell,1
Kasyn,1
Katlyn,1
Katrell,1
Katsuo,1
Kavan,1
Kawliga,1
Kaw-Liga,1
Kawston,1
Kayal,1
Kayd,1
Kayde,1
Kayden,35
Kaydin,1
Kaydn,2
Kaydon,4
Kayl,2
Kayle,5
Kaylem,1
Kaylen,1
Kaylib,1
Kaylin,1
Kayllum,1
Kayne,1
Kaysan,1
Kayson,1
Kaz,1
Kazuto,1
Kazz,1
KC,1
Keadon,1
Keagan,13
Keagen,2
Keaghen,1
Keagile,1
Keal,1
Kealam,1
Kealen,1
Kean,1
Keanan,1
Keanu,4
Kearen,1
Kearin,1
Keaton,15
Kedan,1
Keean,1
Keefe,1
Keegan,56
Keegendeep,1
Keeghan,1
Keelan,3
Keelin,1
Keellaa,1
Keenan,22
Keenen,1
Keeran,1
Keesean,1
Keetan,1
Keevin,1
Kegan,6
Kégan,1
Kehnan,1
Keiden,1
Keifer,1
Keigan,1
Keinan,1
Keion,1
Keiran,2
Keiron,1
Keiryn,1
Keita,1
Keitan,1
Keith,7
Keithen,1
Keito,1
Kelan,1
Kelbi,1
Kelby,1
Kelin,1
Kellan,5
Kellen,4
Kellie,1
Kelly,3
Kelsey,1
Keltin,1
Kelton,3
Keltyn,1
Kelvin,6
Ken,3
Kenan,1
Kendall,1
Kendell,1
Kendrick,2
Kendrik,1
Kendyl,1
Kenek,1
Ken-Khanh-Tuan,1
Kenlin,1
Kennedy,1
Kenneil,1
Kenneth,19
Kenny,3
Kenon,1
Kenson,1
Kent,3
Kento,1
Kenton,6
Kenyon,2
Keon,3
Keoni,1
Kessler,2
Keston,1
Kestyn,1
Kevin,55
Kevon,1
Keylan,1
Keyton,1
Khailen,1
Khaled,2
Khalid,6
Khalifa,1
Khalil,2
Khama,1
Khant,1
Kheyam,1
Khoa,2
Khoi,1
Kholton,1
Khristian,1
Kian,6
Kiano,1
Kidron,1
Kieden,1
Kiedis,1
Kiefer,4
Kiegan,1
Kiel,1
Kienan,1
Kieran,34
Kieren,2
Kieron,1
Kieston,1
Kif,1
Kihew,1
Kilyn,1
Kingson,1
King-Wa-Mfumu,1
Kingzinton,1
Kinley,1
Kiran,1
Kirk,2
Kirt,1
Kishon,1
Kîstin,1
Kiwisk,1
Kiya,1
Kiyan,1
Kiyano,1
Kjeldsli,1
Kjell,1
Kjelton,1
Klaas,1
Klay,1
Klaysen,1
Klayton,1
Klyne,1
Knoll,1
Knox,1
Koah,1
Koalten,1
Kobe,12
Kobey,1
Kobi,3
Koby,4
Kobyn,1
Koda,1
Kode,1
Koden,1
Kodey,1
Kodie,1
Kody,11
Koen,7
Kofi,1
Kohdi,1
Kohen,1
Kohl,6
Kohlby,1
Kolby,7
Kole,9
Koleton,1
Koltan,1
Kolten,2
Koltin,1
Kolton,6
Koltun,1
Koltyn,1
Kolus,1
Kona,1
Konar,1
Konner,4
Konnor,3
Konrad,3
Konstandinos,1
Koogan,1
Kooper,2
Kopri,1
Korben,3
Korbin,4
Korbyn,3
Kori,1
Korland,1
Korsin,1
Koyier,1
Krishneil,1
Krisneel,1
Kristian,5
Kristin,1
Kristjan,1
Kristoff,1
Kristopher,2
Kruz,1
Krystopher,1
Kuatreil,1
Kulraj,1
Kulshan,1
Kulvir,1
Kunaal,1
Kunta,1
Kunwaur,1
Kuol,1
Kurian,1
Kurt,4
Kurtis,8
Kush,1
Kussay,1
Kwayd,1
Ky,1
Kya,1
Kyan,3
Kyden,3
Kye,2
Kyeler,1
Kyeran,1
Kylan,1
Kylar,1
Kyle,129
Kylen,1
Kyler,20
Kylib,1
Kylin,2
Kyo,1
Kyoshi,1
Kyr,1
Kyran,2
Kyrin,1
Kyron,2
Kyto,1
Lach,1
Lachi,1
Lachlan,12
LaCoy,1
LaDainain,1
Lado,1
Laine,1
Laisen,1
Laiton,1
Lake,1
Lance,6
Landan,3
Landen,18
Landin,2
Landis,1
Landon,40
Landyn,1
Lane,19
Langden,1
Laramie,1
Larcen,1
Laren,1
Larkin,1
Larren,1
Lars,3
Laszlo,2
Latif,1
Latona,1
Lauchlan,1
Laughlin,1
Laurence,1
Laurent,1
Lautaro,1
Lavada,1
Laven,1
Lavin,1
Lavnish,1
Lawless,1
Lawrance,1
Lawrence,3
Layne,12
Layton,7
Lean,1
Leander,1
Leban,1
Ledgen,1
Lee,5
Legend,2
Lei,1
Leif,2
Leighton,4
Leith,1
Leland,4
Lennox,2
Lentz,1
Leo,9
Léo,2
Leon,2
Leonard,4
Leopoldo,1
Leroy,1
Lerrick,1
Lesane,1
Leshawn,1
Lester,2
Letrel,1
Lev,1
Levente,1
Levi,60
Levitt,1
Levi-Wyatt,1
Levon,1
Lewan,1
Lewis,3
Lex,1
Lexiss,1
Lexy,1
Leyton,1
Leyvi,1
Liam,163
Liam-Ray,1
Lieb,1
Lief,1
Lincoln,14
Linden,5
Linkoln,1
Linn,1
Linus,1
Liridon,1
Lloyd,2
Lochlan,5
Lochlin,1
Loclen,1
Loden,1
Lodo,1
Loel,1
Logan,238
Logen,1
Loghan,2
Loïc,1
Lojie,1
London,1
Long,2
Loren,1
Lorenz,1
Lorenze,1
Lorenzo,7
Lorien,2
Lorin,2
Lorne,2
Lou,1
Louis,3
Loushus,1
Lowell,1
Loyan,1
Lubajo,1
Lubomyr,1
Luc,6
Luca,7
Lucas,104
Lucid,1
Lucien,1
Lucius,1
Lucky,1
Lucus,1
Ludwig,1
Luigene,1
Luigi,2
Luis,2
Luka,12
Lukas,17
Luke,74
Lukeman,1
Lukeus,1
Lukhwinder,1
Luki,1
Lukian,1
Lukus,1
Lurwo-Charles,1
Luther,1
Luv.,1
Ly,1
Lyall,1
Lyle,1
Lynden,1
Lyndon,6
Lyric,1
Lyryk,1
Mabior,1
Mac,1
Macallum,1
Macaulay,1
Macewan,1
Maciej,1
MacIntyre,1
Mackenzie,11
MacKenzie,4
MacLaren,1
MacLean,1
Maclean,1
Maddox,4
Maddux,1
Madeleine,1
Maeco,1
Mael,1
Maged,1
Magel,1
Magnus,5
Maguire,2
Mahad,1
Mahadev,1
Mahammed,1
Mahmood,1
Mahmoud,5
Mahtaab,1
Mahthyus,1
Maison,2
Maitlin,1
Majd,1
Makaio,1
Makegan,1
Maksim,2
Maksym,3
Malachi,11
Malachy,1
Malak,1
Malakai,4
Malakhi,1
Malakie,1
Malcolm,16
Maleek,2
Malek,1
Malik,6
Malikai,1
Maliki,1
Malique,2
Malyki,1
Man,1
Manas,1
Manav,1
Mandeep,1
Mandella,1
Maninder,1
Manjit,1
Mankarn,1
Mannaj,1
Mannex,1
Manpreet,2
Manraj,2
Manreet,1
Mantej,1
Mantoj,1
Manuel,1
Manveer,1
Manvir,3
Marc,15
Marc-Alexander,1
Marcello,2
Marcelo,1
Marcini,1
Marco,16
Marcos,2
Marcus,49
Marcuz,1
Marcyiel,1
Mareic,1
Marek,4
Marinus,1
Mario,4
Marius,2
Mark,34
Mark-Anthony,1
Marklin,1
Marko,9
Markos,1
Markus,11
Marlon,1
Marschal,1
Marshal,1
Marshall,18
Marten,2
Martin,10
Marvin,3
Marwan,2
Marwin,1
Masayori,1
Masen,1
Mason,89
Mataeo,1
Matej,1
Mateo,10
Mateusz,1
Matheo,1
Mather,1
Matheus,1
Mathew,19
Mathias,4
Mathieu,8
Mathis,1
Mathurin,1
Matias,2
Matija,1
Mats,2
Matsuo,1
Matt,5
Mattais,1
Matteo,22
Mattew,1
Matthaeus,1
Matthaus,1
Mattheu,1
Matthew,220
Matthew-Jacob,1
Matthew-Thai,1
Matthias,6
Matthieu,2
Mattias,2
Ma’tya’s,1
Maurice,1
Mauricio,1
Maurie,1
Maurizio,1
Maverick,3
Mavrick,1
Mawaz,1
Max,26
Maxim,9
Maxime-Olivier,1
Maximilian,6
Maximiliano,1
Maximillian,1
Maximo,1
Maximus,5
Maxwel,1
Maxwell,30
Maxx,1
Maxxam,1
Mayson,1
Mazden,1
Mazen,1
McAuley,1
McCoy,2
McEwen,1
McKail,1
McKell,1
Mckenna,1
Mckenzie,1
McNeil,1
Mechkail,1
Médéric,1
Mehal,1
Mehkai,1
Mehtab,2
Mekial,1
Melvin,2
Memphis,4
Menoa,1
Mercellino,1
Merik,1
Meriton,1
Merrick,1
Mevan,1
Micah,15
Micaiah,1
Michael,118
Michal,1
Micheal,20
Michel,2
Mickai,1
Mickail,1
Micky,1
Migeal,1
Miguel,12
Mihir,1
Mikael,2
Mikail,3
Mikal,1
Mike,3
Mikell,1
Mikhael,2
Mikhail,1
Mikinley-Alexander,1
Miklaus,1
Mikolaj,1
Mi-Kwan,1
Mil,1
Milan,2
Miles,7
Mileyn,1
Miller,2
Milo,3
Minkwaskwan,1
Miquel,1
Mirel,1
Mischa,2
Mitchael,1
Mitchel,4
Mitchell,33
Mithun,1
Miwa,1
Mizan,1
Moddaththir,1
Mohamad,8
Mohamed,14
Mohamed-Amin,1
Mohammad,8
Mohammed,15
Mohammed-Amen,1
Mohammedjawad,1
Mohmmed,2
Mohud,1
Moises,1
Moneer,1
Montather,1
Montedher,1
Montrell,1
Monty,1
Moon,1
Morgan,22
Morgin,1
Morley,1
Mosaab,1
Moses,1
Mosese,1
Mosisa,1
Mou,1
Mousa,1
Moustafa,1
Mubarak,1
Mueez,1
Muhammad,11
Muhammad-Qasim,1
Muhammed,1
Mujtaba,1
Mumin,1
Muneeb,1
Murad,1
Murdoch,2
Murray,2
Mus’ab,1
Mushtak,1
Muskwakanipahwit,1
Muslim,1
Mustafa,5
Mustansir,1
Myka,1
Mykael,1
Myles,11
Myran,1
Mytchell,1
Mythias,1
Nadeem,1
Nadil,1
Nahshon,1
Nahum,1
Nainsukh,1
Naithen,1
Najib,1
Nakoda,2
Nakota,1
Nam,1
Namer-Hussein,1
Namid,1
Nanak,1
Nando,1
Naoh,1
Narren,1
Nash,7
Nashton,1
Nasif,1
Nasim,1
Natalino,1
Nate,7
Nathan,175
Nathanael,3
Nathanail,1
Nathanial,4
Nathaniel,48
Nathanuel,1
Nathen,2
Natheniel,1
Nathon,3
Natnael,1
Navakambir,1
Navdeep,1
Naveen,1
Navelle,1
Navin,2
Navjot,1
Navraj,3
Navroop,1
Navtej,1
Nawaf,1
Nayem,1
Nayte,1
Naythan,1
Nazeem,1
Nazem,1
Nazerus,1
Neal,1
Nealim,1
Neel,1
Neeshant,1
Neftali,1
Neil,3
Neil-Erine,1
Neilson,1
Nekhil,1
Nelith,1
Nels,1
Nelson,7
Nelssen,1
Nemanja,1
Neo,2
Néric,1
Nesta,1
Nethanel,1
Nethaniel,2
Nevada,1
Nevan,1
Neville,1
Nevin,1
Ngmon,1
Nguyen,1
Niall,1
Nichalos,1
Nicholas,170
Nicholson,1
Nick,5
Nickalas,1
Nickayle,1
Nicklas,1
Nicklaus,1
Nicklys,1
Nickolas,12
Nickolaus,1
Nico,1
Nicola,1
Nicolaos,1
Nicolas,32
Niel,1
Nigel,7
Nigell,1
Nihaal,1
Nihal,1
Nikhil,1
Nikie,1
Nikita,1
Nikki,1
Niklas,3
Niko,6
Nikodem,1
Nikohlaus,1
Nikola,2
Nikolai,3
Nikolas,8
Nikolaus,1
Nikoles,1
Nikolos,1
Nikona,1
Nikulus,1
Nima,1
Nimesh,1
Nipun,1
Nirav,1
Nirvair,1
Nishaad,1
Nishal,1
Nishan,1
Nishawn,1
Nitesh,1
Nithin,1
Nixon,1
Nkrumah,1
Nnadozie,1
Noa,1
Noah,146
Nobel,1
Noeh,1
Noel,7
Nolan,69
Noland,1
Nolen,2
Nolton,1
Norbert,2
Normen,1
Nornell,1
North,1
Nour,1
Numair,1
Nygil,1
Oakley,6
Obadiah,1
Oblio,1
Ocean,2
Octavian,1
Octavio,1
Oden,1
Odin,1
Odon,1
Odynn,1
Ohene,1
Ohsaw,1
Okemah,1
Olaf,1
Olen,2
Olin,2
Oliver,15
Olivier,1
Olumide,1
Oluwaseun,1
Oluwatobi,2
Oluwatunmibi,1
Om,2
Omâciw,1
Omar,17
Ombri,1
Omer,1
Omid,1
Omri,1
Ondrej,1
Oren,1
Orin,2
Orlando,2
Orren,1
Orrin,2
Osama,2
Oscar,7
O’Shaun,1
Oshea,1
Oshyn,1
Oskar,2
Osmand,1
Ostap,1
Osten,3
Othello,1
Otto,1
Owain,2
Owen,125
Ozzi,1
Ozzie,1
Ozzy,1
Pabiek,1
Pacey,1
Paco,1
Paden,1
Palmer,2
Pancho,3
Paolo,1
Paris,1
Parker,59
Parmeet,2
Parmjit,1
Parmohinder,1
Parnoor,1
Parsa,1
Parth,1
Pascal,3
Pasqualino,1
Patric,1
Patrick,34
Patryk,2
Paul,24
Paulaus,1
Paul-Marie,1
Paulus,2
Pavel,1
Pavle,2
Paxton,1
Payden,3
Paydin,1
Payne,1
Payton,12
Paytyn,1
Pearson,2
Pedja,1
Pedro,1
Pehesisis,1
Peirson,1
Perry,1
Perryn,1
Peter,45
Peter-Luis,1
Peyten,1
Peyton,7
Pham,1
Phap,1
Pheonix,2
Philip,11
Phillip,9
Phillipe,1
Phoenix,5
Phu,1
Pierce,9
Piercen,1
Piere,1
Pierre-Maxim,1
Pieter,3
Pinter,1
Piran,1
Poe,1
Pompeyo,1
Porter,2
Pr,1
Prabhbir,1
Prabhjot,1
Pranav,1
Prashan,1
Prempreet,1
Presley,5
Preston,14
Prestyn,1
Prince,1
Prospero,1
Pryce,1
Pure,1
Pyam,1
Qassam,1
Qayam,1
Q-Jib,1
Quain,1
Quang,1
Quenten,1
Quentin,5
Quenton,1
Quin,1
Quincy,3
Quinlan,4
Quinlin,1
Quinn,30
Quinnten,1
Quinsten,1
Quinten,3
Quintin,6
Quinton,17
Raahim,1
Raahkul,1
Rabih,1
Rachit,1
Radek,2
Radwan,1
Raegan,1
Rafael,2
Rafat,1
Raffaele,1
Rafi,1
Rahdel,1
Raheel,1
Raheem,1
Raheman,1
Rahim,4
Rahul,2
Raian,1
Raiden,4
Raimie,1
Raimos,1
Rain,1
Rajeev,1
Rajiv,1
Rajveer,1
Ralph,2
Ramadan,1
Ramakrishna,1
Rami,2
Ramin,1
Ramis,1
Ramiz,2
Rammah,1
Ramoen,1
Ramsey,1
Rand,3
Randal,1
Randall,3
Randon,2
Randy,11
Rani,1
Ranlee,1
Ranon,1
Ranvir,2
Raoul,1
Raphael,4
Raphaël,1
Rashad,1
Rashid,1
Rasty,1
Ratinder,1
Rave,1
Raven,1
Ravid,1
Ravjeet,1
Ravrit,1
Rawaad,1
Ray,1
Rayan,2
Rayce,1
Rayden,3
Rayhaan,1
Rayhan,1
Raylee,1
Raylyn,1
Raymond,14
Rayyan,1
Razeen,1
Raziel,1
Reace,1
Reagan,4
Real,1
Reda,1
Redmond,1
Reece,21
Reed,10
Reese,15
Reeve,3
Regan,3
Reginald,1
Reid,30
Reil,1
Reiley,1
Reilly,5
Reis,1
Reise,1
Reiya,1
Remelio,1
Rémi,2
Remington,2
Remus,1
Rene,2
René,1
Renerick,1
Reniel,1
Renn,1
Renton,1
Renz,1
Renzo,1
Reon,1
Reshawn,1
Reuben,7
Revan,1
Rex,1
Rezdyn,1
Rhayne,1
Rheal,1
Rhees,1
Rhett,5
Rhiyon,1
Rhys,11
Rhyse,1
Riak,1
Rial,1
Rian,2
Ricardo,3
Ricco,1
Richant,1
Richard,22
Rick,1
Ricky,6
Rico,2
Ridge,2
Ridhaa,1
Ridley,1
Rielly,1
Rifaat,1
Rigel,1
Rijh,1
Rik,1
Riker,1
Riley,115
Rio,1
Rion,1
Ripley,1
Rishipal,1
Rishiwar,1
River,1
Riyzel,1
Rizwan,2
Roaj,1
Roan,2
Roanyk,1
Robbie,4
Robel,2
Robert,65
Roberto,3
Robin,3
Rocco,2
Rocky,1
Rocy,1
Roddy,1
Roderick,1
Rodger,1
Rodmichael,1
Rodney,1
Rody,1
Roger,5
Rohan,4
Rohit,2
Roje,1
Roko,1
Rolan,1
Roland,1
Rollo,1
Roman,10
Roman-Ivan,1
Rome,1
Romeo,2
Romy,1
Ron,1
Ronald,8
Ronaldo,2
Ronan,9
Ronen,1
Roniel,1
Ronin,4
Ronit,1
Ronnie,1
Ronuk,1
Roohujjal,1
Rory,16
Roshan,1
Ross,7
Rowad,1
Rowan,18
Rowen,3
Rownan,2
Roy,6
Royce,2
Ruachkuoth,1
Rubaz,1
Rubeen,1
Ruben,6
Rudy,3
Rueben,1
Rueger,1
Ruger,1
Ruibian,1
Ruman,1
Ruot,1
Rusel,1
Russell,9
Rutger,1
Ryal,1
Ryan,180
Ryden,1
Ryder,11
Ryel,1
Ryerson,1
Ryken,1
Ryker,5
Rylan,39
Ryland,1
Ryle,1
Rylee,4
Rylen,1
Ryler,1
Ryley,27
Rylie,2
Rylind,1
Ryon,1
Ryotaro,1
Sa,1
Saad,3
Saaed-Ed,1
Saahil,1
Saa’id,1
Sabastian,3
Sabastien,2
Sabino,1
Sachin,1
Sadeeq,1
SaeHwan,1
Safwan,2
Sage,2
Sagir,1
Sahajpal,1
Saheznoor,1
Sahib,3
Sahil,4
Sahirali,1
Said-Danyal,1
Saide,1
Saige-Hunter,1
Saihaj,1
Sajan,2
Sakib,1
Saksham,1
Salah-Deen,1
Salar,1
Salem,3
Salim,2
Salman,3
Salvatore,1
Sam,13
Samah,1
Sameer,1
Sami,3
Samih,1
Samir,2
Sammuel,1
Sampson,1
Samson,2
Samual,1
Samuel,153
Samuel-Liran,1
Samule,1
San,1
Sandeep,1
Santi,1
Santiago,2
Santino,1
Saral,1
Sarbjot,1
Sasha,1
Satvik,1
Savan,1
Saverio,1
Savrup,1
Sawer,1
Sawyer,12
Saxon,1
Saya,1
Sayd,1
Sayyed,1
Sazhon,1
Scott,22
Scout,1
Seamus,2
Sean,40
Seanan,1
Sean-Xavier,1
Sebasten,1
Sebastian,22
Sebastien,5
Sébastien,3
Sefa,1
Seleem,1
Selmer,1
Selmin,1
Senthuran,1
Seojun,1
Seraj-Sam,1
Sergii,1
Sergio,3
Seth,85
Seungjin,1
Seyed-Ali,1
Shaan,1
Shaane,1
Shabeg,1
Shady,1
Shae,3
Shaeden,1
Shahbaz,1
Shahil,2
Shahnil,1
Shahwali,1
Shahzad,1
Shahzin,1
Shakeel,1
Shale,1
Shalom,1
Shameiks,1
Shamen,1
Shamus,2
Shan,1
Shanden,1
Shandon,1
Shane,20
Shaqeel,1
Shaquan,1
Sharaf,1
Shaun,11
Shaunesh,1
Shavin,1
Shawn,24
Shay,3
Shayden,5
Shaye,5
Shayle,1
Shaymus,2
Shayn,1
Shayne,6
Shayne-Douglas,1
Shea,4
Shekib,1
Shelby,1
Shelden,1
Sheldon,13
Shelten,1
Shelton,1
Shemar,2
Shepherd,2
Sheriff,1
Sherman,1
Shermen,1
Sherwyn,1
Shiloh,1
Shinwan,1
Shiv,1
Shiva,1
Shivam,3
Shogo,1
Shohib,1
Shon,1
Shooter,1
Shuvanga,1
Shylar,1
Shyne,1
Siddhartha,1
Sidney,1
Siem,1
Sijtse,1
Silas,12
Silver,1
Simar,2
Simarjit,2
Simon,28
Simran,1
Sina,2
Sinaan,1
Singh,1
Siraaj,1
Sisco,1
Sitanye,1
Siyavash,1
Sky,1
Skye,2
Skylar,9
Skylarr,1
Skyler,11
Slade,1
Slader,1
Slater,3
Slayde,1
Sloan,1
Sloane,1
Soel,1
Sohaib,1
Sohail,2
Sohil,1
Sohyb,1
Soloman,2
Solomon,6
Somayina,1
Sonny,3
Soren,4
Sovattra,1
Spencer,53
Spenser,1
Spirit,1
Stacey,1
Sta’miksi’na,1
Stanley,5
Stavin,1
Stavros,1
Steele,4
Stefan,5
Stefán,1
Stefano,1
Stelios-Panagiotis,1
Stephan,2
Stéphane,1
Stephen,18
Sterling,8
Stevan,1
Steve,3
Steven,28
Stevin,1
Stewart,1
Stone,2
Storm,1
Stran,2
Stryder,1
Stuart,6
Stuchorn,1
Subtain,1
Suchait,1
Suhaib,1
Suhail,1
Sujit,1
Sukhman,3
Sukhraj,1
Sukhsagar,1
Sukhyad,1
Sulaiman,2
Sulayman,1
Suleyman,1
Sultan,1
Sumair,1
Sumeet,1
Sumit,1
Sumith,1
Sundi,1
Sunjog,1
Sunny,1
Surjeigh,1
Surya,1
Sutherland,1
Svealand,1
Sydney,1
Syed,5
Sylas,1
Sylice,1
Symon,1
Syprus,1
Szephyr,1
T.,1
Tabor,1
Taden,1
Tadhg,2
Taebren,1
Taedon,1
Tag,1
Taggart,1
Taha,4
Taher,1
Tahir,1
Tai,3
Taiga,1
Tait,1
Tajvir,1
Takoda,1
Takumi,1
Talan,1
Talbot,1
Talen,2
Talha,1
Talhah,1
Talin,1
Tallan,1
Talon,10
Tamir,1
Tane,1
Taner,1
Tanier,1
Tanin,1
Tanner,41
Tannor,1
Tanveer,2
Tapiwa,1
Taran,1
Taranjot,1
Taranveer,1
Taras,1
Tarek,2
Taren,3
Tareq,2
Tarik,3
Tariq,2
Tarrance,1
Tarren,2
Tarun,2
Tarwinder,1
Tarynn,1
Tarys,1
Tase,1
Tashawn,2
Tashi,1
Tason,1
Tate,13
Tatenda,1
Tathloch,1
Tavin,3
Tavish,1
Tawfeeq,1
Tayden,2
Taye,2
Tayib,1
Taylen,1
Tayler,2
Taylon,1
Taylor,35
Tayor,1
Tayshawn,1
Taysier,1
Taysir,1
Tayson,1
Tayzen,1
Teagan,5
Teagan-James,1
Teagen,3
Teaghan,1
Team,1
Teddy,2
Tee,1
Teegan,3
Tegan,1
Tegen,1
Teghjot,1
Teguen,1
Tehgan,1
Teigen,1
Teighan,1
Teirson,1
Tej,1
Tejas,1
Tejroop,1
Tejveer,1
Telly,1
Temrey,1
Teran,1
Terelle,1
Terence,1
Terex,1
Terique,1
Teron,1
Terran,2
Terrance,2
Terrel,1
Terrell,2
Terrence,1
Terris,1
Terron,1
Terry,3
Tesin,1
Tevin,2
Tex,1
Tez,1
Thain,1
Thai-Quoc,1
Thaivan,1
Thane,1
Thanhhai,1
Thannael,1
Thanos,1
Thayden,1
Thayne,1
Theodor,2
Theodore,9
Théodore,1
Theoren,2
Theoron,1
Theron,1
Thiérry,1
Thijs,1
Thinh,1
Thoburn,1
Thokriel,1
Thom,1
Thomas,111
Thomason,1
Thompson,1
Thorian,1
Thorin,1
Thorn,1
Thorton,1
Thorzen,1
Thull,1
Thunder,2
Ti,1
Tiago,2
Tice,1
Tiegan,1
Tiego,1
Tien,1
Tieran,1
Tieren,1
Tiernan,1
Tiez,1
Tiger,1
Tighe,2
Til,1
Till,1
Tilson,1
Tim,3
Timmy,2
Timothy,28
Timothy-Laurence,1
Tino,1
Tito,1
Titus,3
Tiy,1
Tobias,12
Tobin,2
Toby,1
Todd,6
Tolga,1
Tolkien,1
Tom,4
Tomas,5
Tomá,2
Tombe,1
Tommaso,1
Tommy,4
Tony,8
Toran,1
Toras,1
Toren,1
Toriano,1
Torii,1
Torin,2
Torrance,1
Torrin,1
Tory,1
Toryn,2
Toussant,1
Trace,4
Tracin,1
Trae,2
Traiten,1
Travis,32
Travis-James,1
Trayden,1
Trayse,1
Trayton,1
Tre,2
Tré,1
Treden,1
Tregan,1
Tremaine,1
Trenden,1
Trendon,1
Trent,12
Trenten,1
Trenton,6
Treson,1
Trestan,1
Treston,1
Trevan,1
Trevis,1
Trevor,16
Trey,24
Treyden,3
Treydon,2
Treye,1
Treysen,1
Treysion,1
Treyson,1
Treysun,1
Treyton,5
Treyvon,1
Trian,1
Trigger,1
Tripp,1
Trishtin,1
Tristan,80
Tristan-Jake,1
Tristen,21
Tristian,4
Tristin,10
Triston,1
Triton,1
Triumph,1
Tr’Moy,1
Trovon,1
Trowa,1
Troy,6
Troyal-James,1
Trucetin,1
True,2
Truman,1
Truong,1
Trustin,1
Truston,1
Tryce,1
Tryon,1
Trystan,7
Trysten,2
Tryston,1
Trystyn-Lane,1
Trytin,1
Tryton,1
Tucker,7
Tuff,1
Tulle,1
Tulsen,1
Tupaj,1
Turner,1
Tushar,1
Tut,1
Ty,86
Tyaett,1
Tyberius,1
Tyce,3
Ty-Cody,1
Tydus,1
Tydyn,1
Tye,6
Tyeson,1
Tygan,1
Tyger,1
Tylan,1
Tyler,149
Tyler-Dean,1
Tylin,1
Tylor,1
Tymour,1
Tynan,3
Tyne,1
Typhen,1
Tyrece,2
Tyree,2
Tyreece,1
Tyreese,5
Tyrel,2
Tyrell,14
Tyren,2
Tyrese,6
Tyrikis,1
Tyrin,1
Tyrique,2
Tyrone,8
Tyrus,1
Tyryn,1
Tysean,1
Tysen,5
Tysne,1
Tyson,88
Tyson-Kaya,1
Tytan,1
Tyvale,1
Tyvin,1
Uday,1
Umar,1
Uriah,1
Utah,1
Utin,1
Utinihtaow,1
Uzayr,1
Valentine,1
Valerian,1
Van,5
Vance,5
Vanir,1
Vanja,1
Vanshdeep,1
Vaughn,3
Vayen,1
Vernon,1
Vicente,1
Victor,12
Vidal,1
Viet,1
Viggo,1
Vijay,1
Vikram,1
Viktor,1
Vinayak,1
Vince,2
Vincent,17
Vincenzo,2
Vinci,1
Vineet,1
Vinh,2
Viraj,1
Vito,1
Vivake,1
Vivek,1
Vivekananda,1
Von,2
Voughon,1
Wacey,2
Wade,6
Waleed,2
Walid,1
Walker,7
Wallace,1
Walter,4
Wang,1
Warhil,1
Warner,1
Warren,8
Warrick,1
Washington,1
Wasif,1
Wassim,1
Wayland,1
Waylon,3
Wayman,1
Wayne,4
Wazeem,1
Weider,1
Weiland,1
Wesam,1
Wesley,17
Wesson,1
West,1
Westley,2
Weston,3
Whitfield,1
Whyatt,1
Wieldor,1
Wilhelm,2
Will,12
Willard,1
Willem,5
William,161
Wil-Liam,1
Willie,1
Willy,1
Wilson,7
Wim,1
WindDancer,1
Winson,2
Winston,5
Winter,2
Wissam,1
Wol,1
Wolff,1
Wolfred,1
Wotan,1
Wren,2
Wyatt,52
Wyeth,1
Wyett,1
Wylie,1
Wyllyn,1
Wymond,1
Wynden,1
Xander,29
Xao,1
Xarian,1
Xavier,16
Xavion,1
Xennan,1
Xyler,1
Xzavier,2
Xzavior,1
Yach,1
Yafet,1
Yahya,2
Yale,1
Yanic,1
Yankun,1
Yannick,1
Yannik,1
Yash,2
Yashar,2
Yashjeet,1
Yashpreet,1
Yashraj,1
Yasin,1
Yaxya,1
Yee,1
Yehya,1
Yiannis,1
Yidana,1
Yilin,1
Yimaj,1
Yobel,1
Yohan,1
Yonich,1
Yordanos,1
York,1
Yosef,1
Yoseph,1
YouJin,1
Young,1
Youp,1
Yousef,3
Youseph,1
Youssef,5
Yousuf,1
Yuanshan,1
Yuot,1
Yuri,2
Yussif,1
Yusuf,2
Yuvraj,3
Yves-Michel,1
Zaafir,1
Zaarif,1
Zabrien,1
Zacariah,1
Zacarias,1
Zacary,1
Zach,2
Zacharey,1
Zachariah,10
Zacharias,1
Zacharie,1
Zachary,161
Zachery,17
Zachry,1
Zack,9
Zackariah,1
Zackarias,1
Zackary,16
Zackeri,1
Zackery,16
Zackrey,1
Zafar,1
Zaian,1
Zaid,1
Zaieem,1
Zain,3
Zaine,1
Zainin,1
Zainuddin,1
Zaiven,1
Zak,3
Zakareya,1
Zakaria,3
Zakariya,3
Zakariyya,1
Zakary,5
Zakarya,1
Zakery,1
Zakk,1
Zakkary,2
Zakry,1
Zale,1
Zander,10
Zane,15
Zaq,1
Zaric,1
Zario,1
Zayd,2
Zayden,1
Zayn,1
Zayne,2
Zedikiah,1
Zeeshan,1
Zeeya,1
Zehan,1
Zein,2
Zeke,2
Zephan,1
Zephaniah,1
Zepher,1
Zephrin,1
Zephyr,1
Zerek,1
Zeth,1
Zethrynn,1
Zevin,1
Zeyad,1
Zheric,1
Zi,1
Ziad,1
Zidane,1
Zilkiffal,1
Zimraan,1
Zion,4
Zoen,1
Zoltan,3
Zsolt,1
Zukaria,1
Zxyrill,1
Zyler,1