1,Aaban
1,Aadan
4,Aaden
1,Aadhya
1,Aadil
1,Aaditya
1,Aadon
2,Aage
1,Aakesh
4,Aarav
2,Aariz
2,Aarnav
68,Aaron
1,Aaroon
2,Aarsh
1,Aarya
2,Aaryan
1,Aaryash
1,Aashray
1,Aatif
4,Aayan
1,Aazan
1,Abass
1,Abbott
1,Abd
1,Abdal
2,Abdallah
3,Abdel
1,Abdelkrim-Khaled-Said-Etunsi
1,Abdelmouiz
1,Abdelmuïzz
2,Abdi
1,Abdilahi
1,Abdirizak
1,Abdisa
1,Abdisalan
1,Abdol-Halim
1,Abdou
1,Abdoulaye
5,Abdul
1,Abdulah
1,Abdul-Aziz
1,Abdulellah
1,Abdulhamid
1,Abdullaah
16,Abdullah
1,Abdullahi
1,Abdullmoez
1,Abdulmoaeez
1,Abdulmohsen
1,Abdul-Moiz
1,Abdul-Raheem
2,Abdulrahman
1,Abdulrahman-Mohammed
1,Abdulrhman
1,Abdur
1,Abdur-Rahman
5,Abe
2,Abel
1,Abenezer
1,Abhijeet
1,Abhinav
1,Abhishek
1,Abid
1,Abir
4,Abraham
1,Abrahim
1,Abrahm
11,Abram
2,Abran
1,Abul
1,Abyan
1,Acacius
2,Ace
1,Achiek
1,Acoya
1,Acquim
1,Acyl
118,Adam
2,Adan
5,Addison
1,Adebayo
2,Adeeb
1,Adeen
2,Adem
9,Aden
1,Adesh
1,Adeshveer
1,Adeyemi
1,Adham
1,Adi
1,Adiel
1,Adil
1,Adithya
2,Aditya
1,Adler
1,Adolphus
1,Adonees
1,Adoneia
1,Adonias
1,Adonis
1,Adrean
1,Adrhian
1,Adriaan
29,Adrian
1,Adrián
1,Adriann
3,Adriano
1,Adriean
1,Adriel
1,Adriell
5,Adrien
1,Adrius
1,Adyn-Harley
4,Aedan
1,Aeden
1,Aedyn
1,Aehsan
1,Aejay
1,Aeneas
1,Afnan
1,Afton
1,Agafon
1,Agamjot
1,Agisha-Gracien
1,Agneya
1,Aguek
1,Ahamid
9,Ahmad
1,Ahmadou
1,Ahmad-Yar
24,Ahmed
1,Ahmed-hussain
1,Ahrush
107,Aidan
1,Aidelokhai
141,Aiden
1,Aideyn
1,Aidin
1,Aidrik
3,Aidyn
1,Aikemjot
1,Ailen
2,Aimal
1,Aimen
1,Aishwary
1,Aitzaz
1,AJ
1,Aja
1,Ajai
3,Ajay
1,Ajaypaul
1,Ajayveer
1,Ajay-Veer
2,Ajiith
1,Ajmal
1,Ajwad
1,Ajwin
1,Akam
1,Akashveer
1,Akeel
1,Akembeer
1,Akeo
1,Akhil
1,Akiedas
1,Akira
1,Akito
2,Akoon
1,Akot
1,Akshar
1,Akshay
1,Al
1,Ala
4,Alan
1,Alan-Minh
1,Alasdair
2,Alastair
1,Alastaire
1,Alaxandre
1,Albara
1,Albaro
11,Albert
2,Alberto
1,Alden
1,Aldin
1,Aldo
1,Aldred
7,Alec
1,Aleckzis
1,Aleczavier
1,Alee
1,Aleef
1,Aleem-Jon
7,Alejandro
2,Alek
1,Aleks
1,Aleksa
4,Aleksandar
1,Aleksander
1,Aleksandr
1,Aleksey
1,Alesandro
1,Alesh
5,Alessandro
2,Alessio
1,Aleu
45,Alex
1,Alexandar
207,Alexander
1,Alexander-David-A
1,Alexander-Nicholas
11,Alexandre
1,Alexandros
1,Alexandru
1,Alexavier
1,Alexey
1,Alexi
2,Alexis
1,Alexxander
1,Alexzander
1,Alex-Zander
2,Alfie
4,Alfred
38,Ali
1,Alicsander
1,Alie
1,Alif
1,Ali-Mery
1,Alistair
2,Alister
1,Aliyan
1,Alizé
9,Allan
1,Allazam
5,Allen
1,Almin
1,Alonzo
1,Aloysius
1,Alston
1,Alteo
2,Alton
1,Alung
1,Alvan
1,Alvian
3,Alvin
2,Aly
1,Alykhan
1,Amaan
1,Amaar
1,Amadeo
1,Aman
1,Amand
1,Amanjot
1,Amanpreet
5,Amar
2,Amari
1,Amariah
1,Amarpreet
1,Amaru
1,Amaziah
1,Ambiious
1,Ambrose
2,Ameen
4,Ameer
1,Amelio
1,Amid
1,Amin
8,Amir
1,Amiri-Jacinto
1,Amit
2,Amitoj
1,Amittai
1,Amjad
1,Amjot
1,Ammaar
2,Ammar
1,Amnaz
2,Amr
1,Amrinderdeep
1,Amrit
1,Amton
1,Anaad
1,Anaey
2,Anakin
1,Anantha
1,Ananya
3,Anas
1,Anatoli
2,Anden
3,Anders
7,Anderson
1,Andie
2,Andon
1,Andraé
4,Andre
1,André
4,Andreas
2,Andrei
1,Andreia
1,Andrej
1,Andrejs
2,Andres
126,Andrew
1,Andrey
1,Andrez
1,Andri
1,Andrian
1,Andros
14,Andy
1,Aneeq
1,Anei
2,Aness
3,Angad
1,Angadh
2,Angel
9,Angelo
9,Angus
2,Anhad
1,Aniq
1,Anirudh
1,Anit
1,Anjay
1,Ankit
2,Anmol
1,Annon
1,Anoop
1,Anoush
1,Anqa
1,Ansar
2,Ansel
3,Ansh
1,Anshdeep
1,Anshveer
7,Anson
1,Antero
1,Anthany
1,Anthonie
1,Anthoniheart-Zuriel-Joesph
62,Anthony
3,Antoine
6,Anton
2,Antone
2,Antoni
1,Antonin
11,Antonio
1,Antoñio
1,Antonio-Sina
1,Antoniy
7,Antony
1,Antwone
1,Anvaya
1,Anyole
1,Aoi
1,Apollo
1,Araav
1,Aradhya
1,Araiz
1,Aram
1,Arash
1,Arbab
1,Arbanit
1,Arbien
1,Arche
7,Archer
3,Arden
1,Ardmanish
2,Areeb
1,Ares
1,Arfan
1,Arhaam
1,Arhaan
2,Arham
1,Arhm
5,Ari
4,Arian
1,Arib
3,Aric
3,Arie
1,Aries
1,Arik
1,Arion
1,Aris
1,Arish
1,Arjen
9,Arjun
1,Arkadii
2,Arlen
1,Arley
2,Arlo
12,Armaan
7,Arman
1,Armano
1,Armanpreet
1,Armin
1,Armon
1,Armya
3,Arnav
1,Arnel
1,Arnez
2,Arnie
3,Arnold
7,Aron
1,Arontin
1,Arop
1,Arran
2,Arsalan
1,Arsam
1,Arsen
1,Arseniy
1,Arshan
1,Arshaq
1,Arshbir
1,Arshdeep
1,Arshroop
1,Arshveer
1,Arshvir
10,Arthur
1,Arti
2,Artur
2,Arun
1,Arusheel
1,Arvid
3,Arvin
1,Arvir
2,Arya
1,Aryaan
12,Aryan
1,Aryeh
1,Aryn
1,Asa
1,Asad
1,Asadullah
1,Asaiah
1,Asaja
2,Ash
1,Ashanth
1,Ashby
1,Ashem
21,Asher
1,Ashford
1,Ashir
1,Ashish
1,Ashley
1,Ashlyn
4,Ashraf
1,Ashrar
1,Ashrit
2,Ashtin
77,Ashton
3,Ashtyn
1,Asiel
1,Asif
1,Asim
1,Asminth
1,Aspen
1,Astin
2,Aston
1,Ataash
1,Ater
2,Athan
1,Athanasios
1,Athen
1,Atilla
3,Atlas
1,Atley
1,Atom
1,Atraab
1,Atreyu
1,Attar
4,Atticus
1,Attis
1,Atul
1,Atya
3,Aubrey
1,Auden
1,Audie
1,Audric
1,August
3,Augustus
1,Aundre
1,Aurel
2,Auren
1,Austan
3,Austen
187,Austin
1,Austin-Lucas
1,Auston
2,Austyn
1,Avan
2,Aven
1,Averey
41,Avery
2,Avi
1,Avinash
1,Avory
1,Avraham
1,Avraj
1,Avram
1,Avrham
1,Avri
1,Awab
10,Axel
1,Axell
2,Axton
7,Ayaan
1,Ayan
3,Aydan
39,Ayden
1,Ayden-Lee
1,Aydin
2,Aydon
4,Ayman
1,Aymen
1,Aymeric
4,Ayoub
2,Ayub
1,Ayyub
2,Azaan
2,Azariah
1,Azaro
1,Azib
2,Aziz
1,Azlan
1,Azriel
1,Azure
1,Baaz
1,Baden
1,Baely
2,Bahaa
1,Bahadir
1,Bahlul
4,Bailey
1,Baisere
2,Baker
1,Baldish
1,Balint
1,Baljovan
1,Balkaran
1,Balreet
1,Baltej
1,Bane
1,Banin
2,Bao
1,Baqir
1,Barakat
1,Baret
1,Barkatali
1,Barney
1,Baron
1,Barran
2,Barret
8,Barrett
1,Barrington
1,Barron
3,Barry
1,Barton
2,Basel
1,Basha
2,Basil
1,Basleel
1,Bassam
1,Bassel
1,Bassem
1,Bassil
1,Bastian
1,Bauer
1,Baustin
1,Baver
1,Baxton
1,Bayaan
1,Bayant
1,Bayden
1,Bazil
3,Beau
1,Bechir
2,Beck
1,Beckam
1,Beckem
2,Becker
7,Beckett
7,Beckham
1,Beckum
1,Behrad
1,Behram
1,Beinvenito
1,Bekam
1,Bela
1,Belnest
14,Ben
2,Benedict
1,Beniah
183,Benjamin
1,Benjamine
1,Benjamyn
1,Benje
1,Benjiman
2,Bennet
14,Bennett
1,Bennito
1,Bennjamin
7,Benny
2,Benoit
1,Bensen
7,Benson
3,Bentley
1,Benzon
1,Bergen
2,Berkley
3,Bernard
1,Bernardo
1,Bernhard
2,Bernie
1,Bevan
1,Bexson
1,Bhagwan
1,Bhavanjot
1,Bhavik
1,Bhavjot
1,Bhavkirt
1,Bijek
1,Bikramjit
1,Bikrum
9,Bilal
1,Bilawal
1,Bilguun
1,Bilisa
1,Bill
1,Billie-joe
8,Billy
1,Bimal
1,Binni
1,Bipal
2,Bir
1,Birch
1,Birk
3,Bishop
1,Bjwen
1,Blaal
5,Blaine
4,Blair
2,Blaise
3,Blaize
80,Blake
1,Blane
1,Blayce
1,Blayne
4,Blayze
4,Blaze
1,Blazzek
1,Blessed
1,Blesson
1,Blue
1,Blue-Quill
1,Bluesky
5,Bo
2,Boaz
1,Bob
4,Bobby
1,Bocar
1,Bode
1,Bodhi
3,Bodie
1,Boe
1,Boeden
1,Boedi
1,Bohdan
1,Bohdi
1,Boiyer
1,Bokan
2,Bol
1,Bon
1,Bonham
3,Bosco
3,Boston
1,Bowden
1,Bowdy
5,Bowen
2,Bowie
1,Bowman
1,Bracen
1,Brad
1,Braddock
19,Braden
1,Bradey
20,Bradley
2,Bradly
69,Brady
2,Bradyn
1,Braedan
17,Braeden
3,Braedon
2,Braedyn
1,Braelan
1,Brahamvir
1,Brahim
1,Brahmsevak
14,Braiden
1,Brailyn
1,Bramjot
1,Bran
2,Brandan
8,Branden
1,Brandice
1,Brando
62,Brandon
4,Brandt
1,Bransen
1,Branson
2,Brant
1,Braven
1,Braxden
18,Braxton
2,Braydan
98,Brayden
1,Braydin
15,Braydon
1,Braylon
1,Brayson
1,Breccan
1,Breck
1,Brecken
1,Breckin
1,Breckyn
2,Brenan
25,Brendan
14,Brenden
2,Brendon
1,Brenin
16,Brennan
7,Brennen
1,Brennon
5,Brent
2,Brenton
1,Bret
26,Brett
2,Bretton
1,Brevan
1,Breydan
2,Breyden
1,Breyon
16,Brian
2,Briar
1,Briden
1,Brielle
2,Briggs
2,Brigham
2,Brighton
1,Brittain
1,Brittan
1,Britten
2,Britton
1,Broc
17,Brock
1,Brode
1,Brodee
2,Broden
1,Broderick
1,Brodey
1,Brodi
19,Brodie
2,Brodin
97,Brody
1,Broedy
4,Brogan
1,Brogin
2,Brolin
1,Broly
2,Bronson
3,Brooklyn
1,Brooks
7,Bruce
1,Bruno
1,Bryain
12,Bryan
25,Bryce
5,Brycen
1,Bryceson
6,Bryden
1,Brydon
3,Bryer
1,Brylan
1,Bryler
1,Brylin
2,Bryn
1,Brynn
1,Brynnen
1,Brysen
7,Bryson
1,Bryson-Gaige
1,Bryton
1,Bryx
1,Burak
1,Burhan
3,Burke
1,Businge
1,BuYu
9,Byron
1,Caamir
1,Caanan
1,Cabe
1,Cache
17,Cade
1,Cadel
50,Caden
1,Cadogan
1,Caedem
2,Caeden
1,Caedon
13,Cael
5,Caelan
1,Caelen
1,Caelis
3,Caellum
1,Caelyn
1,Caenumon
1,Cager
3,Cai
1,Caidan
14,Caiden
1,Caige
1,Cail
1,Cailean
1,Cailix
2,Caine
1,Cairo
3,Caius
1,Cal
2,Calder
19,Cale
118,Caleb
1,Calebe
1,Calei
1,Calem
2,Calen
1,Callem
15,Callum
1,Calob
5,Calum
14,Calvin
1,Calvin-Nguyen
1,Camar
7,Camden
1,Camdyn
83,Cameron
1,Cameron-Ray
1,Cammalo
3,Campbell
1,Camron
1,Canaan
1,Cannon
1,Canon
1,Canter
1,Canyon
1,Carbon
1,Cardin
1,Caris
6,Carl
1,Carlito
2,Carlo
2,Carlos
1,Carlson
1,Carmello
1,Carmelo
2,Carmine
1,Carnelle
8,Carsen
92,Carson
3,Carsten
1,Carsyn
169,Carter
1,Carter-Zen
1,Caruso
4,Carver
1,Cary
3,Casen
6,Casey
39,Cash
5,Cashis
2,Cashius
2,Cashtin
9,Cashton
2,Casin
3,Cason
3,Casper
1,Casseus
2,Cassidy
7,Cassius
1,Cato
1,Caul
1,Caulder
1,Cavan
1,Cavanaugh
1,Caydan
1,Cayde
29,Cayden
1,Caydn
1,Caydyn
1,Cayle
1,Caylum
1,Caymyn
1,Cayson
1,Cayvon
1,Cealin
1,Cedar
1,Cédric
2,CeeJay
1,Cenaiko
1,Cevan
3,Chace
11,Chad
1,Chade
1,Chadwick
1,Chahat
1,Chahshaan
1,Chakorn
1,Chams
1,Chan
1,Chanan
17,Chance
1,Chance-Lee
1,Chancellor
1,Chancey
5,Chandler
1,Channing
1,Chanpreet
1,Chanse
1,Chanson
1,Chantheara
1,Chantra
1,Chanz
1,Char
1,Charandeep
1,Charlee
36,Charles
1,Charles-Isaac
17,Charlie
1,Charlton
1,Charm
1,Charnitra
3,Chas
82,Chase
1,Chasen
1,Chasetin
1,Chaseton
1,Chasten
1,Chavez
1,Chavo
2,Chayce
1,Chaychana
1,Chayden
2,Chayse
1,Chaysen
3,Chaz
2,Chazz
1,Chesney
1,Cheston
1,Chet
4,Chevy
1,Chibunnam
1,Chidera
1,Ching
1,Chino
1,Chira
1,Chirag
1,Chol
1,Chong
6,Chris
1,Christapher
56,Christian
1,Christien
75,Christopher
1,Christopher-Allan
1,Christum
1,Chuar
1,Chukwuemeka
1,Chukwuma
7,Cian
1,Cián
1,Ciarán
1,Cillian
1,Cimaron
1,Cirrus
1,Civan
1,CJ
1,Clae
1,Claiden
2,Clarence
7,Clark
3,Clarke
1,Claude-Joseph
1,Claudio
3,Clay
15,Clayton
1,Clem
1,Clement
1,Clevland
3,Clifford
1,Clifton
3,Clinton
1,Clinton-Liu
1,Clyde
1,Coban
1,Cobi
5,Coby
1,Coda
3,Codey
56,Cody
1,Coeden
1,Coehn
2,Coen
1,Coewyn
2,Cohan
64,Cohen
43,Colby
1,Coldon
128,Cole
1,Coleman
1,Coleten
1,Coletin
6,Coleton
22,Colin
4,Collin
1,Collynn
1,Colson
3,Colt
1,Coltan
18,Colten
2,Coltin
49,Colton
1,Columbie
1,Colyn
1,Conlan
1,Conlin
1,Conlon
2,Connar
1,Connell
20,Conner
117,Connor
9,Conor
8,Conrad
1,Constantin
3,Constantine
58,Cooper
1,Copper
1,Corbain
2,Corban
3,Corben
32,Corbin
4,Corbyn
2,Cordell
4,Corey
1,Corgan
3,Cornelius
1,Cornell
1,Cornie
4,Corny
1,Corone
1,Corse
1,Corstian
1,Cort
1,Cortez
1,Corvin
2,Corwin
7,Cory
1,Cory-James
1,Coty
2,Coulson
2,Courage
2,Courtland
1,Cove
1,Cowboy
1,Cowen
8,Craig
1,Crash
1,Crayton
1,Creedance
1,Creedence
1,Crew
1,Crijn
3,Cristian
1,Cristianno
2,Cristiano
1,Crosby
1,Crue
12,Cruz
2,Cullan
1,Curran
1,Curtez
16,Curtis
1,Cutler
1,Cy
1,Cydney
1,Cylas
1,Cylies
1,Cylis
1,Cypress
1,Cyprus
1,Cypryss
3,Cyril
13,Cyrus
1,Daariq
3,Dade
1,Daegan
2,Daelan
1,Daelen
1,Daelin
1,Daemyen
2,Daemyn
1,Daen
1,Daenan
1,Daeten
1,Daeton
1,Dafydd
1,Dagan
2,Dagon
1,Dagonet
1,Dahir
1,Daigen
1,Daimen
1,Daimon
2,Daine
1,Daiton
1,Dakeyras
1,Dakosta
7,Dakota
1,Dalamar
5,Dale
2,Dalen
1,Dalin
1,Dallan
21,Dallas
4,Dallin
10,Dalton
1,Dalyn
1,Damandeep
1,Damein
2,Damen
1,Dameon
19,Damian
1,Damiem
21,Damien
4,Damion
16,Damon
1,Damyan
1,Damyn
1,Dan
25,Dane
1,Danen
2,Danial
172,Daniel
1,Daniel-Kyle
1,Danila
1,Danilo
1,Danish
2,Daniyal
1,Dannel
1,Danniel
9,Danny
1,Danon
14,Dante
1,Danyal
1,Dao
1,Daran
1,Darby
2,Darcy
10,Darian
6,Darien
1,Darin
5,Dario
2,Darion
2,Darious
2,Daris
17,Darius
1,Darlo
2,Darnell
1,Darnelle
4,Darrell
14,Darren
1,Darrian
3,Darrien
1,Darrigan
1,Darris
3,Darryl
1,Darsh
1,Darsin
1,Dartagnan
1,Darvin
1,Darvn
3,Darwin
2,Darwyn
1,Daryan
1,Daryis
2,Dashel
1,Dashell
1,Dashuan
2,Dat
2,Dathan
1,Daton
1,Datyn
1,Dau
2,Daughtry
1,Daunte
1,Daus
1,Dave
1,Daven
1,Davey
1,Davi
1,Davian
117,David
1,Davidgregory
1,Davik
7,Davin
5,Davis
1,Daviston
1,Davon
1,Davonté
2,Davyn
1,Dawsen
50,Dawson
9,Dax
1,Daxis
2,Daxon
1,Daxten
2,Daxton
1,Daxtyn
1,Daxz
2,Daya
1,Dayde
6,Daylan
4,Daylen
4,Daylin
2,Daymon
4,Daymond
2,Dayson
15,Dayton
2,Dayven
1,De
12,Deacon
2,Deagan
2,Deagen
3,Deakon
1,Deakyn
9,Dean
1,Deandré
1,Dean-Justin
1,Décio
1,Decker
1,Decklan
1,Decklen
1,Decklin
36,Declan
1,Decland
1,Declin
2,Declyn
1,Decon
1,Dedaar
1,Dedrey
8,Deegan
1,Deen
1,Deepak
1,Deeptanshu
1,Degan
1,Degen
1,Dekker
1,Deklain
4,Deklan
1,DeKlan
1,Deklen
1,Deklin
1,Delann
1,Delano
1,Delbert
1,Delroy
1,Delyan
1,DeMario
1,Demarion
1,Demetrius
1,Denai
1,Denali-Blaze
1,Denato
6,Deng
1,Denilson
3,Denis
1,Deniz
1,Denleigh
8,Dennis
1,Dennise
1,Dennis-Ray
1,Denny
1,Denten
1,Denton
4,Denver
5,Denzel
1,Deome
3,Deon
1,Derald
12,Derek
1,Deric
1,Derick
1,Derion
1,Derric
5,Derrick
1,Derry
3,Deryk
1,Deshal
1,Deshan
1,Deshaun
2,Deshawn
1,Desmand
1,Desmin
11,Desmond
1,Dessy
5,Destin
1,Deston
1,Dev
5,Devan
1,Devaughn
2,Deven
1,Devesh
15,Devin
3,Devlin
1,Devlyn
1,Devlynn
28,Devon
1,Devonne
1,Devran
1,Devun
3,Devyn
1,Dewey
16,Dexter
2,Dez
1,Dezmon
3,Dezmond
1,Dhaal
1,Dhiel
1,Dhir
1,Dia
2,Dian
1,Didson
2,Diedrich
10,Diego
3,Diesel
1,Dieter
2,Dietrich
1,Dieu
3,Diezel
1,Dihen
2,Diing
1,Dilan
1,Diljot
1,Dilkirit
5,Dillan
1,Dillion
13,Dillon
1,Dilpreet
1,DilRaj
2,Dilshan
1,Dilyn
1,Dimitri
1,Dimitrije
2,Dimitrios
1,Ding
1,Dinh-Thuc
1,Dino
4,Dion
1,Dionysus
2,Dirk
1,Disara
1,Divan
1,Divonne
2,Dixon
1,Diyon
1,DJ
1,Dj
1,Djarissak
1,Djordje
1,D'Kon
1,Dmitri
1,Dmitry
1,Dodge
1,Doherty
1,Dolan
2,Dolton
1,Doman
3,Domanic
2,Domanick
6,Domenic
1,Domenick
2,Domenik
1,Domenyk
71,Dominic
9,Dominick
1,Dominick-William
14,Dominik
3,Dominique
1,Dominque
3,Domonic
2,Domonick
1,Domynick
3,Don
1,Donal
4,Donald
1,Donart
1,Donavan
1,Donavin
1,Dondre
1,Donivan
1,Donnen
1,Donnie
17,Donovan
1,Donovin
1,Donté
1,Donzell
9,Dorian
1,Dorjee
1,Doug
8,Douglas
1,Dov
1,Doyle
2,Draco
1,Draedon
13,Drake
8,Draven
1,Drayce
5,Drayden
1,Draye
4,Drayton
1,Drayven
1,Dreaden
3,Dreden
1,Dredyn
1,Drent
1,Dreus
23,Drew
2,Drey
1,Dreyas
1,Dreydan
1,Dreyson
4,Dreyton
1,Drinor
1,Drostyn
6,Dryden
1,Duaine
2,Duc
1,Dugana
3,Duke
7,Duncan
1,Durham
1,Duron
20,Dustin
2,Dusty
1,Dustyn
8,Dwayne
1,Dwyte
144,Dylan
1,Dylan-William
1,Dylen
4,Dyllan
1,Dylon
1,Dysen
4,Dyson
1,E
1,Eamanuel
5,Eamon
1,Éamon
2,Ean
2,Eashan
1,Eastan
24,Easton
1,Eastyn
1,Eathen
1,Eban
3,Ebenezer
1,Ebin
1,Ebrahim
1,Echo
2,Edan
3,Eddie
1,Eddy
2,Eden
1,Edgar
5,Edison
1,Edmar
2,Edmon
2,Edmund
1,Edson
25,Edward
8,Edwin
1,Eerik
1,Efe
1,Egan
1,Egon
1,Ehab
1,Ehlan
1,Ehzra
1,Eilam
1,Eithon
3,Ekam
1,Ekamjit
1,Ekamveer
2,Ekansh
2,Ekin
1,Ekjot
1,Ekman
1,Elais
1,Elan
1,Elden
2,Eldon
1,Elek
14,Eli
20,Elias
1,Elie
1,Eligh
54,Elijah
1,Elikem
1,Elilei
1,Elim
1,Elio
1,Eliseo
1,Elisha
1,Eliyas
1,Eljan
1,Ellias
11,Elliot
6,Elliott
4,Ellis
1,Elme
1,Elmedin
1,Elnathan
2,Elton
1,Elvis
1,Elyas
1,Elyase
1,Elyh
1,Emad
3,Emanuel
1,Emeka
1,Emelio
1,Emerett
20,Emerson
13,Emery
1,Emil
2,Emilio
2,Emin
1,Emir
1,Emirhan
1,Emmanual
7,Emmanuel
1,Emmanuel-Caleb
2,Emmet
17,Emmett
1,Emmit
4,Emmitt
1,Emmytt
1,Emrah
1,Emre
1,Emrys
1,Enes
1,Enoke
1,Enon
3,Enrique
6,Enzo
1,Eoin
4,Ephraim
2,Ephram
1,Eraryk
2,Eren
92,Eric
1,Éric
2,Erich
2,Erick
35,Erik
1,Ernest
1,Ernie
1,Eron
1,Erson
3,Erwin
1,Eryck
1,Eryk
1,Esenam
2,Eshaan
1,Eshan
1,Essa
3,Esteban
1,Estefanos
375
Ethan
3,Ethen
1,Ethian
1,Ethyn
2,Etienne
1,Étienne
1,Etka
1,Euale
6,Euan
1,Euby
2,Eugene
1,Evaan
186,Evan
1,Evander
1,Evangelos
2,Evann
1,Everest
25,Everett
3,Evin
1,Evret
1,Evynn
19,Ewan
2,Ewere
1,Ewuak
1,Eyad
1,Eyosias
1,Eyosiyas
1,Eythan
1,Ezeako
8,Ezekiel
1,Ezio
1,Eziquel
16,Ezra
1,Ezrah
1,Fabian
4,Fahad
1,Fahmi
2,Faisal
2,Faizaan
1,Faizal
2,Faizan
1,Fallyn
1,Faraan
1,Farai
1,Faran
1,Farees
2,Farhan
1,Farhanuddin-Omar
1,Faris
1,Farley
1,Faro
1,Faron
1,Farsan
1,Faruk
1,Farzad
1,Farzam
1,Farzan
1,Farzin
1,Fatal
1,Fawad
1,Fawaz
1,Fawkes
1,Feisal
1,Felipe
12,Felix
7,Félix
1,Felony
1,Fenton
1,Ferehan
1,Fermin
5,Fernando
1,Feroze
1,Ferris
3,Filip
2,Findlay
4,Finlay
10,Finley
22,Finn
1,Finnean
1,Finneas
3,Finnegan
2,Finneus
2,Finnigan
2,Finnley
1,Fionn
1,Firas
1,Fischer
1,Fisher
4,Fletcher
1,Florian
1,Floyd
3,Forrest
3,Foster
1,Fouad
2,Fox
1,France
1,Frances
1,Francesco
1,Francesko
6,Francis
2,Francisco
2,Franco
1,Frandon
4,Frank
2,Frankie
3,Franklin
1,Franky
3,Franz
8,Fraser
1,Frasier
2,Frazer
1,Freddie
3,Frederick
1,Free
1,Freedom
1,Fremonte
1,Freydin
1,Friedrich
1,Fritz
2,Frost
1,Furious
1,Furkan
1,Fycher
2,Fynn
1,Gabe
2,Gaberiel
1,Gable
1,Gabraiel
3,Gabrial
1,Gabrian
129,Gabriel
1,Gabriell
1,Gabrielle
1,Gabrien
1,Gad
1,Gadissa
33,Gage
6,Gaige
1,Gallagher
2,Galvin
1,Gamaliel
1,Gambit
1,Ganjouk
1,Garang
2,Gareth
5,Garett
1,Garette
1,Garin
1,Garisen
1,Garner
1,Garren
6,Garret
20,Garrett
2,Garrick
2,Garrison
4,Garry
2,Garth
1,Garv
1,Garvin
8,Gary
1,Gatlin
1,Gatmandong
1,Gatwich
1,Gauge
1,Gauss
2,Gavan
3,Gaven
110,Gavin
1,Gavriel
6,Gavyn
1,Geith
1,Genden
1,Gene
1,Genie
1,Genjiro
1,Geno
1,Gentiar
1,Geoffrey
1,Geordie
24,George
1,Georges-Liam
1,Georgie
4,Gerald
5,Gerard
1,Gerasimos
2,Gerhard
1,Gerhardt
1,Gerhord
1,Geronimo
2,Gerrit
1,Gethin
1,Gian
1,Giancarlo
2,Gianluca
2,Gianni
1,Gibriel
1,Gibson
5,Gideon
1,Gierhard
1,Gierhort
3,Gilbert
2,Giles
4,Giovanni
1,Giuliano
2,Giuseppe
1,Gix
1,Gleb
6,Glen
2,Glenn
1,Glyndwr
1,Gobindraj
1,Godwill
1,Godwin
1,Goi
1,Goon
2,Goran
5,Gordon
1,Gordy
1,Gorian
1,Gorov
2,Gracen
1,Gracyn
1,Gradey
1,Gradin
1,Gradon
32,Grady
2,Gradyn
1,Graeden
9,Graeme
4,Graeson
14,Graham
1,Graisen
1,Graison
12,Grant
1,Grasyn
1,Gray
1,Graycen
3,Grayden
4,Graydon
1,Graysen
47,Grayson
1,Grecen
1,Gregg
1,Gregor
10,Gregory
1,Gretzky
1,Grey
1,Greydon
1,Greylen
2,Greysen
10,Greyson
1,Griffen
36,Griffin
3,Griffyn
1,Grove
1,Gryffyn
1,Gryphon
1,Guilbert
4,Gunnar
5,Gunner
1,Guntas
1,Gunther
1,Guramrit
1,Gurarpit
1,Gurdas
1,Gurdev
1,Gurinder
1,Gurjaap
1,Gurjap
1,Gurjivan
3,Gurjot
1,Gurkaran
1,Gurkirat
1,Gurleen
4,Gurman
1,Gurmann
1,Gurmant
1,Gurmehar
1,Gurneet
1,Gurniwaz
1,Gurnoor
1,Gurpartik
3,Gurshaan
4,Gurshan
1,Gursharan
1,Gurshaun
2,Gursimran
1,Gurtegh
1,Gurtirath
1,Guruprtap
2,Gurveer
1,Gurvir
2,Gus
1,Gustav
1,Gustus
1,Guthrie
1,Gu-ya
1,Guyaume
1,Haakon
1,Haaris
1,Habeeb
1,Haden
5,Hadi
1,Hadrian
1,Hael
1,Haemish
1,Hai
4,Haiden
3,Haider
2,Haidyn
1,Haisley
1,Hakan
1,Hakim
1,Hale
1,Hamad
1,Hamdaan
2,Hamdan
1,Hameed
2,Hamid
1,Hamilton
2,Hamish
1,Hammad
9,Hamza
1,Hamzi
1,Han
3,Hanad
1,Hanania
1,Hani
1,Hank
1,Hanno
2,Hans
2,Hansen
1,Hanson
1,Han-ul
1,Hanyu
1,Hanz
2,Hao
1,Haoyan
1,Haransh
1,Harbin
1,Harbir
1,Harcharn
3,Hardy
1,Hared
2,Haris
1,Harith
1,Harjaap
1,Harjan
1,Harjap
5,Harjot
1,Harkaran
1,Harlem
2,Harlen
13,Harley
1,Harley-Joe
1,Harlou
5,Harman
1,Harmandeep
1,Harmanpreet
1,Harmon
3,Harold
1,Haroun
1,Harper
1,Harpreet
3,Harris
19,Harrison
8,Harry
1,Harsahib
2,Harsh
1,Harshan
1,Harshit
1,Harsimar
1,Hart
1,Hartej
1,Hartejkanwal
1,Hartley
1,Harveer
2,Harvey
1,Harvin
1,Harvir
1,Hasam
7,Hasan
1,Hasham
4,Hashim
3,Hashir
11,Hassan
1,Hatif
1,Hatsu
1,Hattan
1,Hau
1,Haven
1,Havin
1,Hawke
114,Hayden
1,Hayder
3,Haydin
3,Haydn
1,Haydyn
1,Hayes
1,Hayven
1,Hayyan
1,Hayze
1,Hazen
1,Haziq
1,Healey
8,Heath
3,Hector
1,HeeChan
5,Heinrich
1,Helix
2,Hendrik
2,Hendrix
1,Henok
1,Hénok
1,Henri
1,Henrik
40,Henry
1,Henson
1,Hepheistion
3,Herman
1,Herschel
1,Hezekiah
1,Hiep
1,Himat
1,Hinton
3,Hisham
1,Hitain
1,Hoang
1,Hogan
13,Holden
1,Holdyn
1,Hollis
1,Holt
1,Hosea
2,Houston
4,Howard
1,Hrish
1,Hrishi
1,Hristos
1,Huan
1,Hubert
1,Hudsen
66,Hudson
2,Hugh
8,Hugo
2,Hunor
120,Hunter
1,Hunter-Seith
3,Husain
1,Hush
1,Husky
1,Husnain
2,Hussain
1,Hussam
3,Hussein
2,Hussien
1,Huston
1,Hutton
2,Huu
1,Huzaifa
1,Huzayfa
1,Huzny
1,Hydde
1,Hyderuddin
1,Hyong-ou
1,Hyrum
1,Hyun
4,Iain
50,Ian
1,Iaz
1,Iazzc
1,Ibraheem
8,Ibrahim
1,Ibrahim-Alshura
1,Ibsham
1,Idriss
2,Ignacio
1,Ignatius
1,Ikaia
1,Ikbir
1,Ilan
1,Illias
3,Ilya
1,Ilyaas
4,Ilyas
2,Imad
1,Immanuel
2,Imran
1,Inais
1,Inayat
1,Inderveer
1,Indigo
1,Inesh
1,Ineza
1,Iniyebi
1,Ioannis
1,Iolo
1,Ioryze
1,Iqbal
2,Ira
1,Irshad
1,Irwin
111,Isaac
1,Isaac-Evan
1,Isaad
1,Isaah
7,Isaak
1,Isaia
53,Isaiah
2,Isaias
1,Isaic
1,Isaïe
1,Isak
1,Iseah
5,Ishaan
1,Ishaanvir
2,Ishan
1,Ishmeet
1,Ishwan
7,Isiah
1,Ismaeel
1,Ismael
3,Ismail
2,Israel
1,Isriel
6,Issac
1,Issiah
10,Ivan
1,Ivy
1,Iyaad
1,Iyanuoluwa
1,Iyoup
4,Izaac
1,Izaiah
1,Izaih
1,Izaiya
4,Izak
2,Izayah
1,Izic
1,Jabez
1,Jabin
1,Jac
36,Jace
1,Jacey
1,Jacint
181,Jack
2,Jackie
1,Jackkie
1,Jackpine
122,Jackson
4,Jacky
1,Jackzon
258,Jacob
1,Jacoby
1,Jacques
3,Jad
1,Jadane
2,Jade
1,Jadeakis
42,Jaden
1,Jadin
5,Jadon
4,Jadyn
1,Jae
2,Jaeden
2,Jaedon
2,Jaedyn
1,Jaekob
1,Jael
1,Jaelen
1,Jaemin
1,Jaemon
1,Jaeren
1,Jaevyn
1,Jafaar
1,Jafeth
1,Jagbir
1,Jagdeep
3,Jager
5,Jagger
1,Jagmeet
1,Jagr
1,Jagshan
1,Jagveer
1,Jahim
1,Jai
1,Jaidan
1,Jaideep
12,Jaiden
2,Jaidyn
1,Jaillon
4,Jaime
1,Jaimin
1,Jaipal
1,Jairen
1,Jaisher
1,Jaitin
1,Jaivieon
1,Jaivir
1,Jakab
1,JaKai
53,Jake
1,Jakeb
27,Jakob
2,Jakobi
1,Jaksen
1,Jakub
3,Jalal
4,Jalen
1,Jama
1,Jamaal
9,Jamal
2,Jamar
1,Jameel
142,James
4,Jameson
1,James-Roldan
1,Jamey
6,Jamie
1,Jamieson
1,Jamire
4,Jamison
1,Jamus
1,Jan
1,Janmichael
1,Janoh
1,Jansen
2,Japjot
1,Japman
1,Japnoor
1,Jappreet
1,Japreet
1,Jarad
1,Jarcoe
1,Jardyn
36,Jared
1,Jareem
3,Jaren
1,Jaret
4,Jarett
1,Jari
1,Jariden
1,Jarielle
1,Jarin
1,Jarod
1,Jarom
3,Jarome
5,Jaron
3,Jarred
1,Jarrell
1,Jarren
4,Jarret
5,Jarrett
2,Jarvis
2,Jaryn
1,Jasdeep
4,Jase
1,Jaser
1,Jashandeep
1,Jashanjot
1,Jasiah
1,Jasjot
5,Jaskaran
1,Jaskarn
1,Jaskirat
1,Jasman
1,Jasmandeep
38,Jason
21,Jasper
1,Jaspreet
1,Jasraaj
1,Jasraj
1,Jaston
1,Jasveer
1,Jate
1,Jathniel
1,Javan
4,Javen
6,Javier
2,Javin
1,Javonne
7,Jawad
1,Jawan
1,Jawwad
8,Jax
1,Jaxcen
8,Jaxen
2,Jaxin
64,Jaxon
1,Jaxsen
20,Jaxson
1,Jaxsyn
3,Jaxton
1,Jaxx
3,Jaxxon
1,Jaxyn
1,Jaxzen
7,Jay
21,Jayce
1,Jaycee
1,Jaycen
1,Jaycis
1,Jaycob
1,Jayd
4,Jaydan
2,Jaydee
1,Jaydeep
162,Jayden
1,Jayden-Lee
4,Jaydin
7,Jaydon
1,Jaydyn
1,Jaygo
1,Jayhaziel
1,Jayin
1,Jay-Jay
1,Jaykeb
2,Jaykob
2,Jaylen
1,Jaylin
1,Jaymar
5,Jayme
1,Jaymen
1,Jaymos
2,Jaymz
1,Jayse
1,Jaysi
6,Jayson
1,Jaystin
1,Jayth
2,Jayveer
1,Jayvi
1,Jaz
1,Jaziah
1,JD
2,Jean
1,Jeancarlo
1,Jean-Christophe
1,Jean-François
1,Jean-Jacques
1,Jean-Luc
1,Jean-Mathieu
1,Jean-Willy
7,Jed
1,Jedd
1,Jedrek
2,Jeet
2,Jeevan
2,Jeevun
3,Jeff
6,Jeffery
16,Jeffrey
1,Jeffrey-Clint
1,Jemar
1,Jengiz
1,Jensen
1,Jeovanni
2,Jeramiah
1,Jeramy
1,Jered
2,Jerel
1,Jerelle
15,Jeremiah
1,Jeremias
47,Jeremy
2,Jérémy
5,Jericho
1,Jerico
1,Jermane
7,Jerome
1,Jerome-Jan
1,Jerrek
1,Jerrell
1,Jerrett
1,Jerrome
1,Jerron
5,Jerry
1,Jerzy
1,Jeshua
4,Jesiah
1,Jeson
2,Jesper
2,Jess
1,Jessaiah
79,Jesse
1,Jesse-James
1,Jessey
3,Jessie
1,Jessie-Rae
2,Jessy
1,Jester
3,Jestin
1,Jesús
1,Jet
1,Jeter
1,Jether
3,Jethro
11,Jett
3,Jevan
1,Jevin
1,Jevyn
1,Jeyar
1,Jhan
1,Jhay
1,Jhett
1,Jhoann
1,Jhonny
1,Jhovan
1,Jhuniece
1,Jhuriel
1,Jia
1,Jiade
1,Jiahao
1,Jiaming
1,Jiasheng
1,Jiawen
1,Jibran
1,Jibreel
1,Jimekor
4,Jimmy
1,Jin-Gu
1,Jiothiang
1,Jiro
1,Jishnu
1,Jison
1,Joah
1,Joaquim
10,Joaquin
1,Joaquìn
1,Joavan
1,Job
2,Joban
1,Jobanpreet
1,Jobanveer
1,Jobe
1,Joben
1,Jobie
1,Jock
1,Jodeci
36,Joel
1,Joelan
1,Joeseph
2,Joesph
9,Joey
2,Johan
3,Johann
1,Johle
69,John
1,Johnash
14,Johnathan
3,Johnathon
1,Johnavon
1,John-Charles
1,Johnlee
1,John-Michael
9,Johnny
2,John-Paul
1,John-Ryan
1,Johnson
1,John-William
1,Johny
1,Jokobi
5,Jon
45,Jonah
29,Jonas
63,Jonathan
3,Jonathon
2,Jonny
1,Jonothan
1,Joon
2,Joran
1,Joravar
82,Jordan
1,Jordan-Blair
1,Jordandeep
6,Jorden
1,Jordi
3,Jordin
10,Jordon
1,Jordyn
1,Joren
4,Jorge
1,Jorgen
1,Jory
1,Josaih-Pierre
4,Jose
2,José
3,Josef
1,Josel
103,Joseph
9,Josh
1,Joshawa
1,Joshin
216,Joshua
3,Joshuah
1,Joshua-Jack
1,Joshuel
1,Joshvin
19,Josiah
1,Josias
2,Joss
1,Jotham
1,Jouhar
1,Jovan
1,Jovaney
1,Jovanpreet
1,Jove
1,Joven
1,Jovin
1,Jovis
1,Joziah
1,JR
1,Jream
4,Juan
11,Judah
1,Judas
1,Judd
24,Jude
2,Jugraj
2,Jules
29,Julian
2,Juliano
7,Julien
2,Julio
3,Julius
1,Jullien
1,Jun
2,Junaid
2,Junayd
1,June
1,Junior
1,Jun-Tao
1,Juri
1,Jurrian
1,Jurrien
1,Jussi
15,Justice
81,Justin
1,Justin-James
1,Justin-Paul
2,Justis
4,Justus
2,Justyn
1,Juzer
1,Jwad
1,Jy
1,Jyden
1,Kaan
3,Kabir
1,Kabriel
1,Kacen
3,Kacey
1,Kachuol
24,Kade
1,Kadem
83,Kaden
1,Kadeyn
1,Kadian
3,Kadin
2,Kadon
5,Kadyn
1,Kaed
2,Kaedan
2,Kaede
4,Kaeden
1,Kaedin
1,Kaedo
1,Kaedyn
20,Kael
8,Kaelan
1,Kaelix
1,Kaemon-Marcus
1,Kaeo
1,Kaesyn
1,Kaev
1,Kaezon
1,Kage
1,Kagen
1,Kahl
1,Kahlil
55,Kai
2,Kaidan
42,Kaiden
1,Kaidence
2,Kaidyn
1,Kaien
1,Kaige
1,Kail
2,Kaileb
2,Kailen
1,Kailer
1,Kai-Long
2,Kain
1,Kaine
2,Kairo
1,Káiro
1,Kaiser-Lane
1,Kaison
1,Kaius
1,Kajun
1,Kalai
3,Kalan
1,Kalani
1,Kalbie
1,Kal-David
28,Kale
1,Kaleab
69,Kaleb
1,Kaleel
1,Kaleem
2,Kalem
9,Kalen
1,Kalex
2,Kalin
1,Kallem
1,Kallen
2,Kallum
1,Kalob
1,Kalobe
1,Kaloyan
2,Kalum
1,Kam
3,Kamal
1,Kamel
7,Kameron
1,Kamil
4,Kamran
1,Kamren
1,Kamrian
2,Kamryn
15,Kane
1,Kang
1,Kanku
1,Kannen
1,Kansas
1,Kanvar
2,Kanyon
1,Kaplan
1,Karam
1,Karampreet
1,Karan
1,Karanbrinder
3,Karanjot
1,Karanveer
8,Kareem
1,Karel
1,Karim
3,Karl
1,Karlin
1,Karlo
2,Karm
2,Karman
1,Karmanjit
3,Karsen
13,Karson
5,Karsten
1,Karston
2,Karsyn
13,Karter
1,Kartik
1,Karum
1,Karwan
2,Kase
5,Kasen
4,Kasey
15,Kash
1,Kasha
1,Kashdon
1,Kashif
1,Kashik
4,Kashis
1,Kashish
1,Kashtian
4,Kashton
1,Kashtyn
1,Kasian
1,Kaslo
6,Kason
1,Kasper
2,Kasra
1,Kaston
1,Kauldon
2,Kaushik
1,Kavan
1,Kavanaugh
1,Kavanjot
1,Kayaan
2,Kayan
1,Kaycer
1,Kayd
3,Kayde
80,Kayden
3,Kaydence
2,Kaydin
2,Kaydon
1,Kaydyn
1,Kayel
1,Kayge
1,Kayl
2,Kaylan
3,Kayle
3,Kayleb
1,Kaylem
2,Kaylen
1,Kaylin
2,Kaylub
4,Kaylum
1,Kaynan
3,Kayne
1,Kaysen
4,Kayson
1,Kayvon
2,Kaz
1,Kazden
1,Kaze
1,Kazen
1,Kazmir
1,Kazuo
21,Keagan
3,Keagen
1,Kealan
1,Kealen
2,Keanan
2,Keane
1,Keanen
2,Keanu
1,Keaston
2,Keatan
1,Keaten
31,Keaton
1,Keatyn
1,Kedric
1,Keeden
1,Keedin
1,Keefe
29,Keegan
1,Keegen
1,Keeghan
9,Keelan
16,Keenan
1,Keene
1,Keeper
1,Kees
1,Keetley
1,Keetly
2,Keeton
1,Keevan
1,Keevin
1,Keevon
1,Keeyan
5,Kegan
1,Kegin
4,Keifer
1,Keiffer
3,Keigan
1,Keilan
1,Keilen
1,Keinan
1,Keir
8,Keiran
1,Keirnan
1,Keishan
9,Keith
2,Kelan
1,Kelby
1,Keldan
1,Keldon
1,Kelen
5,Kellan
1,Kellen
2,Kelly
1,Kelsen
1,Kelson
9,Kelton
2,Kelvin
1,Kelwyn
3,Kemper
1,Ken
1,Kenaan
1,Kenai
1,Kenan
1,Kenaz
1,Kenden-Vu-Dinh
2,Kendrick
1,Kendryan
1,Kenneith
10,Kenneth
1,Kennith
3,Kenny
2,Kent
4,Kenton
1,Kenyan
1,Kenyen
1,Kenyi
2,Kenyon
1,Kenzen
2,Keon
1,Kerem
2,Kerry
1,Kervin
2,Kesar
2,Kessler
2,Keston
39,Kevin
2,Keyaan
2,Keyan
1,Keyanen
2,Keyano
2,Keygan
1,Keylen
1,Keynan
1,Keyro
1,Keythan
1,Khade
1,Khadir
1,Khai
1,Khail
1,Khale
1,Khaleb
7,Khaled
4,Khalid
5,Khalil
1,Khizir
1,Khushjot
1,Khushvir
1,Khye
1,Khyler
1,Khym
1,Khyson
1,Ki
18,Kian
1,Kidd
3,Kiefer
1,Kieghan
1,Kielan
1,Kienan
38,Kieran
1,Kiernan
1,Kieron
1,Kieryn
1,Kiet
1,Kigan
1,Kihew
1,Kihîw
1,Kile
1,Kilian
1,Killian
1,Kimi
4,Kingsley
39,Kingston
1,Kipanga
3,Kiran
1,Kirat
1,Kirk
1,Kirkland
1,Kirtis
1,Kirtveer
1,Kirun
1,Kisean
1,Kishan
1,Kishawn
1,Kiva
2,Kiyan
1,Kiyas
1,Kiyon
1,Kiyoshi
1,Kjartan
1,Kjeld
1,Klaas
1,Klajvert
1,Klarke
1,Klass
1,Klay
1,Kliment
1,Kneaven
1,Koady
1,Koal
1,Koaltyn
10,Kobe
1,Kobee
1,Kobey
4,Kobi
1,Kobin
3,Koby
3,Koda
1,Koda-Drake
1,Kodan
1,Kodee
1,Kodey
1,Kodi
1,Kodiak
5,Kody
1,Koehan
1,Koehn
1,Koel
1,Koelie
20,Koen
1,KoFi
1,Koh
2,Kohan
1,Kohei
11,Kohen
4,Kohl
1,Kohle
1,Kohyn
1,Kol
1,Kolbe
1,Kolbi
1,Kolbie
10,Kolby
12,Kole
1,Kolgan
3,Kolt
3,Kolten
1,Kolter
1,Koltin
5,Kolton
1,Koltyn
1,Kom
1,Konner
3,Konnor
2,Konrad
2,Kooper
1,Koosha
2,Korben
10,Korbin
2,Korbyn
1,Kord
1,Korgen
1,Kornelius
1,Kornell
1,Korosh
1,Korri
1,Korson
1,Kort
2,Kory
1,Koshen
1,Kostadin
1,Kostantine
2,Koston
1,Kout
1,Kraven
1,Kreedyn
1,Kresten
3,Krish
1,Krishan
1,Krishaze
1,Krishna
1,Kristan
1,Kristen
10,Kristian
1,Kristof
1,Kristofer
1,Kristoffer
9,Kristopher
1,Kriteek
1,Kritin
3,Krrish
2,Krue
1,Kruize
3,Kruz
2,Krystian
1,Ksistsii
1,Kuac
1,Kumboyaki
1,Kumel-Samson
1,Kumyl
1,Kunal
1,Kuony
1,Kupa
4,Kurt
6,Kurtis
1,Kuwar
1,Ky
4,Kyan
1,Kydan
1,Kyden
3,Kye
1,Kyfer
6,Kylan
2,Kylar
55,Kyle
1,Kylen
29,Kyler
1,Kylin
1,Kynan
2,Kyran
3,Kyren
1,Kyrill
1,Kyril-Michael
4,Kyrin
1,Kyrinn
1,Kyron
3,Kyson
1,Kyuss
1,Kyyus
18,Lachlan
1,Ladanian
1,Ladell
1,Lain
1,Laine
1,Laird
2,Laith
1,Lake
1,Lakot
1,Lakshdeep
1,Lam
1,Lamar
11,Lance
3,Landan
19,Landen
1,Lander
3,Landin
53,Landon
7,Landyn
16,Lane
1,Langdyn
2,Lani
1,Lanin
1,Larenz
1,Larkin
4,Larry
1,Lars
1,Larsen
1,Larson
1,Lashawn
1,Laszlo
1,Lathan
1,Lathaniel
1,Latjor
3,Latrell
1,Laurent
1,Lawe
4,Lawrence
2,Lawson
11,Layne
1,Layth
6,Layton
2,Lazarus
1,Lazirus
1,Leaden
1,Lean
2,Leandro
3,Lee
2,Leeland
1,Leelen
1,Leiam
11,Leif
1,Leifur
1,Leigham
1,Leighem
1,Leighlan
7,Leighton
1,Leiland
1,Leim
1,Lelan
22,Leland
1,LeLand
2,Lenard
1,Lennart
1,Lennix
3,Lennon
2,Lenny
11,Leo
1,Léo
1,Leo-James
4,Leon
1,Léon
4,Leonard
1,Léonard
4,Leonardo
1,Leonel
1,Leonidas
1,Leopold
1,LeRoy
1,Leroy
2,Leslie
1,Lestat
2,Lester
1,Leszek
1,Lev
1,Levente
44,Levi
2,Lewis
2,Lex
1,Lexus
1,Lexx
2,Leyton
1,Li
1,Liad
199,Liam
1,Liangray
1,Liddel
1,Liem
55,Lincoln
2,Lincon
10,Linden
1,Lindokuhle
2,Lindsay
2,Linken
4,Linkin
2,Linus
1,Lional
2,Lionel
1,Lior
1,Little
1,Livio
1,Lleyton
1,Lliam
1,Lochlain
13,Lochlan
2,Lochland
1,Lochlen
1,Lochren
2,Locke
2,Locklan
1,Locklyn
1,Loden
238,Logan
1,Logan-Farley
1,Logen
3,Loghan
1,Lok
4,London
1,Long
1,Long-Yin
1,Loni
2,Lorence
2,Lorenz
5,Lorenzo
1,Lorne
1,Loughlan
1,Louie
1,Louie-Izhrael
8,Louis
1,Loul
1,Lovejeet
1,Loveleen
1,Lovemore
1,Lowdon
2,Lowell
1,Lowen
1,Lowrence
2,Loyal
1,Lual
9,Luc
13,Luca
1,Lucaa
1,Luca-Marco
173,Lucas
1,Lucca
1,Luceo
4,Lucian
2,Luciano
2,Lucien
3,Lucius
3,Lucus
1,Ludovic
1,Ludwig
2,Luis
12,Luka
56,Lukas
123,Luke
1,Lukhas
1,Lukian
2,Lukis
1,Lukyn
1,Lundy
1,Luther
1,Luuka
1,Luvantae
1,Lyam
4,Lyle
3,Lynden
8,Lyndon
1,Lynkon
1,Lynkun
1,Lynkyn
1,Lynx
1,Lyon
4,Lyric
1,Lytrell
1,M
1,Maalik
1,Maanav
1,Maanvik
4,Maaz
1,Mabior
2,Mac
1,Macailean
1,Macalister
1,Macario
1,Macarius
1,MacArthur
1,Macauley
1,Maccoy
1,Mace
1,Maceon
1,MacEwan
1,MacGregor
1,Macgregor
1,Machai
2,Mack
1,MacKendrick
6,Mackenzie
4,MacKenzie
1,Maclan
2,Maclean
1,MacLean
1,Macquire
1,Macsen
2,Madan
1,Maddax
6,Madden
2,Maddex
7,Maddix
1,Maddoc
16,Maddox
1,Maddux
1,Madox
1,Maen
1,Magail
5,Magnus
1,Magnusson
4,Maguire
1,Mahad
2,Mahd
2,Mahdi
1,Mahed
1,Maheen
1,Mahidy
1,Mahihkan
1,Mahrus
1,Mahtab
1,Mahyar
1,Maison
1,Majd
1,Majestyk
1,Majid
1,Majock
1,Makahil
1,Makai
1,Makary
1,Makiyo
1,Makoa
1,Makoy
1,Maksim
1,Makyan
1,Makyek
16,Malachi
1,Malachi-James
2,Malachy
7,Malakai
2,Malakhi
4,Malaki
1,Malakyi
17,Malcolm
1,Malcom
1,Malek
1,Malick
12,Malik
1,Malin
1,Maliq
1,Malki
1,Malloy
1,Malosi
1,Maluhia
1,Malvin
1,Manan
1,Manav
1,Manavbir
1,Manchester
1,Mandryk
1,Maneet
1,Mani
1,Manik
1,Manneet
1,Manni
1,Mannix
1,Manny
6,Manraj
1,Mantaj
3,Manuel
1,Manveer
1,Manyx
1,Mar
12,Marc
1,Marcarious
2,Marcel
1,Marcello
10,Marco
1,Marcole
2,Marcos
67,Marcus
12,Marek
1,Marino
4,Mario
1,Marius
1,Marix
26,Mark
1,Markell
1,Markeyan
1,Markez
1,Markian
1,Markis
3,Marko
1,Markom
12,Markus
1,Marley
4,Marlon
1,Marqes
1,Marquis
1,Marquise
1,Marshal
13,Marshall
2,Marten
11,Martin
1,Martín
1,Martine
1,Marty
5,Marvin
4,Masen
1,Maslin
119,Mason
4,Massimo
1,Masyn
1,Matais
1,Matayaz
1,Matei
1,Mateja
25,Mateo
1,Mathaius
1,Matheesha
13,Mathew
8,Mathias
6,Mathieu
2,Mathis
3,Matias
1,Matieus
1,Matin
1,Matis
1,Matisse
1,Mato
1,Matros
1,Matson
4,Matt
21,Matteo
1,Matteus
2,Matthais
200,Matthew
1,Matthew-Dominic
7,Matthias
1,Matthieu
5,Mattias
2,Mattin
1,Matty
1,Matus
1,Maurice
2,Mauro
1,Maveric
11,Maverick
1,Mavrick
1,Mawt
44,Max
1,Maxamus
1,Maxeem
1,Maxell
1,Maxevan
1,Maxfeld
17,Maxim
1,Maximalian
2,Maxime
10,Maximilian
1,Maximillian
2,Maximo
1,Maximos
17,Maximus
1,Maxton
2,Maxum
37,Maxwell
1,Maxx
1,Maxxamillion
1,Mayan
1,Mayer
5,Mayson
1,Mbulelo
1,Mbuyi
1,McCallum
1,McCartin
1,McGuire
1,Mckalum
1,McKeon
1,McKinley
1,McKye
1,Mebruke
1,Médérick
1,Medrick
1,Meguru
1,Mehal
1,Mehar
1,Mehdi
1,Mehki
1,Mehmed
1,Mehmet
1,Mehrab
1,Mehrtash
2,Mehul
1,Meir
1,Mekhail
2,Mekhi
1,Melikhi
1,Melshaan
1,Meluleki
2,Melvin
7,Memphis
1,Ménaïk
1,Menno
1,Mercury
2,Merek
1,Mergani
1,Merick
2,Merik
1,Meron
1,Merric
8,Merrick
1,Merrik
1,Merritt
1,Mert
1,Meshroon
1,Meyer
1,Miar
31,Micah
2,Micaiah
109,Michael
1,Michaelis
1,Michalis
18,Micheal
1,Michel
1,Michelangelo
1,Michele
1,Michiel
1,Mickal
2,Mickey
1,Micky
1,Midnite
1,Migel
12,Miguel
1,Mihajlo
3,Mihir
1,Miikko
1,Mika
1,Mikaal
2,Mikael
3,Mikah
1,Mikai
1,Mikaio
1,Mikale
5,Mike
1,Mikeal
1,Mikey
1,Mikhail
1,Mikhylo
1,Mikias
1,Mikinnon
1,Mikisew
3,Mikka
1,Mikolas
1,Milaad
2,Milan
16,Miles
1,Milkessa
3,Miller
8,Milo
1,Milos
1,Milwaukee
1,Min
1,Ming
1,Mingheh
3,Minh
1,Mir
2,Mirko
1,Mirlind
1,Miroslav
1,Mirza-Nawaab
1,Misbah
1,Misha
1,Mitch
18,Mitchell
1,Mitsima
1,Mnicko
1,Moaad
3,Moad
1,Moaid
1,Mohab
1,Mohaiman
7,Mohamad
16,Mohamed
1,Mohamed-Amine
1,Mohamedsaded
18,Mohammad
22,Mohammed
1,Mohammednasser
1,Mohammedridha
1,Mohannad
1,Mohid
1,Mohit
1,Mohmmed
1,Moises
1,Moksh
1,Monro
2,Moosa
21,Morgan
1,Morris
1,Morrison
2,Moses
2,Mostafa
2,Mouhamad
1,Mouhamed
1,Mousa
1,Mua'th
1,Muazzam
1,Mubarak
1,Mugahshu
1,Muhaimmen
23,Muhammad
5,Muhammed
1,Muhib
1,Mujahid
1,Muka
1,Mukulu
1,Murad
2,Murdoch
1,Muronyi
1,Murphy
1,Murry
1,Mursal
2,Musab
1,Mussa
1,Mussie
4,Mustafa
1,Mustapha
1,Mutabeegh
1,Mutumwa
1,Muyasir
1,Muzamil
1,Myca
1,Mycah
1,Myden
1,Myer
1,Myka
13,Myles
1,Mylo
2,Myron
1,Mysaab
1,Nabet
1,Nabil
1,Nabil-Muhedin
1,Nadir
1,Naheem
1,Nahid
1,Nahil
1,Nahile
1,Nahom
1,Nahom-Tesfagabr
1,Nahum
1,Naiden
1,Nai-Hua
1,Naivedhya
1,Nakeil
1,Nakoa
1,Nandor
1,Nasar
1,Naseem
15,Nash
1,Nashton
1,Nasir
1,Naslund
1,Nasouh
3,Nasser
1,Nassim
1,Nassor
1,Natanial
1,Natayveiz
26,Nate
193,Nathan
3,Nathanael
4,Nathanial
62,Nathaniel
5,Nathen
1,Nattias
1,Nauman
1,Navarre
1,Navin
1,Navjas
1,Navjot
1,Navkirat
2,Navraj
1,Navteg
1,Nawaf
1,Nawedali
1,Nayab
1,Nazanin
1,Nazif
1,Neavyn
1,Nebil
1,Nechako
1,Neeko
1,Neekon
1,Neeson
1,Nehemiah
6,Neil
4,Nelson
1,Nemaya
2,Neo
1,Neri
1,Ness
1,Nev
1,Nevada
3,Nevan
1,Nevari
2,Neven
6,Nevin
1,Nevur
1,Nezar
1,Ngor
1,Nguyen
1,Nhan
1,Nhial
1,Nicholaas
1,Nicholai
144,Nicholas
1,Nicholos
1,Nichoulas
6,Nick
1,Nickel
1,Nickita
2,Nicklas
1,Nicklaus
1,Nickola
17,Nickolas
2,Nickoli
1,Nicky
4,Nico
1,Nicola
1,Nicolaas
1,Nicolai
29,Nicolas
1,Niekel
7,Nigel
1,Nihar
1,Nikalaus
1,Nikau
1,Nikhil
1,Nikilis
1,Nikita
1,Nikkali
1,Nikkolas
1,Niklaas
4,Niklas
5,Niko
1,Nikola
2,Nikolaas
4,Nikolai
1,Nikolai-Alexander
16,Nikolas
1,Nikolaus
1,Nikon
1,Nilsson
1,Nilton
1,Nimrat
1,Nimul
1,Nino
1,Niphone
1,Nipin
1,Nirav
1,Nisarg
2,Nishan
1,Nishant
1,Nishaye
1,Nitem
1,Niven
3,Nixon
1,Nnamdi
2,Noa
224,Noah
1,Noal
1,Noam
2,Noble
7,Noel
1,Nogha
1,Noha
1,Nohlan
89,Nolan
1,Nolen
1,Nolin
1,Nomar
1,Noor
1,Noorinder
3,Norman
1,Nouh
2,Nour
1,Nova
1,Nowaar
1,Nowell
1,Nowen
1,Ntita
1,Numan
1,Nursan
1,Nyjah
1,Nykin
1,Nykylan
1,Nyuon
1,Oaklan
1,Oakland
7,Oakley
1,Obaid
1,Obaida
1,Obinna
1,Obsidian-Angel
1,Ocean
1,Odaee
1,Oddo
1,Odie
5,Odin
1,Oghenetega
1,Oghenevwede
1,Ojas
1,Ojore'
1,Ojoshimite
1,Okley
1,Oktam
1,Olana
1,Oland
1,Oleg
1,Olekci
1,Oleksander
1,Olen
1,Oliezus
2,Olin
62,Oliver
1,Olivier
1,Oliwier
2,Olliver
1,Oltion
1,Oluwatimilehin
1,Oluwatimileyin
1,Oluwatomiwa
1,Om
1,Oman
33,Omar
1,Omari
1,Onene
1,Onur
1,Onuralp
1,Onur-Ariyen
1,Onyx
1,Orean
1,Oren
1,Orevaoghene
1,Orin
8,Orion
4,Orlando
1,Oryn
1,Osamu
1,Osamudiamen
1,Osayd
1,Osayge
14,Oscar
3,Oskar
1,Osmaan
3,Osman
1,Ostap
1,Ostin
2,Otis
1,Otitochukwu
1,Ottavio
3,Otto
1,Ottoh
1,Ovayo
1,Owain
206,Owen
2,Owyn
1,Owynn
1,Ozarius
1,Pablo
1,Paden
2,Paiden
1,Paityn
1,Paldeng
1,Palmer
2,Pancho
1,Panscho
2,Paolo
1,Papa-Kwamina
1,Parampartap
1,Parampreet
1,Paramvir
1,Parav
87,Parker
2,Parks
1,Parmeet
1,Parmveer
1,Parris
1,Parry
1,Parsa
1,Parteek
1,Parth
1,Partho
1,Parushan
1,Parv
3,Pascal
1,Pason
28,Patrick
1,Patrik
1,Patryk
26,Paul
1,Pauliss
1,Paul-Martins
1,Paulo
3,Paulus
1,Pavan
1,Pavinder
1,Pavol
1,Pawskwa
1,Pax
6,Paxton
1,Payam
9,Payton
1,Peace
2,Pearson
2,Pedro
1,Peirsyn
1,Peiter
1,Pelek
1,Peniel
1,Percy
1,Perrin
42,Peter
1,Petr
1,Petrus
19,Peyton
1,Phallon
1,Phelix
1,Pherson
1,Philbert
8,Philip
1,Philippe
8,Phillip
1,Phineas
25,Phoenix
1,Phoenyx
1,Phong
6,Pierce
2,Pierson
1,Pieter
1,Pike
1,Piolo
1,Piosta
1,Pious
1,Poncho
12,Porter
1,Prabdeep
1,Prabh
2,Prabhjot
1,Prabhnoor
1,Prabhshaan
1,Prabnoor
1,Prabveer
1,Prakopie
1,Prakul
1,Pralhad
1,Pramana
1,Pranav
1,Pranay
1,Praneeth
1,Praneil
1,Prasad
1,Prashun
1,Praveen
1,Prayan
1,Preetinder
1,Prem
4,Presley
1,Presten
34,Preston
1,Preston-James
1,Prestyn
1,Pride
1,Priden
5,Prince
1,Prithvi
1,Pruitt
2,Pryce
2,Pryor
1,Pthaylo
1,Purumol
1,Pyriel
1,Qahir
1,Qa'im
1,Qaiyam
1,Qasim
1,Qiang
1,Qingbo
2,Quade
1,Quaid
9,Quentin
1,Quest
3,Quin
1,Quincey
2,Quincy
3,Quinlan
26,Quinn
1,Quinnten
1,Quinny
5,Quinten
8,Quintin
13,Quinton
1,Quintyn
1,Quoc
1,Qwinton
1,R.J.
1,Raahim
1,Raamiz
1,Rabnawaz
1,Radek
1,Radiel
1,Raed
1,Raejay
4,Rafael
1,Rafe
1,Rafik
1,Rahal
2,Raheem
2,Rahul
3,Raiden
1,Raidon
1,Raif
1,Raihan
1,Rainbow
5,Raine
1,Raini
1,Rainy
1,Raistlan
1,Raistlin
1,Raiyan
3,Rajan
1,Rajveer
2,Rajvir
1,Rakesh
1,Raleigh
1,Ralf
1,Ralph
1,Rameiro
4,Rami
1,Ramil
1,Ramir
1,Ramiro
1,Ramiz
1,Ramon
1,Ramone
1,Ramsi
1,Ramy
1,Rana
1,Randall
1,Randen
9,Randy
2,Ranen
1,Ranjotvir
1,Rankin
4,Ranvir
9,Raphael
1,Ra-sean
1,Rashaad
2,Rashad
2,Rashaun
3,Rashawn
1,Rashed
2,Rasheed
1,Rasool
1,Ratan
1,Rathan
1,Raul
1,Raúl
1,Ravdeep
2,Raven
1,Ravil
2,Ray
4,Rayaan
6,Rayan
1,Rayane
2,Rayce
6,Rayden
2,Raydyn
3,Rayhan
1,Rayian
1,Rayme
1,Raymon
12,Raymond
2,Rayn
1,Rayner
1,Raynes
1,Raynier
6,Rayyan
1,Razeen
1,Raziel
1,Razin
2,Reagan
1,Reagar
1,Reagen
1,Reaseiy
1,Rebend
1,Rebyl
1,Reda
14,Reece
7,Reed
1,Reef
5,Reegan
1,Reehan
16,Reese
5,Regan
1,Regin
5,Reginald
6,Rehan
1,Reice
2,Reichen
36,Reid
1,Reider
1,Reilly
1,Reily
1,Reinen
3,Remi
1,Remo
6,Remy
2,Rémy
1,Ren
1,Rene
1,Renea
1,Renee
1,Renell
1,Rener
1,Renz
2,Renzo
1,Reo
1,Rethon
6,Reuben
1,Rex
2,Rey
1,Reyaan
1,Reyad
2,Reyan
1,Reyce
1,Reynaldo
1,Rezad
1,Rhen
22,Rhett
1,Rhieden
2,Rhylan
1,Rhylen
1,Rhyot
22,Rhys
1,Riak
1,Riamy
5,Rian
2,Ricardo
1,Ricci
16,Richard
2,Rick
1,Rickie
1,Ricki-Ray
5,Ricky
1,Rico
1,Riddik
1,Ridge
1,Ridley
1,Rieker
1,Riel
1,Rieley
1,Riff
1,Rigdon
1,Rigel
1,Rihard
1,Rikhil
1,Rileigh
147,Riley
1,Rilon
2,Rio
1,Ripkin
2,Rishi
1,Rishrash
1,Ritchelle
1,Rith
1,Rithira
1,Rithyvitou
7,River
1,Rixford
1,Riyad
1,Rizal
2,Rizwan
6,Roan
1,Roanin
1,Roark
1,Robby
1,Robel
55,Robert
2,Roberto
4,Robin
1,Robson
3,Rocco
2,Rock
1,Rockey
1,Rockie
1,Rockston
1,Rockwell
3,Rocky
1,Roddy
1,Roderick
1,Rodin
3,Rodney
1,Rodolfo
2,Rodrigo
1,Rodwell
1,Roel
1,Roen
4,Rogan
4,Roger
1,Roghan
1,Roham
10,Rohan
2,Rohit
1,Rohm
1,Rolan
1,Roland
1,Rolando
1,Rolland
21,Roman
1,Romarico
1,Rome
3,Romeo
1,Romjay
1,Romono
2,Ron
1,Ronak
7,Ronald
20,Ronan
1,Rone
8,Ronin
1,Ronit
1,Ronn
3,Ronnie
11,Rory
3,Roshan
4,Ross
1,Rotimi
1,Rourke
1,Rovane
1,Rovin
30,Rowan
6,Rowen
6,Roy
5,Royce
1,Royson
1,Roysten
1,Ruairidh
1,Ruan
4,Ruben
3,Rudra
2,Rudy
1,Rufino
1,Ruger
1,Ruhan
1,Rummel
2,Rune
1,Ruot
1,Rurik
2,Ruslan
1,Russel
12,Russell
1,Rustam
2,Rusty
1,Rutger
189,Ryan
2,Ryatt
1,Ryce
1,Rydan
4,Ryden
117,Ryder
1,Rydon
1,RyeLee
1,Ryen
1,Ryer
1,Ryerson
1,Ryese
1,Rygel
1,Rykan
2,Ryken
25,Ryker
1,Rykr
78,Rylan
20,Ryland
2,Rylee
4,Rylen
2,Ryler
20,Ryley
4,Rylie
2,Rylin
1,Ryman
1,Ryn
1,Ryne
1,Ryott
1,Ryszard
1,Rythm
1,Ryvan
1,S.
4,Saad
1,Saadeh
1,Saahib
1,Saahil
2,Saahir
1,Saaid
1,Saajan
1,Saalah
1,Saavan
1,Sabeian
1,Sacad
1,Sacha
1,Sadeed
1,Sadel-Jarl
1,Sadiq
1,Saed
1,Saegan
1,Sagal
8,Sage
1,Sahaj
1,Sahal
1,Sahas
1,Sahbaaj
2,Sahej
1,Sahejpreet
5,Sahib
1,Sahibdeep
1,Sahibniwaz
6,Sahil
1,Sahir
1,Sahr
1,Sai
1,Saif
1,Saife
1,Saifullah
1,Saigitan
1,Saihajveer
1,Saihej
1,Saim
1,Saiph
1,Sairam
1,Sajid
1,Sajjad
1,Sakibul
2,Saleh
1,Saljok
1,Sallinger
2,Salman
1,Salomon
1,Salum
2,Salvatore
13,Sam
1,Samad
1,Samarjot
1,Samayawe
2,Sameem
5,Sameer
2,Samer
2,Sami
4,Samir
1,Sammi
3,Sammy
1,Sampao
6,Samson
1,Samual
191,Samuel
1,Samuell
1,Samy
2,Sandro
1,Sandy
1,Sankeeth
1,Sante
6,Santiago
1,Santiago-Alejandro
1,Santigi
2,Santino
1,Sany
1,Sarbgan
1,Sarim
1,Sarjune
1,Sartaj
1,Sarum
1,Sascho
2,Sasha
1,Savan
1,Savo
1,Savyon
1,Sawera
34,Sawyer
2,Saxon
1,Sayem
1,Sayre
1,Sayuru
1,Schuyler
1,Schyesler
23,Scott
6,Seamus
45,Sean
1,Seanan
1,Seann
1,Sean-Stephen
35,Sebastian
1,Sebastián
2,Sebastiano
6,Sebastien
1,Sébastien
1,Sebastion
1,Seeraat
1,Sefonias
1,Seger
2,Sehaj
1,Sehbaaj
1,Seiji
1,Seim
1,Selvin
1,Sem
1,Semachiah
2,Sena
1,Sephiroth
1,Sequoia
1,Seren
1,Sereno
2,Sergio
1,Sergiy
92,Seth
1,Sethaniel
1,Seve
1,Sevrin
1,Seyed
2,Shaan
1,Shaanveer
1,Shabd
1,Shade
1,Shadi
1,Shadrach
1,Shadrack
2,Shae
1,Shael
1,Shaequell
1,Shahaun
1,Shaheed
1,Shaheen
1,Shaheer
1,Shahid
1,Shahidali
1,Shahin
1,Shahvez
1,Shahwaiz
2,Shahzaib
1,Shai
1,Shakeb
1,Shaldon
1,Shalom
3,Shamus
1,Shan
18,Shane
1,Shaneel
1,Shang
1,Sharain
1,Shareef
1,Sharman
1,Shashi
9,Shaun
1,Shaunak
1,Shaurya
1,Shawaiz
21,Shawn
1,Shawndon
5,Shay
2,Shayan
1,Shayde
5,Shayden
1,Shaydin
1,Shaydon
5,Shaye
1,Shayler
1,Shayne
1,Shayonton
1,Shazain
6,Shea
1,Shea-Anthony
1,Shelby
1,Shelden
7,Sheldon
1,Shelleydon
1,Shemuel
1,Shenal
1,Sheneef
1,Shengqi
1,Shen-Li
2,Shepherd
1,Sheridan
1,Sheriden
1,Sherief
1,Sheydan
1,Shezan
1,Shia
1,Shian
1,Shilo
1,Shiloh
1,Shin
1,Shiv
2,Shiven
1,Shivneet
1,Shmuel
2,Sho
1,Shobhan
1,Shota
2,Shrey
1,Shuraim
1,Shyler
1,Shyles
3,Shyne
2,Siddharth
1,Siddhraj
5,Sidney
1,Sieben
13,Silas
1,Silvan
1,Silvino
2,Simeon
28,Simon
1,Simpson
1,Simrath
2,Sina
1,Sincere
1,Sino-David-Emilio-Naro
1,Sirr
1,Sishi
1,Sishir
1,Sky
7,Skylar
19,Skyler
6,Slade
1,Slate
1,Slater
1,Slieman
1,Slim
6,Sloan
1,Smeet
2,Smith
1,Soaris
2,Sohaib
1,Solace
7,Solomon
1,Somtobenna
1,Songa
1,Sonjay
3,Sonny
9,Soren
1,Sorin
1,Soroosh
1,Soufian-Abd
1,Sovotana
63,Spencer
1,Sriram
1,St.
1,Stafford
2,Stanley
1,Stanton
1,Stavros
1,Stealth
1,Steel
1,Steele
8,Stefan
1,Stellar
1,Stephan
1,Stephane
11,Stephen
3,Sterling
1,Stetson
1,Steve
27,Steven
1,Steven-David
3,Stewart
1,Stian
1,Stockton
3,Stone
2,Storm
1,Strider
1,Stryker
2,Stuart
1,Stylez
1,Subhaan
1,Subhan
1,Subhanulla
1,Subin
1,Sudeep
1,Suffian
1,Sufiyan
1,Sufyan
1,Suhab
3,Suhaib
1,Suhail
1,Suheb
1,Sukhdeep
1,Sukhinder
3,Sukhjit
5,Sukhman
1,Sukhmandeep
1,Sukhpreet
4,Sukhraj
1,Sulafaldeen
1,Sulaman
2,Suleiman
1,Suleman
6,Sullivan
1,Sully
1,Sulttan
1,Sumaan
1,Sumair
1,Sumrath
1,Sunvir
1,Suoriya
1,Surge
3,Sutton
1,Suubhon
2,Sydney
10,Syed
1,Syed-Ammar
1,Syed-Taha
1,Syhon
1,Sylar
1,Sylas
1,SyliceVirgil
1,Sylis
1,Sylus
1,Sym
1,Syrus
1,Syxton
1,Tace
2,Tad
2,Tadashi
1,Tadhg
1,Taeem
1,Taesin
1,Taevonn
2,Tage
1,Taggen
5,Taha
1,Tahir
1,Tahmeed
1,Tahseen
1,Tai
1,Tailor
1,Taimoor
1,Taison
2,Tait
2,Taiven
1,Tajwinder
1,Takhdeer
1,Taksheel
1,Tal
1,Talal
7,Talan
1,Taleb
3,Talen
1,Talha
2,Talin
11,Talon
1,Talor
1,Talyn
3,Tam
1,Tameron
1,Tamninder
1,Tamor
1,Tamrat
1,Tanek
1,Taner
1,Tanjeel
1,Tanmay
56,Tanner
1,TanRaj
1,Tantyn
2,Tanush
1,Tanveer
1,Tao
1,Taranbeer
1,Taranpreet
1,Taranveer
2,Taras
1,Tareef
5,Tarek
1,Taresh
1,Taric
2,Tarik
2,Tariq
1,Tarnveer
2,Tarquin
1,Taryn
1,Tashif
1,Tashum
1,Tason
19,Tate
1,Tater
1,Tatum
1,Taun
1,Tauqir
1,Taus
4,Taven
1,Taveon
4,Tavian
2,Tavien
2,Tavin
2,Tavis
5,Tavish
1,Tavius
1,Tavon
1,Tawfiq
2,Tayden
1,Taydon
1,Taye
1,Tayeam
1,Taygan
1,Taylen
1,Tayler
30,Taylor
1,Tayne
1,Tayo
2,Taysen
2,Tayshawn
1,Taysir
3,Tayson
3,Tayton
1,Tayus
2,Tayven
1,Tayvien
2,Tayvon
1,Tazmen
7,Teagan
2,Teagen
1,Teague
1,Teancum
1,Tearax
1,Teddy
1,Tee
5,Teegan
2,Tegan
1,Tehan
1,Teigan
1,Teige
1,Teigen
1,Teina
1,Tejas
1,Tel
1,Tell
1,Tenisyn
1,Tennessee
2,Tenzin
2,Teo
1,Teodor
1,Terek
1,Terel
2,Terence
1,Terik
1,Terner
2,Terran
2,Terrance
1,Terreis
1,Terrel
2,Terrell
4,Terren
7,Terrence
1,Terrence-James
6,Terry
1,Teruya
1,Teryck
1,Teryk
1,Tevin
1,Teyzon
1,Thabisa
1,Thabo
1,Thaddeaus
1,Thaddeus
1,Thai
1,Thaidan
1,Thaison
1,Thandolwenkosi
3,Thane
1,Tharseo
1,Thatcher
1,Thayden
1,Theinen
1,Thelonious
11,Theo
1,Théo
17,Theodore
1,Theophilus
1,Theren
1,Thergam
4,Theron
1,Thiago
1,Thiec
1,Thiel
1,Thiep
1,Thiesan
1,Thiru
118,Thomas
1,Thomas-James
2,Thor
1,Thorian
1,Thorin
1,Thortin
1,Thorvald
1,Thurston
3,Tiago
2,Tian
1,Tian-Xin
1,Tie
3,Tiernan
1,Tighe
5,Tim
2,Timber
4,Timmy
1,Timo
19,Timothy
2,Timur
1,Tinh
1,Tino
1,TiRay
1,Tiryne
1,Tison
2,Titan
10,Titus
1,Tivon
3,TJ
1,Tjais
8,Tobias
4,Tobin
6,Toby
2,Todd
1,Tolulope
1,Tom
5,Tomas
1,Tomás
1,Tomislav
1,Tommie
6,Tommy
1,Tommy-Lee
13,Tony
1,Tor
1,Toran
1,Torence
6,Torin
3,Torren
1,Torretto
1,Torrian
6,Toryn
1,Toshiro
4,Trace
1,Tralen
1,Tramel
1,Trance
1,Trapper
1,Trask
1,Traven
1,Travin
23,Travis
1,Tray
1,Trayam
1,Trayke
1,Traysin
1,Trayson
1,Trayten
1,Traytin
2,Trayton
1,Trazden
1,Treal
1,Trehson
1,Treice
1,Trell
1,Trendall
1,Trennen
10,Trent
1,Trentan
1,Trenten
1,Trentin
7,Trenton
1,Treshawn
1,Tresstyn
1,Tresten
1,Trettyn
1,Trever
3,Trevin
13,Trevor
13,Trey
1,Treyce
1,Treycen
4,Treyden
1,Treyelle
2,Treysen
2,Treyson
5,Treyton
1,Trez
1,Trini
1,Trip
1,Tripp
1,Tristain
119,Tristan
18,Tristen
1,Tristhanh
1,Tristian
6,Tristin
4,Triston
6,Tristyn
2,Triton
20,Troy
1,Tru
1,Truman
1,Trustan
1,Trusten
1,Tryden
6,Trystan
3,Trysten
3,Trystin
1,Trystyn
1,Tryton
1,Tsai
1,Tsepang
1,Tsion
1,Tsuyoshi
1,Tuakana
1,Tuan
1,Tuc
17,Tucker
1,Tukari
5,Turner
1,Turrell
1,Tutjiek
61,Ty
7,Tyce
1,Tycen
1,Tydan
5,Tye
1,Tyken
1,Tylar
1,Tyle
4,Tylen
103,Tyler
1,Tym
1,Tymoore
1,Tymore
2,Tynan
1,Tynen
1,Tyrease
1,Tyree
3,Tyrel
9,Tyrell
3,Tyren
8,Tyrese
1,Tyresse
3,Tyrone
1,Tyronne
4,Tyrus
1,Tysaiah
1,Tysan
2,Tyse
1,Tysei
3,Tysen
1,Tyshawn
1,Tyshon
75,Tyson
1,Tyton
1,Tyus
1,Tyvan
1,Tyvran
1,Ubaid
1,Udai
1,Uday
1,Udhaypartap
1,Ukiah
1,Umar
1,Umberto
1,Umer
1,Unathi
1,Usama
4,Usman
1,Utah
1,Uthman
1,Uzair
1,Valen
1,Valentine
1,Valentino
1,Valin
1,Valli
8,Van
5,Vance
1,Vandan
3,Vanden
1,Vander
1,Vanja
1,Vann
1,Vanshpartap
1,Varden
1,Vasco
1,Vasily
1,Vassili
8,Vaughn
1,Ved
3,Veer
1,Veerpartap
1,Veigis
1,Verdell
1,Veshant
1,Veydyn
26,Victor
1,Victor-Manuelle
1,Vidhaan
1,Viet
3,Viktor
1,Vimaen
1,Vince
30,Vincent
1,Vineet
1,Viney
1,Vinh
1,Vir
1,Viraf
1,Virajveer
1,Virgel
1,Vishruth
1,Vitali
1,Vitor
1,Vivaan
2,Vladimir
1,Vutha
1,Waaris
1,Wacee
1,Waddie
4,Wade
1,Wadii
2,Wael
1,Wafik
1,Wagner
1,Wah-gi-yuh-toh
1,Wai
1,Waiklen
1,Wakeen
3,Waleed
1,Waleed-Ul-Haq
1,Wali
3,Walid
13,Walker
1,Wallace
4,Walter
1,Waqas
6,Warren
1,Warrick
1,Wasif
1,Wasim
2,Wassim
1,Watson
1,Watthajak
1,Wayde
3,Waylon
2,Wayne
1,Weihan
1,Wellington
1,Wendel
1,Wendell
15,Wesley
1,Wesly
1,Westen
9,Weston
1,Weylum
1,Weyman
1,Whyatt
1,Wiatt
1,Wieler
1,Wiktor
1,Wiley
2,Wilhelm
1,Wilhem
11,Will
1,Willard
1,Willeeam
1,Willem
1,Willi
185,William
1,William-Joe
2,Willis
3,Willy
6,Wilson
1,Wilton
4,Winston
2,Winter
1,Wisam
1,Wol
1,Wolfgang
1,Woll
1,Wren
1,Wrigley
1,Wuon
98,Wyatt
1,Wylder
1,Wyn
2,Wynston
1,Wynter
1,Wynton
2,Xaiver
33,Xander
1,Xavian
42,Xavier
1,Xenon
1,Xi
1,Xnox
1,Xxavier
2,Xzavier
1,Xzavion
1,Yaeer
1,Yahia
4,Yahya
1,Yahye
1,Yale
1,Yamadou
1,Yamato-Thibaud
1,YanLiang
2,Yann
1,Yannik
2,Yaqub
1,Yaquub
1,Yared
1,Yarno
1,Yaseen
1,Yash
1,Yashan
1,Yashnit
1,Yassin
1,Yassine
1,Yat
1,Yawar
1,Yel
1,Yihya
1,Ying
1,YiXi
1,Yoav
1,Yonatan
1,YoonJae
2,Yosef
1,Yoshi
1,Youenn
1,Younes
1,Younis
3,Yousef
1,Yousif
6,Youssef
1,Youvraj
1,Ysreall
1,Yufei
1,Yulian
1,Yunis
1,Yunos
2,Yuri
1,Yusef
1,Yusseph
1,Yusuf
1,Yuuma
5,Yuvraj
1,Yvane
1,Yvon
1,Zaagaate
2,Zac
1,Zacary
5,Zach
1,Zachari
2,Zacharia
7,Zachariah
3,Zacharias
148,Zachary
1,Zacheri
11,Zachery
1,Zachoa
1,Zachyria
8,Zack
1,Zackaria
1,Zackarias
17,Zackary
1,Zackeree
10,Zackery
1,Zaeden
1,Zaedyn
1,Zahib
2,Zahid
1,Zahin
4,Zaid
3,Zaiden
1,Zaidrian
11,Zain
1,Zainalabdin
1,Zairyn
1,Zaiyaan
1,Zaiyang
2,Zak
1,Zakariah
3,Zakariya
2,Zakary
1,Zakir
3,Zakk
2,Zakkary
1,Zakry
1,Zaland
34,Zander
1,Zandon
16,Zane
1,Zanten
1,Zappa
2,Zarek
1,Zavien
4,Zavier
1,Zayaan
1,Zayah
1,Zayan
2,Zayd
1,Zaydan
2,Zayde
6,Zayden
1,Zayed
1,Zayle
1,Zaylex
1,Zayn
7,Zayne
1,Zedric
1,Zeen-Ali
2,Zeeshan
1,Zegar
2,Zeke
1,Zenin
1,Zennen
1,Zennon
6,Zenon
1,Zenovan
1,Zergham
1,Zero
1,Zeyad
1,Zeyden
1,Zhayne
1,Zia
1,Ziad
1,Zibran
1,Zidan
1,Zihbien
1,Ziheng
1,Zio
4,Zion
1,Zipeng
1,Ziqing
1,Ziv
1,Ziyad
1,Ziyan
1,Zmarak
1,Zohair
1,Zoraiz
1,Zoubeir
1,Z'sonni
1,Zubair
2,Zuhair
1,Zunair
1,Zunoah
1,Zuriel
1,Zvonimir
1,Zyler
1,Zyran
1,Zyren