1,Aaban
1,Aadarsh
1,Aadhil
1,Aadhiteya
1,Aadhya
1,Aadineer
1,Aadon
1,Aagman
1,Aahaan
3,Aahil
1,Aaiden
1,Aakesh
6,Aarav
1,Aaren
1,Aaric
1,Aarik
1,Aariz
64,Aaron
1,Aarsh
5,Aaryan
4,Aayan
1,Aazmir
1,Abas
5,Abbas
1,Abd
1,Abdallah
1,Abdalrahman
1,Abdalrhman
3,Abdel
1,Abdelaziz
1,Abdelhamid
1,Abdelkareem
1,Abdelmajid
1,Abdelnasir
1,Abdelrahman
2,Abdelrhman
1,Abdi
1,Abdifatah
5,Abdirahman
1,Abdisamad
1,Abdu
7,Abdul
1,Abdulahi
1,Abdulaziz
1,Abdul-Aziz
1,Abdulbaki
1,Abdulkareem
17,Abdullah
3,Abdullahi
1,Abdullha-Khalil
1,Abdulmajeed
1,Abdulqadir
1,Abdulqaioom
1,Abdulqudus
1,Abdulrahman
1,Abdul-Rehman
1,Abdulsalam
1,Abdurahman
2,Abdurrahman
1,AbdurRahman
1,Abdusalam
4,Abe
1,Abeil
10,Abel
4,Abhay
1,Abhaydeep
1,Abhayjeet
1,Abhayveer
1,Abhijit
4,Abhijot
1,Abhimanyu
4,Abhinav
1,Abhir
2,Abijot
1,Abinaash
1,Abir
1,Abishai
1,Able
2,Abner
1,Abot
7,Abraham
5,Abram
1,Abraz
1,Abryel
1,Abshir
1,Abu
1,Abubakar
1,AbuBakr
1,Abubakr
1,Abui
1,Abukar
1,Acacsio
3,Ace
1,Aceel
1,Acely
1,Acer
1,Acesin
1,Acesyn
1,Aceyn
1,Achakh
2,Achilles
1,Adael
129,Adam
1,Adan
1,Adar
5,Addison
1,Adeel
1,Adeer
1,Adel
2,Adem
1,Ademide
1,Aden
2,Adesh
1,Adhiraj
1,Adhum
1,Adi
1,Adiel-Aky
4,Adil
1,Adin
1,Adiraj
1,Aditya
1,Adjiot
1,Adlee
1,Adler
1,Adley
1,Admir
2,Adnan
1,Adolf
1,Adon
1,Adonias
2,Adonis
1,Ador
49,Adrian
2,Adriano
3,Adriel
3,Adrien
1,Adriene
1,Advait
2,Adyaan
1,Aeber
3,Aedan
2,Aeden
1,Aeolus
1,Aerius
1,Aeron
1,Aerren
1,Aeshaan
1,Aeska
1,Aeson
1,Aevriel
1,Affaan
1,Affam
3,Affan
1,Afraz
1,Aftanom
1,Afton
1,Aga
2,Agam
1,Agamjot
1,Agampreet
2,Agamveer
1,Agapito
1,Ahadu
1,Ahemjas
14,Ahmad
24,Ahmed
2,Ahmet
1,Ahsorn
1,Ahyan
56,Aidan
99,Aiden
1,Aidrien
1,Aidymn
3,Aidyn
1,Aijann
2,Aikam
1,Aikambir
1,Aikamveer
1,Aikem
1,Ainsley
1,Ainslie
1,Aion
1,Airik
1,Aissac
1,Aj
2,Ajak
1,Ajang
6,Ajay
1,Ajayveer
1,Ajeet
1,Ajeetpartap
1,Ajing
1,Ajit
1,Ajitesh
1,Ajmal
1,Ajok
1,Akaash
1,Akadike
1,Akain
1,Akash
1,Akashnoor
1,Akeem
1,Akel
1,Akilias
1,Akinrinlola
1,Akira
1,Akol
1,Akoni
1,Akot
1,Akram
1,Aksel
1,Akshaj
1,Akshat
1,Alacai
1,Alador
1,Alain
1,Alakai
1,Alamean
8,Alan
1,Alaric
1,Alarijk
1,Al-Arsh
1,Alasdair
1,Alatise
4,Albert
1,Alberto
2,Alden
1,Aldous
1,Aldre
1,Aldren
1,Aldwin
12,Alec
1,Aleczander
6,Alejandro
1,Alejo
2,Alek
1,Aleks
1,Aleksa
2,Aleksander
2,Aleksandr
1,Aleksej
3,Alekzander
5,Alessandro
3,Alessio
42,Alex
215,Alexander
1,Alexander-Edvin
15,Alexandre
1,Alexandros
2,Alexandru
2,Alexei
1,Alexey
3,Alexis
1,Alexis-Shane
3,Alexzander
3,Alfred
40,Ali
1,Ali-Abbas
1,Alias
1,Alijan
5,Alistair
2,Alister
1,Alizjah
1,Alkohta
3,Allan
9,Allen
1,Allias
1,Alngohoro
1,Alok
1,Alon
1,Alonso
1,Alpha
1,Alpha-Hamidou
1,Alphonse
1,Altay
1,Alton
1,Alvaro
1,Alven
6,Alvin
1,Alyx
1,Alzray-Isaac
2,Amaan
1,Amadeo
1,Amadeus
2,Amadou
1,Amadu
2,Aman
1,Amani
1,Amanuel
3,Amar
2,Amare
1,Amario
1,Amaris
2,Amaro
1,Amaru
1,Ambar
3,Ambrose
1,Ameek
1,Ameen
2,Ameer
1,Ameir
1,Amek
1,Amen
1,Amer
1,Amiin
4,Amin
1,Amine
5,Amir
1,Amiteshvar
2,Amitoj
1,Amjad
1,Ammaar
2,Ammar
1,Amolak
4,Amos
1,Amosi
2,Amr
1,Amraaj
1,Amriel
1,Amrinder
1,Amrullah
3,An
1,Anaken
1,Anakin-James
1,Ananiah
1,Ananta
6,Anas
1,Anay
2,Ander
5,Anders
1,Andersen
16,Anderson
1,Andor
1,Andraes
8,Andre
2,André
4,Andreas
11,Andrei
1,Andrej
1,Andren
2,Andres
1,Andrés
1,Ándres
78,Andrew
2,Andrey
1,Andrija
1,Andriy
1,Andro
1,Andwele
11,Andy
1,Aneq
1,Aness
4,Angad
1,Angadh
5,Angel
10,Angelo
6,Angus
1,Angus-Ryan
1,Aniq
1,Anish
1,Anjelo
1,Ankit
4,Anmol
1,Anmoldeep
1,Anojen
1,Anothany
1,Anoush
2,Ansel
1,Ansen
3,Ansh
1,Anshbir
2,Anshuman
2,Anshveer
6,Anson
1,Anthany
54,Anthony
3,Antoine
10,Anton
2,Antoni
1,Antonie
10,Antonio
1,Antonius
4,Antony
1,Antwuan
1,Anuvhab
1,Anwar
2,Anyang
1,Anze
1,Aodhán
1,Aows
1,Apaar
1,Aqeel
1,Aqib
1,Aquaeno
1,Ara
1,Arad
1,Aram
2,Aran
2,Aras
2,Arash
2,Arbaaz
1,Arbi
1,Arceus
1,Archawin
14,Archer
1,Archibald
3,Archie
1,Archis
1,Archit
1,Arco
1,Arda
1,Ardel
2,Arden
1,Ardian
2,Areeb
1,Arees
1,Areg
1,Arel
1,Aren
1,Ares
1,Arfan
1,Arfeen
1,Arfin
1,Arghyo
1,Arhip
2,Arhum
9,Ari
1,Arian
1,Aric
1,Arie
2,Ariel
1,Arien
1,Arif
1,Arihant
3,Arin
1,Arinzechukwu
3,Aris
1,Arish
1,Ariya
1,Ariyan
2,Arjan
1,Arjay
1,Arjin
1,Arjit
11,Arjun
1,Arjunveer
1,Arken
2,Arkin
10,Arlo
1,Arlyn
18,Armaan
1,Armaghan
3,Arman
1,Armand
1,Armando
1,Armeen
1,Armeet
4,Armin
5,Arnav
1,Arnish
3,Arnold
1,Arok
2,Aron
1,Arop
1,Arpandeep
1,Arrow
2,Arsalan
2,Arsh
1,Arshaan
1,Arshmaan
1,Arshman
1,Arteen
1,Artello
1,Artem
1,Artemas
10,Arthur
1,Arturo
1,Arush
1,Arveer
1,Arvin
1,Arvind
1,Arwan
3,Arya
12,Aryan
1,Aryo
1,Asa
2,Asad
1,Asadullah
2,Aseem
1,Asees
3,Ash
3,Ashar
1,Ashden
47,Asher
1,Asheron
1,Ashler
1,Ashlin
1,Ashmdeep
1,Ashraf
1,Ashtin
74,Ashton
2,Ashtyn
1,Ashwin
1,Asim
1,Asiniy
1,Aslan
1,Astin
1,Aston
1,Astro
1,Ata
1,Atem
2,Ater
1,Athan
1,Athanasios
1,Atharv
1,Atharva
1,Athian
1,Athier
1,Athrun
1,Atlas
6,Atreyu
1,Atryn
12,Atticus
1,Attila
1,Attilla
3,Aubrey
1,Audie
2,Audric
1,Audriel
3,August
1,Auguste
1,Augustin
3,Augustus
1,Augustyne
1,Auley
2,Aun
1,Aundreus
1,Aurav
1,Aurelio
1,Aurin
4,Austen
132,Austin
4,Austyn
1,Austyne
1,Auttoe
1,Auwais
1,Auzzie
1,Avan
1,Aveer
1,Aven-James
1,Aver
1,Averey
40,Avery
1,Avi
1,AvielJurrien
1,Avinoor
1,Aviraj
1,Aviral
1,Avraham
2,Avraj
1,Avry
1,Awab
1,Awak
1,Aws
1,Axcel
10,Axel
2,Axl
2,Axle
8,Axton
1,Axyl
22,Ayaan
2,Ayaaz
7,Ayan
1,Ayang
1,Ayce
3,Aydan
1,Aydeen
34,Ayden
10,Aydin
1,Aydyn
1,Ayin
2,Ayman
1,Ayomikun
1,Ayotobi
2,Ayoub
8,Ayub
1,Ayubb
2,Ayuel
1,Ayuen
2,Ayush
1,Ayyad
1,Ayyub
3,Azaan
1,Azai
1,Azan
1,Azaria
1,Azeddine
1,Azeez
1,Azhar
2,Aziz
1,Azlaan
2,Azlan
2,Azriel
1,Azryn
1,Baby
1,Bahaa
5,Bailey
1,Bailintin
1,Baker
1,Bakr
1,Balian
1,Balint
1,Baljot
1,Baljovan
1,Balkaran
1,Balraj
1,Balveer
1,Banks
1,Baqer
1,Bara
1,Barend
1,Barett
1,Barindervir
1,Barker
1,Barnabas
2,Barney
2,Baron
1,Barret
8,Barrett
1,Barrick
1,Barron
2,Barry
1,Basheer
1,Bashir
3,Bassel
1,Bastien
1,Bastion
1,Batu
1,Baue
5,Bauer
1,Bauman
1,Bavan
2,Baxter
1,Bayne
1,Bazal
1,Baze
1,Bearson
14,Beau
1,Beaudry
1,Beauen
1,Beauman
1,Beauregard
5,Beck
1,Beckam
21,Beckett
4,Beckham
1,Behzad
1,Beka
3,Belal
1,Belmaj
2,Bemnet
16,Ben
3,Benedict
1,Benett
1,Benicio
3,Benjamen
215,Benjamin
1,Benjamin-Lee
1,Benjamon
1,Ben-Luca
2,Bennet
47,Bennett
1,Bennie
6,Benny
10,Benson
1,Bensyn
1,Bentlee
80,Bentley
7,Bently
3,Benton
1,Benyamin
1,Benzen
1,Berk
1,Berke
1,Berkeley
2,Berkley
2,Bernard
1,Beruk
1,Besharat
1,Bhagveer
1,Bhavesh
1,Bhavik
1,Bhavya
1,Bib-Gelmard
1,Bikram
9,Bilal
4,Bill
2,Billy
1,Bim
1,Bin
1,Binaypal
1,Biren
2,Birk
4,Bishop
1,Bisman
1,Bjorn
2,Bladen
1,Blain
5,Blaine
1,Blair
4,Blaize
108,Blake
1,Blakely
1,Blayke
3,Blayne
1,Blayze
8,Blaze
1,Blessen
1,Blu
4,Bo
2,Bob
2,Bode
1,Bodee
2,Boden
1,Bodey
9,Bodhi
1,Bodi
2,Bodie
1,Boedy
1,Bohan
1,Bohdan
1,Bohdin
1,Bojan
2,Bol
1,Bolutife
1,Bon
2,Booker
1,Bora
1,Boresa
2,Boris
12,Boston
1,Bostyn
1,Boubacar
1,Bow
1,Bowdie
7,Bowen
1,Bowie
1,Boyce
5,Brad
12,Braden
4,Bradey
17,Bradley
2,Bradly
54,Brady
1,Bradyn
10,Braeden
2,Braedon
2,Braedyn
1,Braelyn
1,Braelynd
1,Braham
2,Brahmjot
1,Brahmpreet
4,Braiden
1,Braidon
1,Bralen
1,Bralim
1,Brandan
3,Branden
1,Brandin
1,Brando
38,Brandon
3,Brandt
1,Brandyn
1,Brann
2,Branson
2,Brant
1,Braun
1,Braven
1,Braxten
37,Braxton
1,Braxxon
2,Braydan
89,Brayden
1,Braydence
6,Braydon
2,Braylen
3,Braylon
1,Braysen
1,Braysin
2,Brayson
2,Brayton
1,Breaker
2,Brecken
1,Breckyn
1,Breh
1,Brekkyn
1,Brelynd
2,Brenan
13,Brendan
2,Brenden
1,Brendin
6,Brendon
2,Brendyn
10,Brennan
2,Brenner
1,Brennor
5,Brent
1,Brenten
2,Brenton
1,Breton
8,Brett
1,Brettan
1,Brettley
2,Bretton
1,Brexton
1,Breyden
1,Breylen
1,Breyton
1,Brezdon
14,Brian
2,Briar
1,Bridger
2,Briggs
2,Brigham
2,Brighton
1,Brighton-Lee
1,Brik
1,Brilar
2,Briley
2,Brio
1,Britton
5,Brixton
1,Broc
14,Brock
1,Broden
2,Broderick
1,Broderson
1,Brodey
1,Brodi
19,Brodie
97,Brody
1,Broen
4,Brogan
1,Brolyn
1,Bronsen
1,Bronsenn
11,Bronson
1,Bronsonn
4,Bronx
1,Bronxton
1,Brook
1,Brox
1,Broxton
6,Bruce
1,Bruin
1,Brulen
3,Bruno
6,Bryan
1,Bryant
1,Bryar
16,Bryce
9,Brycen
1,Brycin
1,Brycten
1,Brydan
3,Bryden
1,Brye
3,Bryer
1,Brylan
1,Brylee
1,Brylin
2,Bryn
1,Brynden
1,Brysen
16,Bryson
1,Bryson-Gaige
1,Bryten
2,Bryton
1,Buang
1,Burak
1,Burhan
6,Burke
1,Burkely
5,Byron
1,C.J
1,Cacey
3,Cache
1,Cadan
15,Cade
1,Cadel
28,Caden
1,Cadence
1,Cadeon
1,Cadyn
3,Caeden
5,Cael
5,Caelan
1,Caelen
2,Caellum
1,Caetano
2,Cage
1,Caidell
8,Caiden
1,Caidin
1,Caidon
1,Caidyn
1,Cail
2,Cailan
1,Cailen
1,Cailin
1,Cailix
1,Caillin
1,Caimbeul
4,Cain
1,Cainan
2,Caine
2,Cairo
1,Caisen
1,Caithen
6,Caius
1,Calab
1,Calan
4,Calder
16,Cale
127,Caleb
1,Caledon
2,Calen
2,Cali
1,Caliber
2,Calin
2,Calix
4,Callan
1,Callehn
8,Callen
31,Callum
7,Calum
1,Calvary
1,Calver
13,Calvin
1,Cambell
9,Camden
1,Cameran
63,Cameron
1,Campbell
1,Camren
2,Camron
1,Camryn
3,Canaan
1,Canan
2,Cannon
2,Canyon
1,Carbin
1,Carden
4,Carl
2,Carlo
13,Carlos
1,Carlson
2,Carlyle
1,Carmine
3,Carsen
1,Carsin
82,Carson
4,Carsten
1,Carsyn
178,Carter
1,Carthew
1,Cartyr
1,Carver
2,Carwyn
1,Cary
2,Case
2,Casen
17,Casey
23,Cash
4,Cashis
1,Cashius
1,Cashlin
1,Cashten
7,Cashton
1,Casin
3,Cason
1,Caspen
3,Casper
1,Caspersante
2,Cassian
1,Cassidy
1,Cassimer
8,Cassius
1,Casson
1,Castial
2,Cathal
1,Cato
1,Cauy
1,Cayde
16,Cayden
1,Caydence
3,Cayleb
1,Cayne
1,Caynin
1,Caysen
2,Cayson
1,Cecil
3,Cedar
6,Cedric
1,Cédric
1,Ceejay
1,Cee-Jay
1,Ceisten
1,Cephas
1,Cesar
1,César
1,Ceyhun
7,Chace
2,Chad
1,Chadrak
7,Chael
1,Chaiten
1,Chaiya
1,Chalee
1,Chaleq
1,Cham
25,Chance
1,Chandler
5,Channing
2,Chantz
1,Chanul
1,Charl
1,Charlee
42,Charles
1,Charleston
41,Charlie
1,Charly
110,Chase
1,Ch'aska
1,Chason
1,Chasz
1,Chawezi
3,Chayce
1,Chaydince
3,Chayse
2,Chayton
2,Chaz
1,Chazz
1,Chehem
1,Chek
1,Chesney
7,Chet
1,Chevayo
1,Chevy
1,Cheyquin
1,Chibudom
1,Chiemezie
1,Chieng
1,Chinaba
1,Chinedum
1,Chinemerem
1,Chinenye
1,Chino
1,Chinweze
1,Chirag
1,Chiragvir
1,Chizimuzo
1,Chizulum-Paul
1,Chol
1,Chord
3,Chris
1,Christ
43,Christian
1,Christian-Joshua
1,Christiano
42,Christopher
1,Christopher-James
1,Chukwuebuka
1,Chukwukaima
1,Churchill
1,Chuyi
7,Cian
7,Ciaran
2,Cillian
1,Civil
1,CJ
1,Cjay
6,Clarence
12,Clark
2,Clarke
1,Claude
1,Claudio
2,Clay
7,Clayton
1,Clayton-Bo
1,Clem
1,Clemente
1,Clifford
1,Clinton
1,Clive
1,Cloud
1,Cloudius
1,Clyde
1,Coalton
1,Cobain
1,Cobus
1,Coby
1,Coda
1,Codie
25,Cody
1,Coehn
7,Coen
1,Coenn
69,Cohen
1,Cohl
1,Colbey
23,Colby
1,Colden
125,Cole
4,Coleman
28,Colin
7,Collin
3,Colson
5,Colt
12,Colten
2,Colter
2,Coltin
1,Coltir
68,Colton
1,Coltyn
2,Conall
1,Conlan
1,Conlin
20,Conner
1,Connolly
123,Connor
10,Conor
4,Conrad
4,Constantine
1,Constantino
1,Constantinos
86,Cooper
1,Copeland
1,Corb
2,Corban
3,Corben
37,Corbin
3,Corbyn
1,Cordel
3,Cordell
4,Corey
1,Corgan
1,Corlu
1,Cornall
6,Cornelius
2,Cornell
6,Corny
1,Corson
1,Cortez
3,Corvin
1,Corwin
4,Cory
1,Cosford
2,Costin
1,Cota
2,Coulter
2,Courage
2,Cove
1,Cowen
3,Coy
2,Coye
1,Coyne
5,Craig
2,Creed
1,Creeden
2,Creedin
1,Creelman
1,Creesin
1,Creighton
1,Cres
1,Creslin
1,Creston
1,Crevance
3,Crew
1,Crewe
1,Creysin
1,Cris
3,Cristian
7,Cristiano
1,Cristopher
5,Crosby
1,Cru
2,Crue
2,Cruise
25,Cruz
3,Cruze
1,Cullam
8,Cullen
7,Curtis
1,Cyan
2,Cylus
1,Cyprien
1,Cyr
1,Cyril
8,Cyrus
2,Dace
1,Dacota
1,Dacoy
1,Dade
2,Daegan
1,Daejen
2,Daelan
1,Daelin
1,Daemon
1,Daeton
1,Daeven
1,Daezell
1,Dagen-Gabriel
1,Daigen
1,Dailen
1,Daimen
1,Dain
1,Dainan
1,Daiyan
1,Dakoda
6,Dakota
1,Dakshaysingh
1,Dalan
1,Dalane
3,Dale
2,Daley
1,Dalijah
1,Dallan
14,Dallas
2,Dallin
3,Dallyn
6,Dalton
1,Dalveer
1,Dalyn
1,Dalyon
1,Damarion
4,Damen
22,Damian
1,Damiano
1,Damieann
31,Damien
4,Damion
22,Damon
2,Damyn
5,Dan
18,Dane
1,Danek
1,Dang
146,Daniel
1,Daniel-Dennis
1,Danik
1,Danion
1,Danish
2,Daniyal
1,Dann
1,Danniel
14,Danny
19,Dante
1,Dant'e
1,Danté
1,Dany
1,Danyel
1,Danyn
1,Daranuth
2,Darcy
1,Dareion
8,Darian
5,Darien
2,Dario
3,Darion
1,Daris
18,Darius
1,Dariyus
1,Darnell
10,Darren
1,Darrian
2,Darrien
1,Darrin
2,Darrion
1,Darrius
3,Darryl
2,Darsh
1,Darshan
1,Darvin
1,Daryan
1,Darylle
2,Daryn
3,Dasan
1,Dash
1,Dashee
1,Dashell
2,Dashiel
1,Dashiell
1,Dashielle
1,Dason
1,Dastan
1,Daton
1,Davanni
4,Dave
1,Daven
95,David
10,Davin
17,Davis
1,DaVon
1,Davyd
1,Davyn
1,Dawnwalker
1,Dawood
30,Dawson
1,Dawsyn
4,Dax
11,Daxon
4,Daxten
20,Daxton
1,Daxtyn
1,Daykian
1,Daylan
3,Daylen
2,Daylon
1,Dayn
1,Daynan
1,Dayne
1,DayRon
1,Daysen
1,Daysin
2,Dayson
16,Dayton
1,Dayyan
1,Dayzen
1,Daz
1,Dazlie
5,Deacon
1,Deagan
1,Deaglán
1,Deakin
1,Deakon
19,Dean
1,DeAndrae
1,DeAndre
1,Deandre
1,Deano
1,Decklan
2,Decklin
1,Decklyn
88,Declan
1,Declin
2,Declyn
1,Decon
1,Dedrick
1,Deedar
11,Deegan
1,Deekan
1,Deekyn
1,Deevon
4,Degan
1,Deghan
1,Deghlan
1,Deighton
1,Deing
1,Deitrich
1,Dejai
1,Dekklan
9,Deklan
2,Deklen
1,Deklin
1,Deklon
3,Deklyn
1,Dekyn
1,Delaney
1,Delano
1,Delayne
1,Delvin
1,Demetrio
1,Demetrius
1,Demhay
1,Demyan
1,Demytri
1,Denali
5,Deng
1,Denholm
1,Deniel
3,Denis
1,Deniz
1,Denley
1,Dennin
7,Dennis
1,Denny
1,Denten
3,Denton
9,Denver
4,Denzel
2,Deon
1,Deondre
1,Dereck
24,Derek
2,Derick
1,Derion
1,Deron
6,Derrick
1,Deshawn
1,Des'Maris
15,Desmond
4,Destin
1,Destiny
2,Destyn
2,Dev
1,Devalin
3,Devan
1,Devan-James
1,Devayne
4,Deven
15,Devin
1,Devlin
4,Devlyn
10,Devon
2,Devonte
1,Devun
2,Devyn
1,Dex
1,Dexten
18,Dexter
1,Deyon
1,Dhanil
1,Dharm
1,Dheniel
1,Dhrubojyoti
2,Dhruv
1,Dhushane
1,Dhyan
1,Diago
1,Diamond
1,Diarmaid
1,Diaz
1,Dibya
3,Diedrich
8,Diego
1,Diem
5,Diesel
2,Dieter
2,Dilan
1,Dilbagh
1,Dilbeg
1,Diljaan
4,Dillan
8,Dillon
1,Dillyn
1,Diminiko
4,Dimitri
1,Dimitris
1,Dimitrius
1,Dinesh
1,Dinis
3,Dio
5,Dion
3,Diondre
1,Dionysios
1,Dirk
1,Divine
1,Divjot
3,Dixon
1,Diyan
1,Diyar
1,DJ
1,D'Mario
1,Dmitriy
1,Dobry
1,Doc
1,Dodge
1,Dodger
2,Domanic
1,Domanik
1,Domenic
1,Domenico
2,Domenik
1,Dominck
97,Dominic
12,Dominick
13,Dominik
1,Dominion
3,Dominyk
1,Domon
1,Domonic
1,Don
4,Donald
3,Donavan
1,Dongfan
1,Donnie
1,Donny
14,Donovan
1,Donoven
3,Dontae
1,Donte
4,Dorian
1,Dorrion
1,Doug
5,Douglas
1,Doz
1,Drae
1,Dragos
1,Draiden
20,Drake
3,Draven
9,Drayden
1,Draydon
1,Drayper
1,Drayven
1,Drayvin
1,Drazen
1,Drazlyn
1,Dre
1,Dreamz
1,Dreden
1,Dreigh
3,Dresden
1,Drevin
18,Drew
1,Dreydan
2,Dreyson
1,Drezeen
1,Drezus
1,Driden
5,Dryden
1,Dublin
1,Duc-Azael
9,Duke
1,Dumaais
9,Duncan
1,Durrell
20,Dustin
1,Dusty
1,Dutch
1,Duvonti
4,Dwayne
2,Dwight
1,Dwight-Julien
1,Dybry
91,Dylan
1,Dysan
2,Dyson
1,Dyson-Lee
1,Eaden
4,Eamon
1,Ean
1,Earl
1,Earny
2,Eason
1,Easten
1,Eastin
73,Easton
3,Eastyn
1,Eatton
1,Eayon
2,Eben
3,Ebenezer
1,Ebrahim
1,Eckamm
2,Ed
2,Edan
1,Eddar
2,Eddie
4,Eden
1,Ederis
3,Edgar
1,Edge
1,Edin
1,Edinam
1,Edison
1,Edmarc
2,Edmond
4,Edmund
1,Edreece
1,Edrei
1,Edrin
3,Edson
1,Eduard
2,Eduardo
38,Edward
7,Edwin
1,Edyson
2,Eesa
1,Effrum
1,Efrain
1,Ege
1,Ehan
1,Ehssan
1,Eian
1,Einstein
1,Eirik
1,Eisa
1,Eisley
1,Eithan
1,Eithen
1,Ejoevhal
3,Ekam
1,Ekamjot
1,Ekansh
1,EkeneDiliChukwu
1,Ekenedirichukwu
1,Ekenemchukwu
1,Ekin
1,Ekjot
1,Ekum
1,El
1,Eland
1,Elbashir
1,Eldion
1,Eldon
1,Eldric
1,Eleazar
1,Elhathe
68,Eli
1,Elia
1,Eliab
2,Eliah
1,Eliam
1,Elian
1,Eli-Andrew
28,Elias
1,Eliasali
1,Elie
2,Elija
68,Elijah
2,Elio
2,Eliot
1,Eliseo
1,Elisey
2,Elisha
1,Eliud
1,Eliv
1,Elizen
1,Eljer
1,Eljo
23,Elliot
24,Elliott
11,Ellis
1,Elmedin
1,Elnatal-Addisu
1,Elnathan
1,Elrick
1,Elton
2,Elvin
1,Elvir
1,Ely
1,Emaan
3,Emad
1,Eman
3,Emanuel
1,Ember
25,Emerson
16,Emery
1,Emery-Theo
2,Emett
1,Emil
5,Emiliano
7,Emilio
1,Emir
1,Emirhan-Taha
1,Emm
1,Emmanual
14,Emmanuel
1,Emmerson
1,Emmet
45,Emmett
2,Emmit
9,Emmitt
1,Emory-Joel
1,Emra
1,Emrah
1,Emran
1,Emre
2,Emry
1,Emryk
1,Ender
1,Endri
1,Enes
3,Enoch
1,Enock
1,Enri
1,Enrico
1,Enrik
1,Enrique
8,Enzo
1,Eoghan
1,Eowon
3,Ephraim
2,Ephrem
1,Eran
1,Erblin
1,Erek
70,Eric
1,Erich
3,Erick
1,Erickson
23,Erik
1,Erimias
1,Erjon
1,Erland
1,Erlis
5,Ernest
3,Ernesto
3,Ernie
1,Erns
2,Eros
1,Errol
1,Ershaad
2,Erwin
1,Esaí
1,Esammuel
3,Eshaan
4,Eshan
1,Eskil
1,Eslam
1,Espen
1,Espranzo
1,Esref
1,Essa
2,Essay
2,Esteban
257,Ethan
1,Ethann
1,Ethen
5,Euan
2,Eugene
109,Evan
4,Evander
1,Evandre
1,Evan-Lee
1,Evann
1,Even
2,Everest
31,Everett
2,Everitt
1,Everly
1,Evin
1,Evren
10,Ewan
1,Excevia
2,Exton
1,Eyad
1,Eyosias
1,Eyosyas
1,Eytan
1,Ezal
1,Ezan
10,Ezekiel
1,Ezibai
14,Ezra
1,Ézrik
1,Fabian
1,Fabio
1,Fadi
3,Fahad
1,Fahd
1,Faheem
1,Fahim
1,Fahmi
1,Faisal
1,Faiz
2,Faizan
1,Faolán
1,Farah
2,Faraz
2,Fareed
3,Farhan
1,Farren
2,Farron
4,Fateh
1,Fathi
2,Favian
1,Favour
1,Fawad
1,Fawwaz
1,Fayed
1,Fayez
1,Fazal
2,Federico
1,Fehman
2,Felipe
33,Felix
4,Félix
1,Felixberto
1,Félix-Olivier
1,Fendi
1,Fenris
1,Fenton
1,Feras
3,Fergus
1,Fermin
1,Fernan
2,Fernando
1,Fernondo
1,Ferris
1,Ferys
1,Feyisope
1,Feyisopefoluwa
2,Fielding
4,Filip
2,Findlay
2,Findley
6,Finlay
18,Finley
24,Finn
1,Finnegan
7,Finnley
1,Finn-Luca
1,Fionn
1,Fischer
6,Fisher
1,Fitch
1,Flavien
6,Fletcher
1,Flori
1,Florin
1,Flourish
1,Floyd
5,Flynn
1,Foday
1,Folten
1,Forbes
1,Ford
1,Forrest
1,Fossey
3,Foster
1,Fowlad
3,Fox
1,Francesco
6,Francis
1,Francisco
1,Franco
1,Francois
7,Frank
1,Frankie
1,Franklin
1,Franklyn
1,Franky
1,Fransen
7,Franz
8,Fraser
1,Frazer
1,Fred
1,Freddy
2,Frederic
6,Frederick
1,Frederik
2,Fredrick
1,Fritz
1,Funtaine
2,Fynn
1,Fynnian
1,Gabb
3,Gabe
1,Gabrell
1,Gabren
1,Gabrial
149,Gabriel
1,Gael
1,Gagandeep
1,Gaganjeet
33,Gage
1,Gaibriel
3,Gaige
1,Galloway
1,Gannon
1,Garang
1,Garatt
1,Gared
2,Gareth
2,Garner
1,Garnet
1,Garran
1,Garren
3,Garret
7,Garrett
1,Garrick
2,Garrison
1,Garryn
4,Gary
1,Garyn
1,Gatlin
3,Gauge
1,Gaurish
2,Gavan
116,Gavin
1,Gavinjot
2,Gavyn
1,Gayus
1,Geir
1,Genesis
1,Geng
2,Geo
2,Geoffrey
1,Geordie
1,Geordyn
1,Georg
37,George
1,Georgy
8,Gerald
4,Gerard
2,Gerardo
1,Geronimo
1,Gerred
3,Gerrit
1,Gevara
1,Ghalib
1,Ghazi
1,Ghil
5,Gian
2,Giancarlo
1,Gianluca
1,Gianluigi
7,Gibson
8,Gideon
1,Giehard
3,Gilbert
1,Gilberto
1,Gilford
1,Gillian
2,Gino
1,Giovani
9,Giovanni
1,Girard
2,Giuseppe
1,Givanni
1,Given
1,Gleb
2,Glen
1,Glenford
3,Glenn
1,Godfrley
1,Goliath
7,Gordon
1,Govind
1,Goy
1,Gracin
19,Grady
2,Graeden
1,Graedyn
4,Graeme
1,Graesen
1,Graffin
6,Graham
1,Graidy
1,Grandon
7,Grant
1,Gray
1,Graycin
2,Grayden
5,Graydon
1,Graye
8,Graysen
115,Grayson
1,Greggory
1,Gregor
1,Gregorio
8,Gregory
2,Grey
2,Greyden
3,Greysen
20,Greyson
1,Grier
2,Griffen
24,Griffin
1,Griffyn
1,Gryffen
1,Gryffin
1,Gryfon
4,Gryphon
1,Guerin
1,Guilherme
2,Guillermo
1,Gunkarn
9,Gunnar
4,Gunner
1,Gunnr
1,Guo
1,Gurdit
1,Gurekam
1,Gurfateh
1,Gurikveer
1,Gurjeevan
1,Gurjot
1,Gurjovan
1,Gurkaran
3,Gurman
1,GurmanPuneet
1,Gurmehar
2,Gurmukh
1,Gurmun
1,Gurnaz
6,Gurnoor
1,Gurnvir
1,Gurpartap
1,Gursagar
1,Gursat
4,Gurshaan
3,Gurshan
1,Gursimar
1,Gursimran
1,Gurtaaj
3,Gurtej
1,Gurveer
1,Gurwant
2,Gus
1,Guuleed
2,Guy
1,Guyon
1,Gyalten
1,Gyan
3,Habib
1,Haddon
2,Haden
1,Hadez
4,Hadi
3,Hadley
4,Hadrian
1,Hadwin
1,Haedon
1,Haekal
1,Hafiz
7,Haiden
2,Haider
1,Haider-Ali
2,Haidyn
1,Hail
2,Hailen
1,Haimendeep
1,Hainan
1,Hairron
1,Haisam
1,Haithem
2,Hakeem
1,Hakim
1,Halbert
2,Hale
2,Halen
1,Halit
1,Hamad
3,Hamdan
2,Hamdi
2,Hamish
1,Hammad
1,Hammelech
1,Hamxa
15,Hamza
2,Hamzah
1,Hamzi
1,Hani
2,Hank
1,Hans
2,Hanson
1,Hanter
1,Hanxin
1,Hao
1,Haoyun
1,Harbaksh
1,Harbir
1,Hardy
1,Hargun
1,Hari
3,Haris
1,Harish
2,Harith
1,Harjaap
2,Harjas
1,Harjoban
1,Harkaran
1,Harken
1,Harkirat
2,Harlan
1,Harlem
1,Harlen
6,Harley
1,Harlie
1,Harlon
1,Harlow
1,Harman
1,Harmeet
1,Harmilan
1,Harnav
1,Harnayan
3,Harnoor
3,Harold
4,Haroon
2,Harper
1,Harpyr
2,Harris
1,Harrisen
33,Harrison
1,Harroop
3,Harry
1,Harsahib
1,Harsaj
2,Harsh
2,Harshaan
1,Harshal
1,Harsharanveer
1,Harshdeep
2,Harshil
1,Harshpreet
1,Harsimar
1,Hart
1,Hartaj
1,Hartford
2,Hartley
1,Harun
1,Haruto
1,Harveer
2,Harvey
2,Harvin
1,Harvir
3,Hasan
2,Haseeb
1,Hashem
3,Hashim
1,Hashir
1,Hasib
2,Hasnain
10,Hassan
2,Hassen
1,Hau
1,Haus
4,Haven
1,Hawk
1,Hawksley
1,Hayato
1,Haydan
112,Hayden
1,Haydence
1,Hayden-Jeffrey
6,Hayes
2,Haylan
1,Haylen
1,Haylin
1,Haymin
1,Hays
1,Haysen
1,Haytham
3,Hazen
1,Haziz
7,Heath
1,Heaton
1,Hebrone
1,Hector
1,Heidar
5,Heinrich
1,Hektor
1,Heli
1,Hendrick
4,Hendrik
1,Hendrix
1,Hennessy
2,Henri
1,Henricus
4,Henrik
1,Henrique
91,Henry
1,Hensley
1,Hephzibah
1,Herbert
1,Hermon
1,Herry
1,Herv
1,Heston
1,Hibiki
1,Hideto
1,Hikaryu
1,Hikmat
1,Hilario
1,Himaksh
2,Himmat
1,Hiree
2,Hiro
1,Hirsi
1,Hixon
1,Hoang
1,Hogan
18,Holden
1,Holt
1,Holten
1,Homan
1,Hongxin
1,Honor
1,Horia
2,Hosea
1,Hossein
1,Houng
3,Houston
1,Howard
1,Hoxley
2,Hristo
2,Huck
1,Huckleberry
1,Hudaverdi
102,Hudson
1,Hudsyn
9,Hugh
9,Hugo
1,Humayl
4,Humza
1,Humzah
108,Hunter
1,Hunter-Shawn
1,Hurley
2,Huseyin
1,Husni
4,Hussain
1,Hussam
1,Hussan
4,Hussein
1,Hussian
1,Hussin
9,Huxley
1,Huxlie
1,Huzaifa
1,Hyrum
1,Hyun
1,Iaen
4,Iain
31,Ian
3,Ibraheem
26,Ibrahim
1,Ibrahima
1,Ibrahime
1,Ideun
1,Idiris
1,Idrees
1,Idreese
2,Idriss
1,Ifeany
1,Ifedinachi
1,Igal
1,Ignacio
1,Igor
1,Ihsan
1,Ijaz
1,Ikjot
1,Ikveer
1,Ilaan
1,Ilias
2,Ilirian
1,Illisik
2,Ilya
5,Ilyas
1,Imaad
2,Imaan
1,Imad
1,Iman
1,Iman-Sherif
1,Immanuel
4,Imran
1,Imran-Hamza
1,Imriel
1,Inder
1,Inderneil
1,Indiana
1,Indigo
1,Indrodeep
1,Iniaki
1,Inioluwa
1,Innes
1,Iollan
2,Ira
1,Iram
1,Ireh
2,Irfan
1,Iri
1,Irwin
2,Isa
105,Isaac
1,Isaack
6,Isaak
1,Isac
51,Isaiah
1,Isaias
1,Isak
1,Isam
1,Isaq
4,Ishaan
1,Ishaanveer
2,Ishan
1,Ishwarjot
1,Isiac
2,Isiah
1,Isiahis
1,Iskotew
1,Ismael
5,Ismail
3,Israel
9,Issac
1,Issak
1,Issulah
1,Istvan
1,Iszak
20,Ivan
1,Iver
2,Iverson
1,Iveson
2,Ivo
1,Ivraan
1,Iyad
3,Izaac
1,Izaak
1,Izaan
2,Izac
1,Izacc
5,Izaiah
1,Izaias
1,Izak
1,Izake
1,Izayah
1,Izrahia
1,Izzac
1,J.
1,J.R.
1,Jaapmann
1,Jabez
1,Jabir
1,Jabydsyoune
1,Jac
66,Jace
1,Jacek
1,Jacen
1,Jace-Preston
1,Jacik
171,Jack
2,Jackie
1,Jackob
1,Jacksen
134,Jackson
1,Jacksyn
1,Jacky
221,Jacob
1,Jacobe
5,Jacobi
1,Jacobie
1,Jacobus
3,Jacoby
10,Jad
1,Jadan
2,Jade
40,Jaden
1,Jadis
2,Jadon
2,Jaeger
1,Jaekeb
1,Jael
1,Jaemart
2,Jag
3,Jager
1,Jäger
4,Jagger
1,Jago
1,Jahcobi
2,Jaheim
1,Jahiem
1,Jahnron
2,Jai
1,Jaibir
12,Jaiden
1,Jaidon
1,Jaidyn
1,Jaikin
1,Jailen
1,Jaime
1,Jaimeet
1,Jaimin
1,Jairdon
1,Jairel
4,Jairus
1,Jaison
4,Jaiveer
1,Jaiven
1,Jaivir
1,Jaivyn
1,Jak
70,Jake
1,Jakhari
29,Jakob
1,Jakobi
2,Jakub
3,Jalal
1,Jaleel
3,Jalen
1,Jalon
4,Jamal
1,Jameer
160,James
7,Jameson
11,Jamie
1,Jamil
2,Jamin
5,Jamison
1,Jamonta
4,Jan
1,Janav
1,Jan-Chris
1,Jansen
1,Januelle
1,Janusz
2,Japbir
1,Japheth-Sumson
1,Japjeet
1,Japkaran
1,Japnaam
1,Japraj
21,Jared
1,Jarek
1,Jarell
3,Jaren
2,Jaret
1,Jareth
1,Jaris
1,Jarius
1,Jarod
1,Jarom
6,Jaron
1,Jarred
1,Jarret
5,Jarrett
1,Jarrod
2,Jarron
2,Jarvis
1,Jaryn
1,Jaryx
9,Jase
1,Jashan
1,Jashandeep
1,Jashanjot
1,Jasher-Rei
1,Jashraj
1,Jashua
1,Jasiah
1,Jaskaran
1,Jaskarn
3,Jaskirat
1,Jaskirt
2,Jasman
44,Jason
1,Jasone
1,Jason-Jonathan
43,Jasper
1,Jasraj
1,Jathush
1,Jaudat
1,Jaundrei
1,Javaid
1,Javan
2,Javen
1,Javian
1,Javier
2,Javion
6,Jawad
20,Jax
8,Jaxen
2,Jaxin
1,Jaxom
115,Jaxon
5,Jaxsen
48,Jaxson
2,Jaxsyn
2,Jaxten
1,Jaxtin
6,Jaxton
1,Jaxtyn
5,Jaxx
1,Jaxxen
9,Jaxxon
1,Jaxyn
11,Jay
1,Jayan
1,Jayant
26,Jayce
3,Jaycob
1,Jayde
129,Jayden
1,Jaydin
2,Jaydon
1,Jaydus
1,Jaydyn
1,Jayga
2,Jayke
1,Jaylan
2,Jaylen
2,Jayme
1,Jaymes
1,Jaymie
1,Jaymin
1,Jayruz
1,Jayse
1,Jayshaun
3,Jayson
1,Jayten
1,Jaythn
1,Jayveer
1,Jayven
1,Jayvien
2,Jayvin
1,Jayvry
1,Jaze
1,Jazelynn
1,Jazen
1,Jaziah
2,Jazmeet
1,Jazzveer
2,JC
1,J-Cub
3,Jean
1,Jean-Michel
1,Jeann
2,Jed
1,Jediael
2,Jediah
1,Jedidiah
1,Jeet
2,Jeevan
1,Jeff
3,Jefferson
5,Jeffery
14,Jeffrey
1,Jehad
1,Jehu
1,Jeighton
1,Jelil
1,Jemar
1,Jenner
7,Jensen
3,Jenson
1,Jensyn
1,Jeovani
1,Jerald
1,Jeramiah
21,Jeremiah
31,Jeremy
1,Jérémy
1,Jeren
1,Jeriah
3,Jericho
1,Jermais
1,Jermiah
1,Jero
4,Jerome
1,Jeron
1,Jerrad
1,Jerrell
1,Jerrett
1,Jerrick
1,Jerrison
2,Jerry
1,Jersey
1,Jeruel
5,Jesiah
1,Jess
1,Jessadawut
56,Jesse
1,Jessiah
1,Jessie
1,Jessy
1,Jesus
3,Jet
1,Jeter
5,Jethro
25,Jett
1,Jeuss
1,Jevan
1,Jevin
1,Jex
1,Jezrahiah
1,Jheizzller
1,Jhett
1,Jian
1,Jiarui
3,Jibreel
3,Jibril
1,Jigar
1,Jigme
1,Jim
1,Jimmer
4,Jimmy
1,Jin
1,Jinan
1,Jinen
1,Jinoel
1,Jinub
2,Jio
1,Jiongsheng
1,Jiro
1,Jiwanjeet
1,Jiwoo
1,Jiyoo
1,Joachim
1,Joah
1,Joaquim
6,Joaquin
1,Job
1,Joban
1,Jochem
1,Jod
1,Jodha
1,Jodhan
1,Jodon
1,Jody
7,Joe
1,Joe-Al
1,Joekim
38,Joel
1,Joeross
1,Joesh
1,Joesph
7,Joey
1,Joffrey
7,Johan
1,Johann
1,Johannes
84,John
20,Johnathan
4,Johnathon
1,Johnmar
6,Johnny
1,Johnson
1,Johny
4,Jon
44,Jonah
15,Jonas
57,Jonathan
7,Jonathon
1,Jonavon
1,Joncee
2,Jones
1,Jonhathen
1,Joon-Ho
1,Joram
70,Jordan
1,Jordan-Peter
1,Jordell
4,Jorden
1,Jordi
3,Jordin
3,Jordon
2,Jordy
1,Joren
1,Jorey
2,Jorge
2,Joris
3,Jose
5,Josef
84,Joseph
8,Josh
174,Joshua
1,Joshuah
1,Joshual
1,Joshue
1,Joshwa
27,Josiah
1,Josias
1,Josue
1,Josué
1,Joud
1,Jouner
3,Journey
6,Jovan
1,Jovani
1,JoVaughn
3,Joven
1,Jowe
1,Joyesh
1,Jozef
2,Jozsef
1,Jron
3,Juan
1,Juan-Alberto
1,Juandiego
1,Juan-Martin
1,Juaquín
15,Judah
42,Jude
1,Judson
1,Jugesh
1,Jujhbir
1,Jules
31,Julian
1,Julian-Carlos
8,Julien
2,Julio
5,Julius
2,Jullien
1,Jullius
1,Jumoke
1,Junah
1,Junayd
3,Junior
1,Junsu
11,Justice
58,Justin
1,Justine
1,Justis
2,Justus
1,Justyn
1,Justyn-Joseph
1,Juwon
1,Jydric
1,Kabe
2,Kabeer
8,Kabir
1,Kabirdeep
1,Kable
1,Kabombo
1,Kace
1,Kacey
1,Kaci
2,Kacper
26,Kade
51,Kaden
2,Kadin
1,Kadum
2,Kadyn
2,Kaedan
2,Kaeden
1,Kaedin
1,Kaegan
15,Kael
1,Kaelahm
1,Kaelan
1,Kaeleb
2,Kaelen
1,Kaelo
1,Kaelor
1,Kaenan
1,Kaeson
1,Kaeyleb
5,Kage
2,Kahil
1,Kahin
1,Kahkako
1,Kahne
53,Kai
1,Kaiapa
1,Kaicer
2,Kaidan
1,Kaide
29,Kaiden
1,Kaidon
1,Kaidyn
1,Kaien
3,Kaige
1,Kail
1,Kailar
2,Kailash
1,Kaileb
1,Kailib
1,Kailis
1,Kailum
1,Kailyn
2,Kain
1,Kainan
5,Kaine
1,Kainen
1,Kainin
1,Kainoa
2,Kairo
1,Kaisen
1,Kaiser
2,Kaison
1,Kaisun
2,Kaito
3,Kaius
1,Kaiver
1,Kaiz
1,Kal
2,Kalan
1,Kalani
28,Kale
1,Kaleab
29,Kaleb
1,Kalel
1,Kal-El
1,Kal-el
1,Kalem
6,Kalen
1,Kalhab
1,Kalid
1,Kalin
1,Kallaal
2,Kallan
3,Kallen
1,Kallum
1,Kalobb
1,Kalobe
1,Kaloyan
1,Kalum
1,Kalyb
3,Kamal
1,Kameron
2,Kamil
1,Kamilo
1,Kaminder
3,Kamran
1,Kamryn
1,Kanav
22,Kane
2,Kanen
1,Kanishka
1,Kanwar
1,Kanwarinder
1,Kanye
1,Kaori
1,Kapil
1,Karan
1,Karanbir
1,Karandeep
2,Karanveer
1,Karanvir
2,Karden
6,Kareem
6,Karim
9,Karl
1,Karlin
1,Karlos
1,Karm
2,Karma
1,Karman
1,Karm-Kapone
1,Karnel
7,Karsen
15,Karson
4,Karsten
1,Karsun
1,Karsyn
12,Karter
1,Kartik
3,Karver
6,Kase
7,Kasen
4,Kasey
13,Kash
1,Kasher
1,Kashis
1,Kashius
4,Kashten
1,Kashtin
7,Kashton
2,Kashtyn
1,Kashyap
1,Kashys
2,Kasim
1,Kasimer
1,Kason
1,Kaspar
1,Kasper
1,Kasra
1,Kassiah
1,Kassius
1,Kastian
3,Kasyn
1,Kater
1,Kato
1,Katosin
1,Kaufusi
1,Kavan
1,Kaveh
2,Kavin
1,Kavohn
1,Kawish
2,Kaya
1,Kayan
2,Kayd
3,Kaydan
45,Kayden
1,Kaydence
1,Kaydon
1,Kaydrin
1,Kayin
2,Kayl
1,Kaylam
1,Kayleb
2,Kaylem
1,Kaylen
1,Kaylib
1,Kaylm
1,Kaylum
3,Kayne
1,Kaynen
1,Kayos
1,Kaysan
3,Kaysen
9,Kayson
1,Kayvan
1,Kayzen
1,Kaz
1,Kazim
1,Kazuki
1,Kazuya
1,Kbron
1,K'Dyn
1,Keaden
1,Keadon
7,Keagan
1,Kealen
1,Keali'i
2,Kean
1,Keanan
1,Keane
6,Keanu
19,Keaton
2,Keatyn
1,Keaven
1,Kedden
1,Kedus
1,Keeam
2,Keean
1,Keedan
21,Keegan
4,Keelan
1,Keemzy
19,Keenan
1,Keestin
1,Keetley
1,Keets
2,Keeyan
1,Kehlan
1,Keifer
1,Keiffer
1,Keigen
2,Keinan
1,Keio
4,Keiran
2,Keiren
1,Keishi
1,Keiston
1,Keita
7,Keith
1,Keith-Sophea
1,Keithyn
1,Keland
1,Kelden
2,Keldyn
10,Kellan
2,Kellen
1,Keller
1,Kellis
3,Kelly
1,Kelsey
1,Kelson
2,Kelsy
1,Keltan
1,Keltin
3,Kelton
1,Keltyn
3,Kelvin
1,Kemery
3,Kemper
1,Kemsiriochukwu
2,Ken
1,Kenaan
1,Kenai
1,Kenan
1,Kenaniah
1,Kenanisa
1,Kendal
2,Kendall
5,Kendrick
1,Kendrix
1,Kenechukwu
1,Kennan
3,Kennedy
10,Kenneth
3,Kenny
1,Kenobi
2,Kent
1,Kently
3,Kenton
1,Kenzo
1,Kenzy
2,Keon
1,Keondre
1,Kerian
1,Kerigan
1,Kerwyn
7,Kesler
1,Kessler
1,Kestin
3,Keston
1,Kestrel
2,Kevan
24,Kevin
1,Keyaan
5,Keyan
1,Keyano
3,Keyden
1,Keylan
1,Keylon
1,Keylyx
1,Keyn
1,Keyon'dre
1,Keyr
1,Keyumars
1,Keyur
1,Khaalid
1,Khaedyn
1,Khai
1,Khairese
1,Khale
1,Khaleb
4,Khaled
2,Khaleed
2,Khaleel
1,Khalen
6,Khalid
1,Khalif
2,Khalil
1,Khallum
1,Khang
1,Khaqan
1,Khayden
1,Khenan
1,Khoa
1,Khoi
1,Khord
1,Khushbir
1,Kiam
18,Kian
1,Kiane
1,Kidus
2,Kiean
2,Kiefer
2,Kiegan
2,Kiel
1,Kiele
1,Kien
32,Kieran
2,Kierce
2,Kieren
1,Kieron
1,Kigen
1,Kihew
1,Kiilan
1,Kiir
1,Killian
1,Kim
1,Kimhong
2,Kinan
3,King
11,Kingsley
1,Kingsley-Caine
35,Kingston
1,Kinsey
1,Kinsler
1,Kip
1,Kipton
5,Kiptyn
3,Kiran
4,Kirby
2,Kirill
3,Kirk
1,Kisho
1,Kishore
1,Kit
1,Kitchell
1,Kite
1,Kittson
3,Kiyan
1,Kîyon
1,Kiyoshi
1,Kjell
1,Klaas
1,Klaus
1,Klay
1,Kleedis
1,Klyde
1,Knight
1,Knoah
1,Knowledge-Tre
7,Knox
1,Koa
1,Koaden
1,Koah
12,Kobe
2,Kobey
2,Kobi
1,Kobin
5,Koby
1,Kobyn
1,Kodi
1,Kodie
1,Kodin
1,Kodith
4,Kody
1,Koehn
14,Koen
12,Kohen
3,Kohl
1,Kohle
1,Kohve
1,Koiten
1,Kolbie
5,Kolby
7,Kole
1,Koletin
1,Koletyn
1,Koli
2,Kolt
9,Kolten
11,Kolton
1,Koltyn
1,Kolya
1,Kon
1,Konner
3,Konnor
2,Konrad
5,Kooper
2,Korban
2,Korben
4,Korbin
1,Korby
3,Korbyn
1,Kordell
1,Korey
2,Kory
1,Koshane
1,Koshin
1,Kosta
2,Koston
1,Koulton
1,Kovan
1,Kovanjot
1,Kovann
1,Kovyn
1,Kowan
1,Kowen
1,Kraden
1,Krayson
1,Kreios
1,Kris
2,Krish
1,Krishab
1,Krishav
1,Krishiv
2,Krishna
9,Kristian
1,Kristijan
2,Kristjan
1,Kristoffer
5,Kristopher
1,Krivaan
1,Krozby
3,Krue
1,Kruse
6,Kruz
1,Kruze
1,Ksawery
1,Kuel
1,Kuj
1,Kullen
1,Kumaradithya
1,Kunj
1,Kunwardeep
1,Kunwarpartap
1,Kunwarveer
1,Kuot
1,Kuoth
2,Kur
1,Kurt
7,Kurtis
1,Kush
1,Kut
1,Kwabena
1,Kwaid
3,Ky
3,Kyan
1,Kyas
1,Kyaz
2,Kyden
1,Kyder
6,Kye
4,Kylan
2,Kylar
53,Kyle
1,Kylen
21,Kyler
1,Kylesh
1,Kylis
1,Kynan
1,Kyne
1,Kyptin
2,Kypton
1,Kyraan
4,Kyran
1,Ky-Ray
1,Kyree
1,Kyrhan
1,Kyrian
1,Kyrié
1,Kyrin
1,Kyrk
2,Kyro
1,Kyron
1,Kyros
9,Kyson
1,Kyver
1,Kyzer
1,Kyzoh
1,Labeen
11,Lachlan
2,Lachlann
1,Ladainein
1,LaDamian
1,Ladell
1,Lado
1,Lahmey
1,Laiken
1,Lain
3,Laine
1,Laith
1,La-Joon
1,Lake
2,Laken
1,Lakota
1,Lakshay
1,Lamine
1,Lanayson
5,Lance
1,Lancelot
2,Landan
18,Landen
1,Lander
2,Landin
1,Lando
68,Landon
1,Landonn
1,Landry
9,Landyn
20,Lane
1,Larenzo
1,Lariah
1,Laron
4,Lars
1,Lascelles
1,Laszlo
1,Latera
1,Latham
1,Lathan
1,Latif
1,Lauchlin
1,Lauder
1,Lawe
9,Lawrence
4,Lawson
1,Laydon
1,Laykan
1,Layken
9,Layne
2,Layton
1,Laytyn
1,Lazlo
1,Lealand
2,Leander
1,Leandro
1,Led
1,Ledger
4,Lee
1,Leeam
2,Leeland
1,Leelith
1,Leeson
1,Lefarius
1,Legacy
6,Leif
1,Leife
1,Leigh
1,Leighlind
1,LeighLyn'd
5,Leighton
1,Leim
1,Lein
20,Leland
1,Lelouch
1,Lelynd
2,Lemar
2,Lemuel
1,Lenar
1,Lenas
1,Lendon
1,Lennix
6,Lennon
12,Lennox
3,Lenny
1,Lenyzyk
24,Leo
1,Léo
1,Leoart
5,Leon
1,León
1,Léon
2,Leonard
12,Leonardo
1,Leone
3,Leonidas
3,Leopold
1,Léopold
1,Leor
1,Lero
3,Leslie
1,Leule
2,Lev
1,Leven
2,Levente
102,Levi
2,Levis
2,Leviticus
1,Levius
1,Leviwin
1,Lewe
8,Lewis
5,Lex
1,Lexander
1,Lexington
1,Lexley
3,Lexon
1,Lexson
1,Lexxin
1,Lexxon
1,Lexyn
2,Leyland
2,Leyton
270,Liam
2,Lian
2,Liban
1,Liem
1,Lieukas
1,Liev
1,Lily
84,Lincoln
1,Lincon
10,Linden
1,Lingkhaam
5,Linkin
2,Linkon
3,Linkyn
2,Linus
1,Livanmond
4,Lleyton
1,Lliam
1,Llord-Xedric
1,Lloyd
17,Lochlan
1,Lochlann
1,Lochlen
1,Lochlin
1,Lochtan
2,Locke
3,Locklan
1,Locklin
1,Lodikun
1,Loen
193,Logan
1,Logen
2,Loic
5,Loïc
7,London
1,Longar
1,Longding
1,Lonny
2,Lord
1,Lordjynn
1,Loren
1,Lorenz
7,Lorenzo
1,Lorjuri
1,Louai
1,Loudon
5,Louie
9,Louis
1,Louis-Andrae
1,Louis-Charles
1,Louis-Michel
1,Lovemeet
2,Lowell
1,Lssunder
1,Lual
1,Lubo
6,Luc
19,Luca
224,Lucas
1,Lucaus
2,Lucca
7,Lucian
2,Luciano
4,Lucien
1,Lucio
2,Lucious
4,Lucius
2,Lucus
1,Luigi
4,Luis
16,Luka
1,Lukah
50,Lukas
1,Lukás
1,Lukasz
1,Lukaz
87,Luke
1,LukeChai
1,Lukes
1,Lukian
1,Lukkas
2,Lukus
1,Luther
2,Luthor
2,Luuk
1,Luxton
1,Luyakha
1,Lyal
1,Lyam
1,Lyncoln
1,Lyndell
6,Lynden
7,Lyndon
1,Lyndyn
1,Lynkoln
1,Lynkyn
1,Lyon
6,Lyric
1,M.
3,Maaz
2,Mac
1,Macairo
1,Macallan
1,Macarious
1,Macaullay
1,Macen
1,Maceo
1,Macintyre
3,Mack
1,Mackai
1,Mackay
3,Mackenzie
1,Mackinnon
1,Macklin
1,Maclain
2,Maclean
1,Maclin
1,Macormick
1,Madan
1,Maddax
17,Madden
7,Maddex
5,Maddix
1,Maddock
39,Maddox
1,Maddyn
1,Maden
1,Madix
2,Madoc
1,Madrid
1,Maduk
1,Madut
1,Madyx
1,Maeson
8,Magnus
1,Maguire
2,Mahad
1,Mahadi
1,Mahamed
1,Mahammadzaid
1,Mahd
3,Mahdi
1,Mahe
1,Maher
1,Mahesh
1,Mahkai
4,Mahmoud
1,Mahmud
1,Mahtab
1,Maiquel
2,Maison
1,Maitland
1,Majariou
3,Majd
1,Majed
1,Majka
1,Majkien
1,Majok
1,Major
1,Makael
6,Makai
3,Makaio
1,Makale
1,Makao
1,Makar
2,Makoy
1,Maks
1,Maksem
5,Maksim
1,Maksym
1,Mal
1,Malachai
18,Malachi
1,Malachy
7,Malakai
1,Malakhi
1,Malaki
21,Malcolm
1,Malcom
1,Maleek
7,Malek
1,Malekai
1,Malichi
14,Malik
1,Malikai
1,Maliki
1,Malyke
1,Mamadou
1,Manaf
1,Manassé
2,Manav
1,Manbir
1,Manelisi
1,Mangar
1,Maninder
1,Manjeet
1,Manjot
2,Manmeet
1,Manning
3,Mannix
1,Mannoor
1,Manoah
1,Manou
1,Manov
1,Manraaj
6,Manraj
1,Mansur
1,Mantaj
1,Manu
1,Manual
4,Manuel
3,Manveer
1,Manvendra
9,Marc
1,Marcade
1,Marc-Antoine
3,Marcel
1,Marcelino
1,Marcell
2,Marcelo
6,Marco
62,Marcus
1,Mardy
12,Marek
2,Mariano
26,Mark
1,Markell
1,Markian
6,Marko
18,Markus
3,Marley
2,Marlow
1,Marlowe
1,Marnix
1,Marqus
1,Marsden
3,Marshal
21,Marshall
11,Martin
1,Martine
3,Marty
1,Marvelous
2,Marvin
1,Marwaan
2,Marwan
1,Masao
1,Masen
1,Masion
1,Maslin
230,Mason
1,Mason-James
1,Masood
1,Masoud
1,Masroor
1,Massimiliano
3,Massimo
1,Massin
1,Masyn
1,Masynn
1,Matais
1,Matayus
1,Mate
1,Matei
1,Matejka
42,Mateo
2,Matéo
1,Mateus
1,Mateuss
1,Matey
1,Mateyo
1,Mathéo
9,Mathew
1,Mathew-Joesph
4,Mathias
5,Mathieu
1,Mathis
1,Mathisha
1,Mathius-Shawn-Lawrence
1,Matin
1,Matis
1,Matiss
1,Matisse
1,Matix
1,Matsen
2,Matt
1,Matt-Dainon
17,Matteo
3,Mattéo
1,Matteus
150,Matthew
9,Matthias
1,Mattia
4,Mattias
1,Mattijs
1,Mattius
1,Matvykko
1,Mátyás
1,Matys
1,Maurice
2,Mauricio
1,Maven
12,Maverick
1,Mavrick
1,Mavrik
1,Mawien
62,Max
1,Maxamilian
2,Maxen
18,Maxim
3,Maxime
13,Maximilian
6,Maximiliano
1,Maximillian
1,Maximo
1,Maximos
24,Maximus
1,Maxin
1,Maxsym
1,Maxton
1,Maxus
33,Maxwell
1,Maxworth
2,Maxx
1,Mayank
1,Mayar
1,Mayean-Magai
1,Mayen
1,Maysen
3,Mayson
1,Maytham
3,Mazen
1,Mazin
1,McCaunelly
1,McCoy
1,McKale
1,Mckenzie
1,McKye
1,McLeod
1,MD
1,Meba
1,Meharban
1,Meharpratap
3,Mehdi
2,Mehki
1,Mehmet
1,Mehraab
1,Mehtaab
4,Mehtab
1,Mehul
1,Mekaeel
1,Mekail
2,Mekhi
1,Mekhy
1,Meko
1,Melad
1,Melle
4,Melvin
7,Memphis
1,Menachem
3,Menno
1,Mercer
1,Mercier
1,Merdokios
1,Mergim
1,Merick
1,Merik
1,Merit
9,Merrick
1,Meryck
1,Messer
1,Messiah
1,Mesten
1,Mesum
1,Metaio
1,Mete
1,Metro
1,Mexen
2,Meyer
1,Miaker
1,Mial
37,Micah
1,Micaiah
110,Michael
1,Michael-William
1,Michal
7,Micheal
1,Michéal
1,Micheal-Elli
1,Micheal-Timothy
1,Mick
1,Mickah
1,Mickeal
1,Micko
1,Migisha
15,Miguel
1,Mihai
1,Mihir
1,Mijahed
1,Mika
5,Mikael
1,Mikail
1,Mikale
2,Mikel
1,Mikell
1,Miken
2,Mikhael
3,Mikhail
1,Mikhal
1,Mikiyas
1,Mikkel
1,Miklo
1,Mikolaj
5,Milan
30,Miles
1,Milez
1,Millan
4,Miller
19,Milo
2,Milton
1,Mina
1,Minh
1,Mio
1,Miqdad
2,Miran
1,Misha
1,Mistral
3,Mitch
2,Mitchel
7,Mitchell
1,Moaaz
1,Moad
1,Moadh
1,Moamen
1,Moatasim
2,Mohamad
29,Mohamed
28,Mohammad
27,Mohammed
1,Mohammed-Zouhir
2,Mohid
1,Mohmed
3,Mohsin
1,Momolade
1,Mon
1,Moneeb
1,Monier
1,Montaser
1,Montasr
1,Montgomery
1,Monthe
1,Moo
1,Moore
1,Moosa-Ali
1,Moossa
1,Mordecai
16,Morgan
1,Mori
2,Morris
1,Mortaza
3,Moses
3,Mostafa
1,Motaz
1,Mou
1,Mouaad-Abdullah
1,Moumen
1,Mousa
1,Moussa
1,Moustapha
1,Moxon
1,Mskr
1,Muaaz
1,Muad
1,Mu'ad
1,Mubarak
1,Mubeen
1,Muchiri
1,Mudassir
1,Mudathir
1,Muhamad
52,Muhammad
1,MuhammadYaseen
2,Muhammed
1,Muhib
1,Muhibullah
1,Muhibur
2,Muhsin
1,Munasar
1,Muni
1,Munroe
1,Murphy
1,Murtaza
4,Musa
1,Musayib
7,Mustafa
1,Mustapha
1,Mustaqeem
1,Mutasin
1,Mutsa
1,Muzamil
1,Mycah
1,Myer
1,Mykael
1,Mykahl
1,Mykeal
1,Mylan
14,Myles
2,Mylo
1,Myroslav
1,Naad
1,Naaif
1,Nadal
1,Nadeem
2,Nadim
1,Naeem
1,Nael
1,Nafur
1,Nagib
1,Naher
6,Nahom
1,Naiel
1,Naithen
1,Najbir
1,Nakoa
1,Nakoby
1,Naman
1,Nando
1,Nanton
1,Naod
1,Naol
36,Nash
1,Nashe
2,Nasir
1,Nasri
1,Nasteeh
1,Natai
1,Natan
1,Natanym
26,Nate
1,Nathael
184,Nathan
5,Nathanael
1,Nathaneil
4,Nathanial
61,Nathaniel
2,Nathen
1,Natnaeal
2,Natnael
2,Naveed
2,Naveen
1,Navid
2,Navin
1,Navinder
1,Navraj
1,Navreet
1,Navron
1,Nawaaz
1,Nawaz
1,Nawied
1,Nawwar
1,Nayan
1,Naysan
1,N'Dezito
2,Neal
1,Nebeyou
1,Nebolisa
1,Neeko
1,Neel
2,Neelan
1,Neftali
7,Neil
1,Neilan
1,Neisen
1,Neizzer
1,Nekoli
4,Nelson
2,Neo
1,Neriah
1,Nero
1,Nesaniel
2,Nestor
1,Nethaka
2,Nevan
1,Nevarian
2,Neven
3,Nevin
1,Newton
1,Nezar
1,Nguyen
1,Niahl
1,Nibal
1,Nic
88,Nicholas
1,Nicholi
3,Nick
1,Nickan
1,Nicko
8,Nickolas
1,Nicky
6,Nico
1,Nicolaas
1,Nicolae
2,Nicolai
28,Nicolas
1,Nidhaan
1,Niels
5,Nigel
1,Nigusom
4,Nihaal
3,Nihal
2,Nikan
1,Nikeeta
2,Nikhil
1,Nikholai
1,Nikil
2,Nikita
1,Nikkolas
2,Niklas
7,Niko
1,Nikodem
1,Nikodim
2,Nikola
11,Nikolai
14,Nikolas
1,Nikoli
1,Nikos
1,Nilan
1,Nile
1,Nimish
1,Nimsara
1,Nirvan
1,Nisaga
2,Nishan
1,Nishant
1,Nishika
1,Nishil
1,Nivain
1,Niwrad
1,Nixen
1,Nixin
54,Nixon
1,Nixxon
1,Nkosilathi
3,Noa
1,Noad
207,Noah
1,Noah-Misak
1,Noam
2,Nobel
1,Noble
9,Noel
1,Noha-Abera
82,Nolan
1,Nole
1,Nolen
1,Noleyn
1,Nolin
1,Nolyn
1,Noon
1,Noor
1,Nooralhadi
1,Noorali
1,Noorullah
1,Noriel-Angelo
1,Norman
1,Normand
1,North
1,Nouh
1,Nour
1,Noureddin
3,Nova
1,Novi
1,Nox
1,Nuh
1,Nulan
1,Numair
1,Numan
1,Nuncio
1,Nune
1,Nuo
1,Nwachukwu
1,Nyan
1,Nyckolas
1,Nyell
1,Nykolas
1,Nyok
1,Nyol
1,Nzoputa
1,Oaklan
1,Oakland
2,Oaklee
12,Oakley
1,Oaklyn
1,Obada
1,Obinna
1,Obryn
1,Obsa
1,Obsan
1,Ocean
1,Octavian
3,Oden
12,Odin
1,Odinn
1,Odis
1,Ogheneruemu
1,Oiram
1,Oisin
1,Ojullo
2,Okemow
2,Ole
1,Oleaster
1,Olek
1,Oleksander
1,Olen
3,Olin
138,Oliver
3,Olivier
1,Ollie
3,Olliver
1,Ollyn
1,Olsen
1,Olson
1,Olugbenga
1,Oluleke
1,Olunati
1,Olutayo
1,Oluwafolarinbami
1,Oluwajunilo
1,Oluwaseun
1,Oluwasindara
1,Oluwatayo
1,Oluwatimileyin
1,Oluwatobiloba
1,Oluwatundara
1,Olyad
7,Om
1,Omaciw
30,Omar
2,Omer
1,Ömer
1,Ommer
1,Omorogieva
1,Omri
1,Onew
1,Onisim
1,Onkarpreet
1,Onyx
1,Opey
1,Oran
1,Orel
2,Oren
3,Orin
7,Orion
4,Orlando
1,Orran
1,Orrin
1,Oryn
1,Osamudiamen
1,Osariemen
1,Osborne
22,Oscar
6,Oskar
4,Osman
2,Othman
1,Otis
2,Otto
1,Oturo
1,Owais
1,Owan
161,Owen
1,Owenlee
1,Ozzie
2,Pablo
1,Paiden
1,Paiton
1,Pal
1,Palmer
1,Panagiotis
1,Pancho
1,Panveer
2,Paolo
1,Paoul
1,Papa
1,Parampreet
3,Paramveer
101,Parker
1,Parker-John
4,Parks
1,Parmaserjot
2,Parmvir
1,Parry
1,Parsa
1,Partaap
3,Parth
1,Partive
1,Parv
1,Pascal
1,Pasha
21,Patrick
1,Patryk
1,Patton
18,Paul
1,Paulos
1,Paulus
1,Pavel
1,Pavit
1,Pavjit
1,Pavneet
1,Pax
14,Paxton
1,Payden
1,Paydon
1,Payne
4,Payton
1,Pearce
1,Pedram
1,Pedro
1,Pel
2,Percy
1,Peres
1,Perez
1,Pernell
3,Perrin
1,Perry
2,Perseus
1,Persius
1,Persyus
1,Petar
2,Pete
32,Peter
9,Peyton
1,Phan
1,Phanith
1,Phano
1,Phanuel
1,Phasean
3,Pheonix
1,Phil
7,Philip
1,Philipose
1,Philippe
9,Phillip
4,Phineas
1,Phinn
24,Phoenix
1,Phoenix-Wugeya-Ebskaska-
Jackie
1,Phoenyx
1,Phoneix
1,Piase
1,Pier-Alexandre
10,Pierce
1,Piero
1,Pierre
1,Pierson
1,Pieter
1,Piheshue
1,Pinyien
1,Piom
1,Piper
1,Piran
1,Pistol
1,Pius
8,Porter
1,Prabhdeep
1,Prabhdip
3,Prabhjot
1,Prabhjyot
1,Prabhmeet
2,Prabhnoor
3,Pranav
1,Pranay
1,Pranuv
2,Pratham
1,Prathik
1,Prayas
1,Preet
2,Prem
1,Prescott
1,Presley
1,Presten
2,Prestin
1,Prestly
37,Preston
1,Preston-James
1,Prestyn-Willem
1,Prian
1,Price
1,Priden
8,Prince
1,Princelife
1,Princeston
1,Princeton
1,Princewill
1,Prithvi
1,Priyesh
1,Prosper
1,Pryce
3,Puneet
1,Purdy
1,Pure
1,Qais
2,Qasim
1,Quaid
1,Quennel
1,Quenten
3,Quentin
1,Quenton
1,Quianly
1,Quill
5,Quin
1,Quincey
7,Quincy
2,Quinlan
1,Quinlen
32,Quinn
1,Quinnton
3,Quinten
6,Quintin
10,Quinton
1,Quintus
1,R
1,Rab
1,Rabieh
1,Rabirra
1,Raddex
1,Radleigh
1,Radovan
1,Radwan
1,Raed
1,Raedan
1,Raees
1,Raever
10,Rafael
1,Rafay
2,Rafe
1,Rafi
1,Rafif
1,Rahcy
1,Rahil
1,Rahim
1,Rahman
1,Rahul
1,Raidan
10,Raiden
2,Raidyn
1,Raiki
3,Raine
1,Rainn
1,Raisi
1,Raistlin
2,Raiyan
2,Raizo
1,Rajan
1,Rajbir
1,Rajiv
4,Rajveer
1,Rajvir
1,Rakim
1,Ralf
4,Ralph
2,Ramadan
1,Raman
1,Rami
1,Ramiel
1,Ramiz
2,Ramsey
1,Ramzey
1,Ranaiman
3,Ranbir
1,Rand
2,Randall
2,Randel
6,Randy
1,Ranen
1,Ranfateh
1,Ranson
5,Ranveer
1,Ranvijay
1,Ranvirr
10,Raphael
1,Raphaël
1,Raseem
1,Rashaan
3,Rashad
1,Rashadd
3,Rashed
1,Rasheen-Roy
1,Rasslene
1,Rastys
1,Ratandeep
1,Ratul
2,Raul
2,Raunak
1,Raven
2,Ray
2,Rayaan
1,Rayad
10,Rayan
1,Rayansh
3,Rayden
1,Raydon
1,Rayhan
11,Raymond
1,Rayn
2,Rayne
1,Rayon
1,Rayshaan
10,Rayyan
1,Raza
1,Razan
1,Read
1,Readawn
3,Reagan
1,Reave
1,Reda
1,Rediat
1,Redvers
10,Reece
13,Reed
1,Reedwan
1,Reef
1,Reegan
1,Rees
6,Reese
4,Reeve
1,Regan
1,Reggie
2,Reginald
4,Rehan
1,Rehann
1,Rehat
59,Reid
2,Reiden
1,Reilan
2,Reilly
1,Reinne
1,Reive
1,Rem
2,Remi
1,Remington
7,Remy
1,Ren
1,Renato
1,René
1,Renito
1,Renn
1,Rennan
1,Reno
2,Renzo
1,Reo
1,Rereloluwa
1,Reshe
4,Reuben
1,Reubin-Ambroise
1,Reven
3,Rex
1,Rexson
1,Rexton
2,Rexx
1,Reyansh
1,Reyez
1,Reynaldo
1,Reza
1,Rezwan
1,Rhamrick
1,Rhenin
1,Rheo
1,Rhet
22,Rhett
1,Rhodes
1,Rhubyn
1,Rhyan
1,Rhyason
1,Rhyden
1,Rhylee
1,Rhylen
1,Rhyott
29,Rhys
2,Rian
1,Ribaj
1,Ricardo
13,Richard
1,Richie
1,Richmond
1,Richy
1,Rick
4,Ricky
1,Ridam
3,Rider
1,Ridge
1,Ridha
1,Ridley
4,Ridwan
1,Riel
1,Rielley
1,Ries
1,Riess
1,Rigby
1,Rigoberto
1,Rihan
1,Rilan
90,Riley
1,Ringo
3,Rio
2,Rion
1,Ripley
1,Risasi
1,Rishab
1,Rishan
1,Rishane
4,Rishi
1,Rishikkesh
1,Rithvik
1,Rival
1,Riven
10,River
1,Riyan
1,Riyon
2,Roan
2,Roarke
1,Rob
1,Robbi
2,Robbie
1,Robby
1,Robeel
2,Robel
1,Roben
49,Robert
1,Roberto
1,Roberts
4,Robin
5,Rocco
1,Rockford
1,Rockstyn
1,Rockwell
1,Rocky
1,Roddie
1,Rodeen
2,Roderick
1,Rodion
3,Rodney
1,Rodolfo
4,Rodrigo
1,Roelof
4,Rogan
1,Rogen
3,Roger
1,Rohaan
1,Rohail
7,Rohan
2,Rohin
1,Rohnyn
1,Rohul
1,Roick
1,Rojhat
9,Roland
1,Rolando
1,Rolken
1,Rolynd
31,Roman
1,Romar
1,Romby
4,Rome
3,Romeo
1,Romer
1,Romero
1,Romyn
2,Ron
1,Ronak
2,Ronald
24,Ronan
1,Ronav
1,Ronen
1,Ronick
2,Ronik
16,Ronin
1,Ronish
3,Ronnie
1,Rooly
1,Roozbeh
1,Roper
1,Roque
13,Rory
1,Roscoe
2,Roshan
4,Ross
1,Rosslan
1,Rovic
44,Rowan
1,Rowel
1,Rowell
6,Rowen
1,Rowland
1,Rowyn
2,Roxas
5,Roy
10,Royce
10,Ruben
1,Rudra
3,Rudy
1,Rudy-John
5,Rueben
1,Ruey
1,Rugar
3,Ruhaan
1,Ruhan
1,Ruilin
1,Rundle
1,Rune
1,Runor
1,Ruot
5,Russell
1,Rusty
1,Rustyn
1,Ruturaj
1,Ruwail
118,Ryan
4,Ryatt
1,Rycardo
3,Ryden
158,Ryder
1,Rye
1,Ryelan
1,Ryelen
1,Ryeler
1,Ryemmer
1,Ryen
2,Ryerson
1,Rykar
2,Ryken
46,Ryker
83,Rylan
9,Ryland
1,Rylan-Reid
5,Rylee
16,Rylen
1,Ryler
10,Ryley
4,Rylie
2,Rylin
1,Rynier
1,Ryoma
1,Rypienn
1,Ryskyn
1,Ryson
1,Ryu
1,Ryvin
1,Ryzen
1,Ryzin
2,Saad
1,Saadi
1,Saadu
1,Saahill
1,Saarthak
1,Sabastion
1,Sabbah
1,Sabbir
1,Sabeeh
1,Sabion
4,Sabir
1,Sachan
4,Sachin
1,Sade
1,Sadeep
1,Sadiiq
1,Sadiq
1,Sadn
1,Sador
1,Safwan
7,Sage
1,Sahaijdeep
2,Sahaj
1,Sahajpreet
1,Saharsha
1,Saheb
1,Saheim
2,Sahej
8,Sahib
1,Sahibdeep
2,Sahij
3,Sahil
1,Sahryan
2,Sai
1,Said
1,Said-Ahmed
2,Saif
1,Saihej
1,Saikou
1,Sairen
1,Sajad
1,Sajan
1,Saje
1,Sajed
1,Sajih
1,Sakuya
1,Salahaldin
1,Salah-Deen
1,Saleem
1,Saleh
2,Salmaan
2,Salman
1,Salviano
20,Sam
1,Samar
1,Samarbir
1,Samarjot
1,Samarveer
5,Sameer
1,Samer
4,Sami
1,Samim
1,Samin
2,Samir
1,Samir-Sam
1,Sammuel
1,Sammy
1,Samnit
6,Samson
2,Samual
158,Samuel
1,Samwise
1,Samyr
1,Sander
1,Sandip
1,Sandis
1,Sandor
1,Sandro
1,Sangam
1,Sanjiv
1,Sanjog
1,Sankoumba
1,Sanmeet
1,Sansar
1,Santhoshs
9,Santiago
1,Santiel
1,Santosh
1,Sanul
1,Sanveer
1,Saqib
1,Sargundeep
1,Sark
1,Sarper
1,Sasith
1,Satoshi
1,Satti
1,Satyen
1,Saud
1,Saul
1,Saum
1,Saunsavahn
1,Saurav
1,Sava
1,Savan
1,Saven
2,Savio
58,Sawyer
1,Saxon
1,Sayan
1,Sayer
1,Schuler
1,Schuyler
1,Scot
1,Scotia
18,Scott
2,Scotty
9,Seamus
27,Sean
1,Seán
1,Sean-Jedric
73,Sebastian
1,Sebastián
1,Sébastian
1,Sebastiano
5,Sebastien
3,Sébastien
1,Sebastjan
1,Seena
4,Sehaj
1,Sehajvir
1,Sehan
1,Sehbaz
1,Seid
1,Seleem
1,Sem
1,Senned
2,Sequoia
1,Sercan
73,Seth
1,Sethan
1,Seth-Gregory
1,Seth-James-Cyril
1,Severin
1,Sevin
1,Sevrin
1,Seyed-Danial
3,Shaan
1,Shabdveer
1,Shabeg
3,Shae
1,Shaharyar
1,Shaheer
1,Shahien
1,Shahmeer
1,Shahzaad
1,Shahzad
1,Shahzaib
1,Shai
1,Shakeel
1,Shaktiveer
1,Shale
1,Shalone
1,Shamel
2,Shamus
13,Shane
1,Shanley
1,Shanvir
1,Shaoor
1,Sharmarke
6,Shaun
1,Shaunn
4,Shaurya
1,Shaw
1,Shawanveer
20,Shawn
1,Shawn-Micheal
2,Shay
2,Shayaan
1,Shayce
1,Shayd
1,Shayden
3,Shaye
1,Shayle
1,Shayne
10,Shea
1,Shean
1,Shedrack
1,Shehraz
1,Shelden
8,Sheldon
1,Shellden
1,Shenuk
1,Shep
1,Shepard
2,Shepherd
1,Sheppard
1,Sherbir
1,Sherble
1,Sherveer
1,Sherzad
1,Sheyi
1,Shhadi
1,Shian
1,Shilo
1,Shiloh
1,Shinta
1,Shinyu
1,Shiv
1,Shiva
2,Shivam
1,Shnoda
1,Shoaib
1,Shou
1,Shourya
1,Shray
1,Shreyan
1,Shreyas
1,Shuaib
1,Shuayb
1,Shubhreev
1,Shuraim
1,Shyhiem
1,Shyler
1,Shyon
1,Si
1,Sian
1,Sidak
1,Sidakveer
1,Siddharth
1,Sidik
8,Sidney
1,Sie-On
1,Sijie
24,Silas
1,Silvan
1,Silven
3,Simeon
40,Simon
1,Simoon
1,Sina
1,Sinjin
1,Sinyi
1,Sion
1,Siva
1,Siyar
1,Skole
2,Sky
1,Skydara
1,Skyland
5,Skylar
13,Skyler
7,Slade
2,Slate
3,Slater
1,Slayde
2,Slayter
1,Slevin
1,Sliman
1,Sloan
1,Smiley
3,Smith
1,Smyth
1,Sobhe
1,Sobinve
1,Sofoklis
2,Soham
2,Sohan
1,Sohayb
1,Sohrab
1,Sohum
1,Soki
1,Sol
2,Solan
1,Solo
1,Soloman
9,Solomon
1,Solon
1,Soner
1,Sonit
2,Sonny
1,Sora
1,Sorab
14,Soren
1,Sorin
1,Soroush
1,Soseil
1,Soule
40,Spencer
1,Spyder
1,Srijan
1,Stanislaw
3,Stanley
1,Stanly
1,Stanton
1,Stas
3,Stavros
1,Steele
6,Stefan
1,Stefanos
4,Stephan
16,Stephen
8,Sterling
2,Stetson
1,Steve
11,Steven
1,Stiff
7,Stone
3,Storm
1,Stratis
1,Stratten
1,Stratton
1,Strider
2,Stryder
1,Stryker
5,Stuart
1,Stylez
1,Subhanullah
1,Sudais
1,Sudarshan
1,Sufian
1,Suhaan
1,Suhaib
1,Suhail
2,Suhayb
1,Suhayl
4,Sukhman
1,Sukhpreet
1,Sukhveer
1,Sukhvinder
4,Sulaiman
1,Suld
1,Sule
16,Sullivan
1,Sully
1,Sultan
1,Sunday
1,Sunny
1,Surya
1,Suskan
1,Sutherland
1,Suvom
1,Sven
1,Swar
1,Sway
1,Swenton
1,Syam
1,Sybastien
7,Syed
1,Sylar
5,Sylas
1,Syler
2,Sylus
1,Sylvan
1,Sylvester
2,Symon
1,Syver
1,Szymon
2,Taaha
1,Tabish
1,Tace
1,Tadeo
1,Tae
2,Taeden
1,Taetum
1,Taevan
1,Taevin
1,Taevis
1,Taezyn
1,Tage
1,Tagg
7,Taha
3,Tahlon
1,Tahotha
1,Tai
1,Taige
1,Taiki
1,Tailèn
1,Taimoor
2,Taio
1,Tait
1,Taitum
1,Taivas
1,Taiven-Leon
1,Taizen
2,Taj
1,Tajveer
1,Takashi
1,Takoda
1,Talal
1,Talan
2,Talen
3,Talha
1,Talin
1,Talis
1,Tallinn
1,Tallon
9,Talon
1,Talson
1,Tam
3,Tameem
1,Tamek
4,Tamer
1,Tam-Gavin-Tuong
1,Tamir
1,Tamran
1,Tanaka
1,Tandu
1,Tanin
2,Tanish
1,Tanius
1,Tanjot
1,Tank
49,Tanner
1,Tannor
1,Tanum
1,Tanveer
1,Tanvir
1,Tanwir
1,Tanyn
1,Tanzyn
1,Taquan
1,Tarak
2,Taran
1,Taranjot
1,Taras
1,Tarek
1,Taren
3,Tarik
2,Tariq
1,Tarrack
1,Taseer
1,Tashi
1,Tashinth
2,Tasman
1,Tason
1,Tata-peh
8,Tate
2,Taten
1,Tathan
8,Tatum
1,Tavan
1,Tave
6,Taven
1,Taves
2,Tavian
3,Tavin
3,Tavis
1,Tavyn
1,Tawfeeq
1,Tayce
1,Taycen
2,Tayden
1,Taydyn
3,Taye
1,Tayjus
1,Taylan
4,Taylen
1,Taylien
1,Taylin
1,Taylon
31,Taylor
1,Taymin
1,Taynin
1,Tayo
1,Taysen
4,Tayson
2,Tayton
2,Tayven
1,Tayvin
1,Tayyeb
2,Tayze
1,Taz
8,Teagan
1,Teagen
1,Tearen
2,Ted
2,Teddy
4,Teegan
1,TeeJay
4,Tegan
1,Tegdeep
1,Tegjit
2,Tegveer
1,Teiden
1,Teigan
1,Teirnan
2,Tej
1,Tejae
1,Tejal
3,Tejas
1,Tejdeep
2,Tejveer
1,Tendai
1,Tennesse
1,Tenoch
2,Tenzin
1,Tenzing
3,Teo
2,Téo
1,Teodor
1,Terbeta
1,Terje
1,Terran
2,Terrance
1,Terren
3,Terrence
1,Terrezz
1,Terrick
1,Terrion
3,Terry
1,Terryn
1,Tervel
1,Teshawn
1,Tesher
1,Tevan
1,Tevin
1,Tevinu
1,Tevis
1,Thad
2,Thaddeus
1,Thade
1,Thaeden
1,Thai
1,Thaiden
2,Thaine
1,Thales
1,Thaman
4,Thane
2,Thatcher
1,Thehan
10,Theo
1,Thëoden
25,Theodore
1,Theodros
3,Theoren
1,Theran
1,Therian
1,Theron
1,Theunis
2,Thiago
1,Thiew
88,Thomas
1,Thompson
1,Thomsley
2,Thor
1,Thor-Abram
1,Thorin
1,Thorsten
1,Thoryn
1,Thristan
1,Thunder
4,Tiago
1,Tian
1,Tianbao
2,Tiberius
1,Tidus
1,Tien
1,Tieran
1,Tiernan
1,Tiernen
1,Tiger
1,Tilden
1,Tilman
3,Tim
1,Timileyin
1,Timmy
19,Timothy
1,Tiosav
3,Titan
1,Titian
11,Titus
1,Tivon
1,Tiyaz
1,Toben
2,Tobey
1,Tobi
1,Tobiah
11,Tobias
1,Tobin
1,Toble
11,Toby
4,Todd
1,Todor
1,Toem
1,Tohar
3,Toivo
1,Toluwani
2,Tom
1,Tomari
5,Tomas
1,Tomás
1,Tomasso
1,Tomasz
1,Tomir
2,Tommaso
6,Tommy
12,Tony
1,Toprak
1,Tor
1,Toran
1,Torben
1,Toren
1,Torez
1,Torfinn
4,Torin
1,Torran
1,Torson
1,Torstein-Kai
1,Torsten
2,Toryn
1,Toukam
2,Townes
3,Trace
1,Tracen
2,Trae
1,Trail
1,Trajan
1,Travin
18,Travis
1,Travon
1,Traxtyn
2,Trayden
1,Trayis
1,Trayten
1,Trayton
1,Trayven
1,Tre
1,Treadon
1,Trech
1,Tred
1,Treff
1,Trejorn
11,Trent
2,Trenten
1,Trentin
7,Trenton
1,Trentyn
1,Trésor
1,Trestan
1,Tresyn
1,Treton
1,Trevaugne
1,Trever
1,Trevin
11,Trevor
1,Trew
1,Trewytt
20,Trey
1,Treydan
1,Treymon
6,Treyson
1,Treyten
1,Treytin
3,Treyton
1,Treyven
1,Trezdyn
1,Tri
5,Trigg
2,Trinity
1,Trinton
2,Tripp
1,Triptyn
88,Tristan
18,Tristen
7,Tristin
2,Triston
1,Tristyan
2,Tristyn
1,Triton
1,Trooper
11,Troy
2,Tru
1,True
2,Truman
1,Tryan
1,Trygve
1,Trylee
1,Tryson
6,Trystan
1,Trysten
1,Trystin
1,Tryston
1,T'Svon
1,Tu
13,Tucker
1,Tuf
1,Tuff
1,Turell
1,Turkcan
3,Turner
38,Ty
4,Tyce
1,Tydane
2,Tydus
3,Tye
1,Ty'eo
1,Tyeson
1,Tyger
1,Ty-Justice
1,Tyke
1,Tyland
1,Tylander
1,Tylen
82,Tyler
1,Tylin
2,Tymon
1,Tynan
1,Tyray
2,Tyree
1,Tyreese
2,Tyrel
3,Tyrell
4,Tyren
1,Tyrese
2,Tyrin
1,Tyris
1,Tyrone
1,Tyrus
3,Tysen
1,Tyshayne
68,Tyson
1,Tysyn
1,Tyton
1,Tytus
1,Tyus
1,Tyven
1,Ubaid
1,Uchechukwu
2,Uday
1,Udaypartap
1,Udhay
1,Ugochukwu
1,Ujjal
1,Ulan
1,Uldon
1,Uli
1,Umair
1,Umar
1,Umberto
1,Umi-Bomani
1,Umut
4,Uriah
5,Urijah
1,Usher
1,Usman
2,Uthman
1,Utibeabasi
1,Uttam
1,Vaelon
1,Vaidyn
1,Vairavan
1,Valen
1,Valencio
1,Valentin
5,Valentino
1,Vallen
1,Vallon
1,Valor
1,Vamuye
4,Van
7,Vance
2,Vanden
1,Vander
2,Vann
1,Vansh
1,Varad
1,Varek
1,Varun
1,Vasily
3,Vaughn
1,Vauhn
1,Vedad
1,Vedder
3,Veer
1,Veerpartap
1,Vejer
1,Vemados
1,Vernon
14,Victor
1,Victor-Thaeton
1,Vidal
1,Vidhu
1,Vihaan
1,Vikat
1,Vikram
5,Viktor
1,Vinamrr
1,Vinay
4,Vince
33,Vincent
2,Vincenzo
2,Vinh
1,Vinz
2,Vishnu
1,Vittorio
1,Vivaan
2,Vivan
1,Vlad
3,Vladimir
1,Vladislav
1,Vofee
1,Von
1,Vontae
1,Voraluk
1,Vrishank
1,Vynz
2,Vyom
1,Vyraksa
1,Wacey
5,Wade
1,Waden
1,Wael
1,Wahab
1,Wahaj
1,Wajeeh
1,Wakeen
1,Wakinyan
1,Walden
1,Waleed
1,Walid
26,Walker
4,Wallace
1,Wally
4,Walter
1,Wanderingspirit
5,Warren
1,Warrik
1,Waryck
1,Waseem
1,Wattana
1,Wayk
7,Waylon
2,Wayne
1,Wegari
1,Wei
1,Weiand
1,Weidy
1,Wek
1,Wekes
1,Wenky
1,Wes
1,Wesam
31,Wesley
1,West
1,Westen
1,Western
3,Westin
3,Westley
20,Weston
1,Whosain
1,Widman
1,Wieland
1,Wijtze
1,Wildan
1,Wiley
1,Wilford
1,Wilfried
2,Wilhelm
1,Wilhem
7,Will
1,Will-Andrè
1,Willard
8,Willem
1,Willem-Louis
203,William
1,Willian
1,Willie
1,Willow
1,Willson
1,Willum
1,Willy
4,Wilson
1,Wim
4,Winston
1,Winter
2,Wisdom
1,Wisherlee
1,Wissam
1,Wolf
2,Wren
90,Wyatt
1,Wyett
1,Wylder
1,Wylee
1,Wyler
1,Wyndham
1,Wynn
1,Xaden
1,Xadrian
3,Xaiden
1,Xaiver
27,Xander
1,Xandyn
1,Xanon
1,Xarius
1,Xaryn
1,Xavi
1,Xavian
65,Xavier
1,Xaylen
1,Xender
1,Xiaoyang
1,Xichen
1,Xing
1,Xinyang
1,Xxavier
1,Xyaden
1,Xyljan
2,Xzavier
1,Xzavyer
1,Yaadvir
1,Yaanav
1,Yaaqob
1,Yach
1,Yacine
1,Yadhav
1,Yadleen
1,Yahiya
7,Yahya
2,Yakov
1,Yakup
1,Yan
1,Yanael
1,Yangyi
1,Yanick
1,Yanis
2,Yannick
2,Yannis
1,Yaqub
1,Yaroslav
4,Yaseen
3,Yash
1,Yashveer
4,Yasin
3,Yasir
2,Yasser
2,Yassin
1,Yassine
1,Yassir
1,Yawens
1,Yazaan
3,Yazan
1,Yazen
1,Yazn
1,Yeabsera
1,Yeabsra-Samuel
1,Yeamlak
1,Yedidiah
1,Yehya
1,Yeiran
1,Yeroisa
1,Yerosan
1,Yeshua
1,Yi
1,Yichen
1,Yicheng
1,Yiming
1,Yimrehane
1,Yireh
1,Yitzchok
1,Yoav
1,Yoel
1,Yoerinson
2,Yohan
1,Yohance
1,Yohane
1,Yohann
1,Yonas
3,Yonatan
1,Yonathan
2,Yonis
1,Yoomin
2,Yosef
1,Yoseff
1,Yoseph
1,Yosief
1,Yostin
8,Yousef
4,Yousif
2,Youssef
3,Yousuf
3,Yuan
1,Yuang
1,Yuchen
1,Yuma
1,Yunos
1,YuolJunior
2,Yuri
3,Yusef
1,Yussuf
9,Yusuf
1,Yuto
1,Yuusuf
2,Yuval
1,Yuvraaj
4,Yuvraj
2,Yvan
1,Yzekiel
1,Zab
1,Zaccaria
3,Zach
1,Zacharia
7,Zachariah
115,Zachary
5,Zachery
16,Zack
1,Zackaria
19,Zackary
1,Zackeri
1,Zackeria
9,Zackery
1,Zadar
1,Zade
1,Zadeh
2,Zaden
1,Zaeden
1,Zaeem
1,Zael
1,Zahid
1,Zahin
1,Zahyin
1,Zaiah
4,Zaid
5,Zaiden
1,Zaidrian
1,Zaidyn
1,Zaigham
1,Zaike
9,Zain
2,Zaine
1,Zairek
1,Zairon
1,Zaiya
1,Zajac
5,Zakaria
5,Zakariya
2,Zakariyah
4,Zakary
2,Zakery
4,Zaki
3,Zakir
1,Zakiy
2,Zakk
1,Zakkary
1,Zalius
1,Zameer
37,Zander
17,Zane
1,Zane-Marcus
1,Zaniel
1,Zanon
1,Zao
1,Zarek
1,Zaric
1,Zarif
1,Zartanian
1,Zaryab
6,Zavier
1,Zavin
1,Zavion
1,Zavrey
1,Zaxari
1,Zay
1,Zayaan
5,Zayan
5,Zayd
11,Zayden
1,Zayed
1,Zaylend
1,Zayn
5,Zayne
1,Zazel
1,Zdeno
1,Ze
1,Zebual
1,Zebulun
2,Zechariah
1,Zekarias
1,Zeke
1,Zelalem
1,Zelik
2,Zen
1,Zennon
1,Zennyn
1,Zeno
1,Zephan
1,Zephaniah
1,Zepherin
1,Zephryn
2,Zephyr
1,Zephyrus
1,Zerico
1,Zerrick
1,Zeus
1,Zev
2,Zeyad
1,Zhaine
1,Zhao
1,Zhian
1,Zhiyuan
1,ZhuoHao
1,Zhuoshao
2,Ziad
1,Zian
1,Zia-Ur-Rahman
1,Zichao
1,Zieyan
1,Zijian
1,Zilas
1,Zindel
1,Zio
5,Zion
1,Ziyad
1,Ziyan
1,Zoltan
1,Zolten
1,Zoran
1,Zoraver
1,Zorian
1,Zubin
1,Zuhair
1,Zurh
1,Zyah
1,Zyan
1,Zygmundt
1,Zyian
1,Zyier
1,Zyril