1,Aabel
1,Aabis
4,Aaden
1,Aadesh
1,Aagmanpal
1,Aahad
6,Aahil
1,Aalok
1,Aaradh
1,Aaran
1,Aarau
17,Aarav
1,Aaravbir
1,Aaren
1,Aarez
1,Aaric
1,Aarik
1,Aarin
3,Aarit
1,Aarius
1,Aariv
7,Aariz
2,Aarjav
2,Aarnav
3,Aaro
46,Aaron
1,Aaron-Hagen
1,Aarsh
6,Aaryan
1,Aashir
1,Aashman
1,Aathavan
1,Aathi
1,Aaven
3,Aayan
2,Aayden
1,Aayed
1,Aayudh
2,Aayush
1,Abaan
1,Abaas
1,Abbason
1,Abbot
1,Abbott
1,Abdalla
5,Abdallah
1,Abdarrahman
1,Abdassamad
2,Abdelrahman
1,Abdel-Wadood
2,Abdi
1,Abdihamid
1,Abdimalik
1,Abdirahmaan
3,Abdirahman
1,Abdiwali
1,Abdossalami
11,Abdul
1,Abdulaahi
1,Abdul-Barr
2,Abdulhadi
1,Abdulkader
11,Abdullah
3,Abdullahi
1,Abdullatif
1,Abdul-Mohyman
1,AbdulNasser
1,Abdulrafay
1,Abdul-Rafay
1,Abdul-Rahim
4,Abdulrahman
1,AbdulRahman
1,Abdulrazzak
1,Abdul-Razzaq
1,Abdulwahid
1,Abdurahman
2,Abdurrahman
1,Abdur-Rahman
1,Abe
1,Abed
1,Abeed
19,Abel
1,Abenezer
3,Abhay
1,Abhaypartap
3,Abhijot
1,Abhinav
1,Abhitaj
1,Abiel
1,Abiraj
1,Abisai
1,Able
1,Aboss
1,Aboubacar
1,Abozar
14,Abraham
6,Abram
1,Abrham
1,Abubakarr
1,Abubakr
1,Abubokor
1,Abyad
1,Abyanto
9,Ace
1,Acelon
1,Acen
2,Achilles
1,Achyut
1,Acka
1,Ackley
1,Adair
103,Adam
1,Adam-Komrad
1,Adams
1,Adamson
1,Adan
1,Adarsh
1,Addison
1,Adeen
1,Adekunle
1,Ademayowa
4,Aden
1,Aderola
1,Adetayo
1,Adewale
1,Adeyemi
1,Adeyinka
3,Adham
1,Adheesha
1,Adhiraj
2,Adhrit
1,Adian
1,Adil
1,Adis
1,Adison
6,Aditya
1,Adjevi
2,Adler
1,Adley
1,Adma
3,Adnan
2,Adolf
3,Adonay
1,Adonijah
1,Adoniram
2,Adonis
1,Adonyss
1,Ador-Mathew
37,Adrian
1,Adrián
1,Adriane
2,Adriano
6,Adriel
7,Adrien
1,Adriskhan
1,Adrito
1,Advait
1,Advay
1,Adyaan
3,Adyan
1,Aedain
3,Aedan
1,Aeden
1,Aengus
1,Aeon
1,Aerick
1,Aerik
1,Aerlwilliam
1,Aeron
1,Aeson
1,Aethan
1,Aezikiel
1,Afan
1,Affaan
2,Affan
1,Afraz
2,Agamjit
1,Agamjot
1,Agastya
1,Agress
1,Agriya
3,Ahaan
1,Aham
1,Ahdullah
1,Ahil
17,Ahmad
24,Ahmed
1,Ahmet
1,Ahmethan
1,Ahnaf
1,Ahniel
1,Ahyan
37,Aidan
130,Aiden
1,Aidence
1,Aidge
1,Aidric
1,Aidrics
1,Aidyn
4,Aikam
1,Aimen
1,Aireas
1,Airvyn
1,Aison
1,Aito
1,Aiyann
1,Ajak
2,Ajay
1,Ajaychandar
1,Ajeet
2,Ajit
1,Ajith
1,Akaalveer
1,Akbar
1,Akechak
1,Akello
1,Akhan
1,Aki
1,Akihiro
1,Akindu
1,Akio
1,Akira
1,Akiro
1,Akish
1,Akito
1,Akoc
4,Akram
3,Aksel
1,Akshat
1,Akshayan
1,Akthar
1,Akul
1,Alaa
1,Aladdin
1,Alakie
9,Alan
3,Alaric
1,Alarick
2,Alastair
2,Alazander
7,Albert
1,Alberto
1,Albin
1,Alder
1,Aldous
1,Aldyn
10,Alec
1,Alecson
1,Aleczander
1,Aled
1,Aleister
10,Alejandro
1,Alek
1,Aleksandar
3,Aleksander
1,Alekzander
1,Alerius
3,Alessandro
2,Alessio
37,Alex
185,Alexander
2,Alexandr
8,Alexandre
1,Alexandro
1,Alexandru
2,Alexey
1,Alexi
2,Alexis
2,Alexus
1,Alexzander
1,Aleyan
2,Alfonso
6,Alfred
1,Alhaji
50,Ali
1,Alias
1,Alieu
1,Alihky
1,Ali-Husayn
3,Alijah
1,Alikhan
1,Alim
1,Alireza
1,Alisha
7,Alistair
1,Alister
1,Aliyaan
1,Aliyan
1,Aljhon
1,Aljun
6,Allan
1,Allaric
4,Allen
1,Allexis
1,Allister
1,Almostafa
2,Alonso
1,Alonszo
1,Alonzo
1,Aloyious
1,Alp
1,Alphonse
1,Alson
2,Altan
11,Alvin
1,Alvino
2,Amaan
1,Amaar
2,Aman
1,Amandeep
1,Amani
1,Amanuel
1,Amar
2,Amare
1,Amari
1,Amarinder
2,Amarveer
1,Amazeen
1,Ambrose
1,Amedee
1,Ameen
4,Ameer
3,Amen
1,Amer
1,Amiin
1,Amilcar
2,Amin
14,Amir
1,Amir-Ali
1,Amit
1,Amitaz
2,Amitoj
2,Amjad
1,Ammaar
1,Ammanuel
4,Ammar
1,Ammon
1,Amogh
1,Amol
5,Amos
2,Amrit
1,Amzin
1,Anaél
2,Anakin
1,Anakyn
2,Anan
1,Anania
1,Anant
4,Anas
1,Anatoliy
1,Anayjit
1,Andale
1,Ander
6,Anders
6,Anderson
1,Andiswa
13,Andre
4,André
7,Andreas
5,Andrei
1,Andrejas
4,Andres
1,Andrés
86,Andrew
1,Andrey
1,Andries
1,Andriy-Mykhailo
8,Andy
1,Aneek
1,Aneel
1,Anekyn
5,Angad
1,Angadpaul
1,Angadveer
1,Angadvir
5,Angel
1,Angelko
5,Angelo
1,Angok
9,Angus
6,Anhad
1,Anikait
1,Anikin
1,Anish
1,Anjoe
1,Ankit
1,Anmole
1,Annas
1,Anoop
1,Anraj
1,Ansen
3,Ansh
2,Anshdeep
1,Anshumaan
6,Anson
2,Ante
59,Anthony
1,Anthony-José
1,Anthony-Karol
1,Anto
8,Anton
2,Antoni
1,Antonino
9,Antonio
2,Antony
1,Anvay
1,Anwen
1,Apelles
3,Apollo
1,Aqeel-Mustafa
1,Aquilez
2,Arad
1,Aram
1,Arash
1,Arav
1,Aravind
1,Araz
1,Arblin
22,Archer
2,Archibald
5,Archie
1,Archimedes
1,Ardaas
5,Arden
1,Areeb
1,Areez
1,Areik
1,Aren
3,Ares
1,Arhaa
2,Arhaan
5,Arham
1,Arhan
1,Arhem
3,Arhum
15,Ari
1,Aria
3,Arian
2,Aric
5,Arie
1,Ariel
7,Aries
1,Arijon
1,Arik
1,Arion
1,Aris
1,Arismendy
1,Ariton
1,Arius
1,Ariv
1,Ariyaan
1,Arjaan
1,Arjan
1,Arjay
3,Arjen
11,Arjun
1,Arjunveer
1,Arleigh
3,Arlen
1,Arley
1,Arlie
13,Arlo
1,Arlow
14,Armaan
1,Armaandeep
1,Armaanjeet
1,Armahn
8,Arman
1,Armand
1,Armando
1,Armeen
1,Armin
12,Arnav
1,Arnavbir
1,Arnel
3,Arnie
1,Arnold
1,Arnoldas
11,Aron
1,Áron
1,Aronnok
1,Arpan
1,Arpit
2,Arran
1,Arron
2,Arrow
1,Arryk
1,Arsal
3,Arsalan
2,Arsen
2,Arsh
1,Arsha
2,Arshaan
1,Arshad
1,Arshdeep
1,Arshveer
1,Arshvir
1,Arson
1,Arta
2,Artem
1,Arth
9,Arthur
1,Artin
2,Artur
1,Arturo
1,Arush
4,Arvin
18,Aryan
1,Aryav
1,Arysyn
1,Aryton
1,Arzach
1,Asa
1,Asaad
1,Asad
1,Asaf
3,Ascher
1,Asear
1,Aseel
2,Ash
1,Ashan
2,Ashar
1,Ashaz
1,Ashe
62,Asher
1,Ashford
1,Ashin
1,Ashir
1,Ashlynd
1,Ashmaan
1,Ashraf
1,Ashrin
2,Ashtin
37,Ashton
2,Ashwin
1,Asil
1,Asim
1,Aslan
1,Assad
1,Assem
1,Assong
1,Astad
4,Aston
1,Astral
1,Ata
1,Ateeb
2,Atem
4,Athan
1,Atharv
2,Atharva
2,Athen
4,Atlas
1,Atlis
1,Atreus
1,Atrivarad
17,Atticus
1,Attila
1,Attila-Matisse
1,Aubrey
1,Audie
1,Audrik
12,August
1,Augustin
1,Augustine
2,Augusto
5,Augustus
1,Aum
1,Aurele
1,Aurelio
2,Auron
4,Austen
117,Austin
1,Auston
1,Austyn
1,Autumn
1,Aveer
2,Aven
1,Averry
38,Avery
1,Avett
1,Avi
1,Avian
1,Avijit
1,Avijot
2,Avin
1,Avir
3,Aviraj
1,Avi-Shiv
1,Avitej
1,Avneel
1,Avol
1,Avory
1,Avri
1,Avtonom
2,Avya
1,Avyaan
2,Awab
1,Awak
1,Awalpreet
1,Awan
1,Awande
1,Awaniish
1,Aws
18,Axel
1,Axis
3,Axl
2,Axle
1,Axten
3,Axton
1,Axyl
1,Axzel
20,Ayaan
1,Ayai
6,Ayan
4,Aydan
26,Ayden
3,Aydin
1,Ayez
2,Ayman
1,Aymen
4,Ayoub
1,Ayric
2,Ayrton
3,Ayson
1,Aythan
1,Aythem
1,Ayton
3,Ayub
6,Ayush
1,Ayushman
1,Ayyub
1,Azaam
6,Azaan
1,Azais
3,Azan
1,Azaria
1,Azariah
1,Azazel
1,Azlaan
3,Azlan
1,Azrail
1,Azur
1,Azzarye
1,Badger
1,Bahul
1,Bailey
1,Baker
1,Baktash
1,Balam
1,Balian
1,Baljot
1,Balnaaj
1,Balraj
2,Baltazar
1,Balwant
3,Bane
1,Baneet
1,Banjo
1,Banner
1,Baraa
1,Barkat
1,Barna
3,Barret
16,Barrett
3,Barry
1,Baseer
3,Basil
1,Bassam
1,Bassil
4,Bastian
2,Bastien
1,Bastion
1,Batureli
1,Baudouin
4,Bauer
1,Bayden
19,Beau
2,Beauden
1,Beauregard
1,Beaux
3,Beck
4,Beckam
1,Becket
27,Beckett
12,Beckham
1,Beckhem
1,Beckum
1,Beecher
1,Behlul
1,Bekzod
3,Belal
1,Bemba
20,Ben
3,Benaiah
1,Benen
1,Benett
1,Benhur
1,Beniah
1,Benicio
1,Benin
1,Benjamen
222,Benjamin
1,Benkey
1,Bennet
64,Bennett
13,Benny
1,Benoit
1,Benoît
4,Bensen
16,Benson
1,Benter
102,Bentley
1,Bently
3,Benton
1,Benyamin
1,Berakh-El
1,Berchman
2,Bereket
1,Bergen
1,Berisa
2,Berkeley
1,Berkley
1,Bern
1,Bernard
2,Bernardo
1,Bernhard
1,Berson
1,Beruk
1,Beshoy
1,Bex
1,Bharath
1,Bhavan
1,Bhavik
1,Bhavjeet
1,Bikram
7,Bilal
4,Billy
1,Bim
1,Binh
1,Binsted
1,Bipranshu
1,Biraj
2,Birch
1,Birdie
1,Birk
1,Birkley
3,Bishop
1,Bismillah
1,Blacker
1,Bladen
1,Blaiden
2,Blaine
1,Blair
4,Blaise
91,Blake
1,Blane
1,Blayk
1,Blayze
5,Blaze
1,Blendi
1,Bleron
1,Bless
2,Blessing
1,Blu
3,Bo
1,Boas
1,Boaz
1,Bob
2,Bobby
2,Boden
1,Bodey
11,Bodhi
4,Bodie
2,Boe
3,Bogdan
1,Bohdan
1,Bohdi
1,Bol
3,Boone
1,Boris
1,Borna
1,Bosco
1,Boss
11,Boston
3,Bowden
6,Bowen
1,Bowofoluwa
1,Boyce
5,Boyd
1,Bozajian
1,Braahm
1,Brad
13,Braden
1,Bradie
1,Bradin
18,Bradley
1,Bradoc
51,Brady
1,Braedan
4,Braeden
1,Braedon
1,Braedyn
1,Braeland
2,Braelin
1,Brahmveer
4,Braiden
1,Braislyn
1,Bram
1,Brance
2,Branden
34,Brandon
4,Brandt
1,Bransen
3,Branson
1,Branston
5,Brant
12,Brantley
2,Braver
1,Bravery
1,Brawley
1,Brax
1,Braxdyn
1,Braxen
2,Braxon
1,Braxten
28,Braxton
1,Braxtyn
2,Bray
59,Brayden
1,Braydin
4,Braydon
1,Brayleigh
1,Braylen
3,Braylon
2,Brayson
1,Brechin
1,Brecken
1,Breece
1,Breken
1,Brekken
1,Brenan
12,Brendan
2,Brenden
4,Brendon
13,Brennan
1,Brenner
2,Brent
1,Brenver
1,Breton
10,Brett
1,Brevyn
1,Brexton
1,Breyden
1,Breyson
1,Breyton
17,Brian
1,Brian-Joseph
2,Briar
1,Brice
1,Bridge
1,Bridger
2,Brier
4,Briggs
1,Brigham
2,Brighton
1,Brilyn
1,Briton
2,Britton
1,Brix
4,Brixton
1,Broc
19,Brock
1,Brocko
2,Broderick
1,Brodey
9,Brodie
88,Brody
1,Brodyn
1,Brogan
2,Brom
1,Bron
1,Bronix
1,Bronsen
8,Bronson
1,Bronsyn
3,Bronx
1,Brook
2,Brooklyn
5,Brooks
1,Broxten
9,Bruce
3,Bruno
5,Bryan
1,Bryar
1,Bryatt
17,Bryce
3,Brycen
1,Brychan
1,Brycin
7,Bryden
2,Bryer
2,Bryn
1,Brynley
1,Brynn
2,Brysen
16,Bryson
1,Bryson-Liam
1,Bryston
2,Buay
1,Buck
2,Bud
1,Buffalochild
1,Bulent
1,Bupe
1,Burak
1,Burk
8,Burke
1,Burkely
1,Burkson
3,Burton
1,Buvly
1,Byan
2,Byron
1,Cace
1,Cache
10,Cade
2,Cadel
2,Cadell
11,Caden
1,Cadoc
1,Cadrian
1,Caedmon
1,Caedus
1,Caedynn
6,Cael
5,Caelan
1,Caeleb
2,Caelem
1,Caelen
3,Caellum
2,Caelum
1,Caerwyn
1,Caeto
1,Cage
1,Caid
10,Caiden
1,Caiden-Jayce
1,Caidyn
1,Caige
1,Caileb
2,Cailen
5,Cain
1,Caine
1,Cairo
8,Caius
2,Cal
1,Calael
5,Calder
7,Cale
116,Caleb
1,Caledon
1,Calel
1,Calem
2,Calen
2,Calin
1,Calixa
1,Callaghan
2,Callan
7,Callen
33,Callum
5,Calum
1,Calven
21,Calvin
1,Calyb
1,Cam
1,Camdan
19,Camden
51,Cameron
1,Camille
1,Camilo
1,Campbell
1,Camron
3,Canaan
1,Cannon
1,Canyon
1,Carder
10,Carl
1,Carlin
2,Carlisle
1,Carlito
2,Carlo
8,Carlos
1,Carlson
1,Carman
2,Carmelo
1,Carmine
1,Carnell
2,Carrick
3,Carsen
1,Carsin
72,Carson
2,Carsten
192,Carter
5,Carver
1,Carwin
1,Caryk
1,Caryss
2,Case
1,Casen
18,Casey
25,Cash
3,Cashis
1,Cashius
1,Cashous
6,Cashton
1,Casimiro
1,Cason
4,Casper
1,Caspian
1,Cassiel
8,Cassius
2,Castiel
1,Castielle
1,Castle
1,Caswell
1,Cates
1,Cato
2,Cavan
1,Caven
1,Cavi
1,Cayce
1,Caydan
1,Cayde
20,Cayden
1,Caydeyan
1,Cayl
2,Cayle
1,Cayleb
1,Caymus
2,Caysen
2,Cayson
1,Cayto
1,Caziel
1,Cazmin
1,Cecil
2,Cedar
4,Cedric
3,Cedrick
2,Cédrick
1,Celyn
2,Cesar
1,Cetch
10,Chace
2,Chad
1,Chadwick
11,Chael
2,Chaise
1,Chale
1,Champ
2,Chan
15,Chance
2,Chandler
1,Chandon
1,Chaney
1,Changkuoth
1,Chanhoo
2,Channing
1,Chano
1,Chanz
65,Charles
1,Charless
55,Charlie
1,Charlie-Rae
1,Charlo
1,Charra
93,Chase
3,Chasen
1,Chatum
1,Chatwin
2,Chayce
2,Chayton
3,Chaz
2,Chazz
1,ChemsEddin
2,Chen
1,Cheng
1,Chephren
2,Chester
1,Chet
1,Chetan
1,Chetanna
2,Chett
2,Chevy
1,Chiazam
1,Chick
1,Chigozie
1,Chiji
1,Chike
1,Chinmay
1,Chino
1,Chinualumogu
1,Chip
1,Chisom
1,Chol
10,Chris
1,Chrispin
1,Christ
1,Christiaan
37,Christian
1,Christian-Gil
2,Christien
1,Christienne
1,Christofer
53,Christopher
1,Christyan
1,Chrysogonus
1,Chuck
1,Chudier
1,Chukwuemeke
1,Chunyi
1,Chypper
6,Cian
2,Ciaran
1,Ciarán
1,Cieran
1,Cimerron
1,Ciwan
4,CJ
3,Clancy
2,Clarence
1,Clarinze
20,Clark
2,Clarke
1,Clate
2,Claude
3,Clay
8,Clayton
2,Clement
1,Cleve
1,Clever
2,Clint
1,Clinton
3,Clive
1,Cloud
2,Clyde
1,Clyde-Broderick
1,Coaz
1,Cobe
1,Cobi
6,Coby
1,Codie
25,Cody
10,Coen
3,Cohan
72,Cohen
1,Cohl
24,Colby
1,Colden
1,Coldyn
70,Cole
2,Coleson
24,Colin
2,Collin
1,Collins
2,Colson
1,Colston
8,Colt
1,Coltan
11,Colten
7,Colter
1,Coltin
68,Colton
3,Coltyn
2,Conan
1,Conlen
3,Conley
16,Conner
117,Connor
1,Connred
4,Conor
4,Conrad
1,Conroy
1,Constant
1,Constantine
1,Conway
1,Cooch
76,Cooper
1,Cooper-James
1,Copelyn
1,Cor
1,Corban
4,Corben
29,Corbin
4,Corbyn
1,Cordell
4,Corey
2,Cormac
1,Cormic
1,Corneille
3,Cornelius
1,Corney
6,Corny
1,Corrigan
1,Corson
1,Cort
1,Cortlind
1,Cortney
1,Corven
1,Corvin
1,Corvus
1,Corwin
1,Corwyn
3,Cory
1,Cotne
1,Coulter
1,Court
2,Coven
1,Covey
1,Coye
5,Craig
1,Crayten
2,Cree
1,Creed
1,Creedance
1,Creeden
2,Creedon
1,Creedyn
1,Crewe
1,Cris
5,Cristian
2,Cristiano
1,Cristino
1,Cristofer
1,Crisward
1,Crisxander
6,Crosby
1,Crostyn
2,Cruise
25,Cruz
4,Cruze
1,Csaba
1,Cub
1,Cuinn
4,Cullen
1,Curan
1,Curt
15,Curtis
1,Curtly
1,Cusayr
1,Cutter
1,Cylus
1,Cyphr
2,Cypress
1,Cyprian
1,Cyris
10,Cyrus
1,Czar
1,Daberi
1,Dace
1,Dachi
2,Dade
1,Daegan
1,Daelan
1,Daelyn
2,Daemon
1,Dafydd
1,Dagmawe
1,Dagmawi
2,Daimon
1,Dairus
1,Daishawn
1,Daislyn
2,Dakoda
7,Dakota
2,Daksh
1,Dakshan
1,Dakshdeep
1,Dalan
1,Daleel
1,Dalen
1,Dalha
9,Dallas
1,Dallen
1,Dallis
1,Dally
1,Dalmar
1,Dalraj
5,Dalton
1,Dalyce
1,Damanveer
1,Damen
1,Dameon
13,Damian
1,Damiano
16,Damien
1,Damiyen
27,Damon
1,Damond
1,Damyn
2,Dan
14,Dane
2,D'Angelo
1,Danger
2,Dani
140,Daniel
1,Daniel-Gemariah
1,Daniels
2,Danil
3,Danilo
1,Danish
6,Daniyal
1,Daniyyel
1,Dann
12,Danny
1,Danrine
24,Dante
2,Danté
1,Danton
1,Dantreil
1,Dany
1,Danyal
1,Danzelle
1,Danziah
1,Daouda
1,Darcell
1,Darcy
1,Darek
1,Daren
3,Darian
2,Dariel
4,Darien
2,Dario
3,Darion
18,Darius
1,Dariusz
1,Darnell
2,Darrell
8,Darren
1,Darrick
1,Darrion
1,Darroch
1,Darryl
1,Darshan
1,Darson
1,Darvin
1,Darwin
1,Darwon
1,Daryian
1,Daryl
1,Dashel
1,Dashiel
1,Dashiell
1,Dashyl
1,Dataar
1,Dat-Thanh-Le
1,Davayin
4,Dave
1,Daven
1,Davian
90,David
1,David-Mael
1,David-Richard
6,Davin
1,Davion
9,Davis
1,Davison
1,Davit
2,Davyn
1,Dawit
33,Dawson
2,Dawud
14,Dax
1,Daxeus
8,Daxon
1,Daxten
1,Daxtin
22,Daxton
2,Daxtyn
1,Daxx
2,Daxyn
1,Daydrian
2,Daylan
6,Daylen
2,Daylin
1,Daymen
1,Daymien
1,Daymon
1,Daymond
1,Daymyn
4,Dayne
1,Dayshaun
1,Dayson
1,Daytion
9,Dayton
18,Deacon
4,Deagan
1,Deaken
12,Dean
1,DeAndre
1,Deandre
1,Deangelo
1,Dec
4,Decker
3,Decklan
1,Decklyn
98,Declan
1,Declán
3,Declyn
1,Dedrick
7,Deegan
1,Deejay
1,Deep
1,Degan
1,Deigan
1,Dekker
9,Deklan
2,Deklen
3,Deklin
1,Delaih
1,Delaney
1,Delano
1,Delbert
1,Deleon
1,Delin
1,Dell
1,DeLoy
1,Delray
1,Delsin
1,Deltyn
1,Delvis
1,Demani
1,Demari
1,Demetreus
1,Demetri
1,Demetrios
2,Demetrius
1,Demien
1,Demitri
1,Demitrious
1,Deneb
1,Denellie
1,Denethor
3,Deng
2,Denis
1,Deniz
1,Denkayhu
6,Dennis
1,Denny
1,Dentley
2,Denton
10,Denver
6,Denzel
1,Denzelle
3,Deon
1,Deonte
1,Dereck
21,Derek
1,Derreck
3,Derrick
1,Derrik
1,DeShawn
1,Deshawn
1,Desimus
14,Desmond
3,Destin
1,Dethorin
1,Detim
1,Devaan
1,Devaj
1,Devak
3,Devan
1,DeVante
1,Devaran
1,Devaughn
12,Devin
1,Devinder
1,Devlin
13,Devon
1,Devrim
1,Devyn
1,Dewan
1,Dex
1,Dexdon
1,Dexley
2,Dexon
1,Dexten
18,Dexter
1,Dextyn
1,Dezai
1,Dezhawn
1,Deziel
2,Dezmond
1,Dezmyn
1,Dhakshidh
1,Dhani
1,Dhanvin
1,Dhatchanaa
1,Dhavyon
1,Dhieu
1,Dhruv
1,Dhruvan
1,Dhyaan
1,Diar
1,Diaz
2,Diedrich
8,Diego
1,Dierks
2,Diesel
1,Dietrich
1,Diezel
1,Diing
1,Dilan
1,Dilip
1,Dilkush
1,Dillan
6,Dillon
2,Dilraj
5,Dimitri
2,Dimitrije
1,Ding
1,Diomede
5,Dion
1,Dionysius
1,Dipshan
1,Dirgh
1,Dirk
1,Divit
1,Divtesh
2,Divyesh
1,Dixon
1,Dlein
1,Dmetri
1,Dmitry
1,Dodge
1,Dolton
2,Domanic
1,Domeiko
2,Domenico
1,Domenik
91,Dominic
10,Dominick
14,Dominik
3,Dominique
1,Domonic
1,Domonick
1,Domynick
6,Don
1,Donald
1,Donatus
1,Donavan
1,Donavin
1,Donell
1,Donghan
1,Dongping
1,Donnelly
11,Donovan
1,Donyvyn
1,Doorin
6,Dorian
1,Dorièn
1,Dorius
2,Dougie
4,Douglas
1,Draben
1,Draco
5,Drae
1,Drähcir
17,Drake
1,Draper
1,Draven
1,Draycen
8,Drayden
1,Draydin
1,Draydon
1,Drayko
1,Draymond
2,Drayson
1,Draytin
1,Drayton
1,Drefan
1,Dren
1,Drevan
1,Dreven
1,Dre'Von
26,Drew
1,Dreydan
3,Dreyden
1,Dreydon
1,Dreyken
1,Dreyson
1,Dreyster
1,Drezden
1,Drezius
1,Dru
2,Dryden
1,D'Shawn
1,Duarte
1,Ducan
6,Duke
1,Dulee'O
1,Dunamis
7,Duncan
1,Dunkyn
1,Duran
1,Durant
1,Durell
1,Durelle
1,Durrell
1,Dusan
1,Dusten
8,Dustin
1,Dwaine
1,Dwarak
4,Dwayne
1,Dwyane
82,Dylan
1,Dylen
2,Dysen
2,Dyson
1,Dzesinu
4,Eamon
1,Earl
3,Eason
77,Easton
1,Eastton
1,Eastyn
2,Eathan
1,Eban
4,Eben
3,Ebenezer
1,Eberle
1,Eberley
1,Ebosetale
1,Ebrahim
1,Ebubechukwu
3,Eddie
1,Eddy
1,Edem
4,Eden
1,Edfer
4,Edgar
2,Edge
1,Edil-Biniam
9,Edison
1,Edlore
2,Edmond
1,Edmont
4,Edmund
1,Edrees
2,Edric
1,Edrick
1,Eduardo
32,Edward
13,Edwin
2,Eesa
1,Eessa
1,Efe
1,Efren
1,Efrim
2,Egan
1,Eghosa
1,Egya
1,Ehan
1,Ehiemua
1,Ehimwenma
1,Eian
1,Eibron
1,Eidly
1,Eirick
1,Eita
2,Eitan
1,Eithin
3,Ekam
3,Ekambir
1,Ekamdeep
1,Ekamjit
1,Ekamjot
1,Ekamvir
1,Ekanjeet
1,Eknoor
1,Eko
1,Eksahib
2,Ekveer
1,Elai
1,Elan
1,Eland
1,Eldan
1,Elden
1,Eldric
1,Eleijan
67,Eli
3,Eliab
1,Eliaba
3,Eliah
1,Eliah-Daniel
1,Eliakim
1,Eliam
1,Eliano
30,Elias
1,Elias-Juliano
1,Elie
1,Eliezer
2,Elihu
82,Elijah
1,Elind
1,Elior
2,Eliot
2,Eliott
1,Eliseo
4,Elisha
1,Eliyah
1,Eliyas
1,Elizabeth
1,Elizak
1,Eljay
1,Ellias
40,Elliot
24,Elliott
8,Ellis
1,Elliston
1,Ellix
1,Elmer
4,Elnathan
1,Elric
1,Elsdon
2,Elvin
1,Elvis
1,Elwood
1,Elwyn
1,Elwynn
1,Ely
1,Elyess
1,Emaan
1,Emad
3,Emanuel
1,Embrey
1,Emelson
1,Emerik
25,Emerson
10,Emery
1,Emerys
1,Emet
1,Emeth
1,Em'ett
2,Emil
1,Emile
1,Émile
5,Emiliano
6,Emilio
3,Emir
1,Emix
16,Emmanuel
2,Emmerson
1,Emmery
8,Emmet
84,Emmett
3,Emmit
6,Emmitt
1,Emmory
2,Emran
1,Emre
2,Emree
1,Emry
2,Emrys
2,Ender
1,Endrey
1,Enes
2,Eniola
1,Enno
3,Enoch
1,Enrique
1,Ensar
1,Ensio
1,Enzel
12,Enzo
2,Eoin
4,Ephraim
1,Ephram
1,Ephrim
48,Eric
1,Éric
1,Erich
2,Erick
1,Erico
26,Erik
1,Erisson
1,Erjon
2,Ermias
6,Ernest
2,Ernie
1,Erol
1,Eros
1,Erth
1,Ervin
2,Erwin
3,Eryk
2,Esa
1,Esah
2,Eshaan
2,Eshan
1,Espin
1,Essa
2,Essey
1,Essien
244,Ethan
1,Ethann
1,Ethan-Quan
1,Ethan-Richard
1,Ethigash
1,Eton
1,Eua
1,Euab
3,Euan
3,Eugene
1,Eugeniel
1,Eulan
1,Eurie
1,Euriel
1,Eusebio
1,Euwin
1,Evaan
99,Evan
8,Evander
1,Evangelos
1,Evann
1,Evan-Nicolai
1,Evaraj
1,Ever
1,Evered
1,Everest
1,Everet
59,Everett
1,Everitt
1,Everly
1,Everson
1,Evert
1,Evrett
1,Evsevey
17,Ewan
1,Ewyn
1,Exodus
2,Eyad
1,Eyob
1,Eyobed
1,Eyosias
1,Eyram
1,Eythan
1,Eyvhan
1,Ezaan
1,Ezéchiel
23,Ezekiel
1,Ezequiel
31,Ezra
1,Ezrae
1,Ezzekielle
1,Fabian
1,Fabio
2,Fahad
1,Fahmib
1,Faiz
1,Faizan
1,Falon
1,Fanuel
1,Faolán
1,Fareed
2,Farhad
3,Farhan
1,Farhanali
1,Farid
3,Faris
1,Farnood
4,Faron
1,Farouk
1,Farris
1,Farzad
2,Fasih
1,Fasil
4,Fateh
1,Fatehdeep
1,Fatehjit
3,Fatehveer
1,Favour
1,Fayden
1,Fayeck
1,Fayrose
1,Felipe
41,Felix
4,Félix
1,Felix-James
1,Fenix
1,Feras
1,Ferdie
2,Ferdinand
1,Ferdz
1,Ferenc
2,Fergus
1,Ferguson
2,Feris
2,Ferlin
2,Fernando
1,Ferron
1,Fiasal
1,Filimon
3,Filip
3,Findlay
8,Finlay
31,Finley
39,Finn
1,Finnagin
3,Finnegan
1,Finneus
1,Finnian
2,Finnigan
4,Finnley
1,Finnly
1,Finn-Ryder
3,Fionn
1,Firaoli
1,Firas
1,Firdous
2,Firomsa
1,Fischer
4,Fisher
1,Fitzgerald
3,Fletcher
2,Flint
7,Flynn
1,Folajuwon
2,Forbes
2,Forest
3,Forrest
5,Foster
1,Foti
1,Fotios
5,Fox
1,Franca
2,Francesco
16,Francis
5,Francisco
1,Francois
11,Frank
3,Frankie
1,Frankkie
2,Franklin
2,Franklyn
1,Franko
1,Franne
1,Frans
4,Franz
2,Fraser
1,Frazer
1,Freddy
2,Frederick
1,Fredis
1,Fredric
2,Fredrick
2,Fredrik
1,Freedom
1,Frinz
2,Fulton
2,Fuzail
3,Fynn
1,Fynnley
1,Gabb
1,Gabbriel
3,Gabe
1,Gabel
1,Gabin
120,Gabriel
1,Gabríel
2,Gabriele
1,Gabrielle
1,Gabryel
1,Gaebriel
1,Gael
47,Gage
1,Gahven
2,Gaige
1,Gallagher
1,Ganevmeet
1,Garam
3,Garang
1,Garen
1,Garet
2,Gareth
1,Garett
1,Garin
1,Garion
2,Garner
2,Garnet
1,Garret
1,Garreth
10,Garrett
2,Garrison
1,Garryll
5,Gary
1,Gatlin
1,Gatluak
3,Gauge
1,Gavan
67,Gavin
1,Gavrie
3,Gavriel
1,Gavri'el
1,Gavril
3,Gavyn
1,Geiger
2,Genesis
1,Genoa
1,Geoff
1,Geoffrey
35,George
1,Georgie
1,Georgiy
1,Georgos
5,Gerald
2,Gerard
2,Gerardo
1,Gerhard
1,Gerhardt
1,German
1,Gerriel
1,Gerrit
1,Gevin
1,Ghaphel
1,Ghayong
1,Ghazi
1,Ghulam
1,Gi
2,Giaan
5,Gian
1,Gianluca
1,Gianluigi
8,Gibson
7,Gideon
1,Giel
2,Gilbert
2,Gio
1,Giorgio
1,Giose
1,Giovann
5,Giovanni
1,Giovoni
2,Glenn
2,Gobind
1,Godbless
2,Godwin
2,Goi
1,Golekane
1,Gonsalo
1,Goodluck
1,Gor
8,Gordon
1,Gordy
1,Govan
1,Gowtham
1,Gracen
2,Gracin
19,Grady
1,Grady-Best
2,Gradyn
5,Graeme
1,Graeson
1,Graesyn
16,Graham
1,Graison
6,Grant
2,Grason
1,Graves
2,Graycen
4,Grayden
3,Graydon
2,Graye
1,Grayle
6,Graysen
92,Grayson
1,Grayson-Gordon
1,Greeley
1,Gregorio
14,Gregory
3,Grey
1,Greycen
1,Greyden
1,Greydon
1,Greyer
6,Greysen
47,Greyson
38,Griffin
3,Griffyn
1,Grigor
1,Gryphon
1,Guangkun
1,Guerin
1,Guido
1,Guillermo
1,Guled
8,Gunnar
8,Gunner
1,Gunnvir
2,Guntaj
1,Gunveer
1,Gur
1,Gurasees
2,Gurbir
1,Gurchet
1,Gurfateh
1,Gurfathe
1,Gurjaap
1,Gurjai
2,Gurjot
1,Gurkirat
1,Gurmaan
9,Gurman
2,Gurmehar
1,Gurmeharbir
1,Gurmn
1,Gurmukh
1,Gurnawaz
2,Gurnoor
2,Gurpreet
1,Gurprince
1,Gurrehmat
1,Gursahej
1,Gursehej
7,Gurshaan
1,Gurshan
1,Gurshawn
3,Gurtaj
1,Gurteg
1,Gurtej
1,Guru
2,Gurveer
1,Gurvir
1,Gurvyn
1,Gurwaris
3,Gus
2,Gustavo
1,Guthrie
1,Guy
1,Gworit
1,Gyeongjun
1,Haaijo
1,Haakam
2,Haaris
1,Haashim
1,Habib
1,Hadden
1,Haddis
1,Haddon
7,Hadi
1,Hadley
2,Hadyn
1,Haelyn
1,Ha-eum
1,Hafiz
1,Hai
2,Haidar
7,Haiden
2,Haider
1,Haidin
1,Hailen
1,Haitham
1,Haizyn
1,Hakan
1,Hakim
3,Halen
1,Hamayl
1,Hamdaan
1,Hamdi
1,Hameez
2,Hamish
1,Hammad
1,Hampton
1,Hamraaz
1,Hamsa
23,Hamza
1,Hamze
1,Hanif
2,Hank
1,Hannan
1,Hanniel
1,Hannix
1,Hanry
1,Hans
1,Hansen
3,Hanz
1,Haoxin
1,Haran
1,Hardit
1,Harfateh
1,Hargun
1,Hariharan
2,Haris
1,Harison
1,Harjaap
2,Harjap
1,Harjashan
1,Harjit
1,Harjoban
1,Harkiratjot
2,Harlan
2,Harland
1,Harlek
1,Harlem
1,Harlen
9,Harley
2,Harlow
1,Harlowe
1,Harly
2,Harman
2,Harmandeep
1,Harmann
1,Harmeet
1,Harmon
1,Harnav
1,HarNihaal
1,Harnoop
1,Harnoor
1,Harold
3,Haroon
4,Harper
1,Harris
55,Harrison
7,Harry
1,Harsahib
1,Harsehaj
1,Harsevak
2,Harsh
1,Harsha
1,Harshan
1,Harshil
1,Harshveer
1,Harsimar
1,Harsummer
1,Hart
1,Hartejvir
2,Hartley
1,Harveer
3,Harvey
1,Harvin
4,Hasan
1,Hasher
4,Hashim
1,Hasnain
3,Hassaan
7,Hassan
1,Hatem
1,Hatius
1,Haudier
2,Haven
1,Hawie
1,Hawk
1,Hawke
1,Hawken
1,Hawkins
2,Hawksley
1,Haydar
59,Hayden
1,Hayder
10,Hayes
1,Haysam
1,Haytham
2,Hayven
1,Hayward
1,Hayyam
1,Hayzen
1,Hazar
1,Hazard
2,Hazen
1,Hazer
9,Heath
1,Heaton
1,Heavendip
2,Hector
1,Hedayet
1,Heeth
1,Hein
6,Heinrich
1,Heinrie
1,Hejabatshah
1,Hejar
1,Helal
1,Hendrick
11,Hendrix
1,Hendrix-Cory
1,Henil
3,Henley
1,Hennessy
1,Henok
1,Henre
3,Henri
11,Henrik
97,Henry
1,Henson
5,Herman
1,Hershdeep
1,Hesham
2,Heston
1,Hevind
1,Hezekiah
1,Hilson
3,Himat
3,Himmat
1,Hirad
1,Hiram
1,Hiroki
1,Hirsi
1,Hiru
2,Hiruka
1,Hisham
1,Hishta
1,Ho
1,Hoa
1,Hobbes
20,Holden
1,Holdyn
1,Hollen
2,Hollis
2,Holt
1,Homayoon
2,Honor
1,Honoré
1,Hope
1,Hoqubaa
1,Horace
1,Horan
1,Hosea
1,Hossam
1,Hossein
1,Houssein
3,Houston
1,Howard
1,Howell
1,Hoyce
1,Hoyt
1,Hridaan
1,Hriday
1,Hrisheet
1,Hruthihas
1,Hsain
1,Hubert
148,Hudson
3,Hugh
1,Hughe
1,Hugh-Enrico
11,Hugo
5,Humza
2,Hunardeep
1,Hunarjeet
162,Hunter
1,Huntley
1,Hurdhitya
1,Hurley
1,Hurricane
1,Husain
1,Husam
1,Huselius
3,Hussain
3,Hussein
1,Hussien
1,Hutch
1,Hutcheon
1,Hutchinson
1,Huthayfa
1,Huttyn
1,Huw
11,Huxley
3,Huzaifa
1,Hyab
2,Hyrum
1,Iain
53,Ian
4,Ibraheem
26,Ibrahim
1,Ibrahima
1,Idan
1,Iden
1,Idiris
2,Idrees
2,Idris
1,Iftekhar
1,Igbunumena
2,Ignacio
1,Ihkitoopii
1,Ihlas
1,Ikechukwu
1,Iken
1,Ikraj
1,Ilenre
1,Ilerioluwa
2,Ilhan
1,Ilie
1,Ilya
1,Ilyaas
1,Ilyas
1,Iman
2,Immanuel
1,Impabin
2,Imraan
1,Imraaz
13,Imran
1,Imtiyaz
1,Indervir
1,Inigo
1,Inrico
1,Inuk
1,Inuka
4,Ira
1,Irshaad
1,Irvaan
1,Irven
3,Isa
107,Isaac
10,Isaak
1,Isaam
62,Isaiah
1,Isaiah-Ron-Kurt
1,Isamu
1,Isan
1,Isco
4,Ishaan
1,Ishaaq
1,Isham
2,Ishan
2,Ishaq
3,Ishmael
1,Ishraj
1,Isidro
1,Ismaeel
5,Ismael
1,Ismaiil
8,Ismail
1,Israel
1,Israël
3,Issa
1,Issaac
3,Issac
1,Issam
1,Issandr
1,Issiah
1,Istafa
21,Ivan
1,Iven
1,Iver
1,Iwan
1,Iyad
1,Iyan
1,Iyoaiye
2,Izaac
3,Izaak
1,Izaan
1,Izack
1,Izaeus
1,Izaiah
1,Izaias
1,Izak
2,Izayah
1,Izhaan-Ul-Haq
1,Izmir
1,Izsak
1,Izyan
1,Izzac
1,Jaabir
1,Jaasiel
1,Jabir
1,Jabriel
1,Jabril
98,Jace
1,Jacek
1,Jacen
2,Jachin
177,Jack
2,Jackie
1,Jacks
156,Jackson
2,Jacky
204,Jacob
7,Jacobi
1,Jacob-William
4,Jacoby
1,Jacolby
1,Jacub
1,Jacyn
10,Jad
1,Jad-Ali
2,Jade
31,Jaden
1,Jadis
6,Jadon
1,Jadwig
3,Jadyn
2,Jaeden
1,Jaeden-Paul
4,Jaedon
1,Jaeniel
1,Jaesiel
2,Ja'far
1,Jafet
1,Jagar
1,Jagat
3,Jager
3,Jagger
1,Jago
1,Jagvir
1,Jahaandeep
1,Jahari
1,Jahkob
1,Jahsiah
1,Jaice
1,Jaicee
1,Jaicob
1,Jaidee
1,Jaideep
14,Jaiden
1,Jaifateh
2,Jaime
1,Jaimin
1,Jaineal
1,Jairden
1,Jaireih
1,Jairel
1,Jairo
4,Jairus
1,Jaison
5,Jaiveer
1,Jaivin
58,Jake
17,Jakob
1,Jakobe
1,Jakobi
1,Jakob-Ray
1,Jaks
1,Jaksyn
2,Jakub
1,Jal
1,Jalal
1,Jaleel
2,Jalen
7,Jamal
1,Jameel
156,James
11,Jameson
7,Jamie
3,Jamieson
2,Jamil
2,Jamison
7,Jan
1,Janrich
1,Jansen
1,Japman
1,Japnaam
1,Japnoor
17,Jared
1,Jaredan
1,Jarelle
3,Jaren
1,Jarett
1,Jari
1,Jarod
2,Jarom
1,Jarome
3,Jaron
1,Jaroslav
1,Jarred
1,Jarren
2,Jarrett
1,Jarrisyn
1,Jarvis
1,Jasandeep
69,Jase
1,Jasen
2,Jashanpreet
1,Jasjaap
1,Jasman
1,Jasmat
1,Jasmeet
44,Jason
1,Jasonjot
1,Jason-Kethler
1,Jaspen
36,Jasper
1,Jasraj
1,Jassnoor
1,Jastaaj
1,Jathursan
4,Javen
3,Javier
1,Javis
2,Javon
4,Jawad
44,Jax
12,Jaxen
1,Jaxin
1,Jax-Jude
1,Jaxom
155,Jaxon
4,Jaxsen
89,Jaxson
1,Jaxston
10,Jaxton
3,Jaxtyn
7,Jaxx
1,Jaxxen
10,Jaxxon
1,Jaxxtyn
1,Jaxyn
7,Jay
1,Jaybert
46,Jayce
1,Jaycek
1,Jaycen
2,Jayceon
1,Jaycob
1,Jaydan
1,Jaydee
1,Jaydeep
136,Jayden
1,Jayden-Rayne
1,Jaydin
1,Jaydn
3,Jaydon
1,Jaye-Tee
1,Jayke
1,Jayken
1,Jaylan
1,Jaylen
2,Jaylin
1,Jaylon
1,Jaymen
1,Jaymes
2,Jayse
1,Jaysek
1,Jaysen
1,Jayshawn
5,Jayson
2,Jayven
1,Jayvin
1,Jayvion
1,Jayvis
1,Jayvyn
1,Jazib
2,Jazzveer
1,JD
4,Jean
2,Jean-Luc
1,Jean-Michel
1,Jeano
1,Jeanpierre
1,Jebron
1,Jed
1,Jedan
1,Jedathius
1,Jeddidiyah
1,Jediael
3,Jedidiah
1,Jedson
1,Jeet
3,Jeevan
1,Jeff
1,Jefferson
4,Jeffery
8,Jeffrey
1,Jehad
1,Jehmez
1,Jeht
1,Jehu
1,Jeihan
1,Jelani
1,Jem
1,Jemaine
1,Jemil
1,Jemryl
1,Jenkin
1,Jens
7,Jensen
3,Jenson
1,Jeosh
1,Jeph
1,Jerah
1,Jerald
1,Jeramia
1,Jeramiah
1,Jeramy
1,Jeran
1,Jerben
1,Jerden
1,Jerecho
32,Jeremiah
2,Jérémie
39,Jeremy
1,Jéremy
1,Jérémy
2,Jeric
1,Jerich
5,Jericho
1,Jerick
1,Jerico
1,Jeriel
1,Jerin
1,Jermaine
1,Jermey
1,Jerney
1,Jero
5,Jerome
1,Jeromy
1,Jeron
1,Jerrid
1,Jerrin
4,Jerry
1,Jerryn
1,Jerseay
1,Jersey
1,Jeshiah
1,Jeshownloyd
1,Jeshua
1,Jess
49,Jesse
1,Jesse-Lee
1,Jessy
1,Jesus
10,Jet
2,Jeter
9,Jethro
1,Jet-Lee
1,Jetsen
16,Jett
1,Jetton
1,Jevone
1,Jevonté
1,Jhandre
1,Jhann
1,Jharell
1,Jharrel
1,Jhay
1,Jhayze
1,Jherome
1,Jhett
1,Jhevon
1,Jhulier
1,Ji
1,Jia
1,Jiachen
1,Jiahui
3,Jian
1,JiaRui
1,Jibraeel
2,Jibreel
1,Jibriel
2,Jibril
1,Jiech
1,Jigar
1,Jigme
1,Jihoo
2,Jim
1,Jimi
6,Jimmy
1,Jimson
1,Jin
1,Jiongzhi
1,Jirah
1,Jirard
1,Jireh
1,Jixxr
2,Jiyan
2,Joachim
5,Joaquin
1,Joaquín
1,Joaquinn
1,Joash
1,Job
1,Joban
1,Jobert
1,Jodaine
1,Jodh
1,Jodhaan
1,Jodhveer
5,Joe
22,Joel
1,Joeseph
1,Joewel
9,Joey
4,Johan
3,Johann
4,Johannes
69,John
1,John-Alcaeus
6,Johnathan
2,Johnathon
1,John-Benedict
1,Johndrei
1,Johnnie
14,Johnny
1,Johnothan
1,Johnry
2,Johny
1,Johvon
1,Joisah
1,Jok
1,Jolou
1,Jomar
1,Jomary
5,Jon
38,Jonah
14,Jonas
57,Jonathan
2,Jonathon
1,Jones
4,Jonny
1,Jonty
1,Joonsoo
1,Jophiel
1,Joravar
1,Jordaan
58,Jordan
1,Jordanlee
1,Jordel
1,Jorden
1,Jordi
1,Jordison
1,Jordon
1,Joren
1,Jorey
3,Jorge
1,Jori
1,Jorie
1,Jory
3,Jose
1,José
4,Josef
85,Joseph
8,Josh
1,Josh-Daniel
1,Joshmir
144,Joshua
30,Josiah
1,Josias
1,Josue
1,Josya
2,Jotham
1,Jourdain
1,Jovah
4,Jovan
1,Jovannie
1,Jovantay
2,Jovian
1,Joyel
2,Jozef
1,Joziah
1,Jozsef
7,Juan
1,Juanito
1,Juan-Pablo
11,Judah
44,Jude
2,Jujhar
1,Jules
38,Julian
4,Julien
1,Julio
1,Julion
7,Julius
1,Jun
1,Junio
2,Junior
1,Junior-Lee
1,Junlong
1,Juorich
1,Juri
1,Juriah
1,Jusean
1,Jussi
7,Justice
29,Justin
1,Justis
5,Justus
1,Juvraj
1,Jyle
1,Kabe
1,Kabeer
7,Kabir
1,Kable
3,Kace
1,Kacee
2,Kacen
1,Kacey
1,Kache
23,Kade
31,Kaden
1,Kadyn
1,Kaedan
4,Kaeden
2,Kaedyn
1,Kaegan
1,Kaehler
5,Kael
3,Kaelan
2,Kaeleb
2,Kaelem
3,Kaelen
1,Kaelum
1,Kaeson
1,Kage
2,Kagen
1,Kageous
1,Kahir
1,Kahner
1,Kahuiko
62,Kai
1,Kaias
1,Kaidan
43,Kaiden
1,Kaidyn
1,Kaiel
1,Kaigan
1,Kaige
2,Kail
1,Kailan
1,Kailar
1,Kailer
1,Kailo
1,Kailum
1,Kaine
1,Kainen
1,Kairaratjo
1,Kairav
3,Kairo
1,Kais
1,Kaïs
1,Kaisen
1,Kaison
1,Kaito
1,Kaiyal
1,Kaiyan
1,Kalab
1,Kalabe
1,Kalan
1,Kaland
1,Kalani
1,Kald
19,Kale
42,Kaleb
1,Kaled
1,Kalel
1,Kalem
4,Kalen
1,Kaler
1,Kalib
2,Kallan
4,Kallen
3,Kallum
1,Kallyn
1,Kalob
1,Kalon
1,Kaloyan
1,Kalton
2,Kamal
1,Kamari
3,Kamden
1,Kamdin
1,Kamel
3,Kameron
1,Kamil
1,Kamran
1,Kamron
1,Kanayo
23,Kane
2,Kanen
1,Kangseo
1,Kanin
1,Kannon
1,Kansas
1,Kanwar
1,Kanwarpreet
1,Kanwartej
1,Kanye
1,Kao
5,Karam
2,Karandeep
3,Karanveer
2,Karanvir
1,Karcyn
1,Karder
7,Kareem
1,Karem
6,Karim
8,Karl
1,Karlos
1,Karmanjot
1,Karmine
2,Karsen
13,Karson
1,Karsten
2,Karsyn
16,Karter
2,Karthik
1,Kartik
2,Karver
1,Kase
6,Kasen
2,Kasey
13,Kash
1,Kashel
1,Kashile
1,Kashius
2,Kashtin
11,Kashton
1,Kashtyn
7,Kason
2,Kasper
2,Kassem
2,Kassian
3,Kassius
1,Kassyen
1,Kasten
1,Kaushik
1,Kaustubh
3,Kavan
1,Kavel
1,Kaven
1,Kavi
1,Kavin
1,Kaycee
1,Kaycen
1,Kaycie
1,Kayde
53,Kayden
1,Kayl
1,Kayle
1,Kayleb
1,Kaylem
2,Kaylum
1,Kayn
2,Kayne
1,Kaynen
1,Kayno
1,Kayra
5,Kaysen
1,Kaysin
11,Kayson
1,Kayvon
2,Kaz
1,Kazdon
1,Kaze
1,Kazeo
1,Kazik
1,Kazim
1,Kazlan
1,Kazlo
9,Keagan
6,Kean
1,Keanan
1,Keane
1,Keanin
1,Keanne
1,Keanu
1,Kearthai
1,Keatan
1,Keaten
24,Keaton
1,Kebir
1,Keden
22,Keegan
4,Keelan
1,Keeley
14,Keenan
1,Keeno
1,Keerat
1,Keerub
1,Keeryn
1,Kees
1,Keeshawn
1,Keeston
1,Keesyn
2,Keethan
1,Kegan
1,Kehinde
1,Kei
1,Keigan
1,Keighton
1,Keillan
1,Keiran
1,Keiron
9,Keith
1,Kel
1,Kelby
10,Kellan
5,Kellen
1,Keller
1,Kellin
4,Kelly
1,Kelson
7,Kelton
1,Keltyn
5,Kelvin
2,Kemal
1,Kemar
1,Kemp
2,Ken
2,Kenael
5,Kenan
1,Kendall
1,Kendel
12,Kendrick
1,Kendryx
1,Kenean
1,Kengo
1,Kenley
1,Kenndrick
21,Kenneth
1,Kennith
3,Kenny
1,Kenshin
2,Kent
1,Kenta
1,Kentin
2,Kenton
1,Kenyon
1,Kenzie
1,Kenzo
4,Keon
1,Keoni
1,Keontae
1,Kephas
4,Kerry
1,Kesara
1,Keshav
1,Keshayne
7,Kesler
1,Kessel
3,Kessler
3,Keston
1,Kestyn
30,Kevin
4,Keyaan
6,Keyan
1,Keyano
1,Keyen
1,Keylin
1,Keyton
1,Khadir
2,Khael
1,Khaius
7,Khaled
1,Khalel
14,Khalid
1,Khalif
1,Khalifa
4,Khalil
1,Khalon
2,Khang
2,Khaqan
1,Kharsten
1,Kharzai
1,Khashayar
1,Khavan
1,Khaylle
1,Kheylyx
1,Khody
1,Khoen
1,Khoi
1,Khol
1,Khole
1,Kholton
1,Khristian
1,Khushmanbir
1,Khyan
1,Khyl
1,Khylen
1,Khyron
2,Ki
4,Kiaan
1,Kiaayo
24,Kian
1,Kidoos
3,Kidus
5,Kiefer
1,Kieffer
1,Kiegan
1,Kiel
1,Kielan
1,Kienan
1,Kier
31,Kieran
1,Kieren
1,Kiernan
1,Kievin
1,Kieyen
1,Kigan
2,Kihew
1,Kiistin
1,Kilali
1,Kiler
1,Kilian
3,Killian
1,Kilo
1,Kimball
2,Kinan
2,Kindle
5,King
5,Kingsley
1,Kingstin
27,Kingston
1,Kintan
1,Kio
1,Kiodyn
1,Kiowa
1,Kipling
1,Kipp
4,Kipton
2,Kiptyn
4,Kiran
1,Kirat
1,Kirby
1,Kiri
1,Kirill
2,Kirk
1,Kirksen
1,Kirstan
1,Kirtrell
1,Kishaan
1,Kishan
1,Kixton
1,Kixtyn
4,Kiyan
1,Klaas
1,Klutch
1,Knowledge
14,Knox
4,Knoxx
2,Koa
1,Koady
9,Kobe
1,Kobey
1,Kobi
1,Kobie
2,Kobin
2,Koby
1,Kobyn
4,Koda
1,Koden
1,Kodi
5,Kody
8,Koen
7,Kohen
1,Kohl
1,Kohlson
1,Kohnor
1,Koji
2,Kolbe
1,Kolbie
10,Kolby
3,Kole
1,Koleten
1,Kollin
1,Kolsen
2,Kolson
1,Kolt
1,Koltan
2,Kolten
14,Kolton
1,Konal
1,Konan
1,Koni
1,Konnar
4,Konner
2,Konnor
1,Konrad
1,Konstantine
1,Konstantinos
1,Kooper
4,Korben
8,Korbin
1,Korbyn
1,Kornelis
1,Korvyn
1,Kory
1,Koshin
1,Kostyn
1,Kou
1,Kovan
1,Koven
1,Kovid
1,Kovu
1,Kowyn
1,Kraig
1,Kreeden
1,Kreeston
1,Kreston
3,Krew
1,Krikor
2,Kris
4,Krish
3,Krishav
1,Krishayan
1,Krishna
1,Kris-n
1,Kristhan
4,Kristian
1,Kristjan
1,Kristoffer
1,Kristofferson
2,Kristopher
1,Krisztofer
1,Kromah
1,Krome
1,Krue
1,Kruz
1,Kruze
1,Kryn
1,Kryshan
1,Kryton
1,K's
1,Kuany
1,Kuar
1,Kuba
1,Kudzai
1,Kuez
1,Kuhepa
2,Kullen
2,Kuol
1,Kuri
1,Kursad
4,Kurt
4,Kurtis
1,Kushalin
1,Kwesi
1,Ky
2,Kyan
1,Kyde
2,Kyden
6,Kye
1,Kyizer
3,Kylan
2,Kylar
37,Kyle
3,Kylen
15,Kyler
1,Kylix
1,Kynan
1,Kynen
1,Kyngston
1,Kypten
2,Kyptin
1,Kypton
2,Kyran
1,Kyree
1,Kyreic
4,Kyrie
1,Kyrin
1,Kyro
5,Kyson
1,Kyston
1,Kyuss
22,Lachlan
2,Lachlann
1,Ladainian
1,Lahi'ah
2,Laine
1,Lakai
5,Laken
1,Lakoda
1,Lamar
1,Lambert
10,Lance
6,Landen
1,Lander
3,Landin
63,Landon
6,Landyn
13,Lane
1,Lansey
1,Lanz
1,Larone
1,Larrick
2,Larry
3,Lars
1,Larson
1,Laso
1,Latrell
1,Lauchlan
1,Laurian
1,Lauson
1,Lavelle
1,Lawhey
8,Lawrence
1,Lawsen
7,Lawson
1,Laxseva
1,Layden
1,Layken
11,Layne
1,Layo
1,Laysan
1,Laysen
2,Layth
7,Layton
1,Lazar
1,Lazare
1,Lazaro
2,Lazarus
1,Lazerus
1,Le
1,Leaf
1,Leale
1,Leandro
1,Lear
2,Ledger
1,Ledion
1,Ledson
1,Lee
1,Leeben
1,Leeio
1,LeeJames
1,Lee-Jay
1,Leelan
2,Leeland
1,Leeton
1,Leeus
1,Leevi
1,Legacy
1,Legend
4,Leif
5,Leighton
8,Leland
1,Lelang-Justin
1,Lemuel
1,Len
1,Lennix
9,Lennon
6,Lennox
1,Lenny
1,Leno
50,Leo
2,Léo
1,Leodias
13,Leon
1,Léon
3,Leonard
12,Leonardo
1,Leonel
1,Leonidas
1,Leonydas
2,Leopold
1,Leopoldo
4,Leroy
2,Les
2,Lester
1,Lethen
2,Leul
1,Lev
1,Leven
1,Levent
90,Levi
2,Levin
1,Levon
1,Levrett
1,Levy
1,Lewei
1,Lewi
14,Lewis
1,Lewoy
2,Lex
1,Lexington
1,Lexton
1,Lexx
1,Leyton
1,LG-Matthew-Alexander
1,Lhiam
310,Liam
2,Lian
1,Liban
1,Lief
1,Liem
1,Lincan
1,Linclon
139,Lincoln
15,Linden
1,Linden-Axle
1,Lindula
4,Link
1,Linken
3,Linkin
4,Linus
4,Lionel
2,Lloyd
1,Llyem
1,Loch
2,Lochan
22,Lochlan
3,Lochlann
1,Lochlin
3,Lochlyn
1,Locke
1,Lockett
1,Locklan
1,Locklen
1,Locklin
1,Locklyn
1,Loeka
225,Logan
2,Logen
1,Loghlan
1,Logic
1,Loïc
1,Loïk
1,Loki
6,London
1,London-James
10,Lorenzo
1,Lorenzo-Priestley
2,Lorne
1,Lornie
1,Louah
2,Louie
11,Louis
1,Louis-Thierry
2,Lowell
1,Lowen
1,Loyan
1,Loyoung
1,Luak
1,Luan
11,Luc
35,Luca
1,Lucah
254,Lucas
1,Lucca
8,Lucian
2,Luciano
4,Lucien
1,Lucio
3,Lucious
1,Lucius
1,Lucius-Reign
2,Lueth
5,Luis
25,Luka
1,Lukah
54,Lukas
3,Lukasz
118,Luke
3,Lukus
2,Luqman
1,Lutana
1,Luther
1,Luxton
2,Lyam
1,Lyben
1,Lydon
2,Lyle
2,Lyncoln
6,Lynden
7,Lyndon
1,Lynkyn
1,Lynton
7,Lyric
2,Lyrik
1,Lyrin
1,Lyshaud
1,M.
1,Maaz
1,Mabor
5,Mac
1,Macallem
1,Macallister
1,MacArthur
1,Macarthur
1,Macaulay
1,MacCrae
1,Macdon
1,Mace
1,Macen
1,Maceo
1,MacEwan
1,Machen
8,Mack
2,MacKenzie
1,Macklan
2,Macklin
2,Maclane
1,Maclayne
1,Maclean
1,Maclin
1,Macoy
1,MacPherson
1,Macsen
1,Macyn
22,Madden
5,Maddex
1,Maddix
37,Maddox
1,Maddyn
1,Madhav
1,Madhuvan
1,Mads
1,Madsen
1,Madyx
1,Maeher
1,Maeric
1,Maeson
6,Magnus
1,Mahamat
2,Mahamed
1,Mahan
1,Maheshwar
1,Mahikan
3,Mahir
4,Mahmoud
1,Maik
1,Maika
1,Maisen
1,Maison
1,Majed
1,Majo
2,Majok
1,Major
2,Makai
1,Makaio
1,Makar
1,Makasa-Kibwe-Junior
1,Makbel
1,Makenzie
1,Makhosi
1,Makias
1,Makio
1,Makisac
2,Maks
5,Maksim
2,Maksym
1,Maksyn
1,Mal
2,Malachai
16,Malachi
1,Malachy
7,Malakai
1,Malaki
1,Malakye
1,Malandon
1,Malaquias
1,Malchijah
26,Malcolm
1,Maleek
2,Malek
1,Malie
18,Malik
2,Malikai
2,Malin
1,Malique
1,Mallin
1,Malvern
1,Mamadou
1,Mambo
1,Mamen
1,Manaaf
1,Manas
1,Manasya
1,Manav
1,Manavjot
1,Maneet
1,Mangek
1,Mani
1,Manit
1,Manjot
2,Mankirat
1,Manmeet
1,Manni
1,Mannix
1,Mannu
1,Manny
1,Manok
1,Manolito
2,Manolo
3,Manraj
1,Mansour
1,Mantaj
1,Mantej
1,Mantoj
1,Manuel
2,Manveer
2,Manvir
1,Manyok
1,Maote
2,Mar
1,Maranatha
8,Marc
1,Marc-Avila
1,Marcayus
5,Marcel
1,Marcelino
2,Marcello
1,Marcelo
15,Marco
2,Marcos
2,Marcson
62,Marcus
18,Marek
1,Mariano
4,Mario
1,Mario-Kurtis
3,Marius
34,Mark
1,Markayden
1,Markell
2,Marko
17,Markus
1,Markuz
2,Marlon
1,Marlowe
1,Marnoe
1,Marquez
1,Marquis
2,Marrick
18,Marshall
1,Martell
1,Marti
22,Martin
2,Marty
1,Marvelous
3,Marvin
4,Marwan
1,Marwane
3,Masen
1,Mashi
198,Mason
2,Masood
1,Massimiliano
1,Massimo
1,Masson
1,Masud
1,Mat
1,Mateas
1,Mateen
1,Matei
43,Mateo
1,Mateos
1,Mateo'tua
1,Mateus
1,Mateusz
1,Mathan
3,Matheus
14,Mathew
1,Mathews
1,Mathiang
7,Mathias
4,Mathieu
4,Mathis
1,Mathius
1,Mathys
6,Matias
1,Matic
1,Matikas
1,Matin
1,Matkal
4,Matt
1,Mattao
2,Mattaus
1,Matteas
13,Matteo
1,Matteus
1,Mattew
1,Matthaus
1,Mattheus
124,Matthew
10,Matthias
3,Matthieu
1,Matthijs
1,Matthis
1,Matthys
2,Matti
5,Mattias
3,Matvey
1,Matyas
1,Matyx
1,Maundjiro
1,Maurice
1,Mauricio
1,Maverek
31,Maverick
1,Maverik
1,Maveryck
1,Maveryk
1,Mavi
1,Mavrick
1,Mavrik
66,Max
1,Maxel
1,Maxence
1,Maxfield
15,Maxim
6,Maxime
1,Maximiliaan
7,Maximilian
3,Maximiliano
1,Maximillian
1,Maximo
30,Maximus
1,Maxin
1,Maxis
2,Maxon
1,MaxRay
2,Maxton
51,Maxwell
1,Maxwill
7,Maxx
1,Mayan
1,Mayank
1,Maycen
2,Mayen
1,Mayer
1,Mayhem
1,Maysin
1,Mayson
3,Mazen
1,Mazharali
1,Mazin
1,Mazza
1,Mbaye
1,Mbikumbakuje
1,Mc
1,McCarthy
1,McCoy
1,McCullough
1,McKay
1,McKellar
1,Mckenzie
1,Mckevin
1,McKiah
1,McKinnon
1,McKyle
1,McLane
1,McLeod
1,Mclord
1,McRussell
1,Md
1,Medhanshu
1,Medin
1,Meekoh
1,Megdad
1,Mehdi
1,Mehpreet
1,Mehraab
1,Mehraj
3,Mehran
1,Mehret
2,Mehtaab
2,Mehtab
1,Meirick
1,Mekaeel
1,Mekere
1,Mekhai
6,Mekhi
1,Mékhi
1,Mekwan
1,Melchizedek
1,Melhim
1,Melih
1,Meliwethu
5,Melvin
1,Melvy
7,Memphis
1,Mena
2,Menno
1,Mensajero
1,Merit
6,Merrick
2,Merrik
2,Merritt
1,Meryk
1,Meschac
1,Meshach
1,Metodiy
1,Mexton
1,Mexus
1,Meyer
1,Mezie
1,Mharrick
1,Micael
42,Micah
3,Micaiah
101,Michael
9,Micheal
1,Micheal-Joel
2,Michel
1,Mick
1,Mickdam
1,Midas
1,Midnight
1,Miftah
10,Miguel
1,Miguelle
1,Mihin
1,Mihjan
3,Mihran
1,Miiko
1,Mika
2,Mikael
1,Mik'ael
2,Mikaiah
1,Mikail
1,Mika'il
1,Mikai-Paul
1,Mikal
1,Mike
2,Mikel
1,Miken
4,Mikhail
1,Mikkel
3,Mikko
7,Milan
1,Milano
32,Miles
1,Milin
1,Milius
1,Milki
4,Miller
22,Milo
1,Milos
1,Mina
1,Minas
1,Minato
1,Minghao
1,Minilik
1,Miqael
1,Miqueas
1,Mir
2,Miracle
1,Miraj
1,Miran
1,Mirko
2,Miro
1,Mirun
1,Mirza
1,Misael
2,Misha
1,Mishaux
1,Mitchel
14,Mitchell
1,Mithil
1,Mithul
1,Mithun
1,Mitz
1,Mjly
1,Moanis
1,Moaz
1,Modeera
1,Moeniss
1,Mohab
9,Mohamad
1,Mohamadbaqer
1,Mohamad-Jibreel
33,Mohamed
1,Mohamedamin
1,Mohamedsadiq
1,Mohamed-Tayeb
22,Mohammad
1,Mohammad-Adam
24,Mohammed
1,Mohamoud
2,Mohamud
1,Mohannad
1,Mohemmed
2,Mohid
1,Mohkum
1,Mohsen
1,Mohsin
1,Moied
1,Moises
1,Moiz-Ullah
1,Moksh
1,Mon
1,Monaire
3,Monroe
1,Montgomery
1,Moonis
3,Moosa
12,Morgan
1,Morrison
7,Moses
1,Mosley
1,Moss
2,Mostafa
1,Motasim
1,Moueen
1,Mouhamad
1,Mouhamed
1,Moulay
1,Mounir
1,Mountain
1,Mourad
1,Mousam
1,Muaad
1,Muad
1,Muayyad
3,Mubashir
1,Muddassir
1,Mudit
1,Mueez
1,Muez
2,Muhamed
58,Muhammad
1,Muhammed-Saleh
1,Muhsin
1,Muiz
1,Muje
1,Mujin
1,Mukt
1,Mukunda
1,Mulukan
1,Muneeb
1,Mungunitgel
1,Muniir
1,Muntaqim
1,Muntasif
1,Muqtar
1,Murad
1,Murat
1,Murdoch
1,Murray
2,Murtaza
1,Murti
6,Musa
1,Musaab
4,Musab
1,Musay
1,Musie
1,Muslim
1,Mussie
4,Mustafa
1,Mustafe
1,Mustajab
1,Mutaal
1,Muzammil
2,Muzzammil
1,Mycheal
2,Myer
1,Myhailo
1,Myka
2,Mykola
2,Mylan
24,Myles
1,Myles-Alexis
4,Mylo
2,Myron
1,Nabeel
1,Nabhan
5,Nabil
1,Nadal
3,Naeem
1,Nael
1,Naethan
3,Nahom
1,Nahum
1,Naiel
1,Nail
1,Naithen
1,Najeeb
1,Naji
1,Nakota
1,Naksh
1,Nalani
1,Nalano
1,Nalyn
1,Nan
1,Nana-Kwabena
1,Nándor
1,Naod
1,Naol
1,Naphtali
1,Nartan
47,Nash
1,Nashawn
1,Nashtyn
1,Nashua
2,Nashwan
1,Nasim
1,Nasir
1,Naslund
1,Nason
2,Nasser
2,Natan
1,Nataniel
22,Nate
1,Natey
1,Nathakhun
177,Nathan
7,Nathanael
3,Nathanial
44,Nathaniel
3,Nathen
1,Nathon
3,Natnael
1,Naved
2,Naveen
1,Navindu
3,Navjot
1,Navlin
2,Navraj
1,Navtej
1,Navvaro
1,Nawaaf
1,Nawid
2,Nayan
1,Nayel
1,Nayil
1,Nayshin
1,Nazaryn
1,Naziah
1,Nazir
1,Nazrawi
1,Nebiyu
1,Nedim
1,Nedson
1,Neelix
1,Neepin-Neepsy
1,Neev
1,Nehal
1,Nehan
6,Nehemiah
1,Nehemiah-David
1,Neiko
7,Neil
1,Nekaan
1,Neko
1,Nekoda
1,Nelly
1,Nels
3,Nelson
1,Neo
1,Nessin
1,Nestor
1,Nethum
1,Nevani
2,Neven
1,Nevis
1,Nevyn
1,Newton
1,Nftalem
1,Nghîa
2,Ngor
1,Nhomacot
1,Niall
1,Nicandro
1,Nicco
1,Niccolo
95,Nicholas
1,Nicholás
1,Nicholus
1,Nick
2,Nicklaus
1,Nicko
10,Nickolas
1,Nickson
1,Nicky
6,Nico
1,Nicodemus
30,Nicolas
1,Nicolo
1,Nifemi
2,Nigel
1,Nigel-James
1,Nihaal
1,Nihal
1,Nihall
1,Nikaeo
2,Nikhil
1,Nikki
1,Nikkolas
1,Nikkoli
1,Niklas
7,Niko
2,Nikola
8,Nikolai
1,Nikolaos
13,Nikolas
1,Nikoloz
1,Nils
1,Nima
1,Nirav
1,Nirek
1,Nirvana
1,Nito
1,Nivan
1,Nivin
2,Nixen
1,Nixin
68,Nixon
1,Nixson
1,Nixyn
1,Njau
1,Nneka
1,Noa
234,Noah
1,Noah-Niño
1,Noal
1,Noble
5,Noel
1,Noishik
87,Nolan
1,Noland
1,Nolawi
1,Nole
1,Nolin
1,Noltin
2,Noor
1,Norman
1,North
1,Nouel
1,Noufel
2,Nova
1,Nox
3,Nuh
1,Nur
1,Nuriel
1,Nyamat
1,Nykolai
1,Nykolas
1,Nylan
2,Nyle
1,Nyok
1,Nytewolf
1,Oakhlan
1,Oaklen
5,Oakley
1,Obanel
1,Obhik
1,Obinna
1,Obrey
1,Obteen
1,Ocean
1,Ochan
2,Odai
1,Oday
3,Oden
25,Odin
1,Odinn
1,Ognjen
1,Ogochukwu
1,Ohm
1,Ohmer
1,Ohryah
2,Ojas
1,Okemena
1,Olafur
1,Olakoyejo
1,Olanzo
1,Olija
4,Olin
164,Oliver
1,OliverTodd
4,Olivier
3,Ollie
1,Olly
1,Olorunfemi
1,Olson
1,Olubiyi
1,Olufemi
1,Olumay
1,Oluwafemi
1,Oluwafolajimi
1,Oluwamadewa
1,Oluwamayowa
1,Oluwanifemi
1,Oluwateniola
1,Oluwatobi
1,Oluwatomi
1,Oluwatoniloba
2,Om
1,Omair
29,Omar
1,Omark
1,Omar-Khurram
1,Omel
3,Omer
1,Ömer
1,Ometh
1,Omi
1,Omid
1,Omowale
1,One
1,Oneil
1,Onel
1,Onila
1,Onkaar
4,Onkar
1,Opemipo
1,Oran
3,Oren
1,Oreoluwa
1,O'rielly
2,Orin
4,Orion
4,Orlando
1,Orobanjeet
1,Orric
2,Orrin
2,Orson
1,Orvin
1,Orvyn
1,Osaghamhin
1,Osarumwense
1,Osaze
23,Oscar
1,Oseiweh
1,Oshtak
1,Osinachi
10,Oskar
1,Oslo
2,Osman
1,Osric
1,Ostin
1,Oswin
2,Otis
1,Ottaviano
10,Otto
1,Owain
1,Owais
168,Owen
1,Owens
1,Owin
1,Owusu-Jayden
1,Owyn
1,Oxford
1,Oxley
1,Oyinmieye
1,Oystin
1,Oz
1,Ozair
1,Ozzie
1,Pablo
1,Pace
2,Paden
1,Padrig
1,Paiman
1,Paja
1,Palden
1,Paling
1,Palmer
1,Panagiotis
1,Panav
5,Pancho
1,Paramjot
1,Parkaram
118,Parker
1,Parmeet
1,Parmveer
1,Parron
1,Parsa
1,Parthiv
1,Parthsinh
1,Partik
2,Parv
1,Pascal
2,Pasquale
30,Patrick
17,Paul
1,Paul-Kristof
2,Paulos
1,Pavao
1,Pavel
2,Pavle
1,Pawanpreet
1,Pawel
1,Pax
21,Paxton
1,Paxtyn
1,Payden
1,Payke
1,Payten
5,Payton
1,Pedram
1,Pedro
1,Peeta
1,Peighton
1,Pendar
1,Percival
1,Percy
1,Perol
1,Peroz
1,Perrin
1,Perseus
35,Peter
1,Petros
17,Peyton
1,Phakmo
1,Phanuel
1,Pharaoh
1,Pheonix
23,Philip
1,Philip-Danniel
1,Philippe-Joël
9,Phillip
1,Philmon
1,Phineas
18,Phoenix
1,Phoenyx
1,Phyneas
1,Phyo
17,Pierce
2,Pierre
1,Pierre-Nicolson
1,Piers
1,Pierson
1,Piers-Philippe
2,Pieter
1,Ping
1,Piotr
1,Pius
1,Piyush
1,Platon
1,Poncho
1,Ponscho
17,Porter
1,Poul
1,Powers
2,Prabhjot
1,Prabhmanveer
1,Prabhnam
1,Prabhnoor
1,Prabhpal
1,Prabhveer
1,Prabshan
1,Prakrit
3,Pranav
1,Praneil
1,Pranjol
1,Pranshu
1,Pratap
1,Prathamvir
1,Pratuish
1,Praveer
1,Prem
1,Preom
3,Presley
30,Preston
1,Price
1,Priel
9,Prince
1,Princely
1,Princeton
1,Prinz
1,Psyris
1,Puou
1,Pylot
1,Qahir
1,Qasim
1,Qass
2,Quade
3,Quaid
1,Quaide
6,Quentin
1,Qui
1,Quiency
1,Quinlan
1,Quinlee
27,Quinn
4,Quinten
3,Quintin
11,Quinton
1,Quintus
1,Qusay
1,Quyin
1,Quynn
1,Raazy
1,Rabbirraa
1,Rabira
1,Rabjot
1,Racin
1,Raddek
2,Radek
1,Radin
1,Radlee
1,Radley
1,Radner
1,Radoslaw
1,Raeden
1,Raegan
1,Raenger
1,Raenin
14,Rafael
1,Rafaël
1,Rafan
1,Rafayel
2,Rafe
1,Raffael
1,Raghav
1,Ragnar
1,Raheem
1,Rahib
1,Rahil
2,Rahim
14,Raiden
1,Raidyn
1,Raihan
3,Raine
1,Rainier
1,Raistlin
1,Raiyaan
1,Rajab
1,Rajatabha
1,Rajdeep
3,Rajveer
1,Ralph
2,Ram
2,Rami
1,Ramon
1,Ramone
1,Ramsay
1,Ramses
1,Ramsey
1,Ramy
1,Ranbir
2,Randall
1,Randhir
1,Randis
7,Randy
1,Ranfateh
1,Rani
1,Ranjha
5,Ranveer
3,Ranvir
1,Raonich
11,Raphael
1,Raqeeb
1,Rares
1,Rashad
1,Ratanpratap
1,Rateb
1,Rauhan
1,Raul
1,Rauri
1,Rave
1,Ravel
1,Raven
1,Ravi
1,Ravraj
1,Ravtaaj
1,Rawad
5,Ray
2,Rayaan
11,Rayan
2,Rayansh
2,Rayce
1,Raydan
8,Rayden
1,Rayder
1,Raydon-Lee
1,Rayduan
2,Rayel
8,Raylan
1,Rayman
9,Raymond
1,Rayn
2,Rayne
1,Rayneelle
1,Raynen
1,Rayner
1,Rayo
1,Rayven
9,Rayyan
1,Razaele
1,Razaq
1,Razik
1,Razz
1,Rchier
1,Reace
1,Reagan
1,Rease
1,Rebel
2,Red
1,Redding
1,Rediate
1,Redluis
1,Redmond
10,Reece
16,Reed
1,Reedus
4,Reef
2,Reegan
1,Reenelle
7,Reese
4,Reeve
1,Reewad
5,Regan
1,Reggie
2,Rehaan
1,Reham
1,Rehan
1,Rehanuddin
1,Rehoboth
1,Reice
51,Reid
2,Reilly
1,Reinaldo
1,Reinne
1,Reiss
1,Reklon
1,Remah
1,Remek
1,Remi
2,Remington
4,Remy
1,Ren
1,Renato
1,Renji
1,Renley
1,Renner
1,Renny
1,Renze
1,Reon
1,Retief
1,Rett
15,Reuben
1,Reuel-Divine
1,Reuvan
4,Rex
1,Rexstin
2,Rey
4,Reyansh
1,Reyd
1,Reynolds
1,Reza
1,Reznor
1,Rhane
1,Rhayne
1,Rhema
16,Rhett
1,Rhiley
1,Rhine
1,Rhodney
1,Rhyan
1,Rhydan
2,Rhyden
1,Rhyder
1,Rhygin
35,Rhys
3,Rhythm
1,Riad
1,Riah
1,Rian
2,Ricardo
1,Riccardo
1,Ricco
17,Richard
3,Rick
7,Ricky
2,Rico
1,Ridam
2,Rider
1,Ridge
1,Ridhay
2,Ridley
2,Ridwan
1,Rier
1,Riess
1,Rigel
1,Rihansh
1,Rijker
1,Riker
1,Rilen
82,Riley
1,Riley-Patrick
1,Ring
1,Rino
3,Rio
1,Rion
2,Riot
2,Ripken
2,Rishaan
1,Rishab
2,Rishi
1,Rishik
1,Rithik
1,Rithin
1,Ritvik
10,River
1,Rivers
1,Rixon
1,Riyansh
1,Rizaiah
1,Roamin
2,Roan
1,Roark
1,Robb
2,Robbie
1,Robby
1,Robera
60,Robert
2,Roberto
1,Robertson
2,Robin
1,Robson
1,Robyn
6,Rocco
1,Rock
1,Rockford
1,Rockland
1,Rockwell
3,Rocky
1,Roclyn
1,Roczen
1,Rod
1,Rodel
2,Roderick
1,Rodge
1,Rodney
1,Rody
1,Roeadriel
2,Roen
6,Rogan
1,Rogen
2,Roger
1,Rohaan
7,Rohan
1,Roizen
1,Roj
1,Rojhiane
1,Rolan
4,Roland
1,Rolly
33,Roman
1,Román
6,Rome
6,Romeo
1,Romit
1,Romulo
1,Romzie
3,Ron
1,Ronak
3,Ronald
1,Ronaldinho
23,Ronan
1,Ronar
1,Ronav
1,Rondell
1,Rone
2,Ronen
1,Rongel
1,Roniel
14,Ronin
1,Ronn
1,Ronnie
1,Ronny
1,Rook
1,Roopinder
1,Rope
1,Roran
3,Rorik
21,Rory
1,Rosh
1,Roslan
2,Ross
1,Rouen
1,Rourke
32,Rowan
1,Rowdy
1,Rowel
5,Rowen
1,Rowin
1,Rowland
1,Rownan
1,Rowwel
1,Rowyn
1,Roxas
1,Roxzen
4,Roy
1,Royal
9,Royce
1,Roycen
1,Royson
1,Ruari
2,Ruben
1,Rubin
4,Rudra
1,Rudy
1,Ruell
1,Rufeal-Kidane
1,Rufus
1,Ruger
1,Rugved
1,Ruhaan
1,Rukana
1,Rumi
1,Rumman
2,Rune
1,Rupert
1,Rushton
1,Ruslan
1,Russel
12,Russell
1,Rusty
1,Ruveen
130,Ryan
1,Ryan-James
1,Ryansh
7,Ryatt
1,Rycken
5,Ryden
112,Ryder
1,Ryel
1,Ryelend
1,Ryely
1,Ryen
1,Ryersen
4,Ryerson
1,Ryett
1,Ryian
2,Ryken
83,Ryker
1,Rykir
1,Rykker
65,Rylan
11,Ryland
1,Ryle
9,Rylen
8,Ryley
2,Rylie
1,Ryot
1,Ryton
1,Ryu
1,Ryyan
1,Ryzen
1,Saaber
3,Saad
1,Saadak
1,Saadallah
1,Saaid
1,Saajveer
1,Saalim
1,Saar
1,Saavin
2,Saber
1,Sabik
1,Sabin
1,Sabir
4,Sacha
1,Sadiq
1,Sador
1,Saed
1,Saeran
1,Safeer
2,Safi
1,Safiullah
1,Safwan
1,Safwat
5,Sage
1,Sahaj
1,Saheeb
4,Sahej
4,Sahib
1,Sahibjit
1,Sahibjot
3,Sahil
1,Sai
1,Saif
1,Saige
1,Saihaan
1,Saihaj
1,Saim
1,Saion
1,Sajan
1,Sajid
1,Sajjan
1,Sakariya
1,Salaah
1,Salaar
4,Salah
1,Saleem
3,Saleh
2,Salem
2,Salim
1,Salmaan
4,Salman
1,Salvatore
21,Sam
1,Samael
2,Samar
3,Samarbir
1,Samarjeet
1,SamarViraj
1,Sameed
1,Sameer
1,Samer
5,Sami
1,Samiir
1,Samir
2,Sammy
1,Samrath
1,Samratth
1,Samsaam
6,Samson
170,Samuel
2,Samy
1,Sanad
1,Sanchez
1,Sanders
1,Sandro
1,Sangram
1,Sanriel
1,Santana
10,Santiago
2,Santino
1,Sarab
1,Saras
1,Saree
1,Sarfaraz
2,Sarim
1,Sarin
1,Sartaj
1,Sarthak
1,Sarvin
3,Sasha
1,Saswanth
1,Satbir
1,Satparv
1,Satvik
1,Satvinder
1,Saty
5,Saul
1,Saulomon
1,Saulus
1,Saurav
1,Sava
1,Saveel
1,Savio
1,Savraj
1,Saw
76,Sawyer
2,Saxon
2,Saxton
1,Sayber
2,Sayed
1,Sayem
1,Sayer
1,Sayid
1,Sazuri
16,Scott
1,Seam
7,Seamus
22,Sean
1,Seán
1,Séan
1,Sean-Arthur
1,Sean-Colin
64,Sebastian
1,Sebastian-Andres
1,Sebastian-James
1,Sebastian-Kaleb
7,Sebastien
4,Sébastien
1,Sedontae
1,Seeley
1,Seely
1,Seguin
1,Segundo
2,Sehaj
1,Sehbaj
1,Sehejvir
2,Selman
1,Selwyn
2,Sem
1,Semis
1,Senay
1,Senna
1,Senon
1,Serain
1,Serge
2,Sergei
1,Sergio
1,Serraj
41,Seth
1,Setoyo
1,Seungbeom
2,Seve
1,Severin
2,Severyn
1,Seyam
1,Seyar
1,Seyed
1,Seyed-Yosef
1,Seyon
6,Shaan
1,Shadan
1,Shaddai
1,Shaddix
1,Shade
3,Shadi
1,Shady
1,Shae
1,Shael
1,Shaemus
1,Shafiq
1,Shahan
1,Shaheer
1,Shah-Hussain
2,Shahir
2,Shahmeer
1,Shahzad
1,Shahzaib
1,Shai
1,Shaiden
1,Shain
1,Shakti
1,Sh'ale
1,Shamar
1,Shambil
1,Shameel
1,Shamrudhann
2,Shamus
14,Shane
1,Shanjae
2,Shannon
1,Sharoon
1,Sharry
1,Shasta
6,Shaun
2,Shaurya
1,Shavaiz
1,Shaven
20,Shawn
1,Shawna
4,Shay
1,Shayaan
5,Shayan
1,Shayden
1,Shaylan
1,Shaylon
1,Shaymus
1,Shayqwan
11,Shea
1,Shean
1,Shefield
1,Shehan
1,Sheharyar
1,Shehbaaz
1,Shehzaad
2,Shelby
1,Shelden
7,Sheldon
1,Shelton
1,Shenal
1,Sheng-De
5,Shepard
2,Sher
1,Sheradin
1,Shernon
1,Shian
1,Shibl-E-Abbas
1,Shiloh
2,Shiv
1,Shiva
1,Shivang
2,Shivansh
1,Shivhan
1,Shivteg
2,Shlok
1,Shoham
1,Shoibullah
1,Shopoth
1,Shorya
1,Shray
1,Shreehan
1,Shreesh
1,Shreyan
1,Shreyas
2,Shubham
1,Shuhraan
1,Shukran
2,Shumayl
1,Shuva
1,Sid
2,Sidak
1,Siddharth
1,Sidhak
1,Sidhan
1,Sidharth
3,Sidney
1,Sift
1,Sihan
1,Sikandar
1,Silaan
38,Silas
1,Silhoé
1,Silus
2,Silva
1,Silven
1,Simão
1,Simeon
1,Simoan
44,Simon
1,Simón
2,Sina
1,Singh
1,Sining
1,Sino
1,Sir
1,Siraj
1,Sirui
1,Skai
1,Skogen
8,Skylar
18,Skyler
5,Slade
2,Slater
4,Sloan
1,Smaran
1,Smir
5,Smith
1,Smyth
1,Snow
1,Soban
1,Soch
2,Soda
1,Sohaan
3,Soham
1,Sohan
1,Sohrab
2,Sol
1,Solan
1,Soliman
11,Solomon
1,Soltan
1,Sonaan
3,Sonny
1,Sontana
1,Sooki
1,Sootah
1,Sopefoluwa
8,Soren
2,Sorin
1,Soryn
1,Souhayb
1,Soul
1,Sovannarith
1,Spade
1,Sparsh
45,Spencer
1,Sri
1,Stajan
1,Stalone
1,Stanely
7,Stanley
1,Staten
1,Steel
3,Steele
12,Stefan
1,Stefano
1,Stefanos
1,Stepan
12,Stephen
11,Sterling
7,Stetson
1,Stevan
1,Steve
15,Steven
1,Stewart
1,Stoan
2,Stockton
1,Storm
1,Storme
1,Strann
1,Stratton
1,Strickland
2,Stryder
2,Stryker
2,Stuart
1,Suber
1,Subh
4,Subhan
1,Success
2,Sudais
1,Sudays
1,Suhaib
1,Suhas
1,Suhayib
1,Sukhjeevan
1,Sukhjot
1,Sukhmani
1,Sukhmanpreet
1,Sukhmon
1,Sukhpreet
1,Sulaimaan
2,Sulaiman
1,Sulakhan
2,Sulayman
2,Suleyman
19,Sullivan
1,Sulomon
1,Sumit
1,Sunday
2,Sundin
1,Sunny
1,Sunraj
1,Sun-Rise
1,Sunstar
2,Surafel
1,Surena
2,Surya
4,Sutton
1,Suxana
1,Svanik
1,Swaran
1,Swastik
1,Swayze
1,Sy
1,Sya
1,Syan
1,Syann
4,Sydney
18,Syed
1,Syed-Umar
6,Sylas
2,Sylis
1,Sylvan
1,Sylvin
1,Syon
1,Syrd
1,T.J.
1,Taariq
1,Tabish
1,Taclu
1,Taden
1,Tadeu
1,Tadeus
2,Tadhg
1,Tae
1,Taej
1,Tafara
1,Tage
1,Taggart
6,Taha
2,Tahir
3,Tai
1,Taigan
1,Tair
1,Tait
2,Taiten
1,Taj
1,Tajedeen
1,Takhatpal
2,Talal
3,Talan
1,Talin
16,Talon
1,Talos
1,Talun
3,Talyn
1,Tameem
1,Tamico
1,Tanaka
1,Tanan
1,Tanek
1,Tannen
35,Tanner
1,Tannor
1,Tanurag
2,Tanveer
2,Tanvir
2,Tao
1,Tapio
1,Taqdeer
1,Tarandeep
1,Taranveer
2,Tarek
1,Tarik
2,Tariq
1,Taro
1,Taron
1,Tarunsai
1,Tasya
23,Tate
1,Tatsuki
1,Tatton
13,Tatum
1,Tavares
2,Taven
1,Taveon
2,Taves
2,Tavin
1,Tavish
1,Tawheed
1,Tawhid
2,Tay
1,Tayana
1,Tayce
3,Tayden
1,Tayeshawn
1,Tayis
1,Taylem
3,Taylen
26,Taylor
1,Taylyn
1,Taym
1,Taymoor
1,Tayo
1,Tayson
1,Tayt
1,Tayton
2,Taytum
3,Tayven
1,Tayvin
1,Teag
2,Teagan
1,Teagen
1,Teague
1,Teak
1,Teavz
1,Tedd
1,Teddy
1,Teddy-Kinkela
1,Tee
2,Teegan
1,Teeko
1,Teero
2,Tegan
1,Tegbir
1,Tegh
1,Teghbir
1,Teghnoor
2,Tegveer
1,Tehl
1,Teige
4,Tejas
1,Tejasinder
1,Tejasveer
1,Tejesh
1,Tejonidh
1,Tejveer
1,Tejvir
1,Temesgen
1,Tenchi
1,Tennyson
1,Tenoch
3,Teo
1,Teodor
1,Teofilo
1,Terence
1,Terran
5,Terrance
1,Terrell
1,Terrence
1,Terrick
1,Terry
1,Tershishner
1,Teryz'ea
1,Tesla
1,Tevin
1,Texas
1,Thabo
1,Thaddaus
1,Thaddeus
1,Thade
1,Thaden
1,Thadeus
1,Thaedeon
1,Thaiden
1,Thando
7,Thane
1,Thanuojen
5,Thatcher
1,Thayn
1,Thayne
1,Thej
18,Theo
1,Theodereon
3,Theodor
51,Theodore
1,Théodore
1,Theon
1,Theophilus
2,Theoren
1,Theos
1,Therius
8,Theron
1,Theseus
2,Thiago
2,Thien
1,Thinh
107,Thomas
1,Thompson
1,Thomys
1,Thong
2,Thor
1,Thoren
3,Thorin
2,Thornton
2,Thorsten
1,Thrive
1,Thunder
1,Thunderheart
2,Tiago
2,Tiberius
1,Tidanouzuon
4,Tidus
1,Tieg
1,Tiegan
1,Tien
1,Tienyee
1,Tieran
2,Tiernan
1,Tiger
2,Tighe
1,Tikhua
1,Tikhwa
1,Tilden
1,Tilson
2,Timber
1,Timmothey
1,Timothei
37,Timothy
1,Timothy-Jack
2,Timur
1,Tintin
1,Tioluwanimi
3,Titan
10,Titus
2,TJ
1,Tj
1,Tjay
1,T'leo
1,Tobey
1,Tobiah
14,Tobias
3,Tobin
6,Toby
3,Todd
1,Tolgahan
1,Toluwani
2,Tom
1,Toma
5,Tomas
1,Tombe
2,Tommaso
6,Tommy
1,Tomoki
8,Tony
1,Topher
2,Tor
2,Toren
1,Torey
4,Torin
1,Torq
3,Torrin
1,Torry
1,Torsten
1,Tory
2,Toryn
1,Townes
1,Townsend
1,Toya
6,Trace
1,Trad
2,Trae
1,Traeh
1,Traeton
1,Traiden
2,Trajan
1,Trapper
1,Traven
14,Travis
1,Travonn
2,Trayden
1,Trayten
1,Trayven
1,Trayvion
3,Trayvon
1,Trennen
7,Trent
1,Trentin
4,Trenton
1,Tresor
1,Treston
1,Trett
1,Trevelle
1,Trever
2,Trevin
1,Trevonte
9,Trevor
1,Trevyn
15,Trey
1,Treydon
1,Treysen
3,Treyson
2,Treyton
1,Treyvon
1,Trez
2,Trigger
1,Tripp
92,Tristan
9,Tristen
1,Tristin
1,Triston
1,Tristyn
1,Triton
15,Troy
1,Truden
1,Truett
2,Truman
1,Tryceton
1,Tryn
1,Trypton
2,Tryson
2,Trystan
2,Trysten
1,Tryston
31,Tucker
1,Tulliano
1,Tulsa
1,Tumi
1,Turki
5,Turner
1,Tushar
15,Ty
1,Tyberius
4,Tyce
1,Tycen
3,Tye
1,Tyeson
1,Tyetan
1,Tylen
67,Tyler
1,Tyler-David
1,Tyne
5,Tyrell
1,Tyren
1,Tyrenzx
1,Tyrian
1,Tyrion
1,Tyrol
1,Tyron
3,Tyrone
1,Tyrson
1,Tyrus
1,Tysen
1,Tyshaun
56,Tyson
2,Tytan
1,Tytus
1,Tyven
1,Uchenna
1,Udai
1,Udaijit
1,Uday
1,Udaypartap
1,Udayraj
1,Udayveer
1,Udesh
1,Udhay
1,Uko
1,Ulises
2,Ulysses
2,Umair
5,Umar
2,Umer
1,Unitus-Judah
1,Unotjari
1,Uossef
1,Upkaar
1,Urban
1,Uren
4,Uriah
2,Uriel
1,Uriel-Daniel
4,Urijah
1,Usher
1,Usiju
1,Usman
1,Utaara
1,Utseoritselaju
1,Uwais
1,Uwakmfon
1,Uygurhan-Talha
1,Uzair
1,Uzayr
1,Uzziah
1,Vadakis
2,Vaden
1,Vadin
1,Vagif
1,Vahid
1,Vaibhav
1,Vaiden
1,Valen
1,Valens
2,Valentin
1,Valentino
1,Valtteri
8,Van
9,Vance
1,Vandan
1,Vanden
2,Vander
1,Vanderlei
1,Vaniq
4,Vann
1,Vanness
1,Vans
1,Vansh
1,Vanz
1,Vanze
1,Varghese
1,Varshan
1,Varun
9,Vaughn
3,Ved
1,Vedansh
1,Vedant
1,Vedanta
1,Vedder
1,Vedh
1,Veendapi
4,Veer
1,Veerfateh
1,Veerjot
1,Veerpartap
1,Ventti
1,Veron
1,Vesko
1,Veujee
1,Vevangee
1,Vhladd
1,Vian
16,Victor
1,Victory
1,Vidhur
1,Viet
3,Vihaan
1,Vihan
1,Vijay
1,Vijval
1,Vikram
5,Viktor
1,Vinayak
5,Vince
56,Vincent
2,Vincenzo
1,Vinochan
1,Vinton
1,Vinz
1,Viraaj
2,Viraj
1,Virat
1,Viren
1,Vishruth
1,Vitjitua
1,Vito
1,Vivaan
2,Vivan
1,Vivek
3,Vlad
2,Vladislav
1,Vlado
2,Von
2,Vonn
1,Vrishan
1,Vu
2,Vuk
1,Vyktor
2,Vyom
1,Vyronne
5,Wade
1,Wael
1,Wafi
1,Wahleed
1,Wai
1,Wais
1,Waleed
2,Walid
21,Walker
1,Walker-Leroy
4,Wallace
11,Walter
1,Walton
1,Wanis
1,Wardion
6,Warren
1,Warrick
1,Warsame
1,Waseem
1,Wasif
3,Watson
1,Waylan
1,Waylen
15,Waylon
2,Wayne
1,Weiwei
2,Wendell
2,Wes
2,Wesam
26,Wesley
1,Wesson
3,West
4,Westin
4,Westley
1,Westly
42,Weston
3,Westyn
1,Wheeler
1,Whiskeyjack
1,Wil
1,Wilbert
1,Wilde
1,Wilder
1,Wilf
5,Wilhelm
1,Wiliam
1,Wilks
10,Will
6,Willem
1,Willi
217,William
1,William-Victor-Kenneth
1,Willowe
3,Willy
1,Wilmer
5,Wilson
1,Wily
1,Winn
1,Winson
11,Winston
1,Wintersky
1,Wolali
1,Wolf
1,Wolfe
2,Wolfgang
1,Wolfrando
1,Woodrow
1,Wrangler
4,Wren
100,Wyatt
1,Wylder
1,Wylen
1,Wyley
5,Wylie
1,Wyman
3,Wynn
1,Wynter
1,Xacery
1,Xachery
1,Xandar
50,Xander
1,Xandron
1,Xavair
1,Xavi
54,Xavier
1,Xaviero
2,Xavior
1,Xevier
1,Xhyren
7,Xian
1,Xiaoyi
1,Xinheng
1,Xinxiang
1,Xu
1,Xyian
1,Xylan
2,Xyrus
1,Xzaiver
1,Xzander
5,Xzavier
1,Yaccoub
1,Yach
1,Yacquub
1,Yafet
1,Yahia
9,Yahya
1,Yahye
1,Yakub
1,Yakup
1,Yamen
1,Yan
1,Yang
1,Yanis
1,Yann
1,Yanni
2,Yannick
1,Yannis
1,Yanze
1,Yapheth
1,Yaqoob
2,Yaqoub
1,Yaqut
1,Yardan
1,Yared
5,Yaseen
5,Yash
1,Yasher
1,Yashmit
1,Yasiin
1,Yasin
3,Yasir
1,Yassen
2,Yasser
1,Yassian
2,Yassin
1,Yasun
1,Yav-Mulaj
1,Yavuz
1,Yaxya
3,Yazan
1,Yazdan
1,Yaziid
1,Yazun
1,Yedidia
1,Yehoshua
1,Yeshasvi
1,Yestine
1,Yewhans
1,Yhuri
1,Yimang
1,Yinedi
1,Yiran
1,Yi-Xin
1,Ylber
1,Ylijah
1,Yllan
1,Yoab
1,Yoel
3,Yohan
1,Yohannes
1,Yohannis
2,Yonatan
3,Yonathan
1,Yongjin
1,Yoshiah
1,Yotam
1,Yotham
1,Youmin
2,Younes
12,Yousef
2,Yousif
6,Youssef
1,Youssif
5,Yousuf
1,Ytbarek
1,Yu
1,Yuang
1,Yug
1,YuHong
1,Yuito
1,Yulin
1,Yurii
1,Yusaf
4,Yusef
1,Yusha
1,Yusif
17,Yusuf
1,Yuuki
6,Yuvraj
1,Zaafir
1,Zac
1,Zacarus
1,Zace
6,Zach
1,Zacharia
6,Zachariah
1,Zacharie
107,Zachary
5,Zachery
1,Zacheus
1,Zachrey
12,Zack
1,Zackari
1,Zackariya
10,Zackary
5,Zackery
1,Zackriel
1,Zaden
1,Zaeb
1,Zaeden
1,Zaeem
1,Zaeryn
1,Zafar
2,Zafir
1,Zaia
5,Zaid
1,Zaidan
15,Zaiden
8,Zain
2,Zaine
1,Zain-Ulabideen
3,Zak
5,Zakaria
2,Zakariah
7,Zakariya
1,Zakariyah
4,Zakary
1,Zakayis
1,Zakery
1,Zakhary
2,Zaki
1,Zakir
3,Zakk
1,Zakkarri
1,Zakkary
1,Zakkery
1,Zaman
1,Zamil
1,Zancent
35,Zander
27,Zane
1,Zaneil
1,Zaraan
1,Zarash
2,Zaroon
4,Zavier
1,Zavion
1,Zaxtyn
3,Zayan
7,Zayd
17,Zayden
2,Zaylen
8,Zayn
10,Zayne
1,Zayn-El-Abdeen
1,Zayyan
1,Zeb
2,Zechariah
1,Zechary
1,Zed
1,Zedrix
1,Zeeke
2,Zeeshan
1,Zek
1,Zeka
2,Zeke
1,Zekiah
1,Zelias
1,Zenley
1,Zennon
1,Zeno
4,Zenon
1,Zephan
1,Zephaniah
1,Zephyr
1,Zerrick
1,Zeth
1,Zeus
1,Zeven
1,Zevin
2,Zeyad
1,Zhaoyu
1,Zhi
1,Zhiren
1,Zhuocheng
3,Ziad
1,Zian
3,Zidan
2,Zidane
1,Zidhaan
1,Ziel
1,Zihei
1,Zijian
6,Zion
1,Zion-Adonis
1,Ziri
1,Ziya
3,Ziyad
1,Zohaan
1,Zohad
1,Zongquan
1,Zoràn
1,Zorawar
1,Zorian
1,Zuarj
1,Zubair
1,Zubayr
1,Zuber
1,Zuhaib
1,Zuhair
1,Zurain
1,Zurich
1,Zy
1,Zyden
1,Zylan
1,Zylen
1,Zyler
1,Zyler-Zevon
1,Zymon
1,Zyon
1,Zypher
1,Zyrel