3,Aaden
1,Aadhav
1,Aadhavan
4,Aadi
1,Aadit
2,Aaditya
1,Aadvik
4,Aahil
1,Aaiez
1,Aaliyan
2,Aamir
1,Aanav
1,Aanik
1,Aaqib
1,Aaradhy
1,Aaraiz
17,Aarav
1,Aarell
1,Aaren
1,Aariah
1,Aarib
1,Aarick
1,Aarif
1,Aariv
4,Aariz
47,Aaron
1,Aaron-Jaedon
2,Aarush
1,Aarv
1,Aarya
4,Aaryan
1,Aaryaveer
1,Aasa
1,Aavian
1,Aayaan
5,Aayan
1,Aayansh
2,Aayden
3,Aayush
1,Aayushman
1,Aban
2,Abbas
2,Abbott
1,Abdalla
1,Abdallah
1,Abdalrahman
1,Abdel
1,Abdel-Aziz
1,Abdelrahman
1,Abdimalik
9,Abdirahman
1,Abdirizak
1,Abdoul
1,Abdoulaye
1,Abdourahim
1,Abdualrhman
11,Abdul
1,Abdulahi
3,Abdulaziz
1,Abdulhafiz
1,Abdulhalim
1,Abdulhayi
1,Abdul-Jalil
1,Abdulkadir
1,Abdulkareem
1,Abdulkhani
12,Abdullah
7,Abdullahi
1,Abdulrahim
5,Abdulrahman
1,Abdul-Rahman
1,Abdur
1,Abdurahaman
1,Abdurhman
1,Abdurrahman
3,Abdur-Rahman
1,Abdussami
1,Abe
1,Abeeb
1,Abeer
30,Abel
1,Abenezer
1,Abhaynoor
3,Abhijot
2,Abhimanyu
1,Abigun
1,Abiral
1,Abraar
8,Abraham
1,Abrahim
8,Abram
1,Abrheian
1,Abriel
1,Abshir
1,Abubakr
1,Abyan
1,Acadez
7,Ace
2,Achilles
1,Ackeme
1,Ackley
1,Adahn
1,Adakai
141,Adam
1,Adams
4,Adan
1,Adao
1,Addis
5,Addison
1,Adeep
1,Adel
1,Adelino
3,Adem
1,Ademitide
6,Aden
1,Aderinsola
1,Adetoba
3,Adham
1,Adhinav
1,Adhiraj
1,Adhyanendra
1,Adhyant
1,Adib
3,Adil
1,Adin
1,Adison
1,Adithya
3,Aditya
1,Adler
1,Admir
1,Adnaan
4,Adnan
2,Adonis
43,Adrian
4,Adriano
3,Adriel
5,Adrien
1,Adriene
1,Adriez
1,Adu-Mintah
1,Advik
2,Adyan
1,Adyn
1,Adysan
1,Aedam
2,Aedan
1,Aedean
1,Aedmon
1,Aedric
1,Aeilen
1,Aeon
1,Aeryk
2,Aethan
1,Affaan
2,Affan
1,Afrath
1,Afroz
1,Aftabuddin
4,Agam
1,Agamjot
1,Agamveer
1,Agasthya
3,Agastya
1,Agbomk
1,Agharr
1,Aguer
3,Agustin
11,Ahmad
25,Ahmed
1,Ahmednur
1,Ahmet
1,Ahmid
1,Ahmir
1,Ahren
33,Aidan
1,Aidelvin
128,Aiden
2,Aidric
1,Aidrik
2,Aidyn
1,Aiham
1,Aikam
2,Aiman
1,Ain
2,Ainsley
1,Airias
1,Aithan
1,Aithen
1,Aivan
1,Aiven
2,AJ
1,Ajaap
1,Ajax
3,Ajay
1,Ajayi
1,Ajaypal
1,Ajin
1,Ajmal
1,Akaeus
1,Akam
2,Akash
1,Akbar
1,Akeem
1,Akhilesh
1,Akhileshwar
1,Aki
1,Akif
1,Akilan
1,Akilian
1,Akimeen
1,Akim-Raymond
1,Akingbade
1,Akinrinsola
1,Akio
1,Akira
1,Akiro
1,Akiva
3,Akram
6,Aksel
1,Akshaj
1,Akshay
1,Aksil
1,Akul
1,Al
2,Alaa
1,Alaaldeen
1,Alafasy
7,Alan
1,Alaphayil
4,Alaric
2,Alastair
10,Albert
1,Alberth
1,Alberto
2,Alden
1,Aldrich
1,Aldrick
2,Aldrin
1,Aleanos
9,Alec
1,Alecvander
1,Alec-Zander
1,Aleemuddin
1,Aleer
5,Alejandro
1,Aleks
4,Aleksander
2,Aleksandr
1,Aleksei
1,Aleksey
1,Alekzander
1,Alem'Neh
1,Alesio
5,Alessandro
3,Alessio
48,Alex
190,Alexander
1,Alexander-James
1,AlexanderJr.
8,Alexandre
2,Alexandru
2,Alexi
2,Alexis
1,Alexius
1,Alexzandar
1,Alexzander
1,Alezzander
4,Alfie
2,Alfred
1,Alfredo
1,Alhusein
46,Ali
1,Aliasger
1,Aliasghar
1,Alieth
1,Alijah
1,Alim
1,Alioune
1,Aliredha
1,Alisdair
7,Alistair
4,Alister
1,Alix
1,Aliyan
1,Alkhalil
1,Allaine
8,Allan
2,Allen
3,Allister
1,Alnour
1,Alo
1,Alok
1,Aloniab
2,Alonzo
2,Alpha
1,Alrich
1,Altaf
2,Altay
1,Alton
1,Altuve
1,Alvarez
1,Alvaro
1,Alver-Shane
8,Alvin
2,Alvis
1,Alvish
1,Alwin
1,Al'Xander
1,Alyan
1,Alyxander
1,Amadeo
1,Amadou
1,Amadu
5,Aman
1,Amani
1,Amanual
1,Amanuel-Aron-Leake
4,Amar
1,Amar'e
1,Amaree
6,Amari
3,Amarion
1,Amaziah
3,Ambrose
1,Ambroz
1,Amed
4,Ameen
5,Ameer
1,Amein
1,Amelio
8,Amen
1,Amer
1,Amiel
3,Amin
13,Amir
1,Amire
1,Amirmahdi
1,Amitaj
1,Amitoj
1,Amjad
2,Ammaar
8,Ammar
1,Ammy
1,Amnen
1,Amol
3,Amos
1,Amraj
1,Amrik
1,Amrit
1,Amro
1,Amron
1,Anabis
1,Anakh
2,Anakin
1,Ananiah
1,Anant
1,Anaoli
10,Anas
1,Anashe
1,Anay
1,Anchvir
1,Ander
11,Anders
10,Anderson
1,Andey
1,Andi
19,Andre
3,André
4,Andreas
1,Andreaus
6,Andrei
6,Andres
2,Andrés
100,Andrew
1,Andrews
1,Andrey
1,Andrian
1,Andrick
1,Andrija
1,Andrius
1,Andwele
7,Andy
1,Andy-Noel
1,Aneel
1,Anees
2,Anei
1,Anesu
5,Angad
1,Angadveer
3,Angel
11,Angelo
1,Angelus
1,Angok
7,Angus
4,Anhad
1,Aniq
1,Anirvan
2,Anish
1,Anisim
1,Anjelo
1,Ankeeth
4,Anmol
4,Anoop
1,Anoopjot
1,Anraj
1,Ansar
2,Ansel
1,Ansh
1,Anshveer
1,Anshvir
9,Anson
44,Anthony
3,Antoine
8,Anton
1,Antoni
13,Antonio
2,Antony
1,Antony-Huy
2,Anwar
1,Anzar
1,Aon
1,Apaar
1,Apheson
2,Apollo
1,Aquiles
1,Aquinah
1,Ara
1,Aradh
1,Arafat
1,Aragon
1,Araoluwa
1,Arash
1,Arashi
4,Arav
1,Arcadian
1,Archan
28,Archer
7,Archie
1,Arda
4,Arden
1,Arealious
1,Areef
1,Areev
1,Areez
1,Aremis
3,Ares
1,Aresjohn
1,Arfeen
2,Arhaan
6,Arham
1,Arhum
15,Ari
4,Arian
1,Arib
1,Aric
1,Aricin
10,Arie
2,Ariel
2,Aries
1,Arifullah
2,Arik
1,Arinjay
1,Arion
1,Arish
1,Ariston
1,Ariya
1,Ariyan
1,Ariz
3,Arjan
22,Arjun
1,Arkaeus
3,Arkan
1,Arkaran
1,Arkham
2,Arkin
1,Arkyn
1,Arl
1,Arlan
1,Arland
2,Arlen
2,Arlin
1,Arlis
14,Arlo
1,Arlow
16,Armaan
2,Armaanjot
1,Armaghan
5,Arman
3,Armando
1,Armann
1,Armeet
1,Armel
4,Armin
1,Arminder
11,Arnav
1,Arnavdeep
1,Arnie
2,Arnold
7,Aron
1,Aronpreet
1,Arrick
1,Arris
2,Arron
3,Arsh
1,Arshad
1,Arshia
1,Arshiz
1,Artanis
1,Arteen
1,Artemis
1,Artemiy
24,Arthur
1,Artin
1,Artur
2,Arturo
1,Aruj
1,Arveen
5,Arvin
1,Arvind
1,Arwan
1,Arwin
1,Arya
2,Aryaan
3,Aryaman
16,Aryan
1,Aryes
1,Aryn
1,Aryun
2,Asa
1,Asaad
1,Asaan
2,Asad
1,Asadullah
1,Aser
2,Ash
1,Ashaz
1,Ashdin
69,Asher
2,Ashish
1,Ashneel
1,Ashour
41,Ashton
1,Ashtyn
1,Ashwath
2,Ashwin
1,Ason
2,Aspen
1,Aston
1,Aswin
1,Atak
1,Atay
1,Atayoh
2,Ateeb
1,Atem
1,Ates
1,Athan
1,Atharva
2,Athen
1,Athens
1,Athiei
1,Athlon
7,Atlas
2,Atom
1,Atreju
20,Atticus
2,Attilio
2,Aubrey
2,Auden
1,Audie
1,Audreaus
1,Audrick
8,August
1,Augustine
1,Augustino
7,Augustus
1,Auke
1,Aum
1,Aumaryan
1,Aundre
1,Aurileus
2,Auron
1,Auryn
1,Austen
107,Austin
1,Austine
1,Austin-John
1,Austyn
1,Avander
1,Avaneesh
2,Aveer
1,Avel
2,Aven
25,Avery
1,Avery-Shea
1,Avhar
5,Avi
1,Avian
3,Aviel
1,Aviraaj
2,Aviraj
1,Avishai
1,Avitesh
1,Avjot
1,Avner
1,Avraaj
3,Avraj
1,Avtar
1,Avyaan
1,Aws
1,Axcel
23,Axel
1,Axetyn
8,Axl
1,Axle
1,Axson
1,Axten
1,Axtin
5,Axton
17,Ayaan
8,Ayan
1,Ayaz
1,Ayce
1,Aydan
37,Ayden
7,Aydin
2,Ayham
2,Ayman
2,Aymen
1,Aynsley
1,Ayob
1,Ayodeji
1,Ayong
2,Ayoob
2,Ayooluwa
3,Ayoub
1,Ayrton
2,Ayub
4,Ayush
1,Ayushman
1,Aywastin
1,Aywel
1,Ayyaan
1,Ayyan
1,Ayzalkhan
1,Ayzee
4,Azaan
3,Azad
3,Azan
1,Azar
1,Azarel
2,Azariah
1,Azarius
1,Azeem
1,Azim
1,Azin
3,Aziz
1,Azlaan
1,Azlan
1,Azmain
1,Azmir
1,Azoth
2,Azrael
1,Azuré
1,Baahirullah
1,Baarez
1,Baby
1,Bae
1,Bahadon
3,Bailey
1,Bailyan
1,Baird
1,Bajrang
1,Bakir
1,Bakr
1,Balanithin
1,Balkaran
1,Balliac
2,Balraj
1,Baltej
1,Balynt
1,Bam
1,Bane
2,Bangaly
1,Banks
1,Banmeet
1,Bao
1,Baraa
1,Baran
1,Barent
1,Baret
1,Barhom
1,Barimah
1,Baron
1,Barret
15,Barrett
1,Barry
1,Baruch-Biniam
1,Barud
1,Baryal
1,Basil
4,Bastian
1,Bates
1,Battal
1,Battwel
1,Bauchen
8,Bauer
1,Baxter
1,Bayan
1,Bayet
1,Baylin
1,Baylor
1,Bayne
1,Bayye
1,Baz
1,Bazil
1,Bear
29,Beau
4,Beck
2,Beckam
1,Beckem
2,Becker
1,Becket
39,Beckett
11,Beckham
1,Becks
1,Beeka
1,Beennan
1,Behr
1,Behrek
1,Bek
3,Belal
1,Bellicose
1,Beltus
1,Bemnet
16,Ben
1,Benaiah
1,Benaya
1,Bence
4,Benedict
2,Benett
1,Benham
1,Beniah
1,Benicio
1,Benito
2,Benjamen
245,Benjamin
1,Benjamyn
1,Benji
1,Benjy
1,Bennet
86,Bennett
1,Bennette
8,Benny
2,Benoît
3,Bensen
19,Benson
75,Bentley
3,Bently
1,Benton-Reagon
1,Beny
1,Beowulf
1,Bereket
1,Beren
2,Berkeley
2,Bernard
2,Bernhard
1,Bernie
1,Bert
1,Beryl
1,Bhagatveer
1,Bhavnjot
1,Bhavreet
1,Biar
1,Bidru
1,Bien
1,Biko
1,Bikramjeet
1,Bikramjit
1,Bilaal
9,Bilal
1,Bilawal
2,Billy
1,Binzhuo
1,Bishop
1,Bismeet
2,Bjorn
1,Bladen
1,Blae
3,Blaine
3,Blair
3,Blaise
119,Blake
1,Blakely
3,Blayden
1,Blayne
2,Blayze
9,Blaze
1,Blessing
5,Bo
2,Boaz
2,Bobby
4,Bode
3,Boden
8,Bodhi
1,Bodhii
1,Bodie
3,Boe
1,Boedan
1,Bogdan
2,Bohdan
1,Bohdin
1,Bohdon
1,Bol
1,Booker
2,Boone
1,Borden
1,Border
1,Bos
9,Boston
1,Boubacar
1,Bouyagui
2,Bow
2,Bowden
1,Bowdry
1,Bowei
15,Bowen
2,Boyd
1,Bracken
1,Brad
8,Braden
1,Bradey
18,Bradley
33,Brady
6,Braeden
1,Braedon
1,Braedyn
1,Brahmtej
7,Braiden
1,Braisen
1,Braison
1,Bram
1,Branch
2,Branden
1,Brander
43,Brandon
5,Brandt
1,Brandtley
1,Branko
2,Bransen
2,Branson
3,Brant
9,Brantley
1,Brave
2,Braven
1,Braxden
1,Braxon
1,Braxtan
31,Braxton
2,Braxtyn
1,Braxxton
1,Brayan
52,Brayden
1,Braydin
8,Braydon
1,Braydy
3,Braylen
3,Braylon
5,Brayson
1,Breccan
2,Brecken
1,Breckon
1,Brédin
1,Brekan
1,Breken
4,Brendan
2,Brenden
5,Brendon
2,Brendt
1,Brendyn
6,Brennan
4,Brenner
1,Brennon
2,Brenon
1,Brenor
3,Brent
2,Brentley
2,Brenton
1,Breslin
2,Bret
1,Breton
11,Brett
1,Bretton
1,Brexten
1,Brexton
1,Breydon
23,Brian
2,Briar
5,Brice
1,Brier
1,Brigg
3,Briggs
1,Brigham
1,Bright
3,Brighton
1,Brigs
1,Briley
1,Brixden
2,Brixton
19,Brock
1,Broddie
2,Broden
1,Broderick
11,Brodie
74,Brody
5,Brogan
1,Brohden
2,Bronsen
8,Bronson
1,Bronsyn
1,Bronx
1,Bronxdyn
2,Brooklyn
8,Brooks
1,Brough
8,Bruce
1,Bruke
2,Bruno
16,Bryan
2,Bryant
22,Bryce
3,Brycen
4,Bryden
1,Brydon
2,Bryer
1,Brylan
1,Bryle
1,Brylee
1,Brylie
1,Brylin
2,Brylle
1,Brynnjar
1,Brysan
3,Brysen
22,Bryson
1,Bryton
1,Bryxton
1,Bsrat
1,Bubakar
1,Buot
1,Burk
5,Burke
2,Burkley
1,Burns
1,Burton
1,Byerly
1,Byren
3,Byron
1,Cace
1,Cache
10,Cade
15,Caden
1,Cadillac
1,Cadmiel
3,Caeden
1,Caedmon
6,Cael
1,Caelan
1,Caelin
1,Caesyn
1,Cagan
2,Cage
1,Caharian
1,Cai
1,Caid
11,Caiden
1,Caiison
3,Cail
1,Caile
1,Cailum
2,Cain
1,Caine
4,Caius
6,Calder
4,Cale
116,Caleb
1,Caleb-Jarrell
1,Caleb-Micheal
1,Caleb-Teame-Pawlos
1,Calien
3,Calin
3,Calix
1,Callaghan
6,Callan
7,Callen
22,Callum
1,Calton
2,Calum
18,Calvin
1,Calvyn
1,Cam
1,Camael
1,Camber
14,Camden
70,Cameron
2,Camilo
2,Campbell
1,Can
2,Canaan
2,Cannon
1,Canyn
1,Capone
1,Carey
6,Carl
1,Carleton
1,Carlino
1,Carlisle
1,Carlito
10,Carlos
1,Carlson
1,Carlxander
1,Carlyle
1,Carmel
3,Carmelo
1,Carmichael
1,Carmine
2,Carrick
1,Carsen
58,Carson
1,Carsson
1,Carston
202,Carter
4,Carver
4,Case
6,Casen
11,Casey
32,Cash
1,Cashen
1,Cashis
2,Cashius
5,Cashton
2,Casimir
5,Cason
2,Casper
3,Caspian
1,Cassious
3,Cassius
3,Castiel
1,Castin
1,Castyn
1,Cat
3,Cathal
1,Caxton
1,Cayde
14,Cayden
2,Caylan
2,Caylen
1,Cayman
1,Cayne
1,Caysen
1,Cayson
1,Cecil
1,Cederic
1,Cedric
1,Cédric
1,Cedrick
1,Cédrik
1,Celestino
2,Cesar
2,Chace
5,Chad
1,Chae
12,Chael
1,Chan
17,Chance
1,Chandler
1,Chandos
5,Channing
1,Chantz
1,Chanyell
1,Chao
1,Charle
72,Charles
1,Charleston
1,Charley
57,Charlie
80,Chase
1,Chasen
1,Chason
1,Chatim
1,Chaves
2,Chayce
1,Chayne
1,Chayo
2,Chayse
2,Chayson
2,Chaz
1,Chazz
1,Chelios
1,Chenaniah
1,Chérubins
6,Chester
1,Chestin
3,Chet
1,Chetan
1,Chevelle
1,Chevez
2,Chevy
1,Chhorn
1,Chibuikem
1,Chidalu
1,Chidubem
1,Chiedozie
1,Chiemeka
1,Chigozirim
1,Chikamso
1,Chimbudike
1,Chinedu
1,Chinedum
1,Chino
1,Chinua
1,Chivan
1,Chiwetalu
1,Chotchour
1,Chrew
9,Chris
2,Christ
40,Christian
1,Christof
1,Christoph
2,Christophe
33,Christopher
1,Chuck
1,Chucky
1,Chukwubuchim
1,Chukwuebuka
1,Chuol
1,Chuong
1,Chu-Yang
5,Cian
1,Ciaran
1,Ciaus
1,Ciel
1,Cieren
1,Cimraan
1,Cirel
3,CJ
1,Cjay
2,Clancy
3,Clarence
1,Clarenziel
26,Clark
4,Clarke
1,Clarksicnarf
1,Clash
1,Claude
4,Clay
16,Clayton
1,Clayver
1,Clemens
1,Clench
1,Clifton
1,Cline
2,Clint
2,Clinton
4,Clive
1,Cloud
2,Clyde
1,Clyon
1,Cobain
3,Cobin
3,Coby
23,Cody
15,Coen
64,Cohen
25,Colby
1,Colby-Jax
69,Cole
3,Coleman
2,Coleson
1,Coleton
16,Colin
7,Collin
4,Collins
1,Colm
4,Colson
1,Colston
1,Colstyn
7,Colt
11,Colten
2,Colter
44,Colton
1,Colt-Wesson
1,Colwyn
1,Conall
1,Confucius
1,Conley
1,Connal
1,Connell
18,Conner
1,Connolly
122,Connor
1,Connor-James
3,Conor
5,Conrad
1,Conrado
1,Conroy
1,Constant
2,Constantine
2,Conway
71,Cooper
6,Corban
2,Corben
1,Corbett
26,Corbin
6,Corbyn
2,Cordell
4,Corey
1,Corin
5,Cormac
1,Cormack
1,Cormick
1,Cornelis
5,Cornelius
3,Corny
1,Corvin
1,Cory
1,Costin
1,Cotton
1,Coulter
1,Count
1,Courtland
1,Covan
1,Cove
4,Coy
4,Craig
1,Craiven
1,Crandall
1,Craysen
1,Creedan
1,Creedance
2,Creedin
1,Creeson
1,Creesyn
1,Creinan
3,Crew
1,Cris
1,Crispin
7,Cristian
2,Cristiano
9,Crosby
1,Cross
1,Cru
1,Crue
25,Cruz
1,Cruze
6,Cullen
15,Curtis
1,Curtis-John
1,Cutler
1,Cxian
1,Cy
1,Cyan
1,Cylas
1,Cyle
1,Cylis
1,Cyliss
2,Cypress
1,Cyprus
1,Cyril
13,Cyrus
1,Czedrence
1,Dace
1,Dacen
2,Dacian
1,Daedalus
1,Daede
1,Daelan
1,Daemon
1,Daemyn
1,Dagm
1,Dainen
2,Dakoda
3,Dakota
1,Dakotah
2,Daksh
1,Dakshesh
1,Dakshvir
1,Dalan
2,Dale
2,Dalen
1,Dallan
14,Dallas
3,Dallin
3,Dallon
1,Dally
1,Dallyn
6,Dalton
1,Dalyn
1,Damani
1,DaMarco
1,Damarion
1,Damayo
1,Damein
3,Damen
23,Damian
16,Damien
1,Damin
1,Damion
20,Damon
1,Damyen-Robert-Alexander
2,Dan
1,Dana
1,D'andre
17,Dane
1,D'Angelo
2,Danial
161,Daniel
1,Danieli
1,Daniel-Liam
3,Daniyal
2,Dannier
1,Danniss
14,Danny
1,Dansen
1,Danson
1,Dantay
23,Dante
1,Danté
2,Danton
1,Dany
1,Daos
1,Daragh
1,Daravith
3,Darcy
1,D'Arcy
7,Darian
1,Daric
1,Dariell
4,Darien
5,Dario
1,Daris
20,Darius
1,Dariuz
1,Darnel
1,Darniel
12,Darren
1,Darrian
1,Darrius
2,Darryl
1,Darsan
1,Darsell
2,Darwin
1,Daschle
2,Dash
1,Dashel
1,Dashiell
3,Dastan
2,Daunté
1,Dausen
1,Dave
1,Daven
1,Davian
122,David
1,David-Jonathan
1,Daviide
9,Davin
1,Davinci
14,Davis
1,Davonte
1,Davyn
1,Dawsan
29,Dawson
2,Dawud
18,Dax
7,Daxon
1,Daxsen
1,Daxson
2,Daxten
2,Daxter
29,Daxton
1,Daxtyn
1,Daxx
1,Daxx-Dalton
1,Dayaal
1,Daycen
2,Daylan
1,Daylen
1,Daylin
1,Daylon
1,Daylynd
1,Daymon
1,Dayne
1,Daynin
1,Daysen
1,Dayshawn
3,Dayson
7,Dayton
1,Dayvien
1,Dayyan
1,Dayzel
1,Dazareth
1,Deacan
11,Deacon
1,Deaken
1,Deakon
13,Dean
1,Deandre
1,Deandrei
1,DeAngelo
1,Deantanak
1,Debayan
1,Decclan
1,Dechlan
1,Decimus
7,Decker
1,Decklan
1,Decklin
1,Decklyn
1,Declahn
85,Declan
1,Declen
1,Decymus
9,Deegan
1,Deen
1,Deenilyas
1,Degan
1,Deigan
1,Dejan
1,Dejorie
1,Dekker
11,Deklan
1,Deklen
2,Deklin
1,Deklyn
1,Delane
1,Delaney
2,Delano
1,Delat
1,Delfin
1,Delyan
1,Demarco
4,Demetrius
2,Demitrius
1,Demyus
2,Deng
5,Denis
2,Deniz
5,Dennis
5,Denver
1,Denys
7,Denzel
1,Deondre
1,Dereck
12,Derek
2,Derick
1,Derin
1,Derozan
5,Derrick
1,Derryck
1,Derys
1,Des
1,DeSean
1,Desean
1,Deshavn
1,DeShawn
1,Desmarco
16,Desmond
1,Destan
1,Destanee
2,Destin
1,Deston
1,Dev
1,Deva
2,Devan
1,Devansh
1,Devansha
1,Devante
1,Devaughn
1,Devaun
1,Deven
1,Devery
1,Devilyn
11,Devin
2,Devlin
11,Devon
1,Devyn
1,Dewey
1,Dexon
1,Dexten
24,Dexter
1,Dexton
1,Dextyn
1,Dexxen
1,Deynahi
1,Dezman
1,Dezmond
1,Dezso
1,Dhanraj
1,Dhieu
1,Dhir
1,Dhiran
1,Dhirban
1,Dhishan
1,Dhon
3,Dhruv
1,Dhyan
1,Dhyey
1,Diar
4,Diedrich
7,Diego
1,Dier
1,Dierks
1,Diesel
1,Dil
1,Diljot
1,Dillan
3,Dillon
3,Dilraj
1,Dimimu
3,Dimitri
1,Dimonic
1,Dinara
1,Dinh-Thiet
1,Dinobi
1,Dio
2,Dion
1,Diondre
1,Dionis
1,Dionte
1,Diosdado
1,Dipro
1,Disraeli
1,Diviit
1,Divraj
1,Divraz
1,Divyam
1,Diwan
1,Dixon
1,DJ
1,Dj
1,Djhon
2,Dmitri
1,Dmitry
1,Dokter
1,Dolan
1,Domanik
1,Domenick
1,Domenico
86,Dominic
8,Dominick
16,Dominik
1,Dominion
2,Dominique
1,Domminic
5,Donald
2,Donavin
1,Donhaven
1,Donivan
1,Donncha
1,Donny
8,Donovan
1,Dorar
6,Dorian
1,Doriano
1,Doruk
6,Douglas
1,Drac
1,Dracen
1,Drage
7,Drake
3,Draven
1,Drayce
8,Drayden
2,Drayson
1,Drayten
4,Drayton
1,Dream
1,Dreavyn
1,Dredan
1,Dreighton
2,Dresden
27,Drew
1,Drew-Donnelly-Donald
1,Drewyn
1,Drex
1,Drey
4,Dreyden
1,Dreyton
1,Dreyven
1,Dreyzen
1,Drizelle
1,Drona
1,Duce-Jackson
1,Duchene
4,Duke
1,Dulen
1,Duljan
1,Dumisani
13,Duncan
1,Durrell
1,Durrim
1,Dursaa
1,Dusan
14,Dustin
2,Dusty
1,Duyson
1,Dwain
4,Dwayne
1,Dwight
1,Dwight-Ian-Terrence
1,Dyakarn
1,Dycen
84,Dylan
1,Dylan-An
1,Dysen
1,Dyson
1,Ealigh
2,Eamon
2,Ean
1,Eariz
2,Earl
4,Eason
3,Easten
72,Easton
1,Eastyn
1,Eaton
1,Ebaad
2,Eben
1,Eberle
1,Ebraheem
1,Ebubechukwu
1,Ecco
1,Echo
3,Eddie
2,Eddy
1,Edem
2,Eden
1,Edgar
1,Edin
6,Edison
1,Ediz
1,Edmon
10,Edmund
1,Edomiyas
1,Édouard
2,Edric
1,Edrick
1,Edrik
1,Edris
1,Edson
3,Eduardo
31,Edward
1,Edward-Clifford
11,Edwin
1,Edwyn
1,Edzazii
2,Eesa
1,Eeshan
1,Eessa
1,Efadzi
1,Efe
1,Efrayim
1,Egan
1,Egbaoghene
1,Egmont
2,Ehan
1,Ehraar
1,Ehsaas
1,Ehsan
1,Eiago
1,Eian
1,Eidrian
1,Eilon
1,Eisa
1,Eivan
7,Ekam
1,Ekamjot
2,Ekamveer
1,Ekas
1,Ekbir
1,Ekdeep
2,Eknoor
1,El
1,Elam
1,Elan
1,Élan
1,Elbee
1,Elbert
1,Elden
1,Eldon
1,Eldrich
2,Eleazar
1,Elhadj
2,Elham
82,Eli
1,Eliab
2,Elian
31,Elias
1,Eliaz
1,Elie
2,Eliezer
3,Eligh
1,Elija
104,Elijah
3,Elio
1,Elionai
1,Eliot
2,Eliott
5,Elisha
1,Elishah
1,Eliy
1,Eliya
1,Eljan
1,Eljay
1,Elkanah
1,Ellias
1,Ellington
36,Elliot
29,Elliott
1,Elliotte
19,Ellis
3,Elnathan
1,Elnayam
1,Eloghosa
1,Elric
1,Elston
1,Elton
1,Elum
3,Elvin
1,Elvis
1,Elway
1,Elya
1,Elyaa
1,Elyar
1,Elyas
1,Elyjah
1,Emaad
1,Emaan
2,Emad
6,Emanuel
1,Embry
2,Emeric
1,Emerich
51,Emerson
1,Emersyn
13,Emery
1,Emet-Bliss
3,Emil
1,Emile
2,Émile
3,Emiliano
12,Emilio
1,Emin
1,Emir
1,Emishane
2,Emit
16,Emmanuel
1,Emmerson
1,Emmet
131,Emmett
1,Emmir
2,Emmit
8,Emmitt
1,Emory
1,Emran
1,Emrej
1,Emrick
1,Emry
1,Emryk
2,Emrys
2,Ender
1,Endri
1,Endrik
1,Enele
1,Enes
1,Enguun
4,Enoch
2,Enrico
3,Enrique
1,Enver
12,Enzo
2,Eoann
1,Eoin
1,Eon
1,Eori
4,Ephraim
1,Ephrayim
1,Ephrem
1,Erbenstan
1,Erdem
42,Eric
1,Erich
4,Erick
1,Ericson
1,Eridon
20,Erik
1,Erikson
1,Erion
1,Erix
1,Ermias
3,Ernest
1,Ernesto
4,Ernie
1,Eron
1,Eros
1,Erris
2,Ervin
1,Erwan
2,Erwin
1,Esey
3,Eshaan
3,Eshan
1,Eshanth
1,Eshawn
1,Eshleen
1,Eska
1,Esmond
2,Espen
1,Esra
3,Essa
3,Essam
3,Essay
1,Essoniwa
1,Esteban
1,Estelito
1,Estin
1,Etash
1,Ethai
253,Ethan
1,Ethane
1,Ethaneal
3,Etienne
3,Étienne
1,Etinosa
1,Ettore
3,Euan
4,Eugene
1,Eulliejhay
1,Eunique
1,Euodias
1,Eustace
91,Evan
6,Evander
1,Evanescence
1,Evan-Kiflemariam
1,Evan-Richard
1,Even
2,Everest
1,Everet
53,Everett
1,Everette
1,Everitt
1,Everton
3,Evin
1,Evo
2,Evren
1,Evrett
1,Evzen
1,Ewaen
2,Ewald
20,Ewan
1,Exzavior
1,Eyad
1,Eyasu
1,Eymen
1,Eyoail
1,Eyob
2,Eyobe
1,Eyobed
1,Eyob-Tadesse
1,Eyoel
1,Eyosiyas
1,Eysen
1,Eytan
2,Eyuel
2,Ezaan
1,Ezael
1,Ezedin
1,Ezekial
21,Ezekiel
1,Ezequiel
2,Ezeriah
2,Ezio
39,Ezra
1,Ezreck
1,Faaiz
1,Fabián
1,Fabiel
1,Fabio
1,Fadi
1,Fahad
1,Faheem
1,Fahim
2,Faisal
1,Faiz
2,Faizan
1,Fanuel
1,Faolan
1,Farah
1,Faraz
1,Fardeen
3,Fares
1,Faress
1,Farhad
1,Farhan
1,Farid
5,Faris
1,Farley
1,Farman
1,Faron
1,Farook
1,Farouk
1,Farrell
2,Farris
1,Farshaad
1,Farzan
1,Fasal
7,Fateh
1,Fatehkaran
1,Fatehveer
1,Fathe
1,Fathi
1,Fawaz
1,Fearon
1,Feldion
1,Félip
5,Felipe
37,Felix
3,Félix
1,Felix-Addicus
1,Fenixx
1,Fenton
2,Fergus
1,Ferguson
1,Fernandez
6,Fernando
1,Ferral
1,Fidel
1,Fierce
1,Fierro
4,Filip
1,Filipp
1,Filton
1,Finian
10,Finlay
20,Finley
38,Finn
1,Finnbar
1,Finneas
6,Finnegan
3,Finnick
3,Finnigan
1,Finnlay
12,Finnley
1,Finnly
1,Finot
2,Fionn
1,Fionnian
1,Firas
3,Fischer
3,Fisher
1,Fitzjames
10,Fletcher
3,Flint
1,Florian
2,Floyd
13,Flynn
1,Flynn-Kyle
5,Ford
2,Forest
5,Forrest
1,Forsan
8,Foster
1,Fourat
1,Fouzi
4,Fox
1,Francesco
12,Francis
1,Francisco
2,Franco
1,François
10,Frank
1,Frànk
6,Franklin
1,Franklyn
1,Frans
1,Frantisek
9,Franz
7,Fraser
1,Frean
1,Fred
1,Freddie
10,Frederick
2,Frederik
1,Fredric
1,Fredrich
2,Fredrick
1,Freedom
1,Fritz
1,Fteen
1,Funeal
1,Furius
7,Fynn
2,Gabe
1,Gaborik
150,Gabriel
1,Gabriel-Denis
1,Gabrielle
1,Gael
1,Gaëtan
37,Gage
1,Gaige
2,Galen
1,Gamaliel
1,Gammachu
2,Gannon
1,Gar
1,Garen
1,Gareth
1,Garik
1,Garnet
2,Garret
1,Garreth
13,Garrett
3,Garrison
2,Garrus
1,Garry
3,Gary
1,Gaspar
1,Gatlin
2,Gauge
2,Gaurav
1,Gaveriel-Xyrus
79,Gavin
1,Gavisht
1,Gavrie
1,Gavrilo
2,Gavyn
1,Gayleb
1,Genesis
1,Geo
2,Geoffrey
1,Geofrey
1,Geordan
1,Geordie
47,George
1,Geoson
1,Geovanni
4,Gerald
6,Gerard
1,Gerhard
1,Gerison
1,Germain
1,Gerold
1,Gerrit
1,Gervienne
1,Ghali
1,Ghazali
1,Ghian
3,Gian
1,Giancarlo
2,Gianluca
1,Giann
5,Gibson
1,Gibson-Pelo
1,Gibson-Rush
10,Gideon
2,Gil
1,Gilbert
1,Gilmore
2,Gino
1,Gion
7,Giovanni
1,Giridhar
1,Girish
1,Giuliano
1,Giuseppe
1,Givoni
2,Glen
1,Glennjames
1,Glorious
1,Goderic
1,Godolias
1,Godrich
1,Godwin
1,Godwin-Onema
1,Gohan
1,Gonzalo
1,Goodness
9,Gordon
1,Govind
1,Gowan
1,Goy
1,Gracen
1,Gradin
21,Grady
1,Grae
1,Graedyn
6,Graeme
3,Graeson
2,Graeyson
15,Graham
1,Grainger
1,Graisen
1,Graison
1,Grandon
8,Grant
1,Granth
1,Granton
1,Granville
1,Grasyn
2,Gray
4,Grayden
1,Graydon
2,Grayer
4,Graysen
127,Grayson
1,Grayson-Ashok
1,Greco
1,Greer
2,Greg
1,Gregg
1,Gregorenic
10,Gregory
4,Grey
2,Greyden
1,Greydon
3,Greysen
1,Greyso
53,Greyson
1,Griffen
47,Griffin
1,Griffyn
2,Gryffin
1,Guillermo
2,Guled
1,Gunbir
11,Gunnar
9,Gunner
1,Guramrit
1,Guransh
1,Gurbaaz
2,Gurbaj
1,Gurbir
1,Gurek
4,Gurfateh
1,Gurjaap
1,Gurjas
1,Gurjot
1,Gurkez
2,Gurlabh
1,Gurlal
1,Gurmaan
1,Gurman
1,Gurmanjit
1,Gurmehar
1,Gurmut
1,Gurnadar
1,Gurnavan
4,Gurnoor
2,Gurpartap
1,Gurraj
1,Gursahib
1,Gursehaj
1,Gursevak
3,Gurshaan
1,Gurshabad
2,Gursimar
1,Gursimran
2,Gurtaj
1,Gurveer
1,Gurveersingh
2,Gurvir
6,Gus
1,Gustafson
2,Gustav
1,Gustine
1,Gustopher
1,Gutu
1,Guutu
1,Gwyddion
1,Gzerome
1,Haadi
1,Haakon
1,Haares
1,Haaris
1,Habeas
1,Habeel
1,Habel
1,Habibullah
1,Habil
1,Hadden
1,Haden
1,Hades
9,Hadi
1,Hadrian
1,Hady
1,Haelan
1,Haiden
3,Haider
1,Haitham
1,Haize
1,Hajoon
1,Hakan
1,Hakeem
1,Hakikat
1,Hakim
1,Hakon
3,Halen
1,Halil
1,Halim
1,Halsten
1,Hamed
1,Hamilton
2,Hamish
1,Hammond
20,Hamza
1,Hamzah
1,Hamzauddin
1,Han
1,Hanan
1,Hani
1,Hanif
5,Hank
1,Hannuo
2,Hans
3,Hanson
1,Hantang
1,Haobo
1,Haochen
1,Haoze
1,Haramrit
1,Harbi
2,Harbin
1,Hardison
1,Hardy
2,Harfateh
3,Hargun
1,Hargurkirat
1,Hari
3,Haris
1,Harish
1,Harith
2,Harjap
1,Harjapp
2,Harjas
1,Harjeev
1,Harjovan
1,Harkan
3,Harlan
2,Harland
2,Harlee
2,Harlen
5,Harley
1,Harl-Jacob
1,Harlon
2,Harman
1,Harmandeep
1,Harmanpreet
1,Harneet
3,Harold
1,Haron
5,Haroon
1,Haroun
4,Harper
4,Harris
57,Harrison
1,Harrsha
7,Harry
1,Harsahib
1,Harsehaj
2,Harshaan
1,Harshal
1,Hartaj
1,Harteg
1,Hartej
2,Hartley
1,Haruki
1,Harun
5,Harvey
1,Harvey-Jack
1,Harwin
5,Hasan
1,Haseeb
1,Hashem
1,Hasher
2,Hashim
2,Hashir
1,Hasibul
1,Hasnain
11,Hassan
1,Hassen
1,Hassib
3,Haven
1,Havra
1,Hawaz
1,Haweet
2,Hawk
1,Hawken
2,Hawkins
3,Hawksley
1,Haybeh
78,Hayden
3,Haydn
1,Haydon
4,Hayes
1,Hays
1,Haysten
1,Hayyan
1,Hayyu
1,Haze
5,Hazen
1,Haziel
1,Haziq
1,Heagan
9,Heath
1,Heaton
3,Hector
1,Heike
1,Heinrich
1,Hejran
1,Helix
1,Hemkrish
2,Hendrick
1,Hendricks
4,Hendrik
22,Hendrix
1,Hendryksen
2,Henley
1,Henok
4,Henri
1,Henrich
1,Henrico
8,Henrik
109,Henry
2,Henryk
1,Herbert
4,Herman
1,Hero
1,Heru
1,Hesham
2,Heston
1,Hetfield
3,Hezekiah
1,Hikmet
1,Himanshu
1,Himat
3,Himmat
1,Hinley
1,Hisham
2,Hivirikee
2,Hiyab
1,Hmitoche
25,Holden
1,Hollis
1,Holmes
4,Holt
1,Holte
1,Holten
1,Homer
1,Hongze
1,Honour
1,Horacio
2,Hosea
1,Hosein
1,Hothaifa
1,Houssien
2,Houston
2,Hridhaan
1,Hrishi
1,Hriyansh
1,Huckleberry
1,Huda
1,Hudayfa
1,Hudayfi
1,Hudeyfa
141,Hudson
1,Hudsyn
7,Hugh
1,Hughchung
17,Hugo
1,Humberto
2,Humza
171,Hunter
1,Hunter-Jake
2,Hussain
1,Hussain-Muhammad
4,Hussein
1,Hussien
1,Huston
1,Hutch
10,Huxley
1,Hyde-Parker
1,Hyle
1,Hylenn
1,Hyrum
1,Iain
37,Ian
1,Ian-Leonardo
1,Ibad
1,Ibitola
1,Ibnou
2,Ibraheem
26,Ibrahim
1,Ibrahima
1,Ibsa
1,Iden
4,Idris
1,Ifeoluwa
1,Iggy
3,Ignacio
1,Ijazali
1,Ije
1,Ikenna
1,Ikhide
1,Iknoor
1,Ilaan
1,Ilai
1,Ilan
1,Ilia
2,Ilias
1,Ilija
1,Ilijah
1,Iliya
1,Illy
2,Ilya
4,Ilyas
1,Ilyes
2,Imad
1,Imisioluwa
1,Imman-Shareef
3,Immanuel
1,Imoleoluwa
1,Imraan-Habibullah
7,Imran
1,Inam
1,Inder
1,Inesh
1,Iniesta
1,Innocent
1,Insith
1,Inyene-Obong
1,Ioane
2,Ioannis
1,Iommi
1,Ioseph-Patrick
1,Ira
1,Ireoluwa
2,Irie
1,Irissian
1,Irmaan
1,Irshaad
1,Irving
6,Isa
134,Isaac
1,Isaac-Claude
11,Isaak
59,Isaiah
2,Isaias
1,Isal
1,Iséial
5,Ishaan
1,Ishaaq
1,Ishak
1,Ishaq
1,Isher
1,Isiah
1,Isidore
1,Isidrio
1,Iskotêw
3,Ismaeel
4,Ismael
3,Ismail
6,Israel
1,Issa
3,Issac
1,Issack
1,Issey
1,Iszaya
27,Ivan
1,Ivar
1,Iversen
1,Iverson
1,Ivin
1,Ivo
1,Ivor
1,Iyad
1,Iyad-Tahar
1,Iymann
1,Iyyad
1,Iz
1,Izaac
1,Izaak
1,Izaan
1,Izac
4,Izaiah
1,Izaiyah
1,Izakai
3,Izayah
1,Izeiah
1,Izik
1,Izuchi
1,Izyan
1,Izzeldeen
1,Jaafr
1,Jabali
4,Jabez
1,Jabulani
107,Jace
1,Jacen
1,Jachym
198,Jack
1,Jackob
146,Jackson
1,Jacksyn
1,Jacky
222,Jacob
4,Jacobi
1,Jacobo
2,Jacoby
1,Jacolby
2,Jacques
9,Jad
1,Jadan
1,Jadaveon
2,Jade
34,Jaden
1,Jadiel
1,Jadon
1,Jadsen
1,Jae
1,Jaedus
1,Jaedynn
2,Jaeger
1,Jaelen
1,Jaeran
1,Jaeveon
2,Jafar
1,Jafer
1,Jaffar
1,Jaffer
1,Jaffredson
3,Jager
3,Jagger
1,Jagjot
1,Jagmag
1,Jagraj
1,Jagtar
1,Jahaan
1,Jahai
1,Jahi
1,Jahivon
1,Jahlel
1,Jahlil
1,Jahmiah
1,Jahmir
1,Jahvontae
3,Jai
1,Jaicob
2,Jaideep
1,Jaidel
5,Jaiden
1,Jaidson
1,Jaikaran
1,Jairo
2,Jairus
1,Jaivan
2,Jaiveer
1,Jaiwin
2,Jak
61,Jake
1,Jakin
1,Jakk
20,Jakob
3,Jakub
2,Jalal
1,Jalaldin
2,Jalen
6,Jamal
1,Jamari
157,James
10,Jameson
7,Jamie
2,Jamieson
3,Jamil
2,Jamin
1,Jamis
1,Jamisey
3,Jamison
6,Jan
1,Janav
1,Jann
1,Japheth
1,Japjot
1,Japman
1,Jarah
1,Jardain
20,Jared
1,Jareed
1,Jarel
1,Jarence
2,Jarius
4,Jaron
3,Jarrett
2,Jarron
1,Jas
1,Jasdeep
51,Jase
2,Jasen
1,Jasfateh
1,Jashaan
3,Jashan
1,Jashin
1,Jasiah
1,Jaskaran
1,Jasman
1,Jasmer
1,Jasneel
2,Jasnoor
65,Jason
1,Jasonpreet
47,Jasper
2,Jaspreet
2,Jasraj
1,Jasson
1,Jathan
1,Jauncey
1,Javan
1,Javen
2,Javier
1,Javon
5,Jawad
1,Jawdat
38,Jax
1,Jaxcin
1,Jaxden
11,Jaxen
1,Jaxin
160,Jaxon
3,Jaxsen
68,Jaxson
1,Jaxsyn
1,Jaxtin
10,Jaxton
18,Jaxx
9,Jaxxon
3,Jaxyn
9,Jay
33,Jayce
1,Jaycee
1,Jayceon
3,Jaycob
1,Jaycob-Bryce
1,Jaycory
1,Jayd
1,Jaydan
1,Jayde
115,Jayden
1,Jaydon
3,Jaylen
1,Jaylex
1,Jaymar
1,Jaymes-Paul
1,Jayrald
4,Jayse
3,Jayson
1,Jayuziah
1,Jayvee
1,Jayveer
1,Jayvin
1,Jaz
2,Jaze
1,JD
1,Jean
1,Jean-Christophe
1,Jean-David
1,Jean-Étìenne
1,Jeannot
2,Jean-Paul
1,Jean-Philippe
1,Jebidiah
1,Jed
1,Jedaiah
1,Jedd
1,Jedi
2,Jediah
2,Jedidiah
2,Jedrek
1,Jeferson
2,Jeff
2,Jefferson
6,Jeffery
1,Jeff-Leroy
9,Jeffrey
1,Jehlo
1,Jehu
1,Jelani
1,Jemiel
1,Jemson
6,Jensen
1,Jensley
3,Jenson
1,Jenssen
1,Jeo
1,Jeof
1,Jeon
1,Jeor
1,Jeorge
1,Jerae
1,Jerald
1,Jerel
31,Jeremiah
1,Jérémie
35,Jeremy
1,Jérémy
1,Jeremy-Ivan
1,Jerhomey
1,Jeric
1,Jericho
1,Jerick
1,Jeridan
1,Jerlo
1,Jermaine
1,Jermayn
1,Jerold
1,Jerom
6,Jerome
1,Jeronimo
1,Jerrell
1,Jerren
1,Jerrime
1,Jerrone
3,Jerry
1,Jerson
1,Jeshaan
1,Jesiah
1,Jesko
1,Jesnathan
46,Jesse
1,Jesse-James
2,Jessiah
4,Jessie
1,Jessu
1,Jesu
1,Jesus
1,Jesvy
3,Jet
1,Jeter
11,Jethro
1,Jethrow
1,Jetmir
1,Jetson
13,Jett
1,Jettlen
1,Jevan
1,Jevon
1,Jewel-Caiden
1,Jeyson
1,Jezhua
1,Jhace
1,Jhareed
1,Jharren
1,Jhaydan
1,Jhomie
1,Jhoniel
1,Jhoshua
1,Jhromaine
1,Jhunythun
1,Jhuvann
2,Jia
1,Jiahao
1,JiaLiu
5,Jian
1,Jibrael
3,Jibreel
2,Jibril
1,Jigar
1,Jikai
1,Jim
5,Jimmy
1,Jin
1,Jiovani
1,Jireh
1,Jitin
1,Jiwon
1,Jiyong
1,Joachim
2,Joah
1,João
13,Joaquin
1,Joaquinn
2,Joas
2,Joban
1,Jobe
1,Joben
1,Joden
6,Joe
48,Joel
1,Joelan
1,Joem
1,Joesiah
6,Joey
7,Johan
3,Johann
102,John
7,Johnathan
1,Johnathen
2,Johnathon
1,John-Geremee
1,John-Luke
7,Johnny
1,Johnsen
1,Johnsiah
1,Johnson
1,Johnveer
1,John-Walter
1,Jojef
1,Jomar
5,Jon
35,Jonah
19,Jonas
1,Jonás
73,Jonathan
1,Jonathan-Jace
3,Jonathon
4,Jones
1,Joost
1,Jora
1,Jorawar
66,Jordan
2,Jordon
1,Jordy
1,Jor-El-Josh
1,Joren
1,Jorény
3,Jorge
1,Jorgen
6,Jose
2,José
1,Josea
1,Josef
86,Joseph
1,Joseph-Taylor
1,Joseph-Wilson
8,Josh
117,Joshua
1,Joshua-Christopher
1,Joshua-Radcliff
28,Josiah
1,Josny
1,Josoe
1,Joss
1,Jossiah
1,Josten
1,Josué
2,Jotham
1,Jotveer
1,Joud
1,Jourdan
2,Journey
6,Jovan
1,Joven
1,Jovi
1,Jovie
1,Jovin
1,Jozef
1,Jrane
1,Jrayden
1,Jreyden
1,Jreyton
5,Juan
1,Juan-Diego
1,Juanfelipe
28,Judah
1,Judd
61,Jude
1,Judea
1,Judson
1,Jugaad
1,Jugaadh
4,Jujhar
3,Jules
37,Julian
7,Julien
1,Julio
6,Julius
1,Julius-Tanner
1,Jullian
1,Julyen
1,Jumel
2,Jun
1,Junai
1,Junbo
1,Junhan
1,Junichi
1,Junior
1,Junus
6,Justice
24,Justin
1,Justis
1,Jv
1,Kaamil
1,Kaavan
1,Kabal
2,Kabeer
1,Kabilan
8,Kabir
1,Kabre
4,Kace
2,Kacen
1,Kacen-Matthew
1,Kaceton
1,Kacey
2,Kacper
43,Kade
1,Kadem
44,Kaden
1,Kado
1,Kadrian
1,Kadyn
1,Kaeci
1,Kaedan
1,Kaede
11,Kaeden
13,Kael
1,Kaël
2,Kaelen
1,Kaelin
2,Kaelum
1,Kaenoy
1,Kaeson
5,Kage
1,Kagen
1,Kahaan
1,Kahil
1,Kahill
1,Kahir
1,Kahl
1,Kahle
1,Kahreem
55,Kai
1,Kaid
42,Kaiden
1,Kaiden-James
2,Kaidyn
1,Kaijun
3,Kail
2,Kailen
4,Kain
1,Kainan
3,Kaine
2,Kainen
1,Kaino
1,Kaiondre
1,Kairav
1,Kairick
1,Kaisean
2,Kaiser
2,Kaison
1,Kaitai
5,Kaito
3,Kaius
1,Kaiwen
1,Kaiyo
1,Kaize
2,Kaizen
1,Kaizlee
1,Kaizyk
1,Kajen
1,Kakwa
1,Kal
1,Kalab
1,Kaladin
2,Kalan
1,Kaldor
15,Kale
1,Kaleabe
41,Kaleb
1,Kaleb-Adam
1,Kaled
1,Kalem
4,Kalen
1,Kalev
1,Kalid
2,Kalix
1,Kallen
5,Kallum
3,Kalum
1,Kalvin
1,Kalyx
2,Kamal
2,Kamden
1,Kamdyn
3,Kameron
1,Kamil
1,Kamran
1,Kamryn
1,Kanaan
1,Kanad
1,Kanbang
16,Kane
1,Kanen
1,Kanenen
1,Kanin
2,Kannon
1,Kanoe
1,Kanon
1,Kanu
2,Kanwarpreet
1,Kanyn
2,Karam
1,Karamveer
2,Karan
1,Karanjot
3,Karanveer
1,Karar
1,Karbyn
1,Karder
12,Kareem
1,Karill
7,Karim
7,Karl
1,Karlen
1,Kãrlis
2,Karman
1,Karmpreet
1,Karric
1,Karsen
11,Karson
2,Karsten
1,Karstyn
1,Karsyn
1,Kartaab
1,Kartell
23,Karter
1,Kartik
1,Kartikay
1,Karver
1,Kary
1,Karzin
1,Kaschton
6,Kase
10,Kasen
2,Kasey
16,Kash
1,Kashaf
1,Kashden
1,Kashin
2,Kashis
1,Kashten
2,Kashtin
4,Kashton
1,Kashtyn
1,Kasian
1,Kasim
1,Kasius
9,Kason
3,Kasper
2,Kassem
2,Kassian
3,Kato
1,Kautai
1,Kautik
1,Kavan
1,Kaven
1,Kavin
1,Kay
1,Kayan
1,Kaycee
1,Kayd
1,Kaydan
52,Kayden
1,Kaydin
1,Kaydo
1,Kaydron
1,Kayell
2,Kayl
1,Kaylai
2,Kayle
2,Kayleb
2,Kaylem
2,Kaylen
1,Kaylub
2,Kaylum
8,Kayne
2,Kaynen
1,Kayse
9,Kaysen
1,Kaysin
8,Kayson
1,Kayzen
1,Kazim
1,Kazimir
1,Kazmir
1,Kazpur
3,Keagan
1,Keahi
1,Kealan
2,Kean
3,Keane
1,Keanne
2,Keanu
1,Kearlex
1,Keaston
1,Keatin
1,Keatley
18,Keaton
1,Kech
1,Keeden
24,Keegan
1,Keeghan
1,Keen
13,Keenan
1,Keenin
1,Keenyn
1,Keeton
1,Kehew-Iyiniw
1,Kehgan
1,Kei
1,Keian
1,Keiden
1,Keiffer
1,Keigan
1,Keiji
1,Keil
2,Keilan
1,Keillan
2,Keiran
1,Keirson
1,Keiten
12,Keith
1,Kelab
2,Kelby
1,Kelcy
1,Kelden
1,Kel-El
22,Kellan
4,Kellen
1,Keller
1,Kellin
2,Kelly
1,Kelsey
1,Kelson
1,Kelten
6,Kelton
1,Kelven
4,Kelvin
1,Kelyn
1,Kemp
1,Kemper
2,Ken
1,Kena
4,Kenan
1,Kenawak
1,Kendall
1,Kendell
2,Kendric
11,Kendrick
1,Kendrick-Jacob
2,Kendrix
3,Kenji
2,Kenley
4,Kennedy
17,Kenneth
1,Kennith
1,Kennley
1,Kenny
1,Kenshin
2,Kent
1,Kenta
1,Kentaro
1,Kentley
2,Kenton
2,Kentyn
1,Kenyon
1,Kenzie
1,Kenzo
1,Keon
3,Kerem
1,Keroles
1,Kerrin
1,Kerrishneth
1,Kerry
1,Kesar
2,Keshav
1,Keshon
8,Kesler
1,Kesley
1,Kessel
4,Kessler
1,Kestin
2,Keston
1,Kestyn
1,Ketan
26,Kevin
1,Kewitin
1,Keyan
1,Keyano
1,Keynaan
1,Kgotso
1,Khafid-Gbolahan
1,Khai
1,Khailan
1,Khale
5,Khaled
1,Khaleel
1,Khalel
8,Khalid
6,Khalil
1,Khamla
1,Khang
1,Kharter
1,Khattab
1,Khayelihle
1,Khilo
1,Khimo
2,Khizar
1,Kholton
1,Khris
1,Khristian
1,Khrystos
2,Khushdeep
1,Khushdil
1,Khy
1,Khyan
2,Khyle
1,Khylin
1,K'i
1,Kiaan
1,Kiami
23,Kian
3,Kidus
4,Kiedis
3,Kiefer
2,Kiel
17,Kieran
1,Kierdan
1,Kieryn
1,KiiyosaahKomapii
4,Killian
1,Kilyane
1,Kimble
1,Kimi
1,Kinan
6,King
8,Kingsley
1,Kingsmere
29,Kingston
1,Kinnin
1,Kinsley
1,Kipawa
1,Kipling
2,Kipp
1,Kipten
1,Kipton
6,Kiptyn
3,Kiran
1,Kirat
1,Kireese
1,Kirem
1,Kiren
1,Kirik
1,Kirk
1,Kirrem
1,Kirtan
1,Kistin
1,Kithan
1,Kixson
1,Kiyan
1,Kiyan-Jhed
1,KJ
1,Klass
2,Klay
1,Klyde
24,Knox
1,Knoxx
1,Knud
1,Koah
1,Koaltin
1,Kobain
1,Koban
1,Kobane
1,Kobby
8,Kobe
1,Kobee
2,Kobi
1,Kobimtochukwu
1,Koby
4,Koda
1,Koda-Joseph
1,Koden
4,Kody
1,Koebe
14,Koen
1,Kohan
17,Kohen
1,Kohenn
1,Kohlson
1,Kohrbin
2,Koji
11,Kolby
3,Kole
2,Koleton
1,Kolson
1,Koltan
3,Kolten
1,Kolter
5,Kolton
1,Komana
1,Konah
1,Konin
3,Konnor
3,Konrad
3,Kooper
1,Kooshan
2,Korban
7,Korben
8,Korbin
1,Korbyn
1,Korey
1,Korku
1,Kort
1,Kory
1,Kosta
1,Kostas
1,Kostin
1,Kotaro
1,Kounitore
1,Koushirou
1,Kovyn
1,Kowen
1,Koy
1,Koyan
1,Koyen
1,Kraig
1,Kraven
1,Kreston
3,Krew
1,Kreydd
3,Kris
6,Krish
2,Krishan
1,Krishaniel
1,Krishav
1,Krishiv
1,Kristan
1,Kristers
7,Kristian
1,Kristjan
2,Kristoff
2,Kristopher
1,Krisztian
1,Krixus
1,Krom
1,Kron
1,Kronos
1,Krosby
1,Kross
1,Kroy
8,Kruz
3,Kruze
1,Krzysztof
1,Kugan
1,Kulvir
1,Kumayl
1,Kundan
1,Kunwarpal
2,Kur
6,Kurt
2,Kurtis
1,Kussa
1,Kuzey
2,Kwabena
1,Kwasi
1,Kyam
1,Kyan
4,Kyden
1,Kydin
3,Kye
3,Kylan
1,Kylar
34,Kyle
3,Kylen
28,Kyler
1,Kyllix-Sean
1,Kylriz
1,Kynan
1,Kyne
1,Kyobe
1,Kypten
1,Kypton
3,Kyran
1,Kyreece
3,Kyren
2,Kyrie
1,Kyron
1,Kyros
1,Kysler
6,Kyson
1,Kyuss
1,LaBron
24,Lachlan
1,Lachsley
1,Ladanian
1,Ladislav
1,Lael
1,Laiden
1,Laiken
2,Laine
2,Laith
1,Lakayo
2,Lake
2,Laken
1,Lakoda
1,Lakshya
1,Lakyn
2,Lamar
1,Lamont
7,Lance
8,Landen
1,Landi
1,Landin
76,Landon
1,Landon-Dakoda
1,Landon-James
1,Landric
1,Landy
3,Landyn
20,Lane
1,Lanny
1,Lansana
1,Lanson
1,Lanz
2,Larry
2,Lars
3,Larson
1,La-Sean
1,Lassale
2,Lathan
1,Lathom
1,Lauchlin
1,Laughlin
2,Laurence
1,Lauton
1,Lavar
1,Lavon
1,Laween
9,Lawrence
8,Lawson
1,Laykan
1,Layken
10,Layne
1,Layth
7,Layton
1,Lazar
1,Lazaro
5,Lazarus
1,Lazerus
1,Lazlo
1,LC
1,Leaf
1,Leam
2,Leandro
1,Leban
1,Ledger
3,Lee
1,Leeam
1,Leeland
1,Leelund
1,Lehi
2,Lei
1,Leiban
9,Leif
1,Leifur
1,Leigh
4,Leighton
8,Leland
1,Lemmy
1,Lemy
1,Lenardo
1,Lenart
11,Lennon
11,Lennox
1,Lenny
2,Lenox
74,Leo
2,Léo
11,Leon
2,Léon
3,Leonard
17,Leonardo
1,Leone
1,Leonel
2,Leonidas
1,Leony
1,Leopold
1,Leopoldo
1,Lerenzo
1,Le-Roi
6,Leroy
1,Les
2,Leslie
2,Lester
1,Leul
1,Leuz
1,Lev
1,Levadon
1,Levan
1,Levéyin
96,Levi
1,Levin
1,Levion
1,Levi-William
3,Levon
1,Levonn
1,Levy
1,Lew
1,Lewi
19,Lewis
2,Lex
2,Lexington
1,Lexton
3,Leyton
1,Leyum
1,Leyvie
309,Liam
1,Liam-Arwin
1,Liam-Marcon
1,Lian
1,Liander
1,Lieb
1,Lieven
1,Likun
1,Limo
135,Lincoln
1,Lincon
21,Linden
2,Lindon
3,Link
3,Linken
4,Linkin
3,Linkyn
1,Lino
1,Linos
1,Linton
5,Linus
1,Lionel
1,Lir
1,Livin
1,Livius
1,Livre
1,Lizandro
4,Llewyn
1,Lloyd
1,Lobsang
1,Loch
16,Lochlan
1,Lochland
3,Lochlann
1,Lochlin
1,Lochlyn
4,Locke
1,Lockland
1,Locklen
3,Locklyn
225,Logan
1,Logen
1,Loghan
3,Loic
2,Loïc
1,Lokapoojan
2,Loken
4,Loki
4,London
1,Lonny
1,Lonwabo
1,Lorean
1,Loren
2,Lorenz
13,Lorenzo
3,Lorne
1,Lou
14,Louis
1,Louis-Joseph
1,Louis-Marie
2,Louka
1,Loukas
1,Lourde
1,Louwrens
2,Lowen
1,Lowin
1,Lowrance
1,Loyal
1,Luai
1,Lubin
4,Luc
36,Luca
2,Lucan
213,Lucas
1,Lucca
3,Lucian
2,Luciano
1,Lucien
2,Lucious
4,Lucius
1,Lufman
1,Luile
6,Luis
24,Luka
41,Lukas
2,Lukasz
148,Luke
1,Lukeni
1,Lukhman
1,Lukus
1,Lukys
1,Lundy
5,Luqman
1,Luther
1,Luthias
1,Luuk
1,Luvanti
1,Luwi
2,Lyam
1,Lykan
5,Lyle
1,Lylen-Reese
1,Lyncoln
6,Lynden
6,Lyndon
1,Lyndon-Lou
1,Lynk
1,Lynken
3,Lynkin
1,Lynkyn
1,Lynn
1,Lynx
2,Lyric
1,Lyrikos
1,Maani
1,Maati
1,Maaz
2,Mac
1,Macalan
1,Macalister
1,Macca
1,Mace
1,Maceo
2,Machar
1,Machen
1,Macin
2,Macintyre
4,Mack
1,Mackeen
5,Mackenzie
1,MacKinnon
3,Macklin
1,Macklyn
1,Macksen
1,Maclain
2,Maclean
1,Macles
1,Macoy
2,Macsen
1,Macxinier
23,Madden
4,Maddex
4,Maddix
3,Maddock
32,Maddox
1,Maddux
1,Maddyn
1,Madhan
1,Madhav
1,Madiba
1,Madiou
1,Madit
2,Madix
1,Madoc
1,Madyx
1,Maël
1,Maeryck
1,Maeryk
1,Magan
8,Magnus
1,Mago
2,Maguire
1,Maha
3,Mahad
1,Mahamed
1,Mahan
3,Mahdi
2,Maher
1,Mahery
1,Mahidhar
1,Mahin
3,Mahir
4,Mahmoud
1,Mahomed
1,Mahtab
1,Mahzuz
4,Majd
1,Majok
1,Mak
5,Makai
1,Makail
1,Makarios
1,Maksas
4,Maksim
2,Maksym
2,Maksymilian
15,Malachi
1,Malachy
1,Malak
5,Malakai
2,Malaki
1,Malakye
14,Malcolm
11,Malek
1,Malick
1,Malick-Fadel
1,Maliek
18,Malik
1,Malikaih
1,Malikye
1,Maliq
1,Malith
1,Malual
1,Malvin
1,Malych
1,Mana
1,Manan
1,Manasseh
1,Manato
2,Manav
1,Mandela
1,Maneet
1,Manjot
1,Mankirt
1,Manley
1,Manmeet
1,Mannat
2,Mannix
6,Manraj
1,Mansour
2,Mansur
1,Mantaar
3,Mantaj
1,Mantra
3,Manuel
1,Manveer
2,Manvir
1,Mar
2,Marat
5,Marc
1,Marcaus
2,Marcel
2,Marcello
1,Marcelo
1,Marcenzo
11,Marco
3,Marcos
67,Marcus
10,Marek
1,Marino
1,Marinos
5,Mario
1,Marion
4,Marius
36,Mark
1,Mark-Jacob
1,Mark-Jayden
1,Markjerris
1,Markkus
4,Marko
1,Markon
1,Markonal
26,Markus
3,Marley
1,Marlo
3,Marlon
1,Marlow
1,Marnix
1,Marquis
1,Marr
1,Marrek
1,Marrick
1,Marshal
21,Marshall
2,Marten
1,Martez
29,Martin
1,Marty
6,Marvin
3,Marwan
1,Marwin
1,Mashaal
198,Mason
1,Massimo
1,Masud
2,Masyn
1,Matan
1,Matas
1,Mateen
31,Mateo
1,Mateus
1,Mateusz
1,Matez
1,Mathan
1,Matheo
1,Mathéo
1,Matheus
9,Mathew
1,Mathewos
1,Mathews
8,Mathias
3,Mathieu
4,Mathis
1,Mathus
1,Mathys
1,Mathyus
8,Matias
1,Matías
1,Matiyas
5,Matt
20,Matteo
1,Mattéo
1,Matteos
3,Matteus
2,Matthan
1,Mattheiu
115,Matthew
9,Matthias
1,Matthieu
1,Matthis
1,Matthys
6,Mattias
1,Matty
1,Matus
1,Matvei
2,Matvey
1,Mauer
1,Maurice
1,Mavallus
53,Maverick
2,Maverik
1,Mavi
3,Mavrick
1,Mavrik
1,Mavryck
80,Max
1,Maxamillion
1,Maxammus
1,Maxavier
3,Maxen
14,Maxim
3,Maxime
8,Maximilian
4,Maximiliano
2,Maximillian
3,Maximo
1,Maximum
32,Maximus
5,Maxon
2,Maxten
1,Maxtin
6,Maxton
54,Maxwell
3,Maxx
1,Maxym
1,Maynard
2,Mayson
4,Mazen
1,Mazin
1,Mazzaroth
1,Mbajoroka
1,Mc
1,McCoy
1,MC-Jerry
2,Mckale
1,McKay
1,McYusef
1,Medal
1,Medryk
3,Mehar
1,Meharbaan
1,Mehargur
1,Mehdi
1,Mehkai
3,Mehmet
1,Mehmoud
1,Mehrad
2,Mehran
1,Mehrsam
1,Mehtaab
5,Mehtab
1,Mehul
1,Mehzar
1,Meiyar
1,Mekai
1,Mekhi
1,Melab
1,Melad
1,Melhem
1,Melokuhle
1,Melson
3,Melvin
1,Melvyn
10,Memphis
1,Memphis-Raynes
1,Mendel
1,Menno
1,Merachi
2,Mercer
1,Merek
1,Merhett
1,Merick
1,Merik
2,Merlin
11,Merrick
1,Merrit
1,Merritt
1,Mert
1,Meryk
1,Mesa
1,Messiah
1,Mewael
1,Meyer
1,Mezmur
1,M'Hamed
1,Mhatéo
1,Mhlave
35,Micah
2,Micaiah
1,Micale
112,Michael
1,MIchael
1,Michael-Roba
1,Michal
4,Micheal
2,Michel
1,Michelangelo
1,Miciaha
2,Mick
4,Mickey
1,Midas
15,Miguel
1,Mihailo
1,Mihran
1,Miikka
3,Mika
2,Mikaeel
7,Mikael
1,Mikah
3,Mikail
3,Mikale
1,Mikey
5,Mikhail
1,Mikhail-Xavier-Joseph
1,Mikiyas
1,Mikko
1,Miklós
1,Mikylo
1,Milad
6,Milan
2,Milano
1,Mile
32,Miles
1,Millan
7,Miller
1,Millerton
1,Mills
15,Milo
1,Min
1,Minassie
1,Mingshu
1,Miracle
2,Mirad
1,Mirage
1,Miranden
1,Mirjiyan
1,Miro
1,Miroslav
1,Mirza
1,Mischa
1,Misha
2,Mitchel
9,Mitchell
1,Moaad
1,Moabin
1,Moawea
1,Modou
1,Moen
2,Mohab
1,Mohailum
8,Mohamad
1,Mohamad-Sobhi
42,Mohamed
1,Mohameddek
32,Mohammad
31,Mohammed
1,Mohammed-Ali
1,Mohan
1,Mohanad
1,Mohaned
1,Mohemed
1,Mohibullah
1,Mohid
1,Moises
1,Mokhtar
2,Momin
1,Monis
1,Monro
2,Montana
1,Montey
3,Montgomery
1,Monzer
1,Monzir
15,Morgan
3,Morris
7,Moses
1,Moshe
1,Mostafa
1,Mouhamad
1,Mouleed
1,Mounir
1,Mousa
1,Moussa
1,Moustapha
1,Mowatt
1,Moyé
1,Moyid
1,Muaad
1,Muad
1,Muammal
1,Muayyad
1,Mubarak
1,Mubeen
1,Mudassir
1,Mudit
1,Muhamad
1,Muhamed
59,Muhammad
1,Muhammed
1,Muhammed-Emin
1,Muhemin
1,Muheng
1,Muhmmad
1,Muiz
1,Muje
1,Munashe
1,Muneef
1,Muntasir
1,Murdoch
2,Murphy
3,Murray
2,Mursal
2,Murtaza
8,Musa
3,Musab
1,Musdaf
15,Mustafa
1,Muuse
1,Muzammil
1,Muzer
1,Muziyyen
1,Myer
1,Myk
44,Myles
2,Mylo
1,Mylor
1,Mylze
1,Myron
1,Naail
1,Naamprataap
1,Naatosiinna
1,Nabai
2,Nabeel
1,Nabhan
1,Nabih
1,Nadab
2,Nadim
1,Nadir
1,Nahel
1,Nahom
1,Nahome
2,Nahum
1,Naitik
1,Najd
1,Najeeb
1,Najem
1,Najib
1,Nakeal
1,Nally
1,Nam
1,Nameesh
1,Nana
1,Nand
1,Nandish
1,Naod
1,Naol
1,Narjodh
1,Naseer
53,Nash
1,Nasir
1,Nasireldin
1,Nason
1,Nasri
3,Nasser
1,Nassim
3,Natan
1,Natay
31,Nate
167,Nathan
7,Nathanael
1,Nathanaël
1,Nathaneil
1,Nathanel
50,Nathaniel
1,Nathan-Prince
3,Nathen
4,Natnael
1,Natnale
1,Nattai
1,Naufal
1,Nauman
1,Navahe
1,Navan
1,Navarre
1,Navbir
1,Naveed
3,Naveen
2,Navraj
1,Navrajinder
1,Navy
1,Nayael
1,Nayal
1,Nayan
1,Nayel
1,Nayil
1,Nazareth
1,Nazareus
1,Nazier
1,Neal
1,Neamen
1,Neason
2,Neel
1,Neer
5,Nehemiah
1,Nehshon
11,Neil
1,Neizan
1,Nekeito
1,Nekena
1,Neklaus
1,Nekoda
1,Nekohsis
1,Nekolaij
5,Nelson
2,Neo
1,Nero
1,Netan
1,Nevaeh
4,Nevan
1,Nevik
1,Nevillo
1,Nevin
2,Neymar
1,Neyo
1,Neziah
1,Ngor
1,Ngot
5,Niall
1,Niam
2,Nicco
1,Niccolo
1,Nichol
1,Nicholai
63,Nicholas
1,Nicholie
5,Nick
1,Nickan
1,Nickeless
4,Nicko
4,Nickolas
2,Nickson
1,Niclas
13,Nico
2,Nicodemus
3,Nicolai
29,Nicolas
1,Nicollò
1,Nicolo-Owen
1,Niel
3,Nigel
3,Nihaal
6,Nihal
1,Nihit
1,Nikaan
1,Nikaih
2,Nikalus
1,Nikesh
4,Nikhil
2,Nikita
4,Nikko
1,Niklaas
1,Niklas
1,Niklaus
1,Niklause
5,Niko
2,Nikola
9,Nikolai
12,Nikolas
1,Nikos
1,Nikosis
1,Niño
1,Niraj
1,Nirav
1,Nirmal
1,Nirvair
3,Nirvan
1,Nisarg
1,Nishan
1,Nissim
1,Nithal
1,Nithin
4,Nixen
65,Nixon
1,Nixxon
1,Nixyn
1,Nizaash
1,Nizar
1,Nnamdi
1,Noa
223,Noah
1,Noah-Tristan
1,Noam
1,Nobel
9,Noel
1,Noha
1,Noham
98,Nolan
1,Nolawi
1,Nolen
1,Nolin
1,Noman
1,Nomare
1,Nooh
1,Noon
4,Norman
1,Normunds
1,North
1,NorthernSky
1,Noumane
1,Nour
1,Nourieel
1,Nourin
1,Nouvel
1,Nova
3,Novak
1,Novic
1,Nowetsky
1,Nqabenhle
1,Nsenga-Kibwe
1,Nuh
1,Nusael
1,Nuuree
1,Nuwi
1,N'Wezito
2,Nyjah
1,NyJah
1,Nykolai
2,Nykolas
1,Nyth
1,Nyxan
2,Oak
1,Oakland
1,Oaklen
8,Oakley
1,Oaklin
2,Obadiah
1,Obehi
1,Obumneme
1,Ochlan
2,Octavian
1,Octavious
3,Octavius
1,Oday
24,Odin
1,Odynn
1,Ojas
1,Okeri
1,Ola
1,Olafemi
1,Olamide
1,Olamilekan
2,Olan
1,Ole
1,Olek
1,Olekxandr
1,Oli
2,Olin
216,Oliver
3,Olivier
1,Oliyan
3,Ollie
1,Ollin
1,Ollivander
1,Olson
1,Oluebube
1,Oluwadamifunre
1,Oluwadare
2,Oluwademilade
1,Oluwafolawemi
1,Oluwakorede
1,Oluwashina
2,Oluwatobi
1,Olyn
1,Olyver
2,Om
40,Omar
1,Omeed
6,Omer
1,Omid
1,Omorefe
1,Omosefe
1,Omran-Agha
1,Omri
1,Ondrej
3,Onyx
1,Onyxx
1,Opsahl
4,Oren
1,Ori
1,Orian
4,Orin
9,Orion
1,Orlan
1,Orlando
1,Orley
2,Orrin
3,Orson
1,Orville
1,Osaogie
1,Osayuware
36,Oscar
1,Oseas
1,Oshae
1,Osias
2,Osiris
4,Oskar
1,Ostap
2,Osten
1,Osvalds
1,Oswald
1,Oswaldo
1,Otis
1,Otja
6,Otto
1,Ottoniel
1,Owain
1,Owais
1,Owel
164,Owen
1,Owon
2,Owyn
1,Oyeleke
1,Ozias
1,Ozzy
2,Pablo
2,Palmer
1,Panadura
1,Panav
2,Pancho
1,Panos
1,Param
1,Paramveer
2,Paras
1,Parees
1,Paris
1,Paritosh
1,Parke
103,Parker
5,Parks
1,Parmveer
1,Parmvir
3,Parsa
1,Parshant
1,Parson
1,Partap
1,Partapveer
1,Parth
2,Pascal
1,Paskal
51,Patrick
2,Patrik
1,Patryk
22,Paul
1,Paul-Henri
1,Paulitto
1,Paul-Junior
2,Paulus
1,Pavel
1,Pavle
1,Pavnoor
1,Pawanvir
1,Paxon
17,Paxton
1,Paycen
1,Payson
6,Payton
1,Paytrus
1,Pazel
2,Pearce
2,Pedro
1,Pei
1,Penn
3,Percy
1,Perry
2,Perseus
2,Petar
1,Pete
48,Peter
1,Peteram
1,Peterzen
3,Petros
1,Petrus
1,Peyson
12,Peyton
1,Pfeiffer
3,Phelan
1,Phelix
1,Phil
8,Philip
1,Philippe
7,Phillip
2,Phinehas
1,Phinneus
17,Phoenix
1,Phong
1,Phuc
12,Pierce
2,Piercen
1,Piercyn
1,Pierre
1,Piers
3,Pierson
1,Piersyn
1,Piitaikisoom
1,Pitch
1,Piyara
14,Porter
1,Prabhdeep
1,Prabhekam
2,Prabhjot
1,Prabhkirat
1,Prabhreet
1,Prabhroop
1,Prabhuraj
1,Prabsharan
1,Prabsimar
1,Pradesh
1,Prajeesh
1,Pranshav
1,Pranvat
1,Prashanna
1,Prateek
3,Pratham
1,Pratik
1,Pratt
1,Pratyush
1,Praveen
1,Pravir
1,Prayan
3,Presley
1,Preslin
38,Preston
9,Prince
1,Prince-Isaac
1,Princeton
1,Prinz
1,Prish
1,Pritish
1,Provost
2,Pryce
1,Ptolemy
1,Purnayan
1,Pyriel
2,Qahir
1,Qais
1,Qambarali
1,Qasim
1,Qays
1,Qian
1,Qing
1,Qismat
1,Quade
1,Quark
1,Quendel
8,Quentin
1,Quetzal
1,Quincy-James
1,Quinlan
26,Quinn
1,Quinnal
4,Quinten
3,Quintin
1,Quinto
8,Quinton
1,Quintus
2,Quintyn
2,Qusai
1,Qusay
1,Raahim
1,Raanesh
1,Rabib
1,Radek
1,Raden
1,Radly
2,Radwan
2,Rae
1,Raedan
1,Raeden
14,Rafael
1,Rafay
1,Rafe
1,Raffael
1,Raffaele
1,Raffi
1,Rafi
1,Ragan
2,Raghav
1,Ragnar
1,Rahaan
1,Rahib
2,Rahim
15,Raiden
1,Raider
1,Raidin
1,Raif
1,Raijodh
1,Raily
2,Rain
1,Raine
1,Rainer
1,Raithe
1,Raiver
1,Raizen
1,Raizo
2,Rajan
2,Rajveer
1,Rajvir
1,Rakan
1,Rakshan
1,Rakshith
11,Ralph
1,Ralston
2,Ram
2,Ramadan
1,Ramee
1,Ramesh
2,Rami
1,Ramis
1,Ramjot
1,Ramone
1,Ramsay
1,Ramsey
1,Ranak
1,Ranald
2,Ranbir
1,Randall
1,Randeep
1,Randon
5,Randy
2,Raniel
1,Ranjan
1,Ranjodh
1,Ranniel
1,Rannveer
1,Ransom
3,Ranveer
1,Ranvijay
1,Ranvith
9,Raphael
1,Raphaël
1,Rapneet
1,Rashad
1,Rashadat
1,Raslin
1,Ratanveer
2,Raven
1,Ravi
1,Raviansh
1,Ravit
1,Ravjot
1,Rawi
1,Rawson
1,Rawy
6,Ray
1,Rayaan
20,Rayan
2,Rayansh
8,Rayden
1,Raydon
1,Rayen
1,Rayfield
3,Rayhan
1,Rayin
4,Raylan
2,Rayland
1,Rayleigh-Mark
2,Raymon
12,Raymond
1,Rayn
1,Rayne
1,Rayshawn
1,Rayson
1,Rayven-Rafael
1,Rayvhen
9,Rayyan
1,Razan
1,Razzen
1,Reagan
2,Real
1,Rean
1,Redding
1,Redon
12,Reece
1,Reech
21,Reed
2,Reegan
1,Rees
2,Reese
2,Reeve
1,Regan
1,Reggie
1,Reginald
2,Rehan
1,Rehmat
1,Reichert
45,Reid
1,Reign
1,Reihl
1,Reiji
1,Reiley
2,Reilly
1,Reimer
1,Reithan
1,Remco
5,Remi
8,Remington
1,Remo
7,Remy
1,Rémy
1,Ren
1,Renan
1,Renas
1,Renault
2,Rene
1,René
1,Renesh
1,Renier
2,Renner
1,Rennik
1,Rennin
1,Rentaro
2,Renzo
1,Reo
2,Reon
1,Reuban
3,Reuben
1,Reu'ven
1,Revdyn
4,Rex
1,Reyansh
1,Reyhan
1,Reymark
1,Reynard
1,Rhael
1,Rhain
1,Rhen
1,Rhet
34,Rhett
1,Rhom
3,Rhyder
1,Rhyker
2,Rhylan
36,Rhys
2,Rhyss
1,Riaan
1,Riad
2,Rian
1,Riansh
3,Ricardo
1,Ricarlisle
20,Richard
1,Richie
1,Richter
1,Rick
5,Ricky
1,Rico
4,Ridge
2,Ridwan
1,Riel
1,Ries
1,Rig
1,Rigdin
1,Riggs
1,Rihab
1,Rihan
2,Riiny
1,Rijul
1,Rik
1,Riker
86,Riley
1,Ringo
1,Rio
1,Rion
1,Riot
1,Ripken
1,Risay
1,Rishaan
1,Rishabh
1,Rishay
1,Rishen
4,Rishi
1,Rishik
1,Rishiv
1,Risto
1,Risvithan
1,Ritam
2,Rivan
10,River
1,Rixten
1,Rixtonn
1,Riyaan
2,Riyan
1,Riyansh
1,Riyasat
2,Riyon
1,Rizwan
1,RJ
1,Rmjot
1,Roald
5,Roan
1,Roark
4,Robbie
2,Robel
34,Robert
3,Roberto
1,Robertson
3,Robin
1,Robson
5,Rocco
1,Roch
1,Rock
1,Rocket
1,Rockland
1,Rocklen
4,Rocky
1,Roczen
1,Rod
1,Roderick
2,Rodney
2,Rodolfo
2,Rodrigo
1,Rodwin
1,Rody
2,Roen
6,Rogan
1,Rogen
5,Roger
1,Rogue
1,Rohaan
12,Rohan
1,Rohen
1,Rohin
1,Rohinish
1,Rohlan
1,Rohnen
1,Rojan
1,Rojon
1,Roktim
1,Rolan
7,Roland
1,Rollen
1,Roma
36,Roman
2,Romano
1,Rome
1,Romelo
8,Romeo
1,Roméo
1,Romi
1,Romilo
2,Ron
3,Ronak
3,Ronald
22,Ronan
1,Rónán
20,Ronin
1,Ronit
1,Ronith
1,Ronmarc
1,Ronnemus
1,Ronnie
1,Ronon
1,Ronyn
1,Rooba
1,Roper
19,Rory
2,Roshan
4,Ross
38,Rowan
1,Rowdy
1,Rowe
6,Rowen
1,Rowin
1,Rowyn
1,Roxas
1,Roxton
7,Roy
1,Royal
9,Royce
1,Rrezon
1,Ruairi
2,Ruari
1,Rubangakene
3,Ruben
1,Ruble
1,Rudjohn
1,Rudolf
2,Rudra
2,Rudy
1,Rudyard
1,Rueben
1,Rufus
2,Ruger
1,Ruhaan
1,Ruhshaan
1,Rui
1,Rune
1,Ruon
3,Rupert
1,Rush
1,Rushaan
1,Ruslan
12,Russell
1,Rustam
2,Rustin
1,Rusty
1,Rutva
1,Rvhin-John
1,Rwenz
1,Ryal
107,Ryan
1,Ryanjot
1,Ryann
1,Rydel
3,Ryden
82,Ryder
1,Rye
1,Ryes
1,Ryikir
2,Ryken
1,Rykent
89,Ryker
1,Rykiel
1,Rykus
54,Rylan
13,Ryland
2,Ryle
5,Rylee
9,Rylen
2,Ryler
1,Ryles
11,Ryley
1,Rylin
1,Rylly
1,Ryne
1,Ryo
2,Ryott
1,Ryson
1,Ryu
1,Ryus
2,Saad
1,Sa'ad
1,Saadat
1,Sabah
1,Sabarish
1,Saber
1,Sabih
1,Sabir
3,Sachin
1,Sadeeq
1,Sadra
1,Saeed
2,Safi
6,Safwan
1,Sagan
10,Sage
1,Sahaj
1,Sahal
4,Sahej
9,Sahib
2,Sahibbir
1,Sahibdeep
1,Sahibditt
2,Sahibjeet
1,Sahibjit
1,Sahibjot
1,Sahibpreet
1,Sahibveer
5,Sahil
1,Sahir
4,Saif
1,Saim
1,Saint
1,Sajed
1,Sajeethan
1,Sajid
1,Sakariya
1,Sakaviye
1,Sakiusa
1,Salaal
1,Salahuddin
1,Salahudeen
1,Saleem
2,Saleh
2,Salem
7,Salman
1,Salvatore
21,Sam
1,Samakaab
1,Samaleh
1,Saman
7,Samar
1,Samarjot
1,Samarpan
1,Samarr
2,Samarth
1,Sameep
3,Sameer
6,Sami
1,Samik
2,Samir
1,Samit
1,Sammie
1,Sammuel
2,Sammy
1,Sampson
1,Samraddh
2,Samrath
11,Samson
1,Samual
1,Samuale
160,Samuel
1,Samuël
1,Samuel-Alexandre
1,Samuelle
1,Samuli
1,Sanat
1,Sanchit
1,Sander
1,Sandro
1,Sanga
1,Sanjay
1,Sanjil
1,Sankaar
1,Sanmeet
1,Santhosh
12,Santiago
1,Sanu
1,Sanyi
1,Sarbnoor
1,Sardor
1,Sari
2,Sarim
1,Saroop
1,Sarosh
1,Sarovar
2,Sarthak
1,Sarvin
1,Sasha
1,Sasmit
1,Sasuke
1,Sasvikan
1,Saswath
1,Sato
2,Satvik
1,Satyam
1,Saud
3,Saul
2,Saurav
1,Savio
1,Savroop
2,Savvas
1,Sawlah
81,Sawyer
4,Saxon
1,Saxsan
1,Saxton
1,Sayed
1,Sayer
1,Sayfaan
1,Sayph
1,Sayre
1,Sayth
1,Sayyed
16,Scott
1,Scotty
1,Scout
6,Seamus
10,Sean
1,Seán
1,Seanex
1,Season
65,Sebastian
1,Sebastián
5,Sebastien
1,Sebastion
1,Sedrick
1,Seeley
1,Sefeen
1,Segan
3,Sehaj
1,Sehajdeep
1,Sehajveer
1,Sehajvir
1,Seifeddin
1,Seim
1,Selam
1,Selim
1,Semih
1,Semreab
1,Sena
1,Senai
1,Seneth
1,Sengpanya
1,Senul
1,Seonghyun
1,Seongju
2,Sepehr
1,Serge
1,Servando
52,Seth
1,Sethin
1,Seven
1,Sevin
1,Sevstian
3,Seyed
1,Seyran
1,Shaan
1,Shaanav
1,Shabd
1,Shaddix
1,Shade
1,Shadi
1,Shadrack
1,Shadyx
1,Shafiq
1,Shahaabudin
1,Shahbaz
2,Shaheer
1,Shahin
1,Shahrose
1,Shahzaib
1,Shahzain
1,Shaikh
1,Shail
1,Shailen
1,Shalom
1,Shams
1,Shamus
14,Shane
1,Shangchen
1,Shannon
1,Sharbel
1,Sharlon
4,Shaun
5,Shaurya
1,Shawkat
5,Shawn
1,Shawnan
1,Shay
1,Shayan
1,Shayden
1,Shazil
7,Shea
1,Sheamus
1,Shean
1,Shehab
1,Shehbaaz
1,Sheikh
5,Sheldon
1,Shema
1,Shenal
1,Shenouda
1,Shepherd
1,Sheppard
1,Sher
2,Shiloh
1,Shin
1,Shine
1,Shiqin
2,Shiraz
1,Shishay
2,Shiv
1,Shivaang
3,Shivam
3,Shivansh
1,Shiven
1,Shivraj
3,Shlok
1,Shoma
1,Shon
1,Shreyan
1,Shreyank
1,Shreyansh
1,Shreyash
1,Shubh
1,Shubhtej
1,Shuja
1,Shureed
2,Shyne
1,Si
1,Sid
1,Sidak
6,Siddharth
1,Sidharth
1,Sidi
1,Sidney
1,Sieffre
2,Siem
1,Siessa
1,Sihath
48,Silas
1,Silis
1,Silvio
1,Simata
1,Simeon
43,Simon
1,Simon-Nyang
1,Simun
1,Simyon
2,Sina
1,Singh
1,Sirage
1,Siraj
1,Sirius
1,Sirtaj
1,Sisi
1,Sithum
1,Sitota
1,Siva
1,Siyar
1,Sky
2,Skyden
7,Skylar
14,Skyler
7,Slade
1,Slate
1,Slater
1,Slator
2,Slayde
1,Sleman
1,Sloak
1,Sloan
4,Smith
1,Sobata
1,Sobhun
1,Sofian
1,Sofonias
1,Sohail
1,Sohraab
12,Solomon
1,Soloolo
1,Somil
1,Somtochukwu
1,Sondré
3,Sonny
1,Soohyun
2,Sora
17,Soren
1,Sören
1,Sorin
1,Sota
1,Souhail
1,Souleyman
1,Soyosh
38,Spencer
1,Spencer-Luc
1,Spirit
1,Spur
2,Sri
1,Sricharan
1,Srihari
1,Srithik
1,Sriyaansh
1,Stan
17,Stanley
1,Stanton
1,Stark
1,Stas
2,Stavros
4,Steele
8,Stefan
1,Steffan
1,Stephan
14,Stephen
16,Sterling
1,Stetsen
6,Stetson
2,Steve
17,Steven
1,Stilez
3,Stirling
1,Stone
1,Storm
2,Stran
2,Stratton
1,Strauss
1,Strife
1,Strome
1,Stryder
1,Stryker
1,Stuart
1,Styler
1,Subhaan
5,Subhan
2,Sudais
1,Sufyaan
2,Sufyan
2,Suhaib
1,Suhas
1,Suheb
2,Suheyb
1,Suheyli
1,Sujit
1,Sukha
1,Sukhjot
1,Sukhkirat
1,Sukhman
1,Sukhmandeep
1,Sukhmanvir
1,Sukhnoor
1,Sukhraj
1,Sukhveer
1,Sukraat
2,Sulaiman
1,Sulayman
2,Suleyman
1,Suliman
20,Sullivan
1,Sultaan
1,Sumeir
1,Summit
1,Summytt
1,Sun
1,Sunnery
2,Sunny
1,Suraj
3,Sutton
1,Sven
1,Swaka
1,Swarit
1,Swornim
2,Sydney
11,Syed
1,Sylar
7,Sylas
1,Sylise
1,Sylvain
1,Sylvester
1,Symon
2,Syrus
1,Syver
1,Szymon
1,Taaniel
1,Taavi
1,Tadence
1,Tadeo
1,Tadeusz
1,Tae-Han
1,Taevian
2,Taevin
11,Taha
1,T'aha
1,Taher
1,Tahir
2,Tai
1,Taim
1,Taio
1,Taiseer
1,Tait
1,Taiton
1,Taizen
1,Taj
1,Tak
1,Takeo
1,Takoda
1,Takota
1,Takuma
2,Talan
1,Talem
4,Talha
1,Talic
2,Talin
1,Tallen
1,Talmadge
9,Talon
1,Talyn
1,Tamim
1,Tanaka
1,Tanay
1,Tani
1,Tanish
1,Tanishq
27,Tanner
1,Tannon
1,Tanny
3,Tanveer
1,Tanvir
3,Taran
1,Tarandeep
2,Tarek
2,Taren
1,Tarhan
2,Tarik
1,Tariq
1,Taron
1,Taso
18,Tate
1,Tateum
9,Tatum
1,Tauheed
1,Tavanhmay
1,Tavaris
1,Tave
1,Taven
1,Tavian
3,Tavin
2,Tavis
2,Tavish
1,Tavon
1,Tawongaishe
1,Tawsif
1,Tayce
2,Tayden
1,Taydon
1,Taylen
20,Taylor
1,Taylos
1,Taymour
1,Tayo
1,Taysen
1,Tayshaun
1,Tayshawn
1,Taysom
3,Tayson
1,Tayt
2,Tayte
1,Tayten
2,Tayton
1,Taytum
3,Tayven
1,Tayvin
1,Tayyab
1,Tayzen
1,Taz
1,Tazwah
1,TC
1,Tchouane
6,Teagan
1,Ted
1,Tedd
2,Teegan
2,Tegan
1,Teghbir
1,Teghveer
1,Tegjas
1,Tegveer
1,Tehseen
1,Teigan
1,Teiyo
1,Tej
1,Tejas
1,Tejbir
1,Tejveer
2,Tejvir
1,Tek
1,Telvin
1,Temitayo
1,Temituoyo
1,Temple
1,Temrdhuj
1,Tendekai
1,Tennley
2,Tennyson
1,Tenor
4,Tenzin
1,Tenzing
1,Teo
1,Teodor
1,Teodore
2,Terence
1,Terez
1,Terimbere
1,Ternence
2,Terrance
1,Terrell
1,Terren
1,Terrence
1,Terrick
1,Terrin
3,Terry
1,Tesla
1,Tesloach
1,Tevin
1,Thade
2,Thane
3,Thanos
1,Thanuja
1,Tharin
1,Tharren
1,Tharun
5,Thatcher
1,Thaxter
1,Thayer
1,Thegon
1,Theiji
1,Theio
18,Theo
1,Théo
1,Theodie
73,Theodore
1,Théodore
1,Theologis
1,Theon
10,Theoren
1,Théoren
1,Therien
4,Theron
1,Therrian
1,Theva
1,Thiago
2,Thierno
1,Thom
114,Thomas
1,Thomson
1,Thon
6,Thor
8,Thorin
1,Thorley
1,Thrain
1,Thunder
1,Thunderboy
2,Thurston
1,Thyson
9,Tiago
1,Tiam
1,Tian
1,Tianrui
1,Tiarnán
1,Tiberius
2,Tidus
1,Tiebarius
1,Tiem
3,Tien
1,Tieran
1,Tiernan
1,Tierney
1,Tiesen
1,Tiimo
1,Tiler
2,Tim
1,Timber
1,Timileyin
1,Timmer
2,Timmy
1,Timofey
1,Timon
2,Timotei
25,Timothy
2,Timur
6,Titan
13,Titus
1,Tiyosayi
1,TJ
1,Tj
1,Toban
1,Tobenna
2,Tobey
16,Tobias
1,Tobin
8,Toby
2,Tobyn
1,Todd
1,Tolan
1,Toluwalope
2,Tom
2,Tomas
1,Tomás
1,Tom-Harley
1,Tomi
7,Tommy
1,Tomoya
1,Tomy
1,Tonny
13,Tony
1,Tor
1,Torbjörn
1,Toren
1,Toretto
2,Torin
3,Torren
1,Torrence
1,Torrin
3,Torsten
2,Toryn
1,Tove
1,Tovin
5,Trace
1,Tracen
1,Tracer
1,Track
1,Tracy
1,Trae
1,Traelin
1,Traigh
1,Travae
22,Travis
1,Travys
1,Trayceon
1,Trayson
1,Trayven
1,Tré
1,Treah
1,Tremayne
7,Trent
2,Trenton
1,Trenton-James
1,Trentyn
1,Trésor
1,Treston
1,Trevathan
1,Trevian
1,Trevin
7,Trevor
1,Trevyn
1,Trex
4,Trey
1,Treyden
1,Treydence
1,Treydon
1,Treysen
1,Treyson
2,Treyton
1,Treyvin
1,Tri
1,Trigg
1,Trighton
1,Tri-Minh
1,Trintin
2,Tripp
76,Tristan
1,Tristan-Gerald
1,Tristan-Lee
6,Tristen
2,Tristian
1,Tristin
1,Tristo
1,Tristyn
1,Triton
1,Troaz
11,Troy
1,Troy.
2,Tru
1,True
1,Truett
1,Truman
1,Trustyn
1,Trygg
6,Trystan
1,Trysten
1,Tsewang
27,Tucker
1,Tudor
1,Turhan
1,Turio
5,Turner
18,Ty
1,Tyberias
1,Tyberious
1,Tyberius
1,Tyburious
1,Tyce
3,Tycho
1,Tydis
2,Tye
1,Tyi
1,Tylen
55,Tyler
1,Tylon
1,Tymen
1,Tyquan
1,Tyrannous
1,Tyree
1,Tyreed
1,Tyrel
1,Tyrell
1,Tyren
3,Tyrese
3,Tyrion
1,Tyrique
4,Tyrone
4,Tyrus
1,Tyseer
1,Tysen
1,Tyshawn
44,Tyson
1,Tytan
1,Tyus
1,Tzion
1,Uasora
1,Ubayy
1,Uchechukwu
1,Udaivar
1,Udaiveer
2,Uday
1,Udaypartap
1,Udhay
1,Udhaybir
1,Uel
1,Ugonna
1,Uguak
1,Ulymaru
1,Ulyssies
1,Umair
5,Umar
1,Upraj
13,Uriah
4,Uriel
4,Urijah
3,Usman
1,Utenge-Abasi
1,Uthman
1,Uttam
1,Uways
1,Uzair
1,Uzairuddin
1,Uziel
1,Uzuvira
1,Vaaris
1,Vaden
2,Vadim
1,Vaeden
1,Vaibhav
2,Valen
1,Valentine
1,Valentyn
1,Valin
1,Valor
6,Van
1,Vance
2,Vanden
1,Vandon
2,Vangelis
1,Vann
1,Vansh
1,Vanshaveer
1,Vanson
1,Vardaan
1,Varen
1,Varian
1,Varist
1,Varun
1,Vash
1,Vasili
11,Vaughn
1,Ved
1,Vedang
1,Vedant
3,Veer
1,Velimir
1,Venzuela
3,Vernon
1,Vheer
4,Viaan
1,Vian
1,Vian-Luke
1,Vic
28,Victor
1,Victor-Cornelius
1,Vidip
5,Viggo
1,Vigo
1,Vigshiyan
8,Vihaan
2,Vihan
1,Vikapita
1,Vikram
7,Viktor
1,Vinay
1,Vinayak
1,Vincas
3,Vince
41,Vincent
2,Vincenzo
1,Vineel
1,Vinh
1,Vinson
1,Vinzcristian
1,Viraj
2,Viren
1,Vireneet
2,Virgil
1,Vishak
1,Vishal
1,Vishav
1,Vishnu
1,Vishrudh
1,Vishwdeep
1,Vital
1,Vitalie
2,Vivaan
3,Vivan
1,Vj-Kean
5,Vlad
1,Vladamir
4,Vladimir
1,Vladimire
1,Von
1,Vyan
1,Vyktor
1,Vysakh
1,Waaiz
1,Waays
1,Wabi
1,Wacey
1,Wachirawit
5,Wade
1,Wade-Johnson
1,Wadih
1,Wael
1,Wafe
1,Wajeeh
1,Wajid
1,Wakinyan
1,Walden
1,Waled
2,Waleed
2,Wali
2,Walid
26,Walker
3,Wallace
1,Walt
8,Walter
1,Wan
1,Waquin
1,Warden
4,Waris
4,Warner
8,Warren
1,Wasi
2,Wassim
2,Watson
15,Waylon
3,Wayne
1,Waysen
1,Weiyi
1,Weldon
1,Wellen
1,Wells
1,Wendel
1,Wendell
1,Wentworth
1,Wes
1,Wesam
34,Wesley
1,Wessam
1,Wesseam
6,West
10,Westin
4,Westley
41,Weston
2,Westyn
1,Weylin
1,Whelan
1,Whesley
1,Whizkie-Czar
1,Wiktor
3,Wilder
1,Wildjy
4,Wilfred
1,Wilfredo
6,Wilhelm
7,Will
2,Willem
227,William
1,Willian
1,Willie
3,Willy
7,Wilson
1,Wilton
1,Wind
1,Windy
1,WindyBoy
1,Winslet
12,Winston
1,Winter
2,Wisdom
1,Wolfe
1,Wolferd
4,Wolfgang
1,Wonbin
1,Woobin
1,Wooseong
1,Wray
3,Wren
1,Wriley
130,Wyatt
1,Wyck
1,Wylde
3,Wylie
1,Wylliam
1,Wyne
4,Wynn
1,Wynston
2,Wynton
27,Xander
1,Xandrius
2,Xavi
58,Xavier
1,Xavier-Jay
1,Xaviour
1,Xeighdrey
1,Xenon
3,Xian
1,Xianghe
1,Xiao
1,Xieanne
1,Xin
1,Xxyler
1,Xyber
1,Xyler
1,Xyron
2,Xzavier
1,Yaadbir
1,Yacine
1,Yacob
1,Yacohbo
1,Yacoub
2,Yacqub
1,Yadiel
1,Yael
3,Yafet
2,Yahia
1,Yahiya
1,Yahori
9,Yahya
1,Yahye
1,Yak
1,Yakob
1,Yaman
1,Yanes
1,Yanis
1,Yannic
2,Yannick
1,Yannis
1,Yannis-Andrei
1,Yan-Roel
1,Yàqub
4,Yaseen
2,Yash
1,Yasha
1,Yashnoor
1,Yashraj
4,Yasin
4,Yasir
3,Yassin
1,Yassir
2,Yavuz
4,Yazan
2,Yazeed
2,Yazen
1,Yazid
1,Ye
1,Yeab
1,Yeabsira
1,Yeall
3,Yehya
1,Yel
1,Yeshi
1,Yi
1,YiCheng
1,Yidras
1,Yifan
1,Yihao
1,Yijia
1,Yimeng
1,Yitu
1,Yniego
1,Ynno
1,Yoann
1,Yodh
3,Yoel
1,Yogine
1,Yohaan
1,Yohan
1,Yohance
1,Yohanes
1,Yona
1,Yonah
2,Yonas
1,Yong
1,Yosef
2,Yoseph
1,Yoshi
1,Yoshsua
1,Yossef
1,Youcef
3,Younes
3,Younis
12,Yousef
4,Yousif
6,Youssef
1,Youssif
6,Yousuf
1,Yshmanan
1,Yu
1,Yuan
1,Yubin
1,Yuchan
1,Yuel-Mengisteab-T.
1,Yug
1,Yugan
1,Yuhan
1,Yulian
1,Yumin
1,Yunfeng
1,Yunis
1,Yunus
3,Yuri
1,Yussuf
20,Yusuf
11,Yuvraj
1,Yuwei
1,Yuxi
3,Yves
1,Zabartor
1,Zabdiel
1,Zabit
4,Zac
1,Zacaria
1,Zaccai
2,Zacchaeus
1,Zaccheo
6,Zach
6,Zachariah
1,Zacharias
95,Zachary
4,Zachery
1,Zach-Marvin
7,Zack
1,Zackaria
1,Zackariah
1,Zackariya
10,Zackary
6,Zackery
1,Zackody
1,Zackrey
2,Zade
1,Zaden
1,Zader
1,Zadrian
1,Zaedon
1,Zafir
1,Zahaan
5,Zaid
13,Zaiden
3,Zaidyn
13,Zain
1,Zaineldin
1,Zain-Ul
1,Zainul-Abideen
1,Zain-Ul-Abideen
1,Zaion
1,Zak
1,Zakai
8,Zakaria
1,Zakarin
9,Zakariya
1,Zakary
2,Zaki
2,Zakir
4,Zakk
1,Zakra
1,Zakyalo
1,Zalaan
1,Zalas
1,Zalen
1,Zamar
37,Zander
1,Zandin
1,Zandler
1,Zandrey
34,Zane
2,Zaniel
1,Zanton
1,Zaquari
1,Zarek
1,Zarillious
1,Zarious
1,Zaroon
1,Zavery
1,Zavienne
3,Zavier
1,Zaxxon
2,Zayaan
4,Zayan
8,Zayd
1,Zaydan
19,Zayden
1,Zaydenn
1,Zayed
1,Zayir
7,Zayn
6,Zayne
1,Zayvien
2,Zayyan
1,Zebedee
1,Zebedyah
1,Zebulun
3,Zechariah
1,Zecharius
2,Zed
1,Zeddrik
2,Zedekiah
1,Zedric
1,Zeeshan
1,Zef
1,Zefram
1,Zefyn
1,Zegee
1,Zek
5,Zeke
1,Zen
1,Zenan
1,Zennon
3,Zenon
1,Zeo
2,Zephaniah
1,Zephran
2,Zephyr
1,Zeray
1,Zerek
1,Zerin
1,Zeta
2,Zeth
1,Zethaniel
1,Zevkiel
1,Zhander
1,Zhenxun
1,Zhien
1,Zhihao
1,Zhyriel
2,Zi
2,Ziad
6,Zian
1,Ziaullah
1,Zichen
1,Zidane
1,Zider
1,Ziggy
1,Zijadin
1,ZiJun
1,Zikr
1,Zi-Le
1,Zilkifal
7,Zion
1,ZiQi
1,Zixstein
1,Ziyaad
2,Ziyad
1,Ziyang
1,Ziyou
1,Zoël
2,Zohaib
2,Zohair
1,Zoltán
1,Zoran
2,Zoravar
5,Zorawar
1,Zsean
1,Zseng
2,Zubair
1,Zubin
2,Zuhaib
1,Zuhair
1,Zuhayr
1,Zul-Kifl
2,Zuriel
1,Zyad
1,Zyan
1,Zydan
1,Zylan
1,Zyle
2,Zyler
1,Zylus